[2026-08-25 06:17:05] Starting orchestration script
[2026-08-25 06:17:05] Starting orchestration script
[2026-08-25 06:17:05] Starting orchestration script
[2026-08-25 06:17:05] Script path: /Users/jgafur/LTH/manuscript/Tranfer
[2026-08-25 06:17:05] Script path: /Users/jgafur/LTH/manuscript/Tranfer
[2026-08-25 06:17:05] Script path: /Users/jgafur/LTH/manuscript/Tranfer
[2026-08-25 06:17:05] Current working directory: /Users/jgafur/LTH/manuscript/Tranfer
[2026-08-25 06:17:05] Current working directory: /Users/jgafur/LTH/manuscript/Tranfer
[2026-08-25 06:17:05] Current working directory: /Users/jgafur/LTH/manuscript/Tranfer
[2026-08-25 06:17:05] Phase: generate
[2026-08-25 06:17:05] Phase: generate
[2026-08-25 06:17:05] Phase: generate
[2026-08-25 06:17:05] Output directory: adversarial_results_ep300_pre100
[2026-08-25 06:17:05] Output directory: adversarial_results_ep100_pre300
[2026-08-25 06:17:05] Output directory: adversarial_results_ep200_pre200
[2026-08-25 06:17:05] Model filter: ALL
[2026-08-25 06:17:05] Model filter: ALL
[2026-08-25 06:17:05] Model filter: ALL
[2026-08-25 06:17:05] Dataset filter: ALL
[2026-08-25 06:17:05] Dataset filter: ALL
[2026-08-25 06:17:05] Dataset filter: ALL
[2026-08-25 06:17:05] Attack filter: ALL
[2026-08-25 06:17:05] Attack filter: ALL
[2026-08-25 06:17:05] Attack filter: ALL
[2026-08-25 06:17:05] Kind filter: ALL
[2026-08-25 06:17:05] Kind filter: ALL
[2026-08-25 06:17:05] Kind filter: ALL
[2026-08-25 06:17:05] Run log: /Users/jgafur/LTH/manuscript/Tranfer/logs/adversarial_orchestrate_generate_20260825_061705.log
[2026-08-25 06:17:05] Run log: /Users/jgafur/LTH/manuscript/Tranfer/logs/adversarial_orchestrate_generate_20260825_061705.log
[2026-08-25 06:17:05] qsub command found: /opt/sge/bin/lx-amd64/qsub
[2026-08-25 06:17:05] Run log: /Users/jgafur/LTH/manuscript/Tranfer/logs/adversarial_orchestrate_generate_20260825_061705.log
[2026-08-25 06:17:05] Found submission file: /Users/jgafur/LTH/manuscript/Tranfer/adversarial_hpc_submit.pbs
[2026-08-25 06:17:05] qsub command found: /opt/sge/bin/lx-amd64/qsub
[2026-08-25 06:17:05] qsub command found: /opt/sge/bin/lx-amd64/qsub
[2026-08-25 06:17:05] ============================================================================
[2026-08-25 06:17:05] Found submission file: /Users/jgafur/LTH/manuscript/Tranfer/adversarial_hpc_submit.pbs
[2026-08-25 06:17:05] Found submission file: /Users/jgafur/LTH/manuscript/Tranfer/adversarial_hpc_submit.pbs
[2026-08-25 06:17:05] Adversarial Analysis HPC Orchestration
[2026-08-25 06:17:05] ============================================================================
[2026-08-25 06:17:05] ============================================================================
[2026-08-25 06:17:05] ============================================================================
[2026-08-25 06:17:05] Adversarial Analysis HPC Orchestration
[2026-08-25 06:17:05] Adversarial Analysis HPC Orchestration
[2026-08-25 06:17:05] Phase:       generate
[2026-08-25 06:17:05] ============================================================================
[2026-08-25 06:17:05] ============================================================================
[2026-08-25 06:17:05] Output Dir:  adversarial_results_ep200_pre200
[2026-08-25 06:17:05] Phase:       generate
[2026-08-25 06:17:05] Phase:       generate
[2026-08-25 06:17:05] Models:      6 architectures
[2026-08-25 06:17:05] Output Dir:  adversarial_results_ep100_pre300
[2026-08-25 06:17:05] Datasets:    2 datasets
[2026-08-25 06:17:05] Output Dir:  adversarial_results_ep300_pre100
[2026-08-25 06:17:05] Attacks:     7 attack types
[2026-08-25 06:17:05] Models:      6 architectures
[2026-08-25 06:17:05] Models:      6 architectures
[2026-08-25 06:17:05] Total Jobs:  ~84
[2026-08-25 06:17:05] Datasets:    2 datasets
[2026-08-25 06:17:05] Datasets:    2 datasets
[2026-08-25 06:17:05] ============================================================================
[2026-08-25 06:17:05] Attacks:     7 attack types
[2026-08-25 06:17:05] Attacks:     7 attack types
[2026-08-25 06:17:05] Total Jobs:  ~84
[2026-08-25 06:17:05] Run outputs will be written as txt files in manuscript/Tranfer/
[2026-08-25 06:17:05] Total Jobs:  ~84
[2026-08-25 06:17:05] ============================================================================
[2026-08-25 06:17:05]   - generate:      <MODEL>_<DATASET>_<ATTACK>_<KIND>_generate_run.txt
[2026-08-25 06:17:05] ============================================================================
[2026-08-25 06:17:05]   - analyze:       adversarial_analyze_run.txt
[2026-08-25 06:17:05] Run outputs will be written as txt files in manuscript/Tranfer/
[2026-08-25 06:17:05] Run outputs will be written as txt files in manuscript/Tranfer/
[2026-08-25 06:17:05]   - plot:          adversarial_plot_run.txt
[2026-08-25 06:17:05]   - generate:      <MODEL>_<DATASET>_<ATTACK>_<KIND>_generate_run.txt
[2026-08-25 06:17:05]   - analyze:       adversarial_analyze_run.txt
[2026-08-25 06:17:05]   - generate:      <MODEL>_<DATASET>_<ATTACK>_<KIND>_generate_run.txt
[2026-08-25 06:17:05]   - gradient_sim:  adversarial_gradient_sim_run.txt
[2026-08-25 06:17:05]   - plot:          adversarial_plot_run.txt
[2026-08-25 06:17:05]   - epsilon_sweep: adversarial_epsilon_sweep_run.txt
[2026-08-25 06:17:05]   - analyze:       adversarial_analyze_run.txt
[2026-08-25 06:17:05]   - gradient_sim:  adversarial_gradient_sim_run.txt
[2026-08-25 06:17:05]   - plot:          adversarial_plot_run.txt
[2026-08-25 06:17:05]   - statistics:    adversarial_statistics_run.txt
[2026-08-25 06:17:05]   - epsilon_sweep: adversarial_epsilon_sweep_run.txt
[2026-08-25 06:17:05]   - cka:           adversarial_cka_run.txt
[2026-08-25 06:17:05]   - gradient_sim:  adversarial_gradient_sim_run.txt
[2026-08-25 06:17:05]   - statistics:    adversarial_statistics_run.txt
[2026-08-25 06:17:05]   - epsilon_sweep: adversarial_epsilon_sweep_run.txt
[2026-08-25 06:17:05]   - compare:       adversarial_compare_run.txt
[2026-08-25 06:17:05]   - cka:           adversarial_cka_run.txt
[2026-08-25 06:17:05]   - statistics:    adversarial_statistics_run.txt
[2026-08-25 06:17:05]   - compute_tradeoff: adversarial_compute_tradeoff_run.txt
[2026-08-25 06:17:05]   - compare:       adversarial_compare_run.txt
[2026-08-25 06:17:05]   - cka:           adversarial_cka_run.txt
[2026-08-25 06:17:05]   - correlations:  adversarial_correlations_run.txt
[2026-08-25 06:17:05]   - compute_tradeoff: adversarial_compute_tradeoff_run.txt
[2026-08-25 06:17:05]   - compare:       adversarial_compare_run.txt
[2026-08-25 06:17:05] [PHASE: GENERATE] Submitting attack generation jobs...
[2026-08-25 06:17:05]   - correlations:  adversarial_correlations_run.txt
[2026-08-25 06:17:05]   - compute_tradeoff: adversarial_compute_tradeoff_run.txt
[2026-08-25 06:17:05] [SUBMIT] VGG16/Cifar10/PGD/ALL
[2026-08-25 06:17:05]   - correlations:  adversarial_correlations_run.txt
[2026-08-25 06:17:05] [PHASE: GENERATE] Submitting attack generation jobs...
[2026-08-25 06:17:05] [CMD] qsub -q all.q -l ngpus=1 -v MODEL="VGG16",DATASET="Cifar10",ATTACK="PGD",KIND="ALL",PHASE="generate",OUTPUT_DIR="adversarial_results_ep200_pre200" adversarial_hpc_submit.pbs </dev/null
[2026-08-25 06:17:05] [SUBMIT] VGG16/Cifar10/PGD/ALL
[2026-08-25 06:17:05] [PHASE: GENERATE] Submitting attack generation jobs...
[2026-08-25 06:17:05] [CMD] qsub -q all.q -l ngpus=1 -v MODEL="VGG16",DATASET="Cifar10",ATTACK="PGD",KIND="ALL",PHASE="generate",OUTPUT_DIR="adversarial_results_ep300_pre100" adversarial_hpc_submit.pbs </dev/null
[2026-08-25 06:17:05] [SUBMIT] VGG16/Cifar10/PGD/ALL
[2026-08-25 06:17:06] [CMD] qsub -q all.q -l ngpus=1 -v MODEL="VGG16",DATASET="Cifar10",ATTACK="PGD",KIND="ALL",PHASE="generate",OUTPUT_DIR="adversarial_results_ep100_pre300" adversarial_hpc_submit.pbs </dev/null
[2026-08-25 06:17:12] [OK] VGG16/Cifar10/PGD/ALL
[2026-08-25 06:17:12] [OK] qsub output: Your job 6431352 ("adversarial_hpc_submit.pbs") has been submitted
[2026-08-25 06:17:12] [OK] VGG16/Cifar10/PGD/ALL
[2026-08-25 06:17:12] [OK] qsub output: Your job 6431353 ("adversarial_hpc_submit.pbs") has been submitted
[2026-08-25 06:17:12] [SUBMIT] VGG16/Cifar10/FGSM/ALL
[2026-08-25 06:17:12] [CMD] qsub -q all.q -l ngpus=1 -v MODEL="VGG16",DATASET="Cifar10",ATTACK="FGSM",KIND="ALL",PHASE="generate",OUTPUT_DIR="adversarial_results_ep200_pre200" adversarial_hpc_submit.pbs </dev/null
[2026-08-25 06:17:12] [SUBMIT] VGG16/Cifar10/FGSM/ALL
[2026-08-25 06:17:12] [CMD] qsub -q all.q -l ngpus=1 -v MODEL="VGG16",DATASET="Cifar10",ATTACK="FGSM",KIND="ALL",PHASE="generate",OUTPUT_DIR="adversarial_results_ep300_pre100" adversarial_hpc_submit.pbs </dev/null
[2026-08-25 06:17:19] [OK] VGG16/Cifar10/FGSM/ALL
[2026-08-25 06:17:19] [OK] qsub output: Your job 6431355 ("adversarial_hpc_submit.pbs") has been submitted
[2026-08-25 06:17:19] [SUBMIT] VGG16/Cifar10/IFGSM/ALL
[2026-08-25 06:17:19] [CMD] qsub -q all.q -l ngpus=1 -v MODEL="VGG16",DATASET="Cifar10",ATTACK="IFGSM",KIND="ALL",PHASE="generate",OUTPUT_DIR="adversarial_results_ep200_pre200" adversarial_hpc_submit.pbs </dev/null
[2026-08-25 06:17:22] [OK] VGG16/Cifar10/PGD/ALL
[2026-08-25 06:17:22] [OK] qsub output: Your job 6431354 ("adversarial_hpc_submit.pbs") has been submitted
[2026-08-25 06:17:22] [SUBMIT] VGG16/Cifar10/FGSM/ALL
[2026-08-25 06:17:22] [CMD] qsub -q all.q -l ngpus=1 -v MODEL="VGG16",DATASET="Cifar10",ATTACK="FGSM",KIND="ALL",PHASE="generate",OUTPUT_DIR="adversarial_results_ep100_pre300" adversarial_hpc_submit.pbs </dev/null
[2026-08-25 06:17:23] [OK] VGG16/Cifar10/FGSM/ALL
[2026-08-25 06:17:23] [OK] qsub output: Your job 6431356 ("adversarial_hpc_submit.pbs") has been submitted
[2026-08-25 06:17:24] [SUBMIT] VGG16/Cifar10/IFGSM/ALL
[2026-08-25 06:17:24] [CMD] qsub -q all.q -l ngpus=1 -v MODEL="VGG16",DATASET="Cifar10",ATTACK="IFGSM",KIND="ALL",PHASE="generate",OUTPUT_DIR="adversarial_results_ep300_pre100" adversarial_hpc_submit.pbs </dev/null
[2026-08-25 06:17:30] [OK] VGG16/Cifar10/FGSM/ALL
[2026-08-25 06:17:30] [OK] qsub output: Your job 6431358 ("adversarial_hpc_submit.pbs") has been submitted
[2026-08-25 06:17:30] [SUBMIT] VGG16/Cifar10/IFGSM/ALL
[2026-08-25 06:17:30] [CMD] qsub -q all.q -l ngpus=1 -v MODEL="VGG16",DATASET="Cifar10",ATTACK="IFGSM",KIND="ALL",PHASE="generate",OUTPUT_DIR="adversarial_results_ep100_pre300" adversarial_hpc_submit.pbs </dev/null
[2026-08-25 06:17:30] [OK] VGG16/Cifar10/IFGSM/ALL
[2026-08-25 06:17:30] [OK] qsub output: Your job 6431357 ("adversarial_hpc_submit.pbs") has been submitted
[2026-08-25 06:17:30] [SUBMIT] VGG16/Cifar10/BIM/ALL
[2026-08-25 06:17:30] [CMD] qsub -q all.q -l ngpus=1 -v MODEL="VGG16",DATASET="Cifar10",ATTACK="BIM",KIND="ALL",PHASE="generate",OUTPUT_DIR="adversarial_results_ep200_pre200" adversarial_hpc_submit.pbs </dev/null
[2026-08-25 06:17:35] [OK] VGG16/Cifar10/IFGSM/ALL
[2026-08-25 06:17:35] [OK] qsub output: Your job 6431360 ("adversarial_hpc_submit.pbs") has been submitted
[2026-08-25 06:17:36] [SUBMIT] VGG16/Cifar10/BIM/ALL
[2026-08-25 06:17:36] [CMD] qsub -q all.q -l ngpus=1 -v MODEL="VGG16",DATASET="Cifar10",ATTACK="BIM",KIND="ALL",PHASE="generate",OUTPUT_DIR="adversarial_results_ep100_pre300" adversarial_hpc_submit.pbs </dev/null
[2026-08-25 06:17:39] [OK] VGG16/Cifar10/IFGSM/ALL
[2026-08-25 06:17:39] [OK] qsub output: Your job 6431359 ("adversarial_hpc_submit.pbs") has been submitted
[2026-08-25 06:17:40] [SUBMIT] VGG16/Cifar10/BIM/ALL
[2026-08-25 06:17:40] [CMD] qsub -q all.q -l ngpus=1 -v MODEL="VGG16",DATASET="Cifar10",ATTACK="BIM",KIND="ALL",PHASE="generate",OUTPUT_DIR="adversarial_results_ep300_pre100" adversarial_hpc_submit.pbs </dev/null
[2026-08-25 06:17:41] [OK] VGG16/Cifar10/BIM/ALL
[2026-08-25 06:17:41] [OK] qsub output: Your job 6431361 ("adversarial_hpc_submit.pbs") has been submitted
[2026-08-25 06:17:41] [SUBMIT] VGG16/Cifar10/APGD/ALL
[2026-08-25 06:17:41] [CMD] qsub -q all.q -l ngpus=1 -v MODEL="VGG16",DATASET="Cifar10",ATTACK="APGD",KIND="ALL",PHASE="generate",OUTPUT_DIR="adversarial_results_ep200_pre200" adversarial_hpc_submit.pbs </dev/null
[2026-08-25 06:17:46] [OK] VGG16/Cifar10/BIM/ALL
[2026-08-25 06:17:46] [OK] qsub output: Your job 6431362 ("adversarial_hpc_submit.pbs") has been submitted
[2026-08-25 06:17:46] [SUBMIT] VGG16/Cifar10/APGD/ALL
[2026-08-25 06:17:46] [CMD] qsub -q all.q -l ngpus=1 -v MODEL="VGG16",DATASET="Cifar10",ATTACK="APGD",KIND="ALL",PHASE="generate",OUTPUT_DIR="adversarial_results_ep100_pre300" adversarial_hpc_submit.pbs </dev/null
[2026-08-25 06:17:51] [OK] VGG16/Cifar10/BIM/ALL
[2026-08-25 06:17:51] [OK] qsub output: Your job 6431363 ("adversarial_hpc_submit.pbs") has been submitted
[2026-08-25 06:17:51] [SUBMIT] VGG16/Cifar10/APGD/ALL
[2026-08-25 06:17:51] [CMD] qsub -q all.q -l ngpus=1 -v MODEL="VGG16",DATASET="Cifar10",ATTACK="APGD",KIND="ALL",PHASE="generate",OUTPUT_DIR="adversarial_results_ep300_pre100" adversarial_hpc_submit.pbs </dev/null
[2026-08-25 06:17:53] [OK] VGG16/Cifar10/APGD/ALL
[2026-08-25 06:17:53] [OK] qsub output: Your job 6431364 ("adversarial_hpc_submit.pbs") has been submitted
[2026-08-25 06:17:53] [SUBMIT] VGG16/Cifar10/CW/ALL
[2026-08-25 06:17:53] [CMD] qsub -q all.q -l ngpus=1 -v MODEL="VGG16",DATASET="Cifar10",ATTACK="CW",KIND="ALL",PHASE="generate",OUTPUT_DIR="adversarial_results_ep200_pre200" adversarial_hpc_submit.pbs </dev/null
[2026-08-25 06:17:55] [OK] VGG16/Cifar10/APGD/ALL
[2026-08-25 06:17:55] [OK] qsub output: Your job 6431365 ("adversarial_hpc_submit.pbs") has been submitted
[2026-08-25 06:17:55] [SUBMIT] VGG16/Cifar10/CW/ALL
[2026-08-25 06:17:55] [CMD] qsub -q all.q -l ngpus=1 -v MODEL="VGG16",DATASET="Cifar10",ATTACK="CW",KIND="ALL",PHASE="generate",OUTPUT_DIR="adversarial_results_ep100_pre300" adversarial_hpc_submit.pbs </dev/null
[2026-08-25 06:17:57] [OK] VGG16/Cifar10/APGD/ALL
[2026-08-25 06:17:57] [OK] qsub output: Your job 6431366 ("adversarial_hpc_submit.pbs") has been submitted
[2026-08-25 06:17:57] [SUBMIT] VGG16/Cifar10/CW/ALL
[2026-08-25 06:17:57] [CMD] qsub -q all.q -l ngpus=1 -v MODEL="VGG16",DATASET="Cifar10",ATTACK="CW",KIND="ALL",PHASE="generate",OUTPUT_DIR="adversarial_results_ep300_pre100" adversarial_hpc_submit.pbs </dev/null
[2026-08-25 06:18:03] [OK] VGG16/Cifar10/CW/ALL
[2026-08-25 06:18:03] [OK] qsub output: Your job 6431367 ("adversarial_hpc_submit.pbs") has been submitted
[2026-08-25 06:18:04] [SUBMIT] VGG16/Cifar10/DeepFool/ALL
[2026-08-25 06:18:04] [CMD] qsub -q all.q -l ngpus=1 -v MODEL="VGG16",DATASET="Cifar10",ATTACK="DeepFool",KIND="ALL",PHASE="generate",OUTPUT_DIR="adversarial_results_ep200_pre200" adversarial_hpc_submit.pbs </dev/null
[2026-08-25 06:18:05] [OK] VGG16/Cifar10/CW/ALL
[2026-08-25 06:18:05] [OK] qsub output: Your job 6431368 ("adversarial_hpc_submit.pbs") has been submitted
[2026-08-25 06:18:05] [SUBMIT] VGG16/Cifar10/DeepFool/ALL
[2026-08-25 06:18:05] [CMD] qsub -q all.q -l ngpus=1 -v MODEL="VGG16",DATASET="Cifar10",ATTACK="DeepFool",KIND="ALL",PHASE="generate",OUTPUT_DIR="adversarial_results_ep100_pre300" adversarial_hpc_submit.pbs </dev/null
[2026-08-25 06:18:07] [OK] VGG16/Cifar10/CW/ALL
[2026-08-25 06:18:07] [OK] qsub output: Your job 6431369 ("adversarial_hpc_submit.pbs") has been submitted
[2026-08-25 06:18:07] [SUBMIT] VGG16/Cifar10/DeepFool/ALL
[2026-08-25 06:18:07] [CMD] qsub -q all.q -l ngpus=1 -v MODEL="VGG16",DATASET="Cifar10",ATTACK="DeepFool",KIND="ALL",PHASE="generate",OUTPUT_DIR="adversarial_results_ep300_pre100" adversarial_hpc_submit.pbs </dev/null
[2026-08-25 06:18:12] [OK] VGG16/Cifar10/DeepFool/ALL
[2026-08-25 06:18:12] [OK] qsub output: Your job 6431371 ("adversarial_hpc_submit.pbs") has been submitted
[2026-08-25 06:18:12] [SUBMIT] VGG16/Cifar100/PGD/ALL
[2026-08-25 06:18:12] [CMD] qsub -q all.q -l ngpus=1 -v MODEL="VGG16",DATASET="Cifar100",ATTACK="PGD",KIND="ALL",PHASE="generate",OUTPUT_DIR="adversarial_results_ep100_pre300" adversarial_hpc_submit.pbs </dev/null
[2026-08-25 06:18:12] [OK] VGG16/Cifar10/DeepFool/ALL
[2026-08-25 06:18:12] [OK] qsub output: Your job 6431370 ("adversarial_hpc_submit.pbs") has been submitted
[2026-08-25 06:18:13] [SUBMIT] VGG16/Cifar100/PGD/ALL
[2026-08-25 06:18:13] [CMD] qsub -q all.q -l ngpus=1 -v MODEL="VGG16",DATASET="Cifar100",ATTACK="PGD",KIND="ALL",PHASE="generate",OUTPUT_DIR="adversarial_results_ep200_pre200" adversarial_hpc_submit.pbs </dev/null
[2026-08-25 06:18:20] [OK] VGG16/Cifar100/PGD/ALL
[2026-08-25 06:18:20] [OK] qsub output: Your job 6431373 ("adversarial_hpc_submit.pbs") has been submitted
[2026-08-25 06:18:20] [SUBMIT] VGG16/Cifar100/FGSM/ALL
[2026-08-25 06:18:20] [CMD] qsub -q all.q -l ngpus=1 -v MODEL="VGG16",DATASET="Cifar100",ATTACK="FGSM",KIND="ALL",PHASE="generate",OUTPUT_DIR="adversarial_results_ep100_pre300" adversarial_hpc_submit.pbs </dev/null
[2026-08-25 06:18:22] [OK] VGG16/Cifar10/DeepFool/ALL
[2026-08-25 06:18:22] [OK] qsub output: Your job 6431372 ("adversarial_hpc_submit.pbs") has been submitted
[2026-08-25 06:18:22] [SUBMIT] VGG16/Cifar100/PGD/ALL
[2026-08-25 06:18:22] [CMD] qsub -q all.q -l ngpus=1 -v MODEL="VGG16",DATASET="Cifar100",ATTACK="PGD",KIND="ALL",PHASE="generate",OUTPUT_DIR="adversarial_results_ep300_pre100" adversarial_hpc_submit.pbs </dev/null
[2026-08-25 06:18:23] [OK] VGG16/Cifar100/FGSM/ALL
[2026-08-25 06:18:23] [OK] qsub output: Your job 6431375 ("adversarial_hpc_submit.pbs") has been submitted
[2026-08-25 06:18:23] [SUBMIT] VGG16/Cifar100/IFGSM/ALL
[2026-08-25 06:18:23] [CMD] qsub -q all.q -l ngpus=1 -v MODEL="VGG16",DATASET="Cifar100",ATTACK="IFGSM",KIND="ALL",PHASE="generate",OUTPUT_DIR="adversarial_results_ep100_pre300" adversarial_hpc_submit.pbs </dev/null
[2026-08-25 06:18:30] [OK] VGG16/Cifar100/PGD/ALL
[2026-08-25 06:18:30] [OK] VGG16/Cifar100/PGD/ALL
[2026-08-25 06:18:31] [OK] qsub output: Your job 6431374 ("adversarial_hpc_submit.pbs") has been submitted
[2026-08-25 06:18:31] [OK] qsub output: Your job 6431376 ("adversarial_hpc_submit.pbs") has been submitted
[2026-08-25 06:18:31] [SUBMIT] VGG16/Cifar100/FGSM/ALL
[2026-08-25 06:18:31] [SUBMIT] VGG16/Cifar100/FGSM/ALL
[2026-08-25 06:18:31] [CMD] qsub -q all.q -l ngpus=1 -v MODEL="VGG16",DATASET="Cifar100",ATTACK="FGSM",KIND="ALL",PHASE="generate",OUTPUT_DIR="adversarial_results_ep200_pre200" adversarial_hpc_submit.pbs </dev/null
[2026-08-25 06:18:31] [CMD] qsub -q all.q -l ngpus=1 -v MODEL="VGG16",DATASET="Cifar100",ATTACK="FGSM",KIND="ALL",PHASE="generate",OUTPUT_DIR="adversarial_results_ep300_pre100" adversarial_hpc_submit.pbs </dev/null
[2026-08-25 06:18:33] [OK] VGG16/Cifar100/FGSM/ALL
[2026-08-25 06:18:34] [OK] qsub output: Your job 6431378 ("adversarial_hpc_submit.pbs") has been submitted
[2026-08-25 06:18:34] [SUBMIT] VGG16/Cifar100/IFGSM/ALL
[2026-08-25 06:18:34] [CMD] qsub -q all.q -l ngpus=1 -v MODEL="VGG16",DATASET="Cifar100",ATTACK="IFGSM",KIND="ALL",PHASE="generate",OUTPUT_DIR="adversarial_results_ep200_pre200" adversarial_hpc_submit.pbs </dev/null
[2026-08-25 06:18:34] [OK] VGG16/Cifar100/IFGSM/ALL
[2026-08-25 06:18:34] [OK] qsub output: Your job 6431377 ("adversarial_hpc_submit.pbs") has been submitted
[2026-08-25 06:18:34] [SUBMIT] VGG16/Cifar100/BIM/ALL
[2026-08-25 06:18:35] [CMD] qsub -q all.q -l ngpus=1 -v MODEL="VGG16",DATASET="Cifar100",ATTACK="BIM",KIND="ALL",PHASE="generate",OUTPUT_DIR="adversarial_results_ep100_pre300" adversarial_hpc_submit.pbs </dev/null
[2026-08-25 06:18:39] [OK] VGG16/Cifar100/IFGSM/ALL
[2026-08-25 06:18:39] [OK] qsub output: Your job 6431380 ("adversarial_hpc_submit.pbs") has been submitted
[2026-08-25 06:18:39] [SUBMIT] VGG16/Cifar100/BIM/ALL
[2026-08-25 06:18:39] [CMD] qsub -q all.q -l ngpus=1 -v MODEL="VGG16",DATASET="Cifar100",ATTACK="BIM",KIND="ALL",PHASE="generate",OUTPUT_DIR="adversarial_results_ep200_pre200" adversarial_hpc_submit.pbs </dev/null
[2026-08-25 06:18:43] [OK] VGG16/Cifar100/FGSM/ALL
[2026-08-25 06:18:43] [OK] qsub output: Your job 6431379 ("adversarial_hpc_submit.pbs") has been submitted
[2026-08-25 06:18:43] [SUBMIT] VGG16/Cifar100/IFGSM/ALL
[2026-08-25 06:18:43] [CMD] qsub -q all.q -l ngpus=1 -v MODEL="VGG16",DATASET="Cifar100",ATTACK="IFGSM",KIND="ALL",PHASE="generate",OUTPUT_DIR="adversarial_results_ep300_pre100" adversarial_hpc_submit.pbs </dev/null
[2026-08-25 06:18:46] [OK] VGG16/Cifar100/BIM/ALL
[2026-08-25 06:18:46] [OK] qsub output: Your job 6431381 ("adversarial_hpc_submit.pbs") has been submitted
[2026-08-25 06:18:46] [SUBMIT] VGG16/Cifar100/APGD/ALL
[2026-08-25 06:18:46] [CMD] qsub -q all.q -l ngpus=1 -v MODEL="VGG16",DATASET="Cifar100",ATTACK="APGD",KIND="ALL",PHASE="generate",OUTPUT_DIR="adversarial_results_ep100_pre300" adversarial_hpc_submit.pbs </dev/null
[2026-08-25 06:18:49] [OK] VGG16/Cifar100/IFGSM/ALL
[2026-08-25 06:18:49] [OK] qsub output: Your job 6431383 ("adversarial_hpc_submit.pbs") has been submitted
[2026-08-25 06:18:49] [SUBMIT] VGG16/Cifar100/BIM/ALL
[2026-08-25 06:18:49] [CMD] qsub -q all.q -l ngpus=1 -v MODEL="VGG16",DATASET="Cifar100",ATTACK="BIM",KIND="ALL",PHASE="generate",OUTPUT_DIR="adversarial_results_ep300_pre100" adversarial_hpc_submit.pbs </dev/null
[2026-08-25 06:18:49] [OK] VGG16/Cifar100/BIM/ALL
[2026-08-25 06:18:52] [OK] qsub output: Your job 6431382 ("adversarial_hpc_submit.pbs") has been submitted
[2026-08-25 06:18:52] [SUBMIT] VGG16/Cifar100/APGD/ALL
[2026-08-25 06:18:52] [CMD] qsub -q all.q -l ngpus=1 -v MODEL="VGG16",DATASET="Cifar100",ATTACK="APGD",KIND="ALL",PHASE="generate",OUTPUT_DIR="adversarial_results_ep200_pre200" adversarial_hpc_submit.pbs </dev/null
[2026-08-25 06:18:55] [OK] VGG16/Cifar100/BIM/ALL
[2026-08-25 06:18:55] [OK] qsub output: Your job 6431385 ("adversarial_hpc_submit.pbs") has been submitted
[2026-08-25 06:18:55] [SUBMIT] VGG16/Cifar100/APGD/ALL
[2026-08-25 06:18:55] [CMD] qsub -q all.q -l ngpus=1 -v MODEL="VGG16",DATASET="Cifar100",ATTACK="APGD",KIND="ALL",PHASE="generate",OUTPUT_DIR="adversarial_results_ep300_pre100" adversarial_hpc_submit.pbs </dev/null
[2026-08-25 06:18:58] [OK] VGG16/Cifar100/APGD/ALL
[2026-08-25 06:18:58] [OK] qsub output: Your job 6431384 ("adversarial_hpc_submit.pbs") has been submitted
[2026-08-25 06:18:59] [SUBMIT] VGG16/Cifar100/CW/ALL
[2026-08-25 06:18:59] [CMD] qsub -q all.q -l ngpus=1 -v MODEL="VGG16",DATASET="Cifar100",ATTACK="CW",KIND="ALL",PHASE="generate",OUTPUT_DIR="adversarial_results_ep100_pre300" adversarial_hpc_submit.pbs </dev/null
[2026-08-25 06:19:04] [OK] VGG16/Cifar100/APGD/ALL
[2026-08-25 06:19:04] [OK] qsub output: Your job 6431386 ("adversarial_hpc_submit.pbs") has been submitted
[2026-08-25 06:19:04] [SUBMIT] VGG16/Cifar100/CW/ALL
[2026-08-25 06:19:04] [CMD] qsub -q all.q -l ngpus=1 -v MODEL="VGG16",DATASET="Cifar100",ATTACK="CW",KIND="ALL",PHASE="generate",OUTPUT_DIR="adversarial_results_ep200_pre200" adversarial_hpc_submit.pbs </dev/null
[2026-08-25 06:19:06] [OK] VGG16/Cifar100/CW/ALL
[2026-08-25 06:19:06] [OK] qsub output: Your job 6431388 ("adversarial_hpc_submit.pbs") has been submitted
[2026-08-25 06:19:06] [SUBMIT] VGG16/Cifar100/DeepFool/ALL
[2026-08-25 06:19:06] [CMD] qsub -q all.q -l ngpus=1 -v MODEL="VGG16",DATASET="Cifar100",ATTACK="DeepFool",KIND="ALL",PHASE="generate",OUTPUT_DIR="adversarial_results_ep100_pre300" adversarial_hpc_submit.pbs </dev/null
[2026-08-25 06:19:08] [OK] VGG16/Cifar100/APGD/ALL
[2026-08-25 06:19:08] [OK] qsub output: Your job 6431387 ("adversarial_hpc_submit.pbs") has been submitted
[2026-08-25 06:19:09] [SUBMIT] VGG16/Cifar100/CW/ALL
[2026-08-25 06:19:09] [CMD] qsub -q all.q -l ngpus=1 -v MODEL="VGG16",DATASET="Cifar100",ATTACK="CW",KIND="ALL",PHASE="generate",OUTPUT_DIR="adversarial_results_ep300_pre100" adversarial_hpc_submit.pbs </dev/null
[2026-08-25 06:19:09] [OK] VGG16/Cifar100/CW/ALL
[2026-08-25 06:19:09] [OK] qsub output: Your job 6431389 ("adversarial_hpc_submit.pbs") has been submitted
[2026-08-25 06:19:09] [SUBMIT] VGG16/Cifar100/DeepFool/ALL
[2026-08-25 06:19:09] [CMD] qsub -q all.q -l ngpus=1 -v MODEL="VGG16",DATASET="Cifar100",ATTACK="DeepFool",KIND="ALL",PHASE="generate",OUTPUT_DIR="adversarial_results_ep200_pre200" adversarial_hpc_submit.pbs </dev/null
[2026-08-25 06:19:13] [OK] VGG16/Cifar100/DeepFool/ALL
[2026-08-25 06:19:13] [OK] qsub output: Your job 6431390 ("adversarial_hpc_submit.pbs") has been submitted
[2026-08-25 06:19:13] [SUBMIT] RegNetX_400MF/Cifar10/PGD/ALL
[2026-08-25 06:19:13] [CMD] qsub -q all.q -l ngpus=1 -v MODEL="RegNetX_400MF",DATASET="Cifar10",ATTACK="PGD",KIND="ALL",PHASE="generate",OUTPUT_DIR="adversarial_results_ep100_pre300" adversarial_hpc_submit.pbs </dev/null
[2026-08-25 06:19:16] [OK] VGG16/Cifar100/CW/ALL
[2026-08-25 06:19:16] [OK] qsub output: Your job 6431391 ("adversarial_hpc_submit.pbs") has been submitted
[2026-08-25 06:19:16] [SUBMIT] VGG16/Cifar100/DeepFool/ALL
[2026-08-25 06:19:16] [CMD] qsub -q all.q -l ngpus=1 -v MODEL="VGG16",DATASET="Cifar100",ATTACK="DeepFool",KIND="ALL",PHASE="generate",OUTPUT_DIR="adversarial_results_ep300_pre100" adversarial_hpc_submit.pbs </dev/null
[2026-08-25 06:19:23] [OK] VGG16/Cifar100/DeepFool/ALL
[2026-08-25 06:19:23] [OK] qsub output: Your job 6431392 ("adversarial_hpc_submit.pbs") has been submitted
[2026-08-25 06:19:23] [SUBMIT] RegNetX_400MF/Cifar10/PGD/ALL
[2026-08-25 06:19:23] [CMD] qsub -q all.q -l ngpus=1 -v MODEL="RegNetX_400MF",DATASET="Cifar10",ATTACK="PGD",KIND="ALL",PHASE="generate",OUTPUT_DIR="adversarial_results_ep200_pre200" adversarial_hpc_submit.pbs </dev/null
[2026-08-25 06:19:23] [OK] RegNetX_400MF/Cifar10/PGD/ALL
[2026-08-25 06:19:23] [OK] qsub output: Your job 6431393 ("adversarial_hpc_submit.pbs") has been submitted
[2026-08-25 06:19:23] [SUBMIT] RegNetX_400MF/Cifar10/FGSM/ALL
[2026-08-25 06:19:23] [CMD] qsub -q all.q -l ngpus=1 -v MODEL="RegNetX_400MF",DATASET="Cifar10",ATTACK="FGSM",KIND="ALL",PHASE="generate",OUTPUT_DIR="adversarial_results_ep100_pre300" adversarial_hpc_submit.pbs </dev/null
[2026-08-25 06:19:28] [OK] VGG16/Cifar100/DeepFool/ALL
[2026-08-25 06:19:28] [OK] qsub output: Your job 6431394 ("adversarial_hpc_submit.pbs") has been submitted
[2026-08-25 06:19:28] [SUBMIT] RegNetX_400MF/Cifar10/PGD/ALL
[2026-08-25 06:19:28] [CMD] qsub -q all.q -l ngpus=1 -v MODEL="RegNetX_400MF",DATASET="Cifar10",ATTACK="PGD",KIND="ALL",PHASE="generate",OUTPUT_DIR="adversarial_results_ep300_pre100" adversarial_hpc_submit.pbs </dev/null
[2026-08-25 06:19:32] [OK] RegNetX_400MF/Cifar10/PGD/ALL
[2026-08-25 06:19:32] [OK] qsub output: Your job 6431396 ("adversarial_hpc_submit.pbs") has been submitted
[2026-08-25 06:19:33] [SUBMIT] RegNetX_400MF/Cifar10/FGSM/ALL
[2026-08-25 06:19:33] [CMD] qsub -q all.q -l ngpus=1 -v MODEL="RegNetX_400MF",DATASET="Cifar10",ATTACK="FGSM",KIND="ALL",PHASE="generate",OUTPUT_DIR="adversarial_results_ep200_pre200" adversarial_hpc_submit.pbs </dev/null
[2026-08-25 06:19:35] [OK] RegNetX_400MF/Cifar10/FGSM/ALL
[2026-08-25 06:19:35] [OK] qsub output: Your job 6431397 ("adversarial_hpc_submit.pbs") has been submitted
[2026-08-25 06:19:35] [SUBMIT] RegNetX_400MF/Cifar10/IFGSM/ALL
[2026-08-25 06:19:35] [CMD] qsub -q all.q -l ngpus=1 -v MODEL="RegNetX_400MF",DATASET="Cifar10",ATTACK="IFGSM",KIND="ALL",PHASE="generate",OUTPUT_DIR="adversarial_results_ep100_pre300" adversarial_hpc_submit.pbs </dev/null
[2026-08-25 06:19:39] [OK] RegNetX_400MF/Cifar10/FGSM/ALL
[2026-08-25 06:19:39] [OK] qsub output: Your job 6431400 ("adversarial_hpc_submit.pbs") has been submitted
[2026-08-25 06:19:39] [SUBMIT] RegNetX_400MF/Cifar10/IFGSM/ALL
[2026-08-25 06:19:39] [CMD] qsub -q all.q -l ngpus=1 -v MODEL="RegNetX_400MF",DATASET="Cifar10",ATTACK="IFGSM",KIND="ALL",PHASE="generate",OUTPUT_DIR="adversarial_results_ep200_pre200" adversarial_hpc_submit.pbs </dev/null
[2026-08-25 06:19:40] [OK] RegNetX_400MF/Cifar10/IFGSM/ALL
[2026-08-25 06:19:40] [OK] qsub output: Your job 6431401 ("adversarial_hpc_submit.pbs") has been submitted
[2026-08-25 06:19:41] [SUBMIT] RegNetX_400MF/Cifar10/BIM/ALL
[2026-08-25 06:19:41] [CMD] qsub -q all.q -l ngpus=1 -v MODEL="RegNetX_400MF",DATASET="Cifar10",ATTACK="BIM",KIND="ALL",PHASE="generate",OUTPUT_DIR="adversarial_results_ep100_pre300" adversarial_hpc_submit.pbs </dev/null
[2026-08-25 06:19:42] [OK] RegNetX_400MF/Cifar10/PGD/ALL
[2026-08-25 06:19:42] [OK] qsub output: Your job 6431398 ("adversarial_hpc_submit.pbs") has been submitted
[2026-08-25 06:19:42] [SUBMIT] RegNetX_400MF/Cifar10/FGSM/ALL
[2026-08-25 06:19:42] [CMD] qsub -q all.q -l ngpus=1 -v MODEL="RegNetX_400MF",DATASET="Cifar10",ATTACK="FGSM",KIND="ALL",PHASE="generate",OUTPUT_DIR="adversarial_results_ep300_pre100" adversarial_hpc_submit.pbs </dev/null
[2026-08-25 06:19:46] [OK] RegNetX_400MF/Cifar10/IFGSM/ALL
[2026-08-25 06:19:46] [OK] qsub output: Your job 6431403 ("adversarial_hpc_submit.pbs") has been submitted
[2026-08-25 06:19:46] [SUBMIT] RegNetX_400MF/Cifar10/BIM/ALL
[2026-08-25 06:19:46] [CMD] qsub -q all.q -l ngpus=1 -v MODEL="RegNetX_400MF",DATASET="Cifar10",ATTACK="BIM",KIND="ALL",PHASE="generate",OUTPUT_DIR="adversarial_results_ep200_pre200" adversarial_hpc_submit.pbs </dev/null
[2026-08-25 06:19:47] [OK] RegNetX_400MF/Cifar10/BIM/ALL
[2026-08-25 06:19:47] [OK] qsub output: Your job 6431404 ("adversarial_hpc_submit.pbs") has been submitted
[2026-08-25 06:19:47] [SUBMIT] RegNetX_400MF/Cifar10/APGD/ALL
[2026-08-25 06:19:48] [CMD] qsub -q all.q -l ngpus=1 -v MODEL="RegNetX_400MF",DATASET="Cifar10",ATTACK="APGD",KIND="ALL",PHASE="generate",OUTPUT_DIR="adversarial_results_ep100_pre300" adversarial_hpc_submit.pbs </dev/null
[2026-08-25 06:19:50] [OK] RegNetX_400MF/Cifar10/BIM/ALL
[2026-08-25 06:19:50] [OK] qsub output: Your job 6431406 ("adversarial_hpc_submit.pbs") has been submitted
[2026-08-25 06:19:51] [SUBMIT] RegNetX_400MF/Cifar10/APGD/ALL
[2026-08-25 06:19:51] [CMD] qsub -q all.q -l ngpus=1 -v MODEL="RegNetX_400MF",DATASET="Cifar10",ATTACK="APGD",KIND="ALL",PHASE="generate",OUTPUT_DIR="adversarial_results_ep200_pre200" adversarial_hpc_submit.pbs </dev/null
[2026-08-25 06:19:53] [OK] RegNetX_400MF/Cifar10/FGSM/ALL
[2026-08-25 06:19:53] [OK] qsub output: Your job 6431405 ("adversarial_hpc_submit.pbs") has been submitted
[2026-08-25 06:19:53] [SUBMIT] RegNetX_400MF/Cifar10/IFGSM/ALL
[2026-08-25 06:19:54] [CMD] qsub -q all.q -l ngpus=1 -v MODEL="RegNetX_400MF",DATASET="Cifar10",ATTACK="IFGSM",KIND="ALL",PHASE="generate",OUTPUT_DIR="adversarial_results_ep300_pre100" adversarial_hpc_submit.pbs </dev/null
[2026-08-25 06:19:56] [OK] RegNetX_400MF/Cifar10/APGD/ALL
[2026-08-25 06:19:57] [OK] qsub output: Your job 6431407 ("adversarial_hpc_submit.pbs") has been submitted
[2026-08-25 06:19:57] [SUBMIT] RegNetX_400MF/Cifar10/CW/ALL
[2026-08-25 06:19:57] [CMD] qsub -q all.q -l ngpus=1 -v MODEL="RegNetX_400MF",DATASET="Cifar10",ATTACK="CW",KIND="ALL",PHASE="generate",OUTPUT_DIR="adversarial_results_ep100_pre300" adversarial_hpc_submit.pbs </dev/null
[2026-08-25 06:20:00] [OK] RegNetX_400MF/Cifar10/IFGSM/ALL
[2026-08-25 06:20:01] [OK] qsub output: Your job 6431409 ("adversarial_hpc_submit.pbs") has been submitted
[2026-08-25 06:20:01] [SUBMIT] RegNetX_400MF/Cifar10/BIM/ALL
[2026-08-25 06:20:01] [CMD] qsub -q all.q -l ngpus=1 -v MODEL="RegNetX_400MF",DATASET="Cifar10",ATTACK="BIM",KIND="ALL",PHASE="generate",OUTPUT_DIR="adversarial_results_ep300_pre100" adversarial_hpc_submit.pbs </dev/null
[2026-08-25 06:20:03] [OK] RegNetX_400MF/Cifar10/APGD/ALL
[2026-08-25 06:20:03] [OK] qsub output: Your job 6431408 ("adversarial_hpc_submit.pbs") has been submitted
[2026-08-25 06:20:03] [SUBMIT] RegNetX_400MF/Cifar10/CW/ALL
[2026-08-25 06:20:03] [CMD] qsub -q all.q -l ngpus=1 -v MODEL="RegNetX_400MF",DATASET="Cifar10",ATTACK="CW",KIND="ALL",PHASE="generate",OUTPUT_DIR="adversarial_results_ep200_pre200" adversarial_hpc_submit.pbs </dev/null
[2026-08-25 06:20:03] [OK] RegNetX_400MF/Cifar10/CW/ALL
[2026-08-25 06:20:03] [OK] qsub output: Your job 6431410 ("adversarial_hpc_submit.pbs") has been submitted
[2026-08-25 06:20:03] [SUBMIT] RegNetX_400MF/Cifar10/DeepFool/ALL
[2026-08-25 06:20:03] [CMD] qsub -q all.q -l ngpus=1 -v MODEL="RegNetX_400MF",DATASET="Cifar10",ATTACK="DeepFool",KIND="ALL",PHASE="generate",OUTPUT_DIR="adversarial_results_ep100_pre300" adversarial_hpc_submit.pbs </dev/null
[2026-08-25 06:20:05] [OK] RegNetX_400MF/Cifar10/CW/ALL
[2026-08-25 06:20:05] [OK] qsub output: Your job 6431412 ("adversarial_hpc_submit.pbs") has been submitted
[2026-08-25 06:20:05] [SUBMIT] RegNetX_400MF/Cifar10/DeepFool/ALL
[2026-08-25 06:20:05] [CMD] qsub -q all.q -l ngpus=1 -v MODEL="RegNetX_400MF",DATASET="Cifar10",ATTACK="DeepFool",KIND="ALL",PHASE="generate",OUTPUT_DIR="adversarial_results_ep200_pre200" adversarial_hpc_submit.pbs </dev/null
[2026-08-25 06:20:10] [OK] RegNetX_400MF/Cifar10/BIM/ALL
[2026-08-25 06:20:11] [OK] qsub output: Your job 6431411 ("adversarial_hpc_submit.pbs") has been submitted
[2026-08-25 06:20:11] [SUBMIT] RegNetX_400MF/Cifar10/APGD/ALL
[2026-08-25 06:20:11] [CMD] qsub -q all.q -l ngpus=1 -v MODEL="RegNetX_400MF",DATASET="Cifar10",ATTACK="APGD",KIND="ALL",PHASE="generate",OUTPUT_DIR="adversarial_results_ep300_pre100" adversarial_hpc_submit.pbs </dev/null
[2026-08-25 06:20:12] [OK] RegNetX_400MF/Cifar10/DeepFool/ALL
[2026-08-25 06:20:12] [OK] qsub output: Your job 6431414 ("adversarial_hpc_submit.pbs") has been submitted
[2026-08-25 06:20:12] [SUBMIT] RegNetX_400MF/Cifar100/PGD/ALL
[2026-08-25 06:20:12] [CMD] qsub -q all.q -l ngpus=1 -v MODEL="RegNetX_400MF",DATASET="Cifar100",ATTACK="PGD",KIND="ALL",PHASE="generate",OUTPUT_DIR="adversarial_results_ep200_pre200" adversarial_hpc_submit.pbs </dev/null
[2026-08-25 06:20:13] [OK] RegNetX_400MF/Cifar10/DeepFool/ALL
[2026-08-25 06:20:13] [OK] qsub output: Your job 6431413 ("adversarial_hpc_submit.pbs") has been submitted
[2026-08-25 06:20:13] [SUBMIT] RegNetX_400MF/Cifar100/PGD/ALL
[2026-08-25 06:20:13] [CMD] qsub -q all.q -l ngpus=1 -v MODEL="RegNetX_400MF",DATASET="Cifar100",ATTACK="PGD",KIND="ALL",PHASE="generate",OUTPUT_DIR="adversarial_results_ep100_pre300" adversarial_hpc_submit.pbs </dev/null
[2026-08-25 06:20:15] [OK] RegNetX_400MF/Cifar10/APGD/ALL
[2026-08-25 06:20:15] [OK] qsub output: Your job 6431415 ("adversarial_hpc_submit.pbs") has been submitted
[2026-08-25 06:20:15] [SUBMIT] RegNetX_400MF/Cifar10/CW/ALL
[2026-08-25 06:20:16] [CMD] qsub -q all.q -l ngpus=1 -v MODEL="RegNetX_400MF",DATASET="Cifar10",ATTACK="CW",KIND="ALL",PHASE="generate",OUTPUT_DIR="adversarial_results_ep300_pre100" adversarial_hpc_submit.pbs </dev/null
[2026-08-25 06:20:23] [OK] RegNetX_400MF/Cifar100/PGD/ALL
[2026-08-25 06:20:24] [OK] qsub output: Your job 6431417 ("adversarial_hpc_submit.pbs") has been submitted
[2026-08-25 06:20:24] [SUBMIT] RegNetX_400MF/Cifar100/FGSM/ALL
[2026-08-25 06:20:24] [CMD] qsub -q all.q -l ngpus=1 -v MODEL="RegNetX_400MF",DATASET="Cifar100",ATTACK="FGSM",KIND="ALL",PHASE="generate",OUTPUT_DIR="adversarial_results_ep200_pre200" adversarial_hpc_submit.pbs </dev/null
[2026-08-25 06:20:25] [OK] RegNetX_400MF/Cifar100/PGD/ALL
[2026-08-25 06:20:25] [OK] qsub output: Your job 6431418 ("adversarial_hpc_submit.pbs") has been submitted
[2026-08-25 06:20:25] [SUBMIT] RegNetX_400MF/Cifar100/FGSM/ALL
[2026-08-25 06:20:25] [CMD] qsub -q all.q -l ngpus=1 -v MODEL="RegNetX_400MF",DATASET="Cifar100",ATTACK="FGSM",KIND="ALL",PHASE="generate",OUTPUT_DIR="adversarial_results_ep100_pre300" adversarial_hpc_submit.pbs </dev/null
[2026-08-25 06:20:28] [OK] RegNetX_400MF/Cifar100/FGSM/ALL
[2026-08-25 06:20:28] [OK] qsub output: Your job 6431420 ("adversarial_hpc_submit.pbs") has been submitted
[2026-08-25 06:20:28] [SUBMIT] RegNetX_400MF/Cifar100/IFGSM/ALL
[2026-08-25 06:20:28] [CMD] qsub -q all.q -l ngpus=1 -v MODEL="RegNetX_400MF",DATASET="Cifar100",ATTACK="IFGSM",KIND="ALL",PHASE="generate",OUTPUT_DIR="adversarial_results_ep200_pre200" adversarial_hpc_submit.pbs </dev/null
[2026-08-25 06:20:30] [OK] RegNetX_400MF/Cifar10/CW/ALL
[2026-08-25 06:20:30] [OK] qsub output: Your job 6431419 ("adversarial_hpc_submit.pbs") has been submitted
[2026-08-25 06:20:30] [SUBMIT] RegNetX_400MF/Cifar10/DeepFool/ALL
[2026-08-25 06:20:30] [CMD] qsub -q all.q -l ngpus=1 -v MODEL="RegNetX_400MF",DATASET="Cifar10",ATTACK="DeepFool",KIND="ALL",PHASE="generate",OUTPUT_DIR="adversarial_results_ep300_pre100" adversarial_hpc_submit.pbs </dev/null
[2026-08-25 06:20:34] [OK] RegNetX_400MF/Cifar100/FGSM/ALL
[2026-08-25 06:20:34] [OK] qsub output: Your job 6431421 ("adversarial_hpc_submit.pbs") has been submitted
[2026-08-25 06:20:34] [SUBMIT] RegNetX_400MF/Cifar100/IFGSM/ALL
[2026-08-25 06:20:34] [CMD] qsub -q all.q -l ngpus=1 -v MODEL="RegNetX_400MF",DATASET="Cifar100",ATTACK="IFGSM",KIND="ALL",PHASE="generate",OUTPUT_DIR="adversarial_results_ep100_pre300" adversarial_hpc_submit.pbs </dev/null
[2026-08-25 06:20:36] [OK] RegNetX_400MF/Cifar100/IFGSM/ALL
[2026-08-25 06:20:36] [OK] qsub output: Your job 6431422 ("adversarial_hpc_submit.pbs") has been submitted
[2026-08-25 06:20:36] [SUBMIT] RegNetX_400MF/Cifar100/BIM/ALL
[2026-08-25 06:20:36] [CMD] qsub -q all.q -l ngpus=1 -v MODEL="RegNetX_400MF",DATASET="Cifar100",ATTACK="BIM",KIND="ALL",PHASE="generate",OUTPUT_DIR="adversarial_results_ep200_pre200" adversarial_hpc_submit.pbs </dev/null
[2026-08-25 06:20:41] [OK] RegNetX_400MF/Cifar100/IFGSM/ALL
[2026-08-25 06:20:41] [OK] qsub output: Your job 6431424 ("adversarial_hpc_submit.pbs") has been submitted
[2026-08-25 06:20:42] [SUBMIT] RegNetX_400MF/Cifar100/BIM/ALL
[2026-08-25 06:20:42] [CMD] qsub -q all.q -l ngpus=1 -v MODEL="RegNetX_400MF",DATASET="Cifar100",ATTACK="BIM",KIND="ALL",PHASE="generate",OUTPUT_DIR="adversarial_results_ep100_pre300" adversarial_hpc_submit.pbs </dev/null
[2026-08-25 06:20:44] [OK] RegNetX_400MF/Cifar10/DeepFool/ALL
[2026-08-25 06:20:44] [OK] qsub output: Your job 6431423 ("adversarial_hpc_submit.pbs") has been submitted
[2026-08-25 06:20:45] [SUBMIT] RegNetX_400MF/Cifar100/PGD/ALL
[2026-08-25 06:20:45] [CMD] qsub -q all.q -l ngpus=1 -v MODEL="RegNetX_400MF",DATASET="Cifar100",ATTACK="PGD",KIND="ALL",PHASE="generate",OUTPUT_DIR="adversarial_results_ep300_pre100" adversarial_hpc_submit.pbs </dev/null
[2026-08-25 06:20:51] [OK] RegNetX_400MF/Cifar100/BIM/ALL
[2026-08-25 06:20:51] [OK] qsub output: Your job 6431425 ("adversarial_hpc_submit.pbs") has been submitted
[2026-08-25 06:20:51] [SUBMIT] RegNetX_400MF/Cifar100/APGD/ALL
[2026-08-25 06:20:51] [CMD] qsub -q all.q -l ngpus=1 -v MODEL="RegNetX_400MF",DATASET="Cifar100",ATTACK="APGD",KIND="ALL",PHASE="generate",OUTPUT_DIR="adversarial_results_ep200_pre200" adversarial_hpc_submit.pbs </dev/null
[2026-08-25 06:20:54] [OK] RegNetX_400MF/Cifar100/BIM/ALL
[2026-08-25 06:20:54] [OK] qsub output: Your job 6431426 ("adversarial_hpc_submit.pbs") has been submitted
[2026-08-25 06:20:54] [SUBMIT] RegNetX_400MF/Cifar100/APGD/ALL
[2026-08-25 06:20:54] [CMD] qsub -q all.q -l ngpus=1 -v MODEL="RegNetX_400MF",DATASET="Cifar100",ATTACK="APGD",KIND="ALL",PHASE="generate",OUTPUT_DIR="adversarial_results_ep100_pre300" adversarial_hpc_submit.pbs </dev/null
[2026-08-25 06:20:55] [OK] RegNetX_400MF/Cifar100/APGD/ALL
[2026-08-25 06:20:55] [OK] qsub output: Your job 6431428 ("adversarial_hpc_submit.pbs") has been submitted
[2026-08-25 06:20:56] [SUBMIT] RegNetX_400MF/Cifar100/CW/ALL
[2026-08-25 06:20:56] [CMD] qsub -q all.q -l ngpus=1 -v MODEL="RegNetX_400MF",DATASET="Cifar100",ATTACK="CW",KIND="ALL",PHASE="generate",OUTPUT_DIR="adversarial_results_ep200_pre200" adversarial_hpc_submit.pbs </dev/null
[2026-08-25 06:21:01] [OK] RegNetX_400MF/Cifar100/PGD/ALL
[2026-08-25 06:21:01] [OK] qsub output: Your job 6431427 ("adversarial_hpc_submit.pbs") has been submitted
[2026-08-25 06:21:01] [SUBMIT] RegNetX_400MF/Cifar100/FGSM/ALL
[2026-08-25 06:21:01] [CMD] qsub -q all.q -l ngpus=1 -v MODEL="RegNetX_400MF",DATASET="Cifar100",ATTACK="FGSM",KIND="ALL",PHASE="generate",OUTPUT_DIR="adversarial_results_ep300_pre100" adversarial_hpc_submit.pbs </dev/null
[2026-08-25 06:21:02] [OK] RegNetX_400MF/Cifar100/APGD/ALL
[2026-08-25 06:21:02] [OK] qsub output: Your job 6431429 ("adversarial_hpc_submit.pbs") has been submitted
[2026-08-25 06:21:02] [SUBMIT] RegNetX_400MF/Cifar100/CW/ALL
[2026-08-25 06:21:02] [CMD] qsub -q all.q -l ngpus=1 -v MODEL="RegNetX_400MF",DATASET="Cifar100",ATTACK="CW",KIND="ALL",PHASE="generate",OUTPUT_DIR="adversarial_results_ep100_pre300" adversarial_hpc_submit.pbs </dev/null
[2026-08-25 06:21:09] [OK] RegNetX_400MF/Cifar100/CW/ALL
[2026-08-25 06:21:09] [OK] qsub output: Your job 6431430 ("adversarial_hpc_submit.pbs") has been submitted
[2026-08-25 06:21:09] [SUBMIT] RegNetX_400MF/Cifar100/DeepFool/ALL
[2026-08-25 06:21:09] [CMD] qsub -q all.q -l ngpus=1 -v MODEL="RegNetX_400MF",DATASET="Cifar100",ATTACK="DeepFool",KIND="ALL",PHASE="generate",OUTPUT_DIR="adversarial_results_ep200_pre200" adversarial_hpc_submit.pbs </dev/null
[2026-08-25 06:21:11] [OK] RegNetX_400MF/Cifar100/FGSM/ALL
[2026-08-25 06:21:11] [OK] qsub output: Your job 6431431 ("adversarial_hpc_submit.pbs") has been submitted
[2026-08-25 06:21:11] [SUBMIT] RegNetX_400MF/Cifar100/IFGSM/ALL
[2026-08-25 06:21:11] [CMD] qsub -q all.q -l ngpus=1 -v MODEL="RegNetX_400MF",DATASET="Cifar100",ATTACK="IFGSM",KIND="ALL",PHASE="generate",OUTPUT_DIR="adversarial_results_ep300_pre100" adversarial_hpc_submit.pbs </dev/null
[2026-08-25 06:21:13] [OK] RegNetX_400MF/Cifar100/CW/ALL
[2026-08-25 06:21:13] [OK] RegNetX_400MF/Cifar100/DeepFool/ALL
[2026-08-25 06:21:15] [OK] qsub output: Your job 6431432 ("adversarial_hpc_submit.pbs") has been submitted
[2026-08-25 06:21:15] [OK] qsub output: Your job 6431433 ("adversarial_hpc_submit.pbs") has been submitted
[2026-08-25 06:21:15] [SUBMIT] RegNetX_400MF/Cifar100/DeepFool/ALL
[2026-08-25 06:21:15] [SUBMIT] InceptionNet/Cifar10/PGD/ALL
[2026-08-25 06:21:15] [CMD] qsub -q all.q -l ngpus=1 -v MODEL="RegNetX_400MF",DATASET="Cifar100",ATTACK="DeepFool",KIND="ALL",PHASE="generate",OUTPUT_DIR="adversarial_results_ep100_pre300" adversarial_hpc_submit.pbs </dev/null
[2026-08-25 06:21:15] [CMD] qsub -q all.q -l ngpus=1 -v MODEL="InceptionNet",DATASET="Cifar10",ATTACK="PGD",KIND="ALL",PHASE="generate",OUTPUT_DIR="adversarial_results_ep200_pre200" adversarial_hpc_submit.pbs </dev/null
[2026-08-25 06:21:23] [OK] RegNetX_400MF/Cifar100/IFGSM/ALL
[2026-08-25 06:21:23] [OK] qsub output: Your job 6431435 ("adversarial_hpc_submit.pbs") has been submitted
[2026-08-25 06:21:23] [SUBMIT] RegNetX_400MF/Cifar100/BIM/ALL
[2026-08-25 06:21:23] [CMD] qsub -q all.q -l ngpus=1 -v MODEL="RegNetX_400MF",DATASET="Cifar100",ATTACK="BIM",KIND="ALL",PHASE="generate",OUTPUT_DIR="adversarial_results_ep300_pre100" adversarial_hpc_submit.pbs </dev/null
[2026-08-25 06:21:25] [OK] RegNetX_400MF/Cifar100/DeepFool/ALL
[2026-08-25 06:21:25] [OK] qsub output: Your job 6431437 ("adversarial_hpc_submit.pbs") has been submitted
[2026-08-25 06:21:25] [SUBMIT] InceptionNet/Cifar10/PGD/ALL
[2026-08-25 06:21:25] [CMD] qsub -q all.q -l ngpus=1 -v MODEL="InceptionNet",DATASET="Cifar10",ATTACK="PGD",KIND="ALL",PHASE="generate",OUTPUT_DIR="adversarial_results_ep100_pre300" adversarial_hpc_submit.pbs </dev/null
[2026-08-25 06:21:26] [OK] InceptionNet/Cifar10/PGD/ALL
[2026-08-25 06:21:26] [OK] qsub output: Your job 6431436 ("adversarial_hpc_submit.pbs") has been submitted
[2026-08-25 06:21:26] [SUBMIT] InceptionNet/Cifar10/FGSM/ALL
[2026-08-25 06:21:26] [CMD] qsub -q all.q -l ngpus=1 -v MODEL="InceptionNet",DATASET="Cifar10",ATTACK="FGSM",KIND="ALL",PHASE="generate",OUTPUT_DIR="adversarial_results_ep200_pre200" adversarial_hpc_submit.pbs </dev/null
[2026-08-25 06:21:33] [OK] RegNetX_400MF/Cifar100/BIM/ALL
[2026-08-25 06:21:33] [OK] qsub output: Your job 6431439 ("adversarial_hpc_submit.pbs") has been submitted
[2026-08-25 06:21:33] [SUBMIT] RegNetX_400MF/Cifar100/APGD/ALL
[2026-08-25 06:21:33] [CMD] qsub -q all.q -l ngpus=1 -v MODEL="RegNetX_400MF",DATASET="Cifar100",ATTACK="APGD",KIND="ALL",PHASE="generate",OUTPUT_DIR="adversarial_results_ep300_pre100" adversarial_hpc_submit.pbs </dev/null
[2026-08-25 06:21:40] [OK] InceptionNet/Cifar10/PGD/ALL
[2026-08-25 06:21:40] [OK] qsub output: Your job 6431440 ("adversarial_hpc_submit.pbs") has been submitted
[2026-08-25 06:21:40] [SUBMIT] InceptionNet/Cifar10/FGSM/ALL
[2026-08-25 06:21:40] [CMD] qsub -q all.q -l ngpus=1 -v MODEL="InceptionNet",DATASET="Cifar10",ATTACK="FGSM",KIND="ALL",PHASE="generate",OUTPUT_DIR="adversarial_results_ep100_pre300" adversarial_hpc_submit.pbs </dev/null
[2026-08-25 06:21:42] [OK] InceptionNet/Cifar10/FGSM/ALL
[2026-08-25 06:21:43] [OK] qsub output: Your job 6431441 ("adversarial_hpc_submit.pbs") has been submitted
[2026-08-25 06:21:43] [SUBMIT] InceptionNet/Cifar10/IFGSM/ALL
[2026-08-25 06:21:43] [CMD] qsub -q all.q -l ngpus=1 -v MODEL="InceptionNet",DATASET="Cifar10",ATTACK="IFGSM",KIND="ALL",PHASE="generate",OUTPUT_DIR="adversarial_results_ep200_pre200" adversarial_hpc_submit.pbs </dev/null
[2026-08-25 06:21:45] [OK] RegNetX_400MF/Cifar100/APGD/ALL
[2026-08-25 06:21:45] [OK] qsub output: Your job 6431442 ("adversarial_hpc_submit.pbs") has been submitted
[2026-08-25 06:21:45] [SUBMIT] RegNetX_400MF/Cifar100/CW/ALL
[2026-08-25 06:21:45] [CMD] qsub -q all.q -l ngpus=1 -v MODEL="RegNetX_400MF",DATASET="Cifar100",ATTACK="CW",KIND="ALL",PHASE="generate",OUTPUT_DIR="adversarial_results_ep300_pre100" adversarial_hpc_submit.pbs </dev/null
[2026-08-25 06:21:46] [OK] InceptionNet/Cifar10/FGSM/ALL
[2026-08-25 06:21:46] [OK] qsub output: Your job 6431443 ("adversarial_hpc_submit.pbs") has been submitted
[2026-08-25 06:21:47] [SUBMIT] InceptionNet/Cifar10/IFGSM/ALL
[2026-08-25 06:21:47] [CMD] qsub -q all.q -l ngpus=1 -v MODEL="InceptionNet",DATASET="Cifar10",ATTACK="IFGSM",KIND="ALL",PHASE="generate",OUTPUT_DIR="adversarial_results_ep100_pre300" adversarial_hpc_submit.pbs </dev/null
[2026-08-25 06:21:48] [OK] RegNetX_400MF/Cifar100/CW/ALL
[2026-08-25 06:21:48] [OK] qsub output: Your job 6431445 ("adversarial_hpc_submit.pbs") has been submitted
[2026-08-25 06:21:48] [SUBMIT] RegNetX_400MF/Cifar100/DeepFool/ALL
[2026-08-25 06:21:48] [CMD] qsub -q all.q -l ngpus=1 -v MODEL="RegNetX_400MF",DATASET="Cifar100",ATTACK="DeepFool",KIND="ALL",PHASE="generate",OUTPUT_DIR="adversarial_results_ep300_pre100" adversarial_hpc_submit.pbs </dev/null
[2026-08-25 06:21:53] [OK] InceptionNet/Cifar10/IFGSM/ALL
[2026-08-25 06:21:53] [OK] qsub output: Your job 6431444 ("adversarial_hpc_submit.pbs") has been submitted
[2026-08-25 06:21:53] [SUBMIT] InceptionNet/Cifar10/BIM/ALL
[2026-08-25 06:21:53] [CMD] qsub -q all.q -l ngpus=1 -v MODEL="InceptionNet",DATASET="Cifar10",ATTACK="BIM",KIND="ALL",PHASE="generate",OUTPUT_DIR="adversarial_results_ep200_pre200" adversarial_hpc_submit.pbs </dev/null
[2026-08-25 06:21:58] [OK] InceptionNet/Cifar10/IFGSM/ALL
[2026-08-25 06:21:58] [OK] qsub output: Your job 6431446 ("adversarial_hpc_submit.pbs") has been submitted
[2026-08-25 06:21:58] [SUBMIT] InceptionNet/Cifar10/BIM/ALL
[2026-08-25 06:21:58] [CMD] qsub -q all.q -l ngpus=1 -v MODEL="InceptionNet",DATASET="Cifar10",ATTACK="BIM",KIND="ALL",PHASE="generate",OUTPUT_DIR="adversarial_results_ep100_pre300" adversarial_hpc_submit.pbs </dev/null
[2026-08-25 06:22:02] [OK] RegNetX_400MF/Cifar100/DeepFool/ALL
[2026-08-25 06:22:02] [OK] qsub output: Your job 6431447 ("adversarial_hpc_submit.pbs") has been submitted
[2026-08-25 06:22:02] [SUBMIT] InceptionNet/Cifar10/PGD/ALL
[2026-08-25 06:22:02] [CMD] qsub -q all.q -l ngpus=1 -v MODEL="InceptionNet",DATASET="Cifar10",ATTACK="PGD",KIND="ALL",PHASE="generate",OUTPUT_DIR="adversarial_results_ep300_pre100" adversarial_hpc_submit.pbs </dev/null
[2026-08-25 06:22:04] [OK] InceptionNet/Cifar10/BIM/ALL
[2026-08-25 06:22:04] [OK] qsub output: Your job 6431448 ("adversarial_hpc_submit.pbs") has been submitted
[2026-08-25 06:22:04] [SUBMIT] InceptionNet/Cifar10/APGD/ALL
[2026-08-25 06:22:04] [CMD] qsub -q all.q -l ngpus=1 -v MODEL="InceptionNet",DATASET="Cifar10",ATTACK="APGD",KIND="ALL",PHASE="generate",OUTPUT_DIR="adversarial_results_ep200_pre200" adversarial_hpc_submit.pbs </dev/null
[2026-08-25 06:22:07] [OK] InceptionNet/Cifar10/BIM/ALL
[2026-08-25 06:22:07] [OK] qsub output: Your job 6431449 ("adversarial_hpc_submit.pbs") has been submitted
[2026-08-25 06:22:07] [SUBMIT] InceptionNet/Cifar10/APGD/ALL
[2026-08-25 06:22:07] [CMD] qsub -q all.q -l ngpus=1 -v MODEL="InceptionNet",DATASET="Cifar10",ATTACK="APGD",KIND="ALL",PHASE="generate",OUTPUT_DIR="adversarial_results_ep100_pre300" adversarial_hpc_submit.pbs </dev/null
[2026-08-25 06:22:12] [OK] InceptionNet/Cifar10/APGD/ALL
[2026-08-25 06:22:12] [OK] qsub output: Your job 6431451 ("adversarial_hpc_submit.pbs") has been submitted
[2026-08-25 06:22:12] [SUBMIT] InceptionNet/Cifar10/CW/ALL
[2026-08-25 06:22:12] [CMD] qsub -q all.q -l ngpus=1 -v MODEL="InceptionNet",DATASET="Cifar10",ATTACK="CW",KIND="ALL",PHASE="generate",OUTPUT_DIR="adversarial_results_ep200_pre200" adversarial_hpc_submit.pbs </dev/null
[2026-08-25 06:22:13] [OK] InceptionNet/Cifar10/PGD/ALL
[2026-08-25 06:22:13] [OK] qsub output: Your job 6431450 ("adversarial_hpc_submit.pbs") has been submitted
[2026-08-25 06:22:14] [SUBMIT] InceptionNet/Cifar10/FGSM/ALL
[2026-08-25 06:22:14] [CMD] qsub -q all.q -l ngpus=1 -v MODEL="InceptionNet",DATASET="Cifar10",ATTACK="FGSM",KIND="ALL",PHASE="generate",OUTPUT_DIR="adversarial_results_ep300_pre100" adversarial_hpc_submit.pbs </dev/null
[2026-08-25 06:22:18] [OK] InceptionNet/Cifar10/APGD/ALL
[2026-08-25 06:22:18] [OK] qsub output: Your job 6431452 ("adversarial_hpc_submit.pbs") has been submitted
[2026-08-25 06:22:18] [SUBMIT] InceptionNet/Cifar10/CW/ALL
[2026-08-25 06:22:18] [CMD] qsub -q all.q -l ngpus=1 -v MODEL="InceptionNet",DATASET="Cifar10",ATTACK="CW",KIND="ALL",PHASE="generate",OUTPUT_DIR="adversarial_results_ep100_pre300" adversarial_hpc_submit.pbs </dev/null
[2026-08-25 06:22:20] [OK] InceptionNet/Cifar10/CW/ALL
[2026-08-25 06:22:20] [OK] qsub output: Your job 6431453 ("adversarial_hpc_submit.pbs") has been submitted
[2026-08-25 06:22:20] [SUBMIT] InceptionNet/Cifar10/DeepFool/ALL
[2026-08-25 06:22:20] [CMD] qsub -q all.q -l ngpus=1 -v MODEL="InceptionNet",DATASET="Cifar10",ATTACK="DeepFool",KIND="ALL",PHASE="generate",OUTPUT_DIR="adversarial_results_ep200_pre200" adversarial_hpc_submit.pbs </dev/null
[2026-08-25 06:22:23] [OK] InceptionNet/Cifar10/FGSM/ALL
[2026-08-25 06:22:23] [OK] qsub output: Your job 6431454 ("adversarial_hpc_submit.pbs") has been submitted
[2026-08-25 06:22:23] [SUBMIT] InceptionNet/Cifar10/IFGSM/ALL
[2026-08-25 06:22:23] [CMD] qsub -q all.q -l ngpus=1 -v MODEL="InceptionNet",DATASET="Cifar10",ATTACK="IFGSM",KIND="ALL",PHASE="generate",OUTPUT_DIR="adversarial_results_ep300_pre100" adversarial_hpc_submit.pbs </dev/null
[2026-08-25 06:22:25] [OK] InceptionNet/Cifar10/CW/ALL
[2026-08-25 06:22:25] [OK] qsub output: Your job 6431455 ("adversarial_hpc_submit.pbs") has been submitted
[2026-08-25 06:22:25] [SUBMIT] InceptionNet/Cifar10/DeepFool/ALL
[2026-08-25 06:22:25] [CMD] qsub -q all.q -l ngpus=1 -v MODEL="InceptionNet",DATASET="Cifar10",ATTACK="DeepFool",KIND="ALL",PHASE="generate",OUTPUT_DIR="adversarial_results_ep100_pre300" adversarial_hpc_submit.pbs </dev/null
[2026-08-25 06:22:26] [OK] InceptionNet/Cifar10/DeepFool/ALL
[2026-08-25 06:22:26] [OK] qsub output: Your job 6431456 ("adversarial_hpc_submit.pbs") has been submitted
[2026-08-25 06:22:27] [SUBMIT] InceptionNet/Cifar100/PGD/ALL
[2026-08-25 06:22:27] [CMD] qsub -q all.q -l ngpus=1 -v MODEL="InceptionNet",DATASET="Cifar100",ATTACK="PGD",KIND="ALL",PHASE="generate",OUTPUT_DIR="adversarial_results_ep200_pre200" adversarial_hpc_submit.pbs </dev/null
[2026-08-25 06:22:33] [OK] InceptionNet/Cifar10/IFGSM/ALL
[2026-08-25 06:22:33] [OK] qsub output: Your job 6431457 ("adversarial_hpc_submit.pbs") has been submitted
[2026-08-25 06:22:33] [SUBMIT] InceptionNet/Cifar10/BIM/ALL
[2026-08-25 06:22:33] [CMD] qsub -q all.q -l ngpus=1 -v MODEL="InceptionNet",DATASET="Cifar10",ATTACK="BIM",KIND="ALL",PHASE="generate",OUTPUT_DIR="adversarial_results_ep300_pre100" adversarial_hpc_submit.pbs </dev/null
[2026-08-25 06:22:36] [OK] InceptionNet/Cifar10/DeepFool/ALL
[2026-08-25 06:22:36] [OK] qsub output: Your job 6431458 ("adversarial_hpc_submit.pbs") has been submitted
[2026-08-25 06:22:37] [SUBMIT] InceptionNet/Cifar100/PGD/ALL
[2026-08-25 06:22:37] [CMD] qsub -q all.q -l ngpus=1 -v MODEL="InceptionNet",DATASET="Cifar100",ATTACK="PGD",KIND="ALL",PHASE="generate",OUTPUT_DIR="adversarial_results_ep100_pre300" adversarial_hpc_submit.pbs </dev/null
[2026-08-25 06:22:37] [OK] InceptionNet/Cifar100/PGD/ALL
[2026-08-25 06:22:37] [OK] qsub output: Your job 6431459 ("adversarial_hpc_submit.pbs") has been submitted
[2026-08-25 06:22:37] [SUBMIT] InceptionNet/Cifar100/FGSM/ALL
[2026-08-25 06:22:37] [CMD] qsub -q all.q -l ngpus=1 -v MODEL="InceptionNet",DATASET="Cifar100",ATTACK="FGSM",KIND="ALL",PHASE="generate",OUTPUT_DIR="adversarial_results_ep200_pre200" adversarial_hpc_submit.pbs </dev/null
[2026-08-25 06:22:42] [OK] InceptionNet/Cifar10/BIM/ALL
[2026-08-25 06:22:43] [OK] qsub output: Your job 6431460 ("adversarial_hpc_submit.pbs") has been submitted
[2026-08-25 06:22:43] [SUBMIT] InceptionNet/Cifar10/APGD/ALL
[2026-08-25 06:22:43] [CMD] qsub -q all.q -l ngpus=1 -v MODEL="InceptionNet",DATASET="Cifar10",ATTACK="APGD",KIND="ALL",PHASE="generate",OUTPUT_DIR="adversarial_results_ep300_pre100" adversarial_hpc_submit.pbs </dev/null
[2026-08-25 06:22:45] [OK] InceptionNet/Cifar100/PGD/ALL
[2026-08-25 06:22:45] [OK] qsub output: Your job 6431461 ("adversarial_hpc_submit.pbs") has been submitted
[2026-08-25 06:22:45] [SUBMIT] InceptionNet/Cifar100/FGSM/ALL
[2026-08-25 06:22:45] [CMD] qsub -q all.q -l ngpus=1 -v MODEL="InceptionNet",DATASET="Cifar100",ATTACK="FGSM",KIND="ALL",PHASE="generate",OUTPUT_DIR="adversarial_results_ep100_pre300" adversarial_hpc_submit.pbs </dev/null
[2026-08-25 06:22:47] [OK] InceptionNet/Cifar100/FGSM/ALL
[2026-08-25 06:22:47] [OK] qsub output: Your job 6431462 ("adversarial_hpc_submit.pbs") has been submitted
[2026-08-25 06:22:48] [SUBMIT] InceptionNet/Cifar100/IFGSM/ALL
[2026-08-25 06:22:48] [CMD] qsub -q all.q -l ngpus=1 -v MODEL="InceptionNet",DATASET="Cifar100",ATTACK="IFGSM",KIND="ALL",PHASE="generate",OUTPUT_DIR="adversarial_results_ep200_pre200" adversarial_hpc_submit.pbs </dev/null
[2026-08-25 06:22:51] [OK] InceptionNet/Cifar10/APGD/ALL
[2026-08-25 06:22:51] [OK] qsub output: Your job 6431463 ("adversarial_hpc_submit.pbs") has been submitted
[2026-08-25 06:22:51] [SUBMIT] InceptionNet/Cifar10/CW/ALL
[2026-08-25 06:22:51] [CMD] qsub -q all.q -l ngpus=1 -v MODEL="InceptionNet",DATASET="Cifar10",ATTACK="CW",KIND="ALL",PHASE="generate",OUTPUT_DIR="adversarial_results_ep300_pre100" adversarial_hpc_submit.pbs </dev/null
[2026-08-25 06:22:54] [OK] InceptionNet/Cifar100/IFGSM/ALL
[2026-08-25 06:22:55] [OK] qsub output: Your job 6431465 ("adversarial_hpc_submit.pbs") has been submitted
[2026-08-25 06:22:55] [SUBMIT] InceptionNet/Cifar100/BIM/ALL
[2026-08-25 06:22:55] [CMD] qsub -q all.q -l ngpus=1 -v MODEL="InceptionNet",DATASET="Cifar100",ATTACK="BIM",KIND="ALL",PHASE="generate",OUTPUT_DIR="adversarial_results_ep200_pre200" adversarial_hpc_submit.pbs </dev/null
[2026-08-25 06:22:55] [OK] InceptionNet/Cifar100/FGSM/ALL
[2026-08-25 06:22:55] [OK] qsub output: Your job 6431464 ("adversarial_hpc_submit.pbs") has been submitted
[2026-08-25 06:22:56] [SUBMIT] InceptionNet/Cifar100/IFGSM/ALL
[2026-08-25 06:22:56] [CMD] qsub -q all.q -l ngpus=1 -v MODEL="InceptionNet",DATASET="Cifar100",ATTACK="IFGSM",KIND="ALL",PHASE="generate",OUTPUT_DIR="adversarial_results_ep100_pre300" adversarial_hpc_submit.pbs </dev/null
[2026-08-25 06:23:00] [OK] InceptionNet/Cifar100/BIM/ALL
[2026-08-25 06:23:00] [OK] qsub output: Your job 6431467 ("adversarial_hpc_submit.pbs") has been submitted
[2026-08-25 06:23:00] [SUBMIT] InceptionNet/Cifar100/APGD/ALL
[2026-08-25 06:23:00] [CMD] qsub -q all.q -l ngpus=1 -v MODEL="InceptionNet",DATASET="Cifar100",ATTACK="APGD",KIND="ALL",PHASE="generate",OUTPUT_DIR="adversarial_results_ep200_pre200" adversarial_hpc_submit.pbs </dev/null
[2026-08-25 06:23:03] [OK] InceptionNet/Cifar100/IFGSM/ALL
[2026-08-25 06:23:03] [OK] qsub output: Your job 6431468 ("adversarial_hpc_submit.pbs") has been submitted
[2026-08-25 06:23:03] [SUBMIT] InceptionNet/Cifar100/BIM/ALL
[2026-08-25 06:23:03] [CMD] qsub -q all.q -l ngpus=1 -v MODEL="InceptionNet",DATASET="Cifar100",ATTACK="BIM",KIND="ALL",PHASE="generate",OUTPUT_DIR="adversarial_results_ep100_pre300" adversarial_hpc_submit.pbs </dev/null
[2026-08-25 06:23:03] [OK] InceptionNet/Cifar10/CW/ALL
[2026-08-25 06:23:03] [OK] qsub output: Your job 6431466 ("adversarial_hpc_submit.pbs") has been submitted
[2026-08-25 06:23:03] [SUBMIT] InceptionNet/Cifar10/DeepFool/ALL
[2026-08-25 06:23:03] [CMD] qsub -q all.q -l ngpus=1 -v MODEL="InceptionNet",DATASET="Cifar10",ATTACK="DeepFool",KIND="ALL",PHASE="generate",OUTPUT_DIR="adversarial_results_ep300_pre100" adversarial_hpc_submit.pbs </dev/null
[2026-08-25 06:23:06] [OK] InceptionNet/Cifar100/APGD/ALL
[2026-08-25 06:23:07] [OK] qsub output: Your job 6431469 ("adversarial_hpc_submit.pbs") has been submitted
[2026-08-25 06:23:07] [SUBMIT] InceptionNet/Cifar100/CW/ALL
[2026-08-25 06:23:07] [CMD] qsub -q all.q -l ngpus=1 -v MODEL="InceptionNet",DATASET="Cifar100",ATTACK="CW",KIND="ALL",PHASE="generate",OUTPUT_DIR="adversarial_results_ep200_pre200" adversarial_hpc_submit.pbs </dev/null
[2026-08-25 06:23:08] [OK] InceptionNet/Cifar100/BIM/ALL
[2026-08-25 06:23:08] [OK] qsub output: Your job 6431470 ("adversarial_hpc_submit.pbs") has been submitted
[2026-08-25 06:23:08] [SUBMIT] InceptionNet/Cifar100/APGD/ALL
[2026-08-25 06:23:08] [CMD] qsub -q all.q -l ngpus=1 -v MODEL="InceptionNet",DATASET="Cifar100",ATTACK="APGD",KIND="ALL",PHASE="generate",OUTPUT_DIR="adversarial_results_ep100_pre300" adversarial_hpc_submit.pbs </dev/null
[2026-08-25 06:23:09] [OK] InceptionNet/Cifar10/DeepFool/ALL
[2026-08-25 06:23:09] [OK] qsub output: Your job 6431471 ("adversarial_hpc_submit.pbs") has been submitted
[2026-08-25 06:23:09] [SUBMIT] InceptionNet/Cifar100/PGD/ALL
[2026-08-25 06:23:10] [CMD] qsub -q all.q -l ngpus=1 -v MODEL="InceptionNet",DATASET="Cifar100",ATTACK="PGD",KIND="ALL",PHASE="generate",OUTPUT_DIR="adversarial_results_ep300_pre100" adversarial_hpc_submit.pbs </dev/null
[2026-08-25 06:23:10] [OK] InceptionNet/Cifar100/CW/ALL
[2026-08-25 06:23:10] [OK] qsub output: Your job 6431472 ("adversarial_hpc_submit.pbs") has been submitted
[2026-08-25 06:23:10] [SUBMIT] InceptionNet/Cifar100/DeepFool/ALL
[2026-08-25 06:23:10] [CMD] qsub -q all.q -l ngpus=1 -v MODEL="InceptionNet",DATASET="Cifar100",ATTACK="DeepFool",KIND="ALL",PHASE="generate",OUTPUT_DIR="adversarial_results_ep200_pre200" adversarial_hpc_submit.pbs </dev/null
[2026-08-25 06:23:11] [OK] InceptionNet/Cifar100/PGD/ALL
[2026-08-25 06:23:12] [OK] qsub output: Your job 6431474 ("adversarial_hpc_submit.pbs") has been submitted
[2026-08-25 06:23:12] [SUBMIT] InceptionNet/Cifar100/FGSM/ALL
[2026-08-25 06:23:12] [CMD] qsub -q all.q -l ngpus=1 -v MODEL="InceptionNet",DATASET="Cifar100",ATTACK="FGSM",KIND="ALL",PHASE="generate",OUTPUT_DIR="adversarial_results_ep300_pre100" adversarial_hpc_submit.pbs </dev/null
[2026-08-25 06:23:14] [OK] InceptionNet/Cifar100/DeepFool/ALL
[2026-08-25 06:23:14] [OK] qsub output: Your job 6431475 ("adversarial_hpc_submit.pbs") has been submitted
[2026-08-25 06:23:14] [SUBMIT] MobileNet/Cifar10/PGD/ALL
[2026-08-25 06:23:14] [CMD] qsub -q all.q -l ngpus=1 -v MODEL="MobileNet",DATASET="Cifar10",ATTACK="PGD",KIND="ALL",PHASE="generate",OUTPUT_DIR="adversarial_results_ep200_pre200" adversarial_hpc_submit.pbs </dev/null
[2026-08-25 06:23:16] [OK] InceptionNet/Cifar100/APGD/ALL
[2026-08-25 06:23:16] [OK] qsub output: Your job 6431473 ("adversarial_hpc_submit.pbs") has been submitted
[2026-08-25 06:23:17] [SUBMIT] InceptionNet/Cifar100/CW/ALL
[2026-08-25 06:23:17] [CMD] qsub -q all.q -l ngpus=1 -v MODEL="InceptionNet",DATASET="Cifar100",ATTACK="CW",KIND="ALL",PHASE="generate",OUTPUT_DIR="adversarial_results_ep100_pre300" adversarial_hpc_submit.pbs </dev/null
[2026-08-25 06:23:18] [OK] MobileNet/Cifar10/PGD/ALL
[2026-08-25 06:23:19] [OK] qsub output: Your job 6431477 ("adversarial_hpc_submit.pbs") has been submitted
[2026-08-25 06:23:19] [SUBMIT] MobileNet/Cifar10/FGSM/ALL
[2026-08-25 06:23:19] [CMD] qsub -q all.q -l ngpus=1 -v MODEL="MobileNet",DATASET="Cifar10",ATTACK="FGSM",KIND="ALL",PHASE="generate",OUTPUT_DIR="adversarial_results_ep200_pre200" adversarial_hpc_submit.pbs </dev/null
[2026-08-25 06:23:20] [OK] InceptionNet/Cifar100/CW/ALL
[2026-08-25 06:23:20] [OK] qsub output: Your job 6431478 ("adversarial_hpc_submit.pbs") has been submitted
[2026-08-25 06:23:20] [SUBMIT] InceptionNet/Cifar100/DeepFool/ALL
[2026-08-25 06:23:20] [CMD] qsub -q all.q -l ngpus=1 -v MODEL="InceptionNet",DATASET="Cifar100",ATTACK="DeepFool",KIND="ALL",PHASE="generate",OUTPUT_DIR="adversarial_results_ep100_pre300" adversarial_hpc_submit.pbs </dev/null
[2026-08-25 06:23:21] [OK] InceptionNet/Cifar100/FGSM/ALL
[2026-08-25 06:23:21] [OK] qsub output: Your job 6431476 ("adversarial_hpc_submit.pbs") has been submitted
[2026-08-25 06:23:21] [SUBMIT] InceptionNet/Cifar100/IFGSM/ALL
[2026-08-25 06:23:21] [CMD] qsub -q all.q -l ngpus=1 -v MODEL="InceptionNet",DATASET="Cifar100",ATTACK="IFGSM",KIND="ALL",PHASE="generate",OUTPUT_DIR="adversarial_results_ep300_pre100" adversarial_hpc_submit.pbs </dev/null
[2026-08-25 06:23:24] [OK] MobileNet/Cifar10/FGSM/ALL
[2026-08-25 06:23:24] [OK] qsub output: Your job 6431479 ("adversarial_hpc_submit.pbs") has been submitted
[2026-08-25 06:23:24] [SUBMIT] MobileNet/Cifar10/IFGSM/ALL
[2026-08-25 06:23:24] [CMD] qsub -q all.q -l ngpus=1 -v MODEL="MobileNet",DATASET="Cifar10",ATTACK="IFGSM",KIND="ALL",PHASE="generate",OUTPUT_DIR="adversarial_results_ep200_pre200" adversarial_hpc_submit.pbs </dev/null
[2026-08-25 06:23:26] [OK] InceptionNet/Cifar100/IFGSM/ALL
[2026-08-25 06:23:26] [OK] qsub output: Your job 6431481 ("adversarial_hpc_submit.pbs") has been submitted
[2026-08-25 06:23:26] [SUBMIT] InceptionNet/Cifar100/BIM/ALL
[2026-08-25 06:23:26] [CMD] qsub -q all.q -l ngpus=1 -v MODEL="InceptionNet",DATASET="Cifar100",ATTACK="BIM",KIND="ALL",PHASE="generate",OUTPUT_DIR="adversarial_results_ep300_pre100" adversarial_hpc_submit.pbs </dev/null
[2026-08-25 06:23:29] [OK] InceptionNet/Cifar100/DeepFool/ALL
[2026-08-25 06:23:29] [OK] qsub output: Your job 6431480 ("adversarial_hpc_submit.pbs") has been submitted
[2026-08-25 06:23:29] [SUBMIT] MobileNet/Cifar10/PGD/ALL
[2026-08-25 06:23:29] [CMD] qsub -q all.q -l ngpus=1 -v MODEL="MobileNet",DATASET="Cifar10",ATTACK="PGD",KIND="ALL",PHASE="generate",OUTPUT_DIR="adversarial_results_ep100_pre300" adversarial_hpc_submit.pbs </dev/null
[2026-08-25 06:23:35] [OK] MobileNet/Cifar10/IFGSM/ALL
[2026-08-25 06:23:35] [OK] qsub output: Your job 6431482 ("adversarial_hpc_submit.pbs") has been submitted
[2026-08-25 06:23:35] [SUBMIT] MobileNet/Cifar10/BIM/ALL
[2026-08-25 06:23:35] [CMD] qsub -q all.q -l ngpus=1 -v MODEL="MobileNet",DATASET="Cifar10",ATTACK="BIM",KIND="ALL",PHASE="generate",OUTPUT_DIR="adversarial_results_ep200_pre200" adversarial_hpc_submit.pbs </dev/null
[2026-08-25 06:23:38] [OK] InceptionNet/Cifar100/BIM/ALL
[2026-08-25 06:23:38] [OK] qsub output: Your job 6431483 ("adversarial_hpc_submit.pbs") has been submitted
[2026-08-25 06:23:38] [SUBMIT] InceptionNet/Cifar100/APGD/ALL
[2026-08-25 06:23:38] [CMD] qsub -q all.q -l ngpus=1 -v MODEL="InceptionNet",DATASET="Cifar100",ATTACK="APGD",KIND="ALL",PHASE="generate",OUTPUT_DIR="adversarial_results_ep300_pre100" adversarial_hpc_submit.pbs </dev/null
[2026-08-25 06:23:44] [OK] MobileNet/Cifar10/PGD/ALL
[2026-08-25 06:23:44] [OK] qsub output: Your job 6431484 ("adversarial_hpc_submit.pbs") has been submitted
[2026-08-25 06:23:44] [SUBMIT] MobileNet/Cifar10/FGSM/ALL
[2026-08-25 06:23:44] [CMD] qsub -q all.q -l ngpus=1 -v MODEL="MobileNet",DATASET="Cifar10",ATTACK="FGSM",KIND="ALL",PHASE="generate",OUTPUT_DIR="adversarial_results_ep100_pre300" adversarial_hpc_submit.pbs </dev/null
[2026-08-25 06:23:46] [OK] MobileNet/Cifar10/BIM/ALL
[2026-08-25 06:23:46] [OK] qsub output: Your job 6431485 ("adversarial_hpc_submit.pbs") has been submitted
[2026-08-25 06:23:46] [SUBMIT] MobileNet/Cifar10/APGD/ALL
[2026-08-25 06:23:46] [CMD] qsub -q all.q -l ngpus=1 -v MODEL="MobileNet",DATASET="Cifar10",ATTACK="APGD",KIND="ALL",PHASE="generate",OUTPUT_DIR="adversarial_results_ep200_pre200" adversarial_hpc_submit.pbs </dev/null
[2026-08-25 06:23:48] [OK] InceptionNet/Cifar100/APGD/ALL
[2026-08-25 06:23:48] [OK] qsub output: Your job 6431486 ("adversarial_hpc_submit.pbs") has been submitted
[2026-08-25 06:23:48] [SUBMIT] InceptionNet/Cifar100/CW/ALL
[2026-08-25 06:23:48] [CMD] qsub -q all.q -l ngpus=1 -v MODEL="InceptionNet",DATASET="Cifar100",ATTACK="CW",KIND="ALL",PHASE="generate",OUTPUT_DIR="adversarial_results_ep300_pre100" adversarial_hpc_submit.pbs </dev/null
[2026-08-25 06:23:51] [OK] MobileNet/Cifar10/APGD/ALL
[2026-08-25 06:23:51] [OK] qsub output: Your job 6431488 ("adversarial_hpc_submit.pbs") has been submitted
[2026-08-25 06:23:51] [SUBMIT] MobileNet/Cifar10/CW/ALL
[2026-08-25 06:23:51] [CMD] qsub -q all.q -l ngpus=1 -v MODEL="MobileNet",DATASET="Cifar10",ATTACK="CW",KIND="ALL",PHASE="generate",OUTPUT_DIR="adversarial_results_ep200_pre200" adversarial_hpc_submit.pbs </dev/null
[2026-08-25 06:23:55] [OK] MobileNet/Cifar10/FGSM/ALL
[2026-08-25 06:23:55] [OK] qsub output: Your job 6431487 ("adversarial_hpc_submit.pbs") has been submitted
[2026-08-25 06:23:55] [SUBMIT] MobileNet/Cifar10/IFGSM/ALL
[2026-08-25 06:23:55] [CMD] qsub -q all.q -l ngpus=1 -v MODEL="MobileNet",DATASET="Cifar10",ATTACK="IFGSM",KIND="ALL",PHASE="generate",OUTPUT_DIR="adversarial_results_ep100_pre300" adversarial_hpc_submit.pbs </dev/null
[2026-08-25 06:23:58] [OK] InceptionNet/Cifar100/CW/ALL
[2026-08-25 06:23:58] [OK] qsub output: Your job 6431489 ("adversarial_hpc_submit.pbs") has been submitted
[2026-08-25 06:23:58] [SUBMIT] InceptionNet/Cifar100/DeepFool/ALL
[2026-08-25 06:23:58] [CMD] qsub -q all.q -l ngpus=1 -v MODEL="InceptionNet",DATASET="Cifar100",ATTACK="DeepFool",KIND="ALL",PHASE="generate",OUTPUT_DIR="adversarial_results_ep300_pre100" adversarial_hpc_submit.pbs </dev/null
[2026-08-25 06:24:04] [OK] MobileNet/Cifar10/CW/ALL
[2026-08-25 06:24:04] [OK] qsub output: Your job 6431490 ("adversarial_hpc_submit.pbs") has been submitted
[2026-08-25 06:24:04] [SUBMIT] MobileNet/Cifar10/DeepFool/ALL
[2026-08-25 06:24:04] [CMD] qsub -q all.q -l ngpus=1 -v MODEL="MobileNet",DATASET="Cifar10",ATTACK="DeepFool",KIND="ALL",PHASE="generate",OUTPUT_DIR="adversarial_results_ep200_pre200" adversarial_hpc_submit.pbs </dev/null
[2026-08-25 06:24:06] [OK] MobileNet/Cifar10/IFGSM/ALL
[2026-08-25 06:24:06] [OK] qsub output: Your job 6431491 ("adversarial_hpc_submit.pbs") has been submitted
[2026-08-25 06:24:06] [SUBMIT] MobileNet/Cifar10/BIM/ALL
[2026-08-25 06:24:06] [CMD] qsub -q all.q -l ngpus=1 -v MODEL="MobileNet",DATASET="Cifar10",ATTACK="BIM",KIND="ALL",PHASE="generate",OUTPUT_DIR="adversarial_results_ep100_pre300" adversarial_hpc_submit.pbs </dev/null
[2026-08-25 06:24:08] [OK] InceptionNet/Cifar100/DeepFool/ALL
[2026-08-25 06:24:08] [OK] qsub output: Your job 6431492 ("adversarial_hpc_submit.pbs") has been submitted
[2026-08-25 06:24:08] [SUBMIT] MobileNet/Cifar10/PGD/ALL
[2026-08-25 06:24:08] [CMD] qsub -q all.q -l ngpus=1 -v MODEL="MobileNet",DATASET="Cifar10",ATTACK="PGD",KIND="ALL",PHASE="generate",OUTPUT_DIR="adversarial_results_ep300_pre100" adversarial_hpc_submit.pbs </dev/null
[2026-08-25 06:24:12] [OK] MobileNet/Cifar10/BIM/ALL
[2026-08-25 06:24:12] [OK] qsub output: Your job 6431494 ("adversarial_hpc_submit.pbs") has been submitted
[2026-08-25 06:24:12] [SUBMIT] MobileNet/Cifar10/APGD/ALL
[2026-08-25 06:24:12] [CMD] qsub -q all.q -l ngpus=1 -v MODEL="MobileNet",DATASET="Cifar10",ATTACK="APGD",KIND="ALL",PHASE="generate",OUTPUT_DIR="adversarial_results_ep100_pre300" adversarial_hpc_submit.pbs </dev/null
[2026-08-25 06:24:14] [OK] MobileNet/Cifar10/DeepFool/ALL
[2026-08-25 06:24:14] [OK] qsub output: Your job 6431493 ("adversarial_hpc_submit.pbs") has been submitted
[2026-08-25 06:24:14] [SUBMIT] MobileNet/Cifar100/PGD/ALL
[2026-08-25 06:24:14] [CMD] qsub -q all.q -l ngpus=1 -v MODEL="MobileNet",DATASET="Cifar100",ATTACK="PGD",KIND="ALL",PHASE="generate",OUTPUT_DIR="adversarial_results_ep200_pre200" adversarial_hpc_submit.pbs </dev/null
[2026-08-25 06:24:17] [OK] MobileNet/Cifar10/PGD/ALL
[2026-08-25 06:24:17] [OK] qsub output: Your job 6431495 ("adversarial_hpc_submit.pbs") has been submitted
[2026-08-25 06:24:17] [SUBMIT] MobileNet/Cifar10/FGSM/ALL
[2026-08-25 06:24:17] [CMD] qsub -q all.q -l ngpus=1 -v MODEL="MobileNet",DATASET="Cifar10",ATTACK="FGSM",KIND="ALL",PHASE="generate",OUTPUT_DIR="adversarial_results_ep300_pre100" adversarial_hpc_submit.pbs </dev/null
[2026-08-25 06:24:18] [OK] MobileNet/Cifar10/APGD/ALL
[2026-08-25 06:24:18] [OK] qsub output: Your job 6431496 ("adversarial_hpc_submit.pbs") has been submitted
[2026-08-25 06:24:18] [SUBMIT] MobileNet/Cifar10/CW/ALL
[2026-08-25 06:24:18] [CMD] qsub -q all.q -l ngpus=1 -v MODEL="MobileNet",DATASET="Cifar10",ATTACK="CW",KIND="ALL",PHASE="generate",OUTPUT_DIR="adversarial_results_ep100_pre300" adversarial_hpc_submit.pbs </dev/null
[2026-08-25 06:24:23] [OK] MobileNet/Cifar10/FGSM/ALL
[2026-08-25 06:24:23] [OK] qsub output: Your job 6431498 ("adversarial_hpc_submit.pbs") has been submitted
[2026-08-25 06:24:23] [SUBMIT] MobileNet/Cifar10/IFGSM/ALL
[2026-08-25 06:24:23] [CMD] qsub -q all.q -l ngpus=1 -v MODEL="MobileNet",DATASET="Cifar10",ATTACK="IFGSM",KIND="ALL",PHASE="generate",OUTPUT_DIR="adversarial_results_ep300_pre100" adversarial_hpc_submit.pbs </dev/null
[2026-08-25 06:24:27] [OK] MobileNet/Cifar100/PGD/ALL
[2026-08-25 06:24:27] [OK] qsub output: Your job 6431497 ("adversarial_hpc_submit.pbs") has been submitted
[2026-08-25 06:24:27] [SUBMIT] MobileNet/Cifar100/FGSM/ALL
[2026-08-25 06:24:27] [CMD] qsub -q all.q -l ngpus=1 -v MODEL="MobileNet",DATASET="Cifar100",ATTACK="FGSM",KIND="ALL",PHASE="generate",OUTPUT_DIR="adversarial_results_ep200_pre200" adversarial_hpc_submit.pbs </dev/null
[2026-08-25 06:24:32] [OK] MobileNet/Cifar10/CW/ALL
[2026-08-25 06:24:32] [OK] qsub output: Your job 6431499 ("adversarial_hpc_submit.pbs") has been submitted
[2026-08-25 06:24:32] [SUBMIT] MobileNet/Cifar10/DeepFool/ALL
[2026-08-25 06:24:32] [CMD] qsub -q all.q -l ngpus=1 -v MODEL="MobileNet",DATASET="Cifar10",ATTACK="DeepFool",KIND="ALL",PHASE="generate",OUTPUT_DIR="adversarial_results_ep100_pre300" adversarial_hpc_submit.pbs </dev/null
[2026-08-25 06:24:33] [OK] MobileNet/Cifar10/IFGSM/ALL
[2026-08-25 06:24:33] [OK] qsub output: Your job 6431500 ("adversarial_hpc_submit.pbs") has been submitted
[2026-08-25 06:24:33] [SUBMIT] MobileNet/Cifar10/BIM/ALL
[2026-08-25 06:24:33] [CMD] qsub -q all.q -l ngpus=1 -v MODEL="MobileNet",DATASET="Cifar10",ATTACK="BIM",KIND="ALL",PHASE="generate",OUTPUT_DIR="adversarial_results_ep300_pre100" adversarial_hpc_submit.pbs </dev/null
[2026-08-25 06:24:36] [OK] MobileNet/Cifar100/FGSM/ALL
[2026-08-25 06:24:36] [OK] qsub output: Your job 6431501 ("adversarial_hpc_submit.pbs") has been submitted
[2026-08-25 06:24:37] [SUBMIT] MobileNet/Cifar100/IFGSM/ALL
[2026-08-25 06:24:37] [CMD] qsub -q all.q -l ngpus=1 -v MODEL="MobileNet",DATASET="Cifar100",ATTACK="IFGSM",KIND="ALL",PHASE="generate",OUTPUT_DIR="adversarial_results_ep200_pre200" adversarial_hpc_submit.pbs </dev/null
[2026-08-25 06:24:38] [OK] MobileNet/Cifar10/DeepFool/ALL
[2026-08-25 06:24:39] [OK] qsub output: Your job 6431503 ("adversarial_hpc_submit.pbs") has been submitted
[2026-08-25 06:24:39] [SUBMIT] MobileNet/Cifar100/PGD/ALL
[2026-08-25 06:24:39] [CMD] qsub -q all.q -l ngpus=1 -v MODEL="MobileNet",DATASET="Cifar100",ATTACK="PGD",KIND="ALL",PHASE="generate",OUTPUT_DIR="adversarial_results_ep100_pre300" adversarial_hpc_submit.pbs </dev/null
[2026-08-25 06:24:45] [OK] MobileNet/Cifar10/BIM/ALL
[2026-08-25 06:24:45] [OK] qsub output: Your job 6431504 ("adversarial_hpc_submit.pbs") has been submitted
[2026-08-25 06:24:46] [SUBMIT] MobileNet/Cifar10/APGD/ALL
[2026-08-25 06:24:46] [CMD] qsub -q all.q -l ngpus=1 -v MODEL="MobileNet",DATASET="Cifar10",ATTACK="APGD",KIND="ALL",PHASE="generate",OUTPUT_DIR="adversarial_results_ep300_pre100" adversarial_hpc_submit.pbs </dev/null
[2026-08-25 06:24:47] [OK] MobileNet/Cifar100/IFGSM/ALL
[2026-08-25 06:24:47] [OK] qsub output: Your job 6431505 ("adversarial_hpc_submit.pbs") has been submitted
[2026-08-25 06:24:47] [SUBMIT] MobileNet/Cifar100/BIM/ALL
[2026-08-25 06:24:47] [CMD] qsub -q all.q -l ngpus=1 -v MODEL="MobileNet",DATASET="Cifar100",ATTACK="BIM",KIND="ALL",PHASE="generate",OUTPUT_DIR="adversarial_results_ep200_pre200" adversarial_hpc_submit.pbs </dev/null
[2026-08-25 06:24:50] [OK] MobileNet/Cifar10/APGD/ALL
[2026-08-25 06:24:50] [OK] qsub output: Your job 6431507 ("adversarial_hpc_submit.pbs") has been submitted
[2026-08-25 06:24:50] [SUBMIT] MobileNet/Cifar10/CW/ALL
[2026-08-25 06:24:50] [CMD] qsub -q all.q -l ngpus=1 -v MODEL="MobileNet",DATASET="Cifar10",ATTACK="CW",KIND="ALL",PHASE="generate",OUTPUT_DIR="adversarial_results_ep300_pre100" adversarial_hpc_submit.pbs </dev/null
[2026-08-25 06:24:53] [OK] MobileNet/Cifar100/PGD/ALL
[2026-08-25 06:24:53] [OK] qsub output: Your job 6431506 ("adversarial_hpc_submit.pbs") has been submitted
[2026-08-25 06:24:54] [SUBMIT] MobileNet/Cifar100/FGSM/ALL
[2026-08-25 06:24:54] [CMD] qsub -q all.q -l ngpus=1 -v MODEL="MobileNet",DATASET="Cifar100",ATTACK="FGSM",KIND="ALL",PHASE="generate",OUTPUT_DIR="adversarial_results_ep100_pre300" adversarial_hpc_submit.pbs </dev/null
[2026-08-25 06:24:57] [OK] MobileNet/Cifar100/BIM/ALL
[2026-08-25 06:24:57] [OK] qsub output: Your job 6431508 ("adversarial_hpc_submit.pbs") has been submitted
[2026-08-25 06:24:57] [SUBMIT] MobileNet/Cifar100/APGD/ALL
[2026-08-25 06:24:57] [CMD] qsub -q all.q -l ngpus=1 -v MODEL="MobileNet",DATASET="Cifar100",ATTACK="APGD",KIND="ALL",PHASE="generate",OUTPUT_DIR="adversarial_results_ep200_pre200" adversarial_hpc_submit.pbs </dev/null
[2026-08-25 06:24:58] [OK] MobileNet/Cifar10/CW/ALL
[2026-08-25 06:24:58] [OK] qsub output: Your job 6431509 ("adversarial_hpc_submit.pbs") has been submitted
[2026-08-25 06:24:58] [SUBMIT] MobileNet/Cifar10/DeepFool/ALL
[2026-08-25 06:24:58] [CMD] qsub -q all.q -l ngpus=1 -v MODEL="MobileNet",DATASET="Cifar10",ATTACK="DeepFool",KIND="ALL",PHASE="generate",OUTPUT_DIR="adversarial_results_ep300_pre100" adversarial_hpc_submit.pbs </dev/null
[2026-08-25 06:25:04] [OK] MobileNet/Cifar100/FGSM/ALL
[2026-08-25 06:25:04] [OK] qsub output: Your job 6431511 ("adversarial_hpc_submit.pbs") has been submitted
[2026-08-25 06:25:04] [SUBMIT] MobileNet/Cifar100/IFGSM/ALL
[2026-08-25 06:25:04] [CMD] qsub -q all.q -l ngpus=1 -v MODEL="MobileNet",DATASET="Cifar100",ATTACK="IFGSM",KIND="ALL",PHASE="generate",OUTPUT_DIR="adversarial_results_ep100_pre300" adversarial_hpc_submit.pbs </dev/null
[2026-08-25 06:25:04] [OK] MobileNet/Cifar100/APGD/ALL
[2026-08-25 06:25:04] [OK] qsub output: Your job 6431512 ("adversarial_hpc_submit.pbs") has been submitted
[2026-08-25 06:25:04] [SUBMIT] MobileNet/Cifar100/CW/ALL
[2026-08-25 06:25:04] [CMD] qsub -q all.q -l ngpus=1 -v MODEL="MobileNet",DATASET="Cifar100",ATTACK="CW",KIND="ALL",PHASE="generate",OUTPUT_DIR="adversarial_results_ep200_pre200" adversarial_hpc_submit.pbs </dev/null
[2026-08-25 06:25:13] [OK] MobileNet/Cifar10/DeepFool/ALL
[2026-08-25 06:25:13] [OK] qsub output: Your job 6431513 ("adversarial_hpc_submit.pbs") has been submitted
[2026-08-25 06:25:13] [SUBMIT] MobileNet/Cifar100/PGD/ALL
[2026-08-25 06:25:13] [CMD] qsub -q all.q -l ngpus=1 -v MODEL="MobileNet",DATASET="Cifar100",ATTACK="PGD",KIND="ALL",PHASE="generate",OUTPUT_DIR="adversarial_results_ep300_pre100" adversarial_hpc_submit.pbs </dev/null
[2026-08-25 06:25:16] [OK] MobileNet/Cifar100/CW/ALL
[2026-08-25 06:25:16] [OK] qsub output: Your job 6431516 ("adversarial_hpc_submit.pbs") has been submitted
[2026-08-25 06:25:16] [SUBMIT] MobileNet/Cifar100/DeepFool/ALL
[2026-08-25 06:25:16] [CMD] qsub -q all.q -l ngpus=1 -v MODEL="MobileNet",DATASET="Cifar100",ATTACK="DeepFool",KIND="ALL",PHASE="generate",OUTPUT_DIR="adversarial_results_ep200_pre200" adversarial_hpc_submit.pbs </dev/null
[2026-08-25 06:25:17] [OK] MobileNet/Cifar100/IFGSM/ALL
[2026-08-25 06:25:17] [OK] qsub output: Your job 6431515 ("adversarial_hpc_submit.pbs") has been submitted
[2026-08-25 06:25:17] [SUBMIT] MobileNet/Cifar100/BIM/ALL
[2026-08-25 06:25:17] [CMD] qsub -q all.q -l ngpus=1 -v MODEL="MobileNet",DATASET="Cifar100",ATTACK="BIM",KIND="ALL",PHASE="generate",OUTPUT_DIR="adversarial_results_ep100_pre300" adversarial_hpc_submit.pbs </dev/null
[2026-08-25 06:25:20] [OK] MobileNet/Cifar100/PGD/ALL
[2026-08-25 06:25:20] [OK] qsub output: Your job 6431518 ("adversarial_hpc_submit.pbs") has been submitted
[2026-08-25 06:25:20] [SUBMIT] MobileNet/Cifar100/FGSM/ALL
[2026-08-25 06:25:20] [CMD] qsub -q all.q -l ngpus=1 -v MODEL="MobileNet",DATASET="Cifar100",ATTACK="FGSM",KIND="ALL",PHASE="generate",OUTPUT_DIR="adversarial_results_ep300_pre100" adversarial_hpc_submit.pbs </dev/null
[2026-08-25 06:25:22] [OK] MobileNet/Cifar100/DeepFool/ALL
[2026-08-25 06:25:22] [OK] qsub output: Your job 6431519 ("adversarial_hpc_submit.pbs") has been submitted
[2026-08-25 06:25:22] [SUBMIT] XceptionNet/Cifar10/PGD/ALL
[2026-08-25 06:25:22] [CMD] qsub -q all.q -l ngpus=1 -v MODEL="XceptionNet",DATASET="Cifar10",ATTACK="PGD",KIND="ALL",PHASE="generate",OUTPUT_DIR="adversarial_results_ep200_pre200" adversarial_hpc_submit.pbs </dev/null
[2026-08-25 06:25:24] [OK] MobileNet/Cifar100/FGSM/ALL
[2026-08-25 06:25:25] [OK] MobileNet/Cifar100/BIM/ALL
[2026-08-25 06:25:25] [OK] qsub output: Your job 6431521 ("adversarial_hpc_submit.pbs") has been submitted
[2026-08-25 06:25:25] [OK] qsub output: Your job 6431520 ("adversarial_hpc_submit.pbs") has been submitted
[2026-08-25 06:25:25] [SUBMIT] MobileNet/Cifar100/IFGSM/ALL
[2026-08-25 06:25:25] [SUBMIT] MobileNet/Cifar100/APGD/ALL
[2026-08-25 06:25:25] [CMD] qsub -q all.q -l ngpus=1 -v MODEL="MobileNet",DATASET="Cifar100",ATTACK="IFGSM",KIND="ALL",PHASE="generate",OUTPUT_DIR="adversarial_results_ep300_pre100" adversarial_hpc_submit.pbs </dev/null
[2026-08-25 06:25:25] [CMD] qsub -q all.q -l ngpus=1 -v MODEL="MobileNet",DATASET="Cifar100",ATTACK="APGD",KIND="ALL",PHASE="generate",OUTPUT_DIR="adversarial_results_ep100_pre300" adversarial_hpc_submit.pbs </dev/null
[2026-08-25 06:25:27] [OK] XceptionNet/Cifar10/PGD/ALL
[2026-08-25 06:25:27] [OK] qsub output: Your job 6431522 ("adversarial_hpc_submit.pbs") has been submitted
[2026-08-25 06:25:27] [SUBMIT] XceptionNet/Cifar10/FGSM/ALL
[2026-08-25 06:25:27] [CMD] qsub -q all.q -l ngpus=1 -v MODEL="XceptionNet",DATASET="Cifar10",ATTACK="FGSM",KIND="ALL",PHASE="generate",OUTPUT_DIR="adversarial_results_ep200_pre200" adversarial_hpc_submit.pbs </dev/null
[2026-08-25 06:25:32] [OK] MobileNet/Cifar100/IFGSM/ALL
[2026-08-25 06:25:32] [OK] qsub output: Your job 6431523 ("adversarial_hpc_submit.pbs") has been submitted
[2026-08-25 06:25:32] [SUBMIT] MobileNet/Cifar100/BIM/ALL
[2026-08-25 06:25:32] [CMD] qsub -q all.q -l ngpus=1 -v MODEL="MobileNet",DATASET="Cifar100",ATTACK="BIM",KIND="ALL",PHASE="generate",OUTPUT_DIR="adversarial_results_ep300_pre100" adversarial_hpc_submit.pbs </dev/null
[2026-08-25 06:25:34] [OK] MobileNet/Cifar100/APGD/ALL
[2026-08-25 06:25:34] [OK] qsub output: Your job 6431524 ("adversarial_hpc_submit.pbs") has been submitted
[2026-08-25 06:25:34] [SUBMIT] MobileNet/Cifar100/CW/ALL
[2026-08-25 06:25:34] [CMD] qsub -q all.q -l ngpus=1 -v MODEL="MobileNet",DATASET="Cifar100",ATTACK="CW",KIND="ALL",PHASE="generate",OUTPUT_DIR="adversarial_results_ep100_pre300" adversarial_hpc_submit.pbs </dev/null
[2026-08-25 06:25:35] [OK] XceptionNet/Cifar10/FGSM/ALL
[2026-08-25 06:25:35] [OK] qsub output: Your job 6431525 ("adversarial_hpc_submit.pbs") has been submitted
[2026-08-25 06:25:35] [SUBMIT] XceptionNet/Cifar10/IFGSM/ALL
[2026-08-25 06:25:35] [CMD] qsub -q all.q -l ngpus=1 -v MODEL="XceptionNet",DATASET="Cifar10",ATTACK="IFGSM",KIND="ALL",PHASE="generate",OUTPUT_DIR="adversarial_results_ep200_pre200" adversarial_hpc_submit.pbs </dev/null
[2026-08-25 06:25:39] [OK] MobileNet/Cifar100/CW/ALL
[2026-08-25 06:25:39] [OK] qsub output: Your job 6431527 ("adversarial_hpc_submit.pbs") has been submitted
[2026-08-25 06:25:39] [SUBMIT] MobileNet/Cifar100/DeepFool/ALL
[2026-08-25 06:25:39] [CMD] qsub -q all.q -l ngpus=1 -v MODEL="MobileNet",DATASET="Cifar100",ATTACK="DeepFool",KIND="ALL",PHASE="generate",OUTPUT_DIR="adversarial_results_ep100_pre300" adversarial_hpc_submit.pbs </dev/null
[2026-08-25 06:25:43] [OK] XceptionNet/Cifar10/IFGSM/ALL
[2026-08-25 06:25:43] [OK] qsub output: Your job 6431528 ("adversarial_hpc_submit.pbs") has been submitted
[2026-08-25 06:25:43] [SUBMIT] XceptionNet/Cifar10/BIM/ALL
[2026-08-25 06:25:43] [CMD] qsub -q all.q -l ngpus=1 -v MODEL="XceptionNet",DATASET="Cifar10",ATTACK="BIM",KIND="ALL",PHASE="generate",OUTPUT_DIR="adversarial_results_ep200_pre200" adversarial_hpc_submit.pbs </dev/null
[2026-08-25 06:25:43] [OK] MobileNet/Cifar100/BIM/ALL
[2026-08-25 06:25:43] [OK] qsub output: Your job 6431526 ("adversarial_hpc_submit.pbs") has been submitted
[2026-08-25 06:25:43] [SUBMIT] MobileNet/Cifar100/APGD/ALL
[2026-08-25 06:25:43] [CMD] qsub -q all.q -l ngpus=1 -v MODEL="MobileNet",DATASET="Cifar100",ATTACK="APGD",KIND="ALL",PHASE="generate",OUTPUT_DIR="adversarial_results_ep300_pre100" adversarial_hpc_submit.pbs </dev/null
[2026-08-25 06:25:47] [OK] XceptionNet/Cifar10/BIM/ALL
[2026-08-25 06:25:47] [OK] qsub output: Your job 6431530 ("adversarial_hpc_submit.pbs") has been submitted
[2026-08-25 06:25:47] [SUBMIT] XceptionNet/Cifar10/APGD/ALL
[2026-08-25 06:25:47] [CMD] qsub -q all.q -l ngpus=1 -v MODEL="XceptionNet",DATASET="Cifar10",ATTACK="APGD",KIND="ALL",PHASE="generate",OUTPUT_DIR="adversarial_results_ep200_pre200" adversarial_hpc_submit.pbs </dev/null
[2026-08-25 06:25:51] [OK] MobileNet/Cifar100/DeepFool/ALL
[2026-08-25 06:25:52] [OK] qsub output: Your job 6431529 ("adversarial_hpc_submit.pbs") has been submitted
[2026-08-25 06:25:52] [SUBMIT] XceptionNet/Cifar10/PGD/ALL
[2026-08-25 06:25:52] [CMD] qsub -q all.q -l ngpus=1 -v MODEL="XceptionNet",DATASET="Cifar10",ATTACK="PGD",KIND="ALL",PHASE="generate",OUTPUT_DIR="adversarial_results_ep100_pre300" adversarial_hpc_submit.pbs </dev/null
[2026-08-25 06:25:52] [OK] MobileNet/Cifar100/APGD/ALL
[2026-08-25 06:25:52] [OK] qsub output: Your job 6431531 ("adversarial_hpc_submit.pbs") has been submitted
[2026-08-25 06:25:53] [SUBMIT] MobileNet/Cifar100/CW/ALL
[2026-08-25 06:25:53] [OK] XceptionNet/Cifar10/APGD/ALL
[2026-08-25 06:25:53] [CMD] qsub -q all.q -l ngpus=1 -v MODEL="MobileNet",DATASET="Cifar100",ATTACK="CW",KIND="ALL",PHASE="generate",OUTPUT_DIR="adversarial_results_ep300_pre100" adversarial_hpc_submit.pbs </dev/null
[2026-08-25 06:25:53] [OK] qsub output: Your job 6431532 ("adversarial_hpc_submit.pbs") has been submitted
[2026-08-25 06:25:53] [SUBMIT] XceptionNet/Cifar10/CW/ALL
[2026-08-25 06:25:53] [CMD] qsub -q all.q -l ngpus=1 -v MODEL="XceptionNet",DATASET="Cifar10",ATTACK="CW",KIND="ALL",PHASE="generate",OUTPUT_DIR="adversarial_results_ep200_pre200" adversarial_hpc_submit.pbs </dev/null
[2026-08-25 06:26:02] [OK] XceptionNet/Cifar10/PGD/ALL
[2026-08-25 06:26:02] [OK] qsub output: Your job 6431533 ("adversarial_hpc_submit.pbs") has been submitted
[2026-08-25 06:26:02] [SUBMIT] XceptionNet/Cifar10/FGSM/ALL
[2026-08-25 06:26:02] [CMD] qsub -q all.q -l ngpus=1 -v MODEL="XceptionNet",DATASET="Cifar10",ATTACK="FGSM",KIND="ALL",PHASE="generate",OUTPUT_DIR="adversarial_results_ep100_pre300" adversarial_hpc_submit.pbs </dev/null
[2026-08-25 06:26:02] [OK] MobileNet/Cifar100/CW/ALL
[2026-08-25 06:26:02] [OK] qsub output: Your job 6431534 ("adversarial_hpc_submit.pbs") has been submitted
[2026-08-25 06:26:03] [SUBMIT] MobileNet/Cifar100/DeepFool/ALL
[2026-08-25 06:26:03] [CMD] qsub -q all.q -l ngpus=1 -v MODEL="MobileNet",DATASET="Cifar100",ATTACK="DeepFool",KIND="ALL",PHASE="generate",OUTPUT_DIR="adversarial_results_ep300_pre100" adversarial_hpc_submit.pbs </dev/null
[2026-08-25 06:26:07] [OK] XceptionNet/Cifar10/CW/ALL
[2026-08-25 06:26:07] [OK] qsub output: Your job 6431535 ("adversarial_hpc_submit.pbs") has been submitted
[2026-08-25 06:26:07] [SUBMIT] XceptionNet/Cifar10/DeepFool/ALL
[2026-08-25 06:26:07] [CMD] qsub -q all.q -l ngpus=1 -v MODEL="XceptionNet",DATASET="Cifar10",ATTACK="DeepFool",KIND="ALL",PHASE="generate",OUTPUT_DIR="adversarial_results_ep200_pre200" adversarial_hpc_submit.pbs </dev/null
[2026-08-25 06:26:11] [OK] XceptionNet/Cifar10/FGSM/ALL
[2026-08-25 06:26:12] [OK] qsub output: Your job 6431536 ("adversarial_hpc_submit.pbs") has been submitted
[2026-08-25 06:26:12] [SUBMIT] XceptionNet/Cifar10/IFGSM/ALL
[2026-08-25 06:26:12] [CMD] qsub -q all.q -l ngpus=1 -v MODEL="XceptionNet",DATASET="Cifar10",ATTACK="IFGSM",KIND="ALL",PHASE="generate",OUTPUT_DIR="adversarial_results_ep100_pre300" adversarial_hpc_submit.pbs </dev/null
[2026-08-25 06:26:14] [OK] MobileNet/Cifar100/DeepFool/ALL
[2026-08-25 06:26:14] [OK] qsub output: Your job 6431537 ("adversarial_hpc_submit.pbs") has been submitted
[2026-08-25 06:26:14] [SUBMIT] XceptionNet/Cifar10/PGD/ALL
[2026-08-25 06:26:14] [CMD] qsub -q all.q -l ngpus=1 -v MODEL="XceptionNet",DATASET="Cifar10",ATTACK="PGD",KIND="ALL",PHASE="generate",OUTPUT_DIR="adversarial_results_ep300_pre100" adversarial_hpc_submit.pbs </dev/null
[2026-08-25 06:26:16] [OK] XceptionNet/Cifar10/IFGSM/ALL
[2026-08-25 06:26:16] [OK] qsub output: Your job 6431539 ("adversarial_hpc_submit.pbs") has been submitted
[2026-08-25 06:26:16] [SUBMIT] XceptionNet/Cifar10/BIM/ALL
[2026-08-25 06:26:16] [CMD] qsub -q all.q -l ngpus=1 -v MODEL="XceptionNet",DATASET="Cifar10",ATTACK="BIM",KIND="ALL",PHASE="generate",OUTPUT_DIR="adversarial_results_ep100_pre300" adversarial_hpc_submit.pbs </dev/null
[2026-08-25 06:26:19] [OK] XceptionNet/Cifar10/DeepFool/ALL
[2026-08-25 06:26:20] [OK] qsub output: Your job 6431538 ("adversarial_hpc_submit.pbs") has been submitted
[2026-08-25 06:26:20] [SUBMIT] XceptionNet/Cifar100/PGD/ALL
[2026-08-25 06:26:20] [CMD] qsub -q all.q -l ngpus=1 -v MODEL="XceptionNet",DATASET="Cifar100",ATTACK="PGD",KIND="ALL",PHASE="generate",OUTPUT_DIR="adversarial_results_ep200_pre200" adversarial_hpc_submit.pbs </dev/null
[2026-08-25 06:26:22] [OK] XceptionNet/Cifar10/PGD/ALL
[2026-08-25 06:26:22] [OK] qsub output: Your job 6431540 ("adversarial_hpc_submit.pbs") has been submitted
[2026-08-25 06:26:22] [SUBMIT] XceptionNet/Cifar10/FGSM/ALL
[2026-08-25 06:26:22] [CMD] qsub -q all.q -l ngpus=1 -v MODEL="XceptionNet",DATASET="Cifar10",ATTACK="FGSM",KIND="ALL",PHASE="generate",OUTPUT_DIR="adversarial_results_ep300_pre100" adversarial_hpc_submit.pbs </dev/null
[2026-08-25 06:26:27] [OK] XceptionNet/Cifar10/BIM/ALL
[2026-08-25 06:26:27] [OK] qsub output: Your job 6431541 ("adversarial_hpc_submit.pbs") has been submitted
[2026-08-25 06:26:27] [SUBMIT] XceptionNet/Cifar10/APGD/ALL
[2026-08-25 06:26:27] [CMD] qsub -q all.q -l ngpus=1 -v MODEL="XceptionNet",DATASET="Cifar10",ATTACK="APGD",KIND="ALL",PHASE="generate",OUTPUT_DIR="adversarial_results_ep100_pre300" adversarial_hpc_submit.pbs </dev/null
[2026-08-25 06:26:30] [OK] XceptionNet/Cifar100/PGD/ALL
[2026-08-25 06:26:30] [OK] qsub output: Your job 6431542 ("adversarial_hpc_submit.pbs") has been submitted
[2026-08-25 06:26:30] [SUBMIT] XceptionNet/Cifar100/FGSM/ALL
[2026-08-25 06:26:30] [CMD] qsub -q all.q -l ngpus=1 -v MODEL="XceptionNet",DATASET="Cifar100",ATTACK="FGSM",KIND="ALL",PHASE="generate",OUTPUT_DIR="adversarial_results_ep200_pre200" adversarial_hpc_submit.pbs </dev/null
[2026-08-25 06:26:31] [OK] XceptionNet/Cifar10/FGSM/ALL
[2026-08-25 06:26:32] [OK] qsub output: Your job 6431543 ("adversarial_hpc_submit.pbs") has been submitted
[2026-08-25 06:26:32] [SUBMIT] XceptionNet/Cifar10/IFGSM/ALL
[2026-08-25 06:26:32] [CMD] qsub -q all.q -l ngpus=1 -v MODEL="XceptionNet",DATASET="Cifar10",ATTACK="IFGSM",KIND="ALL",PHASE="generate",OUTPUT_DIR="adversarial_results_ep300_pre100" adversarial_hpc_submit.pbs </dev/null
[2026-08-25 06:26:34] [OK] XceptionNet/Cifar10/APGD/ALL
[2026-08-25 06:26:34] [OK] qsub output: Your job 6431544 ("adversarial_hpc_submit.pbs") has been submitted
[2026-08-25 06:26:35] [SUBMIT] XceptionNet/Cifar10/CW/ALL
[2026-08-25 06:26:35] [CMD] qsub -q all.q -l ngpus=1 -v MODEL="XceptionNet",DATASET="Cifar10",ATTACK="CW",KIND="ALL",PHASE="generate",OUTPUT_DIR="adversarial_results_ep100_pre300" adversarial_hpc_submit.pbs </dev/null
[2026-08-25 06:26:37] [OK] XceptionNet/Cifar100/FGSM/ALL
[2026-08-25 06:26:37] [OK] qsub output: Your job 6431545 ("adversarial_hpc_submit.pbs") has been submitted
[2026-08-25 06:26:37] [SUBMIT] XceptionNet/Cifar100/IFGSM/ALL
[2026-08-25 06:26:37] [CMD] qsub -q all.q -l ngpus=1 -v MODEL="XceptionNet",DATASET="Cifar100",ATTACK="IFGSM",KIND="ALL",PHASE="generate",OUTPUT_DIR="adversarial_results_ep200_pre200" adversarial_hpc_submit.pbs </dev/null
[2026-08-25 06:26:43] [OK] XceptionNet/Cifar10/IFGSM/ALL
[2026-08-25 06:26:43] [OK] qsub output: Your job 6431546 ("adversarial_hpc_submit.pbs") has been submitted
[2026-08-25 06:26:43] [SUBMIT] XceptionNet/Cifar10/BIM/ALL
[2026-08-25 06:26:43] [CMD] qsub -q all.q -l ngpus=1 -v MODEL="XceptionNet",DATASET="Cifar10",ATTACK="BIM",KIND="ALL",PHASE="generate",OUTPUT_DIR="adversarial_results_ep300_pre100" adversarial_hpc_submit.pbs </dev/null
[2026-08-25 06:26:44] [OK] XceptionNet/Cifar10/CW/ALL
[2026-08-25 06:26:44] [OK] qsub output: Your job 6431547 ("adversarial_hpc_submit.pbs") has been submitted
[2026-08-25 06:26:44] [SUBMIT] XceptionNet/Cifar10/DeepFool/ALL
[2026-08-25 06:26:44] [CMD] qsub -q all.q -l ngpus=1 -v MODEL="XceptionNet",DATASET="Cifar10",ATTACK="DeepFool",KIND="ALL",PHASE="generate",OUTPUT_DIR="adversarial_results_ep100_pre300" adversarial_hpc_submit.pbs </dev/null
[2026-08-25 06:26:47] [OK] XceptionNet/Cifar10/BIM/ALL
[2026-08-25 06:26:47] [OK] qsub output: Your job 6431549 ("adversarial_hpc_submit.pbs") has been submitted
[2026-08-25 06:26:47] [SUBMIT] XceptionNet/Cifar10/APGD/ALL
[2026-08-25 06:26:47] [CMD] qsub -q all.q -l ngpus=1 -v MODEL="XceptionNet",DATASET="Cifar10",ATTACK="APGD",KIND="ALL",PHASE="generate",OUTPUT_DIR="adversarial_results_ep300_pre100" adversarial_hpc_submit.pbs </dev/null
[2026-08-25 06:26:49] [OK] XceptionNet/Cifar10/DeepFool/ALL
[2026-08-25 06:26:49] [OK] qsub output: Your job 6431550 ("adversarial_hpc_submit.pbs") has been submitted
[2026-08-25 06:26:49] [SUBMIT] XceptionNet/Cifar100/PGD/ALL
[2026-08-25 06:26:49] [CMD] qsub -q all.q -l ngpus=1 -v MODEL="XceptionNet",DATASET="Cifar100",ATTACK="PGD",KIND="ALL",PHASE="generate",OUTPUT_DIR="adversarial_results_ep100_pre300" adversarial_hpc_submit.pbs </dev/null
[2026-08-25 06:26:50] [OK] XceptionNet/Cifar100/IFGSM/ALL
[2026-08-25 06:26:50] [OK] qsub output: Your job 6431548 ("adversarial_hpc_submit.pbs") has been submitted
[2026-08-25 06:26:50] [SUBMIT] XceptionNet/Cifar100/BIM/ALL
[2026-08-25 06:26:50] [CMD] qsub -q all.q -l ngpus=1 -v MODEL="XceptionNet",DATASET="Cifar100",ATTACK="BIM",KIND="ALL",PHASE="generate",OUTPUT_DIR="adversarial_results_ep200_pre200" adversarial_hpc_submit.pbs </dev/null
[2026-08-25 06:26:54] [OK] XceptionNet/Cifar10/APGD/ALL
[2026-08-25 06:26:54] [OK] qsub output: Your job 6431551 ("adversarial_hpc_submit.pbs") has been submitted
[2026-08-25 06:26:54] [SUBMIT] XceptionNet/Cifar10/CW/ALL
[2026-08-25 06:26:54] [CMD] qsub -q all.q -l ngpus=1 -v MODEL="XceptionNet",DATASET="Cifar10",ATTACK="CW",KIND="ALL",PHASE="generate",OUTPUT_DIR="adversarial_results_ep300_pre100" adversarial_hpc_submit.pbs </dev/null
[2026-08-25 06:26:55] [OK] XceptionNet/Cifar100/PGD/ALL
[2026-08-25 06:26:56] [OK] XceptionNet/Cifar100/BIM/ALL
[2026-08-25 06:26:56] [OK] qsub output: Your job 6431552 ("adversarial_hpc_submit.pbs") has been submitted
[2026-08-25 06:26:56] [OK] qsub output: Your job 6431553 ("adversarial_hpc_submit.pbs") has been submitted
[2026-08-25 06:26:56] [SUBMIT] XceptionNet/Cifar100/FGSM/ALL
[2026-08-25 06:26:56] [CMD] qsub -q all.q -l ngpus=1 -v MODEL="XceptionNet",DATASET="Cifar100",ATTACK="FGSM",KIND="ALL",PHASE="generate",OUTPUT_DIR="adversarial_results_ep100_pre300" adversarial_hpc_submit.pbs </dev/null
[2026-08-25 06:26:56] [SUBMIT] XceptionNet/Cifar100/APGD/ALL
[2026-08-25 06:26:56] [CMD] qsub -q all.q -l ngpus=1 -v MODEL="XceptionNet",DATASET="Cifar100",ATTACK="APGD",KIND="ALL",PHASE="generate",OUTPUT_DIR="adversarial_results_ep200_pre200" adversarial_hpc_submit.pbs </dev/null
[2026-08-25 06:26:57] [OK] XceptionNet/Cifar10/CW/ALL
[2026-08-25 06:26:57] [OK] qsub output: Your job 6431554 ("adversarial_hpc_submit.pbs") has been submitted
[2026-08-25 06:26:57] [SUBMIT] XceptionNet/Cifar10/DeepFool/ALL
[2026-08-25 06:26:57] [CMD] qsub -q all.q -l ngpus=1 -v MODEL="XceptionNet",DATASET="Cifar10",ATTACK="DeepFool",KIND="ALL",PHASE="generate",OUTPUT_DIR="adversarial_results_ep300_pre100" adversarial_hpc_submit.pbs </dev/null
[2026-08-25 06:27:02] [OK] XceptionNet/Cifar100/FGSM/ALL
[2026-08-25 06:27:02] [OK] qsub output: Your job 6431555 ("adversarial_hpc_submit.pbs") has been submitted
[2026-08-25 06:27:02] [SUBMIT] XceptionNet/Cifar100/IFGSM/ALL
[2026-08-25 06:27:02] [CMD] qsub -q all.q -l ngpus=1 -v MODEL="XceptionNet",DATASET="Cifar100",ATTACK="IFGSM",KIND="ALL",PHASE="generate",OUTPUT_DIR="adversarial_results_ep100_pre300" adversarial_hpc_submit.pbs </dev/null
[2026-08-25 06:27:06] [OK] XceptionNet/Cifar100/APGD/ALL
[2026-08-25 06:27:06] [OK] qsub output: Your job 6431556 ("adversarial_hpc_submit.pbs") has been submitted
[2026-08-25 06:27:06] [SUBMIT] XceptionNet/Cifar100/CW/ALL
[2026-08-25 06:27:06] [CMD] qsub -q all.q -l ngpus=1 -v MODEL="XceptionNet",DATASET="Cifar100",ATTACK="CW",KIND="ALL",PHASE="generate",OUTPUT_DIR="adversarial_results_ep200_pre200" adversarial_hpc_submit.pbs </dev/null
[2026-08-25 06:27:11] [OK] XceptionNet/Cifar10/DeepFool/ALL
[2026-08-25 06:27:11] [OK] qsub output: Your job 6431557 ("adversarial_hpc_submit.pbs") has been submitted
[2026-08-25 06:27:11] [SUBMIT] XceptionNet/Cifar100/PGD/ALL
[2026-08-25 06:27:11] [CMD] qsub -q all.q -l ngpus=1 -v MODEL="XceptionNet",DATASET="Cifar100",ATTACK="PGD",KIND="ALL",PHASE="generate",OUTPUT_DIR="adversarial_results_ep300_pre100" adversarial_hpc_submit.pbs </dev/null
[2026-08-25 06:27:12] [OK] XceptionNet/Cifar100/IFGSM/ALL
[2026-08-25 06:27:12] [OK] qsub output: Your job 6431558 ("adversarial_hpc_submit.pbs") has been submitted
[2026-08-25 06:27:13] [SUBMIT] XceptionNet/Cifar100/BIM/ALL
[2026-08-25 06:27:13] [CMD] qsub -q all.q -l ngpus=1 -v MODEL="XceptionNet",DATASET="Cifar100",ATTACK="BIM",KIND="ALL",PHASE="generate",OUTPUT_DIR="adversarial_results_ep100_pre300" adversarial_hpc_submit.pbs </dev/null
[2026-08-25 06:27:16] [OK] XceptionNet/Cifar100/PGD/ALL
[2026-08-25 06:27:16] [OK] qsub output: Your job 6431560 ("adversarial_hpc_submit.pbs") has been submitted
[2026-08-25 06:27:16] [SUBMIT] XceptionNet/Cifar100/FGSM/ALL
[2026-08-25 06:27:16] [CMD] qsub -q all.q -l ngpus=1 -v MODEL="XceptionNet",DATASET="Cifar100",ATTACK="FGSM",KIND="ALL",PHASE="generate",OUTPUT_DIR="adversarial_results_ep300_pre100" adversarial_hpc_submit.pbs </dev/null
[2026-08-25 06:27:19] [OK] XceptionNet/Cifar100/CW/ALL
[2026-08-25 06:27:20] [OK] qsub output: Your job 6431559 ("adversarial_hpc_submit.pbs") has been submitted
[2026-08-25 06:27:20] [SUBMIT] XceptionNet/Cifar100/DeepFool/ALL
[2026-08-25 06:27:20] [CMD] qsub -q all.q -l ngpus=1 -v MODEL="XceptionNet",DATASET="Cifar100",ATTACK="DeepFool",KIND="ALL",PHASE="generate",OUTPUT_DIR="adversarial_results_ep200_pre200" adversarial_hpc_submit.pbs </dev/null
[2026-08-25 06:27:20] [OK] XceptionNet/Cifar100/BIM/ALL
[2026-08-25 06:27:20] [OK] qsub output: Your job 6431561 ("adversarial_hpc_submit.pbs") has been submitted
[2026-08-25 06:27:21] [SUBMIT] XceptionNet/Cifar100/APGD/ALL
[2026-08-25 06:27:21] [CMD] qsub -q all.q -l ngpus=1 -v MODEL="XceptionNet",DATASET="Cifar100",ATTACK="APGD",KIND="ALL",PHASE="generate",OUTPUT_DIR="adversarial_results_ep100_pre300" adversarial_hpc_submit.pbs </dev/null
[2026-08-25 06:27:26] [OK] XceptionNet/Cifar100/DeepFool/ALL
[2026-08-25 06:27:26] [OK] qsub output: Your job 6431563 ("adversarial_hpc_submit.pbs") has been submitted
[2026-08-25 06:27:26] [SUBMIT] ConvNeXt/Cifar10/PGD/ALL
[2026-08-25 06:27:26] [CMD] qsub -q all.q -l ngpus=1 -v MODEL="ConvNeXt",DATASET="Cifar10",ATTACK="PGD",KIND="ALL",PHASE="generate",OUTPUT_DIR="adversarial_results_ep200_pre200" adversarial_hpc_submit.pbs </dev/null
[2026-08-25 06:27:29] [OK] XceptionNet/Cifar100/FGSM/ALL
[2026-08-25 06:27:29] [OK] qsub output: Your job 6431562 ("adversarial_hpc_submit.pbs") has been submitted
[2026-08-25 06:27:30] [SUBMIT] XceptionNet/Cifar100/IFGSM/ALL
[2026-08-25 06:27:30] [CMD] qsub -q all.q -l ngpus=1 -v MODEL="XceptionNet",DATASET="Cifar100",ATTACK="IFGSM",KIND="ALL",PHASE="generate",OUTPUT_DIR="adversarial_results_ep300_pre100" adversarial_hpc_submit.pbs </dev/null
[2026-08-25 06:27:36] [OK] XceptionNet/Cifar100/APGD/ALL
[2026-08-25 06:27:36] [OK] qsub output: Your job 6431564 ("adversarial_hpc_submit.pbs") has been submitted
[2026-08-25 06:27:36] [SUBMIT] XceptionNet/Cifar100/CW/ALL
[2026-08-25 06:27:36] [CMD] qsub -q all.q -l ngpus=1 -v MODEL="XceptionNet",DATASET="Cifar100",ATTACK="CW",KIND="ALL",PHASE="generate",OUTPUT_DIR="adversarial_results_ep100_pre300" adversarial_hpc_submit.pbs </dev/null
[2026-08-25 06:27:38] [OK] ConvNeXt/Cifar10/PGD/ALL
[2026-08-25 06:27:38] [OK] qsub output: Your job 6431565 ("adversarial_hpc_submit.pbs") has been submitted
[2026-08-25 06:27:38] [SUBMIT] ConvNeXt/Cifar10/FGSM/ALL
[2026-08-25 06:27:38] [CMD] qsub -q all.q -l ngpus=1 -v MODEL="ConvNeXt",DATASET="Cifar10",ATTACK="FGSM",KIND="ALL",PHASE="generate",OUTPUT_DIR="adversarial_results_ep200_pre200" adversarial_hpc_submit.pbs </dev/null
[2026-08-25 06:27:42] [OK] XceptionNet/Cifar100/CW/ALL
[2026-08-25 06:27:42] [OK] qsub output: Your job 6431567 ("adversarial_hpc_submit.pbs") has been submitted
[2026-08-25 06:27:43] [SUBMIT] XceptionNet/Cifar100/DeepFool/ALL
[2026-08-25 06:27:43] [CMD] qsub -q all.q -l ngpus=1 -v MODEL="XceptionNet",DATASET="Cifar100",ATTACK="DeepFool",KIND="ALL",PHASE="generate",OUTPUT_DIR="adversarial_results_ep100_pre300" adversarial_hpc_submit.pbs </dev/null
[2026-08-25 06:27:45] [OK] XceptionNet/Cifar100/IFGSM/ALL
[2026-08-25 06:27:45] [OK] qsub output: Your job 6431566 ("adversarial_hpc_submit.pbs") has been submitted
[2026-08-25 06:27:46] [SUBMIT] XceptionNet/Cifar100/BIM/ALL
[2026-08-25 06:27:46] [CMD] qsub -q all.q -l ngpus=1 -v MODEL="XceptionNet",DATASET="Cifar100",ATTACK="BIM",KIND="ALL",PHASE="generate",OUTPUT_DIR="adversarial_results_ep300_pre100" adversarial_hpc_submit.pbs </dev/null
[2026-08-25 06:27:49] [OK] ConvNeXt/Cifar10/FGSM/ALL
[2026-08-25 06:27:49] [OK] qsub output: Your job 6431568 ("adversarial_hpc_submit.pbs") has been submitted
[2026-08-25 06:27:49] [SUBMIT] ConvNeXt/Cifar10/IFGSM/ALL
[2026-08-25 06:27:49] [CMD] qsub -q all.q -l ngpus=1 -v MODEL="ConvNeXt",DATASET="Cifar10",ATTACK="IFGSM",KIND="ALL",PHASE="generate",OUTPUT_DIR="adversarial_results_ep200_pre200" adversarial_hpc_submit.pbs </dev/null
[2026-08-25 06:27:55] [OK] XceptionNet/Cifar100/DeepFool/ALL
[2026-08-25 06:27:55] [OK] qsub output: Your job 6431569 ("adversarial_hpc_submit.pbs") has been submitted
[2026-08-25 06:27:55] [SUBMIT] ConvNeXt/Cifar10/PGD/ALL
[2026-08-25 06:27:55] [CMD] qsub -q all.q -l ngpus=1 -v MODEL="ConvNeXt",DATASET="Cifar10",ATTACK="PGD",KIND="ALL",PHASE="generate",OUTPUT_DIR="adversarial_results_ep100_pre300" adversarial_hpc_submit.pbs </dev/null
[2026-08-25 06:27:58] [OK] XceptionNet/Cifar100/BIM/ALL
[2026-08-25 06:27:58] [OK] qsub output: Your job 6431570 ("adversarial_hpc_submit.pbs") has been submitted
[2026-08-25 06:27:58] [SUBMIT] XceptionNet/Cifar100/APGD/ALL
[2026-08-25 06:27:58] [CMD] qsub -q all.q -l ngpus=1 -v MODEL="XceptionNet",DATASET="Cifar100",ATTACK="APGD",KIND="ALL",PHASE="generate",OUTPUT_DIR="adversarial_results_ep300_pre100" adversarial_hpc_submit.pbs </dev/null
[2026-08-25 06:27:59] [OK] ConvNeXt/Cifar10/IFGSM/ALL
[2026-08-25 06:27:59] [OK] qsub output: Your job 6431571 ("adversarial_hpc_submit.pbs") has been submitted
[2026-08-25 06:27:59] [SUBMIT] ConvNeXt/Cifar10/BIM/ALL
[2026-08-25 06:27:59] [CMD] qsub -q all.q -l ngpus=1 -v MODEL="ConvNeXt",DATASET="Cifar10",ATTACK="BIM",KIND="ALL",PHASE="generate",OUTPUT_DIR="adversarial_results_ep200_pre200" adversarial_hpc_submit.pbs </dev/null
[2026-08-25 06:28:04] [OK] XceptionNet/Cifar100/APGD/ALL
[2026-08-25 06:28:04] [OK] qsub output: Your job 6431573 ("adversarial_hpc_submit.pbs") has been submitted
[2026-08-25 06:28:04] [OK] ConvNeXt/Cifar10/PGD/ALL
[2026-08-25 06:28:04] [SUBMIT] XceptionNet/Cifar100/CW/ALL
[2026-08-25 06:28:04] [OK] qsub output: Your job 6431572 ("adversarial_hpc_submit.pbs") has been submitted
[2026-08-25 06:28:04] [CMD] qsub -q all.q -l ngpus=1 -v MODEL="XceptionNet",DATASET="Cifar100",ATTACK="CW",KIND="ALL",PHASE="generate",OUTPUT_DIR="adversarial_results_ep300_pre100" adversarial_hpc_submit.pbs </dev/null
[2026-08-25 06:28:04] [SUBMIT] ConvNeXt/Cifar10/FGSM/ALL
[2026-08-25 06:28:04] [CMD] qsub -q all.q -l ngpus=1 -v MODEL="ConvNeXt",DATASET="Cifar10",ATTACK="FGSM",KIND="ALL",PHASE="generate",OUTPUT_DIR="adversarial_results_ep100_pre300" adversarial_hpc_submit.pbs </dev/null
[2026-08-25 06:28:10] [OK] ConvNeXt/Cifar10/BIM/ALL
[2026-08-25 06:28:10] [OK] XceptionNet/Cifar100/CW/ALL
[2026-08-25 06:28:10] [OK] qsub output: Your job 6431574 ("adversarial_hpc_submit.pbs") has been submitted
[2026-08-25 06:28:10] [OK] qsub output: Your job 6431575 ("adversarial_hpc_submit.pbs") has been submitted
[2026-08-25 06:28:10] [SUBMIT] ConvNeXt/Cifar10/APGD/ALL
[2026-08-25 06:28:10] [CMD] qsub -q all.q -l ngpus=1 -v MODEL="ConvNeXt",DATASET="Cifar10",ATTACK="APGD",KIND="ALL",PHASE="generate",OUTPUT_DIR="adversarial_results_ep200_pre200" adversarial_hpc_submit.pbs </dev/null
[2026-08-25 06:28:11] [SUBMIT] XceptionNet/Cifar100/DeepFool/ALL
[2026-08-25 06:28:11] [CMD] qsub -q all.q -l ngpus=1 -v MODEL="XceptionNet",DATASET="Cifar100",ATTACK="DeepFool",KIND="ALL",PHASE="generate",OUTPUT_DIR="adversarial_results_ep300_pre100" adversarial_hpc_submit.pbs </dev/null
[2026-08-25 06:28:15] [OK] ConvNeXt/Cifar10/FGSM/ALL
[2026-08-25 06:28:15] [OK] qsub output: Your job 6431576 ("adversarial_hpc_submit.pbs") has been submitted
[2026-08-25 06:28:15] [SUBMIT] ConvNeXt/Cifar10/IFGSM/ALL
[2026-08-25 06:28:15] [CMD] qsub -q all.q -l ngpus=1 -v MODEL="ConvNeXt",DATASET="Cifar10",ATTACK="IFGSM",KIND="ALL",PHASE="generate",OUTPUT_DIR="adversarial_results_ep100_pre300" adversarial_hpc_submit.pbs </dev/null
[2026-08-25 06:28:16] [OK] ConvNeXt/Cifar10/APGD/ALL
[2026-08-25 06:28:16] [OK] qsub output: Your job 6431577 ("adversarial_hpc_submit.pbs") has been submitted
[2026-08-25 06:28:17] [SUBMIT] ConvNeXt/Cifar10/CW/ALL
[2026-08-25 06:28:17] [CMD] qsub -q all.q -l ngpus=1 -v MODEL="ConvNeXt",DATASET="Cifar10",ATTACK="CW",KIND="ALL",PHASE="generate",OUTPUT_DIR="adversarial_results_ep200_pre200" adversarial_hpc_submit.pbs </dev/null
[2026-08-25 06:28:19] [OK] XceptionNet/Cifar100/DeepFool/ALL
[2026-08-25 06:28:19] [OK] qsub output: Your job 6431578 ("adversarial_hpc_submit.pbs") has been submitted
[2026-08-25 06:28:19] [SUBMIT] ConvNeXt/Cifar10/PGD/ALL
[2026-08-25 06:28:19] [CMD] qsub -q all.q -l ngpus=1 -v MODEL="ConvNeXt",DATASET="Cifar10",ATTACK="PGD",KIND="ALL",PHASE="generate",OUTPUT_DIR="adversarial_results_ep300_pre100" adversarial_hpc_submit.pbs </dev/null
[2026-08-25 06:28:25] [OK] ConvNeXt/Cifar10/IFGSM/ALL
[2026-08-25 06:28:25] [OK] qsub output: Your job 6431579 ("adversarial_hpc_submit.pbs") has been submitted
[2026-08-25 06:28:25] [SUBMIT] ConvNeXt/Cifar10/BIM/ALL
[2026-08-25 06:28:25] [CMD] qsub -q all.q -l ngpus=1 -v MODEL="ConvNeXt",DATASET="Cifar10",ATTACK="BIM",KIND="ALL",PHASE="generate",OUTPUT_DIR="adversarial_results_ep100_pre300" adversarial_hpc_submit.pbs </dev/null
[2026-08-25 06:28:26] [OK] ConvNeXt/Cifar10/PGD/ALL
[2026-08-25 06:28:26] [OK] qsub output: Your job 6431581 ("adversarial_hpc_submit.pbs") has been submitted
[2026-08-25 06:28:27] [SUBMIT] ConvNeXt/Cifar10/FGSM/ALL
[2026-08-25 06:28:27] [CMD] qsub -q all.q -l ngpus=1 -v MODEL="ConvNeXt",DATASET="Cifar10",ATTACK="FGSM",KIND="ALL",PHASE="generate",OUTPUT_DIR="adversarial_results_ep300_pre100" adversarial_hpc_submit.pbs </dev/null
[2026-08-25 06:28:27] [OK] ConvNeXt/Cifar10/CW/ALL
[2026-08-25 06:28:27] [OK] qsub output: Your job 6431580 ("adversarial_hpc_submit.pbs") has been submitted
[2026-08-25 06:28:27] [SUBMIT] ConvNeXt/Cifar10/DeepFool/ALL
[2026-08-25 06:28:27] [CMD] qsub -q all.q -l ngpus=1 -v MODEL="ConvNeXt",DATASET="Cifar10",ATTACK="DeepFool",KIND="ALL",PHASE="generate",OUTPUT_DIR="adversarial_results_ep200_pre200" adversarial_hpc_submit.pbs </dev/null
[2026-08-25 06:28:33] [OK] ConvNeXt/Cifar10/FGSM/ALL
[2026-08-25 06:28:33] [OK] qsub output: Your job 6431583 ("adversarial_hpc_submit.pbs") has been submitted
[2026-08-25 06:28:33] [SUBMIT] ConvNeXt/Cifar10/IFGSM/ALL
[2026-08-25 06:28:33] [CMD] qsub -q all.q -l ngpus=1 -v MODEL="ConvNeXt",DATASET="Cifar10",ATTACK="IFGSM",KIND="ALL",PHASE="generate",OUTPUT_DIR="adversarial_results_ep300_pre100" adversarial_hpc_submit.pbs </dev/null
[2026-08-25 06:28:35] [OK] ConvNeXt/Cifar10/BIM/ALL
[2026-08-25 06:28:35] [OK] qsub output: Your job 6431582 ("adversarial_hpc_submit.pbs") has been submitted
[2026-08-25 06:28:35] [SUBMIT] ConvNeXt/Cifar10/APGD/ALL
[2026-08-25 06:28:35] [CMD] qsub -q all.q -l ngpus=1 -v MODEL="ConvNeXt",DATASET="Cifar10",ATTACK="APGD",KIND="ALL",PHASE="generate",OUTPUT_DIR="adversarial_results_ep100_pre300" adversarial_hpc_submit.pbs </dev/null
[2026-08-25 06:28:38] [OK] ConvNeXt/Cifar10/DeepFool/ALL
[2026-08-25 06:28:38] [OK] qsub output: Your job 6431584 ("adversarial_hpc_submit.pbs") has been submitted
[2026-08-25 06:28:38] [SUBMIT] ConvNeXt/Cifar100/PGD/ALL
[2026-08-25 06:28:38] [CMD] qsub -q all.q -l ngpus=1 -v MODEL="ConvNeXt",DATASET="Cifar100",ATTACK="PGD",KIND="ALL",PHASE="generate",OUTPUT_DIR="adversarial_results_ep200_pre200" adversarial_hpc_submit.pbs </dev/null
[2026-08-25 06:28:43] [OK] ConvNeXt/Cifar10/IFGSM/ALL
[2026-08-25 06:28:44] [OK] qsub output: Your job 6431585 ("adversarial_hpc_submit.pbs") has been submitted
[2026-08-25 06:28:44] [SUBMIT] ConvNeXt/Cifar10/BIM/ALL
[2026-08-25 06:28:44] [CMD] qsub -q all.q -l ngpus=1 -v MODEL="ConvNeXt",DATASET="Cifar10",ATTACK="BIM",KIND="ALL",PHASE="generate",OUTPUT_DIR="adversarial_results_ep300_pre100" adversarial_hpc_submit.pbs </dev/null
[2026-08-25 06:28:44] [OK] ConvNeXt/Cifar10/APGD/ALL
[2026-08-25 06:28:44] [OK] qsub output: Your job 6431586 ("adversarial_hpc_submit.pbs") has been submitted
[2026-08-25 06:28:45] [SUBMIT] ConvNeXt/Cifar10/CW/ALL
[2026-08-25 06:28:45] [CMD] qsub -q all.q -l ngpus=1 -v MODEL="ConvNeXt",DATASET="Cifar10",ATTACK="CW",KIND="ALL",PHASE="generate",OUTPUT_DIR="adversarial_results_ep100_pre300" adversarial_hpc_submit.pbs </dev/null
[2026-08-25 06:28:46] [OK] ConvNeXt/Cifar100/PGD/ALL
[2026-08-25 06:28:46] [OK] qsub output: Your job 6431587 ("adversarial_hpc_submit.pbs") has been submitted
[2026-08-25 06:28:46] [OK] ConvNeXt/Cifar10/BIM/ALL
[2026-08-25 06:28:46] [OK] qsub output: Your job 6431588 ("adversarial_hpc_submit.pbs") has been submitted
[2026-08-25 06:28:46] [SUBMIT] ConvNeXt/Cifar100/FGSM/ALL
[2026-08-25 06:28:46] [CMD] qsub -q all.q -l ngpus=1 -v MODEL="ConvNeXt",DATASET="Cifar100",ATTACK="FGSM",KIND="ALL",PHASE="generate",OUTPUT_DIR="adversarial_results_ep200_pre200" adversarial_hpc_submit.pbs </dev/null
[2026-08-25 06:28:46] [SUBMIT] ConvNeXt/Cifar10/APGD/ALL
[2026-08-25 06:28:46] [CMD] qsub -q all.q -l ngpus=1 -v MODEL="ConvNeXt",DATASET="Cifar10",ATTACK="APGD",KIND="ALL",PHASE="generate",OUTPUT_DIR="adversarial_results_ep300_pre100" adversarial_hpc_submit.pbs </dev/null
[2026-08-25 06:28:52] [OK] ConvNeXt/Cifar100/FGSM/ALL
[2026-08-25 06:28:52] [OK] ConvNeXt/Cifar10/CW/ALL
[2026-08-25 06:28:54] [OK] qsub output: Your job 6431589 ("adversarial_hpc_submit.pbs") has been submitted
[2026-08-25 06:28:54] [OK] qsub output: Your job 6431590 ("adversarial_hpc_submit.pbs") has been submitted
[2026-08-25 06:28:54] [SUBMIT] ConvNeXt/Cifar10/DeepFool/ALL
[2026-08-25 06:28:54] [SUBMIT] ConvNeXt/Cifar100/IFGSM/ALL
[2026-08-25 06:28:54] [CMD] qsub -q all.q -l ngpus=1 -v MODEL="ConvNeXt",DATASET="Cifar10",ATTACK="DeepFool",KIND="ALL",PHASE="generate",OUTPUT_DIR="adversarial_results_ep100_pre300" adversarial_hpc_submit.pbs </dev/null
[2026-08-25 06:28:54] [CMD] qsub -q all.q -l ngpus=1 -v MODEL="ConvNeXt",DATASET="Cifar100",ATTACK="IFGSM",KIND="ALL",PHASE="generate",OUTPUT_DIR="adversarial_results_ep200_pre200" adversarial_hpc_submit.pbs </dev/null
[2026-08-25 06:28:57] [OK] ConvNeXt/Cifar10/APGD/ALL
[2026-08-25 06:28:59] [OK] ConvNeXt/Cifar100/IFGSM/ALL
[2026-08-25 06:28:59] [OK] qsub output: Your job 6431591 ("adversarial_hpc_submit.pbs") has been submitted
[2026-08-25 06:29:01] [OK] qsub output: Your job 6431593 ("adversarial_hpc_submit.pbs") has been submitted
[2026-08-25 06:29:01] [SUBMIT] ConvNeXt/Cifar10/CW/ALL
[2026-08-25 06:29:01] [SUBMIT] ConvNeXt/Cifar100/BIM/ALL
[2026-08-25 06:29:02] [CMD] qsub -q all.q -l ngpus=1 -v MODEL="ConvNeXt",DATASET="Cifar10",ATTACK="CW",KIND="ALL",PHASE="generate",OUTPUT_DIR="adversarial_results_ep300_pre100" adversarial_hpc_submit.pbs </dev/null
[2026-08-25 06:29:02] [CMD] qsub -q all.q -l ngpus=1 -v MODEL="ConvNeXt",DATASET="Cifar100",ATTACK="BIM",KIND="ALL",PHASE="generate",OUTPUT_DIR="adversarial_results_ep200_pre200" adversarial_hpc_submit.pbs </dev/null
[2026-08-25 06:29:03] [OK] ConvNeXt/Cifar10/DeepFool/ALL
[2026-08-25 06:29:03] [OK] qsub output: Your job 6431592 ("adversarial_hpc_submit.pbs") has been submitted
[2026-08-25 06:29:03] [SUBMIT] ConvNeXt/Cifar100/PGD/ALL
[2026-08-25 06:29:03] [CMD] qsub -q all.q -l ngpus=1 -v MODEL="ConvNeXt",DATASET="Cifar100",ATTACK="PGD",KIND="ALL",PHASE="generate",OUTPUT_DIR="adversarial_results_ep100_pre300" adversarial_hpc_submit.pbs </dev/null
[2026-08-25 06:29:04] [OK] ConvNeXt/Cifar10/CW/ALL
[2026-08-25 06:29:06] [OK] qsub output: Your job 6431594 ("adversarial_hpc_submit.pbs") has been submitted
[2026-08-25 06:29:06] [SUBMIT] ConvNeXt/Cifar10/DeepFool/ALL
[2026-08-25 06:29:06] [CMD] qsub -q all.q -l ngpus=1 -v MODEL="ConvNeXt",DATASET="Cifar10",ATTACK="DeepFool",KIND="ALL",PHASE="generate",OUTPUT_DIR="adversarial_results_ep300_pre100" adversarial_hpc_submit.pbs </dev/null
[2026-08-25 06:29:10] [OK] ConvNeXt/Cifar100/PGD/ALL
[2026-08-25 06:29:10] [OK] qsub output: Your job 6431596 ("adversarial_hpc_submit.pbs") has been submitted
[2026-08-25 06:29:10] [SUBMIT] ConvNeXt/Cifar100/FGSM/ALL
[2026-08-25 06:29:10] [OK] ConvNeXt/Cifar100/BIM/ALL
[2026-08-25 06:29:11] [CMD] qsub -q all.q -l ngpus=1 -v MODEL="ConvNeXt",DATASET="Cifar100",ATTACK="FGSM",KIND="ALL",PHASE="generate",OUTPUT_DIR="adversarial_results_ep100_pre300" adversarial_hpc_submit.pbs </dev/null
[2026-08-25 06:29:11] [OK] qsub output: Your job 6431595 ("adversarial_hpc_submit.pbs") has been submitted
[2026-08-25 06:29:11] [SUBMIT] ConvNeXt/Cifar100/APGD/ALL
[2026-08-25 06:29:11] [CMD] qsub -q all.q -l ngpus=1 -v MODEL="ConvNeXt",DATASET="Cifar100",ATTACK="APGD",KIND="ALL",PHASE="generate",OUTPUT_DIR="adversarial_results_ep200_pre200" adversarial_hpc_submit.pbs </dev/null
[2026-08-25 06:29:16] [OK] ConvNeXt/Cifar10/DeepFool/ALL
[2026-08-25 06:29:16] [OK] qsub output: Your job 6431597 ("adversarial_hpc_submit.pbs") has been submitted
[2026-08-25 06:29:16] [SUBMIT] ConvNeXt/Cifar100/PGD/ALL
[2026-08-25 06:29:16] [CMD] qsub -q all.q -l ngpus=1 -v MODEL="ConvNeXt",DATASET="Cifar100",ATTACK="PGD",KIND="ALL",PHASE="generate",OUTPUT_DIR="adversarial_results_ep300_pre100" adversarial_hpc_submit.pbs </dev/null
[2026-08-25 06:29:20] [OK] ConvNeXt/Cifar100/APGD/ALL
[2026-08-25 06:29:20] [OK] qsub output: Your job 6431600 ("adversarial_hpc_submit.pbs") has been submitted
[2026-08-25 06:29:20] [SUBMIT] ConvNeXt/Cifar100/CW/ALL
[2026-08-25 06:29:20] [CMD] qsub -q all.q -l ngpus=1 -v MODEL="ConvNeXt",DATASET="Cifar100",ATTACK="CW",KIND="ALL",PHASE="generate",OUTPUT_DIR="adversarial_results_ep200_pre200" adversarial_hpc_submit.pbs </dev/null
[2026-08-25 06:29:21] [OK] ConvNeXt/Cifar100/PGD/ALL
[2026-08-25 06:29:21] [OK] qsub output: Your job 6431601 ("adversarial_hpc_submit.pbs") has been submitted
[2026-08-25 06:29:21] [SUBMIT] ConvNeXt/Cifar100/FGSM/ALL
[2026-08-25 06:29:21] [CMD] qsub -q all.q -l ngpus=1 -v MODEL="ConvNeXt",DATASET="Cifar100",ATTACK="FGSM",KIND="ALL",PHASE="generate",OUTPUT_DIR="adversarial_results_ep300_pre100" adversarial_hpc_submit.pbs </dev/null
[2026-08-25 06:29:24] [OK] ConvNeXt/Cifar100/FGSM/ALL
[2026-08-25 06:29:24] [OK] qsub output: Your job 6431599 ("adversarial_hpc_submit.pbs") has been submitted
[2026-08-25 06:29:24] [SUBMIT] ConvNeXt/Cifar100/IFGSM/ALL
[2026-08-25 06:29:24] [CMD] qsub -q all.q -l ngpus=1 -v MODEL="ConvNeXt",DATASET="Cifar100",ATTACK="IFGSM",KIND="ALL",PHASE="generate",OUTPUT_DIR="adversarial_results_ep100_pre300" adversarial_hpc_submit.pbs </dev/null
[2026-08-25 06:29:25] [OK] ConvNeXt/Cifar100/CW/ALL
[2026-08-25 06:29:25] [OK] qsub output: Your job 6431602 ("adversarial_hpc_submit.pbs") has been submitted
[2026-08-25 06:29:25] [SUBMIT] ConvNeXt/Cifar100/DeepFool/ALL
[2026-08-25 06:29:25] [CMD] qsub -q all.q -l ngpus=1 -v MODEL="ConvNeXt",DATASET="Cifar100",ATTACK="DeepFool",KIND="ALL",PHASE="generate",OUTPUT_DIR="adversarial_results_ep200_pre200" adversarial_hpc_submit.pbs </dev/null
[2026-08-25 06:29:28] [OK] ConvNeXt/Cifar100/IFGSM/ALL
[2026-08-25 06:29:28] [OK] qsub output: Your job 6431604 ("adversarial_hpc_submit.pbs") has been submitted
[2026-08-25 06:29:28] [SUBMIT] ConvNeXt/Cifar100/BIM/ALL
[2026-08-25 06:29:28] [CMD] qsub -q all.q -l ngpus=1 -v MODEL="ConvNeXt",DATASET="Cifar100",ATTACK="BIM",KIND="ALL",PHASE="generate",OUTPUT_DIR="adversarial_results_ep100_pre300" adversarial_hpc_submit.pbs </dev/null
[2026-08-25 06:29:28] [OK] ConvNeXt/Cifar100/FGSM/ALL
[2026-08-25 06:29:28] [OK] qsub output: Your job 6431603 ("adversarial_hpc_submit.pbs") has been submitted
[2026-08-25 06:29:28] [SUBMIT] ConvNeXt/Cifar100/IFGSM/ALL
[2026-08-25 06:29:28] [CMD] qsub -q all.q -l ngpus=1 -v MODEL="ConvNeXt",DATASET="Cifar100",ATTACK="IFGSM",KIND="ALL",PHASE="generate",OUTPUT_DIR="adversarial_results_ep300_pre100" adversarial_hpc_submit.pbs </dev/null
[2026-08-25 06:29:36] [OK] ConvNeXt/Cifar100/DeepFool/ALL
[2026-08-25 06:29:36] [OK] qsub output: Your job 6431605 ("adversarial_hpc_submit.pbs") has been submitted
[2026-08-25 06:29:37] [SUCCESS] Submitted 84 jobs
[2026-08-25 06:29:37] Monitor progress with: qstat
[2026-08-25 06:29:37] ============================================================================
[2026-08-25 06:29:37] Job submission complete. Check logs/ for details.
[2026-08-25 06:29:37] Run log saved to: /Users/jgafur/LTH/manuscript/Tranfer/logs/adversarial_orchestrate_generate_20260825_061705.log
[2026-08-25 06:29:37] ============================================================================
[2026-08-25 06:29:37] [OK] ConvNeXt/Cifar100/BIM/ALL
[2026-08-25 06:29:37] [OK] qsub output: Your job 6431606 ("adversarial_hpc_submit.pbs") has been submitted
[2026-08-25 06:29:37] [SUBMIT] ConvNeXt/Cifar100/APGD/ALL
[2026-08-25 06:29:38] [CMD] qsub -q all.q -l ngpus=1 -v MODEL="ConvNeXt",DATASET="Cifar100",ATTACK="APGD",KIND="ALL",PHASE="generate",OUTPUT_DIR="adversarial_results_ep100_pre300" adversarial_hpc_submit.pbs </dev/null
[2026-08-25 06:29:43] [OK] ConvNeXt/Cifar100/IFGSM/ALL
[2026-08-25 06:29:43] [OK] qsub output: Your job 6431607 ("adversarial_hpc_submit.pbs") has been submitted
[2026-08-25 06:29:44] [SUBMIT] ConvNeXt/Cifar100/BIM/ALL
[2026-08-25 06:29:48] [OK] ConvNeXt/Cifar100/APGD/ALL
[2026-08-25 06:29:50] [OK] qsub output: Your job 6431608 ("adversarial_hpc_submit.pbs") has been submitted
[2026-08-25 06:29:50] [CMD] qsub -q all.q -l ngpus=1 -v MODEL="ConvNeXt",DATASET="Cifar100",ATTACK="BIM",KIND="ALL",PHASE="generate",OUTPUT_DIR="adversarial_results_ep300_pre100" adversarial_hpc_submit.pbs </dev/null
[2026-08-25 06:29:51] [SUBMIT] ConvNeXt/Cifar100/CW/ALL
[2026-08-25 06:29:51] [CMD] qsub -q all.q -l ngpus=1 -v MODEL="ConvNeXt",DATASET="Cifar100",ATTACK="CW",KIND="ALL",PHASE="generate",OUTPUT_DIR="adversarial_results_ep100_pre300" adversarial_hpc_submit.pbs </dev/null
[2026-08-25 06:29:54] [OK] ConvNeXt/Cifar100/CW/ALL
[2026-08-25 06:29:55] [OK] qsub output: Your job 6431610 ("adversarial_hpc_submit.pbs") has been submitted
[2026-08-25 06:29:56] [SUBMIT] ConvNeXt/Cifar100/DeepFool/ALL
[2026-08-25 06:29:58] [CMD] qsub -q all.q -l ngpus=1 -v MODEL="ConvNeXt",DATASET="Cifar100",ATTACK="DeepFool",KIND="ALL",PHASE="generate",OUTPUT_DIR="adversarial_results_ep100_pre300" adversarial_hpc_submit.pbs </dev/null
[2026-08-25 06:30:00] [OK] ConvNeXt/Cifar100/BIM/ALL
[2026-08-25 06:30:02] [OK] qsub output: Your job 6431609 ("adversarial_hpc_submit.pbs") has been submitted
[2026-08-25 06:30:03] [SUBMIT] ConvNeXt/Cifar100/APGD/ALL
[2026-08-25 06:30:03] [CMD] qsub -q all.q -l ngpus=1 -v MODEL="ConvNeXt",DATASET="Cifar100",ATTACK="APGD",KIND="ALL",PHASE="generate",OUTPUT_DIR="adversarial_results_ep300_pre100" adversarial_hpc_submit.pbs </dev/null
[2026-08-25 06:30:06] [OK] ConvNeXt/Cifar100/DeepFool/ALL
[2026-08-25 06:30:06] [OK] qsub output: Your job 6431611 ("adversarial_hpc_submit.pbs") has been submitted
[2026-08-25 06:30:06] [SUCCESS] Submitted 84 jobs
[2026-08-25 06:30:06] Monitor progress with: qstat
[2026-08-25 06:30:06] ============================================================================
[2026-08-25 06:30:06] Job submission complete. Check logs/ for details.
[2026-08-25 06:30:06] Run log saved to: /Users/jgafur/LTH/manuscript/Tranfer/logs/adversarial_orchestrate_generate_20260825_061705.log
[2026-08-25 06:30:06] ============================================================================
[2026-08-25 06:30:10] [OK] ConvNeXt/Cifar100/APGD/ALL
[2026-08-25 06:30:10] [OK] qsub output: Your job 6431613 ("adversarial_hpc_submit.pbs") has been submitted
[2026-08-25 06:30:11] [SUBMIT] ConvNeXt/Cifar100/CW/ALL
[2026-08-25 06:30:11] [CMD] qsub -q all.q -l ngpus=1 -v MODEL="ConvNeXt",DATASET="Cifar100",ATTACK="CW",KIND="ALL",PHASE="generate",OUTPUT_DIR="adversarial_results_ep300_pre100" adversarial_hpc_submit.pbs </dev/null
[2026-08-25 06:30:19] [OK] ConvNeXt/Cifar100/CW/ALL
[2026-08-25 06:30:19] [OK] qsub output: Your job 6431614 ("adversarial_hpc_submit.pbs") has been submitted
[2026-08-25 06:30:19] [SUBMIT] ConvNeXt/Cifar100/DeepFool/ALL
[2026-08-25 06:30:19] [CMD] qsub -q all.q -l ngpus=1 -v MODEL="ConvNeXt",DATASET="Cifar100",ATTACK="DeepFool",KIND="ALL",PHASE="generate",OUTPUT_DIR="adversarial_results_ep300_pre100" adversarial_hpc_submit.pbs </dev/null
[2026-08-25 06:30:21] [OK] ConvNeXt/Cifar100/DeepFool/ALL
[2026-08-25 06:30:22] [OK] qsub output: Your job 6431615 ("adversarial_hpc_submit.pbs") has been submitted
[2026-08-25 06:30:22] [SUCCESS] Submitted 84 jobs
[2026-08-25 06:30:22] Monitor progress with: qstat
[2026-08-25 06:30:22] ============================================================================
[2026-08-25 06:30:22] Job submission complete. Check logs/ for details.
[2026-08-25 06:30:22] Run log saved to: /Users/jgafur/LTH/manuscript/Tranfer/logs/adversarial_orchestrate_generate_20260825_061705.log
[2026-08-25 06:30:22] ============================================================================
