[2026-08-31 10:24:23] Starting orchestration script
[2026-08-31 10:24:23] Starting orchestration script
[2026-08-31 10:24:23] Starting orchestration script
[2026-08-31 10:24:23] Script path: /Users/jgafur/LTH/manuscript/Tranfer
[2026-08-31 10:24:23] Script path: /Users/jgafur/LTH/manuscript/Tranfer
[2026-08-31 10:24:23] Script path: /Users/jgafur/LTH/manuscript/Tranfer
[2026-08-31 10:24:23] Current working directory: /Users/jgafur/LTH/manuscript/Tranfer
[2026-08-31 10:24:23] Current working directory: /Users/jgafur/LTH/manuscript/Tranfer
[2026-08-31 10:24:23] Current working directory: /Users/jgafur/LTH/manuscript/Tranfer
[2026-08-31 10:24:23] Phase: generate
[2026-08-31 10:24:23] Phase: generate
[2026-08-31 10:24:23] Output directory: adversarial_results_ep100_pre300
[2026-08-31 10:24:23] Phase: generate
[2026-08-31 10:24:23] Output directory: adversarial_results_ep300_pre100
[2026-08-31 10:24:23] Model filter: ALL
[2026-08-31 10:24:23] Model filter: ALL
[2026-08-31 10:24:23] Output directory: adversarial_results_ep200_pre200
[2026-08-31 10:24:23] Dataset filter: ALL
[2026-08-31 10:24:23] Dataset filter: ALL
[2026-08-31 10:24:23] Model filter: ALL
[2026-08-31 10:24:23] Attack filter: ALL
[2026-08-31 10:24:23] Attack filter: ALL
[2026-08-31 10:24:23] Dataset filter: ALL
[2026-08-31 10:24:23] Kind filter: ALL
[2026-08-31 10:24:23] Kind filter: ALL
[2026-08-31 10:24:23] Attack filter: ALL
[2026-08-31 10:24:23] Run log: /Users/jgafur/LTH/manuscript/Tranfer/logs/adversarial_orchestrate_generate_20260831_102423.log
[2026-08-31 10:24:23] Run log: /Users/jgafur/LTH/manuscript/Tranfer/logs/adversarial_orchestrate_generate_20260831_102423.log
[2026-08-31 10:24:23] Kind filter: ALL
[2026-08-31 10:24:23] qsub command found: /opt/sge/bin/lx-amd64/qsub
[2026-08-31 10:24:23] Run log: /Users/jgafur/LTH/manuscript/Tranfer/logs/adversarial_orchestrate_generate_20260831_102423.log
[2026-08-31 10:24:23] qsub command found: /opt/sge/bin/lx-amd64/qsub
[2026-08-31 10:24:23] Found submission file: /Users/jgafur/LTH/manuscript/Tranfer/adversarial_hpc_submit.pbs
[2026-08-31 10:24:23] Found submission file: /Users/jgafur/LTH/manuscript/Tranfer/adversarial_hpc_submit.pbs
[2026-08-31 10:24:23] qsub command found: /opt/sge/bin/lx-amd64/qsub
[2026-08-31 10:24:23] ============================================================================
[2026-08-31 10:24:23] ============================================================================
[2026-08-31 10:24:24] Found submission file: /Users/jgafur/LTH/manuscript/Tranfer/adversarial_hpc_submit.pbs
[2026-08-31 10:24:24] Adversarial Analysis HPC Orchestration
[2026-08-31 10:24:24] Adversarial Analysis HPC Orchestration
[2026-08-31 10:24:24] ============================================================================
[2026-08-31 10:24:24] ============================================================================
[2026-08-31 10:24:24] ============================================================================
[2026-08-31 10:24:24] Phase:       generate
[2026-08-31 10:24:24] Adversarial Analysis HPC Orchestration
[2026-08-31 10:24:24] Phase:       generate
[2026-08-31 10:24:24] ============================================================================
[2026-08-31 10:24:24] Output Dir:  adversarial_results_ep300_pre100
[2026-08-31 10:24:24] Output Dir:  adversarial_results_ep100_pre300
[2026-08-31 10:24:24] Models:      6 architectures
[2026-08-31 10:24:24] Phase:       generate
[2026-08-31 10:24:24] Models:      6 architectures
[2026-08-31 10:24:24] Datasets:    2 datasets
[2026-08-31 10:24:24] Output Dir:  adversarial_results_ep200_pre200
[2026-08-31 10:24:24] Datasets:    2 datasets
[2026-08-31 10:24:24] Models:      6 architectures
[2026-08-31 10:24:24] Attacks:     7 attack types
[2026-08-31 10:24:24] Attacks:     7 attack types
[2026-08-31 10:24:24] Datasets:    2 datasets
[2026-08-31 10:24:24] Total Jobs:  ~84
[2026-08-31 10:24:24] Total Jobs:  ~84
[2026-08-31 10:24:24] Attacks:     7 attack types
[2026-08-31 10:24:24] ============================================================================
[2026-08-31 10:24:24] ============================================================================
[2026-08-31 10:24:24] Total Jobs:  ~84
[2026-08-31 10:24:24] Run outputs will be written as txt files in manuscript/Tranfer/
[2026-08-31 10:24:24] ============================================================================
[2026-08-31 10:24:24] Run outputs will be written as txt files in manuscript/Tranfer/
[2026-08-31 10:24:24]   - generate:      <MODEL>_<DATASET>_<ATTACK>_<KIND>_generate_run.txt
[2026-08-31 10:24:24] Run outputs will be written as txt files in manuscript/Tranfer/
[2026-08-31 10:24:24]   - generate:      <MODEL>_<DATASET>_<ATTACK>_<KIND>_generate_run.txt
[2026-08-31 10:24:24]   - analyze:       adversarial_analyze_run.txt
[2026-08-31 10:24:24]   - generate:      <MODEL>_<DATASET>_<ATTACK>_<KIND>_generate_run.txt
[2026-08-31 10:24:24]   - analyze:       adversarial_analyze_run.txt
[2026-08-31 10:24:24]   - plot:          adversarial_plot_run.txt
[2026-08-31 10:24:24]   - analyze:       adversarial_analyze_run.txt
[2026-08-31 10:24:24]   - plot:          adversarial_plot_run.txt
[2026-08-31 10:24:24]   - gradient_sim:  adversarial_gradient_sim_run.txt
[2026-08-31 10:24:24]   - plot:          adversarial_plot_run.txt
[2026-08-31 10:24:24]   - gradient_sim:  adversarial_gradient_sim_run.txt
[2026-08-31 10:24:24]   - epsilon_sweep: adversarial_epsilon_sweep_run.txt
[2026-08-31 10:24:24]   - gradient_sim:  adversarial_gradient_sim_run.txt
[2026-08-31 10:24:24]   - epsilon_sweep: adversarial_epsilon_sweep_run.txt
[2026-08-31 10:24:24]   - statistics:    adversarial_statistics_run.txt
[2026-08-31 10:24:24]   - epsilon_sweep: adversarial_epsilon_sweep_run.txt
[2026-08-31 10:24:24]   - statistics:    adversarial_statistics_run.txt
[2026-08-31 10:24:24]   - cka:           adversarial_cka_run.txt
[2026-08-31 10:24:24]   - statistics:    adversarial_statistics_run.txt
[2026-08-31 10:24:24]   - cka:           adversarial_cka_run.txt
[2026-08-31 10:24:24]   - compare:       adversarial_compare_run.txt
[2026-08-31 10:24:24]   - cka:           adversarial_cka_run.txt
[2026-08-31 10:24:24]   - compare:       adversarial_compare_run.txt
[2026-08-31 10:24:24]   - compute_tradeoff: adversarial_compute_tradeoff_run.txt
[2026-08-31 10:24:24]   - compute_tradeoff: adversarial_compute_tradeoff_run.txt
[2026-08-31 10:24:24]   - compare:       adversarial_compare_run.txt
[2026-08-31 10:24:24]   - correlations:  adversarial_correlations_run.txt
[2026-08-31 10:24:24]   - correlations:  adversarial_correlations_run.txt
[2026-08-31 10:24:24]   - compute_tradeoff: adversarial_compute_tradeoff_run.txt
[2026-08-31 10:24:24] [PHASE: GENERATE] Submitting attack generation jobs...
[2026-08-31 10:24:24]   - correlations:  adversarial_correlations_run.txt
[2026-08-31 10:24:24] [PHASE: GENERATE] Submitting attack generation jobs...
[2026-08-31 10:24:24] [SUBMIT] VGG16/Cifar10/PGD/ALL
[2026-08-31 10:24:24] [PHASE: GENERATE] Submitting attack generation jobs...
[2026-08-31 10:24:24] [SUBMIT] VGG16/Cifar10/PGD/ALL
[2026-08-31 10:24:24] [CMD] qsub -q all.q -l ngpus=1 -v MODEL="VGG16",DATASET="Cifar10",ATTACK="PGD",KIND="ALL",PHASE="generate",OUTPUT_DIR="adversarial_results_ep300_pre100" adversarial_hpc_submit.pbs </dev/null
[2026-08-31 10:24:24] [CMD] qsub -q all.q -l ngpus=1 -v MODEL="VGG16",DATASET="Cifar10",ATTACK="PGD",KIND="ALL",PHASE="generate",OUTPUT_DIR="adversarial_results_ep100_pre300" adversarial_hpc_submit.pbs </dev/null
[2026-08-31 10:24:24] [SUBMIT] VGG16/Cifar10/PGD/ALL
[2026-08-31 10:24:24] [CMD] qsub -q all.q -l ngpus=1 -v MODEL="VGG16",DATASET="Cifar10",ATTACK="PGD",KIND="ALL",PHASE="generate",OUTPUT_DIR="adversarial_results_ep200_pre200" adversarial_hpc_submit.pbs </dev/null
[2026-08-31 10:24:34] [OK] VGG16/Cifar10/PGD/ALL
[2026-08-31 10:24:34] [OK] qsub output: Your job 6443292 ("adversarial_hpc_submit.pbs") has been submitted
[2026-08-31 10:24:34] [SUBMIT] VGG16/Cifar10/FGSM/ALL
[2026-08-31 10:24:34] [CMD] qsub -q all.q -l ngpus=1 -v MODEL="VGG16",DATASET="Cifar10",ATTACK="FGSM",KIND="ALL",PHASE="generate",OUTPUT_DIR="adversarial_results_ep300_pre100" adversarial_hpc_submit.pbs </dev/null
[2026-08-31 10:24:34] [OK] VGG16/Cifar10/PGD/ALL
[2026-08-31 10:24:34] [OK] qsub output: Your job 6443291 ("adversarial_hpc_submit.pbs") has been submitted
[2026-08-31 10:24:34] [SUBMIT] VGG16/Cifar10/FGSM/ALL
[2026-08-31 10:24:34] [CMD] qsub -q all.q -l ngpus=1 -v MODEL="VGG16",DATASET="Cifar10",ATTACK="FGSM",KIND="ALL",PHASE="generate",OUTPUT_DIR="adversarial_results_ep100_pre300" adversarial_hpc_submit.pbs </dev/null
[2026-08-31 10:24:36] [OK] VGG16/Cifar10/FGSM/ALL
[2026-08-31 10:24:36] [OK] qsub output: Your job 6443294 ("adversarial_hpc_submit.pbs") has been submitted
[2026-08-31 10:24:36] [SUBMIT] VGG16/Cifar10/IFGSM/ALL
[2026-08-31 10:24:36] [CMD] qsub -q all.q -l ngpus=1 -v MODEL="VGG16",DATASET="Cifar10",ATTACK="IFGSM",KIND="ALL",PHASE="generate",OUTPUT_DIR="adversarial_results_ep300_pre100" adversarial_hpc_submit.pbs </dev/null
[2026-08-31 10:24:38] [OK] VGG16/Cifar10/PGD/ALL
[2026-08-31 10:24:38] [OK] qsub output: Your job 6443293 ("adversarial_hpc_submit.pbs") has been submitted
[2026-08-31 10:24:38] [SUBMIT] VGG16/Cifar10/FGSM/ALL
[2026-08-31 10:24:38] [CMD] qsub -q all.q -l ngpus=1 -v MODEL="VGG16",DATASET="Cifar10",ATTACK="FGSM",KIND="ALL",PHASE="generate",OUTPUT_DIR="adversarial_results_ep200_pre200" adversarial_hpc_submit.pbs </dev/null
[2026-08-31 10:24:39] [OK] VGG16/Cifar10/FGSM/ALL
[2026-08-31 10:24:39] [OK] qsub output: Your job 6443295 ("adversarial_hpc_submit.pbs") has been submitted
[2026-08-31 10:24:39] [SUBMIT] VGG16/Cifar10/IFGSM/ALL
[2026-08-31 10:24:39] [CMD] qsub -q all.q -l ngpus=1 -v MODEL="VGG16",DATASET="Cifar10",ATTACK="IFGSM",KIND="ALL",PHASE="generate",OUTPUT_DIR="adversarial_results_ep100_pre300" adversarial_hpc_submit.pbs </dev/null
[2026-08-31 10:24:44] [OK] VGG16/Cifar10/IFGSM/ALL
[2026-08-31 10:24:44] [OK] qsub output: Your job 6443296 ("adversarial_hpc_submit.pbs") has been submitted
[2026-08-31 10:24:44] [SUBMIT] VGG16/Cifar10/BIM/ALL
[2026-08-31 10:24:44] [CMD] qsub -q all.q -l ngpus=1 -v MODEL="VGG16",DATASET="Cifar10",ATTACK="BIM",KIND="ALL",PHASE="generate",OUTPUT_DIR="adversarial_results_ep300_pre100" adversarial_hpc_submit.pbs </dev/null
[2026-08-31 10:24:45] [OK] VGG16/Cifar10/FGSM/ALL
[2026-08-31 10:24:45] [OK] qsub output: Your job 6443297 ("adversarial_hpc_submit.pbs") has been submitted
[2026-08-31 10:24:45] [SUBMIT] VGG16/Cifar10/IFGSM/ALL
[2026-08-31 10:24:45] [CMD] qsub -q all.q -l ngpus=1 -v MODEL="VGG16",DATASET="Cifar10",ATTACK="IFGSM",KIND="ALL",PHASE="generate",OUTPUT_DIR="adversarial_results_ep200_pre200" adversarial_hpc_submit.pbs </dev/null
[2026-08-31 10:24:48] [OK] VGG16/Cifar10/BIM/ALL
[2026-08-31 10:24:48] [OK] qsub output: Your job 6443299 ("adversarial_hpc_submit.pbs") has been submitted
[2026-08-31 10:24:48] [SUBMIT] VGG16/Cifar10/APGD/ALL
[2026-08-31 10:24:48] [CMD] qsub -q all.q -l ngpus=1 -v MODEL="VGG16",DATASET="Cifar10",ATTACK="APGD",KIND="ALL",PHASE="generate",OUTPUT_DIR="adversarial_results_ep300_pre100" adversarial_hpc_submit.pbs </dev/null
[2026-08-31 10:24:48] [OK] VGG16/Cifar10/IFGSM/ALL
[2026-08-31 10:24:48] [OK] qsub output: Your job 6443298 ("adversarial_hpc_submit.pbs") has been submitted
[2026-08-31 10:24:48] [SUBMIT] VGG16/Cifar10/BIM/ALL
[2026-08-31 10:24:48] [CMD] qsub -q all.q -l ngpus=1 -v MODEL="VGG16",DATASET="Cifar10",ATTACK="BIM",KIND="ALL",PHASE="generate",OUTPUT_DIR="adversarial_results_ep100_pre300" adversarial_hpc_submit.pbs </dev/null
[2026-08-31 10:24:51] [OK] VGG16/Cifar10/IFGSM/ALL
[2026-08-31 10:24:51] [OK] qsub output: Your job 6443300 ("adversarial_hpc_submit.pbs") has been submitted
[2026-08-31 10:24:51] [SUBMIT] VGG16/Cifar10/BIM/ALL
[2026-08-31 10:24:51] [CMD] qsub -q all.q -l ngpus=1 -v MODEL="VGG16",DATASET="Cifar10",ATTACK="BIM",KIND="ALL",PHASE="generate",OUTPUT_DIR="adversarial_results_ep200_pre200" adversarial_hpc_submit.pbs </dev/null
[2026-08-31 10:24:52] [OK] VGG16/Cifar10/APGD/ALL
[2026-08-31 10:24:52] [OK] qsub output: Your job 6443301 ("adversarial_hpc_submit.pbs") has been submitted
[2026-08-31 10:24:52] [SUBMIT] VGG16/Cifar10/CW/ALL
[2026-08-31 10:24:52] [CMD] qsub -q all.q -l ngpus=1 -v MODEL="VGG16",DATASET="Cifar10",ATTACK="CW",KIND="ALL",PHASE="generate",OUTPUT_DIR="adversarial_results_ep300_pre100" adversarial_hpc_submit.pbs </dev/null
[2026-08-31 10:24:53] [OK] VGG16/Cifar10/BIM/ALL
[2026-08-31 10:24:53] [OK] qsub output: Your job 6443302 ("adversarial_hpc_submit.pbs") has been submitted
[2026-08-31 10:24:53] [SUBMIT] VGG16/Cifar10/APGD/ALL
[2026-08-31 10:24:53] [CMD] qsub -q all.q -l ngpus=1 -v MODEL="VGG16",DATASET="Cifar10",ATTACK="APGD",KIND="ALL",PHASE="generate",OUTPUT_DIR="adversarial_results_ep100_pre300" adversarial_hpc_submit.pbs </dev/null
[2026-08-31 10:24:53] [OK] VGG16/Cifar10/BIM/ALL
[2026-08-31 10:24:53] [OK] qsub output: Your job 6443303 ("adversarial_hpc_submit.pbs") has been submitted
[2026-08-31 10:24:53] [SUBMIT] VGG16/Cifar10/APGD/ALL
[2026-08-31 10:24:53] [CMD] qsub -q all.q -l ngpus=1 -v MODEL="VGG16",DATASET="Cifar10",ATTACK="APGD",KIND="ALL",PHASE="generate",OUTPUT_DIR="adversarial_results_ep200_pre200" adversarial_hpc_submit.pbs </dev/null
[2026-08-31 10:24:58] [OK] VGG16/Cifar10/CW/ALL
[2026-08-31 10:24:58] [OK] qsub output: Your job 6443304 ("adversarial_hpc_submit.pbs") has been submitted
[2026-08-31 10:24:58] [SUBMIT] VGG16/Cifar10/DeepFool/ALL
[2026-08-31 10:24:58] [CMD] qsub -q all.q -l ngpus=1 -v MODEL="VGG16",DATASET="Cifar10",ATTACK="DeepFool",KIND="ALL",PHASE="generate",OUTPUT_DIR="adversarial_results_ep300_pre100" adversarial_hpc_submit.pbs </dev/null
[2026-08-31 10:25:01] [OK] VGG16/Cifar10/APGD/ALL
[2026-08-31 10:25:01] [OK] qsub output: Your job 6443306 ("adversarial_hpc_submit.pbs") has been submitted
[2026-08-31 10:25:01] [SUBMIT] VGG16/Cifar10/CW/ALL
[2026-08-31 10:25:01] [CMD] qsub -q all.q -l ngpus=1 -v MODEL="VGG16",DATASET="Cifar10",ATTACK="CW",KIND="ALL",PHASE="generate",OUTPUT_DIR="adversarial_results_ep200_pre200" adversarial_hpc_submit.pbs </dev/null
[2026-08-31 10:25:02] [OK] VGG16/Cifar10/APGD/ALL
[2026-08-31 10:25:02] [OK] qsub output: Your job 6443305 ("adversarial_hpc_submit.pbs") has been submitted
[2026-08-31 10:25:02] [SUBMIT] VGG16/Cifar10/CW/ALL
[2026-08-31 10:25:02] [CMD] qsub -q all.q -l ngpus=1 -v MODEL="VGG16",DATASET="Cifar10",ATTACK="CW",KIND="ALL",PHASE="generate",OUTPUT_DIR="adversarial_results_ep100_pre300" adversarial_hpc_submit.pbs </dev/null
[2026-08-31 10:25:09] [OK] VGG16/Cifar10/DeepFool/ALL
[2026-08-31 10:25:09] [OK] qsub output: Your job 6443307 ("adversarial_hpc_submit.pbs") has been submitted
[2026-08-31 10:25:09] [SUBMIT] VGG16/Cifar100/PGD/ALL
[2026-08-31 10:25:09] [CMD] qsub -q all.q -l ngpus=1 -v MODEL="VGG16",DATASET="Cifar100",ATTACK="PGD",KIND="ALL",PHASE="generate",OUTPUT_DIR="adversarial_results_ep300_pre100" adversarial_hpc_submit.pbs </dev/null
[2026-08-31 10:25:11] [OK] VGG16/Cifar10/CW/ALL
[2026-08-31 10:25:11] [OK] qsub output: Your job 6443309 ("adversarial_hpc_submit.pbs") has been submitted
[2026-08-31 10:25:11] [SUBMIT] VGG16/Cifar10/DeepFool/ALL
[2026-08-31 10:25:11] [CMD] qsub -q all.q -l ngpus=1 -v MODEL="VGG16",DATASET="Cifar10",ATTACK="DeepFool",KIND="ALL",PHASE="generate",OUTPUT_DIR="adversarial_results_ep100_pre300" adversarial_hpc_submit.pbs </dev/null
[2026-08-31 10:25:11] [OK] VGG16/Cifar10/CW/ALL
[2026-08-31 10:25:11] [OK] qsub output: Your job 6443308 ("adversarial_hpc_submit.pbs") has been submitted
[2026-08-31 10:25:12] [SUBMIT] VGG16/Cifar10/DeepFool/ALL
[2026-08-31 10:25:12] [CMD] qsub -q all.q -l ngpus=1 -v MODEL="VGG16",DATASET="Cifar10",ATTACK="DeepFool",KIND="ALL",PHASE="generate",OUTPUT_DIR="adversarial_results_ep200_pre200" adversarial_hpc_submit.pbs </dev/null
[2026-08-31 10:25:15] [OK] VGG16/Cifar10/DeepFool/ALL
[2026-08-31 10:25:15] [OK] qsub output: Your job 6443311 ("adversarial_hpc_submit.pbs") has been submitted
[2026-08-31 10:25:15] [SUBMIT] VGG16/Cifar100/PGD/ALL
[2026-08-31 10:25:15] [CMD] qsub -q all.q -l ngpus=1 -v MODEL="VGG16",DATASET="Cifar100",ATTACK="PGD",KIND="ALL",PHASE="generate",OUTPUT_DIR="adversarial_results_ep100_pre300" adversarial_hpc_submit.pbs </dev/null
[2026-08-31 10:25:20] [OK] VGG16/Cifar100/PGD/ALL
[2026-08-31 10:25:20] [OK] qsub output: Your job 6443310 ("adversarial_hpc_submit.pbs") has been submitted
[2026-08-31 10:25:20] [SUBMIT] VGG16/Cifar100/FGSM/ALL
[2026-08-31 10:25:20] [CMD] qsub -q all.q -l ngpus=1 -v MODEL="VGG16",DATASET="Cifar100",ATTACK="FGSM",KIND="ALL",PHASE="generate",OUTPUT_DIR="adversarial_results_ep300_pre100" adversarial_hpc_submit.pbs </dev/null
[2026-08-31 10:25:23] [OK] VGG16/Cifar10/DeepFool/ALL
[2026-08-31 10:25:23] [OK] qsub output: Your job 6443312 ("adversarial_hpc_submit.pbs") has been submitted
[2026-08-31 10:25:23] [SUBMIT] VGG16/Cifar100/PGD/ALL
[2026-08-31 10:25:23] [CMD] qsub -q all.q -l ngpus=1 -v MODEL="VGG16",DATASET="Cifar100",ATTACK="PGD",KIND="ALL",PHASE="generate",OUTPUT_DIR="adversarial_results_ep200_pre200" adversarial_hpc_submit.pbs </dev/null
[2026-08-31 10:25:24] [OK] VGG16/Cifar100/PGD/ALL
[2026-08-31 10:25:24] [OK] qsub output: Your job 6443313 ("adversarial_hpc_submit.pbs") has been submitted
[2026-08-31 10:25:24] [SUBMIT] VGG16/Cifar100/FGSM/ALL
[2026-08-31 10:25:24] [CMD] qsub -q all.q -l ngpus=1 -v MODEL="VGG16",DATASET="Cifar100",ATTACK="FGSM",KIND="ALL",PHASE="generate",OUTPUT_DIR="adversarial_results_ep100_pre300" adversarial_hpc_submit.pbs </dev/null
[2026-08-31 10:25:29] [OK] VGG16/Cifar100/FGSM/ALL
[2026-08-31 10:25:29] [OK] qsub output: Your job 6443314 ("adversarial_hpc_submit.pbs") has been submitted
[2026-08-31 10:25:29] [SUBMIT] VGG16/Cifar100/IFGSM/ALL
[2026-08-31 10:25:29] [CMD] qsub -q all.q -l ngpus=1 -v MODEL="VGG16",DATASET="Cifar100",ATTACK="IFGSM",KIND="ALL",PHASE="generate",OUTPUT_DIR="adversarial_results_ep300_pre100" adversarial_hpc_submit.pbs </dev/null
[2026-08-31 10:25:33] [OK] VGG16/Cifar100/PGD/ALL
[2026-08-31 10:25:33] [OK] qsub output: Your job 6443315 ("adversarial_hpc_submit.pbs") has been submitted
[2026-08-31 10:25:33] [SUBMIT] VGG16/Cifar100/FGSM/ALL
[2026-08-31 10:25:33] [CMD] qsub -q all.q -l ngpus=1 -v MODEL="VGG16",DATASET="Cifar100",ATTACK="FGSM",KIND="ALL",PHASE="generate",OUTPUT_DIR="adversarial_results_ep200_pre200" adversarial_hpc_submit.pbs </dev/null
[2026-08-31 10:25:36] [OK] VGG16/Cifar100/FGSM/ALL
[2026-08-31 10:25:36] [OK] qsub output: Your job 6443316 ("adversarial_hpc_submit.pbs") has been submitted
[2026-08-31 10:25:36] [SUBMIT] VGG16/Cifar100/IFGSM/ALL
[2026-08-31 10:25:36] [CMD] qsub -q all.q -l ngpus=1 -v MODEL="VGG16",DATASET="Cifar100",ATTACK="IFGSM",KIND="ALL",PHASE="generate",OUTPUT_DIR="adversarial_results_ep100_pre300" adversarial_hpc_submit.pbs </dev/null
[2026-08-31 10:25:36] [OK] VGG16/Cifar100/IFGSM/ALL
[2026-08-31 10:25:36] [OK] qsub output: Your job 6443317 ("adversarial_hpc_submit.pbs") has been submitted
[2026-08-31 10:25:36] [SUBMIT] VGG16/Cifar100/BIM/ALL
[2026-08-31 10:25:36] [CMD] qsub -q all.q -l ngpus=1 -v MODEL="VGG16",DATASET="Cifar100",ATTACK="BIM",KIND="ALL",PHASE="generate",OUTPUT_DIR="adversarial_results_ep300_pre100" adversarial_hpc_submit.pbs </dev/null
[2026-08-31 10:25:39] [OK] VGG16/Cifar100/FGSM/ALL
[2026-08-31 10:25:39] [OK] qsub output: Your job 6443318 ("adversarial_hpc_submit.pbs") has been submitted
[2026-08-31 10:25:39] [SUBMIT] VGG16/Cifar100/IFGSM/ALL
[2026-08-31 10:25:39] [CMD] qsub -q all.q -l ngpus=1 -v MODEL="VGG16",DATASET="Cifar100",ATTACK="IFGSM",KIND="ALL",PHASE="generate",OUTPUT_DIR="adversarial_results_ep200_pre200" adversarial_hpc_submit.pbs </dev/null
[2026-08-31 10:25:43] [OK] VGG16/Cifar100/IFGSM/ALL
[2026-08-31 10:25:43] [OK] qsub output: Your job 6443319 ("adversarial_hpc_submit.pbs") has been submitted
[2026-08-31 10:25:43] [SUBMIT] VGG16/Cifar100/BIM/ALL
[2026-08-31 10:25:43] [CMD] qsub -q all.q -l ngpus=1 -v MODEL="VGG16",DATASET="Cifar100",ATTACK="BIM",KIND="ALL",PHASE="generate",OUTPUT_DIR="adversarial_results_ep100_pre300" adversarial_hpc_submit.pbs </dev/null
[2026-08-31 10:25:43] [OK] VGG16/Cifar100/BIM/ALL
[2026-08-31 10:25:43] [OK] qsub output: Your job 6443320 ("adversarial_hpc_submit.pbs") has been submitted
[2026-08-31 10:25:43] [SUBMIT] VGG16/Cifar100/APGD/ALL
[2026-08-31 10:25:44] [CMD] qsub -q all.q -l ngpus=1 -v MODEL="VGG16",DATASET="Cifar100",ATTACK="APGD",KIND="ALL",PHASE="generate",OUTPUT_DIR="adversarial_results_ep300_pre100" adversarial_hpc_submit.pbs </dev/null
[2026-08-31 10:25:46] [OK] VGG16/Cifar100/IFGSM/ALL
[2026-08-31 10:25:46] [OK] qsub output: Your job 6443321 ("adversarial_hpc_submit.pbs") has been submitted
[2026-08-31 10:25:46] [SUBMIT] VGG16/Cifar100/BIM/ALL
[2026-08-31 10:25:46] [CMD] qsub -q all.q -l ngpus=1 -v MODEL="VGG16",DATASET="Cifar100",ATTACK="BIM",KIND="ALL",PHASE="generate",OUTPUT_DIR="adversarial_results_ep200_pre200" adversarial_hpc_submit.pbs </dev/null
[2026-08-31 10:25:48] [OK] VGG16/Cifar100/APGD/ALL
[2026-08-31 10:25:48] [OK] qsub output: Your job 6443323 ("adversarial_hpc_submit.pbs") has been submitted
[2026-08-31 10:25:48] [SUBMIT] VGG16/Cifar100/CW/ALL
[2026-08-31 10:25:48] [CMD] qsub -q all.q -l ngpus=1 -v MODEL="VGG16",DATASET="Cifar100",ATTACK="CW",KIND="ALL",PHASE="generate",OUTPUT_DIR="adversarial_results_ep300_pre100" adversarial_hpc_submit.pbs </dev/null
[2026-08-31 10:25:50] [OK] VGG16/Cifar100/BIM/ALL
[2026-08-31 10:25:50] [OK] qsub output: Your job 6443324 ("adversarial_hpc_submit.pbs") has been submitted
[2026-08-31 10:25:50] [SUBMIT] VGG16/Cifar100/APGD/ALL
[2026-08-31 10:25:50] [CMD] qsub -q all.q -l ngpus=1 -v MODEL="VGG16",DATASET="Cifar100",ATTACK="APGD",KIND="ALL",PHASE="generate",OUTPUT_DIR="adversarial_results_ep200_pre200" adversarial_hpc_submit.pbs </dev/null
[2026-08-31 10:25:50] [OK] VGG16/Cifar100/BIM/ALL
[2026-08-31 10:25:50] [OK] qsub output: Your job 6443322 ("adversarial_hpc_submit.pbs") has been submitted
[2026-08-31 10:25:51] [SUBMIT] VGG16/Cifar100/APGD/ALL
[2026-08-31 10:25:51] [CMD] qsub -q all.q -l ngpus=1 -v MODEL="VGG16",DATASET="Cifar100",ATTACK="APGD",KIND="ALL",PHASE="generate",OUTPUT_DIR="adversarial_results_ep100_pre300" adversarial_hpc_submit.pbs </dev/null
[2026-08-31 10:25:59] [OK] VGG16/Cifar100/CW/ALL
[2026-08-31 10:25:59] [OK] qsub output: Your job 6443325 ("adversarial_hpc_submit.pbs") has been submitted
[2026-08-31 10:25:59] [SUBMIT] VGG16/Cifar100/DeepFool/ALL
[2026-08-31 10:25:59] [CMD] qsub -q all.q -l ngpus=1 -v MODEL="VGG16",DATASET="Cifar100",ATTACK="DeepFool",KIND="ALL",PHASE="generate",OUTPUT_DIR="adversarial_results_ep300_pre100" adversarial_hpc_submit.pbs </dev/null
[2026-08-31 10:25:59] [OK] VGG16/Cifar100/APGD/ALL
[2026-08-31 10:25:59] [OK] qsub output: Your job 6443326 ("adversarial_hpc_submit.pbs") has been submitted
[2026-08-31 10:25:59] [SUBMIT] VGG16/Cifar100/CW/ALL
[2026-08-31 10:25:59] [CMD] qsub -q all.q -l ngpus=1 -v MODEL="VGG16",DATASET="Cifar100",ATTACK="CW",KIND="ALL",PHASE="generate",OUTPUT_DIR="adversarial_results_ep200_pre200" adversarial_hpc_submit.pbs </dev/null
[2026-08-31 10:26:02] [OK] VGG16/Cifar100/APGD/ALL
[2026-08-31 10:26:02] [OK] qsub output: Your job 6443327 ("adversarial_hpc_submit.pbs") has been submitted
[2026-08-31 10:26:02] [SUBMIT] VGG16/Cifar100/CW/ALL
[2026-08-31 10:26:02] [CMD] qsub -q all.q -l ngpus=1 -v MODEL="VGG16",DATASET="Cifar100",ATTACK="CW",KIND="ALL",PHASE="generate",OUTPUT_DIR="adversarial_results_ep100_pre300" adversarial_hpc_submit.pbs </dev/null
[2026-08-31 10:26:06] [OK] VGG16/Cifar100/DeepFool/ALL
[2026-08-31 10:26:06] [OK] qsub output: Your job 6443328 ("adversarial_hpc_submit.pbs") has been submitted
[2026-08-31 10:26:06] [SUBMIT] RegNetX_400MF/Cifar10/PGD/ALL
[2026-08-31 10:26:06] [CMD] qsub -q all.q -l ngpus=1 -v MODEL="RegNetX_400MF",DATASET="Cifar10",ATTACK="PGD",KIND="ALL",PHASE="generate",OUTPUT_DIR="adversarial_results_ep300_pre100" adversarial_hpc_submit.pbs </dev/null
[2026-08-31 10:26:09] [OK] VGG16/Cifar100/CW/ALL
[2026-08-31 10:26:09] [OK] qsub output: Your job 6443330 ("adversarial_hpc_submit.pbs") has been submitted
[2026-08-31 10:26:09] [SUBMIT] VGG16/Cifar100/DeepFool/ALL
[2026-08-31 10:26:09] [CMD] qsub -q all.q -l ngpus=1 -v MODEL="VGG16",DATASET="Cifar100",ATTACK="DeepFool",KIND="ALL",PHASE="generate",OUTPUT_DIR="adversarial_results_ep100_pre300" adversarial_hpc_submit.pbs </dev/null
[2026-08-31 10:26:09] [OK] VGG16/Cifar100/CW/ALL
[2026-08-31 10:26:09] [OK] qsub output: Your job 6443329 ("adversarial_hpc_submit.pbs") has been submitted
[2026-08-31 10:26:09] [SUBMIT] VGG16/Cifar100/DeepFool/ALL
[2026-08-31 10:26:09] [CMD] qsub -q all.q -l ngpus=1 -v MODEL="VGG16",DATASET="Cifar100",ATTACK="DeepFool",KIND="ALL",PHASE="generate",OUTPUT_DIR="adversarial_results_ep200_pre200" adversarial_hpc_submit.pbs </dev/null
[2026-08-31 10:26:11] [OK] RegNetX_400MF/Cifar10/PGD/ALL
[2026-08-31 10:26:11] [OK] qsub output: Your job 6443331 ("adversarial_hpc_submit.pbs") has been submitted
[2026-08-31 10:26:12] [SUBMIT] RegNetX_400MF/Cifar10/FGSM/ALL
[2026-08-31 10:26:12] [CMD] qsub -q all.q -l ngpus=1 -v MODEL="RegNetX_400MF",DATASET="Cifar10",ATTACK="FGSM",KIND="ALL",PHASE="generate",OUTPUT_DIR="adversarial_results_ep300_pre100" adversarial_hpc_submit.pbs </dev/null
[2026-08-31 10:26:17] [OK] VGG16/Cifar100/DeepFool/ALL
[2026-08-31 10:26:17] [OK] qsub output: Your job 6443332 ("adversarial_hpc_submit.pbs") has been submitted
[2026-08-31 10:26:17] [SUBMIT] RegNetX_400MF/Cifar10/PGD/ALL
[2026-08-31 10:26:17] [CMD] qsub -q all.q -l ngpus=1 -v MODEL="RegNetX_400MF",DATASET="Cifar10",ATTACK="PGD",KIND="ALL",PHASE="generate",OUTPUT_DIR="adversarial_results_ep100_pre300" adversarial_hpc_submit.pbs </dev/null
[2026-08-31 10:26:20] [OK] VGG16/Cifar100/DeepFool/ALL
[2026-08-31 10:26:20] [OK] qsub output: Your job 6443333 ("adversarial_hpc_submit.pbs") has been submitted
[2026-08-31 10:26:20] [SUBMIT] RegNetX_400MF/Cifar10/PGD/ALL
[2026-08-31 10:26:20] [CMD] qsub -q all.q -l ngpus=1 -v MODEL="RegNetX_400MF",DATASET="Cifar10",ATTACK="PGD",KIND="ALL",PHASE="generate",OUTPUT_DIR="adversarial_results_ep200_pre200" adversarial_hpc_submit.pbs </dev/null
[2026-08-31 10:26:26] [OK] RegNetX_400MF/Cifar10/PGD/ALL
[2026-08-31 10:26:26] [OK] qsub output: Your job 6443336 ("adversarial_hpc_submit.pbs") has been submitted
[2026-08-31 10:26:26] [SUBMIT] RegNetX_400MF/Cifar10/FGSM/ALL
[2026-08-31 10:26:26] [CMD] qsub -q all.q -l ngpus=1 -v MODEL="RegNetX_400MF",DATASET="Cifar10",ATTACK="FGSM",KIND="ALL",PHASE="generate",OUTPUT_DIR="adversarial_results_ep100_pre300" adversarial_hpc_submit.pbs </dev/null
[2026-08-31 10:26:28] [OK] RegNetX_400MF/Cifar10/FGSM/ALL
[2026-08-31 10:26:28] [OK] qsub output: Your job 6443335 ("adversarial_hpc_submit.pbs") has been submitted
[2026-08-31 10:26:28] [SUBMIT] RegNetX_400MF/Cifar10/IFGSM/ALL
[2026-08-31 10:26:28] [CMD] qsub -q all.q -l ngpus=1 -v MODEL="RegNetX_400MF",DATASET="Cifar10",ATTACK="IFGSM",KIND="ALL",PHASE="generate",OUTPUT_DIR="adversarial_results_ep300_pre100" adversarial_hpc_submit.pbs </dev/null
[2026-08-31 10:26:35] [OK] RegNetX_400MF/Cifar10/PGD/ALL
[2026-08-31 10:26:35] [OK] qsub output: Your job 6443337 ("adversarial_hpc_submit.pbs") has been submitted
[2026-08-31 10:26:35] [SUBMIT] RegNetX_400MF/Cifar10/FGSM/ALL
[2026-08-31 10:26:35] [CMD] qsub -q all.q -l ngpus=1 -v MODEL="RegNetX_400MF",DATASET="Cifar10",ATTACK="FGSM",KIND="ALL",PHASE="generate",OUTPUT_DIR="adversarial_results_ep200_pre200" adversarial_hpc_submit.pbs </dev/null
[2026-08-31 10:26:36] [OK] RegNetX_400MF/Cifar10/FGSM/ALL
[2026-08-31 10:26:36] [OK] qsub output: Your job 6443338 ("adversarial_hpc_submit.pbs") has been submitted
[2026-08-31 10:26:36] [SUBMIT] RegNetX_400MF/Cifar10/IFGSM/ALL
[2026-08-31 10:26:36] [CMD] qsub -q all.q -l ngpus=1 -v MODEL="RegNetX_400MF",DATASET="Cifar10",ATTACK="IFGSM",KIND="ALL",PHASE="generate",OUTPUT_DIR="adversarial_results_ep100_pre300" adversarial_hpc_submit.pbs </dev/null
[2026-08-31 10:26:39] [OK] RegNetX_400MF/Cifar10/FGSM/ALL
[2026-08-31 10:26:39] [OK] qsub output: Your job 6443340 ("adversarial_hpc_submit.pbs") has been submitted
[2026-08-31 10:26:39] [SUBMIT] RegNetX_400MF/Cifar10/IFGSM/ALL
[2026-08-31 10:26:39] [CMD] qsub -q all.q -l ngpus=1 -v MODEL="RegNetX_400MF",DATASET="Cifar10",ATTACK="IFGSM",KIND="ALL",PHASE="generate",OUTPUT_DIR="adversarial_results_ep200_pre200" adversarial_hpc_submit.pbs </dev/null
[2026-08-31 10:26:44] [OK] RegNetX_400MF/Cifar10/IFGSM/ALL
[2026-08-31 10:26:44] [OK] qsub output: Your job 6443339 ("adversarial_hpc_submit.pbs") has been submitted
[2026-08-31 10:26:44] [SUBMIT] RegNetX_400MF/Cifar10/BIM/ALL
[2026-08-31 10:26:44] [CMD] qsub -q all.q -l ngpus=1 -v MODEL="RegNetX_400MF",DATASET="Cifar10",ATTACK="BIM",KIND="ALL",PHASE="generate",OUTPUT_DIR="adversarial_results_ep300_pre100" adversarial_hpc_submit.pbs </dev/null
[2026-08-31 10:26:48] [OK] RegNetX_400MF/Cifar10/IFGSM/ALL
[2026-08-31 10:26:48] [OK] qsub output: Your job 6443341 ("adversarial_hpc_submit.pbs") has been submitted
[2026-08-31 10:26:48] [SUBMIT] RegNetX_400MF/Cifar10/BIM/ALL
[2026-08-31 10:26:48] [CMD] qsub -q all.q -l ngpus=1 -v MODEL="RegNetX_400MF",DATASET="Cifar10",ATTACK="BIM",KIND="ALL",PHASE="generate",OUTPUT_DIR="adversarial_results_ep100_pre300" adversarial_hpc_submit.pbs </dev/null
[2026-08-31 10:26:52] [OK] RegNetX_400MF/Cifar10/IFGSM/ALL
[2026-08-31 10:26:52] [OK] qsub output: Your job 6443343 ("adversarial_hpc_submit.pbs") has been submitted
[2026-08-31 10:26:52] [SUBMIT] RegNetX_400MF/Cifar10/BIM/ALL
[2026-08-31 10:26:52] [CMD] qsub -q all.q -l ngpus=1 -v MODEL="RegNetX_400MF",DATASET="Cifar10",ATTACK="BIM",KIND="ALL",PHASE="generate",OUTPUT_DIR="adversarial_results_ep200_pre200" adversarial_hpc_submit.pbs </dev/null
[2026-08-31 10:26:54] [OK] RegNetX_400MF/Cifar10/BIM/ALL
[2026-08-31 10:26:54] [OK] qsub output: Your job 6443344 ("adversarial_hpc_submit.pbs") has been submitted
[2026-08-31 10:26:54] [SUBMIT] RegNetX_400MF/Cifar10/APGD/ALL
[2026-08-31 10:26:54] [CMD] qsub -q all.q -l ngpus=1 -v MODEL="RegNetX_400MF",DATASET="Cifar10",ATTACK="APGD",KIND="ALL",PHASE="generate",OUTPUT_DIR="adversarial_results_ep300_pre100" adversarial_hpc_submit.pbs </dev/null
[2026-08-31 10:26:55] [OK] RegNetX_400MF/Cifar10/BIM/ALL
[2026-08-31 10:26:55] [OK] qsub output: Your job 6443345 ("adversarial_hpc_submit.pbs") has been submitted
[2026-08-31 10:26:55] [SUBMIT] RegNetX_400MF/Cifar10/APGD/ALL
[2026-08-31 10:26:55] [CMD] qsub -q all.q -l ngpus=1 -v MODEL="RegNetX_400MF",DATASET="Cifar10",ATTACK="APGD",KIND="ALL",PHASE="generate",OUTPUT_DIR="adversarial_results_ep100_pre300" adversarial_hpc_submit.pbs </dev/null
[2026-08-31 10:26:57] [OK] RegNetX_400MF/Cifar10/BIM/ALL
[2026-08-31 10:26:58] [OK] qsub output: Your job 6443346 ("adversarial_hpc_submit.pbs") has been submitted
[2026-08-31 10:26:58] [SUBMIT] RegNetX_400MF/Cifar10/APGD/ALL
[2026-08-31 10:26:58] [CMD] qsub -q all.q -l ngpus=1 -v MODEL="RegNetX_400MF",DATASET="Cifar10",ATTACK="APGD",KIND="ALL",PHASE="generate",OUTPUT_DIR="adversarial_results_ep200_pre200" adversarial_hpc_submit.pbs </dev/null
[2026-08-31 10:26:59] [OK] RegNetX_400MF/Cifar10/APGD/ALL
[2026-08-31 10:26:59] [OK] qsub output: Your job 6443348 ("adversarial_hpc_submit.pbs") has been submitted
[2026-08-31 10:27:00] [SUBMIT] RegNetX_400MF/Cifar10/CW/ALL
[2026-08-31 10:27:00] [CMD] qsub -q all.q -l ngpus=1 -v MODEL="RegNetX_400MF",DATASET="Cifar10",ATTACK="CW",KIND="ALL",PHASE="generate",OUTPUT_DIR="adversarial_results_ep100_pre300" adversarial_hpc_submit.pbs </dev/null
[2026-08-31 10:27:02] [OK] RegNetX_400MF/Cifar10/APGD/ALL
[2026-08-31 10:27:02] [OK] qsub output: Your job 6443347 ("adversarial_hpc_submit.pbs") has been submitted
[2026-08-31 10:27:02] [SUBMIT] RegNetX_400MF/Cifar10/CW/ALL
[2026-08-31 10:27:02] [CMD] qsub -q all.q -l ngpus=1 -v MODEL="RegNetX_400MF",DATASET="Cifar10",ATTACK="CW",KIND="ALL",PHASE="generate",OUTPUT_DIR="adversarial_results_ep300_pre100" adversarial_hpc_submit.pbs </dev/null
[2026-08-31 10:27:06] [OK] RegNetX_400MF/Cifar10/CW/ALL
[2026-08-31 10:27:06] [OK] qsub output: Your job 6443350 ("adversarial_hpc_submit.pbs") has been submitted
[2026-08-31 10:27:06] [SUBMIT] RegNetX_400MF/Cifar10/DeepFool/ALL
[2026-08-31 10:27:06] [CMD] qsub -q all.q -l ngpus=1 -v MODEL="RegNetX_400MF",DATASET="Cifar10",ATTACK="DeepFool",KIND="ALL",PHASE="generate",OUTPUT_DIR="adversarial_results_ep100_pre300" adversarial_hpc_submit.pbs </dev/null
[2026-08-31 10:27:08] [OK] RegNetX_400MF/Cifar10/CW/ALL
[2026-08-31 10:27:08] [OK] qsub output: Your job 6443351 ("adversarial_hpc_submit.pbs") has been submitted
[2026-08-31 10:27:08] [SUBMIT] RegNetX_400MF/Cifar10/DeepFool/ALL
[2026-08-31 10:27:08] [CMD] qsub -q all.q -l ngpus=1 -v MODEL="RegNetX_400MF",DATASET="Cifar10",ATTACK="DeepFool",KIND="ALL",PHASE="generate",OUTPUT_DIR="adversarial_results_ep300_pre100" adversarial_hpc_submit.pbs </dev/null
[2026-08-31 10:27:08] [OK] RegNetX_400MF/Cifar10/APGD/ALL
[2026-08-31 10:27:08] [OK] qsub output: Your job 6443349 ("adversarial_hpc_submit.pbs") has been submitted
[2026-08-31 10:27:08] [SUBMIT] RegNetX_400MF/Cifar10/CW/ALL
[2026-08-31 10:27:08] [CMD] qsub -q all.q -l ngpus=1 -v MODEL="RegNetX_400MF",DATASET="Cifar10",ATTACK="CW",KIND="ALL",PHASE="generate",OUTPUT_DIR="adversarial_results_ep200_pre200" adversarial_hpc_submit.pbs </dev/null
[2026-08-31 10:27:10] [OK] RegNetX_400MF/Cifar10/DeepFool/ALL
[2026-08-31 10:27:10] [OK] qsub output: Your job 6443352 ("adversarial_hpc_submit.pbs") has been submitted
[2026-08-31 10:27:10] [SUBMIT] RegNetX_400MF/Cifar100/PGD/ALL
[2026-08-31 10:27:10] [CMD] qsub -q all.q -l ngpus=1 -v MODEL="RegNetX_400MF",DATASET="Cifar100",ATTACK="PGD",KIND="ALL",PHASE="generate",OUTPUT_DIR="adversarial_results_ep100_pre300" adversarial_hpc_submit.pbs </dev/null
[2026-08-31 10:27:17] [OK] RegNetX_400MF/Cifar10/DeepFool/ALL
[2026-08-31 10:27:17] [OK] qsub output: Your job 6443353 ("adversarial_hpc_submit.pbs") has been submitted
[2026-08-31 10:27:17] [SUBMIT] RegNetX_400MF/Cifar100/PGD/ALL
[2026-08-31 10:27:17] [CMD] qsub -q all.q -l ngpus=1 -v MODEL="RegNetX_400MF",DATASET="Cifar100",ATTACK="PGD",KIND="ALL",PHASE="generate",OUTPUT_DIR="adversarial_results_ep300_pre100" adversarial_hpc_submit.pbs </dev/null
[2026-08-31 10:27:18] [OK] RegNetX_400MF/Cifar10/CW/ALL
[2026-08-31 10:27:18] [OK] qsub output: Your job 6443354 ("adversarial_hpc_submit.pbs") has been submitted
[2026-08-31 10:27:18] [SUBMIT] RegNetX_400MF/Cifar10/DeepFool/ALL
[2026-08-31 10:27:18] [CMD] qsub -q all.q -l ngpus=1 -v MODEL="RegNetX_400MF",DATASET="Cifar10",ATTACK="DeepFool",KIND="ALL",PHASE="generate",OUTPUT_DIR="adversarial_results_ep200_pre200" adversarial_hpc_submit.pbs </dev/null
[2026-08-31 10:27:23] [OK] RegNetX_400MF/Cifar100/PGD/ALL
[2026-08-31 10:27:23] [OK] qsub output: Your job 6443356 ("adversarial_hpc_submit.pbs") has been submitted
[2026-08-31 10:27:23] [SUBMIT] RegNetX_400MF/Cifar100/FGSM/ALL
[2026-08-31 10:27:23] [CMD] qsub -q all.q -l ngpus=1 -v MODEL="RegNetX_400MF",DATASET="Cifar100",ATTACK="FGSM",KIND="ALL",PHASE="generate",OUTPUT_DIR="adversarial_results_ep300_pre100" adversarial_hpc_submit.pbs </dev/null
[2026-08-31 10:27:24] [OK] RegNetX_400MF/Cifar10/DeepFool/ALL
[2026-08-31 10:27:24] [OK] qsub output: Your job 6443357 ("adversarial_hpc_submit.pbs") has been submitted
[2026-08-31 10:27:24] [SUBMIT] RegNetX_400MF/Cifar100/PGD/ALL
[2026-08-31 10:27:24] [CMD] qsub -q all.q -l ngpus=1 -v MODEL="RegNetX_400MF",DATASET="Cifar100",ATTACK="PGD",KIND="ALL",PHASE="generate",OUTPUT_DIR="adversarial_results_ep200_pre200" adversarial_hpc_submit.pbs </dev/null
[2026-08-31 10:27:25] [OK] RegNetX_400MF/Cifar100/PGD/ALL
[2026-08-31 10:27:25] [OK] qsub output: Your job 6443355 ("adversarial_hpc_submit.pbs") has been submitted
[2026-08-31 10:27:25] [SUBMIT] RegNetX_400MF/Cifar100/FGSM/ALL
[2026-08-31 10:27:25] [CMD] qsub -q all.q -l ngpus=1 -v MODEL="RegNetX_400MF",DATASET="Cifar100",ATTACK="FGSM",KIND="ALL",PHASE="generate",OUTPUT_DIR="adversarial_results_ep100_pre300" adversarial_hpc_submit.pbs </dev/null
[2026-08-31 10:27:28] [OK] RegNetX_400MF/Cifar100/FGSM/ALL
[2026-08-31 10:27:28] [OK] qsub output: Your job 6443358 ("adversarial_hpc_submit.pbs") has been submitted
[2026-08-31 10:27:28] [SUBMIT] RegNetX_400MF/Cifar100/IFGSM/ALL
[2026-08-31 10:27:28] [CMD] qsub -q all.q -l ngpus=1 -v MODEL="RegNetX_400MF",DATASET="Cifar100",ATTACK="IFGSM",KIND="ALL",PHASE="generate",OUTPUT_DIR="adversarial_results_ep300_pre100" adversarial_hpc_submit.pbs </dev/null
[2026-08-31 10:27:29] [OK] RegNetX_400MF/Cifar100/PGD/ALL
[2026-08-31 10:27:29] [OK] qsub output: Your job 6443359 ("adversarial_hpc_submit.pbs") has been submitted
[2026-08-31 10:27:29] [SUBMIT] RegNetX_400MF/Cifar100/FGSM/ALL
[2026-08-31 10:27:29] [CMD] qsub -q all.q -l ngpus=1 -v MODEL="RegNetX_400MF",DATASET="Cifar100",ATTACK="FGSM",KIND="ALL",PHASE="generate",OUTPUT_DIR="adversarial_results_ep200_pre200" adversarial_hpc_submit.pbs </dev/null
[2026-08-31 10:27:32] [OK] RegNetX_400MF/Cifar100/IFGSM/ALL
[2026-08-31 10:27:32] [OK] qsub output: Your job 6443361 ("adversarial_hpc_submit.pbs") has been submitted
[2026-08-31 10:27:32] [SUBMIT] RegNetX_400MF/Cifar100/BIM/ALL
[2026-08-31 10:27:32] [CMD] qsub -q all.q -l ngpus=1 -v MODEL="RegNetX_400MF",DATASET="Cifar100",ATTACK="BIM",KIND="ALL",PHASE="generate",OUTPUT_DIR="adversarial_results_ep300_pre100" adversarial_hpc_submit.pbs </dev/null
[2026-08-31 10:27:38] [OK] RegNetX_400MF/Cifar100/FGSM/ALL
[2026-08-31 10:27:38] [OK] qsub output: Your job 6443360 ("adversarial_hpc_submit.pbs") has been submitted
[2026-08-31 10:27:38] [SUBMIT] RegNetX_400MF/Cifar100/IFGSM/ALL
[2026-08-31 10:27:38] [CMD] qsub -q all.q -l ngpus=1 -v MODEL="RegNetX_400MF",DATASET="Cifar100",ATTACK="IFGSM",KIND="ALL",PHASE="generate",OUTPUT_DIR="adversarial_results_ep100_pre300" adversarial_hpc_submit.pbs </dev/null
[2026-08-31 10:27:40] [OK] RegNetX_400MF/Cifar100/FGSM/ALL
[2026-08-31 10:27:40] [OK] qsub output: Your job 6443362 ("adversarial_hpc_submit.pbs") has been submitted
[2026-08-31 10:27:40] [SUBMIT] RegNetX_400MF/Cifar100/IFGSM/ALL
[2026-08-31 10:27:40] [CMD] qsub -q all.q -l ngpus=1 -v MODEL="RegNetX_400MF",DATASET="Cifar100",ATTACK="IFGSM",KIND="ALL",PHASE="generate",OUTPUT_DIR="adversarial_results_ep200_pre200" adversarial_hpc_submit.pbs </dev/null
[2026-08-31 10:27:41] [OK] RegNetX_400MF/Cifar100/IFGSM/ALL
[2026-08-31 10:27:41] [OK] qsub output: Your job 6443364 ("adversarial_hpc_submit.pbs") has been submitted
[2026-08-31 10:27:41] [SUBMIT] RegNetX_400MF/Cifar100/BIM/ALL
[2026-08-31 10:27:41] [CMD] qsub -q all.q -l ngpus=1 -v MODEL="RegNetX_400MF",DATASET="Cifar100",ATTACK="BIM",KIND="ALL",PHASE="generate",OUTPUT_DIR="adversarial_results_ep100_pre300" adversarial_hpc_submit.pbs </dev/null
[2026-08-31 10:27:43] [OK] RegNetX_400MF/Cifar100/BIM/ALL
[2026-08-31 10:27:44] [OK] qsub output: Your job 6443363 ("adversarial_hpc_submit.pbs") has been submitted
[2026-08-31 10:27:44] [SUBMIT] RegNetX_400MF/Cifar100/APGD/ALL
[2026-08-31 10:27:44] [CMD] qsub -q all.q -l ngpus=1 -v MODEL="RegNetX_400MF",DATASET="Cifar100",ATTACK="APGD",KIND="ALL",PHASE="generate",OUTPUT_DIR="adversarial_results_ep300_pre100" adversarial_hpc_submit.pbs </dev/null
[2026-08-31 10:27:50] [OK] RegNetX_400MF/Cifar100/BIM/ALL
[2026-08-31 10:27:50] [OK] qsub output: Your job 6443366 ("adversarial_hpc_submit.pbs") has been submitted
[2026-08-31 10:27:51] [SUBMIT] RegNetX_400MF/Cifar100/APGD/ALL
[2026-08-31 10:27:51] [CMD] qsub -q all.q -l ngpus=1 -v MODEL="RegNetX_400MF",DATASET="Cifar100",ATTACK="APGD",KIND="ALL",PHASE="generate",OUTPUT_DIR="adversarial_results_ep100_pre300" adversarial_hpc_submit.pbs </dev/null
[2026-08-31 10:27:51] [OK] RegNetX_400MF/Cifar100/IFGSM/ALL
[2026-08-31 10:27:51] [OK] qsub output: Your job 6443365 ("adversarial_hpc_submit.pbs") has been submitted
[2026-08-31 10:27:51] [SUBMIT] RegNetX_400MF/Cifar100/BIM/ALL
[2026-08-31 10:27:51] [CMD] qsub -q all.q -l ngpus=1 -v MODEL="RegNetX_400MF",DATASET="Cifar100",ATTACK="BIM",KIND="ALL",PHASE="generate",OUTPUT_DIR="adversarial_results_ep200_pre200" adversarial_hpc_submit.pbs </dev/null
[2026-08-31 10:27:54] [OK] RegNetX_400MF/Cifar100/APGD/ALL
[2026-08-31 10:27:54] [OK] qsub output: Your job 6443367 ("adversarial_hpc_submit.pbs") has been submitted
[2026-08-31 10:27:54] [SUBMIT] RegNetX_400MF/Cifar100/CW/ALL
[2026-08-31 10:27:54] [CMD] qsub -q all.q -l ngpus=1 -v MODEL="RegNetX_400MF",DATASET="Cifar100",ATTACK="CW",KIND="ALL",PHASE="generate",OUTPUT_DIR="adversarial_results_ep300_pre100" adversarial_hpc_submit.pbs </dev/null
[2026-08-31 10:27:55] [OK] RegNetX_400MF/Cifar100/BIM/ALL
[2026-08-31 10:27:55] [OK] qsub output: Your job 6443369 ("adversarial_hpc_submit.pbs") has been submitted
[2026-08-31 10:27:56] [SUBMIT] RegNetX_400MF/Cifar100/APGD/ALL
[2026-08-31 10:27:56] [CMD] qsub -q all.q -l ngpus=1 -v MODEL="RegNetX_400MF",DATASET="Cifar100",ATTACK="APGD",KIND="ALL",PHASE="generate",OUTPUT_DIR="adversarial_results_ep200_pre200" adversarial_hpc_submit.pbs </dev/null
[2026-08-31 10:28:01] [OK] RegNetX_400MF/Cifar100/APGD/ALL
[2026-08-31 10:28:01] [OK] qsub output: Your job 6443368 ("adversarial_hpc_submit.pbs") has been submitted
[2026-08-31 10:28:01] [SUBMIT] RegNetX_400MF/Cifar100/CW/ALL
[2026-08-31 10:28:01] [CMD] qsub -q all.q -l ngpus=1 -v MODEL="RegNetX_400MF",DATASET="Cifar100",ATTACK="CW",KIND="ALL",PHASE="generate",OUTPUT_DIR="adversarial_results_ep100_pre300" adversarial_hpc_submit.pbs </dev/null
[2026-08-31 10:28:03] [OK] RegNetX_400MF/Cifar100/APGD/ALL
[2026-08-31 10:28:03] [OK] qsub output: Your job 6443371 ("adversarial_hpc_submit.pbs") has been submitted
[2026-08-31 10:28:03] [SUBMIT] RegNetX_400MF/Cifar100/CW/ALL
[2026-08-31 10:28:03] [CMD] qsub -q all.q -l ngpus=1 -v MODEL="RegNetX_400MF",DATASET="Cifar100",ATTACK="CW",KIND="ALL",PHASE="generate",OUTPUT_DIR="adversarial_results_ep200_pre200" adversarial_hpc_submit.pbs </dev/null
[2026-08-31 10:28:03] [OK] RegNetX_400MF/Cifar100/CW/ALL
[2026-08-31 10:28:03] [OK] qsub output: Your job 6443370 ("adversarial_hpc_submit.pbs") has been submitted
[2026-08-31 10:28:03] [SUBMIT] RegNetX_400MF/Cifar100/DeepFool/ALL
[2026-08-31 10:28:03] [CMD] qsub -q all.q -l ngpus=1 -v MODEL="RegNetX_400MF",DATASET="Cifar100",ATTACK="DeepFool",KIND="ALL",PHASE="generate",OUTPUT_DIR="adversarial_results_ep300_pre100" adversarial_hpc_submit.pbs </dev/null
[2026-08-31 10:28:07] [OK] RegNetX_400MF/Cifar100/CW/ALL
[2026-08-31 10:28:07] [OK] qsub output: Your job 6443373 ("adversarial_hpc_submit.pbs") has been submitted
[2026-08-31 10:28:07] [SUBMIT] RegNetX_400MF/Cifar100/DeepFool/ALL
[2026-08-31 10:28:07] [CMD] qsub -q all.q -l ngpus=1 -v MODEL="RegNetX_400MF",DATASET="Cifar100",ATTACK="DeepFool",KIND="ALL",PHASE="generate",OUTPUT_DIR="adversarial_results_ep200_pre200" adversarial_hpc_submit.pbs </dev/null
[2026-08-31 10:28:10] [OK] RegNetX_400MF/Cifar100/DeepFool/ALL
[2026-08-31 10:28:10] [OK] qsub output: Your job 6443374 ("adversarial_hpc_submit.pbs") has been submitted
[2026-08-31 10:28:10] [SUBMIT] InceptionNet/Cifar10/PGD/ALL
[2026-08-31 10:28:10] [CMD] qsub -q all.q -l ngpus=1 -v MODEL="InceptionNet",DATASET="Cifar10",ATTACK="PGD",KIND="ALL",PHASE="generate",OUTPUT_DIR="adversarial_results_ep300_pre100" adversarial_hpc_submit.pbs </dev/null
[2026-08-31 10:28:11] [OK] RegNetX_400MF/Cifar100/DeepFool/ALL
[2026-08-31 10:28:11] [OK] qsub output: Your job 6443375 ("adversarial_hpc_submit.pbs") has been submitted
[2026-08-31 10:28:11] [SUBMIT] InceptionNet/Cifar10/PGD/ALL
[2026-08-31 10:28:11] [CMD] qsub -q all.q -l ngpus=1 -v MODEL="InceptionNet",DATASET="Cifar10",ATTACK="PGD",KIND="ALL",PHASE="generate",OUTPUT_DIR="adversarial_results_ep200_pre200" adversarial_hpc_submit.pbs </dev/null
[2026-08-31 10:28:13] [OK] RegNetX_400MF/Cifar100/CW/ALL
[2026-08-31 10:28:13] [OK] qsub output: Your job 6443372 ("adversarial_hpc_submit.pbs") has been submitted
[2026-08-31 10:28:13] [SUBMIT] RegNetX_400MF/Cifar100/DeepFool/ALL
[2026-08-31 10:28:13] [CMD] qsub -q all.q -l ngpus=1 -v MODEL="RegNetX_400MF",DATASET="Cifar100",ATTACK="DeepFool",KIND="ALL",PHASE="generate",OUTPUT_DIR="adversarial_results_ep100_pre300" adversarial_hpc_submit.pbs </dev/null
[2026-08-31 10:28:17] [OK] InceptionNet/Cifar10/PGD/ALL
[2026-08-31 10:28:17] [OK] qsub output: Your job 6443376 ("adversarial_hpc_submit.pbs") has been submitted
[2026-08-31 10:28:17] [SUBMIT] InceptionNet/Cifar10/FGSM/ALL
[2026-08-31 10:28:17] [CMD] qsub -q all.q -l ngpus=1 -v MODEL="InceptionNet",DATASET="Cifar10",ATTACK="FGSM",KIND="ALL",PHASE="generate",OUTPUT_DIR="adversarial_results_ep300_pre100" adversarial_hpc_submit.pbs </dev/null
[2026-08-31 10:28:20] [OK] InceptionNet/Cifar10/PGD/ALL
[2026-08-31 10:28:21] [OK] qsub output: Your job 6443377 ("adversarial_hpc_submit.pbs") has been submitted
[2026-08-31 10:28:21] [SUBMIT] InceptionNet/Cifar10/FGSM/ALL
[2026-08-31 10:28:21] [CMD] qsub -q all.q -l ngpus=1 -v MODEL="InceptionNet",DATASET="Cifar10",ATTACK="FGSM",KIND="ALL",PHASE="generate",OUTPUT_DIR="adversarial_results_ep200_pre200" adversarial_hpc_submit.pbs </dev/null
[2026-08-31 10:28:25] [OK] RegNetX_400MF/Cifar100/DeepFool/ALL
[2026-08-31 10:28:25] [OK] qsub output: Your job 6443378 ("adversarial_hpc_submit.pbs") has been submitted
[2026-08-31 10:28:25] [SUBMIT] InceptionNet/Cifar10/PGD/ALL
[2026-08-31 10:28:25] [CMD] qsub -q all.q -l ngpus=1 -v MODEL="InceptionNet",DATASET="Cifar10",ATTACK="PGD",KIND="ALL",PHASE="generate",OUTPUT_DIR="adversarial_results_ep100_pre300" adversarial_hpc_submit.pbs </dev/null
[2026-08-31 10:28:29] [OK] InceptionNet/Cifar10/FGSM/ALL
[2026-08-31 10:28:29] [OK] qsub output: Your job 6443379 ("adversarial_hpc_submit.pbs") has been submitted
[2026-08-31 10:28:30] [SUBMIT] InceptionNet/Cifar10/IFGSM/ALL
[2026-08-31 10:28:30] [CMD] qsub -q all.q -l ngpus=1 -v MODEL="InceptionNet",DATASET="Cifar10",ATTACK="IFGSM",KIND="ALL",PHASE="generate",OUTPUT_DIR="adversarial_results_ep300_pre100" adversarial_hpc_submit.pbs </dev/null
[2026-08-31 10:28:34] [OK] InceptionNet/Cifar10/FGSM/ALL
[2026-08-31 10:28:34] [OK] qsub output: Your job 6443380 ("adversarial_hpc_submit.pbs") has been submitted
[2026-08-31 10:28:34] [SUBMIT] InceptionNet/Cifar10/IFGSM/ALL
[2026-08-31 10:28:34] [CMD] qsub -q all.q -l ngpus=1 -v MODEL="InceptionNet",DATASET="Cifar10",ATTACK="IFGSM",KIND="ALL",PHASE="generate",OUTPUT_DIR="adversarial_results_ep200_pre200" adversarial_hpc_submit.pbs </dev/null
[2026-08-31 10:28:35] [OK] InceptionNet/Cifar10/PGD/ALL
[2026-08-31 10:28:35] [OK] qsub output: Your job 6443381 ("adversarial_hpc_submit.pbs") has been submitted
[2026-08-31 10:28:35] [SUBMIT] InceptionNet/Cifar10/FGSM/ALL
[2026-08-31 10:28:35] [CMD] qsub -q all.q -l ngpus=1 -v MODEL="InceptionNet",DATASET="Cifar10",ATTACK="FGSM",KIND="ALL",PHASE="generate",OUTPUT_DIR="adversarial_results_ep100_pre300" adversarial_hpc_submit.pbs </dev/null
[2026-08-31 10:28:38] [OK] InceptionNet/Cifar10/IFGSM/ALL
[2026-08-31 10:28:38] [OK] InceptionNet/Cifar10/IFGSM/ALL
[2026-08-31 10:28:38] [OK] qsub output: Your job 6443383 ("adversarial_hpc_submit.pbs") has been submitted
[2026-08-31 10:28:38] [OK] qsub output: Your job 6443382 ("adversarial_hpc_submit.pbs") has been submitted
[2026-08-31 10:28:38] [SUBMIT] InceptionNet/Cifar10/BIM/ALL
[2026-08-31 10:28:38] [SUBMIT] InceptionNet/Cifar10/BIM/ALL
[2026-08-31 10:28:38] [CMD] qsub -q all.q -l ngpus=1 -v MODEL="InceptionNet",DATASET="Cifar10",ATTACK="BIM",KIND="ALL",PHASE="generate",OUTPUT_DIR="adversarial_results_ep200_pre200" adversarial_hpc_submit.pbs </dev/null
[2026-08-31 10:28:38] [CMD] qsub -q all.q -l ngpus=1 -v MODEL="InceptionNet",DATASET="Cifar10",ATTACK="BIM",KIND="ALL",PHASE="generate",OUTPUT_DIR="adversarial_results_ep300_pre100" adversarial_hpc_submit.pbs </dev/null
[2026-08-31 10:28:44] [OK] InceptionNet/Cifar10/BIM/ALL
[2026-08-31 10:28:44] [OK] InceptionNet/Cifar10/FGSM/ALL
[2026-08-31 10:28:46] [OK] qsub output: Your job 6443385 ("adversarial_hpc_submit.pbs") has been submitted
[2026-08-31 10:28:46] [OK] qsub output: Your job 6443384 ("adversarial_hpc_submit.pbs") has been submitted
[2026-08-31 10:28:46] [SUBMIT] InceptionNet/Cifar10/APGD/ALL
[2026-08-31 10:28:46] [SUBMIT] InceptionNet/Cifar10/IFGSM/ALL
[2026-08-31 10:28:46] [CMD] qsub -q all.q -l ngpus=1 -v MODEL="InceptionNet",DATASET="Cifar10",ATTACK="APGD",KIND="ALL",PHASE="generate",OUTPUT_DIR="adversarial_results_ep200_pre200" adversarial_hpc_submit.pbs </dev/null
[2026-08-31 10:28:46] [CMD] qsub -q all.q -l ngpus=1 -v MODEL="InceptionNet",DATASET="Cifar10",ATTACK="IFGSM",KIND="ALL",PHASE="generate",OUTPUT_DIR="adversarial_results_ep100_pre300" adversarial_hpc_submit.pbs </dev/null
[2026-08-31 10:28:53] [OK] InceptionNet/Cifar10/BIM/ALL
[2026-08-31 10:28:53] [OK] qsub output: Your job 6443386 ("adversarial_hpc_submit.pbs") has been submitted
[2026-08-31 10:28:53] [SUBMIT] InceptionNet/Cifar10/APGD/ALL
[2026-08-31 10:28:53] [CMD] qsub -q all.q -l ngpus=1 -v MODEL="InceptionNet",DATASET="Cifar10",ATTACK="APGD",KIND="ALL",PHASE="generate",OUTPUT_DIR="adversarial_results_ep300_pre100" adversarial_hpc_submit.pbs </dev/null
[2026-08-31 10:28:53] [OK] InceptionNet/Cifar10/APGD/ALL
[2026-08-31 10:28:53] [OK] qsub output: Your job 6443387 ("adversarial_hpc_submit.pbs") has been submitted
[2026-08-31 10:28:53] [SUBMIT] InceptionNet/Cifar10/CW/ALL
[2026-08-31 10:28:53] [CMD] qsub -q all.q -l ngpus=1 -v MODEL="InceptionNet",DATASET="Cifar10",ATTACK="CW",KIND="ALL",PHASE="generate",OUTPUT_DIR="adversarial_results_ep200_pre200" adversarial_hpc_submit.pbs </dev/null
[2026-08-31 10:28:58] [OK] InceptionNet/Cifar10/APGD/ALL
[2026-08-31 10:28:58] [OK] qsub output: Your job 6443389 ("adversarial_hpc_submit.pbs") has been submitted
[2026-08-31 10:28:58] [SUBMIT] InceptionNet/Cifar10/CW/ALL
[2026-08-31 10:28:58] [CMD] qsub -q all.q -l ngpus=1 -v MODEL="InceptionNet",DATASET="Cifar10",ATTACK="CW",KIND="ALL",PHASE="generate",OUTPUT_DIR="adversarial_results_ep300_pre100" adversarial_hpc_submit.pbs </dev/null
[2026-08-31 10:29:02] [OK] InceptionNet/Cifar10/IFGSM/ALL
[2026-08-31 10:29:02] [OK] qsub output: Your job 6443388 ("adversarial_hpc_submit.pbs") has been submitted
[2026-08-31 10:29:02] [SUBMIT] InceptionNet/Cifar10/BIM/ALL
[2026-08-31 10:29:02] [CMD] qsub -q all.q -l ngpus=1 -v MODEL="InceptionNet",DATASET="Cifar10",ATTACK="BIM",KIND="ALL",PHASE="generate",OUTPUT_DIR="adversarial_results_ep100_pre300" adversarial_hpc_submit.pbs </dev/null
[2026-08-31 10:29:04] [OK] InceptionNet/Cifar10/CW/ALL
[2026-08-31 10:29:04] [OK] qsub output: Your job 6443390 ("adversarial_hpc_submit.pbs") has been submitted
[2026-08-31 10:29:04] [SUBMIT] InceptionNet/Cifar10/DeepFool/ALL
[2026-08-31 10:29:04] [CMD] qsub -q all.q -l ngpus=1 -v MODEL="InceptionNet",DATASET="Cifar10",ATTACK="DeepFool",KIND="ALL",PHASE="generate",OUTPUT_DIR="adversarial_results_ep200_pre200" adversarial_hpc_submit.pbs </dev/null
[2026-08-31 10:29:12] [OK] InceptionNet/Cifar10/CW/ALL
[2026-08-31 10:29:12] [OK] qsub output: Your job 6443391 ("adversarial_hpc_submit.pbs") has been submitted
[2026-08-31 10:29:12] [OK] InceptionNet/Cifar10/BIM/ALL
[2026-08-31 10:29:12] [OK] qsub output: Your job 6443392 ("adversarial_hpc_submit.pbs") has been submitted
[2026-08-31 10:29:12] [SUBMIT] InceptionNet/Cifar10/DeepFool/ALL
[2026-08-31 10:29:12] [CMD] qsub -q all.q -l ngpus=1 -v MODEL="InceptionNet",DATASET="Cifar10",ATTACK="DeepFool",KIND="ALL",PHASE="generate",OUTPUT_DIR="adversarial_results_ep300_pre100" adversarial_hpc_submit.pbs </dev/null
[2026-08-31 10:29:12] [SUBMIT] InceptionNet/Cifar10/APGD/ALL
[2026-08-31 10:29:12] [CMD] qsub -q all.q -l ngpus=1 -v MODEL="InceptionNet",DATASET="Cifar10",ATTACK="APGD",KIND="ALL",PHASE="generate",OUTPUT_DIR="adversarial_results_ep100_pre300" adversarial_hpc_submit.pbs </dev/null
[2026-08-31 10:29:21] [OK] InceptionNet/Cifar10/DeepFool/ALL
[2026-08-31 10:29:21] [OK] qsub output: Your job 6443395 ("adversarial_hpc_submit.pbs") has been submitted
[2026-08-31 10:29:21] [SUBMIT] InceptionNet/Cifar100/PGD/ALL
[2026-08-31 10:29:21] [CMD] qsub -q all.q -l ngpus=1 -v MODEL="InceptionNet",DATASET="Cifar100",ATTACK="PGD",KIND="ALL",PHASE="generate",OUTPUT_DIR="adversarial_results_ep200_pre200" adversarial_hpc_submit.pbs </dev/null
[2026-08-31 10:29:23] [OK] InceptionNet/Cifar10/DeepFool/ALL
[2026-08-31 10:29:23] [OK] qsub output: Your job 6443396 ("adversarial_hpc_submit.pbs") has been submitted
[2026-08-31 10:29:23] [SUBMIT] InceptionNet/Cifar100/PGD/ALL
[2026-08-31 10:29:23] [CMD] qsub -q all.q -l ngpus=1 -v MODEL="InceptionNet",DATASET="Cifar100",ATTACK="PGD",KIND="ALL",PHASE="generate",OUTPUT_DIR="adversarial_results_ep300_pre100" adversarial_hpc_submit.pbs </dev/null
[2026-08-31 10:29:24] [OK] InceptionNet/Cifar10/APGD/ALL
[2026-08-31 10:29:24] [OK] qsub output: Your job 6443397 ("adversarial_hpc_submit.pbs") has been submitted
[2026-08-31 10:29:24] [SUBMIT] InceptionNet/Cifar10/CW/ALL
[2026-08-31 10:29:24] [CMD] qsub -q all.q -l ngpus=1 -v MODEL="InceptionNet",DATASET="Cifar10",ATTACK="CW",KIND="ALL",PHASE="generate",OUTPUT_DIR="adversarial_results_ep100_pre300" adversarial_hpc_submit.pbs </dev/null
[2026-08-31 10:29:29] [OK] InceptionNet/Cifar100/PGD/ALL
[2026-08-31 10:29:29] [OK] qsub output: Your job 6443398 ("adversarial_hpc_submit.pbs") has been submitted
[2026-08-31 10:29:29] [SUBMIT] InceptionNet/Cifar100/FGSM/ALL
[2026-08-31 10:29:29] [CMD] qsub -q all.q -l ngpus=1 -v MODEL="InceptionNet",DATASET="Cifar100",ATTACK="FGSM",KIND="ALL",PHASE="generate",OUTPUT_DIR="adversarial_results_ep200_pre200" adversarial_hpc_submit.pbs </dev/null
[2026-08-31 10:29:30] [OK] InceptionNet/Cifar100/PGD/ALL
[2026-08-31 10:29:30] [OK] qsub output: Your job 6443400 ("adversarial_hpc_submit.pbs") has been submitted
[2026-08-31 10:29:30] [SUBMIT] InceptionNet/Cifar100/FGSM/ALL
[2026-08-31 10:29:30] [CMD] qsub -q all.q -l ngpus=1 -v MODEL="InceptionNet",DATASET="Cifar100",ATTACK="FGSM",KIND="ALL",PHASE="generate",OUTPUT_DIR="adversarial_results_ep300_pre100" adversarial_hpc_submit.pbs </dev/null
[2026-08-31 10:29:38] [OK] InceptionNet/Cifar100/FGSM/ALL
[2026-08-31 10:29:38] [OK] qsub output: Your job 6443402 ("adversarial_hpc_submit.pbs") has been submitted
[2026-08-31 10:29:39] [SUBMIT] InceptionNet/Cifar100/IFGSM/ALL
[2026-08-31 10:29:39] [CMD] qsub -q all.q -l ngpus=1 -v MODEL="InceptionNet",DATASET="Cifar100",ATTACK="IFGSM",KIND="ALL",PHASE="generate",OUTPUT_DIR="adversarial_results_ep200_pre200" adversarial_hpc_submit.pbs </dev/null
[2026-08-31 10:29:39] [OK] InceptionNet/Cifar10/CW/ALL
[2026-08-31 10:29:39] [OK] qsub output: Your job 6443401 ("adversarial_hpc_submit.pbs") has been submitted
[2026-08-31 10:29:39] [SUBMIT] InceptionNet/Cifar10/DeepFool/ALL
[2026-08-31 10:29:39] [CMD] qsub -q all.q -l ngpus=1 -v MODEL="InceptionNet",DATASET="Cifar10",ATTACK="DeepFool",KIND="ALL",PHASE="generate",OUTPUT_DIR="adversarial_results_ep100_pre300" adversarial_hpc_submit.pbs </dev/null
[2026-08-31 10:29:46] [OK] InceptionNet/Cifar100/FGSM/ALL
[2026-08-31 10:29:46] [OK] qsub output: Your job 6443403 ("adversarial_hpc_submit.pbs") has been submitted
[2026-08-31 10:29:46] [SUBMIT] InceptionNet/Cifar100/IFGSM/ALL
[2026-08-31 10:29:46] [CMD] qsub -q all.q -l ngpus=1 -v MODEL="InceptionNet",DATASET="Cifar100",ATTACK="IFGSM",KIND="ALL",PHASE="generate",OUTPUT_DIR="adversarial_results_ep300_pre100" adversarial_hpc_submit.pbs </dev/null
[2026-08-31 10:29:47] [OK] InceptionNet/Cifar100/IFGSM/ALL
[2026-08-31 10:29:47] [OK] qsub output: Your job 6443404 ("adversarial_hpc_submit.pbs") has been submitted
[2026-08-31 10:29:48] [SUBMIT] InceptionNet/Cifar100/BIM/ALL
[2026-08-31 10:29:48] [CMD] qsub -q all.q -l ngpus=1 -v MODEL="InceptionNet",DATASET="Cifar100",ATTACK="BIM",KIND="ALL",PHASE="generate",OUTPUT_DIR="adversarial_results_ep200_pre200" adversarial_hpc_submit.pbs </dev/null
[2026-08-31 10:29:53] [OK] InceptionNet/Cifar10/DeepFool/ALL
[2026-08-31 10:29:53] [OK] qsub output: Your job 6443405 ("adversarial_hpc_submit.pbs") has been submitted
[2026-08-31 10:29:54] [SUBMIT] InceptionNet/Cifar100/PGD/ALL
[2026-08-31 10:29:54] [CMD] qsub -q all.q -l ngpus=1 -v MODEL="InceptionNet",DATASET="Cifar100",ATTACK="PGD",KIND="ALL",PHASE="generate",OUTPUT_DIR="adversarial_results_ep100_pre300" adversarial_hpc_submit.pbs </dev/null
[2026-08-31 10:29:57] [OK] InceptionNet/Cifar100/IFGSM/ALL
[2026-08-31 10:29:57] [OK] qsub output: Your job 6443406 ("adversarial_hpc_submit.pbs") has been submitted
[2026-08-31 10:29:57] [SUBMIT] InceptionNet/Cifar100/BIM/ALL
[2026-08-31 10:29:57] [CMD] qsub -q all.q -l ngpus=1 -v MODEL="InceptionNet",DATASET="Cifar100",ATTACK="BIM",KIND="ALL",PHASE="generate",OUTPUT_DIR="adversarial_results_ep300_pre100" adversarial_hpc_submit.pbs </dev/null
[2026-08-31 10:29:58] [OK] InceptionNet/Cifar100/BIM/ALL
[2026-08-31 10:29:58] [OK] qsub output: Your job 6443407 ("adversarial_hpc_submit.pbs") has been submitted
[2026-08-31 10:29:58] [SUBMIT] InceptionNet/Cifar100/APGD/ALL
[2026-08-31 10:29:58] [CMD] qsub -q all.q -l ngpus=1 -v MODEL="InceptionNet",DATASET="Cifar100",ATTACK="APGD",KIND="ALL",PHASE="generate",OUTPUT_DIR="adversarial_results_ep200_pre200" adversarial_hpc_submit.pbs </dev/null
[2026-08-31 10:30:00] [OK] InceptionNet/Cifar100/BIM/ALL
[2026-08-31 10:30:00] [OK] qsub output: Your job 6443409 ("adversarial_hpc_submit.pbs") has been submitted
[2026-08-31 10:30:00] [SUBMIT] InceptionNet/Cifar100/APGD/ALL
[2026-08-31 10:30:00] [CMD] qsub -q all.q -l ngpus=1 -v MODEL="InceptionNet",DATASET="Cifar100",ATTACK="APGD",KIND="ALL",PHASE="generate",OUTPUT_DIR="adversarial_results_ep300_pre100" adversarial_hpc_submit.pbs </dev/null
[2026-08-31 10:30:03] [OK] InceptionNet/Cifar100/PGD/ALL
[2026-08-31 10:30:03] [OK] qsub output: Your job 6443408 ("adversarial_hpc_submit.pbs") has been submitted
[2026-08-31 10:30:03] [SUBMIT] InceptionNet/Cifar100/FGSM/ALL
[2026-08-31 10:30:03] [CMD] qsub -q all.q -l ngpus=1 -v MODEL="InceptionNet",DATASET="Cifar100",ATTACK="FGSM",KIND="ALL",PHASE="generate",OUTPUT_DIR="adversarial_results_ep100_pre300" adversarial_hpc_submit.pbs </dev/null
[2026-08-31 10:30:03] [OK] InceptionNet/Cifar100/APGD/ALL
[2026-08-31 10:30:03] [OK] qsub output: Your job 6443410 ("adversarial_hpc_submit.pbs") has been submitted
[2026-08-31 10:30:04] [SUBMIT] InceptionNet/Cifar100/CW/ALL
[2026-08-31 10:30:04] [CMD] qsub -q all.q -l ngpus=1 -v MODEL="InceptionNet",DATASET="Cifar100",ATTACK="CW",KIND="ALL",PHASE="generate",OUTPUT_DIR="adversarial_results_ep200_pre200" adversarial_hpc_submit.pbs </dev/null
[2026-08-31 10:30:10] [OK] InceptionNet/Cifar100/FGSM/ALL
[2026-08-31 10:30:10] [OK] qsub output: Your job 6443412 ("adversarial_hpc_submit.pbs") has been submitted
[2026-08-31 10:30:10] [SUBMIT] InceptionNet/Cifar100/IFGSM/ALL
[2026-08-31 10:30:10] [CMD] qsub -q all.q -l ngpus=1 -v MODEL="InceptionNet",DATASET="Cifar100",ATTACK="IFGSM",KIND="ALL",PHASE="generate",OUTPUT_DIR="adversarial_results_ep100_pre300" adversarial_hpc_submit.pbs </dev/null
[2026-08-31 10:30:11] [OK] InceptionNet/Cifar100/APGD/ALL
[2026-08-31 10:30:11] [OK] qsub output: Your job 6443411 ("adversarial_hpc_submit.pbs") has been submitted
[2026-08-31 10:30:12] [SUBMIT] InceptionNet/Cifar100/CW/ALL
[2026-08-31 10:30:12] [CMD] qsub -q all.q -l ngpus=1 -v MODEL="InceptionNet",DATASET="Cifar100",ATTACK="CW",KIND="ALL",PHASE="generate",OUTPUT_DIR="adversarial_results_ep300_pre100" adversarial_hpc_submit.pbs </dev/null
[2026-08-31 10:30:12] [OK] InceptionNet/Cifar100/CW/ALL
[2026-08-31 10:30:12] [OK] qsub output: Your job 6443413 ("adversarial_hpc_submit.pbs") has been submitted
[2026-08-31 10:30:12] [SUBMIT] InceptionNet/Cifar100/DeepFool/ALL
[2026-08-31 10:30:12] [CMD] qsub -q all.q -l ngpus=1 -v MODEL="InceptionNet",DATASET="Cifar100",ATTACK="DeepFool",KIND="ALL",PHASE="generate",OUTPUT_DIR="adversarial_results_ep200_pre200" adversarial_hpc_submit.pbs </dev/null
[2026-08-31 10:30:19] [OK] InceptionNet/Cifar100/IFGSM/ALL
[2026-08-31 10:30:19] [OK] qsub output: Your job 6443415 ("adversarial_hpc_submit.pbs") has been submitted
[2026-08-31 10:30:19] [SUBMIT] InceptionNet/Cifar100/BIM/ALL
[2026-08-31 10:30:19] [CMD] qsub -q all.q -l ngpus=1 -v MODEL="InceptionNet",DATASET="Cifar100",ATTACK="BIM",KIND="ALL",PHASE="generate",OUTPUT_DIR="adversarial_results_ep100_pre300" adversarial_hpc_submit.pbs </dev/null
[2026-08-31 10:30:22] [OK] InceptionNet/Cifar100/DeepFool/ALL
[2026-08-31 10:30:22] [OK] qsub output: Your job 6443417 ("adversarial_hpc_submit.pbs") has been submitted
[2026-08-31 10:30:22] [SUBMIT] MobileNet/Cifar10/PGD/ALL
[2026-08-31 10:30:22] [CMD] qsub -q all.q -l ngpus=1 -v MODEL="MobileNet",DATASET="Cifar10",ATTACK="PGD",KIND="ALL",PHASE="generate",OUTPUT_DIR="adversarial_results_ep200_pre200" adversarial_hpc_submit.pbs </dev/null
[2026-08-31 10:30:26] [OK] InceptionNet/Cifar100/CW/ALL
[2026-08-31 10:30:26] [OK] qsub output: Your job 6443416 ("adversarial_hpc_submit.pbs") has been submitted
[2026-08-31 10:30:26] [SUBMIT] InceptionNet/Cifar100/DeepFool/ALL
[2026-08-31 10:30:26] [CMD] qsub -q all.q -l ngpus=1 -v MODEL="InceptionNet",DATASET="Cifar100",ATTACK="DeepFool",KIND="ALL",PHASE="generate",OUTPUT_DIR="adversarial_results_ep300_pre100" adversarial_hpc_submit.pbs </dev/null
[2026-08-31 10:30:27] [OK] InceptionNet/Cifar100/BIM/ALL
[2026-08-31 10:30:27] [OK] qsub output: Your job 6443418 ("adversarial_hpc_submit.pbs") has been submitted
[2026-08-31 10:30:27] [SUBMIT] InceptionNet/Cifar100/APGD/ALL
[2026-08-31 10:30:28] [CMD] qsub -q all.q -l ngpus=1 -v MODEL="InceptionNet",DATASET="Cifar100",ATTACK="APGD",KIND="ALL",PHASE="generate",OUTPUT_DIR="adversarial_results_ep100_pre300" adversarial_hpc_submit.pbs </dev/null
[2026-08-31 10:30:29] [OK] MobileNet/Cifar10/PGD/ALL
[2026-08-31 10:30:29] [OK] qsub output: Your job 6443419 ("adversarial_hpc_submit.pbs") has been submitted
[2026-08-31 10:30:29] [SUBMIT] MobileNet/Cifar10/FGSM/ALL
[2026-08-31 10:30:29] [CMD] qsub -q all.q -l ngpus=1 -v MODEL="MobileNet",DATASET="Cifar10",ATTACK="FGSM",KIND="ALL",PHASE="generate",OUTPUT_DIR="adversarial_results_ep200_pre200" adversarial_hpc_submit.pbs </dev/null
[2026-08-31 10:30:31] [OK] InceptionNet/Cifar100/APGD/ALL
[2026-08-31 10:30:31] [OK] qsub output: Your job 6443421 ("adversarial_hpc_submit.pbs") has been submitted
[2026-08-31 10:30:31] [SUBMIT] InceptionNet/Cifar100/CW/ALL
[2026-08-31 10:30:31] [CMD] qsub -q all.q -l ngpus=1 -v MODEL="InceptionNet",DATASET="Cifar100",ATTACK="CW",KIND="ALL",PHASE="generate",OUTPUT_DIR="adversarial_results_ep100_pre300" adversarial_hpc_submit.pbs </dev/null
[2026-08-31 10:30:32] [OK] MobileNet/Cifar10/FGSM/ALL
[2026-08-31 10:30:32] [OK] qsub output: Your job 6443422 ("adversarial_hpc_submit.pbs") has been submitted
[2026-08-31 10:30:33] [SUBMIT] MobileNet/Cifar10/IFGSM/ALL
[2026-08-31 10:30:33] [CMD] qsub -q all.q -l ngpus=1 -v MODEL="MobileNet",DATASET="Cifar10",ATTACK="IFGSM",KIND="ALL",PHASE="generate",OUTPUT_DIR="adversarial_results_ep200_pre200" adversarial_hpc_submit.pbs </dev/null
[2026-08-31 10:30:36] [OK] InceptionNet/Cifar100/DeepFool/ALL
[2026-08-31 10:30:36] [OK] qsub output: Your job 6443420 ("adversarial_hpc_submit.pbs") has been submitted
[2026-08-31 10:30:36] [SUBMIT] MobileNet/Cifar10/PGD/ALL
[2026-08-31 10:30:36] [CMD] qsub -q all.q -l ngpus=1 -v MODEL="MobileNet",DATASET="Cifar10",ATTACK="PGD",KIND="ALL",PHASE="generate",OUTPUT_DIR="adversarial_results_ep300_pre100" adversarial_hpc_submit.pbs </dev/null
[2026-08-31 10:30:42] [OK] InceptionNet/Cifar100/CW/ALL
[2026-08-31 10:30:42] [OK] qsub output: Your job 6443423 ("adversarial_hpc_submit.pbs") has been submitted
[2026-08-31 10:30:42] [SUBMIT] InceptionNet/Cifar100/DeepFool/ALL
[2026-08-31 10:30:42] [CMD] qsub -q all.q -l ngpus=1 -v MODEL="InceptionNet",DATASET="Cifar100",ATTACK="DeepFool",KIND="ALL",PHASE="generate",OUTPUT_DIR="adversarial_results_ep100_pre300" adversarial_hpc_submit.pbs </dev/null
[2026-08-31 10:30:44] [OK] MobileNet/Cifar10/IFGSM/ALL
[2026-08-31 10:30:44] [OK] qsub output: Your job 6443424 ("adversarial_hpc_submit.pbs") has been submitted
[2026-08-31 10:30:44] [SUBMIT] MobileNet/Cifar10/BIM/ALL
[2026-08-31 10:30:44] [CMD] qsub -q all.q -l ngpus=1 -v MODEL="MobileNet",DATASET="Cifar10",ATTACK="BIM",KIND="ALL",PHASE="generate",OUTPUT_DIR="adversarial_results_ep200_pre200" adversarial_hpc_submit.pbs </dev/null
[2026-08-31 10:30:49] [OK] InceptionNet/Cifar100/DeepFool/ALL
[2026-08-31 10:30:49] [OK] qsub output: Your job 6443426 ("adversarial_hpc_submit.pbs") has been submitted
[2026-08-31 10:30:49] [SUBMIT] MobileNet/Cifar10/PGD/ALL
[2026-08-31 10:30:49] [CMD] qsub -q all.q -l ngpus=1 -v MODEL="MobileNet",DATASET="Cifar10",ATTACK="PGD",KIND="ALL",PHASE="generate",OUTPUT_DIR="adversarial_results_ep100_pre300" adversarial_hpc_submit.pbs </dev/null
[2026-08-31 10:30:51] [OK] MobileNet/Cifar10/PGD/ALL
[2026-08-31 10:30:51] [OK] qsub output: Your job 6443425 ("adversarial_hpc_submit.pbs") has been submitted
[2026-08-31 10:30:51] [SUBMIT] MobileNet/Cifar10/FGSM/ALL
[2026-08-31 10:30:51] [CMD] qsub -q all.q -l ngpus=1 -v MODEL="MobileNet",DATASET="Cifar10",ATTACK="FGSM",KIND="ALL",PHASE="generate",OUTPUT_DIR="adversarial_results_ep300_pre100" adversarial_hpc_submit.pbs </dev/null
[2026-08-31 10:30:52] [OK] MobileNet/Cifar10/PGD/ALL
[2026-08-31 10:30:52] [OK] qsub output: Your job 6443428 ("adversarial_hpc_submit.pbs") has been submitted
[2026-08-31 10:30:52] [SUBMIT] MobileNet/Cifar10/FGSM/ALL
[2026-08-31 10:30:52] [CMD] qsub -q all.q -l ngpus=1 -v MODEL="MobileNet",DATASET="Cifar10",ATTACK="FGSM",KIND="ALL",PHASE="generate",OUTPUT_DIR="adversarial_results_ep100_pre300" adversarial_hpc_submit.pbs </dev/null
[2026-08-31 10:30:55] [OK] MobileNet/Cifar10/FGSM/ALL
[2026-08-31 10:30:55] [OK] qsub output: Your job 6443429 ("adversarial_hpc_submit.pbs") has been submitted
[2026-08-31 10:30:55] [SUBMIT] MobileNet/Cifar10/IFGSM/ALL
[2026-08-31 10:30:55] [CMD] qsub -q all.q -l ngpus=1 -v MODEL="MobileNet",DATASET="Cifar10",ATTACK="IFGSM",KIND="ALL",PHASE="generate",OUTPUT_DIR="adversarial_results_ep300_pre100" adversarial_hpc_submit.pbs </dev/null
[2026-08-31 10:30:57] [OK] MobileNet/Cifar10/BIM/ALL
[2026-08-31 10:30:57] [OK] qsub output: Your job 6443427 ("adversarial_hpc_submit.pbs") has been submitted
[2026-08-31 10:30:57] [SUBMIT] MobileNet/Cifar10/APGD/ALL
[2026-08-31 10:30:57] [CMD] qsub -q all.q -l ngpus=1 -v MODEL="MobileNet",DATASET="Cifar10",ATTACK="APGD",KIND="ALL",PHASE="generate",OUTPUT_DIR="adversarial_results_ep200_pre200" adversarial_hpc_submit.pbs </dev/null
[2026-08-31 10:30:59] [OK] MobileNet/Cifar10/IFGSM/ALL
[2026-08-31 10:30:59] [OK] qsub output: Your job 6443431 ("adversarial_hpc_submit.pbs") has been submitted
[2026-08-31 10:30:59] [SUBMIT] MobileNet/Cifar10/BIM/ALL
[2026-08-31 10:30:59] [CMD] qsub -q all.q -l ngpus=1 -v MODEL="MobileNet",DATASET="Cifar10",ATTACK="BIM",KIND="ALL",PHASE="generate",OUTPUT_DIR="adversarial_results_ep300_pre100" adversarial_hpc_submit.pbs </dev/null
[2026-08-31 10:31:02] [OK] MobileNet/Cifar10/FGSM/ALL
[2026-08-31 10:31:02] [OK] qsub output: Your job 6443430 ("adversarial_hpc_submit.pbs") has been submitted
[2026-08-31 10:31:02] [SUBMIT] MobileNet/Cifar10/IFGSM/ALL
[2026-08-31 10:31:02] [CMD] qsub -q all.q -l ngpus=1 -v MODEL="MobileNet",DATASET="Cifar10",ATTACK="IFGSM",KIND="ALL",PHASE="generate",OUTPUT_DIR="adversarial_results_ep100_pre300" adversarial_hpc_submit.pbs </dev/null
[2026-08-31 10:31:05] [OK] MobileNet/Cifar10/APGD/ALL
[2026-08-31 10:31:05] [OK] qsub output: Your job 6443432 ("adversarial_hpc_submit.pbs") has been submitted
[2026-08-31 10:31:05] [SUBMIT] MobileNet/Cifar10/CW/ALL
[2026-08-31 10:31:05] [CMD] qsub -q all.q -l ngpus=1 -v MODEL="MobileNet",DATASET="Cifar10",ATTACK="CW",KIND="ALL",PHASE="generate",OUTPUT_DIR="adversarial_results_ep200_pre200" adversarial_hpc_submit.pbs </dev/null
[2026-08-31 10:31:08] [OK] MobileNet/Cifar10/BIM/ALL
[2026-08-31 10:31:08] [OK] qsub output: Your job 6443433 ("adversarial_hpc_submit.pbs") has been submitted
[2026-08-31 10:31:08] [SUBMIT] MobileNet/Cifar10/APGD/ALL
[2026-08-31 10:31:08] [CMD] qsub -q all.q -l ngpus=1 -v MODEL="MobileNet",DATASET="Cifar10",ATTACK="APGD",KIND="ALL",PHASE="generate",OUTPUT_DIR="adversarial_results_ep300_pre100" adversarial_hpc_submit.pbs </dev/null
[2026-08-31 10:31:09] [OK] MobileNet/Cifar10/IFGSM/ALL
[2026-08-31 10:31:09] [OK] qsub output: Your job 6443434 ("adversarial_hpc_submit.pbs") has been submitted
[2026-08-31 10:31:09] [SUBMIT] MobileNet/Cifar10/BIM/ALL
[2026-08-31 10:31:09] [CMD] qsub -q all.q -l ngpus=1 -v MODEL="MobileNet",DATASET="Cifar10",ATTACK="BIM",KIND="ALL",PHASE="generate",OUTPUT_DIR="adversarial_results_ep100_pre300" adversarial_hpc_submit.pbs </dev/null
[2026-08-31 10:31:11] [OK] MobileNet/Cifar10/APGD/ALL
[2026-08-31 10:31:11] [OK] qsub output: Your job 6443436 ("adversarial_hpc_submit.pbs") has been submitted
[2026-08-31 10:31:11] [SUBMIT] MobileNet/Cifar10/CW/ALL
[2026-08-31 10:31:11] [CMD] qsub -q all.q -l ngpus=1 -v MODEL="MobileNet",DATASET="Cifar10",ATTACK="CW",KIND="ALL",PHASE="generate",OUTPUT_DIR="adversarial_results_ep300_pre100" adversarial_hpc_submit.pbs </dev/null
[2026-08-31 10:31:17] [OK] MobileNet/Cifar10/CW/ALL
[2026-08-31 10:31:17] [OK] qsub output: Your job 6443435 ("adversarial_hpc_submit.pbs") has been submitted
[2026-08-31 10:31:17] [SUBMIT] MobileNet/Cifar10/DeepFool/ALL
[2026-08-31 10:31:17] [CMD] qsub -q all.q -l ngpus=1 -v MODEL="MobileNet",DATASET="Cifar10",ATTACK="DeepFool",KIND="ALL",PHASE="generate",OUTPUT_DIR="adversarial_results_ep200_pre200" adversarial_hpc_submit.pbs </dev/null
[2026-08-31 10:31:17] [OK] MobileNet/Cifar10/BIM/ALL
[2026-08-31 10:31:17] [OK] qsub output: Your job 6443437 ("adversarial_hpc_submit.pbs") has been submitted
[2026-08-31 10:31:17] [SUBMIT] MobileNet/Cifar10/APGD/ALL
[2026-08-31 10:31:17] [CMD] qsub -q all.q -l ngpus=1 -v MODEL="MobileNet",DATASET="Cifar10",ATTACK="APGD",KIND="ALL",PHASE="generate",OUTPUT_DIR="adversarial_results_ep100_pre300" adversarial_hpc_submit.pbs </dev/null
[2026-08-31 10:31:20] [OK] MobileNet/Cifar10/CW/ALL
[2026-08-31 10:31:20] [OK] qsub output: Your job 6443438 ("adversarial_hpc_submit.pbs") has been submitted
[2026-08-31 10:31:21] [SUBMIT] MobileNet/Cifar10/DeepFool/ALL
[2026-08-31 10:31:21] [CMD] qsub -q all.q -l ngpus=1 -v MODEL="MobileNet",DATASET="Cifar10",ATTACK="DeepFool",KIND="ALL",PHASE="generate",OUTPUT_DIR="adversarial_results_ep300_pre100" adversarial_hpc_submit.pbs </dev/null
[2026-08-31 10:31:23] [OK] MobileNet/Cifar10/DeepFool/ALL
[2026-08-31 10:31:23] [OK] qsub output: Your job 6443439 ("adversarial_hpc_submit.pbs") has been submitted
[2026-08-31 10:31:23] [SUBMIT] MobileNet/Cifar100/PGD/ALL
[2026-08-31 10:31:23] [CMD] qsub -q all.q -l ngpus=1 -v MODEL="MobileNet",DATASET="Cifar100",ATTACK="PGD",KIND="ALL",PHASE="generate",OUTPUT_DIR="adversarial_results_ep200_pre200" adversarial_hpc_submit.pbs </dev/null
[2026-08-31 10:31:24] [OK] MobileNet/Cifar10/APGD/ALL
[2026-08-31 10:31:24] [OK] qsub output: Your job 6443440 ("adversarial_hpc_submit.pbs") has been submitted
[2026-08-31 10:31:24] [SUBMIT] MobileNet/Cifar10/CW/ALL
[2026-08-31 10:31:24] [CMD] qsub -q all.q -l ngpus=1 -v MODEL="MobileNet",DATASET="Cifar10",ATTACK="CW",KIND="ALL",PHASE="generate",OUTPUT_DIR="adversarial_results_ep100_pre300" adversarial_hpc_submit.pbs </dev/null
[2026-08-31 10:31:31] [OK] MobileNet/Cifar100/PGD/ALL
[2026-08-31 10:31:31] [OK] qsub output: Your job 6443442 ("adversarial_hpc_submit.pbs") has been submitted
[2026-08-31 10:31:31] [SUBMIT] MobileNet/Cifar100/FGSM/ALL
[2026-08-31 10:31:31] [CMD] qsub -q all.q -l ngpus=1 -v MODEL="MobileNet",DATASET="Cifar100",ATTACK="FGSM",KIND="ALL",PHASE="generate",OUTPUT_DIR="adversarial_results_ep200_pre200" adversarial_hpc_submit.pbs </dev/null
[2026-08-31 10:31:33] [OK] MobileNet/Cifar10/DeepFool/ALL
[2026-08-31 10:31:33] [OK] qsub output: Your job 6443441 ("adversarial_hpc_submit.pbs") has been submitted
[2026-08-31 10:31:33] [SUBMIT] MobileNet/Cifar100/PGD/ALL
[2026-08-31 10:31:33] [CMD] qsub -q all.q -l ngpus=1 -v MODEL="MobileNet",DATASET="Cifar100",ATTACK="PGD",KIND="ALL",PHASE="generate",OUTPUT_DIR="adversarial_results_ep300_pre100" adversarial_hpc_submit.pbs </dev/null
[2026-08-31 10:31:33] [OK] MobileNet/Cifar10/CW/ALL
[2026-08-31 10:31:33] [OK] qsub output: Your job 6443443 ("adversarial_hpc_submit.pbs") has been submitted
[2026-08-31 10:31:33] [SUBMIT] MobileNet/Cifar10/DeepFool/ALL
[2026-08-31 10:31:33] [CMD] qsub -q all.q -l ngpus=1 -v MODEL="MobileNet",DATASET="Cifar10",ATTACK="DeepFool",KIND="ALL",PHASE="generate",OUTPUT_DIR="adversarial_results_ep100_pre300" adversarial_hpc_submit.pbs </dev/null
[2026-08-31 10:31:36] [OK] MobileNet/Cifar100/PGD/ALL
[2026-08-31 10:31:36] [OK] qsub output: Your job 6443445 ("adversarial_hpc_submit.pbs") has been submitted
[2026-08-31 10:31:37] [SUBMIT] MobileNet/Cifar100/FGSM/ALL
[2026-08-31 10:31:37] [CMD] qsub -q all.q -l ngpus=1 -v MODEL="MobileNet",DATASET="Cifar100",ATTACK="FGSM",KIND="ALL",PHASE="generate",OUTPUT_DIR="adversarial_results_ep300_pre100" adversarial_hpc_submit.pbs </dev/null
[2026-08-31 10:31:39] [OK] MobileNet/Cifar100/FGSM/ALL
[2026-08-31 10:31:39] [OK] qsub output: Your job 6443444 ("adversarial_hpc_submit.pbs") has been submitted
[2026-08-31 10:31:39] [SUBMIT] MobileNet/Cifar100/IFGSM/ALL
[2026-08-31 10:31:39] [CMD] qsub -q all.q -l ngpus=1 -v MODEL="MobileNet",DATASET="Cifar100",ATTACK="IFGSM",KIND="ALL",PHASE="generate",OUTPUT_DIR="adversarial_results_ep200_pre200" adversarial_hpc_submit.pbs </dev/null
[2026-08-31 10:31:40] [OK] MobileNet/Cifar100/FGSM/ALL
[2026-08-31 10:31:40] [OK] qsub output: Your job 6443447 ("adversarial_hpc_submit.pbs") has been submitted
[2026-08-31 10:31:41] [SUBMIT] MobileNet/Cifar100/IFGSM/ALL
[2026-08-31 10:31:41] [CMD] qsub -q all.q -l ngpus=1 -v MODEL="MobileNet",DATASET="Cifar100",ATTACK="IFGSM",KIND="ALL",PHASE="generate",OUTPUT_DIR="adversarial_results_ep300_pre100" adversarial_hpc_submit.pbs </dev/null
[2026-08-31 10:31:42] [OK] MobileNet/Cifar10/DeepFool/ALL
[2026-08-31 10:31:42] [OK] qsub output: Your job 6443446 ("adversarial_hpc_submit.pbs") has been submitted
[2026-08-31 10:31:42] [SUBMIT] MobileNet/Cifar100/PGD/ALL
[2026-08-31 10:31:42] [CMD] qsub -q all.q -l ngpus=1 -v MODEL="MobileNet",DATASET="Cifar100",ATTACK="PGD",KIND="ALL",PHASE="generate",OUTPUT_DIR="adversarial_results_ep100_pre300" adversarial_hpc_submit.pbs </dev/null
[2026-08-31 10:31:44] [OK] MobileNet/Cifar100/IFGSM/ALL
[2026-08-31 10:31:44] [OK] qsub output: Your job 6443449 ("adversarial_hpc_submit.pbs") has been submitted
[2026-08-31 10:31:44] [SUBMIT] MobileNet/Cifar100/BIM/ALL
[2026-08-31 10:31:44] [CMD] qsub -q all.q -l ngpus=1 -v MODEL="MobileNet",DATASET="Cifar100",ATTACK="BIM",KIND="ALL",PHASE="generate",OUTPUT_DIR="adversarial_results_ep300_pre100" adversarial_hpc_submit.pbs </dev/null
[2026-08-31 10:31:50] [OK] MobileNet/Cifar100/IFGSM/ALL
[2026-08-31 10:31:50] [OK] qsub output: Your job 6443448 ("adversarial_hpc_submit.pbs") has been submitted
[2026-08-31 10:31:50] [SUBMIT] MobileNet/Cifar100/BIM/ALL
[2026-08-31 10:31:50] [CMD] qsub -q all.q -l ngpus=1 -v MODEL="MobileNet",DATASET="Cifar100",ATTACK="BIM",KIND="ALL",PHASE="generate",OUTPUT_DIR="adversarial_results_ep200_pre200" adversarial_hpc_submit.pbs </dev/null
[2026-08-31 10:31:50] [OK] MobileNet/Cifar100/PGD/ALL
[2026-08-31 10:31:50] [OK] qsub output: Your job 6443450 ("adversarial_hpc_submit.pbs") has been submitted
[2026-08-31 10:31:50] [SUBMIT] MobileNet/Cifar100/FGSM/ALL
[2026-08-31 10:31:50] [CMD] qsub -q all.q -l ngpus=1 -v MODEL="MobileNet",DATASET="Cifar100",ATTACK="FGSM",KIND="ALL",PHASE="generate",OUTPUT_DIR="adversarial_results_ep100_pre300" adversarial_hpc_submit.pbs </dev/null
[2026-08-31 10:31:54] [OK] MobileNet/Cifar100/BIM/ALL
[2026-08-31 10:31:54] [OK] qsub output: Your job 6443451 ("adversarial_hpc_submit.pbs") has been submitted
[2026-08-31 10:31:54] [SUBMIT] MobileNet/Cifar100/APGD/ALL
[2026-08-31 10:31:54] [CMD] qsub -q all.q -l ngpus=1 -v MODEL="MobileNet",DATASET="Cifar100",ATTACK="APGD",KIND="ALL",PHASE="generate",OUTPUT_DIR="adversarial_results_ep300_pre100" adversarial_hpc_submit.pbs </dev/null
[2026-08-31 10:31:55] [OK] MobileNet/Cifar100/BIM/ALL
[2026-08-31 10:31:55] [OK] qsub output: Your job 6443452 ("adversarial_hpc_submit.pbs") has been submitted
[2026-08-31 10:31:55] [SUBMIT] MobileNet/Cifar100/APGD/ALL
[2026-08-31 10:31:55] [CMD] qsub -q all.q -l ngpus=1 -v MODEL="MobileNet",DATASET="Cifar100",ATTACK="APGD",KIND="ALL",PHASE="generate",OUTPUT_DIR="adversarial_results_ep200_pre200" adversarial_hpc_submit.pbs </dev/null
[2026-08-31 10:31:56] [OK] MobileNet/Cifar100/FGSM/ALL
[2026-08-31 10:31:56] [OK] qsub output: Your job 6443453 ("adversarial_hpc_submit.pbs") has been submitted
[2026-08-31 10:31:56] [SUBMIT] MobileNet/Cifar100/IFGSM/ALL
[2026-08-31 10:31:56] [CMD] qsub -q all.q -l ngpus=1 -v MODEL="MobileNet",DATASET="Cifar100",ATTACK="IFGSM",KIND="ALL",PHASE="generate",OUTPUT_DIR="adversarial_results_ep100_pre300" adversarial_hpc_submit.pbs </dev/null
[2026-08-31 10:31:59] [OK] MobileNet/Cifar100/APGD/ALL
[2026-08-31 10:31:59] [OK] qsub output: Your job 6443454 ("adversarial_hpc_submit.pbs") has been submitted
[2026-08-31 10:31:59] [SUBMIT] MobileNet/Cifar100/CW/ALL
[2026-08-31 10:31:59] [CMD] qsub -q all.q -l ngpus=1 -v MODEL="MobileNet",DATASET="Cifar100",ATTACK="CW",KIND="ALL",PHASE="generate",OUTPUT_DIR="adversarial_results_ep300_pre100" adversarial_hpc_submit.pbs </dev/null
[2026-08-31 10:32:02] [OK] MobileNet/Cifar100/APGD/ALL
[2026-08-31 10:32:02] [OK] qsub output: Your job 6443455 ("adversarial_hpc_submit.pbs") has been submitted
[2026-08-31 10:32:02] [SUBMIT] MobileNet/Cifar100/CW/ALL
[2026-08-31 10:32:02] [CMD] qsub -q all.q -l ngpus=1 -v MODEL="MobileNet",DATASET="Cifar100",ATTACK="CW",KIND="ALL",PHASE="generate",OUTPUT_DIR="adversarial_results_ep200_pre200" adversarial_hpc_submit.pbs </dev/null
[2026-08-31 10:32:02] [OK] MobileNet/Cifar100/IFGSM/ALL
[2026-08-31 10:32:02] [OK] qsub output: Your job 6443456 ("adversarial_hpc_submit.pbs") has been submitted
[2026-08-31 10:32:02] [SUBMIT] MobileNet/Cifar100/BIM/ALL
[2026-08-31 10:32:02] [CMD] qsub -q all.q -l ngpus=1 -v MODEL="MobileNet",DATASET="Cifar100",ATTACK="BIM",KIND="ALL",PHASE="generate",OUTPUT_DIR="adversarial_results_ep100_pre300" adversarial_hpc_submit.pbs </dev/null
[2026-08-31 10:32:04] [OK] MobileNet/Cifar100/CW/ALL
[2026-08-31 10:32:04] [OK] qsub output: Your job 6443457 ("adversarial_hpc_submit.pbs") has been submitted
[2026-08-31 10:32:04] [SUBMIT] MobileNet/Cifar100/DeepFool/ALL
[2026-08-31 10:32:04] [CMD] qsub -q all.q -l ngpus=1 -v MODEL="MobileNet",DATASET="Cifar100",ATTACK="DeepFool",KIND="ALL",PHASE="generate",OUTPUT_DIR="adversarial_results_ep300_pre100" adversarial_hpc_submit.pbs </dev/null
[2026-08-31 10:32:05] [OK] MobileNet/Cifar100/CW/ALL
[2026-08-31 10:32:05] [OK] qsub output: Your job 6443458 ("adversarial_hpc_submit.pbs") has been submitted
[2026-08-31 10:32:05] [SUBMIT] MobileNet/Cifar100/DeepFool/ALL
[2026-08-31 10:32:05] [CMD] qsub -q all.q -l ngpus=1 -v MODEL="MobileNet",DATASET="Cifar100",ATTACK="DeepFool",KIND="ALL",PHASE="generate",OUTPUT_DIR="adversarial_results_ep200_pre200" adversarial_hpc_submit.pbs </dev/null
[2026-08-31 10:32:07] [OK] MobileNet/Cifar100/BIM/ALL
[2026-08-31 10:32:07] [OK] qsub output: Your job 6443459 ("adversarial_hpc_submit.pbs") has been submitted
[2026-08-31 10:32:07] [SUBMIT] MobileNet/Cifar100/APGD/ALL
[2026-08-31 10:32:07] [CMD] qsub -q all.q -l ngpus=1 -v MODEL="MobileNet",DATASET="Cifar100",ATTACK="APGD",KIND="ALL",PHASE="generate",OUTPUT_DIR="adversarial_results_ep100_pre300" adversarial_hpc_submit.pbs </dev/null
[2026-08-31 10:32:08] [OK] MobileNet/Cifar100/DeepFool/ALL
[2026-08-31 10:32:08] [OK] qsub output: Your job 6443460 ("adversarial_hpc_submit.pbs") has been submitted
[2026-08-31 10:32:08] [SUBMIT] XceptionNet/Cifar10/PGD/ALL
[2026-08-31 10:32:08] [CMD] qsub -q all.q -l ngpus=1 -v MODEL="XceptionNet",DATASET="Cifar10",ATTACK="PGD",KIND="ALL",PHASE="generate",OUTPUT_DIR="adversarial_results_ep300_pre100" adversarial_hpc_submit.pbs </dev/null
[2026-08-31 10:32:14] [OK] MobileNet/Cifar100/DeepFool/ALL
[2026-08-31 10:32:14] [OK] qsub output: Your job 6443461 ("adversarial_hpc_submit.pbs") has been submitted
[2026-08-31 10:32:14] [SUBMIT] XceptionNet/Cifar10/PGD/ALL
[2026-08-31 10:32:14] [CMD] qsub -q all.q -l ngpus=1 -v MODEL="XceptionNet",DATASET="Cifar10",ATTACK="PGD",KIND="ALL",PHASE="generate",OUTPUT_DIR="adversarial_results_ep200_pre200" adversarial_hpc_submit.pbs </dev/null
[2026-08-31 10:32:18] [OK] MobileNet/Cifar100/APGD/ALL
[2026-08-31 10:32:18] [OK] qsub output: Your job 6443463 ("adversarial_hpc_submit.pbs") has been submitted
[2026-08-31 10:32:18] [SUBMIT] MobileNet/Cifar100/CW/ALL
[2026-08-31 10:32:18] [CMD] qsub -q all.q -l ngpus=1 -v MODEL="MobileNet",DATASET="Cifar100",ATTACK="CW",KIND="ALL",PHASE="generate",OUTPUT_DIR="adversarial_results_ep100_pre300" adversarial_hpc_submit.pbs </dev/null
[2026-08-31 10:32:21] [OK] XceptionNet/Cifar10/PGD/ALL
[2026-08-31 10:32:21] [OK] qsub output: Your job 6443464 ("adversarial_hpc_submit.pbs") has been submitted
[2026-08-31 10:32:21] [SUBMIT] XceptionNet/Cifar10/FGSM/ALL
[2026-08-31 10:32:21] [CMD] qsub -q all.q -l ngpus=1 -v MODEL="XceptionNet",DATASET="Cifar10",ATTACK="FGSM",KIND="ALL",PHASE="generate",OUTPUT_DIR="adversarial_results_ep300_pre100" adversarial_hpc_submit.pbs </dev/null
[2026-08-31 10:32:23] [OK] MobileNet/Cifar100/CW/ALL
[2026-08-31 10:32:23] [OK] qsub output: Your job 6443466 ("adversarial_hpc_submit.pbs") has been submitted
[2026-08-31 10:32:23] [SUBMIT] MobileNet/Cifar100/DeepFool/ALL
[2026-08-31 10:32:23] [CMD] qsub -q all.q -l ngpus=1 -v MODEL="MobileNet",DATASET="Cifar100",ATTACK="DeepFool",KIND="ALL",PHASE="generate",OUTPUT_DIR="adversarial_results_ep100_pre300" adversarial_hpc_submit.pbs </dev/null
[2026-08-31 10:32:26] [OK] XceptionNet/Cifar10/PGD/ALL
[2026-08-31 10:32:26] [OK] qsub output: Your job 6443465 ("adversarial_hpc_submit.pbs") has been submitted
[2026-08-31 10:32:26] [SUBMIT] XceptionNet/Cifar10/FGSM/ALL
[2026-08-31 10:32:26] [CMD] qsub -q all.q -l ngpus=1 -v MODEL="XceptionNet",DATASET="Cifar10",ATTACK="FGSM",KIND="ALL",PHASE="generate",OUTPUT_DIR="adversarial_results_ep200_pre200" adversarial_hpc_submit.pbs </dev/null
[2026-08-31 10:32:28] [OK] MobileNet/Cifar100/DeepFool/ALL
[2026-08-31 10:32:28] [OK] qsub output: Your job 6443468 ("adversarial_hpc_submit.pbs") has been submitted
[2026-08-31 10:32:28] [SUBMIT] XceptionNet/Cifar10/PGD/ALL
[2026-08-31 10:32:28] [CMD] qsub -q all.q -l ngpus=1 -v MODEL="XceptionNet",DATASET="Cifar10",ATTACK="PGD",KIND="ALL",PHASE="generate",OUTPUT_DIR="adversarial_results_ep100_pre300" adversarial_hpc_submit.pbs </dev/null
[2026-08-31 10:32:31] [OK] XceptionNet/Cifar10/FGSM/ALL
[2026-08-31 10:32:31] [OK] qsub output: Your job 6443469 ("adversarial_hpc_submit.pbs") has been submitted
[2026-08-31 10:32:31] [SUBMIT] XceptionNet/Cifar10/IFGSM/ALL
[2026-08-31 10:32:31] [CMD] qsub -q all.q -l ngpus=1 -v MODEL="XceptionNet",DATASET="Cifar10",ATTACK="IFGSM",KIND="ALL",PHASE="generate",OUTPUT_DIR="adversarial_results_ep200_pre200" adversarial_hpc_submit.pbs </dev/null
[2026-08-31 10:32:32] [OK] XceptionNet/Cifar10/FGSM/ALL
[2026-08-31 10:32:32] [OK] qsub output: Your job 6443467 ("adversarial_hpc_submit.pbs") has been submitted
[2026-08-31 10:32:32] [SUBMIT] XceptionNet/Cifar10/IFGSM/ALL
[2026-08-31 10:32:32] [CMD] qsub -q all.q -l ngpus=1 -v MODEL="XceptionNet",DATASET="Cifar10",ATTACK="IFGSM",KIND="ALL",PHASE="generate",OUTPUT_DIR="adversarial_results_ep300_pre100" adversarial_hpc_submit.pbs </dev/null
[2026-08-31 10:32:39] [OK] XceptionNet/Cifar10/IFGSM/ALL
[2026-08-31 10:32:39] [OK] qsub output: Your job 6443471 ("adversarial_hpc_submit.pbs") has been submitted
[2026-08-31 10:32:39] [SUBMIT] XceptionNet/Cifar10/BIM/ALL
[2026-08-31 10:32:39] [CMD] qsub -q all.q -l ngpus=1 -v MODEL="XceptionNet",DATASET="Cifar10",ATTACK="BIM",KIND="ALL",PHASE="generate",OUTPUT_DIR="adversarial_results_ep200_pre200" adversarial_hpc_submit.pbs </dev/null
[2026-08-31 10:32:39] [OK] XceptionNet/Cifar10/PGD/ALL
[2026-08-31 10:32:39] [OK] qsub output: Your job 6443470 ("adversarial_hpc_submit.pbs") has been submitted
[2026-08-31 10:32:39] [SUBMIT] XceptionNet/Cifar10/FGSM/ALL
[2026-08-31 10:32:39] [CMD] qsub -q all.q -l ngpus=1 -v MODEL="XceptionNet",DATASET="Cifar10",ATTACK="FGSM",KIND="ALL",PHASE="generate",OUTPUT_DIR="adversarial_results_ep100_pre300" adversarial_hpc_submit.pbs </dev/null
[2026-08-31 10:32:43] [OK] XceptionNet/Cifar10/BIM/ALL
[2026-08-31 10:32:43] [OK] qsub output: Your job 6443473 ("adversarial_hpc_submit.pbs") has been submitted
[2026-08-31 10:32:43] [SUBMIT] XceptionNet/Cifar10/APGD/ALL
[2026-08-31 10:32:43] [CMD] qsub -q all.q -l ngpus=1 -v MODEL="XceptionNet",DATASET="Cifar10",ATTACK="APGD",KIND="ALL",PHASE="generate",OUTPUT_DIR="adversarial_results_ep200_pre200" adversarial_hpc_submit.pbs </dev/null
[2026-08-31 10:32:45] [OK] XceptionNet/Cifar10/IFGSM/ALL
[2026-08-31 10:32:45] [OK] qsub output: Your job 6443472 ("adversarial_hpc_submit.pbs") has been submitted
[2026-08-31 10:32:45] [SUBMIT] XceptionNet/Cifar10/BIM/ALL
[2026-08-31 10:32:45] [CMD] qsub -q all.q -l ngpus=1 -v MODEL="XceptionNet",DATASET="Cifar10",ATTACK="BIM",KIND="ALL",PHASE="generate",OUTPUT_DIR="adversarial_results_ep300_pre100" adversarial_hpc_submit.pbs </dev/null
[2026-08-31 10:32:49] [OK] XceptionNet/Cifar10/FGSM/ALL
[2026-08-31 10:32:49] [OK] qsub output: Your job 6443474 ("adversarial_hpc_submit.pbs") has been submitted
[2026-08-31 10:32:49] [SUBMIT] XceptionNet/Cifar10/IFGSM/ALL
[2026-08-31 10:32:49] [CMD] qsub -q all.q -l ngpus=1 -v MODEL="XceptionNet",DATASET="Cifar10",ATTACK="IFGSM",KIND="ALL",PHASE="generate",OUTPUT_DIR="adversarial_results_ep100_pre300" adversarial_hpc_submit.pbs </dev/null
[2026-08-31 10:32:51] [OK] XceptionNet/Cifar10/APGD/ALL
[2026-08-31 10:32:51] [OK] qsub output: Your job 6443475 ("adversarial_hpc_submit.pbs") has been submitted
[2026-08-31 10:32:51] [SUBMIT] XceptionNet/Cifar10/CW/ALL
[2026-08-31 10:32:51] [CMD] qsub -q all.q -l ngpus=1 -v MODEL="XceptionNet",DATASET="Cifar10",ATTACK="CW",KIND="ALL",PHASE="generate",OUTPUT_DIR="adversarial_results_ep200_pre200" adversarial_hpc_submit.pbs </dev/null
[2026-08-31 10:32:54] [OK] XceptionNet/Cifar10/BIM/ALL
[2026-08-31 10:32:54] [OK] qsub output: Your job 6443476 ("adversarial_hpc_submit.pbs") has been submitted
[2026-08-31 10:32:54] [SUBMIT] XceptionNet/Cifar10/APGD/ALL
[2026-08-31 10:32:54] [CMD] qsub -q all.q -l ngpus=1 -v MODEL="XceptionNet",DATASET="Cifar10",ATTACK="APGD",KIND="ALL",PHASE="generate",OUTPUT_DIR="adversarial_results_ep300_pre100" adversarial_hpc_submit.pbs </dev/null
[2026-08-31 10:32:55] [OK] XceptionNet/Cifar10/IFGSM/ALL
[2026-08-31 10:32:55] [OK] qsub output: Your job 6443477 ("adversarial_hpc_submit.pbs") has been submitted
[2026-08-31 10:32:55] [SUBMIT] XceptionNet/Cifar10/BIM/ALL
[2026-08-31 10:32:55] [CMD] qsub -q all.q -l ngpus=1 -v MODEL="XceptionNet",DATASET="Cifar10",ATTACK="BIM",KIND="ALL",PHASE="generate",OUTPUT_DIR="adversarial_results_ep100_pre300" adversarial_hpc_submit.pbs </dev/null
[2026-08-31 10:32:57] [OK] XceptionNet/Cifar10/CW/ALL
[2026-08-31 10:32:57] [OK] qsub output: Your job 6443478 ("adversarial_hpc_submit.pbs") has been submitted
[2026-08-31 10:32:57] [SUBMIT] XceptionNet/Cifar10/DeepFool/ALL
[2026-08-31 10:32:57] [CMD] qsub -q all.q -l ngpus=1 -v MODEL="XceptionNet",DATASET="Cifar10",ATTACK="DeepFool",KIND="ALL",PHASE="generate",OUTPUT_DIR="adversarial_results_ep200_pre200" adversarial_hpc_submit.pbs </dev/null
[2026-08-31 10:32:57] [OK] XceptionNet/Cifar10/APGD/ALL
[2026-08-31 10:32:57] [OK] qsub output: Your job 6443479 ("adversarial_hpc_submit.pbs") has been submitted
[2026-08-31 10:32:57] [SUBMIT] XceptionNet/Cifar10/CW/ALL
[2026-08-31 10:32:57] [CMD] qsub -q all.q -l ngpus=1 -v MODEL="XceptionNet",DATASET="Cifar10",ATTACK="CW",KIND="ALL",PHASE="generate",OUTPUT_DIR="adversarial_results_ep300_pre100" adversarial_hpc_submit.pbs </dev/null
[2026-08-31 10:32:59] [OK] XceptionNet/Cifar10/BIM/ALL
[2026-08-31 10:32:59] [OK] qsub output: Your job 6443480 ("adversarial_hpc_submit.pbs") has been submitted
[2026-08-31 10:32:59] [SUBMIT] XceptionNet/Cifar10/APGD/ALL
[2026-08-31 10:32:59] [CMD] qsub -q all.q -l ngpus=1 -v MODEL="XceptionNet",DATASET="Cifar10",ATTACK="APGD",KIND="ALL",PHASE="generate",OUTPUT_DIR="adversarial_results_ep100_pre300" adversarial_hpc_submit.pbs </dev/null
[2026-08-31 10:33:00] [OK] XceptionNet/Cifar10/DeepFool/ALL
[2026-08-31 10:33:00] [OK] qsub output: Your job 6443481 ("adversarial_hpc_submit.pbs") has been submitted
[2026-08-31 10:33:00] [SUBMIT] XceptionNet/Cifar100/PGD/ALL
[2026-08-31 10:33:00] [CMD] qsub -q all.q -l ngpus=1 -v MODEL="XceptionNet",DATASET="Cifar100",ATTACK="PGD",KIND="ALL",PHASE="generate",OUTPUT_DIR="adversarial_results_ep200_pre200" adversarial_hpc_submit.pbs </dev/null
[2026-08-31 10:33:03] [OK] XceptionNet/Cifar10/APGD/ALL
[2026-08-31 10:33:03] [OK] qsub output: Your job 6443483 ("adversarial_hpc_submit.pbs") has been submitted
[2026-08-31 10:33:03] [SUBMIT] XceptionNet/Cifar10/CW/ALL
[2026-08-31 10:33:03] [CMD] qsub -q all.q -l ngpus=1 -v MODEL="XceptionNet",DATASET="Cifar10",ATTACK="CW",KIND="ALL",PHASE="generate",OUTPUT_DIR="adversarial_results_ep100_pre300" adversarial_hpc_submit.pbs </dev/null
[2026-08-31 10:33:05] [OK] XceptionNet/Cifar100/PGD/ALL
[2026-08-31 10:33:05] [OK] qsub output: Your job 6443484 ("adversarial_hpc_submit.pbs") has been submitted
[2026-08-31 10:33:05] [SUBMIT] XceptionNet/Cifar100/FGSM/ALL
[2026-08-31 10:33:05] [CMD] qsub -q all.q -l ngpus=1 -v MODEL="XceptionNet",DATASET="Cifar100",ATTACK="FGSM",KIND="ALL",PHASE="generate",OUTPUT_DIR="adversarial_results_ep200_pre200" adversarial_hpc_submit.pbs </dev/null
[2026-08-31 10:33:05] [OK] XceptionNet/Cifar10/CW/ALL
[2026-08-31 10:33:05] [OK] qsub output: Your job 6443482 ("adversarial_hpc_submit.pbs") has been submitted
[2026-08-31 10:33:05] [SUBMIT] XceptionNet/Cifar10/DeepFool/ALL
[2026-08-31 10:33:05] [CMD] qsub -q all.q -l ngpus=1 -v MODEL="XceptionNet",DATASET="Cifar10",ATTACK="DeepFool",KIND="ALL",PHASE="generate",OUTPUT_DIR="adversarial_results_ep300_pre100" adversarial_hpc_submit.pbs </dev/null
[2026-08-31 10:33:06] [OK] XceptionNet/Cifar10/CW/ALL
[2026-08-31 10:33:06] [OK] qsub output: Your job 6443485 ("adversarial_hpc_submit.pbs") has been submitted
[2026-08-31 10:33:06] [SUBMIT] XceptionNet/Cifar10/DeepFool/ALL
[2026-08-31 10:33:06] [CMD] qsub -q all.q -l ngpus=1 -v MODEL="XceptionNet",DATASET="Cifar10",ATTACK="DeepFool",KIND="ALL",PHASE="generate",OUTPUT_DIR="adversarial_results_ep100_pre300" adversarial_hpc_submit.pbs </dev/null
[2026-08-31 10:33:07] [OK] XceptionNet/Cifar100/FGSM/ALL
[2026-08-31 10:33:07] [OK] qsub output: Your job 6443486 ("adversarial_hpc_submit.pbs") has been submitted
[2026-08-31 10:33:07] [SUBMIT] XceptionNet/Cifar100/IFGSM/ALL
[2026-08-31 10:33:07] [CMD] qsub -q all.q -l ngpus=1 -v MODEL="XceptionNet",DATASET="Cifar100",ATTACK="IFGSM",KIND="ALL",PHASE="generate",OUTPUT_DIR="adversarial_results_ep200_pre200" adversarial_hpc_submit.pbs </dev/null
[2026-08-31 10:33:08] [OK] XceptionNet/Cifar10/DeepFool/ALL
[2026-08-31 10:33:08] [OK] qsub output: Your job 6443487 ("adversarial_hpc_submit.pbs") has been submitted
[2026-08-31 10:33:08] [SUBMIT] XceptionNet/Cifar100/PGD/ALL
[2026-08-31 10:33:08] [CMD] qsub -q all.q -l ngpus=1 -v MODEL="XceptionNet",DATASET="Cifar100",ATTACK="PGD",KIND="ALL",PHASE="generate",OUTPUT_DIR="adversarial_results_ep300_pre100" adversarial_hpc_submit.pbs </dev/null
[2026-08-31 10:33:10] [OK] XceptionNet/Cifar100/IFGSM/ALL
[2026-08-31 10:33:10] [OK] qsub output: Your job 6443489 ("adversarial_hpc_submit.pbs") has been submitted
[2026-08-31 10:33:10] [SUBMIT] XceptionNet/Cifar100/BIM/ALL
[2026-08-31 10:33:10] [CMD] qsub -q all.q -l ngpus=1 -v MODEL="XceptionNet",DATASET="Cifar100",ATTACK="BIM",KIND="ALL",PHASE="generate",OUTPUT_DIR="adversarial_results_ep200_pre200" adversarial_hpc_submit.pbs </dev/null
[2026-08-31 10:33:12] [OK] XceptionNet/Cifar100/PGD/ALL
[2026-08-31 10:33:12] [OK] qsub output: Your job 6443490 ("adversarial_hpc_submit.pbs") has been submitted
[2026-08-31 10:33:13] [SUBMIT] XceptionNet/Cifar100/FGSM/ALL
[2026-08-31 10:33:13] [CMD] qsub -q all.q -l ngpus=1 -v MODEL="XceptionNet",DATASET="Cifar100",ATTACK="FGSM",KIND="ALL",PHASE="generate",OUTPUT_DIR="adversarial_results_ep300_pre100" adversarial_hpc_submit.pbs </dev/null
[2026-08-31 10:33:13] [OK] XceptionNet/Cifar10/DeepFool/ALL
[2026-08-31 10:33:13] [OK] qsub output: Your job 6443488 ("adversarial_hpc_submit.pbs") has been submitted
[2026-08-31 10:33:13] [SUBMIT] XceptionNet/Cifar100/PGD/ALL
[2026-08-31 10:33:13] [CMD] qsub -q all.q -l ngpus=1 -v MODEL="XceptionNet",DATASET="Cifar100",ATTACK="PGD",KIND="ALL",PHASE="generate",OUTPUT_DIR="adversarial_results_ep100_pre300" adversarial_hpc_submit.pbs </dev/null
[2026-08-31 10:33:18] [OK] XceptionNet/Cifar100/FGSM/ALL
[2026-08-31 10:33:18] [OK] qsub output: Your job 6443492 ("adversarial_hpc_submit.pbs") has been submitted
[2026-08-31 10:33:19] [SUBMIT] XceptionNet/Cifar100/IFGSM/ALL
[2026-08-31 10:33:19] [CMD] qsub -q all.q -l ngpus=1 -v MODEL="XceptionNet",DATASET="Cifar100",ATTACK="IFGSM",KIND="ALL",PHASE="generate",OUTPUT_DIR="adversarial_results_ep300_pre100" adversarial_hpc_submit.pbs </dev/null
[2026-08-31 10:33:21] [OK] XceptionNet/Cifar100/BIM/ALL
[2026-08-31 10:33:21] [OK] qsub output: Your job 6443491 ("adversarial_hpc_submit.pbs") has been submitted
[2026-08-31 10:33:21] [SUBMIT] XceptionNet/Cifar100/APGD/ALL
[2026-08-31 10:33:21] [CMD] qsub -q all.q -l ngpus=1 -v MODEL="XceptionNet",DATASET="Cifar100",ATTACK="APGD",KIND="ALL",PHASE="generate",OUTPUT_DIR="adversarial_results_ep200_pre200" adversarial_hpc_submit.pbs </dev/null
[2026-08-31 10:33:23] [OK] XceptionNet/Cifar100/PGD/ALL
[2026-08-31 10:33:23] [OK] qsub output: Your job 6443493 ("adversarial_hpc_submit.pbs") has been submitted
[2026-08-31 10:33:23] [SUBMIT] XceptionNet/Cifar100/FGSM/ALL
[2026-08-31 10:33:23] [CMD] qsub -q all.q -l ngpus=1 -v MODEL="XceptionNet",DATASET="Cifar100",ATTACK="FGSM",KIND="ALL",PHASE="generate",OUTPUT_DIR="adversarial_results_ep100_pre300" adversarial_hpc_submit.pbs </dev/null
[2026-08-31 10:33:30] [OK] XceptionNet/Cifar100/APGD/ALL
[2026-08-31 10:33:30] [OK] qsub output: Your job 6443495 ("adversarial_hpc_submit.pbs") has been submitted
[2026-08-31 10:33:30] [SUBMIT] XceptionNet/Cifar100/CW/ALL
[2026-08-31 10:33:30] [CMD] qsub -q all.q -l ngpus=1 -v MODEL="XceptionNet",DATASET="Cifar100",ATTACK="CW",KIND="ALL",PHASE="generate",OUTPUT_DIR="adversarial_results_ep200_pre200" adversarial_hpc_submit.pbs </dev/null
[2026-08-31 10:33:31] [OK] XceptionNet/Cifar100/IFGSM/ALL
[2026-08-31 10:33:31] [OK] qsub output: Your job 6443494 ("adversarial_hpc_submit.pbs") has been submitted
[2026-08-31 10:33:31] [SUBMIT] XceptionNet/Cifar100/BIM/ALL
[2026-08-31 10:33:31] [CMD] qsub -q all.q -l ngpus=1 -v MODEL="XceptionNet",DATASET="Cifar100",ATTACK="BIM",KIND="ALL",PHASE="generate",OUTPUT_DIR="adversarial_results_ep300_pre100" adversarial_hpc_submit.pbs </dev/null
[2026-08-31 10:33:32] [OK] XceptionNet/Cifar100/FGSM/ALL
[2026-08-31 10:33:32] [OK] qsub output: Your job 6443496 ("adversarial_hpc_submit.pbs") has been submitted
[2026-08-31 10:33:32] [SUBMIT] XceptionNet/Cifar100/IFGSM/ALL
[2026-08-31 10:33:32] [CMD] qsub -q all.q -l ngpus=1 -v MODEL="XceptionNet",DATASET="Cifar100",ATTACK="IFGSM",KIND="ALL",PHASE="generate",OUTPUT_DIR="adversarial_results_ep100_pre300" adversarial_hpc_submit.pbs </dev/null
[2026-08-31 10:33:37] [OK] XceptionNet/Cifar100/BIM/ALL
[2026-08-31 10:33:37] [OK] qsub output: Your job 6443498 ("adversarial_hpc_submit.pbs") has been submitted
[2026-08-31 10:33:37] [SUBMIT] XceptionNet/Cifar100/APGD/ALL
[2026-08-31 10:33:37] [CMD] qsub -q all.q -l ngpus=1 -v MODEL="XceptionNet",DATASET="Cifar100",ATTACK="APGD",KIND="ALL",PHASE="generate",OUTPUT_DIR="adversarial_results_ep300_pre100" adversarial_hpc_submit.pbs </dev/null
[2026-08-31 10:33:38] [OK] XceptionNet/Cifar100/CW/ALL
[2026-08-31 10:33:38] [OK] qsub output: Your job 6443497 ("adversarial_hpc_submit.pbs") has been submitted
[2026-08-31 10:33:38] [SUBMIT] XceptionNet/Cifar100/DeepFool/ALL
[2026-08-31 10:33:38] [CMD] qsub -q all.q -l ngpus=1 -v MODEL="XceptionNet",DATASET="Cifar100",ATTACK="DeepFool",KIND="ALL",PHASE="generate",OUTPUT_DIR="adversarial_results_ep200_pre200" adversarial_hpc_submit.pbs </dev/null
[2026-08-31 10:33:43] [OK] XceptionNet/Cifar100/APGD/ALL
[2026-08-31 10:33:43] [OK] qsub output: Your job 6443500 ("adversarial_hpc_submit.pbs") has been submitted
[2026-08-31 10:33:43] [SUBMIT] XceptionNet/Cifar100/CW/ALL
[2026-08-31 10:33:43] [CMD] qsub -q all.q -l ngpus=1 -v MODEL="XceptionNet",DATASET="Cifar100",ATTACK="CW",KIND="ALL",PHASE="generate",OUTPUT_DIR="adversarial_results_ep300_pre100" adversarial_hpc_submit.pbs </dev/null
[2026-08-31 10:33:46] [OK] XceptionNet/Cifar100/IFGSM/ALL
[2026-08-31 10:33:46] [OK] qsub output: Your job 6443499 ("adversarial_hpc_submit.pbs") has been submitted
[2026-08-31 10:33:46] [SUBMIT] XceptionNet/Cifar100/BIM/ALL
[2026-08-31 10:33:46] [CMD] qsub -q all.q -l ngpus=1 -v MODEL="XceptionNet",DATASET="Cifar100",ATTACK="BIM",KIND="ALL",PHASE="generate",OUTPUT_DIR="adversarial_results_ep100_pre300" adversarial_hpc_submit.pbs </dev/null
[2026-08-31 10:33:47] [OK] XceptionNet/Cifar100/DeepFool/ALL
[2026-08-31 10:33:47] [OK] qsub output: Your job 6443501 ("adversarial_hpc_submit.pbs") has been submitted
[2026-08-31 10:33:47] [SUBMIT] ConvNeXt/Cifar10/PGD/ALL
[2026-08-31 10:33:47] [CMD] qsub -q all.q -l ngpus=1 -v MODEL="ConvNeXt",DATASET="Cifar10",ATTACK="PGD",KIND="ALL",PHASE="generate",OUTPUT_DIR="adversarial_results_ep200_pre200" adversarial_hpc_submit.pbs </dev/null
[2026-08-31 10:33:49] [OK] XceptionNet/Cifar100/CW/ALL
[2026-08-31 10:33:49] [OK] qsub output: Your job 6443502 ("adversarial_hpc_submit.pbs") has been submitted
[2026-08-31 10:33:49] [SUBMIT] XceptionNet/Cifar100/DeepFool/ALL
[2026-08-31 10:33:49] [CMD] qsub -q all.q -l ngpus=1 -v MODEL="XceptionNet",DATASET="Cifar100",ATTACK="DeepFool",KIND="ALL",PHASE="generate",OUTPUT_DIR="adversarial_results_ep300_pre100" adversarial_hpc_submit.pbs </dev/null
[2026-08-31 10:33:50] [OK] XceptionNet/Cifar100/BIM/ALL
[2026-08-31 10:33:50] [OK] qsub output: Your job 6443503 ("adversarial_hpc_submit.pbs") has been submitted
[2026-08-31 10:33:51] [SUBMIT] XceptionNet/Cifar100/APGD/ALL
[2026-08-31 10:33:51] [CMD] qsub -q all.q -l ngpus=1 -v MODEL="XceptionNet",DATASET="Cifar100",ATTACK="APGD",KIND="ALL",PHASE="generate",OUTPUT_DIR="adversarial_results_ep100_pre300" adversarial_hpc_submit.pbs </dev/null
[2026-08-31 10:33:52] [OK] ConvNeXt/Cifar10/PGD/ALL
[2026-08-31 10:33:52] [OK] qsub output: Your job 6443504 ("adversarial_hpc_submit.pbs") has been submitted
[2026-08-31 10:33:52] [SUBMIT] ConvNeXt/Cifar10/FGSM/ALL
[2026-08-31 10:33:52] [CMD] qsub -q all.q -l ngpus=1 -v MODEL="ConvNeXt",DATASET="Cifar10",ATTACK="FGSM",KIND="ALL",PHASE="generate",OUTPUT_DIR="adversarial_results_ep200_pre200" adversarial_hpc_submit.pbs </dev/null
[2026-08-31 10:33:52] [OK] XceptionNet/Cifar100/DeepFool/ALL
[2026-08-31 10:33:52] [OK] qsub output: Your job 6443505 ("adversarial_hpc_submit.pbs") has been submitted
[2026-08-31 10:33:53] [SUBMIT] ConvNeXt/Cifar10/PGD/ALL
[2026-08-31 10:33:53] [CMD] qsub -q all.q -l ngpus=1 -v MODEL="ConvNeXt",DATASET="Cifar10",ATTACK="PGD",KIND="ALL",PHASE="generate",OUTPUT_DIR="adversarial_results_ep300_pre100" adversarial_hpc_submit.pbs </dev/null
[2026-08-31 10:33:55] [OK] ConvNeXt/Cifar10/FGSM/ALL
[2026-08-31 10:33:55] [OK] qsub output: Your job 6443507 ("adversarial_hpc_submit.pbs") has been submitted
[2026-08-31 10:33:55] [SUBMIT] ConvNeXt/Cifar10/IFGSM/ALL
[2026-08-31 10:33:55] [CMD] qsub -q all.q -l ngpus=1 -v MODEL="ConvNeXt",DATASET="Cifar10",ATTACK="IFGSM",KIND="ALL",PHASE="generate",OUTPUT_DIR="adversarial_results_ep200_pre200" adversarial_hpc_submit.pbs </dev/null
[2026-08-31 10:33:59] [OK] XceptionNet/Cifar100/APGD/ALL
[2026-08-31 10:33:59] [OK] qsub output: Your job 6443506 ("adversarial_hpc_submit.pbs") has been submitted
[2026-08-31 10:33:59] [SUBMIT] XceptionNet/Cifar100/CW/ALL
[2026-08-31 10:33:59] [CMD] qsub -q all.q -l ngpus=1 -v MODEL="XceptionNet",DATASET="Cifar100",ATTACK="CW",KIND="ALL",PHASE="generate",OUTPUT_DIR="adversarial_results_ep100_pre300" adversarial_hpc_submit.pbs </dev/null
[2026-08-31 10:34:01] [OK] ConvNeXt/Cifar10/IFGSM/ALL
[2026-08-31 10:34:01] [OK] qsub output: Your job 6443509 ("adversarial_hpc_submit.pbs") has been submitted
[2026-08-31 10:34:01] [SUBMIT] ConvNeXt/Cifar10/BIM/ALL
[2026-08-31 10:34:01] [CMD] qsub -q all.q -l ngpus=1 -v MODEL="ConvNeXt",DATASET="Cifar10",ATTACK="BIM",KIND="ALL",PHASE="generate",OUTPUT_DIR="adversarial_results_ep200_pre200" adversarial_hpc_submit.pbs </dev/null
[2026-08-31 10:34:03] [OK] ConvNeXt/Cifar10/PGD/ALL
[2026-08-31 10:34:03] [OK] qsub output: Your job 6443508 ("adversarial_hpc_submit.pbs") has been submitted
[2026-08-31 10:34:03] [SUBMIT] ConvNeXt/Cifar10/FGSM/ALL
[2026-08-31 10:34:03] [CMD] qsub -q all.q -l ngpus=1 -v MODEL="ConvNeXt",DATASET="Cifar10",ATTACK="FGSM",KIND="ALL",PHASE="generate",OUTPUT_DIR="adversarial_results_ep300_pre100" adversarial_hpc_submit.pbs </dev/null
[2026-08-31 10:34:09] [OK] XceptionNet/Cifar100/CW/ALL
[2026-08-31 10:34:09] [OK] qsub output: Your job 6443510 ("adversarial_hpc_submit.pbs") has been submitted
[2026-08-31 10:34:09] [SUBMIT] XceptionNet/Cifar100/DeepFool/ALL
[2026-08-31 10:34:09] [CMD] qsub -q all.q -l ngpus=1 -v MODEL="XceptionNet",DATASET="Cifar100",ATTACK="DeepFool",KIND="ALL",PHASE="generate",OUTPUT_DIR="adversarial_results_ep100_pre300" adversarial_hpc_submit.pbs </dev/null
[2026-08-31 10:34:12] [OK] ConvNeXt/Cifar10/BIM/ALL
[2026-08-31 10:34:12] [OK] qsub output: Your job 6443511 ("adversarial_hpc_submit.pbs") has been submitted
[2026-08-31 10:34:13] [SUBMIT] ConvNeXt/Cifar10/APGD/ALL
[2026-08-31 10:34:13] [CMD] qsub -q all.q -l ngpus=1 -v MODEL="ConvNeXt",DATASET="Cifar10",ATTACK="APGD",KIND="ALL",PHASE="generate",OUTPUT_DIR="adversarial_results_ep200_pre200" adversarial_hpc_submit.pbs </dev/null
[2026-08-31 10:34:17] [OK] ConvNeXt/Cifar10/FGSM/ALL
[2026-08-31 10:34:17] [OK] qsub output: Your job 6443512 ("adversarial_hpc_submit.pbs") has been submitted
[2026-08-31 10:34:17] [SUBMIT] ConvNeXt/Cifar10/IFGSM/ALL
[2026-08-31 10:34:17] [CMD] qsub -q all.q -l ngpus=1 -v MODEL="ConvNeXt",DATASET="Cifar10",ATTACK="IFGSM",KIND="ALL",PHASE="generate",OUTPUT_DIR="adversarial_results_ep300_pre100" adversarial_hpc_submit.pbs </dev/null
[2026-08-31 10:34:19] [OK] XceptionNet/Cifar100/DeepFool/ALL
[2026-08-31 10:34:19] [OK] qsub output: Your job 6443513 ("adversarial_hpc_submit.pbs") has been submitted
[2026-08-31 10:34:19] [SUBMIT] ConvNeXt/Cifar10/PGD/ALL
[2026-08-31 10:34:19] [CMD] qsub -q all.q -l ngpus=1 -v MODEL="ConvNeXt",DATASET="Cifar10",ATTACK="PGD",KIND="ALL",PHASE="generate",OUTPUT_DIR="adversarial_results_ep100_pre300" adversarial_hpc_submit.pbs </dev/null
[2026-08-31 10:34:21] [OK] ConvNeXt/Cifar10/IFGSM/ALL
[2026-08-31 10:34:21] [OK] qsub output: Your job 6443516 ("adversarial_hpc_submit.pbs") has been submitted
[2026-08-31 10:34:21] [SUBMIT] ConvNeXt/Cifar10/BIM/ALL
[2026-08-31 10:34:21] [CMD] qsub -q all.q -l ngpus=1 -v MODEL="ConvNeXt",DATASET="Cifar10",ATTACK="BIM",KIND="ALL",PHASE="generate",OUTPUT_DIR="adversarial_results_ep300_pre100" adversarial_hpc_submit.pbs </dev/null
[2026-08-31 10:34:26] [OK] ConvNeXt/Cifar10/APGD/ALL
[2026-08-31 10:34:26] [OK] qsub output: Your job 6443515 ("adversarial_hpc_submit.pbs") has been submitted
[2026-08-31 10:34:26] [SUBMIT] ConvNeXt/Cifar10/CW/ALL
[2026-08-31 10:34:26] [CMD] qsub -q all.q -l ngpus=1 -v MODEL="ConvNeXt",DATASET="Cifar10",ATTACK="CW",KIND="ALL",PHASE="generate",OUTPUT_DIR="adversarial_results_ep200_pre200" adversarial_hpc_submit.pbs </dev/null
[2026-08-31 10:34:28] [OK] ConvNeXt/Cifar10/PGD/ALL
[2026-08-31 10:34:28] [OK] qsub output: Your job 6443517 ("adversarial_hpc_submit.pbs") has been submitted
[2026-08-31 10:34:28] [SUBMIT] ConvNeXt/Cifar10/FGSM/ALL
[2026-08-31 10:34:28] [CMD] qsub -q all.q -l ngpus=1 -v MODEL="ConvNeXt",DATASET="Cifar10",ATTACK="FGSM",KIND="ALL",PHASE="generate",OUTPUT_DIR="adversarial_results_ep100_pre300" adversarial_hpc_submit.pbs </dev/null
[2026-08-31 10:34:32] [OK] ConvNeXt/Cifar10/BIM/ALL
[2026-08-31 10:34:32] [OK] qsub output: Your job 6443518 ("adversarial_hpc_submit.pbs") has been submitted
[2026-08-31 10:34:32] [SUBMIT] ConvNeXt/Cifar10/APGD/ALL
[2026-08-31 10:34:32] [CMD] qsub -q all.q -l ngpus=1 -v MODEL="ConvNeXt",DATASET="Cifar10",ATTACK="APGD",KIND="ALL",PHASE="generate",OUTPUT_DIR="adversarial_results_ep300_pre100" adversarial_hpc_submit.pbs </dev/null
[2026-08-31 10:34:36] [OK] ConvNeXt/Cifar10/CW/ALL
[2026-08-31 10:34:36] [OK] qsub output: Your job 6443520 ("adversarial_hpc_submit.pbs") has been submitted
[2026-08-31 10:34:36] [SUBMIT] ConvNeXt/Cifar10/DeepFool/ALL
[2026-08-31 10:34:36] [CMD] qsub -q all.q -l ngpus=1 -v MODEL="ConvNeXt",DATASET="Cifar10",ATTACK="DeepFool",KIND="ALL",PHASE="generate",OUTPUT_DIR="adversarial_results_ep200_pre200" adversarial_hpc_submit.pbs </dev/null
[2026-08-31 10:34:40] [OK] ConvNeXt/Cifar10/FGSM/ALL
[2026-08-31 10:34:40] [OK] qsub output: Your job 6443521 ("adversarial_hpc_submit.pbs") has been submitted
[2026-08-31 10:34:40] [SUBMIT] ConvNeXt/Cifar10/IFGSM/ALL
[2026-08-31 10:34:40] [CMD] qsub -q all.q -l ngpus=1 -v MODEL="ConvNeXt",DATASET="Cifar10",ATTACK="IFGSM",KIND="ALL",PHASE="generate",OUTPUT_DIR="adversarial_results_ep100_pre300" adversarial_hpc_submit.pbs </dev/null
[2026-08-31 10:34:42] [OK] ConvNeXt/Cifar10/DeepFool/ALL
[2026-08-31 10:34:42] [OK] qsub output: Your job 6443523 ("adversarial_hpc_submit.pbs") has been submitted
[2026-08-31 10:34:42] [SUBMIT] ConvNeXt/Cifar100/PGD/ALL
[2026-08-31 10:34:42] [CMD] qsub -q all.q -l ngpus=1 -v MODEL="ConvNeXt",DATASET="Cifar100",ATTACK="PGD",KIND="ALL",PHASE="generate",OUTPUT_DIR="adversarial_results_ep200_pre200" adversarial_hpc_submit.pbs </dev/null
[2026-08-31 10:34:46] [OK] ConvNeXt/Cifar10/APGD/ALL
[2026-08-31 10:34:46] [OK] qsub output: Your job 6443522 ("adversarial_hpc_submit.pbs") has been submitted
[2026-08-31 10:34:46] [SUBMIT] ConvNeXt/Cifar10/CW/ALL
[2026-08-31 10:34:46] [CMD] qsub -q all.q -l ngpus=1 -v MODEL="ConvNeXt",DATASET="Cifar10",ATTACK="CW",KIND="ALL",PHASE="generate",OUTPUT_DIR="adversarial_results_ep300_pre100" adversarial_hpc_submit.pbs </dev/null
[2026-08-31 10:34:48] [OK] ConvNeXt/Cifar100/PGD/ALL
[2026-08-31 10:34:48] [OK] qsub output: Your job 6443526 ("adversarial_hpc_submit.pbs") has been submitted
[2026-08-31 10:34:48] [SUBMIT] ConvNeXt/Cifar100/FGSM/ALL
[2026-08-31 10:34:48] [CMD] qsub -q all.q -l ngpus=1 -v MODEL="ConvNeXt",DATASET="Cifar100",ATTACK="FGSM",KIND="ALL",PHASE="generate",OUTPUT_DIR="adversarial_results_ep200_pre200" adversarial_hpc_submit.pbs </dev/null
[2026-08-31 10:34:50] [OK] ConvNeXt/Cifar10/CW/ALL
[2026-08-31 10:34:51] [OK] qsub output: Your job 6443527 ("adversarial_hpc_submit.pbs") has been submitted
[2026-08-31 10:34:51] [SUBMIT] ConvNeXt/Cifar10/DeepFool/ALL
[2026-08-31 10:34:51] [CMD] qsub -q all.q -l ngpus=1 -v MODEL="ConvNeXt",DATASET="Cifar10",ATTACK="DeepFool",KIND="ALL",PHASE="generate",OUTPUT_DIR="adversarial_results_ep300_pre100" adversarial_hpc_submit.pbs </dev/null
[2026-08-31 10:34:54] [OK] ConvNeXt/Cifar10/IFGSM/ALL
[2026-08-31 10:34:54] [OK] qsub output: Your job 6443525 ("adversarial_hpc_submit.pbs") has been submitted
[2026-08-31 10:34:54] [SUBMIT] ConvNeXt/Cifar10/BIM/ALL
[2026-08-31 10:34:54] [CMD] qsub -q all.q -l ngpus=1 -v MODEL="ConvNeXt",DATASET="Cifar10",ATTACK="BIM",KIND="ALL",PHASE="generate",OUTPUT_DIR="adversarial_results_ep100_pre300" adversarial_hpc_submit.pbs </dev/null
[2026-08-31 10:34:55] [OK] ConvNeXt/Cifar10/DeepFool/ALL
[2026-08-31 10:34:56] [OK] qsub output: Your job 6443529 ("adversarial_hpc_submit.pbs") has been submitted
[2026-08-31 10:34:56] [SUBMIT] ConvNeXt/Cifar100/PGD/ALL
[2026-08-31 10:34:56] [CMD] qsub -q all.q -l ngpus=1 -v MODEL="ConvNeXt",DATASET="Cifar100",ATTACK="PGD",KIND="ALL",PHASE="generate",OUTPUT_DIR="adversarial_results_ep300_pre100" adversarial_hpc_submit.pbs </dev/null
[2026-08-31 10:34:59] [OK] ConvNeXt/Cifar100/FGSM/ALL
[2026-08-31 10:34:59] [OK] qsub output: Your job 6443528 ("adversarial_hpc_submit.pbs") has been submitted
[2026-08-31 10:34:59] [SUBMIT] ConvNeXt/Cifar100/IFGSM/ALL
[2026-08-31 10:34:59] [CMD] qsub -q all.q -l ngpus=1 -v MODEL="ConvNeXt",DATASET="Cifar100",ATTACK="IFGSM",KIND="ALL",PHASE="generate",OUTPUT_DIR="adversarial_results_ep200_pre200" adversarial_hpc_submit.pbs </dev/null
[2026-08-31 10:35:04] [OK] ConvNeXt/Cifar100/PGD/ALL
[2026-08-31 10:35:04] [OK] qsub output: Your job 6443531 ("adversarial_hpc_submit.pbs") has been submitted
[2026-08-31 10:35:04] [SUBMIT] ConvNeXt/Cifar100/FGSM/ALL
[2026-08-31 10:35:04] [CMD] qsub -q all.q -l ngpus=1 -v MODEL="ConvNeXt",DATASET="Cifar100",ATTACK="FGSM",KIND="ALL",PHASE="generate",OUTPUT_DIR="adversarial_results_ep300_pre100" adversarial_hpc_submit.pbs </dev/null
[2026-08-31 10:35:05] [OK] ConvNeXt/Cifar10/BIM/ALL
[2026-08-31 10:35:05] [OK] qsub output: Your job 6443530 ("adversarial_hpc_submit.pbs") has been submitted
[2026-08-31 10:35:06] [SUBMIT] ConvNeXt/Cifar10/APGD/ALL
[2026-08-31 10:35:06] [CMD] qsub -q all.q -l ngpus=1 -v MODEL="ConvNeXt",DATASET="Cifar10",ATTACK="APGD",KIND="ALL",PHASE="generate",OUTPUT_DIR="adversarial_results_ep100_pre300" adversarial_hpc_submit.pbs </dev/null
[2026-08-31 10:35:06] [OK] ConvNeXt/Cifar100/IFGSM/ALL
[2026-08-31 10:35:06] [OK] qsub output: Your job 6443532 ("adversarial_hpc_submit.pbs") has been submitted
[2026-08-31 10:35:06] [SUBMIT] ConvNeXt/Cifar100/BIM/ALL
[2026-08-31 10:35:06] [CMD] qsub -q all.q -l ngpus=1 -v MODEL="ConvNeXt",DATASET="Cifar100",ATTACK="BIM",KIND="ALL",PHASE="generate",OUTPUT_DIR="adversarial_results_ep200_pre200" adversarial_hpc_submit.pbs </dev/null
[2026-08-31 10:35:10] [OK] ConvNeXt/Cifar10/APGD/ALL
[2026-08-31 10:35:10] [OK] qsub output: Your job 6443534 ("adversarial_hpc_submit.pbs") has been submitted
[2026-08-31 10:35:10] [SUBMIT] ConvNeXt/Cifar10/CW/ALL
[2026-08-31 10:35:10] [CMD] qsub -q all.q -l ngpus=1 -v MODEL="ConvNeXt",DATASET="Cifar10",ATTACK="CW",KIND="ALL",PHASE="generate",OUTPUT_DIR="adversarial_results_ep100_pre300" adversarial_hpc_submit.pbs </dev/null
[2026-08-31 10:35:12] [OK] ConvNeXt/Cifar100/BIM/ALL
[2026-08-31 10:35:12] [OK] qsub output: Your job 6443535 ("adversarial_hpc_submit.pbs") has been submitted
[2026-08-31 10:35:12] [SUBMIT] ConvNeXt/Cifar100/APGD/ALL
[2026-08-31 10:35:12] [CMD] qsub -q all.q -l ngpus=1 -v MODEL="ConvNeXt",DATASET="Cifar100",ATTACK="APGD",KIND="ALL",PHASE="generate",OUTPUT_DIR="adversarial_results_ep200_pre200" adversarial_hpc_submit.pbs </dev/null
[2026-08-31 10:35:13] [OK] ConvNeXt/Cifar100/FGSM/ALL
[2026-08-31 10:35:13] [OK] qsub output: Your job 6443533 ("adversarial_hpc_submit.pbs") has been submitted
[2026-08-31 10:35:13] [SUBMIT] ConvNeXt/Cifar100/IFGSM/ALL
[2026-08-31 10:35:13] [CMD] qsub -q all.q -l ngpus=1 -v MODEL="ConvNeXt",DATASET="Cifar100",ATTACK="IFGSM",KIND="ALL",PHASE="generate",OUTPUT_DIR="adversarial_results_ep300_pre100" adversarial_hpc_submit.pbs </dev/null
[2026-08-31 10:35:15] [OK] ConvNeXt/Cifar100/APGD/ALL
[2026-08-31 10:35:15] [OK] qsub output: Your job 6443537 ("adversarial_hpc_submit.pbs") has been submitted
[2026-08-31 10:35:15] [SUBMIT] ConvNeXt/Cifar100/CW/ALL
[2026-08-31 10:35:15] [CMD] qsub -q all.q -l ngpus=1 -v MODEL="ConvNeXt",DATASET="Cifar100",ATTACK="CW",KIND="ALL",PHASE="generate",OUTPUT_DIR="adversarial_results_ep200_pre200" adversarial_hpc_submit.pbs </dev/null
[2026-08-31 10:35:17] [OK] ConvNeXt/Cifar10/CW/ALL
[2026-08-31 10:35:17] [OK] qsub output: Your job 6443536 ("adversarial_hpc_submit.pbs") has been submitted
[2026-08-31 10:35:17] [SUBMIT] ConvNeXt/Cifar10/DeepFool/ALL
[2026-08-31 10:35:17] [CMD] qsub -q all.q -l ngpus=1 -v MODEL="ConvNeXt",DATASET="Cifar10",ATTACK="DeepFool",KIND="ALL",PHASE="generate",OUTPUT_DIR="adversarial_results_ep100_pre300" adversarial_hpc_submit.pbs </dev/null
[2026-08-31 10:35:21] [OK] ConvNeXt/Cifar100/CW/ALL
[2026-08-31 10:35:21] [OK] qsub output: Your job 6443539 ("adversarial_hpc_submit.pbs") has been submitted
[2026-08-31 10:35:21] [SUBMIT] ConvNeXt/Cifar100/DeepFool/ALL
[2026-08-31 10:35:21] [CMD] qsub -q all.q -l ngpus=1 -v MODEL="ConvNeXt",DATASET="Cifar100",ATTACK="DeepFool",KIND="ALL",PHASE="generate",OUTPUT_DIR="adversarial_results_ep200_pre200" adversarial_hpc_submit.pbs </dev/null
[2026-08-31 10:35:24] [OK] ConvNeXt/Cifar100/IFGSM/ALL
[2026-08-31 10:35:25] [OK] qsub output: Your job 6443538 ("adversarial_hpc_submit.pbs") has been submitted
[2026-08-31 10:35:25] [SUBMIT] ConvNeXt/Cifar100/BIM/ALL
[2026-08-31 10:35:25] [CMD] qsub -q all.q -l ngpus=1 -v MODEL="ConvNeXt",DATASET="Cifar100",ATTACK="BIM",KIND="ALL",PHASE="generate",OUTPUT_DIR="adversarial_results_ep300_pre100" adversarial_hpc_submit.pbs </dev/null
[2026-08-31 10:35:28] [OK] ConvNeXt/Cifar10/DeepFool/ALL
[2026-08-31 10:35:28] [OK] qsub output: Your job 6443540 ("adversarial_hpc_submit.pbs") has been submitted
[2026-08-31 10:35:28] [SUBMIT] ConvNeXt/Cifar100/PGD/ALL
[2026-08-31 10:35:28] [CMD] qsub -q all.q -l ngpus=1 -v MODEL="ConvNeXt",DATASET="Cifar100",ATTACK="PGD",KIND="ALL",PHASE="generate",OUTPUT_DIR="adversarial_results_ep100_pre300" adversarial_hpc_submit.pbs </dev/null
[2026-08-31 10:35:33] [OK] ConvNeXt/Cifar100/BIM/ALL
[2026-08-31 10:35:33] [OK] qsub output: Your job 6443542 ("adversarial_hpc_submit.pbs") has been submitted
[2026-08-31 10:35:33] [SUBMIT] ConvNeXt/Cifar100/APGD/ALL
[2026-08-31 10:35:33] [CMD] qsub -q all.q -l ngpus=1 -v MODEL="ConvNeXt",DATASET="Cifar100",ATTACK="APGD",KIND="ALL",PHASE="generate",OUTPUT_DIR="adversarial_results_ep300_pre100" adversarial_hpc_submit.pbs </dev/null
[2026-08-31 10:35:34] [OK] ConvNeXt/Cifar100/DeepFool/ALL
[2026-08-31 10:35:34] [OK] qsub output: Your job 6443541 ("adversarial_hpc_submit.pbs") has been submitted
[2026-08-31 10:35:34] [SUCCESS] Submitted 84 jobs
[2026-08-31 10:35:34] Monitor progress with: qstat
[2026-08-31 10:35:34] ============================================================================
[2026-08-31 10:35:34] Job submission complete. Check logs/ for details.
[2026-08-31 10:35:34] Run log saved to: /Users/jgafur/LTH/manuscript/Tranfer/logs/adversarial_orchestrate_generate_20260831_102423.log
[2026-08-31 10:35:34] ============================================================================
[2026-08-31 10:35:39] [OK] ConvNeXt/Cifar100/PGD/ALL
[2026-08-31 10:35:39] [OK] qsub output: Your job 6443543 ("adversarial_hpc_submit.pbs") has been submitted
[2026-08-31 10:35:39] [SUBMIT] ConvNeXt/Cifar100/FGSM/ALL
[2026-08-31 10:35:39] [CMD] qsub -q all.q -l ngpus=1 -v MODEL="ConvNeXt",DATASET="Cifar100",ATTACK="FGSM",KIND="ALL",PHASE="generate",OUTPUT_DIR="adversarial_results_ep100_pre300" adversarial_hpc_submit.pbs </dev/null
[2026-08-31 10:35:44] [OK] ConvNeXt/Cifar100/APGD/ALL
[2026-08-31 10:35:44] [OK] qsub output: Your job 6443544 ("adversarial_hpc_submit.pbs") has been submitted
[2026-08-31 10:35:44] [SUBMIT] ConvNeXt/Cifar100/CW/ALL
[2026-08-31 10:35:44] [CMD] qsub -q all.q -l ngpus=1 -v MODEL="ConvNeXt",DATASET="Cifar100",ATTACK="CW",KIND="ALL",PHASE="generate",OUTPUT_DIR="adversarial_results_ep300_pre100" adversarial_hpc_submit.pbs </dev/null
[2026-08-31 10:35:47] [OK] ConvNeXt/Cifar100/FGSM/ALL
[2026-08-31 10:35:47] [OK] qsub output: Your job 6443545 ("adversarial_hpc_submit.pbs") has been submitted
[2026-08-31 10:35:48] [SUBMIT] ConvNeXt/Cifar100/IFGSM/ALL
[2026-08-31 10:35:48] [CMD] qsub -q all.q -l ngpus=1 -v MODEL="ConvNeXt",DATASET="Cifar100",ATTACK="IFGSM",KIND="ALL",PHASE="generate",OUTPUT_DIR="adversarial_results_ep100_pre300" adversarial_hpc_submit.pbs </dev/null
[2026-08-31 10:35:48] [OK] ConvNeXt/Cifar100/CW/ALL
[2026-08-31 10:35:48] [OK] qsub output: Your job 6443546 ("adversarial_hpc_submit.pbs") has been submitted
[2026-08-31 10:35:49] [SUBMIT] ConvNeXt/Cifar100/DeepFool/ALL
[2026-08-31 10:35:49] [CMD] qsub -q all.q -l ngpus=1 -v MODEL="ConvNeXt",DATASET="Cifar100",ATTACK="DeepFool",KIND="ALL",PHASE="generate",OUTPUT_DIR="adversarial_results_ep300_pre100" adversarial_hpc_submit.pbs </dev/null
[2026-08-31 10:35:52] [OK] ConvNeXt/Cifar100/DeepFool/ALL
[2026-08-31 10:35:52] [OK] qsub output: Your job 6443548 ("adversarial_hpc_submit.pbs") has been submitted
[2026-08-31 10:35:52] [SUCCESS] Submitted 84 jobs
[2026-08-31 10:35:52] Monitor progress with: qstat
[2026-08-31 10:35:52] ============================================================================
[2026-08-31 10:35:52] Job submission complete. Check logs/ for details.
[2026-08-31 10:35:52] Run log saved to: /Users/jgafur/LTH/manuscript/Tranfer/logs/adversarial_orchestrate_generate_20260831_102423.log
[2026-08-31 10:35:52] ============================================================================
[2026-08-31 10:35:53] [OK] ConvNeXt/Cifar100/IFGSM/ALL
[2026-08-31 10:35:53] [OK] qsub output: Your job 6443547 ("adversarial_hpc_submit.pbs") has been submitted
[2026-08-31 10:35:53] [SUBMIT] ConvNeXt/Cifar100/BIM/ALL
[2026-08-31 10:35:53] [CMD] qsub -q all.q -l ngpus=1 -v MODEL="ConvNeXt",DATASET="Cifar100",ATTACK="BIM",KIND="ALL",PHASE="generate",OUTPUT_DIR="adversarial_results_ep100_pre300" adversarial_hpc_submit.pbs </dev/null
[2026-08-31 10:35:59] [OK] ConvNeXt/Cifar100/BIM/ALL
[2026-08-31 10:35:59] [OK] qsub output: Your job 6443549 ("adversarial_hpc_submit.pbs") has been submitted
[2026-08-31 10:35:59] [SUBMIT] ConvNeXt/Cifar100/APGD/ALL
[2026-08-31 10:36:00] [CMD] qsub -q all.q -l ngpus=1 -v MODEL="ConvNeXt",DATASET="Cifar100",ATTACK="APGD",KIND="ALL",PHASE="generate",OUTPUT_DIR="adversarial_results_ep100_pre300" adversarial_hpc_submit.pbs </dev/null
[2026-08-31 10:36:09] [OK] ConvNeXt/Cifar100/APGD/ALL
[2026-08-31 10:36:09] [OK] qsub output: Your job 6443550 ("adversarial_hpc_submit.pbs") has been submitted
[2026-08-31 10:36:09] [SUBMIT] ConvNeXt/Cifar100/CW/ALL
[2026-08-31 10:36:09] [CMD] qsub -q all.q -l ngpus=1 -v MODEL="ConvNeXt",DATASET="Cifar100",ATTACK="CW",KIND="ALL",PHASE="generate",OUTPUT_DIR="adversarial_results_ep100_pre300" adversarial_hpc_submit.pbs </dev/null
[2026-08-31 10:36:17] [OK] ConvNeXt/Cifar100/CW/ALL
[2026-08-31 10:36:17] [OK] qsub output: Your job 6443552 ("adversarial_hpc_submit.pbs") has been submitted
[2026-08-31 10:36:17] [SUBMIT] ConvNeXt/Cifar100/DeepFool/ALL
[2026-08-31 10:36:17] [CMD] qsub -q all.q -l ngpus=1 -v MODEL="ConvNeXt",DATASET="Cifar100",ATTACK="DeepFool",KIND="ALL",PHASE="generate",OUTPUT_DIR="adversarial_results_ep100_pre300" adversarial_hpc_submit.pbs </dev/null
[2026-08-31 10:36:21] [OK] ConvNeXt/Cifar100/DeepFool/ALL
[2026-08-31 10:36:21] [OK] qsub output: Your job 6443553 ("adversarial_hpc_submit.pbs") has been submitted
[2026-08-31 10:36:21] [SUCCESS] Submitted 84 jobs
[2026-08-31 10:36:21] Monitor progress with: qstat
[2026-08-31 10:36:21] ============================================================================
[2026-08-31 10:36:21] Job submission complete. Check logs/ for details.
[2026-08-31 10:36:21] Run log saved to: /Users/jgafur/LTH/manuscript/Tranfer/logs/adversarial_orchestrate_generate_20260831_102423.log
[2026-08-31 10:36:21] ============================================================================
