[2026-09-03 17:56:19] Starting orchestration script
[2026-09-03 17:56:19] Starting orchestration script
[2026-09-03 17:56:19] Starting orchestration script
[2026-09-03 17:56:19] Script path: /Users/jgafur/LTH/manuscript/Tranfer
[2026-09-03 17:56:19] Script path: /Users/jgafur/LTH/manuscript/Tranfer
[2026-09-03 17:56:19] Script path: /Users/jgafur/LTH/manuscript/Tranfer
[2026-09-03 17:56:19] Current working directory: /Users/jgafur/LTH/manuscript/Tranfer
[2026-09-03 17:56:19] Current working directory: /Users/jgafur/LTH/manuscript/Tranfer
[2026-09-03 17:56:19] Current working directory: /Users/jgafur/LTH/manuscript/Tranfer
[2026-09-03 17:56:19] Phase: generate
[2026-09-03 17:56:19] Phase: generate
[2026-09-03 17:56:19] Phase: generate
[2026-09-03 17:56:19] Output directory: adversarial_results_ep300_pre100
[2026-09-03 17:56:19] Output directory: adversarial_results_ep200_pre200
[2026-09-03 17:56:19] Output directory: adversarial_results_ep100_pre300
[2026-09-03 17:56:19] Model filter: ALL
[2026-09-03 17:56:19] Model filter: ALL
[2026-09-03 17:56:19] Model filter: ALL
[2026-09-03 17:56:19] Dataset filter: ALL
[2026-09-03 17:56:19] Dataset filter: ALL
[2026-09-03 17:56:19] Dataset filter: ALL
[2026-09-03 17:56:19] Attack filter: ALL
[2026-09-03 17:56:19] Attack filter: ALL
[2026-09-03 17:56:19] Kind filter: ALL
[2026-09-03 17:56:19] Attack filter: ALL
[2026-09-03 17:56:19] Kind filter: ALL
[2026-09-03 17:56:19] Run log: /Users/jgafur/LTH/manuscript/Tranfer/logs/adversarial_orchestrate_generate_20260903_175619.log
[2026-09-03 17:56:19] Kind filter: ALL
[2026-09-03 17:56:19] Run log: /Users/jgafur/LTH/manuscript/Tranfer/logs/adversarial_orchestrate_generate_20260903_175619.log
[2026-09-03 17:56:19] Run log: /Users/jgafur/LTH/manuscript/Tranfer/logs/adversarial_orchestrate_generate_20260903_175619.log
[2026-09-03 17:56:19] qsub command found: /opt/sge/bin/lx-amd64/qsub
[2026-09-03 17:56:19] qsub command found: /opt/sge/bin/lx-amd64/qsub
[2026-09-03 17:56:19] Found submission file: /Users/jgafur/LTH/manuscript/Tranfer/adversarial_hpc_submit.pbs
[2026-09-03 17:56:19] qsub command found: /opt/sge/bin/lx-amd64/qsub
[2026-09-03 17:56:19] Found submission file: /Users/jgafur/LTH/manuscript/Tranfer/adversarial_hpc_submit.pbs
[2026-09-03 17:56:19] ============================================================================
[2026-09-03 17:56:19] Found submission file: /Users/jgafur/LTH/manuscript/Tranfer/adversarial_hpc_submit.pbs
[2026-09-03 17:56:19] ============================================================================
[2026-09-03 17:56:19] Adversarial Analysis HPC Orchestration
[2026-09-03 17:56:19] ============================================================================
[2026-09-03 17:56:19] Adversarial Analysis HPC Orchestration
[2026-09-03 17:56:19] ============================================================================
[2026-09-03 17:56:19] Adversarial Analysis HPC Orchestration
[2026-09-03 17:56:19] ============================================================================
[2026-09-03 17:56:19] Phase:       generate
[2026-09-03 17:56:19] ============================================================================
[2026-09-03 17:56:19] Phase:       generate
[2026-09-03 17:56:19] Output Dir:  adversarial_results_ep300_pre100
[2026-09-03 17:56:19] Phase:       generate
[2026-09-03 17:56:19] Models:      6 architectures
[2026-09-03 17:56:19] Output Dir:  adversarial_results_ep200_pre200
[2026-09-03 17:56:19] Output Dir:  adversarial_results_ep100_pre300
[2026-09-03 17:56:19] Datasets:    2 datasets
[2026-09-03 17:56:19] Models:      6 architectures
[2026-09-03 17:56:19] Models:      6 architectures
[2026-09-03 17:56:19] Attacks:     7 attack types
[2026-09-03 17:56:19] Datasets:    2 datasets
[2026-09-03 17:56:19] Datasets:    2 datasets
[2026-09-03 17:56:19] Total Jobs:  ~84
[2026-09-03 17:56:19] Attacks:     7 attack types
[2026-09-03 17:56:19] Attacks:     7 attack types
[2026-09-03 17:56:19] ============================================================================
[2026-09-03 17:56:19] Total Jobs:  ~84
[2026-09-03 17:56:19] Total Jobs:  ~84
[2026-09-03 17:56:19] ============================================================================
[2026-09-03 17:56:19] Run outputs will be written as txt files in manuscript/Tranfer/
[2026-09-03 17:56:19]   - generate:      <MODEL>_<DATASET>_<ATTACK>_<KIND>_generate_run.txt
[2026-09-03 17:56:19] ============================================================================
[2026-09-03 17:56:19]   - analyze:       adversarial_analyze_run.txt
[2026-09-03 17:56:19] Run outputs will be written as txt files in manuscript/Tranfer/
[2026-09-03 17:56:19] Run outputs will be written as txt files in manuscript/Tranfer/
[2026-09-03 17:56:19]   - plot:          adversarial_plot_run.txt
[2026-09-03 17:56:19]   - generate:      <MODEL>_<DATASET>_<ATTACK>_<KIND>_generate_run.txt
[2026-09-03 17:56:19]   - generate:      <MODEL>_<DATASET>_<ATTACK>_<KIND>_generate_run.txt
[2026-09-03 17:56:19]   - gradient_sim:  adversarial_gradient_sim_run.txt
[2026-09-03 17:56:19]   - analyze:       adversarial_analyze_run.txt
[2026-09-03 17:56:19]   - analyze:       adversarial_analyze_run.txt
[2026-09-03 17:56:19]   - epsilon_sweep: adversarial_epsilon_sweep_run.txt
[2026-09-03 17:56:19]   - plot:          adversarial_plot_run.txt
[2026-09-03 17:56:19]   - plot:          adversarial_plot_run.txt
[2026-09-03 17:56:19]   - gradient_sim:  adversarial_gradient_sim_run.txt
[2026-09-03 17:56:19]   - statistics:    adversarial_statistics_run.txt
[2026-09-03 17:56:19]   - gradient_sim:  adversarial_gradient_sim_run.txt
[2026-09-03 17:56:19]   - epsilon_sweep: adversarial_epsilon_sweep_run.txt
[2026-09-03 17:56:19]   - cka:           adversarial_cka_run.txt
[2026-09-03 17:56:19]   - epsilon_sweep: adversarial_epsilon_sweep_run.txt
[2026-09-03 17:56:19]   - statistics:    adversarial_statistics_run.txt
[2026-09-03 17:56:19]   - compare:       adversarial_compare_run.txt
[2026-09-03 17:56:19]   - statistics:    adversarial_statistics_run.txt
[2026-09-03 17:56:19]   - cka:           adversarial_cka_run.txt
[2026-09-03 17:56:19]   - compute_tradeoff: adversarial_compute_tradeoff_run.txt
[2026-09-03 17:56:19]   - cka:           adversarial_cka_run.txt
[2026-09-03 17:56:19]   - compare:       adversarial_compare_run.txt
[2026-09-03 17:56:19]   - correlations:  adversarial_correlations_run.txt
[2026-09-03 17:56:19]   - compare:       adversarial_compare_run.txt
[2026-09-03 17:56:19]   - compute_tradeoff: adversarial_compute_tradeoff_run.txt
[2026-09-03 17:56:19]   - compute_tradeoff: adversarial_compute_tradeoff_run.txt
[2026-09-03 17:56:19] [PHASE: GENERATE] Submitting attack generation jobs...
[2026-09-03 17:56:19]   - correlations:  adversarial_correlations_run.txt
[2026-09-03 17:56:19]   - correlations:  adversarial_correlations_run.txt
[2026-09-03 17:56:19] [SUBMIT] VGG16/Cifar10/PGD/ALL
[2026-09-03 17:56:19] [PHASE: GENERATE] Submitting attack generation jobs...
[2026-09-03 17:56:19] [PHASE: GENERATE] Submitting attack generation jobs...
[2026-09-03 17:56:19] [CMD] qsub -q all.q -l ngpus=1 -v MODEL="VGG16",DATASET="Cifar10",ATTACK="PGD",KIND="ALL",PHASE="generate",OUTPUT_DIR="adversarial_results_ep300_pre100" adversarial_hpc_submit.pbs </dev/null
[2026-09-03 17:56:19] [SUBMIT] VGG16/Cifar10/PGD/ALL
[2026-09-03 17:56:19] [SUBMIT] VGG16/Cifar10/PGD/ALL
[2026-09-03 17:56:19] [CMD] qsub -q all.q -l ngpus=1 -v MODEL="VGG16",DATASET="Cifar10",ATTACK="PGD",KIND="ALL",PHASE="generate",OUTPUT_DIR="adversarial_results_ep200_pre200" adversarial_hpc_submit.pbs </dev/null
[2026-09-03 17:56:19] [CMD] qsub -q all.q -l ngpus=1 -v MODEL="VGG16",DATASET="Cifar10",ATTACK="PGD",KIND="ALL",PHASE="generate",OUTPUT_DIR="adversarial_results_ep100_pre300" adversarial_hpc_submit.pbs </dev/null
[2026-09-03 17:56:22] [OK] VGG16/Cifar10/PGD/ALL
[2026-09-03 17:56:22] [OK] qsub output: Your job 6455191 ("adversarial_hpc_submit.pbs") has been submitted
[2026-09-03 17:56:22] [SUBMIT] VGG16/Cifar10/FGSM/ALL
[2026-09-03 17:56:22] [CMD] qsub -q all.q -l ngpus=1 -v MODEL="VGG16",DATASET="Cifar10",ATTACK="FGSM",KIND="ALL",PHASE="generate",OUTPUT_DIR="adversarial_results_ep200_pre200" adversarial_hpc_submit.pbs </dev/null
[2026-09-03 17:56:27] [OK] VGG16/Cifar10/PGD/ALL
[2026-09-03 17:56:27] [OK] qsub output: Your job 6455192 ("adversarial_hpc_submit.pbs") has been submitted
[2026-09-03 17:56:27] [SUBMIT] VGG16/Cifar10/FGSM/ALL
[2026-09-03 17:56:27] [CMD] qsub -q all.q -l ngpus=1 -v MODEL="VGG16",DATASET="Cifar10",ATTACK="FGSM",KIND="ALL",PHASE="generate",OUTPUT_DIR="adversarial_results_ep300_pre100" adversarial_hpc_submit.pbs </dev/null
[2026-09-03 17:56:29] [OK] VGG16/Cifar10/PGD/ALL
[2026-09-03 17:56:29] [OK] qsub output: Your job 6455193 ("adversarial_hpc_submit.pbs") has been submitted
[2026-09-03 17:56:29] [SUBMIT] VGG16/Cifar10/FGSM/ALL
[2026-09-03 17:56:29] [CMD] qsub -q all.q -l ngpus=1 -v MODEL="VGG16",DATASET="Cifar10",ATTACK="FGSM",KIND="ALL",PHASE="generate",OUTPUT_DIR="adversarial_results_ep100_pre300" adversarial_hpc_submit.pbs </dev/null
[2026-09-03 17:56:32] [OK] VGG16/Cifar10/FGSM/ALL
[2026-09-03 17:56:32] [OK] qsub output: Your job 6455194 ("adversarial_hpc_submit.pbs") has been submitted
[2026-09-03 17:56:32] [SUBMIT] VGG16/Cifar10/IFGSM/ALL
[2026-09-03 17:56:32] [CMD] qsub -q all.q -l ngpus=1 -v MODEL="VGG16",DATASET="Cifar10",ATTACK="IFGSM",KIND="ALL",PHASE="generate",OUTPUT_DIR="adversarial_results_ep200_pre200" adversarial_hpc_submit.pbs </dev/null
[2026-09-03 17:56:35] [OK] VGG16/Cifar10/FGSM/ALL
[2026-09-03 17:56:35] [OK] qsub output: Your job 6455196 ("adversarial_hpc_submit.pbs") has been submitted
[2026-09-03 17:56:35] [SUBMIT] VGG16/Cifar10/IFGSM/ALL
[2026-09-03 17:56:35] [CMD] qsub -q all.q -l ngpus=1 -v MODEL="VGG16",DATASET="Cifar10",ATTACK="IFGSM",KIND="ALL",PHASE="generate",OUTPUT_DIR="adversarial_results_ep300_pre100" adversarial_hpc_submit.pbs </dev/null
[2026-09-03 17:56:38] [OK] VGG16/Cifar10/FGSM/ALL
[2026-09-03 17:56:38] [OK] qsub output: Your job 6455197 ("adversarial_hpc_submit.pbs") has been submitted
[2026-09-03 17:56:39] [SUBMIT] VGG16/Cifar10/IFGSM/ALL
[2026-09-03 17:56:39] [CMD] qsub -q all.q -l ngpus=1 -v MODEL="VGG16",DATASET="Cifar10",ATTACK="IFGSM",KIND="ALL",PHASE="generate",OUTPUT_DIR="adversarial_results_ep100_pre300" adversarial_hpc_submit.pbs </dev/null
[2026-09-03 17:56:46] [OK] VGG16/Cifar10/IFGSM/ALL
[2026-09-03 17:56:46] [OK] qsub output: Your job 6455199 ("adversarial_hpc_submit.pbs") has been submitted
[2026-09-03 17:56:46] [SUBMIT] VGG16/Cifar10/BIM/ALL
[2026-09-03 17:56:46] [CMD] qsub -q all.q -l ngpus=1 -v MODEL="VGG16",DATASET="Cifar10",ATTACK="BIM",KIND="ALL",PHASE="generate",OUTPUT_DIR="adversarial_results_ep200_pre200" adversarial_hpc_submit.pbs </dev/null
[2026-09-03 17:56:52] [OK] VGG16/Cifar10/IFGSM/ALL
[2026-09-03 17:56:52] [OK] qsub output: Your job 6455202 ("adversarial_hpc_submit.pbs") has been submitted
[2026-09-03 17:56:52] [SUBMIT] VGG16/Cifar10/BIM/ALL
[2026-09-03 17:56:52] [CMD] qsub -q all.q -l ngpus=1 -v MODEL="VGG16",DATASET="Cifar10",ATTACK="BIM",KIND="ALL",PHASE="generate",OUTPUT_DIR="adversarial_results_ep100_pre300" adversarial_hpc_submit.pbs </dev/null
[2026-09-03 17:56:54] [OK] VGG16/Cifar10/IFGSM/ALL
[2026-09-03 17:56:54] [OK] qsub output: Your job 6455201 ("adversarial_hpc_submit.pbs") has been submitted
[2026-09-03 17:56:54] [SUBMIT] VGG16/Cifar10/BIM/ALL
[2026-09-03 17:56:54] [CMD] qsub -q all.q -l ngpus=1 -v MODEL="VGG16",DATASET="Cifar10",ATTACK="BIM",KIND="ALL",PHASE="generate",OUTPUT_DIR="adversarial_results_ep300_pre100" adversarial_hpc_submit.pbs </dev/null
[2026-09-03 17:56:57] [OK] VGG16/Cifar10/BIM/ALL
[2026-09-03 17:56:57] [OK] qsub output: Your job 6455203 ("adversarial_hpc_submit.pbs") has been submitted
[2026-09-03 17:56:57] [SUBMIT] VGG16/Cifar10/APGD/ALL
[2026-09-03 17:56:57] [CMD] qsub -q all.q -l ngpus=1 -v MODEL="VGG16",DATASET="Cifar10",ATTACK="APGD",KIND="ALL",PHASE="generate",OUTPUT_DIR="adversarial_results_ep200_pre200" adversarial_hpc_submit.pbs </dev/null
[2026-09-03 17:56:59] [OK] VGG16/Cifar10/BIM/ALL
[2026-09-03 17:56:59] [OK] qsub output: Your job 6455205 ("adversarial_hpc_submit.pbs") has been submitted
[2026-09-03 17:56:59] [SUBMIT] VGG16/Cifar10/APGD/ALL
[2026-09-03 17:56:59] [CMD] qsub -q all.q -l ngpus=1 -v MODEL="VGG16",DATASET="Cifar10",ATTACK="APGD",KIND="ALL",PHASE="generate",OUTPUT_DIR="adversarial_results_ep100_pre300" adversarial_hpc_submit.pbs </dev/null
[2026-09-03 17:56:59] [OK] VGG16/Cifar10/BIM/ALL
[2026-09-03 17:56:59] [OK] qsub output: Your job 6455206 ("adversarial_hpc_submit.pbs") has been submitted
[2026-09-03 17:56:59] [SUBMIT] VGG16/Cifar10/APGD/ALL
[2026-09-03 17:56:59] [CMD] qsub -q all.q -l ngpus=1 -v MODEL="VGG16",DATASET="Cifar10",ATTACK="APGD",KIND="ALL",PHASE="generate",OUTPUT_DIR="adversarial_results_ep300_pre100" adversarial_hpc_submit.pbs </dev/null
[2026-09-03 17:57:00] [OK] VGG16/Cifar10/APGD/ALL
[2026-09-03 17:57:00] [OK] qsub output: Your job 6455207 ("adversarial_hpc_submit.pbs") has been submitted
[2026-09-03 17:57:01] [SUBMIT] VGG16/Cifar10/CW/ALL
[2026-09-03 17:57:01] [CMD] qsub -q all.q -l ngpus=1 -v MODEL="VGG16",DATASET="Cifar10",ATTACK="CW",KIND="ALL",PHASE="generate",OUTPUT_DIR="adversarial_results_ep200_pre200" adversarial_hpc_submit.pbs </dev/null
[2026-09-03 17:57:03] [OK] VGG16/Cifar10/APGD/ALL
[2026-09-03 17:57:03] [OK] qsub output: Your job 6455208 ("adversarial_hpc_submit.pbs") has been submitted
[2026-09-03 17:57:03] [SUBMIT] VGG16/Cifar10/CW/ALL
[2026-09-03 17:57:03] [CMD] qsub -q all.q -l ngpus=1 -v MODEL="VGG16",DATASET="Cifar10",ATTACK="CW",KIND="ALL",PHASE="generate",OUTPUT_DIR="adversarial_results_ep100_pre300" adversarial_hpc_submit.pbs </dev/null
[2026-09-03 17:57:06] [OK] VGG16/Cifar10/CW/ALL
[2026-09-03 17:57:06] [OK] qsub output: Your job 6455210 ("adversarial_hpc_submit.pbs") has been submitted
[2026-09-03 17:57:06] [SUBMIT] VGG16/Cifar10/DeepFool/ALL
[2026-09-03 17:57:06] [CMD] qsub -q all.q -l ngpus=1 -v MODEL="VGG16",DATASET="Cifar10",ATTACK="DeepFool",KIND="ALL",PHASE="generate",OUTPUT_DIR="adversarial_results_ep200_pre200" adversarial_hpc_submit.pbs </dev/null
[2026-09-03 17:57:06] [OK] VGG16/Cifar10/APGD/ALL
[2026-09-03 17:57:06] [OK] qsub output: Your job 6455209 ("adversarial_hpc_submit.pbs") has been submitted
[2026-09-03 17:57:06] [SUBMIT] VGG16/Cifar10/CW/ALL
[2026-09-03 17:57:06] [CMD] qsub -q all.q -l ngpus=1 -v MODEL="VGG16",DATASET="Cifar10",ATTACK="CW",KIND="ALL",PHASE="generate",OUTPUT_DIR="adversarial_results_ep300_pre100" adversarial_hpc_submit.pbs </dev/null
[2026-09-03 17:57:12] [OK] VGG16/Cifar10/CW/ALL
[2026-09-03 17:57:12] [OK] qsub output: Your job 6455214 ("adversarial_hpc_submit.pbs") has been submitted
[2026-09-03 17:57:12] [SUBMIT] VGG16/Cifar10/DeepFool/ALL
[2026-09-03 17:57:12] [CMD] qsub -q all.q -l ngpus=1 -v MODEL="VGG16",DATASET="Cifar10",ATTACK="DeepFool",KIND="ALL",PHASE="generate",OUTPUT_DIR="adversarial_results_ep100_pre300" adversarial_hpc_submit.pbs </dev/null
[2026-09-03 17:57:20] [OK] VGG16/Cifar10/DeepFool/ALL
[2026-09-03 17:57:20] [OK] qsub output: Your job 6455215 ("adversarial_hpc_submit.pbs") has been submitted
[2026-09-03 17:57:20] [SUBMIT] VGG16/Cifar100/PGD/ALL
[2026-09-03 17:57:20] [CMD] qsub -q all.q -l ngpus=1 -v MODEL="VGG16",DATASET="Cifar100",ATTACK="PGD",KIND="ALL",PHASE="generate",OUTPUT_DIR="adversarial_results_ep200_pre200" adversarial_hpc_submit.pbs </dev/null
[2026-09-03 17:57:22] [OK] VGG16/Cifar10/CW/ALL
[2026-09-03 17:57:22] [OK] qsub output: Your job 6455216 ("adversarial_hpc_submit.pbs") has been submitted
[2026-09-03 17:57:22] [SUBMIT] VGG16/Cifar10/DeepFool/ALL
[2026-09-03 17:57:22] [CMD] qsub -q all.q -l ngpus=1 -v MODEL="VGG16",DATASET="Cifar10",ATTACK="DeepFool",KIND="ALL",PHASE="generate",OUTPUT_DIR="adversarial_results_ep300_pre100" adversarial_hpc_submit.pbs </dev/null
[2026-09-03 17:57:23] [OK] VGG16/Cifar10/DeepFool/ALL
[2026-09-03 17:57:23] [OK] qsub output: Your job 6455217 ("adversarial_hpc_submit.pbs") has been submitted
[2026-09-03 17:57:24] [SUBMIT] VGG16/Cifar100/PGD/ALL
[2026-09-03 17:57:24] [CMD] qsub -q all.q -l ngpus=1 -v MODEL="VGG16",DATASET="Cifar100",ATTACK="PGD",KIND="ALL",PHASE="generate",OUTPUT_DIR="adversarial_results_ep100_pre300" adversarial_hpc_submit.pbs </dev/null
[2026-09-03 17:57:30] [OK] VGG16/Cifar10/DeepFool/ALL
[2026-09-03 17:57:30] [OK] qsub output: Your job 6455220 ("adversarial_hpc_submit.pbs") has been submitted
[2026-09-03 17:57:30] [SUBMIT] VGG16/Cifar100/PGD/ALL
[2026-09-03 17:57:30] [CMD] qsub -q all.q -l ngpus=1 -v MODEL="VGG16",DATASET="Cifar100",ATTACK="PGD",KIND="ALL",PHASE="generate",OUTPUT_DIR="adversarial_results_ep300_pre100" adversarial_hpc_submit.pbs </dev/null
[2026-09-03 17:57:32] [OK] VGG16/Cifar100/PGD/ALL
[2026-09-03 17:57:32] [OK] qsub output: Your job 6455219 ("adversarial_hpc_submit.pbs") has been submitted
[2026-09-03 17:57:32] [SUBMIT] VGG16/Cifar100/FGSM/ALL
[2026-09-03 17:57:32] [CMD] qsub -q all.q -l ngpus=1 -v MODEL="VGG16",DATASET="Cifar100",ATTACK="FGSM",KIND="ALL",PHASE="generate",OUTPUT_DIR="adversarial_results_ep200_pre200" adversarial_hpc_submit.pbs </dev/null
[2026-09-03 17:57:33] [OK] VGG16/Cifar100/PGD/ALL
[2026-09-03 17:57:33] [OK] qsub output: Your job 6455221 ("adversarial_hpc_submit.pbs") has been submitted
[2026-09-03 17:57:33] [SUBMIT] VGG16/Cifar100/FGSM/ALL
[2026-09-03 17:57:33] [CMD] qsub -q all.q -l ngpus=1 -v MODEL="VGG16",DATASET="Cifar100",ATTACK="FGSM",KIND="ALL",PHASE="generate",OUTPUT_DIR="adversarial_results_ep100_pre300" adversarial_hpc_submit.pbs </dev/null
[2026-09-03 17:57:45] [OK] VGG16/Cifar100/FGSM/ALL
[2026-09-03 17:57:45] [OK] qsub output: Your job 6455225 ("adversarial_hpc_submit.pbs") has been submitted
[2026-09-03 17:57:45] [SUBMIT] VGG16/Cifar100/IFGSM/ALL
[2026-09-03 17:57:45] [CMD] qsub -q all.q -l ngpus=1 -v MODEL="VGG16",DATASET="Cifar100",ATTACK="IFGSM",KIND="ALL",PHASE="generate",OUTPUT_DIR="adversarial_results_ep200_pre200" adversarial_hpc_submit.pbs </dev/null
[2026-09-03 17:57:46] [OK] VGG16/Cifar100/PGD/ALL
[2026-09-03 17:57:46] [OK] qsub output: Your job 6455224 ("adversarial_hpc_submit.pbs") has been submitted
[2026-09-03 17:57:46] [SUBMIT] VGG16/Cifar100/FGSM/ALL
[2026-09-03 17:57:46] [CMD] qsub -q all.q -l ngpus=1 -v MODEL="VGG16",DATASET="Cifar100",ATTACK="FGSM",KIND="ALL",PHASE="generate",OUTPUT_DIR="adversarial_results_ep300_pre100" adversarial_hpc_submit.pbs </dev/null
[2026-09-03 17:57:52] [OK] VGG16/Cifar100/FGSM/ALL
[2026-09-03 17:57:52] [OK] qsub output: Your job 6455226 ("adversarial_hpc_submit.pbs") has been submitted
[2026-09-03 17:57:52] [SUBMIT] VGG16/Cifar100/IFGSM/ALL
[2026-09-03 17:57:52] [CMD] qsub -q all.q -l ngpus=1 -v MODEL="VGG16",DATASET="Cifar100",ATTACK="IFGSM",KIND="ALL",PHASE="generate",OUTPUT_DIR="adversarial_results_ep100_pre300" adversarial_hpc_submit.pbs </dev/null
[2026-09-03 17:57:55] [OK] VGG16/Cifar100/FGSM/ALL
[2026-09-03 17:57:55] [OK] qsub output: Your job 6455229 ("adversarial_hpc_submit.pbs") has been submitted
[2026-09-03 17:57:55] [SUBMIT] VGG16/Cifar100/IFGSM/ALL
[2026-09-03 17:57:55] [CMD] qsub -q all.q -l ngpus=1 -v MODEL="VGG16",DATASET="Cifar100",ATTACK="IFGSM",KIND="ALL",PHASE="generate",OUTPUT_DIR="adversarial_results_ep300_pre100" adversarial_hpc_submit.pbs </dev/null
[2026-09-03 17:57:56] [OK] VGG16/Cifar100/IFGSM/ALL
[2026-09-03 17:57:56] [OK] qsub output: Your job 6455228 ("adversarial_hpc_submit.pbs") has been submitted
[2026-09-03 17:57:56] [SUBMIT] VGG16/Cifar100/BIM/ALL
[2026-09-03 17:57:56] [CMD] qsub -q all.q -l ngpus=1 -v MODEL="VGG16",DATASET="Cifar100",ATTACK="BIM",KIND="ALL",PHASE="generate",OUTPUT_DIR="adversarial_results_ep200_pre200" adversarial_hpc_submit.pbs </dev/null
[2026-09-03 17:58:04] [OK] VGG16/Cifar100/IFGSM/ALL
[2026-09-03 17:58:04] [OK] qsub output: Your job 6455231 ("adversarial_hpc_submit.pbs") has been submitted
[2026-09-03 17:58:04] [SUBMIT] VGG16/Cifar100/BIM/ALL
[2026-09-03 17:58:04] [CMD] qsub -q all.q -l ngpus=1 -v MODEL="VGG16",DATASET="Cifar100",ATTACK="BIM",KIND="ALL",PHASE="generate",OUTPUT_DIR="adversarial_results_ep100_pre300" adversarial_hpc_submit.pbs </dev/null
[2026-09-03 17:58:12] [OK] VGG16/Cifar100/BIM/ALL
[2026-09-03 17:58:12] [OK] qsub output: Your job 6455233 ("adversarial_hpc_submit.pbs") has been submitted
[2026-09-03 17:58:12] [SUBMIT] VGG16/Cifar100/APGD/ALL
[2026-09-03 17:58:12] [CMD] qsub -q all.q -l ngpus=1 -v MODEL="VGG16",DATASET="Cifar100",ATTACK="APGD",KIND="ALL",PHASE="generate",OUTPUT_DIR="adversarial_results_ep200_pre200" adversarial_hpc_submit.pbs </dev/null
[2026-09-03 17:58:13] [OK] VGG16/Cifar100/BIM/ALL
[2026-09-03 17:58:13] [OK] qsub output: Your job 6455234 ("adversarial_hpc_submit.pbs") has been submitted
[2026-09-03 17:58:13] [SUBMIT] VGG16/Cifar100/APGD/ALL
[2026-09-03 17:58:13] [CMD] qsub -q all.q -l ngpus=1 -v MODEL="VGG16",DATASET="Cifar100",ATTACK="APGD",KIND="ALL",PHASE="generate",OUTPUT_DIR="adversarial_results_ep100_pre300" adversarial_hpc_submit.pbs </dev/null
[2026-09-03 17:58:13] [OK] VGG16/Cifar100/IFGSM/ALL
[2026-09-03 17:58:13] [OK] qsub output: Your job 6455232 ("adversarial_hpc_submit.pbs") has been submitted
[2026-09-03 17:58:13] [SUBMIT] VGG16/Cifar100/BIM/ALL
[2026-09-03 17:58:13] [CMD] qsub -q all.q -l ngpus=1 -v MODEL="VGG16",DATASET="Cifar100",ATTACK="BIM",KIND="ALL",PHASE="generate",OUTPUT_DIR="adversarial_results_ep300_pre100" adversarial_hpc_submit.pbs </dev/null
[2026-09-03 17:58:22] [OK] VGG16/Cifar100/APGD/ALL
[2026-09-03 17:58:22] [OK] qsub output: Your job 6455236 ("adversarial_hpc_submit.pbs") has been submitted
[2026-09-03 17:58:23] [SUBMIT] VGG16/Cifar100/CW/ALL
[2026-09-03 17:58:23] [CMD] qsub -q all.q -l ngpus=1 -v MODEL="VGG16",DATASET="Cifar100",ATTACK="CW",KIND="ALL",PHASE="generate",OUTPUT_DIR="adversarial_results_ep200_pre200" adversarial_hpc_submit.pbs </dev/null
[2026-09-03 17:58:28] [OK] VGG16/Cifar100/APGD/ALL
[2026-09-03 17:58:28] [OK] qsub output: Your job 6455237 ("adversarial_hpc_submit.pbs") has been submitted
[2026-09-03 17:58:29] [SUBMIT] VGG16/Cifar100/CW/ALL
[2026-09-03 17:58:29] [CMD] qsub -q all.q -l ngpus=1 -v MODEL="VGG16",DATASET="Cifar100",ATTACK="CW",KIND="ALL",PHASE="generate",OUTPUT_DIR="adversarial_results_ep100_pre300" adversarial_hpc_submit.pbs </dev/null
[2026-09-03 17:58:29] [OK] VGG16/Cifar100/BIM/ALL
[2026-09-03 17:58:29] [OK] qsub output: Your job 6455238 ("adversarial_hpc_submit.pbs") has been submitted
[2026-09-03 17:58:29] [SUBMIT] VGG16/Cifar100/APGD/ALL
[2026-09-03 17:58:29] [CMD] qsub -q all.q -l ngpus=1 -v MODEL="VGG16",DATASET="Cifar100",ATTACK="APGD",KIND="ALL",PHASE="generate",OUTPUT_DIR="adversarial_results_ep300_pre100" adversarial_hpc_submit.pbs </dev/null
[2026-09-03 17:58:37] [OK] VGG16/Cifar100/CW/ALL
[2026-09-03 17:58:37] [OK] qsub output: Your job 6455239 ("adversarial_hpc_submit.pbs") has been submitted
[2026-09-03 17:58:37] [SUBMIT] VGG16/Cifar100/DeepFool/ALL
[2026-09-03 17:58:37] [CMD] qsub -q all.q -l ngpus=1 -v MODEL="VGG16",DATASET="Cifar100",ATTACK="DeepFool",KIND="ALL",PHASE="generate",OUTPUT_DIR="adversarial_results_ep200_pre200" adversarial_hpc_submit.pbs </dev/null
[2026-09-03 17:58:41] [OK] VGG16/Cifar100/CW/ALL
[2026-09-03 17:58:41] [OK] qsub output: Your job 6455241 ("adversarial_hpc_submit.pbs") has been submitted
[2026-09-03 17:58:41] [SUBMIT] VGG16/Cifar100/DeepFool/ALL
[2026-09-03 17:58:41] [CMD] qsub -q all.q -l ngpus=1 -v MODEL="VGG16",DATASET="Cifar100",ATTACK="DeepFool",KIND="ALL",PHASE="generate",OUTPUT_DIR="adversarial_results_ep100_pre300" adversarial_hpc_submit.pbs </dev/null
[2026-09-03 17:58:43] [OK] VGG16/Cifar100/APGD/ALL
[2026-09-03 17:58:43] [OK] qsub output: Your job 6455242 ("adversarial_hpc_submit.pbs") has been submitted
[2026-09-03 17:58:43] [SUBMIT] VGG16/Cifar100/CW/ALL
[2026-09-03 17:58:43] [CMD] qsub -q all.q -l ngpus=1 -v MODEL="VGG16",DATASET="Cifar100",ATTACK="CW",KIND="ALL",PHASE="generate",OUTPUT_DIR="adversarial_results_ep300_pre100" adversarial_hpc_submit.pbs </dev/null
[2026-09-03 17:58:49] [OK] VGG16/Cifar100/DeepFool/ALL
[2026-09-03 17:58:49] [OK] qsub output: Your job 6455245 ("adversarial_hpc_submit.pbs") has been submitted
[2026-09-03 17:58:49] [SUBMIT] RegNetX_400MF/Cifar10/PGD/ALL
[2026-09-03 17:58:49] [CMD] qsub -q all.q -l ngpus=1 -v MODEL="RegNetX_400MF",DATASET="Cifar10",ATTACK="PGD",KIND="ALL",PHASE="generate",OUTPUT_DIR="adversarial_results_ep100_pre300" adversarial_hpc_submit.pbs </dev/null
[2026-09-03 17:58:50] [OK] VGG16/Cifar100/DeepFool/ALL
[2026-09-03 17:58:50] [OK] qsub output: Your job 6455244 ("adversarial_hpc_submit.pbs") has been submitted
[2026-09-03 17:58:50] [SUBMIT] RegNetX_400MF/Cifar10/PGD/ALL
[2026-09-03 17:58:50] [CMD] qsub -q all.q -l ngpus=1 -v MODEL="RegNetX_400MF",DATASET="Cifar10",ATTACK="PGD",KIND="ALL",PHASE="generate",OUTPUT_DIR="adversarial_results_ep200_pre200" adversarial_hpc_submit.pbs </dev/null
[2026-09-03 17:58:51] [OK] VGG16/Cifar100/CW/ALL
[2026-09-03 17:58:51] [OK] qsub output: Your job 6455246 ("adversarial_hpc_submit.pbs") has been submitted
[2026-09-03 17:58:51] [SUBMIT] VGG16/Cifar100/DeepFool/ALL
[2026-09-03 17:58:51] [CMD] qsub -q all.q -l ngpus=1 -v MODEL="VGG16",DATASET="Cifar100",ATTACK="DeepFool",KIND="ALL",PHASE="generate",OUTPUT_DIR="adversarial_results_ep300_pre100" adversarial_hpc_submit.pbs </dev/null
[2026-09-03 17:58:53] [OK] RegNetX_400MF/Cifar10/PGD/ALL
[2026-09-03 17:58:53] [OK] qsub output: Your job 6455248 ("adversarial_hpc_submit.pbs") has been submitted
[2026-09-03 17:58:54] [SUBMIT] RegNetX_400MF/Cifar10/FGSM/ALL
[2026-09-03 17:58:54] [CMD] qsub -q all.q -l ngpus=1 -v MODEL="RegNetX_400MF",DATASET="Cifar10",ATTACK="FGSM",KIND="ALL",PHASE="generate",OUTPUT_DIR="adversarial_results_ep100_pre300" adversarial_hpc_submit.pbs </dev/null
[2026-09-03 17:58:57] [OK] RegNetX_400MF/Cifar10/PGD/ALL
[2026-09-03 17:58:57] [OK] qsub output: Your job 6455249 ("adversarial_hpc_submit.pbs") has been submitted
[2026-09-03 17:58:57] [SUBMIT] RegNetX_400MF/Cifar10/FGSM/ALL
[2026-09-03 17:58:57] [CMD] qsub -q all.q -l ngpus=1 -v MODEL="RegNetX_400MF",DATASET="Cifar10",ATTACK="FGSM",KIND="ALL",PHASE="generate",OUTPUT_DIR="adversarial_results_ep200_pre200" adversarial_hpc_submit.pbs </dev/null
[2026-09-03 17:59:01] [OK] VGG16/Cifar100/DeepFool/ALL
[2026-09-03 17:59:02] [OK] RegNetX_400MF/Cifar10/FGSM/ALL
[2026-09-03 17:59:02] [OK] qsub output: Your job 6455250 ("adversarial_hpc_submit.pbs") has been submitted
[2026-09-03 17:59:02] [OK] qsub output: Your job 6455251 ("adversarial_hpc_submit.pbs") has been submitted
[2026-09-03 17:59:03] [SUBMIT] RegNetX_400MF/Cifar10/PGD/ALL
[2026-09-03 17:59:03] [CMD] qsub -q all.q -l ngpus=1 -v MODEL="RegNetX_400MF",DATASET="Cifar10",ATTACK="PGD",KIND="ALL",PHASE="generate",OUTPUT_DIR="adversarial_results_ep300_pre100" adversarial_hpc_submit.pbs </dev/null
[2026-09-03 17:59:03] [SUBMIT] RegNetX_400MF/Cifar10/IFGSM/ALL
[2026-09-03 17:59:03] [CMD] qsub -q all.q -l ngpus=1 -v MODEL="RegNetX_400MF",DATASET="Cifar10",ATTACK="IFGSM",KIND="ALL",PHASE="generate",OUTPUT_DIR="adversarial_results_ep100_pre300" adversarial_hpc_submit.pbs </dev/null
[2026-09-03 17:59:07] [OK] RegNetX_400MF/Cifar10/PGD/ALL
[2026-09-03 17:59:07] [OK] qsub output: Your job 6455254 ("adversarial_hpc_submit.pbs") has been submitted
[2026-09-03 17:59:07] [SUBMIT] RegNetX_400MF/Cifar10/FGSM/ALL
[2026-09-03 17:59:07] [CMD] qsub -q all.q -l ngpus=1 -v MODEL="RegNetX_400MF",DATASET="Cifar10",ATTACK="FGSM",KIND="ALL",PHASE="generate",OUTPUT_DIR="adversarial_results_ep300_pre100" adversarial_hpc_submit.pbs </dev/null
[2026-09-03 17:59:08] [OK] RegNetX_400MF/Cifar10/FGSM/ALL
[2026-09-03 17:59:08] [OK] qsub output: Your job 6455252 ("adversarial_hpc_submit.pbs") has been submitted
[2026-09-03 17:59:08] [SUBMIT] RegNetX_400MF/Cifar10/IFGSM/ALL
[2026-09-03 17:59:08] [CMD] qsub -q all.q -l ngpus=1 -v MODEL="RegNetX_400MF",DATASET="Cifar10",ATTACK="IFGSM",KIND="ALL",PHASE="generate",OUTPUT_DIR="adversarial_results_ep200_pre200" adversarial_hpc_submit.pbs </dev/null
[2026-09-03 17:59:15] [OK] RegNetX_400MF/Cifar10/IFGSM/ALL
[2026-09-03 17:59:15] [OK] qsub output: Your job 6455255 ("adversarial_hpc_submit.pbs") has been submitted
[2026-09-03 17:59:16] [SUBMIT] RegNetX_400MF/Cifar10/BIM/ALL
[2026-09-03 17:59:16] [CMD] qsub -q all.q -l ngpus=1 -v MODEL="RegNetX_400MF",DATASET="Cifar10",ATTACK="BIM",KIND="ALL",PHASE="generate",OUTPUT_DIR="adversarial_results_ep100_pre300" adversarial_hpc_submit.pbs </dev/null
[2026-09-03 17:59:19] [OK] RegNetX_400MF/Cifar10/FGSM/ALL
[2026-09-03 17:59:19] [OK] qsub output: Your job 6455257 ("adversarial_hpc_submit.pbs") has been submitted
[2026-09-03 17:59:19] [SUBMIT] RegNetX_400MF/Cifar10/IFGSM/ALL
[2026-09-03 17:59:19] [CMD] qsub -q all.q -l ngpus=1 -v MODEL="RegNetX_400MF",DATASET="Cifar10",ATTACK="IFGSM",KIND="ALL",PHASE="generate",OUTPUT_DIR="adversarial_results_ep300_pre100" adversarial_hpc_submit.pbs </dev/null
[2026-09-03 17:59:24] [OK] RegNetX_400MF/Cifar10/IFGSM/ALL
[2026-09-03 17:59:24] [OK] qsub output: Your job 6455258 ("adversarial_hpc_submit.pbs") has been submitted
[2026-09-03 17:59:24] [SUBMIT] RegNetX_400MF/Cifar10/BIM/ALL
[2026-09-03 17:59:25] [CMD] qsub -q all.q -l ngpus=1 -v MODEL="RegNetX_400MF",DATASET="Cifar10",ATTACK="BIM",KIND="ALL",PHASE="generate",OUTPUT_DIR="adversarial_results_ep200_pre200" adversarial_hpc_submit.pbs </dev/null
[2026-09-03 17:59:25] [OK] RegNetX_400MF/Cifar10/BIM/ALL
[2026-09-03 17:59:25] [OK] qsub output: Your job 6455260 ("adversarial_hpc_submit.pbs") has been submitted
[2026-09-03 17:59:26] [SUBMIT] RegNetX_400MF/Cifar10/APGD/ALL
[2026-09-03 17:59:26] [CMD] qsub -q all.q -l ngpus=1 -v MODEL="RegNetX_400MF",DATASET="Cifar10",ATTACK="APGD",KIND="ALL",PHASE="generate",OUTPUT_DIR="adversarial_results_ep100_pre300" adversarial_hpc_submit.pbs </dev/null
[2026-09-03 17:59:28] [OK] RegNetX_400MF/Cifar10/IFGSM/ALL
[2026-09-03 17:59:28] [OK] qsub output: Your job 6455261 ("adversarial_hpc_submit.pbs") has been submitted
[2026-09-03 17:59:29] [SUBMIT] RegNetX_400MF/Cifar10/BIM/ALL
[2026-09-03 17:59:29] [CMD] qsub -q all.q -l ngpus=1 -v MODEL="RegNetX_400MF",DATASET="Cifar10",ATTACK="BIM",KIND="ALL",PHASE="generate",OUTPUT_DIR="adversarial_results_ep300_pre100" adversarial_hpc_submit.pbs </dev/null
[2026-09-03 17:59:31] [OK] RegNetX_400MF/Cifar10/BIM/ALL
[2026-09-03 17:59:31] [OK] qsub output: Your job 6455263 ("adversarial_hpc_submit.pbs") has been submitted
[2026-09-03 17:59:31] [SUBMIT] RegNetX_400MF/Cifar10/APGD/ALL
[2026-09-03 17:59:31] [CMD] qsub -q all.q -l ngpus=1 -v MODEL="RegNetX_400MF",DATASET="Cifar10",ATTACK="APGD",KIND="ALL",PHASE="generate",OUTPUT_DIR="adversarial_results_ep200_pre200" adversarial_hpc_submit.pbs </dev/null
[2026-09-03 17:59:34] [OK] RegNetX_400MF/Cifar10/BIM/ALL
[2026-09-03 17:59:34] [OK] qsub output: Your job 6455265 ("adversarial_hpc_submit.pbs") has been submitted
[2026-09-03 17:59:35] [SUBMIT] RegNetX_400MF/Cifar10/APGD/ALL
[2026-09-03 17:59:36] [CMD] qsub -q all.q -l ngpus=1 -v MODEL="RegNetX_400MF",DATASET="Cifar10",ATTACK="APGD",KIND="ALL",PHASE="generate",OUTPUT_DIR="adversarial_results_ep300_pre100" adversarial_hpc_submit.pbs </dev/null
[2026-09-03 17:59:37] [OK] RegNetX_400MF/Cifar10/APGD/ALL
[2026-09-03 17:59:38] [OK] qsub output: Your job 6455264 ("adversarial_hpc_submit.pbs") has been submitted
[2026-09-03 17:59:39] [SUBMIT] RegNetX_400MF/Cifar10/CW/ALL
[2026-09-03 17:59:39] [CMD] qsub -q all.q -l ngpus=1 -v MODEL="RegNetX_400MF",DATASET="Cifar10",ATTACK="CW",KIND="ALL",PHASE="generate",OUTPUT_DIR="adversarial_results_ep100_pre300" adversarial_hpc_submit.pbs </dev/null
[2026-09-03 17:59:45] [OK] RegNetX_400MF/Cifar10/APGD/ALL
[2026-09-03 17:59:45] [OK] qsub output: Your job 6455267 ("adversarial_hpc_submit.pbs") has been submitted
[2026-09-03 17:59:46] [SUBMIT] RegNetX_400MF/Cifar10/CW/ALL
[2026-09-03 17:59:46] [CMD] qsub -q all.q -l ngpus=1 -v MODEL="RegNetX_400MF",DATASET="Cifar10",ATTACK="CW",KIND="ALL",PHASE="generate",OUTPUT_DIR="adversarial_results_ep200_pre200" adversarial_hpc_submit.pbs </dev/null
[2026-09-03 17:59:48] [OK] RegNetX_400MF/Cifar10/CW/ALL
[2026-09-03 17:59:48] [OK] qsub output: Your job 6455269 ("adversarial_hpc_submit.pbs") has been submitted
[2026-09-03 17:59:48] [SUBMIT] RegNetX_400MF/Cifar10/DeepFool/ALL
[2026-09-03 17:59:49] [CMD] qsub -q all.q -l ngpus=1 -v MODEL="RegNetX_400MF",DATASET="Cifar10",ATTACK="DeepFool",KIND="ALL",PHASE="generate",OUTPUT_DIR="adversarial_results_ep100_pre300" adversarial_hpc_submit.pbs </dev/null
[2026-09-03 17:59:51] [OK] RegNetX_400MF/Cifar10/APGD/ALL
[2026-09-03 17:59:51] [OK] qsub output: Your job 6455268 ("adversarial_hpc_submit.pbs") has been submitted
[2026-09-03 17:59:51] [SUBMIT] RegNetX_400MF/Cifar10/CW/ALL
[2026-09-03 17:59:51] [CMD] qsub -q all.q -l ngpus=1 -v MODEL="RegNetX_400MF",DATASET="Cifar10",ATTACK="CW",KIND="ALL",PHASE="generate",OUTPUT_DIR="adversarial_results_ep300_pre100" adversarial_hpc_submit.pbs </dev/null
[2026-09-03 17:59:52] [OK] RegNetX_400MF/Cifar10/CW/ALL
[2026-09-03 17:59:53] [OK] qsub output: Your job 6455271 ("adversarial_hpc_submit.pbs") has been submitted
[2026-09-03 17:59:53] [SUBMIT] RegNetX_400MF/Cifar10/DeepFool/ALL
[2026-09-03 17:59:53] [CMD] qsub -q all.q -l ngpus=1 -v MODEL="RegNetX_400MF",DATASET="Cifar10",ATTACK="DeepFool",KIND="ALL",PHASE="generate",OUTPUT_DIR="adversarial_results_ep200_pre200" adversarial_hpc_submit.pbs </dev/null
[2026-09-03 18:00:00] [OK] RegNetX_400MF/Cifar10/DeepFool/ALL
[2026-09-03 18:00:00] [OK] qsub output: Your job 6455272 ("adversarial_hpc_submit.pbs") has been submitted
[2026-09-03 18:00:00] [SUBMIT] RegNetX_400MF/Cifar100/PGD/ALL
[2026-09-03 18:00:00] [CMD] qsub -q all.q -l ngpus=1 -v MODEL="RegNetX_400MF",DATASET="Cifar100",ATTACK="PGD",KIND="ALL",PHASE="generate",OUTPUT_DIR="adversarial_results_ep100_pre300" adversarial_hpc_submit.pbs </dev/null
[2026-09-03 18:00:04] [OK] RegNetX_400MF/Cifar10/CW/ALL
[2026-09-03 18:00:04] [OK] qsub output: Your job 6455273 ("adversarial_hpc_submit.pbs") has been submitted
[2026-09-03 18:00:05] [SUBMIT] RegNetX_400MF/Cifar10/DeepFool/ALL
[2026-09-03 18:00:05] [OK] RegNetX_400MF/Cifar100/PGD/ALL
[2026-09-03 18:00:06] [CMD] qsub -q all.q -l ngpus=1 -v MODEL="RegNetX_400MF",DATASET="Cifar10",ATTACK="DeepFool",KIND="ALL",PHASE="generate",OUTPUT_DIR="adversarial_results_ep300_pre100" adversarial_hpc_submit.pbs </dev/null
[2026-09-03 18:00:06] [OK] qsub output: Your job 6455276 ("adversarial_hpc_submit.pbs") has been submitted
[2026-09-03 18:00:07] [SUBMIT] RegNetX_400MF/Cifar100/FGSM/ALL
[2026-09-03 18:00:07] [CMD] qsub -q all.q -l ngpus=1 -v MODEL="RegNetX_400MF",DATASET="Cifar100",ATTACK="FGSM",KIND="ALL",PHASE="generate",OUTPUT_DIR="adversarial_results_ep100_pre300" adversarial_hpc_submit.pbs </dev/null
[2026-09-03 18:00:11] [OK] RegNetX_400MF/Cifar10/DeepFool/ALL
[2026-09-03 18:00:11] [OK] qsub output: Your job 6455275 ("adversarial_hpc_submit.pbs") has been submitted
[2026-09-03 18:00:11] [SUBMIT] RegNetX_400MF/Cifar100/PGD/ALL
[2026-09-03 18:00:11] [CMD] qsub -q all.q -l ngpus=1 -v MODEL="RegNetX_400MF",DATASET="Cifar100",ATTACK="PGD",KIND="ALL",PHASE="generate",OUTPUT_DIR="adversarial_results_ep200_pre200" adversarial_hpc_submit.pbs </dev/null
[2026-09-03 18:00:13] [OK] RegNetX_400MF/Cifar10/DeepFool/ALL
[2026-09-03 18:00:13] [OK] RegNetX_400MF/Cifar100/FGSM/ALL
[2026-09-03 18:00:13] [OK] qsub output: Your job 6455278 ("adversarial_hpc_submit.pbs") has been submitted
[2026-09-03 18:00:13] [OK] qsub output: Your job 6455279 ("adversarial_hpc_submit.pbs") has been submitted
[2026-09-03 18:00:14] [SUBMIT] RegNetX_400MF/Cifar100/PGD/ALL
[2026-09-03 18:00:14] [SUBMIT] RegNetX_400MF/Cifar100/IFGSM/ALL
[2026-09-03 18:00:15] [CMD] qsub -q all.q -l ngpus=1 -v MODEL="RegNetX_400MF",DATASET="Cifar100",ATTACK="PGD",KIND="ALL",PHASE="generate",OUTPUT_DIR="adversarial_results_ep300_pre100" adversarial_hpc_submit.pbs </dev/null
[2026-09-03 18:00:15] [CMD] qsub -q all.q -l ngpus=1 -v MODEL="RegNetX_400MF",DATASET="Cifar100",ATTACK="IFGSM",KIND="ALL",PHASE="generate",OUTPUT_DIR="adversarial_results_ep100_pre300" adversarial_hpc_submit.pbs </dev/null
[2026-09-03 18:00:18] [OK] RegNetX_400MF/Cifar100/PGD/ALL
[2026-09-03 18:00:18] [OK] qsub output: Your job 6455280 ("adversarial_hpc_submit.pbs") has been submitted
[2026-09-03 18:00:18] [SUBMIT] RegNetX_400MF/Cifar100/FGSM/ALL
[2026-09-03 18:00:18] [CMD] qsub -q all.q -l ngpus=1 -v MODEL="RegNetX_400MF",DATASET="Cifar100",ATTACK="FGSM",KIND="ALL",PHASE="generate",OUTPUT_DIR="adversarial_results_ep200_pre200" adversarial_hpc_submit.pbs </dev/null
[2026-09-03 18:00:38] [OK] RegNetX_400MF/Cifar100/PGD/ALL
[2026-09-03 18:00:38] [OK] qsub output: Your job 6455286 ("adversarial_hpc_submit.pbs") has been submitted
[2026-09-03 18:00:38] [SUBMIT] RegNetX_400MF/Cifar100/FGSM/ALL
[2026-09-03 18:00:38] [CMD] qsub -q all.q -l ngpus=1 -v MODEL="RegNetX_400MF",DATASET="Cifar100",ATTACK="FGSM",KIND="ALL",PHASE="generate",OUTPUT_DIR="adversarial_results_ep300_pre100" adversarial_hpc_submit.pbs </dev/null
[2026-09-03 18:00:40] [OK] RegNetX_400MF/Cifar100/IFGSM/ALL
[2026-09-03 18:00:40] [OK] qsub output: Your job 6455287 ("adversarial_hpc_submit.pbs") has been submitted
[2026-09-03 18:00:40] [SUBMIT] RegNetX_400MF/Cifar100/BIM/ALL
[2026-09-03 18:00:40] [CMD] qsub -q all.q -l ngpus=1 -v MODEL="RegNetX_400MF",DATASET="Cifar100",ATTACK="BIM",KIND="ALL",PHASE="generate",OUTPUT_DIR="adversarial_results_ep100_pre300" adversarial_hpc_submit.pbs </dev/null
[2026-09-03 18:00:46] [OK] RegNetX_400MF/Cifar100/FGSM/ALL
[2026-09-03 18:00:46] [OK] qsub output: Your job 6455288 ("adversarial_hpc_submit.pbs") has been submitted
[2026-09-03 18:00:46] [SUBMIT] RegNetX_400MF/Cifar100/IFGSM/ALL
[2026-09-03 18:00:46] [CMD] qsub -q all.q -l ngpus=1 -v MODEL="RegNetX_400MF",DATASET="Cifar100",ATTACK="IFGSM",KIND="ALL",PHASE="generate",OUTPUT_DIR="adversarial_results_ep200_pre200" adversarial_hpc_submit.pbs </dev/null
[2026-09-03 18:00:53] [OK] RegNetX_400MF/Cifar100/FGSM/ALL
[2026-09-03 18:00:53] [OK] qsub output: Your job 6455291 ("adversarial_hpc_submit.pbs") has been submitted
[2026-09-03 18:00:53] [SUBMIT] RegNetX_400MF/Cifar100/IFGSM/ALL
[2026-09-03 18:00:53] [CMD] qsub -q all.q -l ngpus=1 -v MODEL="RegNetX_400MF",DATASET="Cifar100",ATTACK="IFGSM",KIND="ALL",PHASE="generate",OUTPUT_DIR="adversarial_results_ep300_pre100" adversarial_hpc_submit.pbs </dev/null
[2026-09-03 18:01:00] [OK] RegNetX_400MF/Cifar100/BIM/ALL
[2026-09-03 18:01:00] [OK] qsub output: Your job 6455293 ("adversarial_hpc_submit.pbs") has been submitted
[2026-09-03 18:01:00] [SUBMIT] RegNetX_400MF/Cifar100/APGD/ALL
[2026-09-03 18:01:00] [CMD] qsub -q all.q -l ngpus=1 -v MODEL="RegNetX_400MF",DATASET="Cifar100",ATTACK="APGD",KIND="ALL",PHASE="generate",OUTPUT_DIR="adversarial_results_ep100_pre300" adversarial_hpc_submit.pbs </dev/null
[2026-09-03 18:01:05] [OK] RegNetX_400MF/Cifar100/IFGSM/ALL
[2026-09-03 18:01:05] [OK] RegNetX_400MF/Cifar100/IFGSM/ALL
[2026-09-03 18:01:06] [OK] qsub output: Your job 6455295 ("adversarial_hpc_submit.pbs") has been submitted
[2026-09-03 18:01:06] [OK] qsub output: Your job 6455294 ("adversarial_hpc_submit.pbs") has been submitted
[2026-09-03 18:01:06] [SUBMIT] RegNetX_400MF/Cifar100/BIM/ALL
[2026-09-03 18:01:06] [CMD] qsub -q all.q -l ngpus=1 -v MODEL="RegNetX_400MF",DATASET="Cifar100",ATTACK="BIM",KIND="ALL",PHASE="generate",OUTPUT_DIR="adversarial_results_ep300_pre100" adversarial_hpc_submit.pbs </dev/null
[2026-09-03 18:01:06] [SUBMIT] RegNetX_400MF/Cifar100/BIM/ALL
[2026-09-03 18:01:06] [CMD] qsub -q all.q -l ngpus=1 -v MODEL="RegNetX_400MF",DATASET="Cifar100",ATTACK="BIM",KIND="ALL",PHASE="generate",OUTPUT_DIR="adversarial_results_ep200_pre200" adversarial_hpc_submit.pbs </dev/null
[2026-09-03 18:01:08] [OK] RegNetX_400MF/Cifar100/APGD/ALL
[2026-09-03 18:01:08] [OK] qsub output: Your job 6455297 ("adversarial_hpc_submit.pbs") has been submitted
[2026-09-03 18:01:08] [SUBMIT] RegNetX_400MF/Cifar100/CW/ALL
[2026-09-03 18:01:08] [CMD] qsub -q all.q -l ngpus=1 -v MODEL="RegNetX_400MF",DATASET="Cifar100",ATTACK="CW",KIND="ALL",PHASE="generate",OUTPUT_DIR="adversarial_results_ep100_pre300" adversarial_hpc_submit.pbs </dev/null
[2026-09-03 18:01:10] [OK] RegNetX_400MF/Cifar100/BIM/ALL
[2026-09-03 18:01:10] [OK] qsub output: Your job 6455299 ("adversarial_hpc_submit.pbs") has been submitted
[2026-09-03 18:01:10] [SUBMIT] RegNetX_400MF/Cifar100/APGD/ALL
[2026-09-03 18:01:10] [CMD] qsub -q all.q -l ngpus=1 -v MODEL="RegNetX_400MF",DATASET="Cifar100",ATTACK="APGD",KIND="ALL",PHASE="generate",OUTPUT_DIR="adversarial_results_ep200_pre200" adversarial_hpc_submit.pbs </dev/null
[2026-09-03 18:01:11] [OK] RegNetX_400MF/Cifar100/BIM/ALL
[2026-09-03 18:01:11] [OK] qsub output: Your job 6455298 ("adversarial_hpc_submit.pbs") has been submitted
[2026-09-03 18:01:11] [SUBMIT] RegNetX_400MF/Cifar100/APGD/ALL
[2026-09-03 18:01:11] [CMD] qsub -q all.q -l ngpus=1 -v MODEL="RegNetX_400MF",DATASET="Cifar100",ATTACK="APGD",KIND="ALL",PHASE="generate",OUTPUT_DIR="adversarial_results_ep300_pre100" adversarial_hpc_submit.pbs </dev/null
[2026-09-03 18:01:14] [OK] RegNetX_400MF/Cifar100/CW/ALL
[2026-09-03 18:01:14] [OK] qsub output: Your job 6455300 ("adversarial_hpc_submit.pbs") has been submitted
[2026-09-03 18:01:15] [SUBMIT] RegNetX_400MF/Cifar100/DeepFool/ALL
[2026-09-03 18:01:15] [CMD] qsub -q all.q -l ngpus=1 -v MODEL="RegNetX_400MF",DATASET="Cifar100",ATTACK="DeepFool",KIND="ALL",PHASE="generate",OUTPUT_DIR="adversarial_results_ep100_pre300" adversarial_hpc_submit.pbs </dev/null
[2026-09-03 18:01:17] [OK] RegNetX_400MF/Cifar100/APGD/ALL
[2026-09-03 18:01:17] [OK] qsub output: Your job 6455302 ("adversarial_hpc_submit.pbs") has been submitted
[2026-09-03 18:01:17] [SUBMIT] RegNetX_400MF/Cifar100/CW/ALL
[2026-09-03 18:01:17] [CMD] qsub -q all.q -l ngpus=1 -v MODEL="RegNetX_400MF",DATASET="Cifar100",ATTACK="CW",KIND="ALL",PHASE="generate",OUTPUT_DIR="adversarial_results_ep200_pre200" adversarial_hpc_submit.pbs </dev/null
[2026-09-03 18:01:23] [OK] RegNetX_400MF/Cifar100/APGD/ALL
[2026-09-03 18:01:23] [OK] qsub output: Your job 6455303 ("adversarial_hpc_submit.pbs") has been submitted
[2026-09-03 18:01:23] [SUBMIT] RegNetX_400MF/Cifar100/CW/ALL
[2026-09-03 18:01:23] [CMD] qsub -q all.q -l ngpus=1 -v MODEL="RegNetX_400MF",DATASET="Cifar100",ATTACK="CW",KIND="ALL",PHASE="generate",OUTPUT_DIR="adversarial_results_ep300_pre100" adversarial_hpc_submit.pbs </dev/null
[2026-09-03 18:01:26] [OK] RegNetX_400MF/Cifar100/DeepFool/ALL
[2026-09-03 18:01:26] [OK] qsub output: Your job 6455306 ("adversarial_hpc_submit.pbs") has been submitted
[2026-09-03 18:01:26] [SUBMIT] InceptionNet/Cifar10/PGD/ALL
[2026-09-03 18:01:26] [CMD] qsub -q all.q -l ngpus=1 -v MODEL="InceptionNet",DATASET="Cifar10",ATTACK="PGD",KIND="ALL",PHASE="generate",OUTPUT_DIR="adversarial_results_ep100_pre300" adversarial_hpc_submit.pbs </dev/null
[2026-09-03 18:01:32] [OK] RegNetX_400MF/Cifar100/CW/ALL
[2026-09-03 18:01:32] [OK] qsub output: Your job 6455307 ("adversarial_hpc_submit.pbs") has been submitted
[2026-09-03 18:01:32] [SUBMIT] RegNetX_400MF/Cifar100/DeepFool/ALL
[2026-09-03 18:01:32] [CMD] qsub -q all.q -l ngpus=1 -v MODEL="RegNetX_400MF",DATASET="Cifar100",ATTACK="DeepFool",KIND="ALL",PHASE="generate",OUTPUT_DIR="adversarial_results_ep200_pre200" adversarial_hpc_submit.pbs </dev/null
[2026-09-03 18:01:38] [OK] RegNetX_400MF/Cifar100/CW/ALL
[2026-09-03 18:01:38] [OK] qsub output: Your job 6455308 ("adversarial_hpc_submit.pbs") has been submitted
[2026-09-03 18:01:38] [SUBMIT] RegNetX_400MF/Cifar100/DeepFool/ALL
[2026-09-03 18:01:38] [CMD] qsub -q all.q -l ngpus=1 -v MODEL="RegNetX_400MF",DATASET="Cifar100",ATTACK="DeepFool",KIND="ALL",PHASE="generate",OUTPUT_DIR="adversarial_results_ep300_pre100" adversarial_hpc_submit.pbs </dev/null
[2026-09-03 18:01:40] [OK] InceptionNet/Cifar10/PGD/ALL
[2026-09-03 18:01:40] [OK] qsub output: Your job 6455310 ("adversarial_hpc_submit.pbs") has been submitted
[2026-09-03 18:01:40] [SUBMIT] InceptionNet/Cifar10/FGSM/ALL
[2026-09-03 18:01:40] [CMD] qsub -q all.q -l ngpus=1 -v MODEL="InceptionNet",DATASET="Cifar10",ATTACK="FGSM",KIND="ALL",PHASE="generate",OUTPUT_DIR="adversarial_results_ep100_pre300" adversarial_hpc_submit.pbs </dev/null
[2026-09-03 18:01:41] [OK] RegNetX_400MF/Cifar100/DeepFool/ALL
[2026-09-03 18:01:42] [OK] qsub output: Your job 6455311 ("adversarial_hpc_submit.pbs") has been submitted
[2026-09-03 18:01:42] [SUBMIT] InceptionNet/Cifar10/PGD/ALL
[2026-09-03 18:01:42] [CMD] qsub -q all.q -l ngpus=1 -v MODEL="InceptionNet",DATASET="Cifar10",ATTACK="PGD",KIND="ALL",PHASE="generate",OUTPUT_DIR="adversarial_results_ep200_pre200" adversarial_hpc_submit.pbs </dev/null
[2026-09-03 18:01:49] [OK] RegNetX_400MF/Cifar100/DeepFool/ALL
[2026-09-03 18:01:49] [OK] qsub output: Your job 6455313 ("adversarial_hpc_submit.pbs") has been submitted
[2026-09-03 18:01:49] [SUBMIT] InceptionNet/Cifar10/PGD/ALL
[2026-09-03 18:01:49] [CMD] qsub -q all.q -l ngpus=1 -v MODEL="InceptionNet",DATASET="Cifar10",ATTACK="PGD",KIND="ALL",PHASE="generate",OUTPUT_DIR="adversarial_results_ep300_pre100" adversarial_hpc_submit.pbs </dev/null
[2026-09-03 18:01:55] [OK] InceptionNet/Cifar10/FGSM/ALL
[2026-09-03 18:01:56] [OK] qsub output: Your job 6455314 ("adversarial_hpc_submit.pbs") has been submitted
[2026-09-03 18:01:56] [SUBMIT] InceptionNet/Cifar10/IFGSM/ALL
[2026-09-03 18:01:56] [CMD] qsub -q all.q -l ngpus=1 -v MODEL="InceptionNet",DATASET="Cifar10",ATTACK="IFGSM",KIND="ALL",PHASE="generate",OUTPUT_DIR="adversarial_results_ep100_pre300" adversarial_hpc_submit.pbs </dev/null
[2026-09-03 18:01:58] [OK] InceptionNet/Cifar10/PGD/ALL
[2026-09-03 18:01:59] [OK] qsub output: Your job 6455315 ("adversarial_hpc_submit.pbs") has been submitted
[2026-09-03 18:01:59] [SUBMIT] InceptionNet/Cifar10/FGSM/ALL
[2026-09-03 18:01:59] [CMD] qsub -q all.q -l ngpus=1 -v MODEL="InceptionNet",DATASET="Cifar10",ATTACK="FGSM",KIND="ALL",PHASE="generate",OUTPUT_DIR="adversarial_results_ep200_pre200" adversarial_hpc_submit.pbs </dev/null
[2026-09-03 18:02:01] [OK] InceptionNet/Cifar10/PGD/ALL
[2026-09-03 18:02:01] [OK] qsub output: Your job 6455316 ("adversarial_hpc_submit.pbs") has been submitted
[2026-09-03 18:02:01] [SUBMIT] InceptionNet/Cifar10/FGSM/ALL
[2026-09-03 18:02:01] [CMD] qsub -q all.q -l ngpus=1 -v MODEL="InceptionNet",DATASET="Cifar10",ATTACK="FGSM",KIND="ALL",PHASE="generate",OUTPUT_DIR="adversarial_results_ep300_pre100" adversarial_hpc_submit.pbs </dev/null
[2026-09-03 18:02:11] [OK] InceptionNet/Cifar10/IFGSM/ALL
[2026-09-03 18:02:11] [OK] qsub output: Your job 6455319 ("adversarial_hpc_submit.pbs") has been submitted
[2026-09-03 18:02:11] [SUBMIT] InceptionNet/Cifar10/BIM/ALL
[2026-09-03 18:02:11] [CMD] qsub -q all.q -l ngpus=1 -v MODEL="InceptionNet",DATASET="Cifar10",ATTACK="BIM",KIND="ALL",PHASE="generate",OUTPUT_DIR="adversarial_results_ep100_pre300" adversarial_hpc_submit.pbs </dev/null
[2026-09-03 18:02:13] [OK] InceptionNet/Cifar10/FGSM/ALL
[2026-09-03 18:02:13] [OK] qsub output: Your job 6455320 ("adversarial_hpc_submit.pbs") has been submitted
[2026-09-03 18:02:13] [SUBMIT] InceptionNet/Cifar10/IFGSM/ALL
[2026-09-03 18:02:13] [CMD] qsub -q all.q -l ngpus=1 -v MODEL="InceptionNet",DATASET="Cifar10",ATTACK="IFGSM",KIND="ALL",PHASE="generate",OUTPUT_DIR="adversarial_results_ep200_pre200" adversarial_hpc_submit.pbs </dev/null
[2026-09-03 18:02:18] [OK] InceptionNet/Cifar10/FGSM/ALL
[2026-09-03 18:02:18] [OK] qsub output: Your job 6455321 ("adversarial_hpc_submit.pbs") has been submitted
[2026-09-03 18:02:18] [SUBMIT] InceptionNet/Cifar10/IFGSM/ALL
[2026-09-03 18:02:18] [CMD] qsub -q all.q -l ngpus=1 -v MODEL="InceptionNet",DATASET="Cifar10",ATTACK="IFGSM",KIND="ALL",PHASE="generate",OUTPUT_DIR="adversarial_results_ep300_pre100" adversarial_hpc_submit.pbs </dev/null
[2026-09-03 18:02:30] [OK] InceptionNet/Cifar10/BIM/ALL
[2026-09-03 18:02:30] [OK] qsub output: Your job 6455324 ("adversarial_hpc_submit.pbs") has been submitted
[2026-09-03 18:02:30] [OK] InceptionNet/Cifar10/IFGSM/ALL
[2026-09-03 18:02:30] [OK] qsub output: Your job 6455325 ("adversarial_hpc_submit.pbs") has been submitted
[2026-09-03 18:02:30] [SUBMIT] InceptionNet/Cifar10/APGD/ALL
[2026-09-03 18:02:30] [CMD] qsub -q all.q -l ngpus=1 -v MODEL="InceptionNet",DATASET="Cifar10",ATTACK="APGD",KIND="ALL",PHASE="generate",OUTPUT_DIR="adversarial_results_ep100_pre300" adversarial_hpc_submit.pbs </dev/null
[2026-09-03 18:02:31] [SUBMIT] InceptionNet/Cifar10/BIM/ALL
[2026-09-03 18:02:31] [CMD] qsub -q all.q -l ngpus=1 -v MODEL="InceptionNet",DATASET="Cifar10",ATTACK="BIM",KIND="ALL",PHASE="generate",OUTPUT_DIR="adversarial_results_ep200_pre200" adversarial_hpc_submit.pbs </dev/null
[2026-09-03 18:02:38] [OK] InceptionNet/Cifar10/IFGSM/ALL
[2026-09-03 18:02:39] [OK] qsub output: Your job 6455326 ("adversarial_hpc_submit.pbs") has been submitted
[2026-09-03 18:02:39] [SUBMIT] InceptionNet/Cifar10/BIM/ALL
[2026-09-03 18:02:39] [CMD] qsub -q all.q -l ngpus=1 -v MODEL="InceptionNet",DATASET="Cifar10",ATTACK="BIM",KIND="ALL",PHASE="generate",OUTPUT_DIR="adversarial_results_ep300_pre100" adversarial_hpc_submit.pbs </dev/null
[2026-09-03 18:02:47] [OK] InceptionNet/Cifar10/APGD/ALL
[2026-09-03 18:02:48] [OK] qsub output: Your job 6455329 ("adversarial_hpc_submit.pbs") has been submitted
[2026-09-03 18:02:48] [SUBMIT] InceptionNet/Cifar10/CW/ALL
[2026-09-03 18:02:48] [CMD] qsub -q all.q -l ngpus=1 -v MODEL="InceptionNet",DATASET="Cifar10",ATTACK="CW",KIND="ALL",PHASE="generate",OUTPUT_DIR="adversarial_results_ep100_pre300" adversarial_hpc_submit.pbs </dev/null
[2026-09-03 18:02:49] [OK] InceptionNet/Cifar10/BIM/ALL
[2026-09-03 18:02:49] [OK] qsub output: Your job 6455330 ("adversarial_hpc_submit.pbs") has been submitted
[2026-09-03 18:02:49] [SUBMIT] InceptionNet/Cifar10/APGD/ALL
[2026-09-03 18:02:49] [CMD] qsub -q all.q -l ngpus=1 -v MODEL="InceptionNet",DATASET="Cifar10",ATTACK="APGD",KIND="ALL",PHASE="generate",OUTPUT_DIR="adversarial_results_ep200_pre200" adversarial_hpc_submit.pbs </dev/null
[2026-09-03 18:02:52] [OK] InceptionNet/Cifar10/BIM/ALL
[2026-09-03 18:02:55] [OK] qsub output: Your job 6455331 ("adversarial_hpc_submit.pbs") has been submitted
[2026-09-03 18:02:56] [SUBMIT] InceptionNet/Cifar10/APGD/ALL
[2026-09-03 18:02:56] [CMD] qsub -q all.q -l ngpus=1 -v MODEL="InceptionNet",DATASET="Cifar10",ATTACK="APGD",KIND="ALL",PHASE="generate",OUTPUT_DIR="adversarial_results_ep300_pre100" adversarial_hpc_submit.pbs </dev/null
[2026-09-03 18:03:01] [OK] InceptionNet/Cifar10/CW/ALL
[2026-09-03 18:03:05] [OK] qsub output: Your job 6455334 ("adversarial_hpc_submit.pbs") has been submitted
[2026-09-03 18:03:05] [SUBMIT] InceptionNet/Cifar10/DeepFool/ALL
[2026-09-03 18:03:05] [CMD] qsub -q all.q -l ngpus=1 -v MODEL="InceptionNet",DATASET="Cifar10",ATTACK="DeepFool",KIND="ALL",PHASE="generate",OUTPUT_DIR="adversarial_results_ep100_pre300" adversarial_hpc_submit.pbs </dev/null
[2026-09-03 18:03:11] [OK] InceptionNet/Cifar10/APGD/ALL
[2026-09-03 18:03:11] [OK] qsub output: Your job 6455335 ("adversarial_hpc_submit.pbs") has been submitted
[2026-09-03 18:03:12] [SUBMIT] InceptionNet/Cifar10/CW/ALL
[2026-09-03 18:03:12] [CMD] qsub -q all.q -l ngpus=1 -v MODEL="InceptionNet",DATASET="Cifar10",ATTACK="CW",KIND="ALL",PHASE="generate",OUTPUT_DIR="adversarial_results_ep200_pre200" adversarial_hpc_submit.pbs </dev/null
[2026-09-03 18:03:15] [OK] InceptionNet/Cifar10/APGD/ALL
[2026-09-03 18:03:15] [OK] qsub output: Your job 6455338 ("adversarial_hpc_submit.pbs") has been submitted
[2026-09-03 18:03:16] [SUBMIT] InceptionNet/Cifar10/CW/ALL
[2026-09-03 18:03:16] [CMD] qsub -q all.q -l ngpus=1 -v MODEL="InceptionNet",DATASET="Cifar10",ATTACK="CW",KIND="ALL",PHASE="generate",OUTPUT_DIR="adversarial_results_ep300_pre100" adversarial_hpc_submit.pbs </dev/null
[2026-09-03 18:03:19] [OK] InceptionNet/Cifar10/DeepFool/ALL
[2026-09-03 18:03:19] [OK] qsub output: Your job 6455340 ("adversarial_hpc_submit.pbs") has been submitted
[2026-09-03 18:03:19] [SUBMIT] InceptionNet/Cifar100/PGD/ALL
[2026-09-03 18:03:20] [CMD] qsub -q all.q -l ngpus=1 -v MODEL="InceptionNet",DATASET="Cifar100",ATTACK="PGD",KIND="ALL",PHASE="generate",OUTPUT_DIR="adversarial_results_ep100_pre300" adversarial_hpc_submit.pbs </dev/null
[2026-09-03 18:03:29] [OK] InceptionNet/Cifar10/CW/ALL
[2026-09-03 18:03:29] [OK] InceptionNet/Cifar10/CW/ALL
[2026-09-03 18:03:30] [OK] qsub output: Your job 6455344 ("adversarial_hpc_submit.pbs") has been submitted
[2026-09-03 18:03:30] [OK] qsub output: Your job 6455345 ("adversarial_hpc_submit.pbs") has been submitted
[2026-09-03 18:03:30] [SUBMIT] InceptionNet/Cifar10/DeepFool/ALL
[2026-09-03 18:03:30] [SUBMIT] InceptionNet/Cifar10/DeepFool/ALL
[2026-09-03 18:03:30] [CMD] qsub -q all.q -l ngpus=1 -v MODEL="InceptionNet",DATASET="Cifar10",ATTACK="DeepFool",KIND="ALL",PHASE="generate",OUTPUT_DIR="adversarial_results_ep200_pre200" adversarial_hpc_submit.pbs </dev/null
[2026-09-03 18:03:30] [CMD] qsub -q all.q -l ngpus=1 -v MODEL="InceptionNet",DATASET="Cifar10",ATTACK="DeepFool",KIND="ALL",PHASE="generate",OUTPUT_DIR="adversarial_results_ep300_pre100" adversarial_hpc_submit.pbs </dev/null
[2026-09-03 18:03:38] [OK] InceptionNet/Cifar100/PGD/ALL
[2026-09-03 18:03:39] [OK] qsub output: Your job 6455347 ("adversarial_hpc_submit.pbs") has been submitted
[2026-09-03 18:03:39] [SUBMIT] InceptionNet/Cifar100/FGSM/ALL
[2026-09-03 18:03:39] [CMD] qsub -q all.q -l ngpus=1 -v MODEL="InceptionNet",DATASET="Cifar100",ATTACK="FGSM",KIND="ALL",PHASE="generate",OUTPUT_DIR="adversarial_results_ep100_pre300" adversarial_hpc_submit.pbs </dev/null
[2026-09-03 18:03:42] [OK] InceptionNet/Cifar10/DeepFool/ALL
[2026-09-03 18:03:43] [OK] qsub output: Your job 6455349 ("adversarial_hpc_submit.pbs") has been submitted
[2026-09-03 18:03:43] [SUBMIT] InceptionNet/Cifar100/PGD/ALL
[2026-09-03 18:03:43] [CMD] qsub -q all.q -l ngpus=1 -v MODEL="InceptionNet",DATASET="Cifar100",ATTACK="PGD",KIND="ALL",PHASE="generate",OUTPUT_DIR="adversarial_results_ep200_pre200" adversarial_hpc_submit.pbs </dev/null
[2026-09-03 18:03:48] [OK] InceptionNet/Cifar10/DeepFool/ALL
[2026-09-03 18:03:49] [OK] qsub output: Your job 6455348 ("adversarial_hpc_submit.pbs") has been submitted
[2026-09-03 18:03:50] [SUBMIT] InceptionNet/Cifar100/PGD/ALL
[2026-09-03 18:03:50] [CMD] qsub -q all.q -l ngpus=1 -v MODEL="InceptionNet",DATASET="Cifar100",ATTACK="PGD",KIND="ALL",PHASE="generate",OUTPUT_DIR="adversarial_results_ep300_pre100" adversarial_hpc_submit.pbs </dev/null
[2026-09-03 18:03:52] [OK] InceptionNet/Cifar100/FGSM/ALL
[2026-09-03 18:03:52] [OK] qsub output: Your job 6455352 ("adversarial_hpc_submit.pbs") has been submitted
[2026-09-03 18:03:53] [SUBMIT] InceptionNet/Cifar100/IFGSM/ALL
[2026-09-03 18:03:53] [CMD] qsub -q all.q -l ngpus=1 -v MODEL="InceptionNet",DATASET="Cifar100",ATTACK="IFGSM",KIND="ALL",PHASE="generate",OUTPUT_DIR="adversarial_results_ep100_pre300" adversarial_hpc_submit.pbs </dev/null
[2026-09-03 18:03:55] [OK] InceptionNet/Cifar100/PGD/ALL
[2026-09-03 18:03:55] [OK] qsub output: Your job 6455354 ("adversarial_hpc_submit.pbs") has been submitted
[2026-09-03 18:03:56] [SUBMIT] InceptionNet/Cifar100/FGSM/ALL
[2026-09-03 18:03:56] [CMD] qsub -q all.q -l ngpus=1 -v MODEL="InceptionNet",DATASET="Cifar100",ATTACK="FGSM",KIND="ALL",PHASE="generate",OUTPUT_DIR="adversarial_results_ep200_pre200" adversarial_hpc_submit.pbs </dev/null
[2026-09-03 18:04:04] [OK] InceptionNet/Cifar100/PGD/ALL
[2026-09-03 18:04:05] [OK] qsub output: Your job 6455355 ("adversarial_hpc_submit.pbs") has been submitted
[2026-09-03 18:04:05] [SUBMIT] InceptionNet/Cifar100/FGSM/ALL
[2026-09-03 18:04:05] [CMD] qsub -q all.q -l ngpus=1 -v MODEL="InceptionNet",DATASET="Cifar100",ATTACK="FGSM",KIND="ALL",PHASE="generate",OUTPUT_DIR="adversarial_results_ep300_pre100" adversarial_hpc_submit.pbs </dev/null
[2026-09-03 18:04:10] [OK] InceptionNet/Cifar100/IFGSM/ALL
[2026-09-03 18:04:10] [OK] qsub output: Your job 6455356 ("adversarial_hpc_submit.pbs") has been submitted
[2026-09-03 18:04:10] [SUBMIT] InceptionNet/Cifar100/BIM/ALL
[2026-09-03 18:04:10] [CMD] qsub -q all.q -l ngpus=1 -v MODEL="InceptionNet",DATASET="Cifar100",ATTACK="BIM",KIND="ALL",PHASE="generate",OUTPUT_DIR="adversarial_results_ep100_pre300" adversarial_hpc_submit.pbs </dev/null
[2026-09-03 18:04:13] [OK] InceptionNet/Cifar100/FGSM/ALL
[2026-09-03 18:04:14] [OK] qsub output: Your job 6455358 ("adversarial_hpc_submit.pbs") has been submitted
[2026-09-03 18:04:14] [SUBMIT] InceptionNet/Cifar100/IFGSM/ALL
[2026-09-03 18:04:14] [CMD] qsub -q all.q -l ngpus=1 -v MODEL="InceptionNet",DATASET="Cifar100",ATTACK="IFGSM",KIND="ALL",PHASE="generate",OUTPUT_DIR="adversarial_results_ep200_pre200" adversarial_hpc_submit.pbs </dev/null
[2026-09-03 18:04:16] [OK] InceptionNet/Cifar100/FGSM/ALL
[2026-09-03 18:04:17] [OK] qsub output: Your job 6455361 ("adversarial_hpc_submit.pbs") has been submitted
[2026-09-03 18:04:17] [SUBMIT] InceptionNet/Cifar100/IFGSM/ALL
[2026-09-03 18:04:17] [CMD] qsub -q all.q -l ngpus=1 -v MODEL="InceptionNet",DATASET="Cifar100",ATTACK="IFGSM",KIND="ALL",PHASE="generate",OUTPUT_DIR="adversarial_results_ep300_pre100" adversarial_hpc_submit.pbs </dev/null
[2026-09-03 18:04:21] [OK] InceptionNet/Cifar100/BIM/ALL
[2026-09-03 18:04:21] [OK] qsub output: Your job 6455363 ("adversarial_hpc_submit.pbs") has been submitted
[2026-09-03 18:04:21] [SUBMIT] InceptionNet/Cifar100/APGD/ALL
[2026-09-03 18:04:21] [CMD] qsub -q all.q -l ngpus=1 -v MODEL="InceptionNet",DATASET="Cifar100",ATTACK="APGD",KIND="ALL",PHASE="generate",OUTPUT_DIR="adversarial_results_ep100_pre300" adversarial_hpc_submit.pbs </dev/null
[2026-09-03 18:04:30] [OK] InceptionNet/Cifar100/IFGSM/ALL
[2026-09-03 18:04:31] [OK] InceptionNet/Cifar100/IFGSM/ALL
[2026-09-03 18:04:32] [OK] qsub output: Your job 6455364 ("adversarial_hpc_submit.pbs") has been submitted
[2026-09-03 18:04:32] [OK] qsub output: Your job 6455365 ("adversarial_hpc_submit.pbs") has been submitted
[2026-09-03 18:04:33] [SUBMIT] InceptionNet/Cifar100/BIM/ALL
[2026-09-03 18:04:33] [SUBMIT] InceptionNet/Cifar100/BIM/ALL
[2026-09-03 18:04:33] [CMD] qsub -q all.q -l ngpus=1 -v MODEL="InceptionNet",DATASET="Cifar100",ATTACK="BIM",KIND="ALL",PHASE="generate",OUTPUT_DIR="adversarial_results_ep200_pre200" adversarial_hpc_submit.pbs </dev/null
[2026-09-03 18:04:33] [CMD] qsub -q all.q -l ngpus=1 -v MODEL="InceptionNet",DATASET="Cifar100",ATTACK="BIM",KIND="ALL",PHASE="generate",OUTPUT_DIR="adversarial_results_ep300_pre100" adversarial_hpc_submit.pbs </dev/null
[2026-09-03 18:04:40] [OK] InceptionNet/Cifar100/APGD/ALL
[2026-09-03 18:04:42] [OK] qsub output: Your job 6455366 ("adversarial_hpc_submit.pbs") has been submitted
[2026-09-03 18:04:42] [SUBMIT] InceptionNet/Cifar100/CW/ALL
[2026-09-03 18:04:42] [CMD] qsub -q all.q -l ngpus=1 -v MODEL="InceptionNet",DATASET="Cifar100",ATTACK="CW",KIND="ALL",PHASE="generate",OUTPUT_DIR="adversarial_results_ep100_pre300" adversarial_hpc_submit.pbs </dev/null
[2026-09-03 18:04:46] [OK] InceptionNet/Cifar100/BIM/ALL
[2026-09-03 18:04:46] [OK] qsub output: Your job 6455369 ("adversarial_hpc_submit.pbs") has been submitted
[2026-09-03 18:04:46] [SUBMIT] InceptionNet/Cifar100/APGD/ALL
[2026-09-03 18:04:46] [CMD] qsub -q all.q -l ngpus=1 -v MODEL="InceptionNet",DATASET="Cifar100",ATTACK="APGD",KIND="ALL",PHASE="generate",OUTPUT_DIR="adversarial_results_ep200_pre200" adversarial_hpc_submit.pbs </dev/null
[2026-09-03 18:04:49] [OK] InceptionNet/Cifar100/CW/ALL
[2026-09-03 18:04:50] [OK] qsub output: Your job 6455372 ("adversarial_hpc_submit.pbs") has been submitted
[2026-09-03 18:04:50] [SUBMIT] InceptionNet/Cifar100/DeepFool/ALL
[2026-09-03 18:04:50] [OK] InceptionNet/Cifar100/APGD/ALL
[2026-09-03 18:04:50] [CMD] qsub -q all.q -l ngpus=1 -v MODEL="InceptionNet",DATASET="Cifar100",ATTACK="DeepFool",KIND="ALL",PHASE="generate",OUTPUT_DIR="adversarial_results_ep100_pre300" adversarial_hpc_submit.pbs </dev/null
[2026-09-03 18:04:50] [OK] qsub output: Your job 6455373 ("adversarial_hpc_submit.pbs") has been submitted
[2026-09-03 18:04:50] [SUBMIT] InceptionNet/Cifar100/CW/ALL
[2026-09-03 18:04:50] [CMD] qsub -q all.q -l ngpus=1 -v MODEL="InceptionNet",DATASET="Cifar100",ATTACK="CW",KIND="ALL",PHASE="generate",OUTPUT_DIR="adversarial_results_ep200_pre200" adversarial_hpc_submit.pbs </dev/null
[2026-09-03 18:04:51] [OK] InceptionNet/Cifar100/BIM/ALL
[2026-09-03 18:04:51] [OK] qsub output: Your job 6455370 ("adversarial_hpc_submit.pbs") has been submitted
[2026-09-03 18:04:51] [SUBMIT] InceptionNet/Cifar100/APGD/ALL
[2026-09-03 18:04:51] [CMD] qsub -q all.q -l ngpus=1 -v MODEL="InceptionNet",DATASET="Cifar100",ATTACK="APGD",KIND="ALL",PHASE="generate",OUTPUT_DIR="adversarial_results_ep300_pre100" adversarial_hpc_submit.pbs </dev/null
[2026-09-03 18:05:04] [OK] InceptionNet/Cifar100/DeepFool/ALL
[2026-09-03 18:05:05] [OK] qsub output: Your job 6455377 ("adversarial_hpc_submit.pbs") has been submitted
[2026-09-03 18:05:06] [OK] InceptionNet/Cifar100/APGD/ALL
[2026-09-03 18:05:07] [SUBMIT] MobileNet/Cifar10/PGD/ALL
[2026-09-03 18:05:07] [OK] qsub output: Your job 6455379 ("adversarial_hpc_submit.pbs") has been submitted
[2026-09-03 18:05:07] [CMD] qsub -q all.q -l ngpus=1 -v MODEL="MobileNet",DATASET="Cifar10",ATTACK="PGD",KIND="ALL",PHASE="generate",OUTPUT_DIR="adversarial_results_ep100_pre300" adversarial_hpc_submit.pbs </dev/null
[2026-09-03 18:05:08] [SUBMIT] InceptionNet/Cifar100/CW/ALL
[2026-09-03 18:05:08] [CMD] qsub -q all.q -l ngpus=1 -v MODEL="InceptionNet",DATASET="Cifar100",ATTACK="CW",KIND="ALL",PHASE="generate",OUTPUT_DIR="adversarial_results_ep300_pre100" adversarial_hpc_submit.pbs </dev/null
[2026-09-03 18:05:10] [OK] InceptionNet/Cifar100/CW/ALL
[2026-09-03 18:05:10] [OK] qsub output: Your job 6455378 ("adversarial_hpc_submit.pbs") has been submitted
[2026-09-03 18:05:10] [SUBMIT] InceptionNet/Cifar100/DeepFool/ALL
[2026-09-03 18:05:11] [CMD] qsub -q all.q -l ngpus=1 -v MODEL="InceptionNet",DATASET="Cifar100",ATTACK="DeepFool",KIND="ALL",PHASE="generate",OUTPUT_DIR="adversarial_results_ep200_pre200" adversarial_hpc_submit.pbs </dev/null
[2026-09-03 18:05:21] [OK] MobileNet/Cifar10/PGD/ALL
[2026-09-03 18:05:22] [OK] qsub output: Your job 6455382 ("adversarial_hpc_submit.pbs") has been submitted
[2026-09-03 18:05:22] [SUBMIT] MobileNet/Cifar10/FGSM/ALL
[2026-09-03 18:05:22] [CMD] qsub -q all.q -l ngpus=1 -v MODEL="MobileNet",DATASET="Cifar10",ATTACK="FGSM",KIND="ALL",PHASE="generate",OUTPUT_DIR="adversarial_results_ep100_pre300" adversarial_hpc_submit.pbs </dev/null
[2026-09-03 18:05:23] [OK] InceptionNet/Cifar100/DeepFool/ALL
[2026-09-03 18:05:23] [OK] qsub output: Your job 6455384 ("adversarial_hpc_submit.pbs") has been submitted
[2026-09-03 18:05:24] [SUBMIT] MobileNet/Cifar10/PGD/ALL
[2026-09-03 18:05:24] [CMD] qsub -q all.q -l ngpus=1 -v MODEL="MobileNet",DATASET="Cifar10",ATTACK="PGD",KIND="ALL",PHASE="generate",OUTPUT_DIR="adversarial_results_ep200_pre200" adversarial_hpc_submit.pbs </dev/null
[2026-09-03 18:05:26] [OK] InceptionNet/Cifar100/CW/ALL
[2026-09-03 18:05:28] [OK] qsub output: Your job 6455383 ("adversarial_hpc_submit.pbs") has been submitted
[2026-09-03 18:05:28] [SUBMIT] InceptionNet/Cifar100/DeepFool/ALL
[2026-09-03 18:05:28] [CMD] qsub -q all.q -l ngpus=1 -v MODEL="InceptionNet",DATASET="Cifar100",ATTACK="DeepFool",KIND="ALL",PHASE="generate",OUTPUT_DIR="adversarial_results_ep300_pre100" adversarial_hpc_submit.pbs </dev/null
[2026-09-03 18:05:29] [OK] MobileNet/Cifar10/FGSM/ALL
[2026-09-03 18:05:29] [OK] qsub output: Your job 6455386 ("adversarial_hpc_submit.pbs") has been submitted
[2026-09-03 18:05:29] [SUBMIT] MobileNet/Cifar10/IFGSM/ALL
[2026-09-03 18:05:29] [CMD] qsub -q all.q -l ngpus=1 -v MODEL="MobileNet",DATASET="Cifar10",ATTACK="IFGSM",KIND="ALL",PHASE="generate",OUTPUT_DIR="adversarial_results_ep100_pre300" adversarial_hpc_submit.pbs </dev/null
[2026-09-03 18:05:33] [OK] MobileNet/Cifar10/PGD/ALL
[2026-09-03 18:05:34] [OK] qsub output: Your job 6455387 ("adversarial_hpc_submit.pbs") has been submitted
[2026-09-03 18:05:34] [SUBMIT] MobileNet/Cifar10/FGSM/ALL
[2026-09-03 18:05:34] [CMD] qsub -q all.q -l ngpus=1 -v MODEL="MobileNet",DATASET="Cifar10",ATTACK="FGSM",KIND="ALL",PHASE="generate",OUTPUT_DIR="adversarial_results_ep200_pre200" adversarial_hpc_submit.pbs </dev/null
[2026-09-03 18:05:39] [OK] InceptionNet/Cifar100/DeepFool/ALL
[2026-09-03 18:05:39] [OK] qsub output: Your job 6455388 ("adversarial_hpc_submit.pbs") has been submitted
[2026-09-03 18:05:39] [SUBMIT] MobileNet/Cifar10/PGD/ALL
[2026-09-03 18:05:39] [CMD] qsub -q all.q -l ngpus=1 -v MODEL="MobileNet",DATASET="Cifar10",ATTACK="PGD",KIND="ALL",PHASE="generate",OUTPUT_DIR="adversarial_results_ep300_pre100" adversarial_hpc_submit.pbs </dev/null
[2026-09-03 18:05:40] [OK] MobileNet/Cifar10/IFGSM/ALL
[2026-09-03 18:05:40] [OK] qsub output: Your job 6455389 ("adversarial_hpc_submit.pbs") has been submitted
[2026-09-03 18:05:40] [SUBMIT] MobileNet/Cifar10/BIM/ALL
[2026-09-03 18:05:40] [CMD] qsub -q all.q -l ngpus=1 -v MODEL="MobileNet",DATASET="Cifar10",ATTACK="BIM",KIND="ALL",PHASE="generate",OUTPUT_DIR="adversarial_results_ep100_pre300" adversarial_hpc_submit.pbs </dev/null
[2026-09-03 18:05:45] [OK] MobileNet/Cifar10/FGSM/ALL
[2026-09-03 18:05:46] [OK] qsub output: Your job 6455391 ("adversarial_hpc_submit.pbs") has been submitted
[2026-09-03 18:05:46] [SUBMIT] MobileNet/Cifar10/IFGSM/ALL
[2026-09-03 18:05:46] [CMD] qsub -q all.q -l ngpus=1 -v MODEL="MobileNet",DATASET="Cifar10",ATTACK="IFGSM",KIND="ALL",PHASE="generate",OUTPUT_DIR="adversarial_results_ep200_pre200" adversarial_hpc_submit.pbs </dev/null
[2026-09-03 18:05:52] [OK] MobileNet/Cifar10/PGD/ALL
[2026-09-03 18:05:52] [OK] qsub output: Your job 6455392 ("adversarial_hpc_submit.pbs") has been submitted
[2026-09-03 18:05:52] [SUBMIT] MobileNet/Cifar10/FGSM/ALL
[2026-09-03 18:05:52] [CMD] qsub -q all.q -l ngpus=1 -v MODEL="MobileNet",DATASET="Cifar10",ATTACK="FGSM",KIND="ALL",PHASE="generate",OUTPUT_DIR="adversarial_results_ep300_pre100" adversarial_hpc_submit.pbs </dev/null
[2026-09-03 18:05:54] [OK] MobileNet/Cifar10/BIM/ALL
[2026-09-03 18:05:57] [OK] qsub output: Your job 6455393 ("adversarial_hpc_submit.pbs") has been submitted
[2026-09-03 18:06:01] [SUBMIT] MobileNet/Cifar10/APGD/ALL
[2026-09-03 18:06:01] [CMD] qsub -q all.q -l ngpus=1 -v MODEL="MobileNet",DATASET="Cifar10",ATTACK="APGD",KIND="ALL",PHASE="generate",OUTPUT_DIR="adversarial_results_ep100_pre300" adversarial_hpc_submit.pbs </dev/null
[2026-09-03 18:06:04] [OK] MobileNet/Cifar10/IFGSM/ALL
[2026-09-03 18:06:04] [OK] qsub output: Your job 6455395 ("adversarial_hpc_submit.pbs") has been submitted
[2026-09-03 18:06:04] [SUBMIT] MobileNet/Cifar10/BIM/ALL
[2026-09-03 18:06:04] [CMD] qsub -q all.q -l ngpus=1 -v MODEL="MobileNet",DATASET="Cifar10",ATTACK="BIM",KIND="ALL",PHASE="generate",OUTPUT_DIR="adversarial_results_ep200_pre200" adversarial_hpc_submit.pbs </dev/null
[2026-09-03 18:06:10] [OK] MobileNet/Cifar10/APGD/ALL
[2026-09-03 18:06:10] [OK] MobileNet/Cifar10/FGSM/ALL
[2026-09-03 18:06:12] [OK] qsub output: Your job 6455397 ("adversarial_hpc_submit.pbs") has been submitted
[2026-09-03 18:06:13] [OK] qsub output: Your job 6455396 ("adversarial_hpc_submit.pbs") has been submitted
[2026-09-03 18:06:13] [SUBMIT] MobileNet/Cifar10/CW/ALL
[2026-09-03 18:06:13] [CMD] qsub -q all.q -l ngpus=1 -v MODEL="MobileNet",DATASET="Cifar10",ATTACK="CW",KIND="ALL",PHASE="generate",OUTPUT_DIR="adversarial_results_ep100_pre300" adversarial_hpc_submit.pbs </dev/null
[2026-09-03 18:06:13] [SUBMIT] MobileNet/Cifar10/IFGSM/ALL
[2026-09-03 18:06:13] [CMD] qsub -q all.q -l ngpus=1 -v MODEL="MobileNet",DATASET="Cifar10",ATTACK="IFGSM",KIND="ALL",PHASE="generate",OUTPUT_DIR="adversarial_results_ep300_pre100" adversarial_hpc_submit.pbs </dev/null
[2026-09-03 18:06:13] [OK] MobileNet/Cifar10/BIM/ALL
[2026-09-03 18:06:13] [OK] qsub output: Your job 6455399 ("adversarial_hpc_submit.pbs") has been submitted
[2026-09-03 18:06:13] [SUBMIT] MobileNet/Cifar10/APGD/ALL
[2026-09-03 18:06:13] [CMD] qsub -q all.q -l ngpus=1 -v MODEL="MobileNet",DATASET="Cifar10",ATTACK="APGD",KIND="ALL",PHASE="generate",OUTPUT_DIR="adversarial_results_ep200_pre200" adversarial_hpc_submit.pbs </dev/null
[2026-09-03 18:06:23] [OK] MobileNet/Cifar10/CW/ALL
[2026-09-03 18:06:23] [OK] qsub output: Your job 6455402 ("adversarial_hpc_submit.pbs") has been submitted
[2026-09-03 18:06:23] [SUBMIT] MobileNet/Cifar10/DeepFool/ALL
[2026-09-03 18:06:23] [CMD] qsub -q all.q -l ngpus=1 -v MODEL="MobileNet",DATASET="Cifar10",ATTACK="DeepFool",KIND="ALL",PHASE="generate",OUTPUT_DIR="adversarial_results_ep100_pre300" adversarial_hpc_submit.pbs </dev/null
[2026-09-03 18:06:31] [OK] MobileNet/Cifar10/IFGSM/ALL
[2026-09-03 18:06:32] [OK] qsub output: Your job 6455403 ("adversarial_hpc_submit.pbs") has been submitted
[2026-09-03 18:06:33] [SUBMIT] MobileNet/Cifar10/BIM/ALL
[2026-09-03 18:06:33] [CMD] qsub -q all.q -l ngpus=1 -v MODEL="MobileNet",DATASET="Cifar10",ATTACK="BIM",KIND="ALL",PHASE="generate",OUTPUT_DIR="adversarial_results_ep300_pre100" adversarial_hpc_submit.pbs </dev/null
[2026-09-03 18:06:34] [OK] MobileNet/Cifar10/APGD/ALL
[2026-09-03 18:06:34] [OK] qsub output: Your job 6455404 ("adversarial_hpc_submit.pbs") has been submitted
[2026-09-03 18:06:34] [SUBMIT] MobileNet/Cifar10/CW/ALL
[2026-09-03 18:06:34] [CMD] qsub -q all.q -l ngpus=1 -v MODEL="MobileNet",DATASET="Cifar10",ATTACK="CW",KIND="ALL",PHASE="generate",OUTPUT_DIR="adversarial_results_ep200_pre200" adversarial_hpc_submit.pbs </dev/null
[2026-09-03 18:06:41] [OK] MobileNet/Cifar10/DeepFool/ALL
[2026-09-03 18:06:43] [OK] MobileNet/Cifar10/BIM/ALL
[2026-09-03 18:06:43] [OK] qsub output: Your job 6455408 ("adversarial_hpc_submit.pbs") has been submitted
[2026-09-03 18:06:44] [OK] qsub output: Your job 6455409 ("adversarial_hpc_submit.pbs") has been submitted
[2026-09-03 18:06:45] [SUBMIT] MobileNet/Cifar100/PGD/ALL
[2026-09-03 18:06:45] [CMD] qsub -q all.q -l ngpus=1 -v MODEL="MobileNet",DATASET="Cifar100",ATTACK="PGD",KIND="ALL",PHASE="generate",OUTPUT_DIR="adversarial_results_ep100_pre300" adversarial_hpc_submit.pbs </dev/null
[2026-09-03 18:06:45] [SUBMIT] MobileNet/Cifar10/APGD/ALL
[2026-09-03 18:06:45] [CMD] qsub -q all.q -l ngpus=1 -v MODEL="MobileNet",DATASET="Cifar10",ATTACK="APGD",KIND="ALL",PHASE="generate",OUTPUT_DIR="adversarial_results_ep300_pre100" adversarial_hpc_submit.pbs </dev/null
[2026-09-03 18:06:47] [OK] MobileNet/Cifar10/CW/ALL
[2026-09-03 18:06:57] [OK] MobileNet/Cifar10/APGD/ALL
[2026-09-03 18:06:57] [OK] MobileNet/Cifar100/PGD/ALL
[2026-09-03 18:07:01] [OK] qsub output: Your job 6455410 ("adversarial_hpc_submit.pbs") has been submitted
[2026-09-03 18:07:02] [OK] qsub output: Your job 6455413 ("adversarial_hpc_submit.pbs") has been submitted
[2026-09-03 18:07:02] [OK] qsub output: Your job 6455414 ("adversarial_hpc_submit.pbs") has been submitted
[2026-09-03 18:07:02] [SUBMIT] MobileNet/Cifar10/DeepFool/ALL
[2026-09-03 18:07:02] [SUBMIT] MobileNet/Cifar10/CW/ALL
[2026-09-03 18:07:02] [SUBMIT] MobileNet/Cifar100/FGSM/ALL
[2026-09-03 18:07:02] [CMD] qsub -q all.q -l ngpus=1 -v MODEL="MobileNet",DATASET="Cifar10",ATTACK="DeepFool",KIND="ALL",PHASE="generate",OUTPUT_DIR="adversarial_results_ep200_pre200" adversarial_hpc_submit.pbs </dev/null
[2026-09-03 18:07:02] [CMD] qsub -q all.q -l ngpus=1 -v MODEL="MobileNet",DATASET="Cifar10",ATTACK="CW",KIND="ALL",PHASE="generate",OUTPUT_DIR="adversarial_results_ep300_pre100" adversarial_hpc_submit.pbs </dev/null
[2026-09-03 18:07:02] [CMD] qsub -q all.q -l ngpus=1 -v MODEL="MobileNet",DATASET="Cifar100",ATTACK="FGSM",KIND="ALL",PHASE="generate",OUTPUT_DIR="adversarial_results_ep100_pre300" adversarial_hpc_submit.pbs </dev/null
[2026-09-03 18:07:05] [OK] MobileNet/Cifar10/DeepFool/ALL
[2026-09-03 18:07:06] [OK] MobileNet/Cifar100/FGSM/ALL
[2026-09-03 18:07:11] [OK] MobileNet/Cifar10/CW/ALL
[2026-09-03 18:07:13] [OK] qsub output: Your job 6455417 ("adversarial_hpc_submit.pbs") has been submitted
[2026-09-03 18:07:20] [OK] qsub output: Your job 6455418 ("adversarial_hpc_submit.pbs") has been submitted
[2026-09-03 18:07:21] [OK] qsub output: Your job 6455419 ("adversarial_hpc_submit.pbs") has been submitted
[2026-09-03 18:07:22] [SUBMIT] MobileNet/Cifar100/PGD/ALL
[2026-09-03 18:07:22] [SUBMIT] MobileNet/Cifar100/IFGSM/ALL
[2026-09-03 18:07:22] [SUBMIT] MobileNet/Cifar10/DeepFool/ALL
[2026-09-03 18:07:22] [CMD] qsub -q all.q -l ngpus=1 -v MODEL="MobileNet",DATASET="Cifar100",ATTACK="PGD",KIND="ALL",PHASE="generate",OUTPUT_DIR="adversarial_results_ep200_pre200" adversarial_hpc_submit.pbs </dev/null
[2026-09-03 18:07:23] [CMD] qsub -q all.q -l ngpus=1 -v MODEL="MobileNet",DATASET="Cifar100",ATTACK="IFGSM",KIND="ALL",PHASE="generate",OUTPUT_DIR="adversarial_results_ep100_pre300" adversarial_hpc_submit.pbs </dev/null
[2026-09-03 18:07:33] [CMD] qsub -q all.q -l ngpus=1 -v MODEL="MobileNet",DATASET="Cifar10",ATTACK="DeepFool",KIND="ALL",PHASE="generate",OUTPUT_DIR="adversarial_results_ep300_pre100" adversarial_hpc_submit.pbs </dev/null
[2026-09-03 18:07:44] [OK] MobileNet/Cifar100/PGD/ALL
[2026-09-03 18:07:47] [OK] MobileNet/Cifar10/DeepFool/ALL
[2026-09-03 18:07:47] [OK] qsub output: Your job 6455426 ("adversarial_hpc_submit.pbs") has been submitted
[2026-09-03 18:07:50] [OK] qsub output: Your job 6455427 ("adversarial_hpc_submit.pbs") has been submitted
[2026-09-03 18:07:50] [OK] MobileNet/Cifar100/IFGSM/ALL
[2026-09-03 18:07:50] [SUBMIT] MobileNet/Cifar100/FGSM/ALL
[2026-09-03 18:07:51] [SUBMIT] MobileNet/Cifar100/PGD/ALL
[2026-09-03 18:07:52] [OK] qsub output: Your job 6455428 ("adversarial_hpc_submit.pbs") has been submitted
[2026-09-03 18:07:52] [CMD] qsub -q all.q -l ngpus=1 -v MODEL="MobileNet",DATASET="Cifar100",ATTACK="FGSM",KIND="ALL",PHASE="generate",OUTPUT_DIR="adversarial_results_ep200_pre200" adversarial_hpc_submit.pbs </dev/null
[2026-09-03 18:07:54] [CMD] qsub -q all.q -l ngpus=1 -v MODEL="MobileNet",DATASET="Cifar100",ATTACK="PGD",KIND="ALL",PHASE="generate",OUTPUT_DIR="adversarial_results_ep300_pre100" adversarial_hpc_submit.pbs </dev/null
[2026-09-03 18:07:54] [SUBMIT] MobileNet/Cifar100/BIM/ALL
[2026-09-03 18:07:55] [CMD] qsub -q all.q -l ngpus=1 -v MODEL="MobileNet",DATASET="Cifar100",ATTACK="BIM",KIND="ALL",PHASE="generate",OUTPUT_DIR="adversarial_results_ep100_pre300" adversarial_hpc_submit.pbs </dev/null
[2026-09-03 18:08:02] [OK] MobileNet/Cifar100/FGSM/ALL
[2026-09-03 18:08:03] [OK] qsub output: Your job 6455430 ("adversarial_hpc_submit.pbs") has been submitted
[2026-09-03 18:08:03] [SUBMIT] MobileNet/Cifar100/IFGSM/ALL
[2026-09-03 18:08:05] [CMD] qsub -q all.q -l ngpus=1 -v MODEL="MobileNet",DATASET="Cifar100",ATTACK="IFGSM",KIND="ALL",PHASE="generate",OUTPUT_DIR="adversarial_results_ep200_pre200" adversarial_hpc_submit.pbs </dev/null
[2026-09-03 18:08:08] [OK] MobileNet/Cifar100/PGD/ALL
[2026-09-03 18:08:08] [OK] MobileNet/Cifar100/BIM/ALL
[2026-09-03 18:08:09] [OK] qsub output: Your job 6455431 ("adversarial_hpc_submit.pbs") has been submitted
[2026-09-03 18:08:10] [OK] qsub output: Your job 6455432 ("adversarial_hpc_submit.pbs") has been submitted
[2026-09-03 18:08:10] [SUBMIT] MobileNet/Cifar100/FGSM/ALL
[2026-09-03 18:08:10] [CMD] qsub -q all.q -l ngpus=1 -v MODEL="MobileNet",DATASET="Cifar100",ATTACK="FGSM",KIND="ALL",PHASE="generate",OUTPUT_DIR="adversarial_results_ep300_pre100" adversarial_hpc_submit.pbs </dev/null
[2026-09-03 18:08:10] [SUBMIT] MobileNet/Cifar100/APGD/ALL
[2026-09-03 18:08:10] [CMD] qsub -q all.q -l ngpus=1 -v MODEL="MobileNet",DATASET="Cifar100",ATTACK="APGD",KIND="ALL",PHASE="generate",OUTPUT_DIR="adversarial_results_ep100_pre300" adversarial_hpc_submit.pbs </dev/null
[2026-09-03 18:08:21] [OK] MobileNet/Cifar100/FGSM/ALL
[2026-09-03 18:08:22] [OK] MobileNet/Cifar100/IFGSM/ALL
[2026-09-03 18:08:24] [OK] qsub output: Your job 6455436 ("adversarial_hpc_submit.pbs") has been submitted
[2026-09-03 18:08:25] [OK] qsub output: Your job 6455435 ("adversarial_hpc_submit.pbs") has been submitted
[2026-09-03 18:08:26] [SUBMIT] MobileNet/Cifar100/IFGSM/ALL
[2026-09-03 18:08:30] [OK] MobileNet/Cifar100/APGD/ALL
[2026-09-03 18:08:31] [SUBMIT] MobileNet/Cifar100/BIM/ALL
[2026-09-03 18:08:39] [CMD] qsub -q all.q -l ngpus=1 -v MODEL="MobileNet",DATASET="Cifar100",ATTACK="IFGSM",KIND="ALL",PHASE="generate",OUTPUT_DIR="adversarial_results_ep300_pre100" adversarial_hpc_submit.pbs </dev/null
[2026-09-03 18:08:43] [OK] qsub output: Your job 6455437 ("adversarial_hpc_submit.pbs") has been submitted
[2026-09-03 18:08:43] [CMD] qsub -q all.q -l ngpus=1 -v MODEL="MobileNet",DATASET="Cifar100",ATTACK="BIM",KIND="ALL",PHASE="generate",OUTPUT_DIR="adversarial_results_ep200_pre200" adversarial_hpc_submit.pbs </dev/null
[2026-09-03 18:08:43] [SUBMIT] MobileNet/Cifar100/CW/ALL
[2026-09-03 18:08:43] [CMD] qsub -q all.q -l ngpus=1 -v MODEL="MobileNet",DATASET="Cifar100",ATTACK="CW",KIND="ALL",PHASE="generate",OUTPUT_DIR="adversarial_results_ep100_pre300" adversarial_hpc_submit.pbs </dev/null
[2026-09-03 18:08:46] [OK] MobileNet/Cifar100/IFGSM/ALL
[2026-09-03 18:08:49] [OK] MobileNet/Cifar100/BIM/ALL
[2026-09-03 18:08:51] [OK] MobileNet/Cifar100/CW/ALL
[2026-09-03 18:09:03] [OK] qsub output: Your job 6455442 ("adversarial_hpc_submit.pbs") has been submitted
[2026-09-03 18:09:08] [OK] qsub output: Your job 6455443 ("adversarial_hpc_submit.pbs") has been submitted
[2026-09-03 18:09:08] [OK] qsub output: Your job 6455444 ("adversarial_hpc_submit.pbs") has been submitted
[2026-09-03 18:09:08] [SUBMIT] MobileNet/Cifar100/BIM/ALL
[2026-09-03 18:09:08] [CMD] qsub -q all.q -l ngpus=1 -v MODEL="MobileNet",DATASET="Cifar100",ATTACK="BIM",KIND="ALL",PHASE="generate",OUTPUT_DIR="adversarial_results_ep300_pre100" adversarial_hpc_submit.pbs </dev/null
[2026-09-03 18:09:08] [SUBMIT] MobileNet/Cifar100/APGD/ALL
[2026-09-03 18:09:08] [CMD] qsub -q all.q -l ngpus=1 -v MODEL="MobileNet",DATASET="Cifar100",ATTACK="APGD",KIND="ALL",PHASE="generate",OUTPUT_DIR="adversarial_results_ep200_pre200" adversarial_hpc_submit.pbs </dev/null
[2026-09-03 18:09:08] [SUBMIT] MobileNet/Cifar100/DeepFool/ALL
[2026-09-03 18:09:08] [CMD] qsub -q all.q -l ngpus=1 -v MODEL="MobileNet",DATASET="Cifar100",ATTACK="DeepFool",KIND="ALL",PHASE="generate",OUTPUT_DIR="adversarial_results_ep100_pre300" adversarial_hpc_submit.pbs </dev/null
[2026-09-03 18:09:09] [OK] MobileNet/Cifar100/APGD/ALL
[2026-09-03 18:09:09] [OK] qsub output: Your job 6455447 ("adversarial_hpc_submit.pbs") has been submitted
[2026-09-03 18:09:09] [SUBMIT] MobileNet/Cifar100/CW/ALL
[2026-09-03 18:09:09] [CMD] qsub -q all.q -l ngpus=1 -v MODEL="MobileNet",DATASET="Cifar100",ATTACK="CW",KIND="ALL",PHASE="generate",OUTPUT_DIR="adversarial_results_ep200_pre200" adversarial_hpc_submit.pbs </dev/null
[2026-09-03 18:09:09] [OK] MobileNet/Cifar100/BIM/ALL
[2026-09-03 18:09:09] [OK] qsub output: Your job 6455446 ("adversarial_hpc_submit.pbs") has been submitted
[2026-09-03 18:09:10] [SUBMIT] MobileNet/Cifar100/APGD/ALL
[2026-09-03 18:09:10] [CMD] qsub -q all.q -l ngpus=1 -v MODEL="MobileNet",DATASET="Cifar100",ATTACK="APGD",KIND="ALL",PHASE="generate",OUTPUT_DIR="adversarial_results_ep300_pre100" adversarial_hpc_submit.pbs </dev/null
[2026-09-03 18:09:12] [OK] MobileNet/Cifar100/DeepFool/ALL
[2026-09-03 18:09:16] [OK] qsub output: Your job 6455448 ("adversarial_hpc_submit.pbs") has been submitted
[2026-09-03 18:09:16] [OK] MobileNet/Cifar100/APGD/ALL
[2026-09-03 18:09:17] [OK] MobileNet/Cifar100/CW/ALL
[2026-09-03 18:09:19] [OK] qsub output: Your job 6455449 ("adversarial_hpc_submit.pbs") has been submitted
[2026-09-03 18:09:19] [OK] qsub output: Your job 6455450 ("adversarial_hpc_submit.pbs") has been submitted
[2026-09-03 18:09:19] [SUBMIT] XceptionNet/Cifar10/PGD/ALL
[2026-09-03 18:09:19] [SUBMIT] MobileNet/Cifar100/DeepFool/ALL
[2026-09-03 18:09:19] [SUBMIT] MobileNet/Cifar100/CW/ALL
[2026-09-03 18:09:19] [CMD] qsub -q all.q -l ngpus=1 -v MODEL="XceptionNet",DATASET="Cifar10",ATTACK="PGD",KIND="ALL",PHASE="generate",OUTPUT_DIR="adversarial_results_ep100_pre300" adversarial_hpc_submit.pbs </dev/null
[2026-09-03 18:09:19] [CMD] qsub -q all.q -l ngpus=1 -v MODEL="MobileNet",DATASET="Cifar100",ATTACK="DeepFool",KIND="ALL",PHASE="generate",OUTPUT_DIR="adversarial_results_ep200_pre200" adversarial_hpc_submit.pbs </dev/null
[2026-09-03 18:09:19] [CMD] qsub -q all.q -l ngpus=1 -v MODEL="MobileNet",DATASET="Cifar100",ATTACK="CW",KIND="ALL",PHASE="generate",OUTPUT_DIR="adversarial_results_ep300_pre100" adversarial_hpc_submit.pbs </dev/null
[2026-09-03 18:09:22] [OK] MobileNet/Cifar100/CW/ALL
[2026-09-03 18:09:23] [OK] qsub output: Your job 6455452 ("adversarial_hpc_submit.pbs") has been submitted
[2026-09-03 18:09:23] [SUBMIT] MobileNet/Cifar100/DeepFool/ALL
[2026-09-03 18:09:23] [CMD] qsub -q all.q -l ngpus=1 -v MODEL="MobileNet",DATASET="Cifar100",ATTACK="DeepFool",KIND="ALL",PHASE="generate",OUTPUT_DIR="adversarial_results_ep300_pre100" adversarial_hpc_submit.pbs </dev/null
[2026-09-03 18:09:24] [OK] MobileNet/Cifar100/DeepFool/ALL
[2026-09-03 18:09:24] [OK] qsub output: Your job 6455453 ("adversarial_hpc_submit.pbs") has been submitted
[2026-09-03 18:09:24] [SUBMIT] XceptionNet/Cifar10/PGD/ALL
[2026-09-03 18:09:24] [CMD] qsub -q all.q -l ngpus=1 -v MODEL="XceptionNet",DATASET="Cifar10",ATTACK="PGD",KIND="ALL",PHASE="generate",OUTPUT_DIR="adversarial_results_ep200_pre200" adversarial_hpc_submit.pbs </dev/null
[2026-09-03 18:09:25] [OK] XceptionNet/Cifar10/PGD/ALL
[2026-09-03 18:09:25] [OK] qsub output: Your job 6455451 ("adversarial_hpc_submit.pbs") has been submitted
[2026-09-03 18:09:25] [SUBMIT] XceptionNet/Cifar10/FGSM/ALL
[2026-09-03 18:09:25] [CMD] qsub -q all.q -l ngpus=1 -v MODEL="XceptionNet",DATASET="Cifar10",ATTACK="FGSM",KIND="ALL",PHASE="generate",OUTPUT_DIR="adversarial_results_ep100_pre300" adversarial_hpc_submit.pbs </dev/null
[2026-09-03 18:09:29] [OK] XceptionNet/Cifar10/PGD/ALL
[2026-09-03 18:09:29] [OK] qsub output: Your job 6455455 ("adversarial_hpc_submit.pbs") has been submitted
[2026-09-03 18:09:29] [SUBMIT] XceptionNet/Cifar10/FGSM/ALL
[2026-09-03 18:09:29] [CMD] qsub -q all.q -l ngpus=1 -v MODEL="XceptionNet",DATASET="Cifar10",ATTACK="FGSM",KIND="ALL",PHASE="generate",OUTPUT_DIR="adversarial_results_ep200_pre200" adversarial_hpc_submit.pbs </dev/null
[2026-09-03 18:09:29] [OK] MobileNet/Cifar100/DeepFool/ALL
[2026-09-03 18:09:29] [OK] qsub output: Your job 6455454 ("adversarial_hpc_submit.pbs") has been submitted
[2026-09-03 18:09:29] [SUBMIT] XceptionNet/Cifar10/PGD/ALL
[2026-09-03 18:09:29] [CMD] qsub -q all.q -l ngpus=1 -v MODEL="XceptionNet",DATASET="Cifar10",ATTACK="PGD",KIND="ALL",PHASE="generate",OUTPUT_DIR="adversarial_results_ep300_pre100" adversarial_hpc_submit.pbs </dev/null
[2026-09-03 18:09:38] [OK] XceptionNet/Cifar10/FGSM/ALL
[2026-09-03 18:09:38] [OK] XceptionNet/Cifar10/FGSM/ALL
[2026-09-03 18:09:41] [OK] qsub output: Your job 6455456 ("adversarial_hpc_submit.pbs") has been submitted
[2026-09-03 18:09:41] [OK] XceptionNet/Cifar10/PGD/ALL
[2026-09-03 18:09:41] [OK] qsub output: Your job 6455457 ("adversarial_hpc_submit.pbs") has been submitted
[2026-09-03 18:09:42] [SUBMIT] XceptionNet/Cifar10/IFGSM/ALL
[2026-09-03 18:09:46] [OK] qsub output: Your job 6455458 ("adversarial_hpc_submit.pbs") has been submitted
[2026-09-03 18:09:50] [SUBMIT] XceptionNet/Cifar10/IFGSM/ALL
[2026-09-03 18:09:50] [CMD] qsub -q all.q -l ngpus=1 -v MODEL="XceptionNet",DATASET="Cifar10",ATTACK="IFGSM",KIND="ALL",PHASE="generate",OUTPUT_DIR="adversarial_results_ep100_pre300" adversarial_hpc_submit.pbs </dev/null
[2026-09-03 18:09:51] [SUBMIT] XceptionNet/Cifar10/FGSM/ALL
[2026-09-03 18:09:52] [CMD] qsub -q all.q -l ngpus=1 -v MODEL="XceptionNet",DATASET="Cifar10",ATTACK="IFGSM",KIND="ALL",PHASE="generate",OUTPUT_DIR="adversarial_results_ep200_pre200" adversarial_hpc_submit.pbs </dev/null
[2026-09-03 18:09:52] [CMD] qsub -q all.q -l ngpus=1 -v MODEL="XceptionNet",DATASET="Cifar10",ATTACK="FGSM",KIND="ALL",PHASE="generate",OUTPUT_DIR="adversarial_results_ep300_pre100" adversarial_hpc_submit.pbs </dev/null
[2026-09-03 18:10:00] [OK] XceptionNet/Cifar10/IFGSM/ALL
[2026-09-03 18:10:01] [OK] qsub output: Your job 6455461 ("adversarial_hpc_submit.pbs") has been submitted
[2026-09-03 18:10:01] [OK] XceptionNet/Cifar10/FGSM/ALL
[2026-09-03 18:10:04] [OK] XceptionNet/Cifar10/IFGSM/ALL
[2026-09-03 18:10:04] [SUBMIT] XceptionNet/Cifar10/BIM/ALL
[2026-09-03 18:10:05] [OK] qsub output: Your job 6455463 ("adversarial_hpc_submit.pbs") has been submitted
[2026-09-03 18:10:09] [OK] qsub output: Your job 6455462 ("adversarial_hpc_submit.pbs") has been submitted
[2026-09-03 18:10:10] [CMD] qsub -q all.q -l ngpus=1 -v MODEL="XceptionNet",DATASET="Cifar10",ATTACK="BIM",KIND="ALL",PHASE="generate",OUTPUT_DIR="adversarial_results_ep100_pre300" adversarial_hpc_submit.pbs </dev/null
[2026-09-03 18:10:11] [SUBMIT] XceptionNet/Cifar10/IFGSM/ALL
[2026-09-03 18:10:12] [SUBMIT] XceptionNet/Cifar10/BIM/ALL
[2026-09-03 18:10:14] [CMD] qsub -q all.q -l ngpus=1 -v MODEL="XceptionNet",DATASET="Cifar10",ATTACK="IFGSM",KIND="ALL",PHASE="generate",OUTPUT_DIR="adversarial_results_ep300_pre100" adversarial_hpc_submit.pbs </dev/null
[2026-09-03 18:10:16] [CMD] qsub -q all.q -l ngpus=1 -v MODEL="XceptionNet",DATASET="Cifar10",ATTACK="BIM",KIND="ALL",PHASE="generate",OUTPUT_DIR="adversarial_results_ep200_pre200" adversarial_hpc_submit.pbs </dev/null
[2026-09-03 18:10:17] [OK] XceptionNet/Cifar10/BIM/ALL
[2026-09-03 18:10:25] [OK] qsub output: Your job 6455467 ("adversarial_hpc_submit.pbs") has been submitted
[2026-09-03 18:10:26] [SUBMIT] XceptionNet/Cifar10/APGD/ALL
[2026-09-03 18:10:27] [CMD] qsub -q all.q -l ngpus=1 -v MODEL="XceptionNet",DATASET="Cifar10",ATTACK="APGD",KIND="ALL",PHASE="generate",OUTPUT_DIR="adversarial_results_ep100_pre300" adversarial_hpc_submit.pbs </dev/null
[2026-09-03 18:10:29] [OK] XceptionNet/Cifar10/IFGSM/ALL
[2026-09-03 18:10:31] [OK] XceptionNet/Cifar10/BIM/ALL
[2026-09-03 18:10:39] [OK] qsub output: Your job 6455469 ("adversarial_hpc_submit.pbs") has been submitted
[2026-09-03 18:10:40] [OK] qsub output: Your job 6455470 ("adversarial_hpc_submit.pbs") has been submitted
[2026-09-03 18:10:42] [OK] XceptionNet/Cifar10/APGD/ALL
[2026-09-03 18:10:56] [SUBMIT] XceptionNet/Cifar10/BIM/ALL
[2026-09-03 18:11:03] [OK] qsub output: Your job 6455472 ("adversarial_hpc_submit.pbs") has been submitted
[2026-09-03 18:11:03] [CMD] qsub -q all.q -l ngpus=1 -v MODEL="XceptionNet",DATASET="Cifar10",ATTACK="BIM",KIND="ALL",PHASE="generate",OUTPUT_DIR="adversarial_results_ep300_pre100" adversarial_hpc_submit.pbs </dev/null
[2026-09-03 18:11:03] [SUBMIT] XceptionNet/Cifar10/APGD/ALL
[2026-09-03 18:11:03] [SUBMIT] XceptionNet/Cifar10/CW/ALL
[2026-09-03 18:11:03] [CMD] qsub -q all.q -l ngpus=1 -v MODEL="XceptionNet",DATASET="Cifar10",ATTACK="APGD",KIND="ALL",PHASE="generate",OUTPUT_DIR="adversarial_results_ep200_pre200" adversarial_hpc_submit.pbs </dev/null
[2026-09-03 18:11:03] [CMD] qsub -q all.q -l ngpus=1 -v MODEL="XceptionNet",DATASET="Cifar10",ATTACK="CW",KIND="ALL",PHASE="generate",OUTPUT_DIR="adversarial_results_ep100_pre300" adversarial_hpc_submit.pbs </dev/null
[2026-09-03 18:11:07] [OK] XceptionNet/Cifar10/APGD/ALL
[2026-09-03 18:11:10] [OK] XceptionNet/Cifar10/BIM/ALL
[2026-09-03 18:11:13] [OK] qsub output: Your job 6455478 ("adversarial_hpc_submit.pbs") has been submitted
[2026-09-03 18:11:17] [OK] XceptionNet/Cifar10/CW/ALL
[2026-09-03 18:11:19] [OK] qsub output: Your job 6455477 ("adversarial_hpc_submit.pbs") has been submitted
[2026-09-03 18:11:19] [OK] qsub output: Your job 6455479 ("adversarial_hpc_submit.pbs") has been submitted
[2026-09-03 18:11:19] [SUBMIT] XceptionNet/Cifar10/CW/ALL
[2026-09-03 18:11:19] [SUBMIT] XceptionNet/Cifar10/APGD/ALL
[2026-09-03 18:11:19] [SUBMIT] XceptionNet/Cifar10/DeepFool/ALL
[2026-09-03 18:11:20] [CMD] qsub -q all.q -l ngpus=1 -v MODEL="XceptionNet",DATASET="Cifar10",ATTACK="CW",KIND="ALL",PHASE="generate",OUTPUT_DIR="adversarial_results_ep200_pre200" adversarial_hpc_submit.pbs </dev/null
[2026-09-03 18:11:20] [CMD] qsub -q all.q -l ngpus=1 -v MODEL="XceptionNet",DATASET="Cifar10",ATTACK="APGD",KIND="ALL",PHASE="generate",OUTPUT_DIR="adversarial_results_ep300_pre100" adversarial_hpc_submit.pbs </dev/null
[2026-09-03 18:11:20] [CMD] qsub -q all.q -l ngpus=1 -v MODEL="XceptionNet",DATASET="Cifar10",ATTACK="DeepFool",KIND="ALL",PHASE="generate",OUTPUT_DIR="adversarial_results_ep100_pre300" adversarial_hpc_submit.pbs </dev/null
[2026-09-03 18:11:28] [OK] XceptionNet/Cifar10/CW/ALL
[2026-09-03 18:11:30] [OK] XceptionNet/Cifar10/APGD/ALL
[2026-09-03 18:11:32] [OK] qsub output: Your job 6455484 ("adversarial_hpc_submit.pbs") has been submitted
[2026-09-03 18:11:33] [OK] qsub output: Your job 6455485 ("adversarial_hpc_submit.pbs") has been submitted
[2026-09-03 18:11:33] [SUBMIT] XceptionNet/Cifar10/DeepFool/ALL
[2026-09-03 18:11:34] [SUBMIT] XceptionNet/Cifar10/CW/ALL
[2026-09-03 18:11:37] [OK] XceptionNet/Cifar10/DeepFool/ALL
[2026-09-03 18:11:39] [CMD] qsub -q all.q -l ngpus=1 -v MODEL="XceptionNet",DATASET="Cifar10",ATTACK="DeepFool",KIND="ALL",PHASE="generate",OUTPUT_DIR="adversarial_results_ep200_pre200" adversarial_hpc_submit.pbs </dev/null
[2026-09-03 18:11:43] [CMD] qsub -q all.q -l ngpus=1 -v MODEL="XceptionNet",DATASET="Cifar10",ATTACK="CW",KIND="ALL",PHASE="generate",OUTPUT_DIR="adversarial_results_ep300_pre100" adversarial_hpc_submit.pbs </dev/null
[2026-09-03 18:11:43] [OK] qsub output: Your job 6455486 ("adversarial_hpc_submit.pbs") has been submitted
[2026-09-03 18:11:43] [SUBMIT] XceptionNet/Cifar100/PGD/ALL
[2026-09-03 18:11:44] [CMD] qsub -q all.q -l ngpus=1 -v MODEL="XceptionNet",DATASET="Cifar100",ATTACK="PGD",KIND="ALL",PHASE="generate",OUTPUT_DIR="adversarial_results_ep100_pre300" adversarial_hpc_submit.pbs </dev/null
[2026-09-03 18:11:50] [OK] XceptionNet/Cifar10/CW/ALL
[2026-09-03 18:11:50] [OK] qsub output: Your job 6455491 ("adversarial_hpc_submit.pbs") has been submitted
[2026-09-03 18:11:50] [SUBMIT] XceptionNet/Cifar10/DeepFool/ALL
[2026-09-03 18:11:50] [CMD] qsub -q all.q -l ngpus=1 -v MODEL="XceptionNet",DATASET="Cifar10",ATTACK="DeepFool",KIND="ALL",PHASE="generate",OUTPUT_DIR="adversarial_results_ep300_pre100" adversarial_hpc_submit.pbs </dev/null
[2026-09-03 18:11:53] [OK] XceptionNet/Cifar10/DeepFool/ALL
[2026-09-03 18:11:53] [OK] qsub output: Your job 6455490 ("adversarial_hpc_submit.pbs") has been submitted
[2026-09-03 18:11:53] [SUBMIT] XceptionNet/Cifar100/PGD/ALL
[2026-09-03 18:11:54] [CMD] qsub -q all.q -l ngpus=1 -v MODEL="XceptionNet",DATASET="Cifar100",ATTACK="PGD",KIND="ALL",PHASE="generate",OUTPUT_DIR="adversarial_results_ep200_pre200" adversarial_hpc_submit.pbs </dev/null
[2026-09-03 18:11:57] [OK] XceptionNet/Cifar100/PGD/ALL
[2026-09-03 18:11:58] [OK] qsub output: Your job 6455492 ("adversarial_hpc_submit.pbs") has been submitted
[2026-09-03 18:11:59] [SUBMIT] XceptionNet/Cifar100/FGSM/ALL
[2026-09-03 18:11:59] [CMD] qsub -q all.q -l ngpus=1 -v MODEL="XceptionNet",DATASET="Cifar100",ATTACK="FGSM",KIND="ALL",PHASE="generate",OUTPUT_DIR="adversarial_results_ep100_pre300" adversarial_hpc_submit.pbs </dev/null
[2026-09-03 18:12:03] [OK] XceptionNet/Cifar100/PGD/ALL
[2026-09-03 18:12:03] [OK] qsub output: Your job 6455495 ("adversarial_hpc_submit.pbs") has been submitted
[2026-09-03 18:12:03] [SUBMIT] XceptionNet/Cifar100/FGSM/ALL
[2026-09-03 18:12:03] [CMD] qsub -q all.q -l ngpus=1 -v MODEL="XceptionNet",DATASET="Cifar100",ATTACK="FGSM",KIND="ALL",PHASE="generate",OUTPUT_DIR="adversarial_results_ep200_pre200" adversarial_hpc_submit.pbs </dev/null
[2026-09-03 18:12:03] [OK] XceptionNet/Cifar10/DeepFool/ALL
[2026-09-03 18:12:03] [OK] qsub output: Your job 6455494 ("adversarial_hpc_submit.pbs") has been submitted
[2026-09-03 18:12:03] [SUBMIT] XceptionNet/Cifar100/PGD/ALL
[2026-09-03 18:12:03] [CMD] qsub -q all.q -l ngpus=1 -v MODEL="XceptionNet",DATASET="Cifar100",ATTACK="PGD",KIND="ALL",PHASE="generate",OUTPUT_DIR="adversarial_results_ep300_pre100" adversarial_hpc_submit.pbs </dev/null
[2026-09-03 18:12:05] [OK] XceptionNet/Cifar100/FGSM/ALL
[2026-09-03 18:12:05] [OK] qsub output: Your job 6455497 ("adversarial_hpc_submit.pbs") has been submitted
[2026-09-03 18:12:05] [SUBMIT] XceptionNet/Cifar100/IFGSM/ALL
[2026-09-03 18:12:05] [CMD] qsub -q all.q -l ngpus=1 -v MODEL="XceptionNet",DATASET="Cifar100",ATTACK="IFGSM",KIND="ALL",PHASE="generate",OUTPUT_DIR="adversarial_results_ep100_pre300" adversarial_hpc_submit.pbs </dev/null
[2026-09-03 18:12:12] [OK] XceptionNet/Cifar100/FGSM/ALL
[2026-09-03 18:12:13] [OK] qsub output: Your job 6455498 ("adversarial_hpc_submit.pbs") has been submitted
[2026-09-03 18:12:13] [SUBMIT] XceptionNet/Cifar100/IFGSM/ALL
[2026-09-03 18:12:13] [CMD] qsub -q all.q -l ngpus=1 -v MODEL="XceptionNet",DATASET="Cifar100",ATTACK="IFGSM",KIND="ALL",PHASE="generate",OUTPUT_DIR="adversarial_results_ep200_pre200" adversarial_hpc_submit.pbs </dev/null
[2026-09-03 18:12:19] [OK] XceptionNet/Cifar100/PGD/ALL
[2026-09-03 18:12:27] [OK] qsub output: Your job 6455499 ("adversarial_hpc_submit.pbs") has been submitted
[2026-09-03 18:12:27] [SUBMIT] XceptionNet/Cifar100/FGSM/ALL
[2026-09-03 18:12:27] [CMD] qsub -q all.q -l ngpus=1 -v MODEL="XceptionNet",DATASET="Cifar100",ATTACK="FGSM",KIND="ALL",PHASE="generate",OUTPUT_DIR="adversarial_results_ep300_pre100" adversarial_hpc_submit.pbs </dev/null
[2026-09-03 18:12:28] [OK] XceptionNet/Cifar100/IFGSM/ALL
[2026-09-03 18:12:30] [OK] qsub output: Your job 6455501 ("adversarial_hpc_submit.pbs") has been submitted
[2026-09-03 18:12:33] [SUBMIT] XceptionNet/Cifar100/BIM/ALL
[2026-09-03 18:12:33] [OK] XceptionNet/Cifar100/FGSM/ALL
[2026-09-03 18:12:33] [CMD] qsub -q all.q -l ngpus=1 -v MODEL="XceptionNet",DATASET="Cifar100",ATTACK="BIM",KIND="ALL",PHASE="generate",OUTPUT_DIR="adversarial_results_ep100_pre300" adversarial_hpc_submit.pbs </dev/null
[2026-09-03 18:12:36] [OK] XceptionNet/Cifar100/IFGSM/ALL
[2026-09-03 18:12:37] [OK] qsub output: Your job 6455504 ("adversarial_hpc_submit.pbs") has been submitted
[2026-09-03 18:12:40] [OK] qsub output: Your job 6455503 ("adversarial_hpc_submit.pbs") has been submitted
[2026-09-03 18:12:40] [SUBMIT] XceptionNet/Cifar100/IFGSM/ALL
[2026-09-03 18:12:40] [CMD] qsub -q all.q -l ngpus=1 -v MODEL="XceptionNet",DATASET="Cifar100",ATTACK="IFGSM",KIND="ALL",PHASE="generate",OUTPUT_DIR="adversarial_results_ep300_pre100" adversarial_hpc_submit.pbs </dev/null
[2026-09-03 18:12:41] [SUBMIT] XceptionNet/Cifar100/BIM/ALL
[2026-09-03 18:12:41] [CMD] qsub -q all.q -l ngpus=1 -v MODEL="XceptionNet",DATASET="Cifar100",ATTACK="BIM",KIND="ALL",PHASE="generate",OUTPUT_DIR="adversarial_results_ep200_pre200" adversarial_hpc_submit.pbs </dev/null
[2026-09-03 18:12:44] [OK] XceptionNet/Cifar100/BIM/ALL
[2026-09-03 18:12:45] [OK] qsub output: Your job 6455506 ("adversarial_hpc_submit.pbs") has been submitted
[2026-09-03 18:12:45] [SUBMIT] XceptionNet/Cifar100/APGD/ALL
[2026-09-03 18:12:45] [CMD] qsub -q all.q -l ngpus=1 -v MODEL="XceptionNet",DATASET="Cifar100",ATTACK="APGD",KIND="ALL",PHASE="generate",OUTPUT_DIR="adversarial_results_ep100_pre300" adversarial_hpc_submit.pbs </dev/null
[2026-09-03 18:12:49] [OK] XceptionNet/Cifar100/IFGSM/ALL
[2026-09-03 18:12:52] [OK] qsub output: Your job 6455507 ("adversarial_hpc_submit.pbs") has been submitted
[2026-09-03 18:12:53] [SUBMIT] XceptionNet/Cifar100/BIM/ALL
[2026-09-03 18:12:53] [CMD] qsub -q all.q -l ngpus=1 -v MODEL="XceptionNet",DATASET="Cifar100",ATTACK="BIM",KIND="ALL",PHASE="generate",OUTPUT_DIR="adversarial_results_ep300_pre100" adversarial_hpc_submit.pbs </dev/null
[2026-09-03 18:12:54] [OK] XceptionNet/Cifar100/APGD/ALL
[2026-09-03 18:12:55] [OK] qsub output: Your job 6455509 ("adversarial_hpc_submit.pbs") has been submitted
[2026-09-03 18:12:56] [OK] XceptionNet/Cifar100/BIM/ALL
[2026-09-03 18:12:57] [OK] qsub output: Your job 6455508 ("adversarial_hpc_submit.pbs") has been submitted
[2026-09-03 18:12:57] [SUBMIT] XceptionNet/Cifar100/CW/ALL
[2026-09-03 18:12:57] [CMD] qsub -q all.q -l ngpus=1 -v MODEL="XceptionNet",DATASET="Cifar100",ATTACK="CW",KIND="ALL",PHASE="generate",OUTPUT_DIR="adversarial_results_ep100_pre300" adversarial_hpc_submit.pbs </dev/null
[2026-09-03 18:12:57] [SUBMIT] XceptionNet/Cifar100/APGD/ALL
[2026-09-03 18:12:57] [CMD] qsub -q all.q -l ngpus=1 -v MODEL="XceptionNet",DATASET="Cifar100",ATTACK="APGD",KIND="ALL",PHASE="generate",OUTPUT_DIR="adversarial_results_ep200_pre200" adversarial_hpc_submit.pbs </dev/null
[2026-09-03 18:13:01] [OK] XceptionNet/Cifar100/CW/ALL
[2026-09-03 18:13:01] [OK] qsub output: Your job 6455512 ("adversarial_hpc_submit.pbs") has been submitted
[2026-09-03 18:13:01] [SUBMIT] XceptionNet/Cifar100/DeepFool/ALL
[2026-09-03 18:13:01] [CMD] qsub -q all.q -l ngpus=1 -v MODEL="XceptionNet",DATASET="Cifar100",ATTACK="DeepFool",KIND="ALL",PHASE="generate",OUTPUT_DIR="adversarial_results_ep100_pre300" adversarial_hpc_submit.pbs </dev/null
[2026-09-03 18:13:04] [OK] XceptionNet/Cifar100/BIM/ALL
[2026-09-03 18:13:04] [OK] qsub output: Your job 6455511 ("adversarial_hpc_submit.pbs") has been submitted
[2026-09-03 18:13:04] [SUBMIT] XceptionNet/Cifar100/APGD/ALL
[2026-09-03 18:13:04] [CMD] qsub -q all.q -l ngpus=1 -v MODEL="XceptionNet",DATASET="Cifar100",ATTACK="APGD",KIND="ALL",PHASE="generate",OUTPUT_DIR="adversarial_results_ep300_pre100" adversarial_hpc_submit.pbs </dev/null
[2026-09-03 18:13:06] [OK] XceptionNet/Cifar100/APGD/ALL
[2026-09-03 18:13:07] [OK] qsub output: Your job 6455513 ("adversarial_hpc_submit.pbs") has been submitted
[2026-09-03 18:13:08] [SUBMIT] XceptionNet/Cifar100/CW/ALL
[2026-09-03 18:13:08] [CMD] qsub -q all.q -l ngpus=1 -v MODEL="XceptionNet",DATASET="Cifar100",ATTACK="CW",KIND="ALL",PHASE="generate",OUTPUT_DIR="adversarial_results_ep200_pre200" adversarial_hpc_submit.pbs </dev/null
[2026-09-03 18:13:11] [OK] XceptionNet/Cifar100/DeepFool/ALL
[2026-09-03 18:13:11] [OK] qsub output: Your job 6455515 ("adversarial_hpc_submit.pbs") has been submitted
[2026-09-03 18:13:11] [SUBMIT] ConvNeXt/Cifar10/PGD/ALL
[2026-09-03 18:13:11] [CMD] qsub -q all.q -l ngpus=1 -v MODEL="ConvNeXt",DATASET="Cifar10",ATTACK="PGD",KIND="ALL",PHASE="generate",OUTPUT_DIR="adversarial_results_ep100_pre300" adversarial_hpc_submit.pbs </dev/null
[2026-09-03 18:13:17] [OK] XceptionNet/Cifar100/CW/ALL
[2026-09-03 18:13:18] [OK] qsub output: Your job 6455517 ("adversarial_hpc_submit.pbs") has been submitted
[2026-09-03 18:13:18] [SUBMIT] XceptionNet/Cifar100/DeepFool/ALL
[2026-09-03 18:13:18] [CMD] qsub -q all.q -l ngpus=1 -v MODEL="XceptionNet",DATASET="Cifar100",ATTACK="DeepFool",KIND="ALL",PHASE="generate",OUTPUT_DIR="adversarial_results_ep200_pre200" adversarial_hpc_submit.pbs </dev/null
[2026-09-03 18:13:19] [OK] XceptionNet/Cifar100/APGD/ALL
[2026-09-03 18:13:19] [OK] qsub output: Your job 6455516 ("adversarial_hpc_submit.pbs") has been submitted
[2026-09-03 18:13:19] [SUBMIT] XceptionNet/Cifar100/CW/ALL
[2026-09-03 18:13:19] [CMD] qsub -q all.q -l ngpus=1 -v MODEL="XceptionNet",DATASET="Cifar100",ATTACK="CW",KIND="ALL",PHASE="generate",OUTPUT_DIR="adversarial_results_ep300_pre100" adversarial_hpc_submit.pbs </dev/null
[2026-09-03 18:13:26] [OK] ConvNeXt/Cifar10/PGD/ALL
[2026-09-03 18:13:26] [OK] qsub output: Your job 6455519 ("adversarial_hpc_submit.pbs") has been submitted
[2026-09-03 18:13:27] [SUBMIT] ConvNeXt/Cifar10/FGSM/ALL
[2026-09-03 18:13:27] [CMD] qsub -q all.q -l ngpus=1 -v MODEL="ConvNeXt",DATASET="Cifar10",ATTACK="FGSM",KIND="ALL",PHASE="generate",OUTPUT_DIR="adversarial_results_ep100_pre300" adversarial_hpc_submit.pbs </dev/null
[2026-09-03 18:13:27] [OK] XceptionNet/Cifar100/CW/ALL
[2026-09-03 18:13:27] [OK] qsub output: Your job 6455521 ("adversarial_hpc_submit.pbs") has been submitted
[2026-09-03 18:13:27] [SUBMIT] XceptionNet/Cifar100/DeepFool/ALL
[2026-09-03 18:13:27] [CMD] qsub -q all.q -l ngpus=1 -v MODEL="XceptionNet",DATASET="Cifar100",ATTACK="DeepFool",KIND="ALL",PHASE="generate",OUTPUT_DIR="adversarial_results_ep300_pre100" adversarial_hpc_submit.pbs </dev/null
[2026-09-03 18:13:30] [OK] XceptionNet/Cifar100/DeepFool/ALL
[2026-09-03 18:13:30] [OK] qsub output: Your job 6455520 ("adversarial_hpc_submit.pbs") has been submitted
[2026-09-03 18:13:30] [SUBMIT] ConvNeXt/Cifar10/PGD/ALL
[2026-09-03 18:13:30] [CMD] qsub -q all.q -l ngpus=1 -v MODEL="ConvNeXt",DATASET="Cifar10",ATTACK="PGD",KIND="ALL",PHASE="generate",OUTPUT_DIR="adversarial_results_ep200_pre200" adversarial_hpc_submit.pbs </dev/null
[2026-09-03 18:13:34] [OK] ConvNeXt/Cifar10/FGSM/ALL
[2026-09-03 18:13:34] [OK] qsub output: Your job 6455522 ("adversarial_hpc_submit.pbs") has been submitted
[2026-09-03 18:13:34] [SUBMIT] ConvNeXt/Cifar10/IFGSM/ALL
[2026-09-03 18:13:34] [CMD] qsub -q all.q -l ngpus=1 -v MODEL="ConvNeXt",DATASET="Cifar10",ATTACK="IFGSM",KIND="ALL",PHASE="generate",OUTPUT_DIR="adversarial_results_ep100_pre300" adversarial_hpc_submit.pbs </dev/null
[2026-09-03 18:13:40] [OK] XceptionNet/Cifar100/DeepFool/ALL
[2026-09-03 18:13:40] [OK] qsub output: Your job 6455523 ("adversarial_hpc_submit.pbs") has been submitted
[2026-09-03 18:13:40] [SUBMIT] ConvNeXt/Cifar10/PGD/ALL
[2026-09-03 18:13:40] [CMD] qsub -q all.q -l ngpus=1 -v MODEL="ConvNeXt",DATASET="Cifar10",ATTACK="PGD",KIND="ALL",PHASE="generate",OUTPUT_DIR="adversarial_results_ep300_pre100" adversarial_hpc_submit.pbs </dev/null
[2026-09-03 18:13:46] [OK] ConvNeXt/Cifar10/PGD/ALL
[2026-09-03 18:13:46] [OK] qsub output: Your job 6455525 ("adversarial_hpc_submit.pbs") has been submitted
[2026-09-03 18:13:47] [SUBMIT] ConvNeXt/Cifar10/FGSM/ALL
[2026-09-03 18:13:47] [CMD] qsub -q all.q -l ngpus=1 -v MODEL="ConvNeXt",DATASET="Cifar10",ATTACK="FGSM",KIND="ALL",PHASE="generate",OUTPUT_DIR="adversarial_results_ep200_pre200" adversarial_hpc_submit.pbs </dev/null
[2026-09-03 18:13:50] [OK] ConvNeXt/Cifar10/IFGSM/ALL
[2026-09-03 18:13:50] [OK] qsub output: Your job 6455528 ("adversarial_hpc_submit.pbs") has been submitted
[2026-09-03 18:13:50] [SUBMIT] ConvNeXt/Cifar10/BIM/ALL
[2026-09-03 18:13:50] [CMD] qsub -q all.q -l ngpus=1 -v MODEL="ConvNeXt",DATASET="Cifar10",ATTACK="BIM",KIND="ALL",PHASE="generate",OUTPUT_DIR="adversarial_results_ep100_pre300" adversarial_hpc_submit.pbs </dev/null
[2026-09-03 18:13:56] [OK] ConvNeXt/Cifar10/FGSM/ALL
[2026-09-03 18:13:56] [OK] qsub output: Your job 6455531 ("adversarial_hpc_submit.pbs") has been submitted
[2026-09-03 18:13:56] [SUBMIT] ConvNeXt/Cifar10/IFGSM/ALL
[2026-09-03 18:13:56] [CMD] qsub -q all.q -l ngpus=1 -v MODEL="ConvNeXt",DATASET="Cifar10",ATTACK="IFGSM",KIND="ALL",PHASE="generate",OUTPUT_DIR="adversarial_results_ep200_pre200" adversarial_hpc_submit.pbs </dev/null
[2026-09-03 18:13:56] [OK] ConvNeXt/Cifar10/PGD/ALL
[2026-09-03 18:13:56] [OK] qsub output: Your job 6455530 ("adversarial_hpc_submit.pbs") has been submitted
[2026-09-03 18:13:56] [SUBMIT] ConvNeXt/Cifar10/FGSM/ALL
[2026-09-03 18:13:56] [CMD] qsub -q all.q -l ngpus=1 -v MODEL="ConvNeXt",DATASET="Cifar10",ATTACK="FGSM",KIND="ALL",PHASE="generate",OUTPUT_DIR="adversarial_results_ep300_pre100" adversarial_hpc_submit.pbs </dev/null
[2026-09-03 18:13:58] [OK] ConvNeXt/Cifar10/BIM/ALL
[2026-09-03 18:13:58] [OK] qsub output: Your job 6455532 ("adversarial_hpc_submit.pbs") has been submitted
[2026-09-03 18:13:58] [SUBMIT] ConvNeXt/Cifar10/APGD/ALL
[2026-09-03 18:13:58] [CMD] qsub -q all.q -l ngpus=1 -v MODEL="ConvNeXt",DATASET="Cifar10",ATTACK="APGD",KIND="ALL",PHASE="generate",OUTPUT_DIR="adversarial_results_ep100_pre300" adversarial_hpc_submit.pbs </dev/null
[2026-09-03 18:14:04] [OK] ConvNeXt/Cifar10/IFGSM/ALL
[2026-09-03 18:14:05] [OK] qsub output: Your job 6455534 ("adversarial_hpc_submit.pbs") has been submitted
[2026-09-03 18:14:05] [SUBMIT] ConvNeXt/Cifar10/BIM/ALL
[2026-09-03 18:14:05] [CMD] qsub -q all.q -l ngpus=1 -v MODEL="ConvNeXt",DATASET="Cifar10",ATTACK="BIM",KIND="ALL",PHASE="generate",OUTPUT_DIR="adversarial_results_ep200_pre200" adversarial_hpc_submit.pbs </dev/null
[2026-09-03 18:14:08] [OK] ConvNeXt/Cifar10/FGSM/ALL
[2026-09-03 18:14:10] [OK] ConvNeXt/Cifar10/BIM/ALL
[2026-09-03 18:14:11] [OK] qsub output: Your job 6455535 ("adversarial_hpc_submit.pbs") has been submitted
[2026-09-03 18:14:11] [OK] qsub output: Your job 6455537 ("adversarial_hpc_submit.pbs") has been submitted
[2026-09-03 18:14:12] [SUBMIT] ConvNeXt/Cifar10/IFGSM/ALL
[2026-09-03 18:14:12] [SUBMIT] ConvNeXt/Cifar10/APGD/ALL
[2026-09-03 18:14:12] [CMD] qsub -q all.q -l ngpus=1 -v MODEL="ConvNeXt",DATASET="Cifar10",ATTACK="IFGSM",KIND="ALL",PHASE="generate",OUTPUT_DIR="adversarial_results_ep300_pre100" adversarial_hpc_submit.pbs </dev/null
[2026-09-03 18:14:12] [CMD] qsub -q all.q -l ngpus=1 -v MODEL="ConvNeXt",DATASET="Cifar10",ATTACK="APGD",KIND="ALL",PHASE="generate",OUTPUT_DIR="adversarial_results_ep200_pre200" adversarial_hpc_submit.pbs </dev/null
[2026-09-03 18:14:15] [OK] ConvNeXt/Cifar10/APGD/ALL
[2026-09-03 18:14:15] [OK] qsub output: Your job 6455536 ("adversarial_hpc_submit.pbs") has been submitted
[2026-09-03 18:14:15] [SUBMIT] ConvNeXt/Cifar10/CW/ALL
[2026-09-03 18:14:15] [CMD] qsub -q all.q -l ngpus=1 -v MODEL="ConvNeXt",DATASET="Cifar10",ATTACK="CW",KIND="ALL",PHASE="generate",OUTPUT_DIR="adversarial_results_ep100_pre300" adversarial_hpc_submit.pbs </dev/null
[2026-09-03 18:14:18] [OK] ConvNeXt/Cifar10/IFGSM/ALL
[2026-09-03 18:14:20] [OK] qsub output: Your job 6455539 ("adversarial_hpc_submit.pbs") has been submitted
[2026-09-03 18:14:20] [SUBMIT] ConvNeXt/Cifar10/BIM/ALL
[2026-09-03 18:14:20] [CMD] qsub -q all.q -l ngpus=1 -v MODEL="ConvNeXt",DATASET="Cifar10",ATTACK="BIM",KIND="ALL",PHASE="generate",OUTPUT_DIR="adversarial_results_ep300_pre100" adversarial_hpc_submit.pbs </dev/null
[2026-09-03 18:14:22] [OK] ConvNeXt/Cifar10/APGD/ALL
[2026-09-03 18:14:22] [OK] qsub output: Your job 6455540 ("adversarial_hpc_submit.pbs") has been submitted
[2026-09-03 18:14:23] [SUBMIT] ConvNeXt/Cifar10/CW/ALL
[2026-09-03 18:14:23] [CMD] qsub -q all.q -l ngpus=1 -v MODEL="ConvNeXt",DATASET="Cifar10",ATTACK="CW",KIND="ALL",PHASE="generate",OUTPUT_DIR="adversarial_results_ep200_pre200" adversarial_hpc_submit.pbs </dev/null
[2026-09-03 18:14:25] [OK] ConvNeXt/Cifar10/CW/ALL
[2026-09-03 18:14:25] [OK] qsub output: Your job 6455541 ("adversarial_hpc_submit.pbs") has been submitted
[2026-09-03 18:14:25] [SUBMIT] ConvNeXt/Cifar10/DeepFool/ALL
[2026-09-03 18:14:25] [CMD] qsub -q all.q -l ngpus=1 -v MODEL="ConvNeXt",DATASET="Cifar10",ATTACK="DeepFool",KIND="ALL",PHASE="generate",OUTPUT_DIR="adversarial_results_ep100_pre300" adversarial_hpc_submit.pbs </dev/null
[2026-09-03 18:14:28] [OK] ConvNeXt/Cifar10/BIM/ALL
[2026-09-03 18:14:28] [OK] qsub output: Your job 6455542 ("adversarial_hpc_submit.pbs") has been submitted
[2026-09-03 18:14:28] [SUBMIT] ConvNeXt/Cifar10/APGD/ALL
[2026-09-03 18:14:28] [CMD] qsub -q all.q -l ngpus=1 -v MODEL="ConvNeXt",DATASET="Cifar10",ATTACK="APGD",KIND="ALL",PHASE="generate",OUTPUT_DIR="adversarial_results_ep300_pre100" adversarial_hpc_submit.pbs </dev/null
[2026-09-03 18:14:29] [OK] ConvNeXt/Cifar10/DeepFool/ALL
[2026-09-03 18:14:29] [OK] qsub output: Your job 6455544 ("adversarial_hpc_submit.pbs") has been submitted
[2026-09-03 18:14:29] [SUBMIT] ConvNeXt/Cifar100/PGD/ALL
[2026-09-03 18:14:29] [CMD] qsub -q all.q -l ngpus=1 -v MODEL="ConvNeXt",DATASET="Cifar100",ATTACK="PGD",KIND="ALL",PHASE="generate",OUTPUT_DIR="adversarial_results_ep100_pre300" adversarial_hpc_submit.pbs </dev/null
[2026-09-03 18:14:34] [OK] ConvNeXt/Cifar10/CW/ALL
[2026-09-03 18:14:34] [OK] qsub output: Your job 6455543 ("adversarial_hpc_submit.pbs") has been submitted
[2026-09-03 18:14:35] [SUBMIT] ConvNeXt/Cifar10/DeepFool/ALL
[2026-09-03 18:14:35] [CMD] qsub -q all.q -l ngpus=1 -v MODEL="ConvNeXt",DATASET="Cifar10",ATTACK="DeepFool",KIND="ALL",PHASE="generate",OUTPUT_DIR="adversarial_results_ep200_pre200" adversarial_hpc_submit.pbs </dev/null
[2026-09-03 18:14:35] [OK] ConvNeXt/Cifar100/PGD/ALL
[2026-09-03 18:14:37] [OK] qsub output: Your job 6455546 ("adversarial_hpc_submit.pbs") has been submitted
[2026-09-03 18:14:37] [SUBMIT] ConvNeXt/Cifar100/FGSM/ALL
[2026-09-03 18:14:37] [CMD] qsub -q all.q -l ngpus=1 -v MODEL="ConvNeXt",DATASET="Cifar100",ATTACK="FGSM",KIND="ALL",PHASE="generate",OUTPUT_DIR="adversarial_results_ep100_pre300" adversarial_hpc_submit.pbs </dev/null
[2026-09-03 18:14:39] [OK] ConvNeXt/Cifar10/APGD/ALL
[2026-09-03 18:14:40] [OK] qsub output: Your job 6455545 ("adversarial_hpc_submit.pbs") has been submitted
[2026-09-03 18:14:40] [SUBMIT] ConvNeXt/Cifar10/CW/ALL
[2026-09-03 18:14:40] [CMD] qsub -q all.q -l ngpus=1 -v MODEL="ConvNeXt",DATASET="Cifar10",ATTACK="CW",KIND="ALL",PHASE="generate",OUTPUT_DIR="adversarial_results_ep300_pre100" adversarial_hpc_submit.pbs </dev/null
[2026-09-03 18:14:40] [OK] ConvNeXt/Cifar10/DeepFool/ALL
[2026-09-03 18:14:40] [OK] qsub output: Your job 6455547 ("adversarial_hpc_submit.pbs") has been submitted
[2026-09-03 18:14:40] [SUBMIT] ConvNeXt/Cifar100/PGD/ALL
[2026-09-03 18:14:40] [CMD] qsub -q all.q -l ngpus=1 -v MODEL="ConvNeXt",DATASET="Cifar100",ATTACK="PGD",KIND="ALL",PHASE="generate",OUTPUT_DIR="adversarial_results_ep200_pre200" adversarial_hpc_submit.pbs </dev/null
[2026-09-03 18:14:44] [OK] ConvNeXt/Cifar10/CW/ALL
[2026-09-03 18:14:44] [OK] qsub output: Your job 6455549 ("adversarial_hpc_submit.pbs") has been submitted
[2026-09-03 18:14:44] [SUBMIT] ConvNeXt/Cifar10/DeepFool/ALL
[2026-09-03 18:14:44] [CMD] qsub -q all.q -l ngpus=1 -v MODEL="ConvNeXt",DATASET="Cifar10",ATTACK="DeepFool",KIND="ALL",PHASE="generate",OUTPUT_DIR="adversarial_results_ep300_pre100" adversarial_hpc_submit.pbs </dev/null
[2026-09-03 18:14:46] [OK] ConvNeXt/Cifar100/FGSM/ALL
[2026-09-03 18:14:46] [OK] qsub output: Your job 6455548 ("adversarial_hpc_submit.pbs") has been submitted
[2026-09-03 18:14:46] [SUBMIT] ConvNeXt/Cifar100/IFGSM/ALL
[2026-09-03 18:14:46] [CMD] qsub -q all.q -l ngpus=1 -v MODEL="ConvNeXt",DATASET="Cifar100",ATTACK="IFGSM",KIND="ALL",PHASE="generate",OUTPUT_DIR="adversarial_results_ep100_pre300" adversarial_hpc_submit.pbs </dev/null
[2026-09-03 18:14:50] [OK] ConvNeXt/Cifar100/PGD/ALL
[2026-09-03 18:14:50] [OK] qsub output: Your job 6455550 ("adversarial_hpc_submit.pbs") has been submitted
[2026-09-03 18:14:50] [SUBMIT] ConvNeXt/Cifar100/FGSM/ALL
[2026-09-03 18:14:50] [CMD] qsub -q all.q -l ngpus=1 -v MODEL="ConvNeXt",DATASET="Cifar100",ATTACK="FGSM",KIND="ALL",PHASE="generate",OUTPUT_DIR="adversarial_results_ep200_pre200" adversarial_hpc_submit.pbs </dev/null
[2026-09-03 18:14:52] [OK] ConvNeXt/Cifar10/DeepFool/ALL
[2026-09-03 18:14:53] [OK] ConvNeXt/Cifar100/IFGSM/ALL
[2026-09-03 18:14:55] [OK] qsub output: Your job 6455551 ("adversarial_hpc_submit.pbs") has been submitted
[2026-09-03 18:14:55] [OK] ConvNeXt/Cifar100/FGSM/ALL
[2026-09-03 18:14:55] [OK] qsub output: Your job 6455552 ("adversarial_hpc_submit.pbs") has been submitted
[2026-09-03 18:15:00] [SUBMIT] ConvNeXt/Cifar100/PGD/ALL
[2026-09-03 18:15:02] [OK] qsub output: Your job 6455553 ("adversarial_hpc_submit.pbs") has been submitted
[2026-09-03 18:15:07] [SUBMIT] ConvNeXt/Cifar100/BIM/ALL
[2026-09-03 18:15:09] [CMD] qsub -q all.q -l ngpus=1 -v MODEL="ConvNeXt",DATASET="Cifar100",ATTACK="PGD",KIND="ALL",PHASE="generate",OUTPUT_DIR="adversarial_results_ep300_pre100" adversarial_hpc_submit.pbs </dev/null
[2026-09-03 18:15:12] [SUBMIT] ConvNeXt/Cifar100/IFGSM/ALL
[2026-09-03 18:15:14] [CMD] qsub -q all.q -l ngpus=1 -v MODEL="ConvNeXt",DATASET="Cifar100",ATTACK="BIM",KIND="ALL",PHASE="generate",OUTPUT_DIR="adversarial_results_ep100_pre300" adversarial_hpc_submit.pbs </dev/null
[2026-09-03 18:15:23] [CMD] qsub -q all.q -l ngpus=1 -v MODEL="ConvNeXt",DATASET="Cifar100",ATTACK="IFGSM",KIND="ALL",PHASE="generate",OUTPUT_DIR="adversarial_results_ep200_pre200" adversarial_hpc_submit.pbs </dev/null
[2026-09-03 18:15:28] [OK] ConvNeXt/Cifar100/PGD/ALL
[2026-09-03 18:15:28] [OK] ConvNeXt/Cifar100/BIM/ALL
[2026-09-03 18:15:30] [OK] ConvNeXt/Cifar100/IFGSM/ALL
[2026-09-03 18:15:32] [OK] qsub output: Your job 6455560 ("adversarial_hpc_submit.pbs") has been submitted
[2026-09-03 18:15:34] [OK] qsub output: Your job 6455561 ("adversarial_hpc_submit.pbs") has been submitted
[2026-09-03 18:15:34] [OK] qsub output: Your job 6455562 ("adversarial_hpc_submit.pbs") has been submitted
[2026-09-03 18:15:34] [SUBMIT] ConvNeXt/Cifar100/FGSM/ALL
[2026-09-03 18:15:34] [CMD] qsub -q all.q -l ngpus=1 -v MODEL="ConvNeXt",DATASET="Cifar100",ATTACK="FGSM",KIND="ALL",PHASE="generate",OUTPUT_DIR="adversarial_results_ep300_pre100" adversarial_hpc_submit.pbs </dev/null
[2026-09-03 18:15:34] [SUBMIT] ConvNeXt/Cifar100/APGD/ALL
[2026-09-03 18:15:34] [SUBMIT] ConvNeXt/Cifar100/BIM/ALL
[2026-09-03 18:15:34] [CMD] qsub -q all.q -l ngpus=1 -v MODEL="ConvNeXt",DATASET="Cifar100",ATTACK="APGD",KIND="ALL",PHASE="generate",OUTPUT_DIR="adversarial_results_ep100_pre300" adversarial_hpc_submit.pbs </dev/null
[2026-09-03 18:15:34] [CMD] qsub -q all.q -l ngpus=1 -v MODEL="ConvNeXt",DATASET="Cifar100",ATTACK="BIM",KIND="ALL",PHASE="generate",OUTPUT_DIR="adversarial_results_ep200_pre200" adversarial_hpc_submit.pbs </dev/null
[2026-09-03 18:15:38] [OK] ConvNeXt/Cifar100/FGSM/ALL
[2026-09-03 18:15:40] [OK] qsub output: Your job 6455564 ("adversarial_hpc_submit.pbs") has been submitted
[2026-09-03 18:15:40] [SUBMIT] ConvNeXt/Cifar100/IFGSM/ALL
[2026-09-03 18:15:40] [CMD] qsub -q all.q -l ngpus=1 -v MODEL="ConvNeXt",DATASET="Cifar100",ATTACK="IFGSM",KIND="ALL",PHASE="generate",OUTPUT_DIR="adversarial_results_ep300_pre100" adversarial_hpc_submit.pbs </dev/null
[2026-09-03 18:15:42] [OK] ConvNeXt/Cifar100/APGD/ALL
[2026-09-03 18:15:42] [OK] qsub output: Your job 6455565 ("adversarial_hpc_submit.pbs") has been submitted
[2026-09-03 18:15:42] [SUBMIT] ConvNeXt/Cifar100/CW/ALL
[2026-09-03 18:15:44] [CMD] qsub -q all.q -l ngpus=1 -v MODEL="ConvNeXt",DATASET="Cifar100",ATTACK="CW",KIND="ALL",PHASE="generate",OUTPUT_DIR="adversarial_results_ep100_pre300" adversarial_hpc_submit.pbs </dev/null
[2026-09-03 18:15:45] [OK] ConvNeXt/Cifar100/BIM/ALL
[2026-09-03 18:15:46] [OK] qsub output: Your job 6455566 ("adversarial_hpc_submit.pbs") has been submitted
[2026-09-03 18:15:48] [SUBMIT] ConvNeXt/Cifar100/APGD/ALL
[2026-09-03 18:15:48] [CMD] qsub -q all.q -l ngpus=1 -v MODEL="ConvNeXt",DATASET="Cifar100",ATTACK="APGD",KIND="ALL",PHASE="generate",OUTPUT_DIR="adversarial_results_ep200_pre200" adversarial_hpc_submit.pbs </dev/null
[2026-09-03 18:15:48] [OK] ConvNeXt/Cifar100/IFGSM/ALL
[2026-09-03 18:15:51] [OK] qsub output: Your job 6455567 ("adversarial_hpc_submit.pbs") has been submitted
[2026-09-03 18:15:51] [OK] ConvNeXt/Cifar100/CW/ALL
[2026-09-03 18:15:53] [SUBMIT] ConvNeXt/Cifar100/BIM/ALL
[2026-09-03 18:15:53] [OK] qsub output: Your job 6455568 ("adversarial_hpc_submit.pbs") has been submitted
[2026-09-03 18:15:54] [OK] ConvNeXt/Cifar100/APGD/ALL
[2026-09-03 18:15:57] [CMD] qsub -q all.q -l ngpus=1 -v MODEL="ConvNeXt",DATASET="Cifar100",ATTACK="BIM",KIND="ALL",PHASE="generate",OUTPUT_DIR="adversarial_results_ep300_pre100" adversarial_hpc_submit.pbs </dev/null
[2026-09-03 18:15:59] [SUBMIT] ConvNeXt/Cifar100/DeepFool/ALL
[2026-09-03 18:16:02] [OK] qsub output: Your job 6455569 ("adversarial_hpc_submit.pbs") has been submitted
[2026-09-03 18:16:04] [CMD] qsub -q all.q -l ngpus=1 -v MODEL="ConvNeXt",DATASET="Cifar100",ATTACK="DeepFool",KIND="ALL",PHASE="generate",OUTPUT_DIR="adversarial_results_ep100_pre300" adversarial_hpc_submit.pbs </dev/null
[2026-09-03 18:16:04] [SUBMIT] ConvNeXt/Cifar100/CW/ALL
[2026-09-03 18:16:04] [CMD] qsub -q all.q -l ngpus=1 -v MODEL="ConvNeXt",DATASET="Cifar100",ATTACK="CW",KIND="ALL",PHASE="generate",OUTPUT_DIR="adversarial_results_ep200_pre200" adversarial_hpc_submit.pbs </dev/null
[2026-09-03 18:16:05] [OK] ConvNeXt/Cifar100/BIM/ALL
[2026-09-03 18:16:07] [OK] ConvNeXt/Cifar100/DeepFool/ALL
[2026-09-03 18:16:09] [OK] qsub output: Your job 6455571 ("adversarial_hpc_submit.pbs") has been submitted
[2026-09-03 18:16:09] [OK] qsub output: Your job 6455572 ("adversarial_hpc_submit.pbs") has been submitted
[2026-09-03 18:16:09] [SUBMIT] ConvNeXt/Cifar100/APGD/ALL
[2026-09-03 18:16:09] [SUCCESS] Submitted 84 jobs
[2026-09-03 18:16:09] [CMD] qsub -q all.q -l ngpus=1 -v MODEL="ConvNeXt",DATASET="Cifar100",ATTACK="APGD",KIND="ALL",PHASE="generate",OUTPUT_DIR="adversarial_results_ep300_pre100" adversarial_hpc_submit.pbs </dev/null
[2026-09-03 18:16:09] Monitor progress with: qstat
[2026-09-03 18:16:09] ============================================================================
[2026-09-03 18:16:09] Job submission complete. Check logs/ for details.
[2026-09-03 18:16:09] Run log saved to: /Users/jgafur/LTH/manuscript/Tranfer/logs/adversarial_orchestrate_generate_20260903_175619.log
[2026-09-03 18:16:10] ============================================================================
[2026-09-03 18:16:12] [OK] ConvNeXt/Cifar100/APGD/ALL
[2026-09-03 18:16:12] [OK] ConvNeXt/Cifar100/CW/ALL
[2026-09-03 18:16:27] [OK] qsub output: Your job 6455574 ("adversarial_hpc_submit.pbs") has been submitted
[2026-09-03 18:16:27] [OK] qsub output: Your job 6455573 ("adversarial_hpc_submit.pbs") has been submitted
[2026-09-03 18:16:44] [SUBMIT] ConvNeXt/Cifar100/CW/ALL
[2026-09-03 18:16:50] [SUBMIT] ConvNeXt/Cifar100/DeepFool/ALL
[2026-09-03 18:16:51] [CMD] qsub -q all.q -l ngpus=1 -v MODEL="ConvNeXt",DATASET="Cifar100",ATTACK="CW",KIND="ALL",PHASE="generate",OUTPUT_DIR="adversarial_results_ep300_pre100" adversarial_hpc_submit.pbs </dev/null
[2026-09-03 18:16:56] [CMD] qsub -q all.q -l ngpus=1 -v MODEL="ConvNeXt",DATASET="Cifar100",ATTACK="DeepFool",KIND="ALL",PHASE="generate",OUTPUT_DIR="adversarial_results_ep200_pre200" adversarial_hpc_submit.pbs </dev/null
[2026-09-03 18:17:20] [OK] ConvNeXt/Cifar100/CW/ALL
[2026-09-03 18:17:21] [OK] ConvNeXt/Cifar100/DeepFool/ALL
[2026-09-03 18:17:33] [OK] qsub output: Your job 6455576 ("adversarial_hpc_submit.pbs") has been submitted
[2026-09-03 18:17:39] [OK] qsub output: Your job 6455577 ("adversarial_hpc_submit.pbs") has been submitted
[2026-09-03 18:17:40] [SUBMIT] ConvNeXt/Cifar100/DeepFool/ALL
[2026-09-03 18:17:40] [SUCCESS] Submitted 84 jobs
[2026-09-03 18:17:40] [CMD] qsub -q all.q -l ngpus=1 -v MODEL="ConvNeXt",DATASET="Cifar100",ATTACK="DeepFool",KIND="ALL",PHASE="generate",OUTPUT_DIR="adversarial_results_ep300_pre100" adversarial_hpc_submit.pbs </dev/null
[2026-09-03 18:17:40] Monitor progress with: qstat
[2026-09-03 18:17:40] ============================================================================
[2026-09-03 18:17:40] Job submission complete. Check logs/ for details.
[2026-09-03 18:17:40] Run log saved to: /Users/jgafur/LTH/manuscript/Tranfer/logs/adversarial_orchestrate_generate_20260903_175619.log
[2026-09-03 18:17:40] ============================================================================
[2026-09-03 18:17:42] [OK] ConvNeXt/Cifar100/DeepFool/ALL
[2026-09-03 18:17:44] [OK] qsub output: Your job 6455579 ("adversarial_hpc_submit.pbs") has been submitted
[2026-09-03 18:17:47] [SUCCESS] Submitted 84 jobs
[2026-09-03 18:17:47] Monitor progress with: qstat
[2026-09-03 18:17:47] ============================================================================
[2026-09-03 18:17:47] Job submission complete. Check logs/ for details.
[2026-09-03 18:17:47] Run log saved to: /Users/jgafur/LTH/manuscript/Tranfer/logs/adversarial_orchestrate_generate_20260903_175619.log
[2026-09-03 18:17:47] ============================================================================
