[2026-09-11 09:01:49] Starting orchestration script
[2026-09-11 09:01:49] Starting orchestration script
[2026-09-11 09:01:49] Starting orchestration script
[2026-09-11 09:01:49] Script path: /Users/jgafur/LTH/manuscript/Tranfer
[2026-09-11 09:01:49] Script path: /Users/jgafur/LTH/manuscript/Tranfer
[2026-09-11 09:01:49] Script path: /Users/jgafur/LTH/manuscript/Tranfer
[2026-09-11 09:01:49] Current working directory: /Users/jgafur/LTH/manuscript/Tranfer
[2026-09-11 09:01:49] Current working directory: /Users/jgafur/LTH/manuscript/Tranfer
[2026-09-11 09:01:49] Current working directory: /Users/jgafur/LTH/manuscript/Tranfer
[2026-09-11 09:01:49] Phase: generate
[2026-09-11 09:01:49] Phase: generate
[2026-09-11 09:01:49] Phase: generate
[2026-09-11 09:01:49] Output directory: adversarial_results_ep300_pre100
[2026-09-11 09:01:49] Output directory: adversarial_results_ep100_pre300
[2026-09-11 09:01:49] Output directory: adversarial_results_ep200_pre200
[2026-09-11 09:01:49] Model filter: ALL
[2026-09-11 09:01:49] Model filter: ALL
[2026-09-11 09:01:49] Model filter: ALL
[2026-09-11 09:01:49] Dataset filter: ALL
[2026-09-11 09:01:49] Dataset filter: ALL
[2026-09-11 09:01:49] Dataset filter: ALL
[2026-09-11 09:01:49] Attack filter: ALL
[2026-09-11 09:01:49] Attack filter: ALL
[2026-09-11 09:01:49] Kind filter: ALL
[2026-09-11 09:01:49] Attack filter: ALL
[2026-09-11 09:01:49] Kind filter: ALL
[2026-09-11 09:01:49] Run log: /Users/jgafur/LTH/manuscript/Tranfer/logs/adversarial_orchestrate_generate_20260911_090149.log
[2026-09-11 09:01:49] Kind filter: ALL
[2026-09-11 09:01:49] Run log: /Users/jgafur/LTH/manuscript/Tranfer/logs/adversarial_orchestrate_generate_20260911_090149.log
[2026-09-11 09:01:49] qsub command found: /opt/sge/bin/lx-amd64/qsub
[2026-09-11 09:01:49] Run log: /Users/jgafur/LTH/manuscript/Tranfer/logs/adversarial_orchestrate_generate_20260911_090149.log
[2026-09-11 09:01:49] qsub command found: /opt/sge/bin/lx-amd64/qsub
[2026-09-11 09:01:49] Found submission file: /Users/jgafur/LTH/manuscript/Tranfer/adversarial_hpc_submit.pbs
[2026-09-11 09:01:49] qsub command found: /opt/sge/bin/lx-amd64/qsub
[2026-09-11 09:01:49] Found submission file: /Users/jgafur/LTH/manuscript/Tranfer/adversarial_hpc_submit.pbs
[2026-09-11 09:01:49] ============================================================================
[2026-09-11 09:01:49] Found submission file: /Users/jgafur/LTH/manuscript/Tranfer/adversarial_hpc_submit.pbs
[2026-09-11 09:01:49] ============================================================================
[2026-09-11 09:01:49] Adversarial Analysis HPC Orchestration
[2026-09-11 09:01:49] ============================================================================
[2026-09-11 09:01:49] Adversarial Analysis HPC Orchestration
[2026-09-11 09:01:49] Adversarial Analysis HPC Orchestration
[2026-09-11 09:01:49] ============================================================================
[2026-09-11 09:01:49] ============================================================================
[2026-09-11 09:01:49] ============================================================================
[2026-09-11 09:01:49] Phase:       generate
[2026-09-11 09:01:49] Phase:       generate
[2026-09-11 09:01:49] Phase:       generate
[2026-09-11 09:01:49] Output Dir:  adversarial_results_ep300_pre100
[2026-09-11 09:01:49] Output Dir:  adversarial_results_ep100_pre300
[2026-09-11 09:01:49] Output Dir:  adversarial_results_ep200_pre200
[2026-09-11 09:01:49] Models:      6 architectures
[2026-09-11 09:01:49] Models:      6 architectures
[2026-09-11 09:01:49] Models:      6 architectures
[2026-09-11 09:01:49] Datasets:    3 datasets
[2026-09-11 09:01:49] Datasets:    3 datasets
[2026-09-11 09:01:49] Datasets:    3 datasets
[2026-09-11 09:01:49] Attacks:     7 attack types
[2026-09-11 09:01:49] Attacks:     7 attack types
[2026-09-11 09:01:49] Attacks:     7 attack types
[2026-09-11 09:01:49] Total Jobs:  ~126
[2026-09-11 09:01:49] Total Jobs:  ~126
[2026-09-11 09:01:49] Total Jobs:  ~126
[2026-09-11 09:01:49] ============================================================================
[2026-09-11 09:01:49] ============================================================================
[2026-09-11 09:01:49] ============================================================================
[2026-09-11 09:01:49] Run outputs will be written as txt files in manuscript/Tranfer/
[2026-09-11 09:01:49] Run outputs will be written as txt files in manuscript/Tranfer/
[2026-09-11 09:01:49] Run outputs will be written as txt files in manuscript/Tranfer/
[2026-09-11 09:01:49]   - generate:      <MODEL>_<DATASET>_<ATTACK>_<KIND>_generate_run.txt
[2026-09-11 09:01:49]   - generate:      <MODEL>_<DATASET>_<ATTACK>_<KIND>_generate_run.txt
[2026-09-11 09:01:49]   - generate:      <MODEL>_<DATASET>_<ATTACK>_<KIND>_generate_run.txt
[2026-09-11 09:01:49]   - analyze:       adversarial_analyze_run.txt
[2026-09-11 09:01:49]   - analyze:       adversarial_analyze_run.txt
[2026-09-11 09:01:49]   - analyze:       adversarial_analyze_run.txt
[2026-09-11 09:01:49]   - plot:          adversarial_plot_run.txt
[2026-09-11 09:01:49]   - plot:          adversarial_plot_run.txt
[2026-09-11 09:01:49]   - gradient_sim:  adversarial_gradient_sim_run.txt
[2026-09-11 09:01:49]   - plot:          adversarial_plot_run.txt
[2026-09-11 09:01:49]   - gradient_sim:  adversarial_gradient_sim_run.txt
[2026-09-11 09:01:49]   - epsilon_sweep: adversarial_epsilon_sweep_run.txt
[2026-09-11 09:01:49]   - gradient_sim:  adversarial_gradient_sim_run.txt
[2026-09-11 09:01:49]   - epsilon_sweep: adversarial_epsilon_sweep_run.txt
[2026-09-11 09:01:49]   - statistics:    adversarial_statistics_run.txt
[2026-09-11 09:01:49]   - epsilon_sweep: adversarial_epsilon_sweep_run.txt
[2026-09-11 09:01:49]   - statistics:    adversarial_statistics_run.txt
[2026-09-11 09:01:49]   - statistics:    adversarial_statistics_run.txt
[2026-09-11 09:01:49]   - cka:           adversarial_cka_run.txt
[2026-09-11 09:01:49]   - cka:           adversarial_cka_run.txt
[2026-09-11 09:01:49]   - compare:       adversarial_compare_run.txt
[2026-09-11 09:01:49]   - cka:           adversarial_cka_run.txt
[2026-09-11 09:01:49]   - compare:       adversarial_compare_run.txt
[2026-09-11 09:01:49]   - compute_tradeoff: adversarial_compute_tradeoff_run.txt
[2026-09-11 09:01:49]   - compute_tradeoff: adversarial_compute_tradeoff_run.txt
[2026-09-11 09:01:49]   - compare:       adversarial_compare_run.txt
[2026-09-11 09:01:49]   - correlations:  adversarial_correlations_run.txt
[2026-09-11 09:01:50]   - correlations:  adversarial_correlations_run.txt
[2026-09-11 09:01:50]   - compute_tradeoff: adversarial_compute_tradeoff_run.txt
[2026-09-11 09:01:50] [PHASE: GENERATE] Submitting attack generation jobs...
[2026-09-11 09:01:50]   - correlations:  adversarial_correlations_run.txt
[2026-09-11 09:01:50] [PHASE: GENERATE] Submitting attack generation jobs...
[2026-09-11 09:01:50] [SUBMIT] VGG16/Cifar10/PGD/ALL
[2026-09-11 09:01:50] [PHASE: GENERATE] Submitting attack generation jobs...
[2026-09-11 09:01:50] [SUBMIT] VGG16/Cifar10/PGD/ALL
[2026-09-11 09:01:50] [CMD] qsub -q all.q -l ngpus=1 -v MODEL="VGG16",DATASET="Cifar10",ATTACK="PGD",KIND="ALL",PHASE="generate",OUTPUT_DIR="adversarial_results_ep200_pre200" adversarial_hpc_submit.pbs </dev/null
[2026-09-11 09:01:50] [CMD] qsub -q all.q -l ngpus=1 -v MODEL="VGG16",DATASET="Cifar10",ATTACK="PGD",KIND="ALL",PHASE="generate",OUTPUT_DIR="adversarial_results_ep100_pre300" adversarial_hpc_submit.pbs </dev/null
[2026-09-11 09:01:50] [SUBMIT] VGG16/Cifar10/PGD/ALL
[2026-09-11 09:01:50] [CMD] qsub -q all.q -l ngpus=1 -v MODEL="VGG16",DATASET="Cifar10",ATTACK="PGD",KIND="ALL",PHASE="generate",OUTPUT_DIR="adversarial_results_ep300_pre100" adversarial_hpc_submit.pbs </dev/null
[2026-09-11 09:01:55] [OK] VGG16/Cifar10/PGD/ALL
[2026-09-11 09:01:55] [OK] qsub output: Your job 6503723 ("adversarial_hpc_submit.pbs") has been submitted
[2026-09-11 09:01:55] [SUBMIT] VGG16/Cifar10/FGSM/ALL
[2026-09-11 09:01:55] [CMD] qsub -q all.q -l ngpus=1 -v MODEL="VGG16",DATASET="Cifar10",ATTACK="FGSM",KIND="ALL",PHASE="generate",OUTPUT_DIR="adversarial_results_ep200_pre200" adversarial_hpc_submit.pbs </dev/null
[2026-09-11 09:02:04] [OK] VGG16/Cifar10/PGD/ALL
[2026-09-11 09:02:05] [OK] VGG16/Cifar10/FGSM/ALL
[2026-09-11 09:02:05] [OK] qsub output: Your job 6503724 ("adversarial_hpc_submit.pbs") has been submitted
[2026-09-11 09:02:06] [OK] VGG16/Cifar10/PGD/ALL
[2026-09-11 09:02:07] [OK] qsub output: Your job 6503726 ("adversarial_hpc_submit.pbs") has been submitted
[2026-09-11 09:02:08] [SUBMIT] VGG16/Cifar10/FGSM/ALL
[2026-09-11 09:02:08] [OK] qsub output: Your job 6503725 ("adversarial_hpc_submit.pbs") has been submitted
[2026-09-11 09:02:08] [CMD] qsub -q all.q -l ngpus=1 -v MODEL="VGG16",DATASET="Cifar10",ATTACK="FGSM",KIND="ALL",PHASE="generate",OUTPUT_DIR="adversarial_results_ep300_pre100" adversarial_hpc_submit.pbs </dev/null
[2026-09-11 09:02:08] [SUBMIT] VGG16/Cifar10/IFGSM/ALL
[2026-09-11 09:02:08] [SUBMIT] VGG16/Cifar10/FGSM/ALL
[2026-09-11 09:02:08] [CMD] qsub -q all.q -l ngpus=1 -v MODEL="VGG16",DATASET="Cifar10",ATTACK="IFGSM",KIND="ALL",PHASE="generate",OUTPUT_DIR="adversarial_results_ep200_pre200" adversarial_hpc_submit.pbs </dev/null
[2026-09-11 09:02:08] [CMD] qsub -q all.q -l ngpus=1 -v MODEL="VGG16",DATASET="Cifar10",ATTACK="FGSM",KIND="ALL",PHASE="generate",OUTPUT_DIR="adversarial_results_ep100_pre300" adversarial_hpc_submit.pbs </dev/null
[2026-09-11 09:02:15] [OK] VGG16/Cifar10/IFGSM/ALL
[2026-09-11 09:02:15] [OK] qsub output: Your job 6503729 ("adversarial_hpc_submit.pbs") has been submitted
[2026-09-11 09:02:15] [SUBMIT] VGG16/Cifar10/BIM/ALL
[2026-09-11 09:02:15] [CMD] qsub -q all.q -l ngpus=1 -v MODEL="VGG16",DATASET="Cifar10",ATTACK="BIM",KIND="ALL",PHASE="generate",OUTPUT_DIR="adversarial_results_ep200_pre200" adversarial_hpc_submit.pbs </dev/null
[2026-09-11 09:02:16] [OK] VGG16/Cifar10/FGSM/ALL
[2026-09-11 09:02:16] [OK] qsub output: Your job 6503728 ("adversarial_hpc_submit.pbs") has been submitted
[2026-09-11 09:02:16] [SUBMIT] VGG16/Cifar10/IFGSM/ALL
[2026-09-11 09:02:16] [CMD] qsub -q all.q -l ngpus=1 -v MODEL="VGG16",DATASET="Cifar10",ATTACK="IFGSM",KIND="ALL",PHASE="generate",OUTPUT_DIR="adversarial_results_ep300_pre100" adversarial_hpc_submit.pbs </dev/null
[2026-09-11 09:02:18] [OK] VGG16/Cifar10/BIM/ALL
[2026-09-11 09:02:18] [OK] qsub output: Your job 6503731 ("adversarial_hpc_submit.pbs") has been submitted
[2026-09-11 09:02:18] [SUBMIT] VGG16/Cifar10/APGD/ALL
[2026-09-11 09:02:18] [CMD] qsub -q all.q -l ngpus=1 -v MODEL="VGG16",DATASET="Cifar10",ATTACK="APGD",KIND="ALL",PHASE="generate",OUTPUT_DIR="adversarial_results_ep200_pre200" adversarial_hpc_submit.pbs </dev/null
[2026-09-11 09:02:19] [OK] VGG16/Cifar10/IFGSM/ALL
[2026-09-11 09:02:19] [OK] qsub output: Your job 6503732 ("adversarial_hpc_submit.pbs") has been submitted
[2026-09-11 09:02:19] [SUBMIT] VGG16/Cifar10/BIM/ALL
[2026-09-11 09:02:19] [CMD] qsub -q all.q -l ngpus=1 -v MODEL="VGG16",DATASET="Cifar10",ATTACK="BIM",KIND="ALL",PHASE="generate",OUTPUT_DIR="adversarial_results_ep300_pre100" adversarial_hpc_submit.pbs </dev/null
[2026-09-11 09:02:22] [OK] VGG16/Cifar10/FGSM/ALL
[2026-09-11 09:02:22] [OK] qsub output: Your job 6503730 ("adversarial_hpc_submit.pbs") has been submitted
[2026-09-11 09:02:22] [SUBMIT] VGG16/Cifar10/IFGSM/ALL
[2026-09-11 09:02:22] [CMD] qsub -q all.q -l ngpus=1 -v MODEL="VGG16",DATASET="Cifar10",ATTACK="IFGSM",KIND="ALL",PHASE="generate",OUTPUT_DIR="adversarial_results_ep100_pre300" adversarial_hpc_submit.pbs </dev/null
[2026-09-11 09:02:28] [OK] VGG16/Cifar10/APGD/ALL
[2026-09-11 09:02:28] [OK] qsub output: Your job 6503733 ("adversarial_hpc_submit.pbs") has been submitted
[2026-09-11 09:02:28] [SUBMIT] VGG16/Cifar10/CW/ALL
[2026-09-11 09:02:28] [CMD] qsub -q all.q -l ngpus=1 -v MODEL="VGG16",DATASET="Cifar10",ATTACK="CW",KIND="ALL",PHASE="generate",OUTPUT_DIR="adversarial_results_ep200_pre200" adversarial_hpc_submit.pbs </dev/null
[2026-09-11 09:02:29] [OK] VGG16/Cifar10/BIM/ALL
[2026-09-11 09:02:29] [OK] qsub output: Your job 6503734 ("adversarial_hpc_submit.pbs") has been submitted
[2026-09-11 09:02:29] [SUBMIT] VGG16/Cifar10/APGD/ALL
[2026-09-11 09:02:29] [CMD] qsub -q all.q -l ngpus=1 -v MODEL="VGG16",DATASET="Cifar10",ATTACK="APGD",KIND="ALL",PHASE="generate",OUTPUT_DIR="adversarial_results_ep300_pre100" adversarial_hpc_submit.pbs </dev/null
[2026-09-11 09:02:30] [OK] VGG16/Cifar10/IFGSM/ALL
[2026-09-11 09:02:30] [OK] qsub output: Your job 6503735 ("adversarial_hpc_submit.pbs") has been submitted
[2026-09-11 09:02:30] [SUBMIT] VGG16/Cifar10/BIM/ALL
[2026-09-11 09:02:30] [CMD] qsub -q all.q -l ngpus=1 -v MODEL="VGG16",DATASET="Cifar10",ATTACK="BIM",KIND="ALL",PHASE="generate",OUTPUT_DIR="adversarial_results_ep100_pre300" adversarial_hpc_submit.pbs </dev/null
[2026-09-11 09:02:33] [OK] VGG16/Cifar10/CW/ALL
[2026-09-11 09:02:33] [OK] qsub output: Your job 6503736 ("adversarial_hpc_submit.pbs") has been submitted
[2026-09-11 09:02:33] [SUBMIT] VGG16/Cifar10/DeepFool/ALL
[2026-09-11 09:02:33] [CMD] qsub -q all.q -l ngpus=1 -v MODEL="VGG16",DATASET="Cifar10",ATTACK="DeepFool",KIND="ALL",PHASE="generate",OUTPUT_DIR="adversarial_results_ep200_pre200" adversarial_hpc_submit.pbs </dev/null
[2026-09-11 09:02:35] [OK] VGG16/Cifar10/APGD/ALL
[2026-09-11 09:02:35] [OK] qsub output: Your job 6503737 ("adversarial_hpc_submit.pbs") has been submitted
[2026-09-11 09:02:38] [SUBMIT] VGG16/Cifar10/CW/ALL
[2026-09-11 09:02:36] [OK] VGG16/Cifar10/DeepFool/ALL
[2026-09-11 09:02:40] [OK] VGG16/Cifar10/BIM/ALL
[2026-09-11 09:02:55] [CMD] qsub -q all.q -l ngpus=1 -v MODEL="VGG16",DATASET="Cifar10",ATTACK="CW",KIND="ALL",PHASE="generate",OUTPUT_DIR="adversarial_results_ep300_pre100" adversarial_hpc_submit.pbs </dev/null
[2026-09-11 09:02:55] [OK] qsub output: Your job 6503739 ("adversarial_hpc_submit.pbs") has been submitted
[2026-09-11 09:02:59] [OK] qsub output: Your job 6503738 ("adversarial_hpc_submit.pbs") has been submitted
[2026-09-11 09:03:02] [SUBMIT] VGG16/Cifar100/PGD/ALL
[2026-09-11 09:03:03] [SUBMIT] VGG16/Cifar10/APGD/ALL
[2026-09-11 09:03:03] [OK] VGG16/Cifar10/CW/ALL
[2026-09-11 09:03:04] [CMD] qsub -q all.q -l ngpus=1 -v MODEL="VGG16",DATASET="Cifar100",ATTACK="PGD",KIND="ALL",PHASE="generate",OUTPUT_DIR="adversarial_results_ep200_pre200" adversarial_hpc_submit.pbs </dev/null
[2026-09-11 09:03:06] [CMD] qsub -q all.q -l ngpus=1 -v MODEL="VGG16",DATASET="Cifar10",ATTACK="APGD",KIND="ALL",PHASE="generate",OUTPUT_DIR="adversarial_results_ep100_pre300" adversarial_hpc_submit.pbs </dev/null
[2026-09-11 09:03:08] [OK] qsub output: Your job 6503741 ("adversarial_hpc_submit.pbs") has been submitted
[2026-09-11 09:03:10] [SUBMIT] VGG16/Cifar10/DeepFool/ALL
[2026-09-11 09:03:10] [OK] VGG16/Cifar100/PGD/ALL
[2026-09-11 09:03:10] [CMD] qsub -q all.q -l ngpus=1 -v MODEL="VGG16",DATASET="Cifar10",ATTACK="DeepFool",KIND="ALL",PHASE="generate",OUTPUT_DIR="adversarial_results_ep300_pre100" adversarial_hpc_submit.pbs </dev/null
[2026-09-11 09:03:11] [OK] qsub output: Your job 6503742 ("adversarial_hpc_submit.pbs") has been submitted
[2026-09-11 09:03:11] [SUBMIT] VGG16/Cifar100/FGSM/ALL
[2026-09-11 09:03:11] [CMD] qsub -q all.q -l ngpus=1 -v MODEL="VGG16",DATASET="Cifar100",ATTACK="FGSM",KIND="ALL",PHASE="generate",OUTPUT_DIR="adversarial_results_ep200_pre200" adversarial_hpc_submit.pbs </dev/null
[2026-09-11 09:03:18] [OK] VGG16/Cifar10/DeepFool/ALL
[2026-09-11 09:03:18] [OK] qsub output: Your job 6503744 ("adversarial_hpc_submit.pbs") has been submitted
[2026-09-11 09:03:18] [SUBMIT] VGG16/Cifar100/PGD/ALL
[2026-09-11 09:03:18] [CMD] qsub -q all.q -l ngpus=1 -v MODEL="VGG16",DATASET="Cifar100",ATTACK="PGD",KIND="ALL",PHASE="generate",OUTPUT_DIR="adversarial_results_ep300_pre100" adversarial_hpc_submit.pbs </dev/null
[2026-09-11 09:03:19] [OK] VGG16/Cifar10/APGD/ALL
[2026-09-11 09:03:19] [OK] qsub output: Your job 6503743 ("adversarial_hpc_submit.pbs") has been submitted
[2026-09-11 09:03:19] [SUBMIT] VGG16/Cifar10/CW/ALL
[2026-09-11 09:03:19] [CMD] qsub -q all.q -l ngpus=1 -v MODEL="VGG16",DATASET="Cifar10",ATTACK="CW",KIND="ALL",PHASE="generate",OUTPUT_DIR="adversarial_results_ep100_pre300" adversarial_hpc_submit.pbs </dev/null
[2026-09-11 09:03:20] [OK] VGG16/Cifar100/FGSM/ALL
[2026-09-11 09:03:20] [OK] qsub output: Your job 6503745 ("adversarial_hpc_submit.pbs") has been submitted
[2026-09-11 09:03:20] [SUBMIT] VGG16/Cifar100/IFGSM/ALL
[2026-09-11 09:03:20] [CMD] qsub -q all.q -l ngpus=1 -v MODEL="VGG16",DATASET="Cifar100",ATTACK="IFGSM",KIND="ALL",PHASE="generate",OUTPUT_DIR="adversarial_results_ep200_pre200" adversarial_hpc_submit.pbs </dev/null
[2026-09-11 09:03:23] [OK] VGG16/Cifar10/CW/ALL
[2026-09-11 09:03:23] [OK] qsub output: Your job 6503747 ("adversarial_hpc_submit.pbs") has been submitted
[2026-09-11 09:03:23] [SUBMIT] VGG16/Cifar10/DeepFool/ALL
[2026-09-11 09:03:23] [CMD] qsub -q all.q -l ngpus=1 -v MODEL="VGG16",DATASET="Cifar10",ATTACK="DeepFool",KIND="ALL",PHASE="generate",OUTPUT_DIR="adversarial_results_ep100_pre300" adversarial_hpc_submit.pbs </dev/null
[2026-09-11 09:03:25] [OK] VGG16/Cifar100/IFGSM/ALL
[2026-09-11 09:03:25] [OK] qsub output: Your job 6503748 ("adversarial_hpc_submit.pbs") has been submitted
[2026-09-11 09:03:25] [SUBMIT] VGG16/Cifar100/BIM/ALL
[2026-09-11 09:03:25] [CMD] qsub -q all.q -l ngpus=1 -v MODEL="VGG16",DATASET="Cifar100",ATTACK="BIM",KIND="ALL",PHASE="generate",OUTPUT_DIR="adversarial_results_ep200_pre200" adversarial_hpc_submit.pbs </dev/null
[2026-09-11 09:03:25] [OK] VGG16/Cifar100/PGD/ALL
[2026-09-11 09:03:25] [OK] qsub output: Your job 6503746 ("adversarial_hpc_submit.pbs") has been submitted
[2026-09-11 09:03:25] [SUBMIT] VGG16/Cifar100/FGSM/ALL
[2026-09-11 09:03:25] [CMD] qsub -q all.q -l ngpus=1 -v MODEL="VGG16",DATASET="Cifar100",ATTACK="FGSM",KIND="ALL",PHASE="generate",OUTPUT_DIR="adversarial_results_ep300_pre100" adversarial_hpc_submit.pbs </dev/null
[2026-09-11 09:03:33] [OK] VGG16/Cifar100/BIM/ALL
[2026-09-11 09:03:33] [OK] qsub output: Your job 6503750 ("adversarial_hpc_submit.pbs") has been submitted
[2026-09-11 09:03:33] [SUBMIT] VGG16/Cifar100/APGD/ALL
[2026-09-11 09:03:33] [CMD] qsub -q all.q -l ngpus=1 -v MODEL="VGG16",DATASET="Cifar100",ATTACK="APGD",KIND="ALL",PHASE="generate",OUTPUT_DIR="adversarial_results_ep200_pre200" adversarial_hpc_submit.pbs </dev/null
[2026-09-11 09:03:34] [OK] VGG16/Cifar10/DeepFool/ALL
[2026-09-11 09:03:34] [OK] qsub output: Your job 6503749 ("adversarial_hpc_submit.pbs") has been submitted
[2026-09-11 09:03:34] [SUBMIT] VGG16/Cifar100/PGD/ALL
[2026-09-11 09:03:34] [CMD] qsub -q all.q -l ngpus=1 -v MODEL="VGG16",DATASET="Cifar100",ATTACK="PGD",KIND="ALL",PHASE="generate",OUTPUT_DIR="adversarial_results_ep100_pre300" adversarial_hpc_submit.pbs </dev/null
[2026-09-11 09:03:49] [OK] VGG16/Cifar100/PGD/ALL
[2026-09-11 09:03:49] [OK] VGG16/Cifar100/FGSM/ALL
[2026-09-11 09:03:49] [OK] VGG16/Cifar100/APGD/ALL
[2026-09-11 09:03:51] [OK] qsub output: Your job 6503751 ("adversarial_hpc_submit.pbs") has been submitted
[2026-09-11 09:03:51] [OK] qsub output: Your job 6503753 ("adversarial_hpc_submit.pbs") has been submitted
[2026-09-11 09:03:53] [OK] qsub output: Your job 6503752 ("adversarial_hpc_submit.pbs") has been submitted
[2026-09-11 09:03:54] [SUBMIT] VGG16/Cifar100/IFGSM/ALL
[2026-09-11 09:03:54] [SUBMIT] VGG16/Cifar100/FGSM/ALL
[2026-09-11 09:03:54] [CMD] qsub -q all.q -l ngpus=1 -v MODEL="VGG16",DATASET="Cifar100",ATTACK="IFGSM",KIND="ALL",PHASE="generate",OUTPUT_DIR="adversarial_results_ep300_pre100" adversarial_hpc_submit.pbs </dev/null
[2026-09-11 09:03:54] [CMD] qsub -q all.q -l ngpus=1 -v MODEL="VGG16",DATASET="Cifar100",ATTACK="FGSM",KIND="ALL",PHASE="generate",OUTPUT_DIR="adversarial_results_ep100_pre300" adversarial_hpc_submit.pbs </dev/null
[2026-09-11 09:03:54] [SUBMIT] VGG16/Cifar100/CW/ALL
[2026-09-11 09:03:55] [CMD] qsub -q all.q -l ngpus=1 -v MODEL="VGG16",DATASET="Cifar100",ATTACK="CW",KIND="ALL",PHASE="generate",OUTPUT_DIR="adversarial_results_ep200_pre200" adversarial_hpc_submit.pbs </dev/null
[2026-09-11 09:03:59] [OK] VGG16/Cifar100/IFGSM/ALL
[2026-09-11 09:03:59] [OK] qsub output: Your job 6503756 ("adversarial_hpc_submit.pbs") has been submitted
[2026-09-11 09:03:59] [SUBMIT] VGG16/Cifar100/BIM/ALL
[2026-09-11 09:03:59] [CMD] qsub -q all.q -l ngpus=1 -v MODEL="VGG16",DATASET="Cifar100",ATTACK="BIM",KIND="ALL",PHASE="generate",OUTPUT_DIR="adversarial_results_ep300_pre100" adversarial_hpc_submit.pbs </dev/null
[2026-09-11 09:04:06] [OK] VGG16/Cifar100/CW/ALL
[2026-09-11 09:04:06] [OK] qsub output: Your job 6503758 ("adversarial_hpc_submit.pbs") has been submitted
[2026-09-11 09:04:06] [SUBMIT] VGG16/Cifar100/DeepFool/ALL
[2026-09-11 09:04:07] [CMD] qsub -q all.q -l ngpus=1 -v MODEL="VGG16",DATASET="Cifar100",ATTACK="DeepFool",KIND="ALL",PHASE="generate",OUTPUT_DIR="adversarial_results_ep200_pre200" adversarial_hpc_submit.pbs </dev/null
[2026-09-11 09:04:08] [OK] VGG16/Cifar100/FGSM/ALL
[2026-09-11 09:04:09] [OK] VGG16/Cifar100/BIM/ALL
[2026-09-11 09:04:11] [OK] qsub output: Your job 6503757 ("adversarial_hpc_submit.pbs") has been submitted
[2026-09-11 09:04:14] [OK] qsub output: Your job 6503759 ("adversarial_hpc_submit.pbs") has been submitted
[2026-09-11 09:04:16] [SUBMIT] VGG16/Cifar100/IFGSM/ALL
[2026-09-11 09:04:19] [OK] VGG16/Cifar100/DeepFool/ALL
[2026-09-11 09:04:20] [SUBMIT] VGG16/Cifar100/APGD/ALL
[2026-09-11 09:04:21] [CMD] qsub -q all.q -l ngpus=1 -v MODEL="VGG16",DATASET="Cifar100",ATTACK="IFGSM",KIND="ALL",PHASE="generate",OUTPUT_DIR="adversarial_results_ep100_pre300" adversarial_hpc_submit.pbs </dev/null
[2026-09-11 09:04:21] [OK] qsub output: Your job 6503760 ("adversarial_hpc_submit.pbs") has been submitted
[2026-09-11 09:04:21] [CMD] qsub -q all.q -l ngpus=1 -v MODEL="VGG16",DATASET="Cifar100",ATTACK="APGD",KIND="ALL",PHASE="generate",OUTPUT_DIR="adversarial_results_ep300_pre100" adversarial_hpc_submit.pbs </dev/null
[2026-09-11 09:04:21] [SUBMIT] VGG16/TinyImageNet/PGD/ALL
[2026-09-11 09:04:21] [CMD] qsub -q all.q -l ngpus=1 -v MODEL="VGG16",DATASET="TinyImageNet",ATTACK="PGD",KIND="ALL",PHASE="generate",OUTPUT_DIR="adversarial_results_ep200_pre200" adversarial_hpc_submit.pbs </dev/null
[2026-09-11 09:04:25] [OK] VGG16/Cifar100/IFGSM/ALL
[2026-09-11 09:04:25] [OK] qsub output: Your job 6503763 ("adversarial_hpc_submit.pbs") has been submitted
[2026-09-11 09:04:25] [SUBMIT] VGG16/Cifar100/BIM/ALL
[2026-09-11 09:04:25] [CMD] qsub -q all.q -l ngpus=1 -v MODEL="VGG16",DATASET="Cifar100",ATTACK="BIM",KIND="ALL",PHASE="generate",OUTPUT_DIR="adversarial_results_ep100_pre300" adversarial_hpc_submit.pbs </dev/null
[2026-09-11 09:04:31] [OK] VGG16/Cifar100/APGD/ALL
[2026-09-11 09:04:31] [OK] qsub output: Your job 6503764 ("adversarial_hpc_submit.pbs") has been submitted
[2026-09-11 09:04:31] [OK] VGG16/TinyImageNet/PGD/ALL
[2026-09-11 09:04:31] [OK] qsub output: Your job 6503765 ("adversarial_hpc_submit.pbs") has been submitted
[2026-09-11 09:04:31] [SUBMIT] VGG16/Cifar100/CW/ALL
[2026-09-11 09:04:31] [CMD] qsub -q all.q -l ngpus=1 -v MODEL="VGG16",DATASET="Cifar100",ATTACK="CW",KIND="ALL",PHASE="generate",OUTPUT_DIR="adversarial_results_ep300_pre100" adversarial_hpc_submit.pbs </dev/null
[2026-09-11 09:04:31] [SUBMIT] VGG16/TinyImageNet/FGSM/ALL
[2026-09-11 09:04:31] [CMD] qsub -q all.q -l ngpus=1 -v MODEL="VGG16",DATASET="TinyImageNet",ATTACK="FGSM",KIND="ALL",PHASE="generate",OUTPUT_DIR="adversarial_results_ep200_pre200" adversarial_hpc_submit.pbs </dev/null
[2026-09-11 09:04:38] [OK] VGG16/Cifar100/BIM/ALL
[2026-09-11 09:04:39] [OK] VGG16/Cifar100/CW/ALL
[2026-09-11 09:04:39] [OK] VGG16/TinyImageNet/FGSM/ALL
[2026-09-11 09:04:39] [OK] qsub output: Your job 6503767 ("adversarial_hpc_submit.pbs") has been submitted
[2026-09-11 09:04:46] [OK] qsub output: Your job 6503769 ("adversarial_hpc_submit.pbs") has been submitted
[2026-09-11 09:04:46] [OK] qsub output: Your job 6503768 ("adversarial_hpc_submit.pbs") has been submitted
[2026-09-11 09:04:49] [SUBMIT] VGG16/Cifar100/APGD/ALL
[2026-09-11 09:04:51] [SUBMIT] VGG16/TinyImageNet/IFGSM/ALL
[2026-09-11 09:04:54] [SUBMIT] VGG16/Cifar100/DeepFool/ALL
[2026-09-11 09:04:56] [CMD] qsub -q all.q -l ngpus=1 -v MODEL="VGG16",DATASET="Cifar100",ATTACK="APGD",KIND="ALL",PHASE="generate",OUTPUT_DIR="adversarial_results_ep100_pre300" adversarial_hpc_submit.pbs </dev/null
[2026-09-11 09:04:56] [CMD] qsub -q all.q -l ngpus=1 -v MODEL="VGG16",DATASET="TinyImageNet",ATTACK="IFGSM",KIND="ALL",PHASE="generate",OUTPUT_DIR="adversarial_results_ep200_pre200" adversarial_hpc_submit.pbs </dev/null
[2026-09-11 09:04:57] [CMD] qsub -q all.q -l ngpus=1 -v MODEL="VGG16",DATASET="Cifar100",ATTACK="DeepFool",KIND="ALL",PHASE="generate",OUTPUT_DIR="adversarial_results_ep300_pre100" adversarial_hpc_submit.pbs </dev/null
[2026-09-11 09:05:06] [OK] VGG16/Cifar100/APGD/ALL
[2026-09-11 09:05:06] [OK] qsub output: Your job 6503771 ("adversarial_hpc_submit.pbs") has been submitted
[2026-09-11 09:05:06] [SUBMIT] VGG16/Cifar100/CW/ALL
[2026-09-11 09:05:06] [CMD] qsub -q all.q -l ngpus=1 -v MODEL="VGG16",DATASET="Cifar100",ATTACK="CW",KIND="ALL",PHASE="generate",OUTPUT_DIR="adversarial_results_ep100_pre300" adversarial_hpc_submit.pbs </dev/null
[2026-09-11 09:05:08] [OK] VGG16/TinyImageNet/IFGSM/ALL
[2026-09-11 09:05:12] [OK] VGG16/Cifar100/DeepFool/ALL
[2026-09-11 09:05:12] [OK] qsub output: Your job 6503772 ("adversarial_hpc_submit.pbs") has been submitted
[2026-09-11 09:05:12] [OK] qsub output: Your job 6503773 ("adversarial_hpc_submit.pbs") has been submitted
[2026-09-11 09:05:13] [SUBMIT] VGG16/TinyImageNet/BIM/ALL
[2026-09-11 09:05:14] [SUBMIT] VGG16/TinyImageNet/PGD/ALL
[2026-09-11 09:05:14] [CMD] qsub -q all.q -l ngpus=1 -v MODEL="VGG16",DATASET="TinyImageNet",ATTACK="BIM",KIND="ALL",PHASE="generate",OUTPUT_DIR="adversarial_results_ep200_pre200" adversarial_hpc_submit.pbs </dev/null
[2026-09-11 09:05:15] [CMD] qsub -q all.q -l ngpus=1 -v MODEL="VGG16",DATASET="TinyImageNet",ATTACK="PGD",KIND="ALL",PHASE="generate",OUTPUT_DIR="adversarial_results_ep300_pre100" adversarial_hpc_submit.pbs </dev/null
[2026-09-11 09:05:17] [OK] VGG16/Cifar100/CW/ALL
[2026-09-11 09:05:21] [OK] qsub output: Your job 6503775 ("adversarial_hpc_submit.pbs") has been submitted
[2026-09-11 09:05:21] [SUBMIT] VGG16/Cifar100/DeepFool/ALL
[2026-09-11 09:05:21] [CMD] qsub -q all.q -l ngpus=1 -v MODEL="VGG16",DATASET="Cifar100",ATTACK="DeepFool",KIND="ALL",PHASE="generate",OUTPUT_DIR="adversarial_results_ep100_pre300" adversarial_hpc_submit.pbs </dev/null
[2026-09-11 09:05:22] [OK] VGG16/TinyImageNet/BIM/ALL
[2026-09-11 09:05:22] [OK] qsub output: Your job 6503776 ("adversarial_hpc_submit.pbs") has been submitted
[2026-09-11 09:05:22] [SUBMIT] VGG16/TinyImageNet/APGD/ALL
[2026-09-11 09:05:22] [CMD] qsub -q all.q -l ngpus=1 -v MODEL="VGG16",DATASET="TinyImageNet",ATTACK="APGD",KIND="ALL",PHASE="generate",OUTPUT_DIR="adversarial_results_ep200_pre200" adversarial_hpc_submit.pbs </dev/null
[2026-09-11 09:05:27] [OK] VGG16/TinyImageNet/PGD/ALL
[2026-09-11 09:05:27] [OK] qsub output: Your job 6503777 ("adversarial_hpc_submit.pbs") has been submitted
[2026-09-11 09:05:27] [SUBMIT] VGG16/TinyImageNet/FGSM/ALL
[2026-09-11 09:05:27] [CMD] qsub -q all.q -l ngpus=1 -v MODEL="VGG16",DATASET="TinyImageNet",ATTACK="FGSM",KIND="ALL",PHASE="generate",OUTPUT_DIR="adversarial_results_ep300_pre100" adversarial_hpc_submit.pbs </dev/null
[2026-09-11 09:05:31] [OK] VGG16/Cifar100/DeepFool/ALL
[2026-09-11 09:05:31] [OK] qsub output: Your job 6503778 ("adversarial_hpc_submit.pbs") has been submitted
[2026-09-11 09:05:31] [SUBMIT] VGG16/TinyImageNet/PGD/ALL
[2026-09-11 09:05:31] [CMD] qsub -q all.q -l ngpus=1 -v MODEL="VGG16",DATASET="TinyImageNet",ATTACK="PGD",KIND="ALL",PHASE="generate",OUTPUT_DIR="adversarial_results_ep100_pre300" adversarial_hpc_submit.pbs </dev/null
[2026-09-11 09:05:32] [OK] VGG16/TinyImageNet/APGD/ALL
[2026-09-11 09:05:32] [OK] qsub output: Your job 6503779 ("adversarial_hpc_submit.pbs") has been submitted
[2026-09-11 09:05:32] [SUBMIT] VGG16/TinyImageNet/CW/ALL
[2026-09-11 09:05:32] [CMD] qsub -q all.q -l ngpus=1 -v MODEL="VGG16",DATASET="TinyImageNet",ATTACK="CW",KIND="ALL",PHASE="generate",OUTPUT_DIR="adversarial_results_ep200_pre200" adversarial_hpc_submit.pbs </dev/null
[2026-09-11 09:05:39] [OK] VGG16/TinyImageNet/FGSM/ALL
[2026-09-11 09:05:40] [OK] qsub output: Your job 6503780 ("adversarial_hpc_submit.pbs") has been submitted
[2026-09-11 09:05:41] [OK] VGG16/TinyImageNet/CW/ALL
[2026-09-11 09:05:42] [OK] VGG16/TinyImageNet/PGD/ALL
[2026-09-11 09:05:44] [SUBMIT] VGG16/TinyImageNet/IFGSM/ALL
[2026-09-11 09:05:47] [OK] qsub output: Your job 6503781 ("adversarial_hpc_submit.pbs") has been submitted
[2026-09-11 09:05:47] [OK] qsub output: Your job 6503782 ("adversarial_hpc_submit.pbs") has been submitted
[2026-09-11 09:05:49] [CMD] qsub -q all.q -l ngpus=1 -v MODEL="VGG16",DATASET="TinyImageNet",ATTACK="IFGSM",KIND="ALL",PHASE="generate",OUTPUT_DIR="adversarial_results_ep300_pre100" adversarial_hpc_submit.pbs </dev/null
[2026-09-11 09:05:51] [SUBMIT] VGG16/TinyImageNet/FGSM/ALL
[2026-09-11 09:05:52] [SUBMIT] VGG16/TinyImageNet/DeepFool/ALL
[2026-09-11 09:05:52] [CMD] qsub -q all.q -l ngpus=1 -v MODEL="VGG16",DATASET="TinyImageNet",ATTACK="FGSM",KIND="ALL",PHASE="generate",OUTPUT_DIR="adversarial_results_ep100_pre300" adversarial_hpc_submit.pbs </dev/null
[2026-09-11 09:05:52] [CMD] qsub -q all.q -l ngpus=1 -v MODEL="VGG16",DATASET="TinyImageNet",ATTACK="DeepFool",KIND="ALL",PHASE="generate",OUTPUT_DIR="adversarial_results_ep200_pre200" adversarial_hpc_submit.pbs </dev/null
[2026-09-11 09:05:54] [OK] VGG16/TinyImageNet/FGSM/ALL
[2026-09-11 09:05:54] [OK] qsub output: Your job 6503785 ("adversarial_hpc_submit.pbs") has been submitted
[2026-09-11 09:05:54] [SUBMIT] VGG16/TinyImageNet/IFGSM/ALL
[2026-09-11 09:05:54] [CMD] qsub -q all.q -l ngpus=1 -v MODEL="VGG16",DATASET="TinyImageNet",ATTACK="IFGSM",KIND="ALL",PHASE="generate",OUTPUT_DIR="adversarial_results_ep100_pre300" adversarial_hpc_submit.pbs </dev/null
[2026-09-11 09:06:01] [OK] VGG16/TinyImageNet/DeepFool/ALL
[2026-09-11 09:06:01] [OK] qsub output: Your job 6503786 ("adversarial_hpc_submit.pbs") has been submitted
[2026-09-11 09:06:01] [SUBMIT] RegNetX_400MF/Cifar10/PGD/ALL
[2026-09-11 09:06:01] [CMD] qsub -q all.q -l ngpus=1 -v MODEL="RegNetX_400MF",DATASET="Cifar10",ATTACK="PGD",KIND="ALL",PHASE="generate",OUTPUT_DIR="adversarial_results_ep200_pre200" adversarial_hpc_submit.pbs </dev/null
[2026-09-11 09:06:02] [OK] VGG16/TinyImageNet/IFGSM/ALL
[2026-09-11 09:06:02] [OK] qsub output: Your job 6503784 ("adversarial_hpc_submit.pbs") has been submitted
[2026-09-11 09:06:03] [SUBMIT] VGG16/TinyImageNet/BIM/ALL
[2026-09-11 09:06:03] [CMD] qsub -q all.q -l ngpus=1 -v MODEL="VGG16",DATASET="TinyImageNet",ATTACK="BIM",KIND="ALL",PHASE="generate",OUTPUT_DIR="adversarial_results_ep300_pre100" adversarial_hpc_submit.pbs </dev/null
[2026-09-11 09:06:04] [OK] VGG16/TinyImageNet/IFGSM/ALL
[2026-09-11 09:06:04] [OK] qsub output: Your job 6503787 ("adversarial_hpc_submit.pbs") has been submitted
[2026-09-11 09:06:04] [SUBMIT] VGG16/TinyImageNet/BIM/ALL
[2026-09-11 09:06:04] [CMD] qsub -q all.q -l ngpus=1 -v MODEL="VGG16",DATASET="TinyImageNet",ATTACK="BIM",KIND="ALL",PHASE="generate",OUTPUT_DIR="adversarial_results_ep100_pre300" adversarial_hpc_submit.pbs </dev/null
[2026-09-11 09:06:05] [OK] RegNetX_400MF/Cifar10/PGD/ALL
[2026-09-11 09:06:05] [OK] qsub output: Your job 6503788 ("adversarial_hpc_submit.pbs") has been submitted
[2026-09-11 09:06:05] [SUBMIT] RegNetX_400MF/Cifar10/FGSM/ALL
[2026-09-11 09:06:05] [CMD] qsub -q all.q -l ngpus=1 -v MODEL="RegNetX_400MF",DATASET="Cifar10",ATTACK="FGSM",KIND="ALL",PHASE="generate",OUTPUT_DIR="adversarial_results_ep200_pre200" adversarial_hpc_submit.pbs </dev/null
[2026-09-11 09:06:07] [OK] VGG16/TinyImageNet/BIM/ALL
[2026-09-11 09:06:07] [OK] qsub output: Your job 6503789 ("adversarial_hpc_submit.pbs") has been submitted
[2026-09-11 09:06:07] [SUBMIT] VGG16/TinyImageNet/APGD/ALL
[2026-09-11 09:06:07] [CMD] qsub -q all.q -l ngpus=1 -v MODEL="VGG16",DATASET="TinyImageNet",ATTACK="APGD",KIND="ALL",PHASE="generate",OUTPUT_DIR="adversarial_results_ep300_pre100" adversarial_hpc_submit.pbs </dev/null
[2026-09-11 09:06:09] [OK] VGG16/TinyImageNet/BIM/ALL
[2026-09-11 09:06:10] [OK] qsub output: Your job 6503790 ("adversarial_hpc_submit.pbs") has been submitted
[2026-09-11 09:06:10] [SUBMIT] VGG16/TinyImageNet/APGD/ALL
[2026-09-11 09:06:11] [OK] RegNetX_400MF/Cifar10/FGSM/ALL
[2026-09-11 09:06:12] [CMD] qsub -q all.q -l ngpus=1 -v MODEL="VGG16",DATASET="TinyImageNet",ATTACK="APGD",KIND="ALL",PHASE="generate",OUTPUT_DIR="adversarial_results_ep100_pre300" adversarial_hpc_submit.pbs </dev/null
[2026-09-11 09:06:13] [OK] VGG16/TinyImageNet/APGD/ALL
[2026-09-11 09:06:20] [OK] qsub output: Your job 6503791 ("adversarial_hpc_submit.pbs") has been submitted
[2026-09-11 09:06:22] [OK] qsub output: Your job 6503792 ("adversarial_hpc_submit.pbs") has been submitted
[2026-09-11 09:06:23] [SUBMIT] RegNetX_400MF/Cifar10/IFGSM/ALL
[2026-09-11 09:06:23] [CMD] qsub -q all.q -l ngpus=1 -v MODEL="RegNetX_400MF",DATASET="Cifar10",ATTACK="IFGSM",KIND="ALL",PHASE="generate",OUTPUT_DIR="adversarial_results_ep200_pre200" adversarial_hpc_submit.pbs </dev/null
[2026-09-11 09:06:23] [SUBMIT] VGG16/TinyImageNet/CW/ALL
[2026-09-11 09:06:23] [CMD] qsub -q all.q -l ngpus=1 -v MODEL="VGG16",DATASET="TinyImageNet",ATTACK="CW",KIND="ALL",PHASE="generate",OUTPUT_DIR="adversarial_results_ep300_pre100" adversarial_hpc_submit.pbs </dev/null
[2026-09-11 09:06:28] [OK] VGG16/TinyImageNet/APGD/ALL
[2026-09-11 09:06:28] [OK] qsub output: Your job 6503794 ("adversarial_hpc_submit.pbs") has been submitted
[2026-09-11 09:06:28] [SUBMIT] VGG16/TinyImageNet/CW/ALL
[2026-09-11 09:06:28] [CMD] qsub -q all.q -l ngpus=1 -v MODEL="VGG16",DATASET="TinyImageNet",ATTACK="CW",KIND="ALL",PHASE="generate",OUTPUT_DIR="adversarial_results_ep100_pre300" adversarial_hpc_submit.pbs </dev/null
[2026-09-11 09:06:30] [OK] RegNetX_400MF/Cifar10/IFGSM/ALL
[2026-09-11 09:06:30] [OK] qsub output: Your job 6503795 ("adversarial_hpc_submit.pbs") has been submitted
[2026-09-11 09:06:30] [SUBMIT] RegNetX_400MF/Cifar10/BIM/ALL
[2026-09-11 09:06:30] [CMD] qsub -q all.q -l ngpus=1 -v MODEL="RegNetX_400MF",DATASET="Cifar10",ATTACK="BIM",KIND="ALL",PHASE="generate",OUTPUT_DIR="adversarial_results_ep200_pre200" adversarial_hpc_submit.pbs </dev/null
[2026-09-11 09:06:32] [OK] VGG16/TinyImageNet/CW/ALL
[2026-09-11 09:06:32] [OK] qsub output: Your job 6503796 ("adversarial_hpc_submit.pbs") has been submitted
[2026-09-11 09:06:32] [SUBMIT] VGG16/TinyImageNet/DeepFool/ALL
[2026-09-11 09:06:32] [CMD] qsub -q all.q -l ngpus=1 -v MODEL="VGG16",DATASET="TinyImageNet",ATTACK="DeepFool",KIND="ALL",PHASE="generate",OUTPUT_DIR="adversarial_results_ep300_pre100" adversarial_hpc_submit.pbs </dev/null
[2026-09-11 09:06:38] [OK] VGG16/TinyImageNet/CW/ALL
[2026-09-11 09:06:38] [OK] qsub output: Your job 6503797 ("adversarial_hpc_submit.pbs") has been submitted
[2026-09-11 09:06:38] [OK] RegNetX_400MF/Cifar10/BIM/ALL
[2026-09-11 09:06:38] [OK] qsub output: Your job 6503798 ("adversarial_hpc_submit.pbs") has been submitted
[2026-09-11 09:06:38] [SUBMIT] VGG16/TinyImageNet/DeepFool/ALL
[2026-09-11 09:06:38] [CMD] qsub -q all.q -l ngpus=1 -v MODEL="VGG16",DATASET="TinyImageNet",ATTACK="DeepFool",KIND="ALL",PHASE="generate",OUTPUT_DIR="adversarial_results_ep100_pre300" adversarial_hpc_submit.pbs </dev/null
[2026-09-11 09:06:38] [SUBMIT] RegNetX_400MF/Cifar10/APGD/ALL
[2026-09-11 09:06:38] [CMD] qsub -q all.q -l ngpus=1 -v MODEL="RegNetX_400MF",DATASET="Cifar10",ATTACK="APGD",KIND="ALL",PHASE="generate",OUTPUT_DIR="adversarial_results_ep200_pre200" adversarial_hpc_submit.pbs </dev/null
[2026-09-11 09:06:53] [OK] RegNetX_400MF/Cifar10/APGD/ALL
[2026-09-11 09:06:53] [OK] VGG16/TinyImageNet/DeepFool/ALL
[2026-09-11 09:06:53] [OK] VGG16/TinyImageNet/DeepFool/ALL
[2026-09-11 09:06:54] [OK] qsub output: Your job 6503801 ("adversarial_hpc_submit.pbs") has been submitted
[2026-09-11 09:06:57] [OK] qsub output: Your job 6503800 ("adversarial_hpc_submit.pbs") has been submitted
[2026-09-11 09:07:01] [OK] qsub output: Your job 6503799 ("adversarial_hpc_submit.pbs") has been submitted
[2026-09-11 09:07:04] [SUBMIT] RegNetX_400MF/Cifar10/CW/ALL
[2026-09-11 09:07:05] [SUBMIT] RegNetX_400MF/Cifar10/PGD/ALL
[2026-09-11 09:07:07] [SUBMIT] RegNetX_400MF/Cifar10/PGD/ALL
[2026-09-11 09:07:08] [CMD] qsub -q all.q -l ngpus=1 -v MODEL="RegNetX_400MF",DATASET="Cifar10",ATTACK="CW",KIND="ALL",PHASE="generate",OUTPUT_DIR="adversarial_results_ep200_pre200" adversarial_hpc_submit.pbs </dev/null
[2026-09-11 09:07:10] [CMD] qsub -q all.q -l ngpus=1 -v MODEL="RegNetX_400MF",DATASET="Cifar10",ATTACK="PGD",KIND="ALL",PHASE="generate",OUTPUT_DIR="adversarial_results_ep100_pre300" adversarial_hpc_submit.pbs </dev/null
[2026-09-11 09:07:14] [CMD] qsub -q all.q -l ngpus=1 -v MODEL="RegNetX_400MF",DATASET="Cifar10",ATTACK="PGD",KIND="ALL",PHASE="generate",OUTPUT_DIR="adversarial_results_ep300_pre100" adversarial_hpc_submit.pbs </dev/null
[2026-09-11 09:07:21] [OK] RegNetX_400MF/Cifar10/CW/ALL
[2026-09-11 09:07:21] [OK] qsub output: Your job 6503802 ("adversarial_hpc_submit.pbs") has been submitted
[2026-09-11 09:07:22] [SUBMIT] RegNetX_400MF/Cifar10/DeepFool/ALL
[2026-09-11 09:07:22] [CMD] qsub -q all.q -l ngpus=1 -v MODEL="RegNetX_400MF",DATASET="Cifar10",ATTACK="DeepFool",KIND="ALL",PHASE="generate",OUTPUT_DIR="adversarial_results_ep200_pre200" adversarial_hpc_submit.pbs </dev/null
[2026-09-11 09:07:23] [OK] RegNetX_400MF/Cifar10/PGD/ALL
[2026-09-11 09:07:23] [OK] qsub output: Your job 6503803 ("adversarial_hpc_submit.pbs") has been submitted
[2026-09-11 09:07:23] [SUBMIT] RegNetX_400MF/Cifar10/FGSM/ALL
[2026-09-11 09:07:23] [CMD] qsub -q all.q -l ngpus=1 -v MODEL="RegNetX_400MF",DATASET="Cifar10",ATTACK="FGSM",KIND="ALL",PHASE="generate",OUTPUT_DIR="adversarial_results_ep100_pre300" adversarial_hpc_submit.pbs </dev/null
[2026-09-11 09:07:25] [OK] RegNetX_400MF/Cifar10/DeepFool/ALL
[2026-09-11 09:07:27] [OK] RegNetX_400MF/Cifar10/FGSM/ALL
[2026-09-11 09:07:28] [OK] qsub output: Your job 6503805 ("adversarial_hpc_submit.pbs") has been submitted
[2026-09-11 09:07:29] [OK] RegNetX_400MF/Cifar10/PGD/ALL
[2026-09-11 09:07:33] [OK] qsub output: Your job 6503806 ("adversarial_hpc_submit.pbs") has been submitted
[2026-09-11 09:07:38] [SUBMIT] RegNetX_400MF/Cifar100/PGD/ALL
[2026-09-11 09:07:40] [OK] qsub output: Your job 6503804 ("adversarial_hpc_submit.pbs") has been submitted
[2026-09-11 09:07:44] [SUBMIT] RegNetX_400MF/Cifar10/IFGSM/ALL
[2026-09-11 09:07:46] [CMD] qsub -q all.q -l ngpus=1 -v MODEL="RegNetX_400MF",DATASET="Cifar100",ATTACK="PGD",KIND="ALL",PHASE="generate",OUTPUT_DIR="adversarial_results_ep200_pre200" adversarial_hpc_submit.pbs </dev/null
[2026-09-11 09:08:08] [SUBMIT] RegNetX_400MF/Cifar10/FGSM/ALL
[2026-09-11 09:08:11] [CMD] qsub -q all.q -l ngpus=1 -v MODEL="RegNetX_400MF",DATASET="Cifar10",ATTACK="IFGSM",KIND="ALL",PHASE="generate",OUTPUT_DIR="adversarial_results_ep100_pre300" adversarial_hpc_submit.pbs </dev/null
[2026-09-11 09:08:13] [CMD] qsub -q all.q -l ngpus=1 -v MODEL="RegNetX_400MF",DATASET="Cifar10",ATTACK="FGSM",KIND="ALL",PHASE="generate",OUTPUT_DIR="adversarial_results_ep300_pre100" adversarial_hpc_submit.pbs </dev/null
[2026-09-11 09:08:21] [OK] RegNetX_400MF/Cifar100/PGD/ALL
[2026-09-11 09:08:31] [OK] qsub output: Your job 6503807 ("adversarial_hpc_submit.pbs") has been submitted
[2026-09-11 09:08:34] [SUBMIT] RegNetX_400MF/Cifar100/FGSM/ALL
[2026-09-11 09:08:34] [CMD] qsub -q all.q -l ngpus=1 -v MODEL="RegNetX_400MF",DATASET="Cifar100",ATTACK="FGSM",KIND="ALL",PHASE="generate",OUTPUT_DIR="adversarial_results_ep200_pre200" adversarial_hpc_submit.pbs </dev/null
[2026-09-11 09:08:37] [OK] RegNetX_400MF/Cifar10/FGSM/ALL
[2026-09-11 09:08:39] [OK] RegNetX_400MF/Cifar10/IFGSM/ALL
[2026-09-11 09:08:58] [OK] RegNetX_400MF/Cifar100/FGSM/ALL
[2026-09-11 09:09:15] [OK] qsub output: Your job 6503809 ("adversarial_hpc_submit.pbs") has been submitted
[2026-09-11 09:09:15] [OK] qsub output: Your job 6503810 ("adversarial_hpc_submit.pbs") has been submitted
[2026-09-11 09:09:15] [OK] qsub output: Your job 6503808 ("adversarial_hpc_submit.pbs") has been submitted
[2026-09-11 09:09:15] [SUBMIT] RegNetX_400MF/Cifar10/BIM/ALL
[2026-09-11 09:09:15] [SUBMIT] RegNetX_400MF/Cifar100/IFGSM/ALL
[2026-09-11 09:09:15] [SUBMIT] RegNetX_400MF/Cifar10/IFGSM/ALL
[2026-09-11 09:09:15] [CMD] qsub -q all.q -l ngpus=1 -v MODEL="RegNetX_400MF",DATASET="Cifar10",ATTACK="BIM",KIND="ALL",PHASE="generate",OUTPUT_DIR="adversarial_results_ep100_pre300" adversarial_hpc_submit.pbs </dev/null
[2026-09-11 09:09:15] [CMD] qsub -q all.q -l ngpus=1 -v MODEL="RegNetX_400MF",DATASET="Cifar100",ATTACK="IFGSM",KIND="ALL",PHASE="generate",OUTPUT_DIR="adversarial_results_ep200_pre200" adversarial_hpc_submit.pbs </dev/null
[2026-09-11 09:09:15] [CMD] qsub -q all.q -l ngpus=1 -v MODEL="RegNetX_400MF",DATASET="Cifar10",ATTACK="IFGSM",KIND="ALL",PHASE="generate",OUTPUT_DIR="adversarial_results_ep300_pre100" adversarial_hpc_submit.pbs </dev/null
[2026-09-11 09:09:20] [OK] RegNetX_400MF/Cifar10/IFGSM/ALL
[2026-09-11 09:09:20] [OK] qsub output: Your job 6503812 ("adversarial_hpc_submit.pbs") has been submitted
[2026-09-11 09:09:20] [SUBMIT] RegNetX_400MF/Cifar10/BIM/ALL
[2026-09-11 09:09:20] [CMD] qsub -q all.q -l ngpus=1 -v MODEL="RegNetX_400MF",DATASET="Cifar10",ATTACK="BIM",KIND="ALL",PHASE="generate",OUTPUT_DIR="adversarial_results_ep300_pre100" adversarial_hpc_submit.pbs </dev/null
[2026-09-11 09:09:24] [OK] RegNetX_400MF/Cifar100/IFGSM/ALL
[2026-09-11 09:09:24] [OK] qsub output: Your job 6503813 ("adversarial_hpc_submit.pbs") has been submitted
[2026-09-11 09:09:24] [SUBMIT] RegNetX_400MF/Cifar100/BIM/ALL
[2026-09-11 09:09:24] [CMD] qsub -q all.q -l ngpus=1 -v MODEL="RegNetX_400MF",DATASET="Cifar100",ATTACK="BIM",KIND="ALL",PHASE="generate",OUTPUT_DIR="adversarial_results_ep200_pre200" adversarial_hpc_submit.pbs </dev/null
[2026-09-11 09:09:25] [OK] RegNetX_400MF/Cifar10/BIM/ALL
[2026-09-11 09:09:25] [OK] qsub output: Your job 6503811 ("adversarial_hpc_submit.pbs") has been submitted
[2026-09-11 09:09:25] [SUBMIT] RegNetX_400MF/Cifar10/APGD/ALL
[2026-09-11 09:09:25] [CMD] qsub -q all.q -l ngpus=1 -v MODEL="RegNetX_400MF",DATASET="Cifar10",ATTACK="APGD",KIND="ALL",PHASE="generate",OUTPUT_DIR="adversarial_results_ep100_pre300" adversarial_hpc_submit.pbs </dev/null
[2026-09-11 09:09:28] [OK] RegNetX_400MF/Cifar100/BIM/ALL
[2026-09-11 09:09:28] [OK] qsub output: Your job 6503815 ("adversarial_hpc_submit.pbs") has been submitted
[2026-09-11 09:09:28] [SUBMIT] RegNetX_400MF/Cifar100/APGD/ALL
[2026-09-11 09:09:28] [CMD] qsub -q all.q -l ngpus=1 -v MODEL="RegNetX_400MF",DATASET="Cifar100",ATTACK="APGD",KIND="ALL",PHASE="generate",OUTPUT_DIR="adversarial_results_ep200_pre200" adversarial_hpc_submit.pbs </dev/null
[2026-09-11 09:09:34] [OK] RegNetX_400MF/Cifar10/BIM/ALL
[2026-09-11 09:09:36] [OK] qsub output: Your job 6503814 ("adversarial_hpc_submit.pbs") has been submitted
[2026-09-11 09:09:36] [SUBMIT] RegNetX_400MF/Cifar10/APGD/ALL
[2026-09-11 09:09:37] [OK] RegNetX_400MF/Cifar10/APGD/ALL
[2026-09-11 09:09:38] [CMD] qsub -q all.q -l ngpus=1 -v MODEL="RegNetX_400MF",DATASET="Cifar10",ATTACK="APGD",KIND="ALL",PHASE="generate",OUTPUT_DIR="adversarial_results_ep300_pre100" adversarial_hpc_submit.pbs </dev/null
[2026-09-11 09:09:39] [OK] RegNetX_400MF/Cifar100/APGD/ALL
[2026-09-11 09:09:41] [OK] qsub output: Your job 6503816 ("adversarial_hpc_submit.pbs") has been submitted
[2026-09-11 09:09:44] [OK] qsub output: Your job 6503817 ("adversarial_hpc_submit.pbs") has been submitted
[2026-09-11 09:09:44] [SUBMIT] RegNetX_400MF/Cifar10/CW/ALL
[2026-09-11 09:09:44] [CMD] qsub -q all.q -l ngpus=1 -v MODEL="RegNetX_400MF",DATASET="Cifar10",ATTACK="CW",KIND="ALL",PHASE="generate",OUTPUT_DIR="adversarial_results_ep100_pre300" adversarial_hpc_submit.pbs </dev/null
[2026-09-11 09:09:44] [SUBMIT] RegNetX_400MF/Cifar100/CW/ALL
[2026-09-11 09:09:44] [CMD] qsub -q all.q -l ngpus=1 -v MODEL="RegNetX_400MF",DATASET="Cifar100",ATTACK="CW",KIND="ALL",PHASE="generate",OUTPUT_DIR="adversarial_results_ep200_pre200" adversarial_hpc_submit.pbs </dev/null
[2026-09-11 09:09:46] [OK] RegNetX_400MF/Cifar10/CW/ALL
[2026-09-11 09:09:46] [OK] qsub output: Your job 6503820 ("adversarial_hpc_submit.pbs") has been submitted
[2026-09-11 09:09:46] [SUBMIT] RegNetX_400MF/Cifar10/DeepFool/ALL
[2026-09-11 09:09:46] [CMD] qsub -q all.q -l ngpus=1 -v MODEL="RegNetX_400MF",DATASET="Cifar10",ATTACK="DeepFool",KIND="ALL",PHASE="generate",OUTPUT_DIR="adversarial_results_ep100_pre300" adversarial_hpc_submit.pbs </dev/null
[2026-09-11 09:09:47] [OK] RegNetX_400MF/Cifar100/CW/ALL
[2026-09-11 09:09:47] [OK] qsub output: Your job 6503821 ("adversarial_hpc_submit.pbs") has been submitted
[2026-09-11 09:09:48] [SUBMIT] RegNetX_400MF/Cifar100/DeepFool/ALL
[2026-09-11 09:09:48] [CMD] qsub -q all.q -l ngpus=1 -v MODEL="RegNetX_400MF",DATASET="Cifar100",ATTACK="DeepFool",KIND="ALL",PHASE="generate",OUTPUT_DIR="adversarial_results_ep200_pre200" adversarial_hpc_submit.pbs </dev/null
[2026-09-11 09:09:49] [OK] RegNetX_400MF/Cifar10/DeepFool/ALL
[2026-09-11 09:09:49] [OK] qsub output: Your job 6503822 ("adversarial_hpc_submit.pbs") has been submitted
[2026-09-11 09:09:49] [SUBMIT] RegNetX_400MF/Cifar100/PGD/ALL
[2026-09-11 09:09:49] [CMD] qsub -q all.q -l ngpus=1 -v MODEL="RegNetX_400MF",DATASET="Cifar100",ATTACK="PGD",KIND="ALL",PHASE="generate",OUTPUT_DIR="adversarial_results_ep100_pre300" adversarial_hpc_submit.pbs </dev/null
[2026-09-11 09:09:53] [OK] RegNetX_400MF/Cifar10/APGD/ALL
[2026-09-11 09:09:53] [OK] qsub output: Your job 6503819 ("adversarial_hpc_submit.pbs") has been submitted
[2026-09-11 09:09:53] [SUBMIT] RegNetX_400MF/Cifar10/CW/ALL
[2026-09-11 09:09:53] [CMD] qsub -q all.q -l ngpus=1 -v MODEL="RegNetX_400MF",DATASET="Cifar10",ATTACK="CW",KIND="ALL",PHASE="generate",OUTPUT_DIR="adversarial_results_ep300_pre100" adversarial_hpc_submit.pbs </dev/null
[2026-09-11 09:09:59] [OK] RegNetX_400MF/Cifar100/DeepFool/ALL
[2026-09-11 09:09:59] [OK] qsub output: Your job 6503823 ("adversarial_hpc_submit.pbs") has been submitted
[2026-09-11 09:09:59] [SUBMIT] RegNetX_400MF/TinyImageNet/PGD/ALL
[2026-09-11 09:09:59] [CMD] qsub -q all.q -l ngpus=1 -v MODEL="RegNetX_400MF",DATASET="TinyImageNet",ATTACK="PGD",KIND="ALL",PHASE="generate",OUTPUT_DIR="adversarial_results_ep200_pre200" adversarial_hpc_submit.pbs </dev/null
[2026-09-11 09:10:01] [OK] RegNetX_400MF/Cifar100/PGD/ALL
[2026-09-11 09:10:01] [OK] qsub output: Your job 6503824 ("adversarial_hpc_submit.pbs") has been submitted
[2026-09-11 09:10:01] [SUBMIT] RegNetX_400MF/Cifar100/FGSM/ALL
[2026-09-11 09:10:01] [CMD] qsub -q all.q -l ngpus=1 -v MODEL="RegNetX_400MF",DATASET="Cifar100",ATTACK="FGSM",KIND="ALL",PHASE="generate",OUTPUT_DIR="adversarial_results_ep100_pre300" adversarial_hpc_submit.pbs </dev/null
[2026-09-11 09:10:05] [OK] RegNetX_400MF/Cifar10/CW/ALL
[2026-09-11 09:10:06] [OK] RegNetX_400MF/TinyImageNet/PGD/ALL
[2026-09-11 09:10:08] [OK] qsub output: Your job 6503825 ("adversarial_hpc_submit.pbs") has been submitted
[2026-09-11 09:10:10] [OK] RegNetX_400MF/Cifar100/FGSM/ALL
[2026-09-11 09:10:13] [OK] qsub output: Your job 6503826 ("adversarial_hpc_submit.pbs") has been submitted
[2026-09-11 09:10:15] [SUBMIT] RegNetX_400MF/Cifar10/DeepFool/ALL
[2026-09-11 09:10:16] [OK] qsub output: Your job 6503827 ("adversarial_hpc_submit.pbs") has been submitted
[2026-09-11 09:10:16] [CMD] qsub -q all.q -l ngpus=1 -v MODEL="RegNetX_400MF",DATASET="Cifar10",ATTACK="DeepFool",KIND="ALL",PHASE="generate",OUTPUT_DIR="adversarial_results_ep300_pre100" adversarial_hpc_submit.pbs </dev/null
[2026-09-11 09:10:16] [SUBMIT] RegNetX_400MF/TinyImageNet/FGSM/ALL
[2026-09-11 09:10:16] [CMD] qsub -q all.q -l ngpus=1 -v MODEL="RegNetX_400MF",DATASET="TinyImageNet",ATTACK="FGSM",KIND="ALL",PHASE="generate",OUTPUT_DIR="adversarial_results_ep200_pre200" adversarial_hpc_submit.pbs </dev/null
[2026-09-11 09:10:16] [SUBMIT] RegNetX_400MF/Cifar100/IFGSM/ALL
[2026-09-11 09:10:17] [CMD] qsub -q all.q -l ngpus=1 -v MODEL="RegNetX_400MF",DATASET="Cifar100",ATTACK="IFGSM",KIND="ALL",PHASE="generate",OUTPUT_DIR="adversarial_results_ep100_pre300" adversarial_hpc_submit.pbs </dev/null
[2026-09-11 09:10:18] [OK] RegNetX_400MF/TinyImageNet/FGSM/ALL
[2026-09-11 09:10:18] [OK] qsub output: Your job 6503830 ("adversarial_hpc_submit.pbs") has been submitted
[2026-09-11 09:10:18] [SUBMIT] RegNetX_400MF/TinyImageNet/IFGSM/ALL
[2026-09-11 09:10:18] [CMD] qsub -q all.q -l ngpus=1 -v MODEL="RegNetX_400MF",DATASET="TinyImageNet",ATTACK="IFGSM",KIND="ALL",PHASE="generate",OUTPUT_DIR="adversarial_results_ep200_pre200" adversarial_hpc_submit.pbs </dev/null
[2026-09-11 09:10:20] [OK] RegNetX_400MF/Cifar100/IFGSM/ALL
[2026-09-11 09:10:20] [OK] qsub output: Your job 6503831 ("adversarial_hpc_submit.pbs") has been submitted
[2026-09-11 09:10:20] [SUBMIT] RegNetX_400MF/Cifar100/BIM/ALL
[2026-09-11 09:10:20] [CMD] qsub -q all.q -l ngpus=1 -v MODEL="RegNetX_400MF",DATASET="Cifar100",ATTACK="BIM",KIND="ALL",PHASE="generate",OUTPUT_DIR="adversarial_results_ep100_pre300" adversarial_hpc_submit.pbs </dev/null
[2026-09-11 09:10:22] [OK] RegNetX_400MF/TinyImageNet/IFGSM/ALL
[2026-09-11 09:10:22] [OK] qsub output: Your job 6503832 ("adversarial_hpc_submit.pbs") has been submitted
[2026-09-11 09:10:23] [SUBMIT] RegNetX_400MF/TinyImageNet/BIM/ALL
[2026-09-11 09:10:23] [CMD] qsub -q all.q -l ngpus=1 -v MODEL="RegNetX_400MF",DATASET="TinyImageNet",ATTACK="BIM",KIND="ALL",PHASE="generate",OUTPUT_DIR="adversarial_results_ep200_pre200" adversarial_hpc_submit.pbs </dev/null
[2026-09-11 09:10:23] [OK] RegNetX_400MF/Cifar10/DeepFool/ALL
[2026-09-11 09:10:23] [OK] qsub output: Your job 6503829 ("adversarial_hpc_submit.pbs") has been submitted
[2026-09-11 09:10:23] [SUBMIT] RegNetX_400MF/Cifar100/PGD/ALL
[2026-09-11 09:10:23] [CMD] qsub -q all.q -l ngpus=1 -v MODEL="RegNetX_400MF",DATASET="Cifar100",ATTACK="PGD",KIND="ALL",PHASE="generate",OUTPUT_DIR="adversarial_results_ep300_pre100" adversarial_hpc_submit.pbs </dev/null
[2026-09-11 09:10:29] [OK] RegNetX_400MF/TinyImageNet/BIM/ALL
[2026-09-11 09:10:29] [OK] qsub output: Your job 6503834 ("adversarial_hpc_submit.pbs") has been submitted
[2026-09-11 09:10:30] [SUBMIT] RegNetX_400MF/TinyImageNet/APGD/ALL
[2026-09-11 09:10:30] [CMD] qsub -q all.q -l ngpus=1 -v MODEL="RegNetX_400MF",DATASET="TinyImageNet",ATTACK="APGD",KIND="ALL",PHASE="generate",OUTPUT_DIR="adversarial_results_ep200_pre200" adversarial_hpc_submit.pbs </dev/null
[2026-09-11 09:10:31] [OK] RegNetX_400MF/Cifar100/BIM/ALL
[2026-09-11 09:10:32] [OK] qsub output: Your job 6503833 ("adversarial_hpc_submit.pbs") has been submitted
[2026-09-11 09:10:34] [OK] RegNetX_400MF/Cifar100/PGD/ALL
[2026-09-11 09:10:34] [SUBMIT] RegNetX_400MF/Cifar100/APGD/ALL
[2026-09-11 09:10:38] [OK] RegNetX_400MF/TinyImageNet/APGD/ALL
[2026-09-11 09:10:40] [CMD] qsub -q all.q -l ngpus=1 -v MODEL="RegNetX_400MF",DATASET="Cifar100",ATTACK="APGD",KIND="ALL",PHASE="generate",OUTPUT_DIR="adversarial_results_ep100_pre300" adversarial_hpc_submit.pbs </dev/null
[2026-09-11 09:10:40] [OK] qsub output: Your job 6503835 ("adversarial_hpc_submit.pbs") has been submitted
[2026-09-11 09:10:46] [OK] qsub output: Your job 6503836 ("adversarial_hpc_submit.pbs") has been submitted
[2026-09-11 09:10:48] [SUBMIT] RegNetX_400MF/Cifar100/FGSM/ALL
[2026-09-11 09:10:48] [CMD] qsub -q all.q -l ngpus=1 -v MODEL="RegNetX_400MF",DATASET="Cifar100",ATTACK="FGSM",KIND="ALL",PHASE="generate",OUTPUT_DIR="adversarial_results_ep300_pre100" adversarial_hpc_submit.pbs </dev/null
[2026-09-11 09:10:48] [SUBMIT] RegNetX_400MF/TinyImageNet/CW/ALL
[2026-09-11 09:10:48] [CMD] qsub -q all.q -l ngpus=1 -v MODEL="RegNetX_400MF",DATASET="TinyImageNet",ATTACK="CW",KIND="ALL",PHASE="generate",OUTPUT_DIR="adversarial_results_ep200_pre200" adversarial_hpc_submit.pbs </dev/null
[2026-09-11 09:10:57] [OK] RegNetX_400MF/Cifar100/FGSM/ALL
[2026-09-11 09:10:57] [OK] qsub output: Your job 6503839 ("adversarial_hpc_submit.pbs") has been submitted
[2026-09-11 09:10:57] [SUBMIT] RegNetX_400MF/Cifar100/IFGSM/ALL
[2026-09-11 09:10:57] [CMD] qsub -q all.q -l ngpus=1 -v MODEL="RegNetX_400MF",DATASET="Cifar100",ATTACK="IFGSM",KIND="ALL",PHASE="generate",OUTPUT_DIR="adversarial_results_ep300_pre100" adversarial_hpc_submit.pbs </dev/null
[2026-09-11 09:10:58] [OK] RegNetX_400MF/Cifar100/APGD/ALL
[2026-09-11 09:10:58] [OK] qsub output: Your job 6503838 ("adversarial_hpc_submit.pbs") has been submitted
[2026-09-11 09:10:58] [SUBMIT] RegNetX_400MF/Cifar100/CW/ALL
[2026-09-11 09:10:58] [CMD] qsub -q all.q -l ngpus=1 -v MODEL="RegNetX_400MF",DATASET="Cifar100",ATTACK="CW",KIND="ALL",PHASE="generate",OUTPUT_DIR="adversarial_results_ep100_pre300" adversarial_hpc_submit.pbs </dev/null
[2026-09-11 09:10:58] [OK] RegNetX_400MF/TinyImageNet/CW/ALL
[2026-09-11 09:10:58] [OK] qsub output: Your job 6503840 ("adversarial_hpc_submit.pbs") has been submitted
[2026-09-11 09:10:59] [SUBMIT] RegNetX_400MF/TinyImageNet/DeepFool/ALL
[2026-09-11 09:10:59] [CMD] qsub -q all.q -l ngpus=1 -v MODEL="RegNetX_400MF",DATASET="TinyImageNet",ATTACK="DeepFool",KIND="ALL",PHASE="generate",OUTPUT_DIR="adversarial_results_ep200_pre200" adversarial_hpc_submit.pbs </dev/null
[2026-09-11 09:11:00] [OK] RegNetX_400MF/Cifar100/CW/ALL
[2026-09-11 09:11:00] [OK] qsub output: Your job 6503842 ("adversarial_hpc_submit.pbs") has been submitted
[2026-09-11 09:11:00] [SUBMIT] RegNetX_400MF/Cifar100/DeepFool/ALL
[2026-09-11 09:11:00] [CMD] qsub -q all.q -l ngpus=1 -v MODEL="RegNetX_400MF",DATASET="Cifar100",ATTACK="DeepFool",KIND="ALL",PHASE="generate",OUTPUT_DIR="adversarial_results_ep100_pre300" adversarial_hpc_submit.pbs </dev/null
[2026-09-11 09:11:05] [OK] RegNetX_400MF/Cifar100/IFGSM/ALL
[2026-09-11 09:11:06] [OK] RegNetX_400MF/TinyImageNet/DeepFool/ALL
[2026-09-11 09:11:06] [OK] qsub output: Your job 6503841 ("adversarial_hpc_submit.pbs") has been submitted
[2026-09-11 09:11:07] [OK] qsub output: Your job 6503843 ("adversarial_hpc_submit.pbs") has been submitted
[2026-09-11 09:11:07] [SUBMIT] InceptionNet/Cifar10/PGD/ALL
[2026-09-11 09:11:07] [SUBMIT] RegNetX_400MF/Cifar100/BIM/ALL
[2026-09-11 09:11:07] [CMD] qsub -q all.q -l ngpus=1 -v MODEL="RegNetX_400MF",DATASET="Cifar100",ATTACK="BIM",KIND="ALL",PHASE="generate",OUTPUT_DIR="adversarial_results_ep300_pre100" adversarial_hpc_submit.pbs </dev/null
[2026-09-11 09:11:07] [CMD] qsub -q all.q -l ngpus=1 -v MODEL="InceptionNet",DATASET="Cifar10",ATTACK="PGD",KIND="ALL",PHASE="generate",OUTPUT_DIR="adversarial_results_ep200_pre200" adversarial_hpc_submit.pbs </dev/null
[2026-09-11 09:11:11] [OK] InceptionNet/Cifar10/PGD/ALL
[2026-09-11 09:11:11] [OK] qsub output: Your job 6503845 ("adversarial_hpc_submit.pbs") has been submitted
[2026-09-11 09:11:11] [SUBMIT] InceptionNet/Cifar10/FGSM/ALL
[2026-09-11 09:11:11] [CMD] qsub -q all.q -l ngpus=1 -v MODEL="InceptionNet",DATASET="Cifar10",ATTACK="FGSM",KIND="ALL",PHASE="generate",OUTPUT_DIR="adversarial_results_ep200_pre200" adversarial_hpc_submit.pbs </dev/null
[2026-09-11 09:11:13] [OK] RegNetX_400MF/Cifar100/DeepFool/ALL
[2026-09-11 09:11:13] [OK] qsub output: Your job 6503844 ("adversarial_hpc_submit.pbs") has been submitted
[2026-09-11 09:11:13] [SUBMIT] RegNetX_400MF/TinyImageNet/PGD/ALL
[2026-09-11 09:11:13] [CMD] qsub -q all.q -l ngpus=1 -v MODEL="RegNetX_400MF",DATASET="TinyImageNet",ATTACK="PGD",KIND="ALL",PHASE="generate",OUTPUT_DIR="adversarial_results_ep100_pre300" adversarial_hpc_submit.pbs </dev/null
[2026-09-11 09:11:14] [OK] RegNetX_400MF/Cifar100/BIM/ALL
[2026-09-11 09:11:14] [OK] qsub output: Your job 6503846 ("adversarial_hpc_submit.pbs") has been submitted
[2026-09-11 09:11:14] [SUBMIT] RegNetX_400MF/Cifar100/APGD/ALL
[2026-09-11 09:11:14] [CMD] qsub -q all.q -l ngpus=1 -v MODEL="RegNetX_400MF",DATASET="Cifar100",ATTACK="APGD",KIND="ALL",PHASE="generate",OUTPUT_DIR="adversarial_results_ep300_pre100" adversarial_hpc_submit.pbs </dev/null
[2026-09-11 09:11:16] [OK] RegNetX_400MF/TinyImageNet/PGD/ALL
[2026-09-11 09:11:16] [OK] qsub output: Your job 6503848 ("adversarial_hpc_submit.pbs") has been submitted
[2026-09-11 09:11:16] [SUBMIT] RegNetX_400MF/TinyImageNet/FGSM/ALL
[2026-09-11 09:11:16] [CMD] qsub -q all.q -l ngpus=1 -v MODEL="RegNetX_400MF",DATASET="TinyImageNet",ATTACK="FGSM",KIND="ALL",PHASE="generate",OUTPUT_DIR="adversarial_results_ep100_pre300" adversarial_hpc_submit.pbs </dev/null
[2026-09-11 09:11:21] [OK] InceptionNet/Cifar10/FGSM/ALL
[2026-09-11 09:11:21] [OK] qsub output: Your job 6503847 ("adversarial_hpc_submit.pbs") has been submitted
[2026-09-11 09:11:22] [SUBMIT] InceptionNet/Cifar10/IFGSM/ALL
[2026-09-11 09:11:22] [CMD] qsub -q all.q -l ngpus=1 -v MODEL="InceptionNet",DATASET="Cifar10",ATTACK="IFGSM",KIND="ALL",PHASE="generate",OUTPUT_DIR="adversarial_results_ep200_pre200" adversarial_hpc_submit.pbs </dev/null
[2026-09-11 09:11:22] [OK] RegNetX_400MF/Cifar100/APGD/ALL
[2026-09-11 09:11:22] [OK] qsub output: Your job 6503849 ("adversarial_hpc_submit.pbs") has been submitted
[2026-09-11 09:11:22] [SUBMIT] RegNetX_400MF/Cifar100/CW/ALL
[2026-09-11 09:11:22] [CMD] qsub -q all.q -l ngpus=1 -v MODEL="RegNetX_400MF",DATASET="Cifar100",ATTACK="CW",KIND="ALL",PHASE="generate",OUTPUT_DIR="adversarial_results_ep300_pre100" adversarial_hpc_submit.pbs </dev/null
[2026-09-11 09:11:26] [OK] InceptionNet/Cifar10/IFGSM/ALL
[2026-09-11 09:11:26] [OK] qsub output: Your job 6503851 ("adversarial_hpc_submit.pbs") has been submitted
[2026-09-11 09:11:26] [SUBMIT] InceptionNet/Cifar10/BIM/ALL
[2026-09-11 09:11:26] [CMD] qsub -q all.q -l ngpus=1 -v MODEL="InceptionNet",DATASET="Cifar10",ATTACK="BIM",KIND="ALL",PHASE="generate",OUTPUT_DIR="adversarial_results_ep200_pre200" adversarial_hpc_submit.pbs </dev/null
[2026-09-11 09:11:29] [OK] RegNetX_400MF/Cifar100/CW/ALL
[2026-09-11 09:11:29] [OK] qsub output: Your job 6503852 ("adversarial_hpc_submit.pbs") has been submitted
[2026-09-11 09:11:29] [SUBMIT] RegNetX_400MF/Cifar100/DeepFool/ALL
[2026-09-11 09:11:29] [CMD] qsub -q all.q -l ngpus=1 -v MODEL="RegNetX_400MF",DATASET="Cifar100",ATTACK="DeepFool",KIND="ALL",PHASE="generate",OUTPUT_DIR="adversarial_results_ep300_pre100" adversarial_hpc_submit.pbs </dev/null
[2026-09-11 09:11:31] [OK] RegNetX_400MF/TinyImageNet/FGSM/ALL
[2026-09-11 09:11:31] [OK] qsub output: Your job 6503850 ("adversarial_hpc_submit.pbs") has been submitted
[2026-09-11 09:11:31] [SUBMIT] RegNetX_400MF/TinyImageNet/IFGSM/ALL
[2026-09-11 09:11:31] [CMD] qsub -q all.q -l ngpus=1 -v MODEL="RegNetX_400MF",DATASET="TinyImageNet",ATTACK="IFGSM",KIND="ALL",PHASE="generate",OUTPUT_DIR="adversarial_results_ep100_pre300" adversarial_hpc_submit.pbs </dev/null
[2026-09-11 09:11:33] [OK] InceptionNet/Cifar10/BIM/ALL
[2026-09-11 09:11:35] [OK] RegNetX_400MF/TinyImageNet/IFGSM/ALL
[2026-09-11 09:11:41] [OK] RegNetX_400MF/Cifar100/DeepFool/ALL
[2026-09-11 09:11:43] [OK] qsub output: Your job 6503853 ("adversarial_hpc_submit.pbs") has been submitted
[2026-09-11 09:11:44] [OK] qsub output: Your job 6503855 ("adversarial_hpc_submit.pbs") has been submitted
[2026-09-11 09:11:44] [OK] qsub output: Your job 6503854 ("adversarial_hpc_submit.pbs") has been submitted
[2026-09-11 09:11:45] [SUBMIT] InceptionNet/Cifar10/APGD/ALL
[2026-09-11 09:11:45] [CMD] qsub -q all.q -l ngpus=1 -v MODEL="InceptionNet",DATASET="Cifar10",ATTACK="APGD",KIND="ALL",PHASE="generate",OUTPUT_DIR="adversarial_results_ep200_pre200" adversarial_hpc_submit.pbs </dev/null
[2026-09-11 09:11:45] [SUBMIT] RegNetX_400MF/TinyImageNet/BIM/ALL
[2026-09-11 09:11:45] [SUBMIT] RegNetX_400MF/TinyImageNet/PGD/ALL
[2026-09-11 09:11:45] [CMD] qsub -q all.q -l ngpus=1 -v MODEL="RegNetX_400MF",DATASET="TinyImageNet",ATTACK="BIM",KIND="ALL",PHASE="generate",OUTPUT_DIR="adversarial_results_ep100_pre300" adversarial_hpc_submit.pbs </dev/null
[2026-09-11 09:11:45] [CMD] qsub -q all.q -l ngpus=1 -v MODEL="RegNetX_400MF",DATASET="TinyImageNet",ATTACK="PGD",KIND="ALL",PHASE="generate",OUTPUT_DIR="adversarial_results_ep300_pre100" adversarial_hpc_submit.pbs </dev/null
[2026-09-11 09:11:47] [OK] RegNetX_400MF/TinyImageNet/BIM/ALL
[2026-09-11 09:11:47] [OK] qsub output: Your job 6503857 ("adversarial_hpc_submit.pbs") has been submitted
[2026-09-11 09:11:47] [SUBMIT] RegNetX_400MF/TinyImageNet/APGD/ALL
[2026-09-11 09:11:47] [CMD] qsub -q all.q -l ngpus=1 -v MODEL="RegNetX_400MF",DATASET="TinyImageNet",ATTACK="APGD",KIND="ALL",PHASE="generate",OUTPUT_DIR="adversarial_results_ep100_pre300" adversarial_hpc_submit.pbs </dev/null
[2026-09-11 09:11:48] [OK] InceptionNet/Cifar10/APGD/ALL
[2026-09-11 09:11:48] [OK] qsub output: Your job 6503856 ("adversarial_hpc_submit.pbs") has been submitted
[2026-09-11 09:11:48] [SUBMIT] InceptionNet/Cifar10/CW/ALL
[2026-09-11 09:11:48] [CMD] qsub -q all.q -l ngpus=1 -v MODEL="InceptionNet",DATASET="Cifar10",ATTACK="CW",KIND="ALL",PHASE="generate",OUTPUT_DIR="adversarial_results_ep200_pre200" adversarial_hpc_submit.pbs </dev/null
[2026-09-11 09:11:51] [OK] RegNetX_400MF/TinyImageNet/PGD/ALL
[2026-09-11 09:11:52] [OK] qsub output: Your job 6503858 ("adversarial_hpc_submit.pbs") has been submitted
[2026-09-11 09:11:52] [SUBMIT] RegNetX_400MF/TinyImageNet/FGSM/ALL
[2026-09-11 09:11:52] [CMD] qsub -q all.q -l ngpus=1 -v MODEL="RegNetX_400MF",DATASET="TinyImageNet",ATTACK="FGSM",KIND="ALL",PHASE="generate",OUTPUT_DIR="adversarial_results_ep300_pre100" adversarial_hpc_submit.pbs </dev/null
[2026-09-11 09:11:53] [OK] RegNetX_400MF/TinyImageNet/APGD/ALL
[2026-09-11 09:11:53] [OK] qsub output: Your job 6503859 ("adversarial_hpc_submit.pbs") has been submitted
[2026-09-11 09:11:53] [SUBMIT] RegNetX_400MF/TinyImageNet/CW/ALL
[2026-09-11 09:11:53] [CMD] qsub -q all.q -l ngpus=1 -v MODEL="RegNetX_400MF",DATASET="TinyImageNet",ATTACK="CW",KIND="ALL",PHASE="generate",OUTPUT_DIR="adversarial_results_ep100_pre300" adversarial_hpc_submit.pbs </dev/null
[2026-09-11 09:11:54] [OK] InceptionNet/Cifar10/CW/ALL
[2026-09-11 09:11:54] [OK] qsub output: Your job 6503860 ("adversarial_hpc_submit.pbs") has been submitted
[2026-09-11 09:11:54] [SUBMIT] InceptionNet/Cifar10/DeepFool/ALL
[2026-09-11 09:11:54] [CMD] qsub -q all.q -l ngpus=1 -v MODEL="InceptionNet",DATASET="Cifar10",ATTACK="DeepFool",KIND="ALL",PHASE="generate",OUTPUT_DIR="adversarial_results_ep200_pre200" adversarial_hpc_submit.pbs </dev/null
[2026-09-11 09:11:55] [OK] RegNetX_400MF/TinyImageNet/FGSM/ALL
[2026-09-11 09:11:55] [OK] qsub output: Your job 6503861 ("adversarial_hpc_submit.pbs") has been submitted
[2026-09-11 09:11:55] [SUBMIT] RegNetX_400MF/TinyImageNet/IFGSM/ALL
[2026-09-11 09:11:55] [CMD] qsub -q all.q -l ngpus=1 -v MODEL="RegNetX_400MF",DATASET="TinyImageNet",ATTACK="IFGSM",KIND="ALL",PHASE="generate",OUTPUT_DIR="adversarial_results_ep300_pre100" adversarial_hpc_submit.pbs </dev/null
[2026-09-11 09:11:57] [OK] RegNetX_400MF/TinyImageNet/CW/ALL
[2026-09-11 09:11:58] [OK] qsub output: Your job 6503862 ("adversarial_hpc_submit.pbs") has been submitted
[2026-09-11 09:11:58] [SUBMIT] RegNetX_400MF/TinyImageNet/DeepFool/ALL
[2026-09-11 09:11:59] [CMD] qsub -q all.q -l ngpus=1 -v MODEL="RegNetX_400MF",DATASET="TinyImageNet",ATTACK="DeepFool",KIND="ALL",PHASE="generate",OUTPUT_DIR="adversarial_results_ep100_pre300" adversarial_hpc_submit.pbs </dev/null
[2026-09-11 09:12:00] [OK] InceptionNet/Cifar10/DeepFool/ALL
[2026-09-11 09:12:00] [OK] qsub output: Your job 6503863 ("adversarial_hpc_submit.pbs") has been submitted
[2026-09-11 09:12:00] [SUBMIT] InceptionNet/Cifar100/PGD/ALL
[2026-09-11 09:12:00] [CMD] qsub -q all.q -l ngpus=1 -v MODEL="InceptionNet",DATASET="Cifar100",ATTACK="PGD",KIND="ALL",PHASE="generate",OUTPUT_DIR="adversarial_results_ep200_pre200" adversarial_hpc_submit.pbs </dev/null
[2026-09-11 09:12:04] [OK] RegNetX_400MF/TinyImageNet/IFGSM/ALL
[2026-09-11 09:12:05] [OK] RegNetX_400MF/TinyImageNet/DeepFool/ALL
[2026-09-11 09:12:07] [OK] qsub output: Your job 6503864 ("adversarial_hpc_submit.pbs") has been submitted
[2026-09-11 09:12:08] [OK] InceptionNet/Cifar100/PGD/ALL
[2026-09-11 09:12:11] [OK] qsub output: Your job 6503865 ("adversarial_hpc_submit.pbs") has been submitted
[2026-09-11 09:12:16] [SUBMIT] RegNetX_400MF/TinyImageNet/BIM/ALL
[2026-09-11 09:12:29] [OK] qsub output: Your job 6503866 ("adversarial_hpc_submit.pbs") has been submitted
[2026-09-11 09:12:45] [SUBMIT] InceptionNet/Cifar10/PGD/ALL
[2026-09-11 09:12:46] [CMD] qsub -q all.q -l ngpus=1 -v MODEL="RegNetX_400MF",DATASET="TinyImageNet",ATTACK="BIM",KIND="ALL",PHASE="generate",OUTPUT_DIR="adversarial_results_ep300_pre100" adversarial_hpc_submit.pbs </dev/null
[2026-09-11 09:12:47] [SUBMIT] InceptionNet/Cifar100/FGSM/ALL
[2026-09-11 09:12:49] [CMD] qsub -q all.q -l ngpus=1 -v MODEL="InceptionNet",DATASET="Cifar10",ATTACK="PGD",KIND="ALL",PHASE="generate",OUTPUT_DIR="adversarial_results_ep100_pre300" adversarial_hpc_submit.pbs </dev/null
[2026-09-11 09:12:52] [CMD] qsub -q all.q -l ngpus=1 -v MODEL="InceptionNet",DATASET="Cifar100",ATTACK="FGSM",KIND="ALL",PHASE="generate",OUTPUT_DIR="adversarial_results_ep200_pre200" adversarial_hpc_submit.pbs </dev/null
[2026-09-11 09:12:53] [OK] RegNetX_400MF/TinyImageNet/BIM/ALL
[2026-09-11 09:12:53] [OK] qsub output: Your job 6503867 ("adversarial_hpc_submit.pbs") has been submitted
[2026-09-11 09:12:54] [SUBMIT] RegNetX_400MF/TinyImageNet/APGD/ALL
[2026-09-11 09:12:54] [CMD] qsub -q all.q -l ngpus=1 -v MODEL="RegNetX_400MF",DATASET="TinyImageNet",ATTACK="APGD",KIND="ALL",PHASE="generate",OUTPUT_DIR="adversarial_results_ep300_pre100" adversarial_hpc_submit.pbs </dev/null
[2026-09-11 09:12:59] [OK] InceptionNet/Cifar100/FGSM/ALL
[2026-09-11 09:12:59] [OK] qsub output: Your job 6503869 ("adversarial_hpc_submit.pbs") has been submitted
[2026-09-11 09:13:00] [SUBMIT] InceptionNet/Cifar100/IFGSM/ALL
[2026-09-11 09:13:00] [CMD] qsub -q all.q -l ngpus=1 -v MODEL="InceptionNet",DATASET="Cifar100",ATTACK="IFGSM",KIND="ALL",PHASE="generate",OUTPUT_DIR="adversarial_results_ep200_pre200" adversarial_hpc_submit.pbs </dev/null
[2026-09-11 09:13:01] [OK] InceptionNet/Cifar10/PGD/ALL
[2026-09-11 09:13:01] [OK] qsub output: Your job 6503868 ("adversarial_hpc_submit.pbs") has been submitted
[2026-09-11 09:13:01] [SUBMIT] InceptionNet/Cifar10/FGSM/ALL
[2026-09-11 09:13:01] [CMD] qsub -q all.q -l ngpus=1 -v MODEL="InceptionNet",DATASET="Cifar10",ATTACK="FGSM",KIND="ALL",PHASE="generate",OUTPUT_DIR="adversarial_results_ep100_pre300" adversarial_hpc_submit.pbs </dev/null
[2026-09-11 09:13:04] [OK] RegNetX_400MF/TinyImageNet/APGD/ALL
[2026-09-11 09:13:06] [OK] InceptionNet/Cifar100/IFGSM/ALL
[2026-09-11 09:13:08] [OK] InceptionNet/Cifar10/FGSM/ALL
[2026-09-11 09:13:10] [OK] qsub output: Your job 6503870 ("adversarial_hpc_submit.pbs") has been submitted
[2026-09-11 09:13:13] [OK] qsub output: Your job 6503871 ("adversarial_hpc_submit.pbs") has been submitted
[2026-09-11 09:13:16] [OK] qsub output: Your job 6503872 ("adversarial_hpc_submit.pbs") has been submitted
[2026-09-11 09:13:24] [SUBMIT] RegNetX_400MF/TinyImageNet/CW/ALL
[2026-09-11 09:13:26] [SUBMIT] InceptionNet/Cifar100/BIM/ALL
[2026-09-11 09:13:27] [SUBMIT] InceptionNet/Cifar10/IFGSM/ALL
[2026-09-11 09:13:35] [CMD] qsub -q all.q -l ngpus=1 -v MODEL="RegNetX_400MF",DATASET="TinyImageNet",ATTACK="CW",KIND="ALL",PHASE="generate",OUTPUT_DIR="adversarial_results_ep300_pre100" adversarial_hpc_submit.pbs </dev/null
[2026-09-11 09:13:48] [CMD] qsub -q all.q -l ngpus=1 -v MODEL="InceptionNet",DATASET="Cifar100",ATTACK="BIM",KIND="ALL",PHASE="generate",OUTPUT_DIR="adversarial_results_ep200_pre200" adversarial_hpc_submit.pbs </dev/null
[2026-09-11 09:13:49] [CMD] qsub -q all.q -l ngpus=1 -v MODEL="InceptionNet",DATASET="Cifar10",ATTACK="IFGSM",KIND="ALL",PHASE="generate",OUTPUT_DIR="adversarial_results_ep100_pre300" adversarial_hpc_submit.pbs </dev/null
[2026-09-11 09:13:57] [OK] RegNetX_400MF/TinyImageNet/CW/ALL
[2026-09-11 09:13:57] [OK] qsub output: Your job 6503876 ("adversarial_hpc_submit.pbs") has been submitted
[2026-09-11 09:13:57] [SUBMIT] RegNetX_400MF/TinyImageNet/DeepFool/ALL
[2026-09-11 09:13:57] [CMD] qsub -q all.q -l ngpus=1 -v MODEL="RegNetX_400MF",DATASET="TinyImageNet",ATTACK="DeepFool",KIND="ALL",PHASE="generate",OUTPUT_DIR="adversarial_results_ep300_pre100" adversarial_hpc_submit.pbs </dev/null
[2026-09-11 09:14:04] [OK] InceptionNet/Cifar100/BIM/ALL
[2026-09-11 09:14:06] [OK] qsub output: Your job 6503877 ("adversarial_hpc_submit.pbs") has been submitted
[2026-09-11 09:14:07] [OK] InceptionNet/Cifar10/IFGSM/ALL
[2026-09-11 09:14:10] [OK] RegNetX_400MF/TinyImageNet/DeepFool/ALL
[2026-09-11 09:14:10] [SUBMIT] InceptionNet/Cifar100/APGD/ALL
[2026-09-11 09:14:11] [OK] qsub output: Your job 6503879 ("adversarial_hpc_submit.pbs") has been submitted
[2026-09-11 09:14:11] [OK] qsub output: Your job 6503878 ("adversarial_hpc_submit.pbs") has been submitted
[2026-09-11 09:14:11] [CMD] qsub -q all.q -l ngpus=1 -v MODEL="InceptionNet",DATASET="Cifar100",ATTACK="APGD",KIND="ALL",PHASE="generate",OUTPUT_DIR="adversarial_results_ep200_pre200" adversarial_hpc_submit.pbs </dev/null
[2026-09-11 09:14:11] [SUBMIT] InceptionNet/Cifar10/BIM/ALL
[2026-09-11 09:14:11] [SUBMIT] InceptionNet/Cifar10/PGD/ALL
[2026-09-11 09:14:11] [CMD] qsub -q all.q -l ngpus=1 -v MODEL="InceptionNet",DATASET="Cifar10",ATTACK="BIM",KIND="ALL",PHASE="generate",OUTPUT_DIR="adversarial_results_ep100_pre300" adversarial_hpc_submit.pbs </dev/null
[2026-09-11 09:14:11] [CMD] qsub -q all.q -l ngpus=1 -v MODEL="InceptionNet",DATASET="Cifar10",ATTACK="PGD",KIND="ALL",PHASE="generate",OUTPUT_DIR="adversarial_results_ep300_pre100" adversarial_hpc_submit.pbs </dev/null
[2026-09-11 09:14:14] [OK] InceptionNet/Cifar100/APGD/ALL
[2026-09-11 09:14:14] [OK] qsub output: Your job 6503880 ("adversarial_hpc_submit.pbs") has been submitted
[2026-09-11 09:14:14] [SUBMIT] InceptionNet/Cifar100/CW/ALL
[2026-09-11 09:14:14] [CMD] qsub -q all.q -l ngpus=1 -v MODEL="InceptionNet",DATASET="Cifar100",ATTACK="CW",KIND="ALL",PHASE="generate",OUTPUT_DIR="adversarial_results_ep200_pre200" adversarial_hpc_submit.pbs </dev/null
[2026-09-11 09:14:18] [OK] InceptionNet/Cifar10/BIM/ALL
[2026-09-11 09:14:18] [OK] qsub output: Your job 6503882 ("adversarial_hpc_submit.pbs") has been submitted
[2026-09-11 09:14:18] [SUBMIT] InceptionNet/Cifar10/APGD/ALL
[2026-09-11 09:14:18] [CMD] qsub -q all.q -l ngpus=1 -v MODEL="InceptionNet",DATASET="Cifar10",ATTACK="APGD",KIND="ALL",PHASE="generate",OUTPUT_DIR="adversarial_results_ep100_pre300" adversarial_hpc_submit.pbs </dev/null
[2026-09-11 09:14:20] [OK] InceptionNet/Cifar10/PGD/ALL
[2026-09-11 09:14:20] [OK] qsub output: Your job 6503883 ("adversarial_hpc_submit.pbs") has been submitted
[2026-09-11 09:14:20] [SUBMIT] InceptionNet/Cifar10/FGSM/ALL
[2026-09-11 09:14:20] [CMD] qsub -q all.q -l ngpus=1 -v MODEL="InceptionNet",DATASET="Cifar10",ATTACK="FGSM",KIND="ALL",PHASE="generate",OUTPUT_DIR="adversarial_results_ep300_pre100" adversarial_hpc_submit.pbs </dev/null
[2026-09-11 09:14:25] [OK] InceptionNet/Cifar100/CW/ALL
[2026-09-11 09:14:25] [OK] qsub output: Your job 6503884 ("adversarial_hpc_submit.pbs") has been submitted
[2026-09-11 09:14:25] [SUBMIT] InceptionNet/Cifar100/DeepFool/ALL
[2026-09-11 09:14:25] [CMD] qsub -q all.q -l ngpus=1 -v MODEL="InceptionNet",DATASET="Cifar100",ATTACK="DeepFool",KIND="ALL",PHASE="generate",OUTPUT_DIR="adversarial_results_ep200_pre200" adversarial_hpc_submit.pbs </dev/null
[2026-09-11 09:14:26] [OK] InceptionNet/Cifar10/APGD/ALL
[2026-09-11 09:14:26] [OK] qsub output: Your job 6503885 ("adversarial_hpc_submit.pbs") has been submitted
[2026-09-11 09:14:26] [SUBMIT] InceptionNet/Cifar10/CW/ALL
[2026-09-11 09:14:26] [CMD] qsub -q all.q -l ngpus=1 -v MODEL="InceptionNet",DATASET="Cifar10",ATTACK="CW",KIND="ALL",PHASE="generate",OUTPUT_DIR="adversarial_results_ep100_pre300" adversarial_hpc_submit.pbs </dev/null
[2026-09-11 09:14:30] [OK] InceptionNet/Cifar10/FGSM/ALL
[2026-09-11 09:14:30] [OK] qsub output: Your job 6503886 ("adversarial_hpc_submit.pbs") has been submitted
[2026-09-11 09:14:30] [SUBMIT] InceptionNet/Cifar10/IFGSM/ALL
[2026-09-11 09:14:30] [CMD] qsub -q all.q -l ngpus=1 -v MODEL="InceptionNet",DATASET="Cifar10",ATTACK="IFGSM",KIND="ALL",PHASE="generate",OUTPUT_DIR="adversarial_results_ep300_pre100" adversarial_hpc_submit.pbs </dev/null
[2026-09-11 09:14:31] [OK] InceptionNet/Cifar10/CW/ALL
[2026-09-11 09:14:31] [OK] qsub output: Your job 6503888 ("adversarial_hpc_submit.pbs") has been submitted
[2026-09-11 09:14:31] [SUBMIT] InceptionNet/Cifar10/DeepFool/ALL
[2026-09-11 09:14:31] [CMD] qsub -q all.q -l ngpus=1 -v MODEL="InceptionNet",DATASET="Cifar10",ATTACK="DeepFool",KIND="ALL",PHASE="generate",OUTPUT_DIR="adversarial_results_ep100_pre300" adversarial_hpc_submit.pbs </dev/null
[2026-09-11 09:14:33] [OK] InceptionNet/Cifar100/DeepFool/ALL
[2026-09-11 09:14:33] [OK] qsub output: Your job 6503887 ("adversarial_hpc_submit.pbs") has been submitted
[2026-09-11 09:14:33] [SUBMIT] InceptionNet/TinyImageNet/PGD/ALL
[2026-09-11 09:14:33] [CMD] qsub -q all.q -l ngpus=1 -v MODEL="InceptionNet",DATASET="TinyImageNet",ATTACK="PGD",KIND="ALL",PHASE="generate",OUTPUT_DIR="adversarial_results_ep200_pre200" adversarial_hpc_submit.pbs </dev/null
[2026-09-11 09:14:34] [OK] InceptionNet/Cifar10/IFGSM/ALL
[2026-09-11 09:14:34] [OK] qsub output: Your job 6503889 ("adversarial_hpc_submit.pbs") has been submitted
[2026-09-11 09:14:34] [SUBMIT] InceptionNet/Cifar10/BIM/ALL
[2026-09-11 09:14:34] [CMD] qsub -q all.q -l ngpus=1 -v MODEL="InceptionNet",DATASET="Cifar10",ATTACK="BIM",KIND="ALL",PHASE="generate",OUTPUT_DIR="adversarial_results_ep300_pre100" adversarial_hpc_submit.pbs </dev/null
[2026-09-11 09:14:40] [OK] InceptionNet/TinyImageNet/PGD/ALL
[2026-09-11 09:14:42] [OK] InceptionNet/Cifar10/DeepFool/ALL
[2026-09-11 09:14:44] [OK] InceptionNet/Cifar10/BIM/ALL
[2026-09-11 09:14:45] [OK] qsub output: Your job 6503891 ("adversarial_hpc_submit.pbs") has been submitted
[2026-09-11 09:14:45] [OK] qsub output: Your job 6503890 ("adversarial_hpc_submit.pbs") has been submitted
[2026-09-11 09:14:45] [OK] qsub output: Your job 6503892 ("adversarial_hpc_submit.pbs") has been submitted
[2026-09-11 09:14:46] [SUBMIT] InceptionNet/TinyImageNet/FGSM/ALL
[2026-09-11 09:14:46] [SUBMIT] InceptionNet/Cifar100/PGD/ALL
[2026-09-11 09:14:46] [SUBMIT] InceptionNet/Cifar10/APGD/ALL
[2026-09-11 09:14:46] [CMD] qsub -q all.q -l ngpus=1 -v MODEL="InceptionNet",DATASET="TinyImageNet",ATTACK="FGSM",KIND="ALL",PHASE="generate",OUTPUT_DIR="adversarial_results_ep200_pre200" adversarial_hpc_submit.pbs </dev/null
[2026-09-11 09:14:46] [CMD] qsub -q all.q -l ngpus=1 -v MODEL="InceptionNet",DATASET="Cifar100",ATTACK="PGD",KIND="ALL",PHASE="generate",OUTPUT_DIR="adversarial_results_ep100_pre300" adversarial_hpc_submit.pbs </dev/null
[2026-09-11 09:14:46] [CMD] qsub -q all.q -l ngpus=1 -v MODEL="InceptionNet",DATASET="Cifar10",ATTACK="APGD",KIND="ALL",PHASE="generate",OUTPUT_DIR="adversarial_results_ep300_pre100" adversarial_hpc_submit.pbs </dev/null
[2026-09-11 09:14:50] [OK] InceptionNet/TinyImageNet/FGSM/ALL
[2026-09-11 09:14:50] [OK] qsub output: Your job 6503893 ("adversarial_hpc_submit.pbs") has been submitted
[2026-09-11 09:14:50] [SUBMIT] InceptionNet/TinyImageNet/IFGSM/ALL
[2026-09-11 09:14:50] [CMD] qsub -q all.q -l ngpus=1 -v MODEL="InceptionNet",DATASET="TinyImageNet",ATTACK="IFGSM",KIND="ALL",PHASE="generate",OUTPUT_DIR="adversarial_results_ep200_pre200" adversarial_hpc_submit.pbs </dev/null
[2026-09-11 09:14:52] [OK] InceptionNet/Cifar100/PGD/ALL
[2026-09-11 09:14:52] [OK] qsub output: Your job 6503895 ("adversarial_hpc_submit.pbs") has been submitted
[2026-09-11 09:14:52] [SUBMIT] InceptionNet/Cifar100/FGSM/ALL
[2026-09-11 09:14:52] [CMD] qsub -q all.q -l ngpus=1 -v MODEL="InceptionNet",DATASET="Cifar100",ATTACK="FGSM",KIND="ALL",PHASE="generate",OUTPUT_DIR="adversarial_results_ep100_pre300" adversarial_hpc_submit.pbs </dev/null
[2026-09-11 09:14:55] [OK] InceptionNet/Cifar10/APGD/ALL
[2026-09-11 09:14:55] [OK] qsub output: Your job 6503894 ("adversarial_hpc_submit.pbs") has been submitted
[2026-09-11 09:14:55] [SUBMIT] InceptionNet/Cifar10/CW/ALL
[2026-09-11 09:14:55] [CMD] qsub -q all.q -l ngpus=1 -v MODEL="InceptionNet",DATASET="Cifar10",ATTACK="CW",KIND="ALL",PHASE="generate",OUTPUT_DIR="adversarial_results_ep300_pre100" adversarial_hpc_submit.pbs </dev/null
[2026-09-11 09:15:00] [OK] InceptionNet/TinyImageNet/IFGSM/ALL
[2026-09-11 09:15:00] [OK] qsub output: Your job 6503897 ("adversarial_hpc_submit.pbs") has been submitted
[2026-09-11 09:15:01] [SUBMIT] InceptionNet/TinyImageNet/BIM/ALL
[2026-09-11 09:15:01] [CMD] qsub -q all.q -l ngpus=1 -v MODEL="InceptionNet",DATASET="TinyImageNet",ATTACK="BIM",KIND="ALL",PHASE="generate",OUTPUT_DIR="adversarial_results_ep200_pre200" adversarial_hpc_submit.pbs </dev/null
[2026-09-11 09:15:04] [OK] InceptionNet/Cifar100/FGSM/ALL
[2026-09-11 09:15:04] [OK] qsub output: Your job 6503898 ("adversarial_hpc_submit.pbs") has been submitted
[2026-09-11 09:15:04] [SUBMIT] InceptionNet/Cifar100/IFGSM/ALL
[2026-09-11 09:15:04] [CMD] qsub -q all.q -l ngpus=1 -v MODEL="InceptionNet",DATASET="Cifar100",ATTACK="IFGSM",KIND="ALL",PHASE="generate",OUTPUT_DIR="adversarial_results_ep100_pre300" adversarial_hpc_submit.pbs </dev/null
[2026-09-11 09:15:09] [OK] InceptionNet/Cifar10/CW/ALL
[2026-09-11 09:15:09] [OK] qsub output: Your job 6503899 ("adversarial_hpc_submit.pbs") has been submitted
[2026-09-11 09:15:09] [SUBMIT] InceptionNet/Cifar10/DeepFool/ALL
[2026-09-11 09:15:09] [CMD] qsub -q all.q -l ngpus=1 -v MODEL="InceptionNet",DATASET="Cifar10",ATTACK="DeepFool",KIND="ALL",PHASE="generate",OUTPUT_DIR="adversarial_results_ep300_pre100" adversarial_hpc_submit.pbs </dev/null
[2026-09-11 09:15:10] [OK] InceptionNet/TinyImageNet/BIM/ALL
[2026-09-11 09:15:10] [OK] qsub output: Your job 6503900 ("adversarial_hpc_submit.pbs") has been submitted
[2026-09-11 09:15:11] [SUBMIT] InceptionNet/TinyImageNet/APGD/ALL
[2026-09-11 09:15:11] [CMD] qsub -q all.q -l ngpus=1 -v MODEL="InceptionNet",DATASET="TinyImageNet",ATTACK="APGD",KIND="ALL",PHASE="generate",OUTPUT_DIR="adversarial_results_ep200_pre200" adversarial_hpc_submit.pbs </dev/null
[2026-09-11 09:15:11] [OK] InceptionNet/Cifar100/IFGSM/ALL
[2026-09-11 09:15:11] [OK] qsub output: Your job 6503901 ("adversarial_hpc_submit.pbs") has been submitted
[2026-09-11 09:15:11] [SUBMIT] InceptionNet/Cifar100/BIM/ALL
[2026-09-11 09:15:12] [CMD] qsub -q all.q -l ngpus=1 -v MODEL="InceptionNet",DATASET="Cifar100",ATTACK="BIM",KIND="ALL",PHASE="generate",OUTPUT_DIR="adversarial_results_ep100_pre300" adversarial_hpc_submit.pbs </dev/null
[2026-09-11 09:15:15] [OK] InceptionNet/Cifar10/DeepFool/ALL
[2026-09-11 09:15:15] [OK] qsub output: Your job 6503902 ("adversarial_hpc_submit.pbs") has been submitted
[2026-09-11 09:15:16] [SUBMIT] InceptionNet/Cifar100/PGD/ALL
[2026-09-11 09:15:16] [CMD] qsub -q all.q -l ngpus=1 -v MODEL="InceptionNet",DATASET="Cifar100",ATTACK="PGD",KIND="ALL",PHASE="generate",OUTPUT_DIR="adversarial_results_ep300_pre100" adversarial_hpc_submit.pbs </dev/null
[2026-09-11 09:15:25] [OK] InceptionNet/TinyImageNet/APGD/ALL
[2026-09-11 09:15:25] [OK] qsub output: Your job 6503905 ("adversarial_hpc_submit.pbs") has been submitted
[2026-09-11 09:15:25] [SUBMIT] InceptionNet/TinyImageNet/CW/ALL
[2026-09-11 09:15:25] [CMD] qsub -q all.q -l ngpus=1 -v MODEL="InceptionNet",DATASET="TinyImageNet",ATTACK="CW",KIND="ALL",PHASE="generate",OUTPUT_DIR="adversarial_results_ep200_pre200" adversarial_hpc_submit.pbs </dev/null
[2026-09-11 09:15:26] [OK] InceptionNet/Cifar100/BIM/ALL
[2026-09-11 09:15:26] [OK] qsub output: Your job 6503906 ("adversarial_hpc_submit.pbs") has been submitted
[2026-09-11 09:15:26] [SUBMIT] InceptionNet/Cifar100/APGD/ALL
[2026-09-11 09:15:26] [CMD] qsub -q all.q -l ngpus=1 -v MODEL="InceptionNet",DATASET="Cifar100",ATTACK="APGD",KIND="ALL",PHASE="generate",OUTPUT_DIR="adversarial_results_ep100_pre300" adversarial_hpc_submit.pbs </dev/null
[2026-09-11 09:15:32] [OK] InceptionNet/Cifar100/PGD/ALL
[2026-09-11 09:15:32] [OK] qsub output: Your job 6503908 ("adversarial_hpc_submit.pbs") has been submitted
[2026-09-11 09:15:32] [SUBMIT] InceptionNet/Cifar100/FGSM/ALL
[2026-09-11 09:15:32] [CMD] qsub -q all.q -l ngpus=1 -v MODEL="InceptionNet",DATASET="Cifar100",ATTACK="FGSM",KIND="ALL",PHASE="generate",OUTPUT_DIR="adversarial_results_ep300_pre100" adversarial_hpc_submit.pbs </dev/null
[2026-09-11 09:15:43] [OK] InceptionNet/TinyImageNet/CW/ALL
[2026-09-11 09:15:43] [OK] qsub output: Your job 6503910 ("adversarial_hpc_submit.pbs") has been submitted
[2026-09-11 09:15:43] [SUBMIT] InceptionNet/TinyImageNet/DeepFool/ALL
[2026-09-11 09:15:43] [CMD] qsub -q all.q -l ngpus=1 -v MODEL="InceptionNet",DATASET="TinyImageNet",ATTACK="DeepFool",KIND="ALL",PHASE="generate",OUTPUT_DIR="adversarial_results_ep200_pre200" adversarial_hpc_submit.pbs </dev/null
[2026-09-11 09:15:48] [OK] InceptionNet/Cifar100/FGSM/ALL
[2026-09-11 09:15:48] [OK] qsub output: Your job 6503912 ("adversarial_hpc_submit.pbs") has been submitted
[2026-09-11 09:15:48] [SUBMIT] InceptionNet/Cifar100/IFGSM/ALL
[2026-09-11 09:15:48] [CMD] qsub -q all.q -l ngpus=1 -v MODEL="InceptionNet",DATASET="Cifar100",ATTACK="IFGSM",KIND="ALL",PHASE="generate",OUTPUT_DIR="adversarial_results_ep300_pre100" adversarial_hpc_submit.pbs </dev/null
[2026-09-11 09:15:50] [OK] InceptionNet/Cifar100/APGD/ALL
[2026-09-11 09:15:50] [OK] qsub output: Your job 6503911 ("adversarial_hpc_submit.pbs") has been submitted
[2026-09-11 09:15:50] [SUBMIT] InceptionNet/Cifar100/CW/ALL
[2026-09-11 09:15:50] [CMD] qsub -q all.q -l ngpus=1 -v MODEL="InceptionNet",DATASET="Cifar100",ATTACK="CW",KIND="ALL",PHASE="generate",OUTPUT_DIR="adversarial_results_ep100_pre300" adversarial_hpc_submit.pbs </dev/null
[2026-09-11 09:15:57] [OK] InceptionNet/Cifar100/IFGSM/ALL
[2026-09-11 09:15:57] [OK] qsub output: Your job 6503915 ("adversarial_hpc_submit.pbs") has been submitted
[2026-09-11 09:15:57] [SUBMIT] InceptionNet/Cifar100/BIM/ALL
[2026-09-11 09:15:57] [CMD] qsub -q all.q -l ngpus=1 -v MODEL="InceptionNet",DATASET="Cifar100",ATTACK="BIM",KIND="ALL",PHASE="generate",OUTPUT_DIR="adversarial_results_ep300_pre100" adversarial_hpc_submit.pbs </dev/null
[2026-09-11 09:15:58] [OK] InceptionNet/TinyImageNet/DeepFool/ALL
[2026-09-11 09:15:58] [OK] qsub output: Your job 6503914 ("adversarial_hpc_submit.pbs") has been submitted
[2026-09-11 09:15:58] [SUBMIT] MobileNet/Cifar10/PGD/ALL
[2026-09-11 09:15:58] [CMD] qsub -q all.q -l ngpus=1 -v MODEL="MobileNet",DATASET="Cifar10",ATTACK="PGD",KIND="ALL",PHASE="generate",OUTPUT_DIR="adversarial_results_ep200_pre200" adversarial_hpc_submit.pbs </dev/null
[2026-09-11 09:15:59] [OK] InceptionNet/Cifar100/CW/ALL
[2026-09-11 09:15:59] [OK] qsub output: Your job 6503916 ("adversarial_hpc_submit.pbs") has been submitted
[2026-09-11 09:15:59] [SUBMIT] InceptionNet/Cifar100/DeepFool/ALL
[2026-09-11 09:15:59] [CMD] qsub -q all.q -l ngpus=1 -v MODEL="InceptionNet",DATASET="Cifar100",ATTACK="DeepFool",KIND="ALL",PHASE="generate",OUTPUT_DIR="adversarial_results_ep100_pre300" adversarial_hpc_submit.pbs </dev/null
[2026-09-11 09:16:07] [OK] InceptionNet/Cifar100/BIM/ALL
[2026-09-11 09:16:07] [OK] qsub output: Your job 6503917 ("adversarial_hpc_submit.pbs") has been submitted
[2026-09-11 09:16:07] [SUBMIT] InceptionNet/Cifar100/APGD/ALL
[2026-09-11 09:16:07] [CMD] qsub -q all.q -l ngpus=1 -v MODEL="InceptionNet",DATASET="Cifar100",ATTACK="APGD",KIND="ALL",PHASE="generate",OUTPUT_DIR="adversarial_results_ep300_pre100" adversarial_hpc_submit.pbs </dev/null
[2026-09-11 09:16:09] [OK] MobileNet/Cifar10/PGD/ALL
[2026-09-11 09:16:09] [OK] qsub output: Your job 6503918 ("adversarial_hpc_submit.pbs") has been submitted
[2026-09-11 09:16:09] [SUBMIT] MobileNet/Cifar10/FGSM/ALL
[2026-09-11 09:16:09] [CMD] qsub -q all.q -l ngpus=1 -v MODEL="MobileNet",DATASET="Cifar10",ATTACK="FGSM",KIND="ALL",PHASE="generate",OUTPUT_DIR="adversarial_results_ep200_pre200" adversarial_hpc_submit.pbs </dev/null
[2026-09-11 09:16:15] [OK] InceptionNet/Cifar100/DeepFool/ALL
[2026-09-11 09:16:15] [OK] qsub output: Your job 6503919 ("adversarial_hpc_submit.pbs") has been submitted
[2026-09-11 09:16:15] [SUBMIT] InceptionNet/TinyImageNet/PGD/ALL
[2026-09-11 09:16:15] [CMD] qsub -q all.q -l ngpus=1 -v MODEL="InceptionNet",DATASET="TinyImageNet",ATTACK="PGD",KIND="ALL",PHASE="generate",OUTPUT_DIR="adversarial_results_ep100_pre300" adversarial_hpc_submit.pbs </dev/null
[2026-09-11 09:16:16] [OK] InceptionNet/Cifar100/APGD/ALL
[2026-09-11 09:16:16] [OK] qsub output: Your job 6503921 ("adversarial_hpc_submit.pbs") has been submitted
[2026-09-11 09:16:17] [SUBMIT] InceptionNet/Cifar100/CW/ALL
[2026-09-11 09:16:17] [CMD] qsub -q all.q -l ngpus=1 -v MODEL="InceptionNet",DATASET="Cifar100",ATTACK="CW",KIND="ALL",PHASE="generate",OUTPUT_DIR="adversarial_results_ep300_pre100" adversarial_hpc_submit.pbs </dev/null
[2026-09-11 09:16:24] [OK] InceptionNet/TinyImageNet/PGD/ALL
[2026-09-11 09:16:24] [OK] MobileNet/Cifar10/FGSM/ALL
[2026-09-11 09:16:25] [OK] qsub output: Your job 6503923 ("adversarial_hpc_submit.pbs") has been submitted
[2026-09-11 09:16:25] [OK] qsub output: Your job 6503922 ("adversarial_hpc_submit.pbs") has been submitted
[2026-09-11 09:16:25] [SUBMIT] InceptionNet/TinyImageNet/FGSM/ALL
[2026-09-11 09:16:25] [SUBMIT] MobileNet/Cifar10/IFGSM/ALL
[2026-09-11 09:16:25] [CMD] qsub -q all.q -l ngpus=1 -v MODEL="MobileNet",DATASET="Cifar10",ATTACK="IFGSM",KIND="ALL",PHASE="generate",OUTPUT_DIR="adversarial_results_ep200_pre200" adversarial_hpc_submit.pbs </dev/null
[2026-09-11 09:16:25] [CMD] qsub -q all.q -l ngpus=1 -v MODEL="InceptionNet",DATASET="TinyImageNet",ATTACK="FGSM",KIND="ALL",PHASE="generate",OUTPUT_DIR="adversarial_results_ep100_pre300" adversarial_hpc_submit.pbs </dev/null
[2026-09-11 09:16:28] [OK] InceptionNet/Cifar100/CW/ALL
[2026-09-11 09:16:29] [OK] MobileNet/Cifar10/IFGSM/ALL
[2026-09-11 09:16:35] [OK] qsub output: Your job 6503924 ("adversarial_hpc_submit.pbs") has been submitted
[2026-09-11 09:16:37] [OK] InceptionNet/TinyImageNet/FGSM/ALL
[2026-09-11 09:17:07] [OK] qsub output: Your job 6503926 ("adversarial_hpc_submit.pbs") has been submitted
[2026-09-11 09:17:10] [SUBMIT] InceptionNet/Cifar100/DeepFool/ALL
[2026-09-11 09:17:26] [OK] qsub output: Your job 6503927 ("adversarial_hpc_submit.pbs") has been submitted
[2026-09-11 09:17:29] [SUBMIT] MobileNet/Cifar10/BIM/ALL
[2026-09-11 09:17:31] [CMD] qsub -q all.q -l ngpus=1 -v MODEL="InceptionNet",DATASET="Cifar100",ATTACK="DeepFool",KIND="ALL",PHASE="generate",OUTPUT_DIR="adversarial_results_ep300_pre100" adversarial_hpc_submit.pbs </dev/null
[2026-09-11 09:17:31] [SUBMIT] InceptionNet/TinyImageNet/IFGSM/ALL
[2026-09-11 09:17:31] [CMD] qsub -q all.q -l ngpus=1 -v MODEL="MobileNet",DATASET="Cifar10",ATTACK="BIM",KIND="ALL",PHASE="generate",OUTPUT_DIR="adversarial_results_ep200_pre200" adversarial_hpc_submit.pbs </dev/null
[2026-09-11 09:17:34] [CMD] qsub -q all.q -l ngpus=1 -v MODEL="InceptionNet",DATASET="TinyImageNet",ATTACK="IFGSM",KIND="ALL",PHASE="generate",OUTPUT_DIR="adversarial_results_ep100_pre300" adversarial_hpc_submit.pbs </dev/null
[2026-09-11 09:17:37] [OK] InceptionNet/Cifar100/DeepFool/ALL
[2026-09-11 09:17:45] [OK] MobileNet/Cifar10/BIM/ALL
[2026-09-11 09:17:49] [OK] InceptionNet/TinyImageNet/IFGSM/ALL
[2026-09-11 09:17:57] [OK] qsub output: Your job 6503930 ("adversarial_hpc_submit.pbs") has been submitted
[2026-09-11 09:18:02] [OK] qsub output: Your job 6503931 ("adversarial_hpc_submit.pbs") has been submitted
[2026-09-11 09:18:07] [OK] qsub output: Your job 6503932 ("adversarial_hpc_submit.pbs") has been submitted
[2026-09-11 09:18:09] [SUBMIT] InceptionNet/TinyImageNet/PGD/ALL
[2026-09-11 09:18:15] [SUBMIT] MobileNet/Cifar10/APGD/ALL
[2026-09-11 09:18:25] [SUBMIT] InceptionNet/TinyImageNet/BIM/ALL
[2026-09-11 09:18:27] [CMD] qsub -q all.q -l ngpus=1 -v MODEL="InceptionNet",DATASET="TinyImageNet",ATTACK="PGD",KIND="ALL",PHASE="generate",OUTPUT_DIR="adversarial_results_ep300_pre100" adversarial_hpc_submit.pbs </dev/null
[2026-09-11 09:18:30] [CMD] qsub -q all.q -l ngpus=1 -v MODEL="MobileNet",DATASET="Cifar10",ATTACK="APGD",KIND="ALL",PHASE="generate",OUTPUT_DIR="adversarial_results_ep200_pre200" adversarial_hpc_submit.pbs </dev/null
[2026-09-11 09:18:31] [CMD] qsub -q all.q -l ngpus=1 -v MODEL="InceptionNet",DATASET="TinyImageNet",ATTACK="BIM",KIND="ALL",PHASE="generate",OUTPUT_DIR="adversarial_results_ep100_pre300" adversarial_hpc_submit.pbs </dev/null
[2026-09-11 09:18:36] [OK] MobileNet/Cifar10/APGD/ALL
[2026-09-11 09:18:39] [OK] InceptionNet/TinyImageNet/PGD/ALL
[2026-09-11 09:18:42] [OK] InceptionNet/TinyImageNet/BIM/ALL
[2026-09-11 09:18:45] [OK] qsub output: Your job 6503934 ("adversarial_hpc_submit.pbs") has been submitted
[2026-09-11 09:18:55] [OK] qsub output: Your job 6503933 ("adversarial_hpc_submit.pbs") has been submitted
[2026-09-11 09:18:55] [OK] qsub output: Your job 6503935 ("adversarial_hpc_submit.pbs") has been submitted
[2026-09-11 09:19:13] [SUBMIT] MobileNet/Cifar10/CW/ALL
[2026-09-11 09:19:18] [SUBMIT] InceptionNet/TinyImageNet/FGSM/ALL
[2026-09-11 09:19:19] [SUBMIT] InceptionNet/TinyImageNet/APGD/ALL
[2026-09-11 09:19:20] [CMD] qsub -q all.q -l ngpus=1 -v MODEL="MobileNet",DATASET="Cifar10",ATTACK="CW",KIND="ALL",PHASE="generate",OUTPUT_DIR="adversarial_results_ep200_pre200" adversarial_hpc_submit.pbs </dev/null
[2026-09-11 09:19:20] [CMD] qsub -q all.q -l ngpus=1 -v MODEL="InceptionNet",DATASET="TinyImageNet",ATTACK="FGSM",KIND="ALL",PHASE="generate",OUTPUT_DIR="adversarial_results_ep300_pre100" adversarial_hpc_submit.pbs </dev/null
[2026-09-11 09:19:20] [CMD] qsub -q all.q -l ngpus=1 -v MODEL="InceptionNet",DATASET="TinyImageNet",ATTACK="APGD",KIND="ALL",PHASE="generate",OUTPUT_DIR="adversarial_results_ep100_pre300" adversarial_hpc_submit.pbs </dev/null
[2026-09-11 09:19:27] [OK] InceptionNet/TinyImageNet/FGSM/ALL
[2026-09-11 09:19:27] [OK] MobileNet/Cifar10/CW/ALL
[2026-09-11 09:19:28] [OK] qsub output: Your job 6503938 ("adversarial_hpc_submit.pbs") has been submitted
[2026-09-11 09:19:28] [OK] qsub output: Your job 6503937 ("adversarial_hpc_submit.pbs") has been submitted
[2026-09-11 09:19:28] [SUBMIT] InceptionNet/TinyImageNet/IFGSM/ALL
[2026-09-11 09:19:28] [SUBMIT] MobileNet/Cifar10/DeepFool/ALL
[2026-09-11 09:19:29] [CMD] qsub -q all.q -l ngpus=1 -v MODEL="InceptionNet",DATASET="TinyImageNet",ATTACK="IFGSM",KIND="ALL",PHASE="generate",OUTPUT_DIR="adversarial_results_ep300_pre100" adversarial_hpc_submit.pbs </dev/null
[2026-09-11 09:19:30] [OK] InceptionNet/TinyImageNet/APGD/ALL
[2026-09-11 09:19:47] [CMD] qsub -q all.q -l ngpus=1 -v MODEL="MobileNet",DATASET="Cifar10",ATTACK="DeepFool",KIND="ALL",PHASE="generate",OUTPUT_DIR="adversarial_results_ep200_pre200" adversarial_hpc_submit.pbs </dev/null
[2026-09-11 09:19:50] [OK] qsub output: Your job 6503939 ("adversarial_hpc_submit.pbs") has been submitted
[2026-09-11 09:19:54] [SUBMIT] InceptionNet/TinyImageNet/CW/ALL
[2026-09-11 09:19:58] [OK] MobileNet/Cifar10/DeepFool/ALL
[2026-09-11 09:20:00] [OK] InceptionNet/TinyImageNet/IFGSM/ALL
[2026-09-11 09:20:09] [CMD] qsub -q all.q -l ngpus=1 -v MODEL="InceptionNet",DATASET="TinyImageNet",ATTACK="CW",KIND="ALL",PHASE="generate",OUTPUT_DIR="adversarial_results_ep100_pre300" adversarial_hpc_submit.pbs </dev/null
[2026-09-11 09:20:09] [OK] qsub output: Your job 6503942 ("adversarial_hpc_submit.pbs") has been submitted
[2026-09-11 09:20:09] [OK] qsub output: Your job 6503943 ("adversarial_hpc_submit.pbs") has been submitted
[2026-09-11 09:20:20] [SUBMIT] InceptionNet/TinyImageNet/BIM/ALL
[2026-09-11 09:20:23] [OK] InceptionNet/TinyImageNet/CW/ALL
[2026-09-11 09:20:31] [SUBMIT] MobileNet/Cifar100/PGD/ALL
[2026-09-11 09:20:35] [CMD] qsub -q all.q -l ngpus=1 -v MODEL="InceptionNet",DATASET="TinyImageNet",ATTACK="BIM",KIND="ALL",PHASE="generate",OUTPUT_DIR="adversarial_results_ep300_pre100" adversarial_hpc_submit.pbs </dev/null
[2026-09-11 09:20:37] [OK] qsub output: Your job 6503944 ("adversarial_hpc_submit.pbs") has been submitted
[2026-09-11 09:20:38] [CMD] qsub -q all.q -l ngpus=1 -v MODEL="MobileNet",DATASET="Cifar100",ATTACK="PGD",KIND="ALL",PHASE="generate",OUTPUT_DIR="adversarial_results_ep200_pre200" adversarial_hpc_submit.pbs </dev/null
[2026-09-11 09:20:38] [SUBMIT] InceptionNet/TinyImageNet/DeepFool/ALL
[2026-09-11 09:20:38] [CMD] qsub -q all.q -l ngpus=1 -v MODEL="InceptionNet",DATASET="TinyImageNet",ATTACK="DeepFool",KIND="ALL",PHASE="generate",OUTPUT_DIR="adversarial_results_ep100_pre300" adversarial_hpc_submit.pbs </dev/null
[2026-09-11 09:20:41] [OK] MobileNet/Cifar100/PGD/ALL
[2026-09-11 09:20:42] [OK] qsub output: Your job 6503946 ("adversarial_hpc_submit.pbs") has been submitted
[2026-09-11 09:20:42] [SUBMIT] MobileNet/Cifar100/FGSM/ALL
[2026-09-11 09:20:42] [CMD] qsub -q all.q -l ngpus=1 -v MODEL="MobileNet",DATASET="Cifar100",ATTACK="FGSM",KIND="ALL",PHASE="generate",OUTPUT_DIR="adversarial_results_ep200_pre200" adversarial_hpc_submit.pbs </dev/null
[2026-09-11 09:20:43] [OK] InceptionNet/TinyImageNet/DeepFool/ALL
[2026-09-11 09:20:43] [OK] qsub output: Your job 6503947 ("adversarial_hpc_submit.pbs") has been submitted
[2026-09-11 09:20:44] [SUBMIT] MobileNet/Cifar10/PGD/ALL
[2026-09-11 09:20:44] [CMD] qsub -q all.q -l ngpus=1 -v MODEL="MobileNet",DATASET="Cifar10",ATTACK="PGD",KIND="ALL",PHASE="generate",OUTPUT_DIR="adversarial_results_ep100_pre300" adversarial_hpc_submit.pbs </dev/null
[2026-09-11 09:20:45] [OK] InceptionNet/TinyImageNet/BIM/ALL
[2026-09-11 09:20:45] [OK] qsub output: Your job 6503945 ("adversarial_hpc_submit.pbs") has been submitted
[2026-09-11 09:20:45] [SUBMIT] InceptionNet/TinyImageNet/APGD/ALL
[2026-09-11 09:20:45] [CMD] qsub -q all.q -l ngpus=1 -v MODEL="InceptionNet",DATASET="TinyImageNet",ATTACK="APGD",KIND="ALL",PHASE="generate",OUTPUT_DIR="adversarial_results_ep300_pre100" adversarial_hpc_submit.pbs </dev/null
[2026-09-11 09:20:47] [OK] MobileNet/Cifar100/FGSM/ALL
[2026-09-11 09:20:47] [OK] qsub output: Your job 6503948 ("adversarial_hpc_submit.pbs") has been submitted
[2026-09-11 09:20:47] [SUBMIT] MobileNet/Cifar100/IFGSM/ALL
[2026-09-11 09:20:47] [CMD] qsub -q all.q -l ngpus=1 -v MODEL="MobileNet",DATASET="Cifar100",ATTACK="IFGSM",KIND="ALL",PHASE="generate",OUTPUT_DIR="adversarial_results_ep200_pre200" adversarial_hpc_submit.pbs </dev/null
[2026-09-11 09:20:51] [OK] MobileNet/Cifar10/PGD/ALL
[2026-09-11 09:20:52] [OK] qsub output: Your job 6503949 ("adversarial_hpc_submit.pbs") has been submitted
[2026-09-11 09:20:53] [SUBMIT] MobileNet/Cifar10/FGSM/ALL
[2026-09-11 09:20:53] [CMD] qsub -q all.q -l ngpus=1 -v MODEL="MobileNet",DATASET="Cifar10",ATTACK="FGSM",KIND="ALL",PHASE="generate",OUTPUT_DIR="adversarial_results_ep100_pre300" adversarial_hpc_submit.pbs </dev/null
[2026-09-11 09:20:56] [OK] MobileNet/Cifar100/IFGSM/ALL
[2026-09-11 09:20:56] [OK] qsub output: Your job 6503952 ("adversarial_hpc_submit.pbs") has been submitted
[2026-09-11 09:20:56] [SUBMIT] MobileNet/Cifar100/BIM/ALL
[2026-09-11 09:20:56] [CMD] qsub -q all.q -l ngpus=1 -v MODEL="MobileNet",DATASET="Cifar100",ATTACK="BIM",KIND="ALL",PHASE="generate",OUTPUT_DIR="adversarial_results_ep200_pre200" adversarial_hpc_submit.pbs </dev/null
[2026-09-11 09:20:56] [OK] InceptionNet/TinyImageNet/APGD/ALL
[2026-09-11 09:20:56] [OK] qsub output: Your job 6503951 ("adversarial_hpc_submit.pbs") has been submitted
[2026-09-11 09:20:56] [SUBMIT] InceptionNet/TinyImageNet/CW/ALL
[2026-09-11 09:20:56] [CMD] qsub -q all.q -l ngpus=1 -v MODEL="InceptionNet",DATASET="TinyImageNet",ATTACK="CW",KIND="ALL",PHASE="generate",OUTPUT_DIR="adversarial_results_ep300_pre100" adversarial_hpc_submit.pbs </dev/null
[2026-09-11 09:21:00] [OK] MobileNet/Cifar10/FGSM/ALL
[2026-09-11 09:21:00] [OK] qsub output: Your job 6503953 ("adversarial_hpc_submit.pbs") has been submitted
[2026-09-11 09:21:00] [SUBMIT] MobileNet/Cifar10/IFGSM/ALL
[2026-09-11 09:21:00] [CMD] qsub -q all.q -l ngpus=1 -v MODEL="MobileNet",DATASET="Cifar10",ATTACK="IFGSM",KIND="ALL",PHASE="generate",OUTPUT_DIR="adversarial_results_ep100_pre300" adversarial_hpc_submit.pbs </dev/null
[2026-09-11 09:21:04] [OK] InceptionNet/TinyImageNet/CW/ALL
[2026-09-11 09:21:04] [OK] qsub output: Your job 6503955 ("adversarial_hpc_submit.pbs") has been submitted
[2026-09-11 09:21:04] [SUBMIT] InceptionNet/TinyImageNet/DeepFool/ALL
[2026-09-11 09:21:04] [CMD] qsub -q all.q -l ngpus=1 -v MODEL="InceptionNet",DATASET="TinyImageNet",ATTACK="DeepFool",KIND="ALL",PHASE="generate",OUTPUT_DIR="adversarial_results_ep300_pre100" adversarial_hpc_submit.pbs </dev/null
[2026-09-11 09:21:05] [OK] MobileNet/Cifar100/BIM/ALL
[2026-09-11 09:21:05] [OK] qsub output: Your job 6503954 ("adversarial_hpc_submit.pbs") has been submitted
[2026-09-11 09:21:05] [SUBMIT] MobileNet/Cifar100/APGD/ALL
[2026-09-11 09:21:05] [CMD] qsub -q all.q -l ngpus=1 -v MODEL="MobileNet",DATASET="Cifar100",ATTACK="APGD",KIND="ALL",PHASE="generate",OUTPUT_DIR="adversarial_results_ep200_pre200" adversarial_hpc_submit.pbs </dev/null
[2026-09-11 09:21:07] [OK] MobileNet/Cifar10/IFGSM/ALL
[2026-09-11 09:21:09] [OK] qsub output: Your job 6503957 ("adversarial_hpc_submit.pbs") has been submitted
[2026-09-11 09:21:09] [SUBMIT] MobileNet/Cifar10/BIM/ALL
[2026-09-11 09:21:09] [CMD] qsub -q all.q -l ngpus=1 -v MODEL="MobileNet",DATASET="Cifar10",ATTACK="BIM",KIND="ALL",PHASE="generate",OUTPUT_DIR="adversarial_results_ep100_pre300" adversarial_hpc_submit.pbs </dev/null
[2026-09-11 09:21:13] [OK] InceptionNet/TinyImageNet/DeepFool/ALL
[2026-09-11 09:21:13] [OK] qsub output: Your job 6503958 ("adversarial_hpc_submit.pbs") has been submitted
[2026-09-11 09:21:13] [SUBMIT] MobileNet/Cifar10/PGD/ALL
[2026-09-11 09:21:14] [CMD] qsub -q all.q -l ngpus=1 -v MODEL="MobileNet",DATASET="Cifar10",ATTACK="PGD",KIND="ALL",PHASE="generate",OUTPUT_DIR="adversarial_results_ep300_pre100" adversarial_hpc_submit.pbs </dev/null
[2026-09-11 09:21:15] [OK] MobileNet/Cifar100/APGD/ALL
[2026-09-11 09:21:17] [OK] MobileNet/Cifar10/PGD/ALL
[2026-09-11 09:21:19] [OK] MobileNet/Cifar10/BIM/ALL
[2026-09-11 09:21:19] [OK] qsub output: Your job 6503959 ("adversarial_hpc_submit.pbs") has been submitted
[2026-09-11 09:21:19] [OK] qsub output: Your job 6503961 ("adversarial_hpc_submit.pbs") has been submitted
[2026-09-11 09:21:19] [OK] qsub output: Your job 6503960 ("adversarial_hpc_submit.pbs") has been submitted
[2026-09-11 09:21:20] [SUBMIT] MobileNet/Cifar100/CW/ALL
[2026-09-11 09:21:20] [SUBMIT] MobileNet/Cifar10/FGSM/ALL
[2026-09-11 09:21:20] [SUBMIT] MobileNet/Cifar10/APGD/ALL
[2026-09-11 09:21:20] [CMD] qsub -q all.q -l ngpus=1 -v MODEL="MobileNet",DATASET="Cifar100",ATTACK="CW",KIND="ALL",PHASE="generate",OUTPUT_DIR="adversarial_results_ep200_pre200" adversarial_hpc_submit.pbs </dev/null
[2026-09-11 09:21:20] [CMD] qsub -q all.q -l ngpus=1 -v MODEL="MobileNet",DATASET="Cifar10",ATTACK="FGSM",KIND="ALL",PHASE="generate",OUTPUT_DIR="adversarial_results_ep300_pre100" adversarial_hpc_submit.pbs </dev/null
[2026-09-11 09:21:20] [CMD] qsub -q all.q -l ngpus=1 -v MODEL="MobileNet",DATASET="Cifar10",ATTACK="APGD",KIND="ALL",PHASE="generate",OUTPUT_DIR="adversarial_results_ep100_pre300" adversarial_hpc_submit.pbs </dev/null
[2026-09-11 09:21:24] [OK] MobileNet/Cifar10/APGD/ALL
[2026-09-11 09:21:24] [OK] qsub output: Your job 6503963 ("adversarial_hpc_submit.pbs") has been submitted
[2026-09-11 09:21:24] [SUBMIT] MobileNet/Cifar10/CW/ALL
[2026-09-11 09:21:24] [CMD] qsub -q all.q -l ngpus=1 -v MODEL="MobileNet",DATASET="Cifar10",ATTACK="CW",KIND="ALL",PHASE="generate",OUTPUT_DIR="adversarial_results_ep100_pre300" adversarial_hpc_submit.pbs </dev/null
[2026-09-11 09:21:25] [OK] MobileNet/Cifar10/FGSM/ALL
[2026-09-11 09:21:25] [OK] qsub output: Your job 6503962 ("adversarial_hpc_submit.pbs") has been submitted
[2026-09-11 09:21:26] [SUBMIT] MobileNet/Cifar10/IFGSM/ALL
[2026-09-11 09:21:26] [CMD] qsub -q all.q -l ngpus=1 -v MODEL="MobileNet",DATASET="Cifar10",ATTACK="IFGSM",KIND="ALL",PHASE="generate",OUTPUT_DIR="adversarial_results_ep300_pre100" adversarial_hpc_submit.pbs </dev/null
[2026-09-11 09:21:29] [OK] MobileNet/Cifar10/CW/ALL
[2026-09-11 09:21:29] [OK] qsub output: Your job 6503965 ("adversarial_hpc_submit.pbs") has been submitted
[2026-09-11 09:21:29] [SUBMIT] MobileNet/Cifar10/DeepFool/ALL
[2026-09-11 09:21:29] [CMD] qsub -q all.q -l ngpus=1 -v MODEL="MobileNet",DATASET="Cifar10",ATTACK="DeepFool",KIND="ALL",PHASE="generate",OUTPUT_DIR="adversarial_results_ep100_pre300" adversarial_hpc_submit.pbs </dev/null
[2026-09-11 09:21:32] [OK] MobileNet/Cifar100/CW/ALL
[2026-09-11 09:21:32] [OK] qsub output: Your job 6503964 ("adversarial_hpc_submit.pbs") has been submitted
[2026-09-11 09:21:32] [SUBMIT] MobileNet/Cifar100/DeepFool/ALL
[2026-09-11 09:21:32] [CMD] qsub -q all.q -l ngpus=1 -v MODEL="MobileNet",DATASET="Cifar100",ATTACK="DeepFool",KIND="ALL",PHASE="generate",OUTPUT_DIR="adversarial_results_ep200_pre200" adversarial_hpc_submit.pbs </dev/null
[2026-09-11 09:21:34] [OK] MobileNet/Cifar10/IFGSM/ALL
[2026-09-11 09:21:34] [OK] qsub output: Your job 6503966 ("adversarial_hpc_submit.pbs") has been submitted
[2026-09-11 09:21:34] [SUBMIT] MobileNet/Cifar10/BIM/ALL
[2026-09-11 09:21:34] [CMD] qsub -q all.q -l ngpus=1 -v MODEL="MobileNet",DATASET="Cifar10",ATTACK="BIM",KIND="ALL",PHASE="generate",OUTPUT_DIR="adversarial_results_ep300_pre100" adversarial_hpc_submit.pbs </dev/null
[2026-09-11 09:21:34] [OK] MobileNet/Cifar10/DeepFool/ALL
[2026-09-11 09:21:35] [OK] qsub output: Your job 6503967 ("adversarial_hpc_submit.pbs") has been submitted
[2026-09-11 09:21:35] [SUBMIT] MobileNet/Cifar100/PGD/ALL
[2026-09-11 09:21:35] [CMD] qsub -q all.q -l ngpus=1 -v MODEL="MobileNet",DATASET="Cifar100",ATTACK="PGD",KIND="ALL",PHASE="generate",OUTPUT_DIR="adversarial_results_ep100_pre300" adversarial_hpc_submit.pbs </dev/null
[2026-09-11 09:21:42] [OK] MobileNet/Cifar100/DeepFool/ALL
[2026-09-11 09:21:42] [OK] qsub output: Your job 6503968 ("adversarial_hpc_submit.pbs") has been submitted
[2026-09-11 09:21:42] [SUBMIT] MobileNet/TinyImageNet/PGD/ALL
[2026-09-11 09:21:42] [CMD] qsub -q all.q -l ngpus=1 -v MODEL="MobileNet",DATASET="TinyImageNet",ATTACK="PGD",KIND="ALL",PHASE="generate",OUTPUT_DIR="adversarial_results_ep200_pre200" adversarial_hpc_submit.pbs </dev/null
[2026-09-11 09:21:43] [OK] MobileNet/Cifar10/BIM/ALL
[2026-09-11 09:21:43] [OK] qsub output: Your job 6503969 ("adversarial_hpc_submit.pbs") has been submitted
[2026-09-11 09:21:43] [SUBMIT] MobileNet/Cifar10/APGD/ALL
[2026-09-11 09:21:43] [CMD] qsub -q all.q -l ngpus=1 -v MODEL="MobileNet",DATASET="Cifar10",ATTACK="APGD",KIND="ALL",PHASE="generate",OUTPUT_DIR="adversarial_results_ep300_pre100" adversarial_hpc_submit.pbs </dev/null
[2026-09-11 09:21:44] [OK] MobileNet/Cifar100/PGD/ALL
[2026-09-11 09:21:44] [OK] qsub output: Your job 6503970 ("adversarial_hpc_submit.pbs") has been submitted
[2026-09-11 09:21:44] [SUBMIT] MobileNet/Cifar100/FGSM/ALL
[2026-09-11 09:21:44] [CMD] qsub -q all.q -l ngpus=1 -v MODEL="MobileNet",DATASET="Cifar100",ATTACK="FGSM",KIND="ALL",PHASE="generate",OUTPUT_DIR="adversarial_results_ep100_pre300" adversarial_hpc_submit.pbs </dev/null
[2026-09-11 09:21:48] [OK] MobileNet/TinyImageNet/PGD/ALL
[2026-09-11 09:21:48] [OK] qsub output: Your job 6503972 ("adversarial_hpc_submit.pbs") has been submitted
[2026-09-11 09:21:48] [SUBMIT] MobileNet/TinyImageNet/FGSM/ALL
[2026-09-11 09:21:48] [CMD] qsub -q all.q -l ngpus=1 -v MODEL="MobileNet",DATASET="TinyImageNet",ATTACK="FGSM",KIND="ALL",PHASE="generate",OUTPUT_DIR="adversarial_results_ep200_pre200" adversarial_hpc_submit.pbs </dev/null
[2026-09-11 09:21:51] [OK] MobileNet/Cifar10/APGD/ALL
[2026-09-11 09:21:51] [OK] qsub output: Your job 6503973 ("adversarial_hpc_submit.pbs") has been submitted
[2026-09-11 09:21:51] [SUBMIT] MobileNet/Cifar10/CW/ALL
[2026-09-11 09:21:51] [CMD] qsub -q all.q -l ngpus=1 -v MODEL="MobileNet",DATASET="Cifar10",ATTACK="CW",KIND="ALL",PHASE="generate",OUTPUT_DIR="adversarial_results_ep300_pre100" adversarial_hpc_submit.pbs </dev/null
[2026-09-11 09:21:55] [OK] MobileNet/TinyImageNet/FGSM/ALL
[2026-09-11 09:21:55] [OK] qsub output: Your job 6503975 ("adversarial_hpc_submit.pbs") has been submitted
[2026-09-11 09:21:55] [SUBMIT] MobileNet/TinyImageNet/IFGSM/ALL
[2026-09-11 09:21:55] [CMD] qsub -q all.q -l ngpus=1 -v MODEL="MobileNet",DATASET="TinyImageNet",ATTACK="IFGSM",KIND="ALL",PHASE="generate",OUTPUT_DIR="adversarial_results_ep200_pre200" adversarial_hpc_submit.pbs </dev/null
[2026-09-11 09:21:55] [OK] MobileNet/Cifar100/FGSM/ALL
[2026-09-11 09:21:55] [OK] qsub output: Your job 6503974 ("adversarial_hpc_submit.pbs") has been submitted
[2026-09-11 09:21:55] [SUBMIT] MobileNet/Cifar100/IFGSM/ALL
[2026-09-11 09:21:55] [CMD] qsub -q all.q -l ngpus=1 -v MODEL="MobileNet",DATASET="Cifar100",ATTACK="IFGSM",KIND="ALL",PHASE="generate",OUTPUT_DIR="adversarial_results_ep100_pre300" adversarial_hpc_submit.pbs </dev/null
[2026-09-11 09:21:59] [OK] MobileNet/TinyImageNet/IFGSM/ALL
[2026-09-11 09:21:59] [OK] qsub output: Your job 6503977 ("adversarial_hpc_submit.pbs") has been submitted
[2026-09-11 09:21:59] [SUBMIT] MobileNet/TinyImageNet/BIM/ALL
[2026-09-11 09:22:00] [CMD] qsub -q all.q -l ngpus=1 -v MODEL="MobileNet",DATASET="TinyImageNet",ATTACK="BIM",KIND="ALL",PHASE="generate",OUTPUT_DIR="adversarial_results_ep200_pre200" adversarial_hpc_submit.pbs </dev/null
[2026-09-11 09:22:04] [OK] MobileNet/Cifar10/CW/ALL
[2026-09-11 09:22:04] [OK] qsub output: Your job 6503976 ("adversarial_hpc_submit.pbs") has been submitted
[2026-09-11 09:22:04] [SUBMIT] MobileNet/Cifar10/DeepFool/ALL
[2026-09-11 09:22:04] [CMD] qsub -q all.q -l ngpus=1 -v MODEL="MobileNet",DATASET="Cifar10",ATTACK="DeepFool",KIND="ALL",PHASE="generate",OUTPUT_DIR="adversarial_results_ep300_pre100" adversarial_hpc_submit.pbs </dev/null
[2026-09-11 09:22:06] [OK] MobileNet/TinyImageNet/BIM/ALL
[2026-09-11 09:22:06] [OK] qsub output: Your job 6503979 ("adversarial_hpc_submit.pbs") has been submitted
[2026-09-11 09:22:06] [SUBMIT] MobileNet/TinyImageNet/APGD/ALL
[2026-09-11 09:22:06] [CMD] qsub -q all.q -l ngpus=1 -v MODEL="MobileNet",DATASET="TinyImageNet",ATTACK="APGD",KIND="ALL",PHASE="generate",OUTPUT_DIR="adversarial_results_ep200_pre200" adversarial_hpc_submit.pbs </dev/null
[2026-09-11 09:22:09] [OK] MobileNet/Cifar100/IFGSM/ALL
[2026-09-11 09:22:09] [OK] qsub output: Your job 6503978 ("adversarial_hpc_submit.pbs") has been submitted
[2026-09-11 09:22:09] [SUBMIT] MobileNet/Cifar100/BIM/ALL
[2026-09-11 09:22:09] [CMD] qsub -q all.q -l ngpus=1 -v MODEL="MobileNet",DATASET="Cifar100",ATTACK="BIM",KIND="ALL",PHASE="generate",OUTPUT_DIR="adversarial_results_ep100_pre300" adversarial_hpc_submit.pbs </dev/null
[2026-09-11 09:22:09] [OK] MobileNet/Cifar10/DeepFool/ALL
[2026-09-11 09:22:09] [OK] qsub output: Your job 6503980 ("adversarial_hpc_submit.pbs") has been submitted
[2026-09-11 09:22:09] [SUBMIT] MobileNet/Cifar100/PGD/ALL
[2026-09-11 09:22:09] [CMD] qsub -q all.q -l ngpus=1 -v MODEL="MobileNet",DATASET="Cifar100",ATTACK="PGD",KIND="ALL",PHASE="generate",OUTPUT_DIR="adversarial_results_ep300_pre100" adversarial_hpc_submit.pbs </dev/null
[2026-09-11 09:22:12] [OK] MobileNet/Cifar100/BIM/ALL
[2026-09-11 09:22:12] [OK] qsub output: Your job 6503982 ("adversarial_hpc_submit.pbs") has been submitted
[2026-09-11 09:22:13] [SUBMIT] MobileNet/Cifar100/APGD/ALL
[2026-09-11 09:22:13] [CMD] qsub -q all.q -l ngpus=1 -v MODEL="MobileNet",DATASET="Cifar100",ATTACK="APGD",KIND="ALL",PHASE="generate",OUTPUT_DIR="adversarial_results_ep100_pre300" adversarial_hpc_submit.pbs </dev/null
[2026-09-11 09:22:15] [OK] MobileNet/TinyImageNet/APGD/ALL
[2026-09-11 09:22:15] [OK] qsub output: Your job 6503981 ("adversarial_hpc_submit.pbs") has been submitted
[2026-09-11 09:22:15] [SUBMIT] MobileNet/TinyImageNet/CW/ALL
[2026-09-11 09:22:15] [CMD] qsub -q all.q -l ngpus=1 -v MODEL="MobileNet",DATASET="TinyImageNet",ATTACK="CW",KIND="ALL",PHASE="generate",OUTPUT_DIR="adversarial_results_ep200_pre200" adversarial_hpc_submit.pbs </dev/null
[2026-09-11 09:22:18] [OK] MobileNet/Cifar100/PGD/ALL
[2026-09-11 09:22:18] [OK] qsub output: Your job 6503983 ("adversarial_hpc_submit.pbs") has been submitted
[2026-09-11 09:22:18] [SUBMIT] MobileNet/Cifar100/FGSM/ALL
[2026-09-11 09:22:18] [CMD] qsub -q all.q -l ngpus=1 -v MODEL="MobileNet",DATASET="Cifar100",ATTACK="FGSM",KIND="ALL",PHASE="generate",OUTPUT_DIR="adversarial_results_ep300_pre100" adversarial_hpc_submit.pbs </dev/null
[2026-09-11 09:22:22] [OK] MobileNet/TinyImageNet/CW/ALL
[2026-09-11 09:22:22] [OK] qsub output: Your job 6503985 ("adversarial_hpc_submit.pbs") has been submitted
[2026-09-11 09:22:22] [SUBMIT] MobileNet/TinyImageNet/DeepFool/ALL
[2026-09-11 09:22:22] [CMD] qsub -q all.q -l ngpus=1 -v MODEL="MobileNet",DATASET="TinyImageNet",ATTACK="DeepFool",KIND="ALL",PHASE="generate",OUTPUT_DIR="adversarial_results_ep200_pre200" adversarial_hpc_submit.pbs </dev/null
[2026-09-11 09:22:23] [OK] MobileNet/Cifar100/APGD/ALL
[2026-09-11 09:22:23] [OK] qsub output: Your job 6503984 ("adversarial_hpc_submit.pbs") has been submitted
[2026-09-11 09:22:23] [SUBMIT] MobileNet/Cifar100/CW/ALL
[2026-09-11 09:22:23] [CMD] qsub -q all.q -l ngpus=1 -v MODEL="MobileNet",DATASET="Cifar100",ATTACK="CW",KIND="ALL",PHASE="generate",OUTPUT_DIR="adversarial_results_ep100_pre300" adversarial_hpc_submit.pbs </dev/null
[2026-09-11 09:22:25] [OK] MobileNet/Cifar100/FGSM/ALL
[2026-09-11 09:22:25] [OK] qsub output: Your job 6503986 ("adversarial_hpc_submit.pbs") has been submitted
[2026-09-11 09:22:25] [SUBMIT] MobileNet/Cifar100/IFGSM/ALL
[2026-09-11 09:22:25] [CMD] qsub -q all.q -l ngpus=1 -v MODEL="MobileNet",DATASET="Cifar100",ATTACK="IFGSM",KIND="ALL",PHASE="generate",OUTPUT_DIR="adversarial_results_ep300_pre100" adversarial_hpc_submit.pbs </dev/null
[2026-09-11 09:22:29] [OK] MobileNet/TinyImageNet/DeepFool/ALL
[2026-09-11 09:22:29] [OK] qsub output: Your job 6503987 ("adversarial_hpc_submit.pbs") has been submitted
[2026-09-11 09:22:29] [SUBMIT] XceptionNet/Cifar10/PGD/ALL
[2026-09-11 09:22:29] [CMD] qsub -q all.q -l ngpus=1 -v MODEL="XceptionNet",DATASET="Cifar10",ATTACK="PGD",KIND="ALL",PHASE="generate",OUTPUT_DIR="adversarial_results_ep200_pre200" adversarial_hpc_submit.pbs </dev/null
[2026-09-11 09:22:33] [OK] MobileNet/Cifar100/CW/ALL
[2026-09-11 09:22:33] [OK] qsub output: Your job 6503988 ("adversarial_hpc_submit.pbs") has been submitted
[2026-09-11 09:22:33] [SUBMIT] MobileNet/Cifar100/DeepFool/ALL
[2026-09-11 09:22:33] [CMD] qsub -q all.q -l ngpus=1 -v MODEL="MobileNet",DATASET="Cifar100",ATTACK="DeepFool",KIND="ALL",PHASE="generate",OUTPUT_DIR="adversarial_results_ep100_pre300" adversarial_hpc_submit.pbs </dev/null
[2026-09-11 09:22:35] [OK] MobileNet/Cifar100/IFGSM/ALL
[2026-09-11 09:22:35] [OK] qsub output: Your job 6503989 ("adversarial_hpc_submit.pbs") has been submitted
[2026-09-11 09:22:35] [SUBMIT] MobileNet/Cifar100/BIM/ALL
[2026-09-11 09:22:35] [CMD] qsub -q all.q -l ngpus=1 -v MODEL="MobileNet",DATASET="Cifar100",ATTACK="BIM",KIND="ALL",PHASE="generate",OUTPUT_DIR="adversarial_results_ep300_pre100" adversarial_hpc_submit.pbs </dev/null
[2026-09-11 09:22:43] [OK] XceptionNet/Cifar10/PGD/ALL
[2026-09-11 09:22:44] [OK] MobileNet/Cifar100/DeepFool/ALL
[2026-09-11 09:22:45] [OK] qsub output: Your job 6503991 ("adversarial_hpc_submit.pbs") has been submitted
[2026-09-11 09:22:45] [OK] qsub output: Your job 6503990 ("adversarial_hpc_submit.pbs") has been submitted
[2026-09-11 09:22:45] [SUBMIT] MobileNet/TinyImageNet/PGD/ALL
[2026-09-11 09:22:45] [SUBMIT] XceptionNet/Cifar10/FGSM/ALL
[2026-09-11 09:22:45] [CMD] qsub -q all.q -l ngpus=1 -v MODEL="XceptionNet",DATASET="Cifar10",ATTACK="FGSM",KIND="ALL",PHASE="generate",OUTPUT_DIR="adversarial_results_ep200_pre200" adversarial_hpc_submit.pbs </dev/null
[2026-09-11 09:22:45] [CMD] qsub -q all.q -l ngpus=1 -v MODEL="MobileNet",DATASET="TinyImageNet",ATTACK="PGD",KIND="ALL",PHASE="generate",OUTPUT_DIR="adversarial_results_ep100_pre300" adversarial_hpc_submit.pbs </dev/null
[2026-09-11 09:22:48] [OK] MobileNet/Cifar100/BIM/ALL
[2026-09-11 09:22:49] [OK] qsub output: Your job 6503992 ("adversarial_hpc_submit.pbs") has been submitted
[2026-09-11 09:22:49] [SUBMIT] MobileNet/Cifar100/APGD/ALL
[2026-09-11 09:22:49] [CMD] qsub -q all.q -l ngpus=1 -v MODEL="MobileNet",DATASET="Cifar100",ATTACK="APGD",KIND="ALL",PHASE="generate",OUTPUT_DIR="adversarial_results_ep300_pre100" adversarial_hpc_submit.pbs </dev/null
[2026-09-11 09:22:55] [OK] MobileNet/TinyImageNet/PGD/ALL
[2026-09-11 09:22:55] [OK] qsub output: Your job 6503995 ("adversarial_hpc_submit.pbs") has been submitted
[2026-09-11 09:22:55] [SUBMIT] MobileNet/TinyImageNet/FGSM/ALL
[2026-09-11 09:22:55] [CMD] qsub -q all.q -l ngpus=1 -v MODEL="MobileNet",DATASET="TinyImageNet",ATTACK="FGSM",KIND="ALL",PHASE="generate",OUTPUT_DIR="adversarial_results_ep100_pre300" adversarial_hpc_submit.pbs </dev/null
[2026-09-11 09:23:02] [OK] MobileNet/Cifar100/APGD/ALL
[2026-09-11 09:23:03] [OK] XceptionNet/Cifar10/FGSM/ALL
[2026-09-11 09:23:04] [OK] qsub output: Your job 6503997 ("adversarial_hpc_submit.pbs") has been submitted
[2026-09-11 09:23:04] [OK] qsub output: Your job 6503996 ("adversarial_hpc_submit.pbs") has been submitted
[2026-09-11 09:23:04] [SUBMIT] MobileNet/Cifar100/CW/ALL
[2026-09-11 09:23:04] [SUBMIT] XceptionNet/Cifar10/IFGSM/ALL
[2026-09-11 09:23:04] [CMD] qsub -q all.q -l ngpus=1 -v MODEL="MobileNet",DATASET="Cifar100",ATTACK="CW",KIND="ALL",PHASE="generate",OUTPUT_DIR="adversarial_results_ep300_pre100" adversarial_hpc_submit.pbs </dev/null
[2026-09-11 09:23:04] [CMD] qsub -q all.q -l ngpus=1 -v MODEL="XceptionNet",DATASET="Cifar10",ATTACK="IFGSM",KIND="ALL",PHASE="generate",OUTPUT_DIR="adversarial_results_ep200_pre200" adversarial_hpc_submit.pbs </dev/null
[2026-09-11 09:23:09] [OK] MobileNet/TinyImageNet/FGSM/ALL
[2026-09-11 09:23:09] [OK] qsub output: Your job 6503998 ("adversarial_hpc_submit.pbs") has been submitted
[2026-09-11 09:23:09] [SUBMIT] MobileNet/TinyImageNet/IFGSM/ALL
[2026-09-11 09:23:09] [CMD] qsub -q all.q -l ngpus=1 -v MODEL="MobileNet",DATASET="TinyImageNet",ATTACK="IFGSM",KIND="ALL",PHASE="generate",OUTPUT_DIR="adversarial_results_ep100_pre300" adversarial_hpc_submit.pbs </dev/null
[2026-09-11 09:23:12] [OK] MobileNet/Cifar100/CW/ALL
[2026-09-11 09:23:12] [OK] qsub output: Your job 6503999 ("adversarial_hpc_submit.pbs") has been submitted
[2026-09-11 09:23:12] [SUBMIT] MobileNet/Cifar100/DeepFool/ALL
[2026-09-11 09:23:12] [CMD] qsub -q all.q -l ngpus=1 -v MODEL="MobileNet",DATASET="Cifar100",ATTACK="DeepFool",KIND="ALL",PHASE="generate",OUTPUT_DIR="adversarial_results_ep300_pre100" adversarial_hpc_submit.pbs </dev/null
[2026-09-11 09:23:15] [OK] XceptionNet/Cifar10/IFGSM/ALL
[2026-09-11 09:23:22] [OK] MobileNet/TinyImageNet/IFGSM/ALL
[2026-09-11 09:23:24] [OK] qsub output: Your job 6504000 ("adversarial_hpc_submit.pbs") has been submitted
[2026-09-11 09:23:25] [OK] MobileNet/Cifar100/DeepFool/ALL
[2026-09-11 09:23:26] [OK] qsub output: Your job 6504002 ("adversarial_hpc_submit.pbs") has been submitted
[2026-09-11 09:23:26] [OK] qsub output: Your job 6504003 ("adversarial_hpc_submit.pbs") has been submitted
[2026-09-11 09:23:26] [SUBMIT] XceptionNet/Cifar10/BIM/ALL
[2026-09-11 09:23:26] [SUBMIT] MobileNet/TinyImageNet/BIM/ALL
[2026-09-11 09:23:26] [SUBMIT] MobileNet/TinyImageNet/PGD/ALL
[2026-09-11 09:23:26] [CMD] qsub -q all.q -l ngpus=1 -v MODEL="MobileNet",DATASET="TinyImageNet",ATTACK="BIM",KIND="ALL",PHASE="generate",OUTPUT_DIR="adversarial_results_ep100_pre300" adversarial_hpc_submit.pbs </dev/null
[2026-09-11 09:23:26] [CMD] qsub -q all.q -l ngpus=1 -v MODEL="XceptionNet",DATASET="Cifar10",ATTACK="BIM",KIND="ALL",PHASE="generate",OUTPUT_DIR="adversarial_results_ep200_pre200" adversarial_hpc_submit.pbs </dev/null
[2026-09-11 09:23:26] [CMD] qsub -q all.q -l ngpus=1 -v MODEL="MobileNet",DATASET="TinyImageNet",ATTACK="PGD",KIND="ALL",PHASE="generate",OUTPUT_DIR="adversarial_results_ep300_pre100" adversarial_hpc_submit.pbs </dev/null
[2026-09-11 09:23:28] [OK] XceptionNet/Cifar10/BIM/ALL
[2026-09-11 09:23:30] [OK] MobileNet/TinyImageNet/BIM/ALL
[2026-09-11 09:23:33] [OK] MobileNet/TinyImageNet/PGD/ALL
[2026-09-11 09:23:36] [OK] qsub output: Your job 6504005 ("adversarial_hpc_submit.pbs") has been submitted
[2026-09-11 09:23:36] [OK] qsub output: Your job 6504004 ("adversarial_hpc_submit.pbs") has been submitted
[2026-09-11 09:23:37] [OK] qsub output: Your job 6504006 ("adversarial_hpc_submit.pbs") has been submitted
[2026-09-11 09:23:37] [SUBMIT] XceptionNet/Cifar10/APGD/ALL
[2026-09-11 09:23:37] [CMD] qsub -q all.q -l ngpus=1 -v MODEL="XceptionNet",DATASET="Cifar10",ATTACK="APGD",KIND="ALL",PHASE="generate",OUTPUT_DIR="adversarial_results_ep200_pre200" adversarial_hpc_submit.pbs </dev/null
[2026-09-11 09:23:37] [SUBMIT] MobileNet/TinyImageNet/APGD/ALL
[2026-09-11 09:23:37] [SUBMIT] MobileNet/TinyImageNet/FGSM/ALL
[2026-09-11 09:23:38] [CMD] qsub -q all.q -l ngpus=1 -v MODEL="MobileNet",DATASET="TinyImageNet",ATTACK="APGD",KIND="ALL",PHASE="generate",OUTPUT_DIR="adversarial_results_ep100_pre300" adversarial_hpc_submit.pbs </dev/null
[2026-09-11 09:23:38] [CMD] qsub -q all.q -l ngpus=1 -v MODEL="MobileNet",DATASET="TinyImageNet",ATTACK="FGSM",KIND="ALL",PHASE="generate",OUTPUT_DIR="adversarial_results_ep300_pre100" adversarial_hpc_submit.pbs </dev/null
[2026-09-11 09:23:43] [OK] MobileNet/TinyImageNet/FGSM/ALL
[2026-09-11 09:23:43] [OK] XceptionNet/Cifar10/APGD/ALL
[2026-09-11 09:23:45] [OK] qsub output: Your job 6504008 ("adversarial_hpc_submit.pbs") has been submitted
[2026-09-11 09:23:46] [OK] qsub output: Your job 6504007 ("adversarial_hpc_submit.pbs") has been submitted
[2026-09-11 09:23:46] [SUBMIT] MobileNet/TinyImageNet/IFGSM/ALL
[2026-09-11 09:23:47] [CMD] qsub -q all.q -l ngpus=1 -v MODEL="MobileNet",DATASET="TinyImageNet",ATTACK="IFGSM",KIND="ALL",PHASE="generate",OUTPUT_DIR="adversarial_results_ep300_pre100" adversarial_hpc_submit.pbs </dev/null
[2026-09-11 09:23:47] [SUBMIT] XceptionNet/Cifar10/CW/ALL
[2026-09-11 09:23:47] [CMD] qsub -q all.q -l ngpus=1 -v MODEL="XceptionNet",DATASET="Cifar10",ATTACK="CW",KIND="ALL",PHASE="generate",OUTPUT_DIR="adversarial_results_ep200_pre200" adversarial_hpc_submit.pbs </dev/null
[2026-09-11 09:23:48] [OK] MobileNet/TinyImageNet/IFGSM/ALL
[2026-09-11 09:23:49] [OK] qsub output: Your job 6504010 ("adversarial_hpc_submit.pbs") has been submitted
[2026-09-11 09:23:49] [SUBMIT] MobileNet/TinyImageNet/BIM/ALL
[2026-09-11 09:23:50] [CMD] qsub -q all.q -l ngpus=1 -v MODEL="MobileNet",DATASET="TinyImageNet",ATTACK="BIM",KIND="ALL",PHASE="generate",OUTPUT_DIR="adversarial_results_ep300_pre100" adversarial_hpc_submit.pbs </dev/null
[2026-09-11 09:23:52] [OK] MobileNet/TinyImageNet/APGD/ALL
[2026-09-11 09:23:52] [OK] qsub output: Your job 6504009 ("adversarial_hpc_submit.pbs") has been submitted
[2026-09-11 09:23:52] [SUBMIT] MobileNet/TinyImageNet/CW/ALL
[2026-09-11 09:23:52] [CMD] qsub -q all.q -l ngpus=1 -v MODEL="MobileNet",DATASET="TinyImageNet",ATTACK="CW",KIND="ALL",PHASE="generate",OUTPUT_DIR="adversarial_results_ep100_pre300" adversarial_hpc_submit.pbs </dev/null
[2026-09-11 09:23:54] [OK] XceptionNet/Cifar10/CW/ALL
[2026-09-11 09:23:54] [OK] qsub output: Your job 6504011 ("adversarial_hpc_submit.pbs") has been submitted
[2026-09-11 09:23:54] [SUBMIT] XceptionNet/Cifar10/DeepFool/ALL
[2026-09-11 09:23:54] [CMD] qsub -q all.q -l ngpus=1 -v MODEL="XceptionNet",DATASET="Cifar10",ATTACK="DeepFool",KIND="ALL",PHASE="generate",OUTPUT_DIR="adversarial_results_ep200_pre200" adversarial_hpc_submit.pbs </dev/null
[2026-09-11 09:23:59] [OK] MobileNet/TinyImageNet/BIM/ALL
[2026-09-11 09:23:59] [OK] qsub output: Your job 6504012 ("adversarial_hpc_submit.pbs") has been submitted
[2026-09-11 09:23:59] [SUBMIT] MobileNet/TinyImageNet/APGD/ALL
[2026-09-11 09:23:59] [CMD] qsub -q all.q -l ngpus=1 -v MODEL="MobileNet",DATASET="TinyImageNet",ATTACK="APGD",KIND="ALL",PHASE="generate",OUTPUT_DIR="adversarial_results_ep300_pre100" adversarial_hpc_submit.pbs </dev/null
[2026-09-11 09:24:01] [OK] MobileNet/TinyImageNet/CW/ALL
[2026-09-11 09:24:01] [OK] qsub output: Your job 6504013 ("adversarial_hpc_submit.pbs") has been submitted
[2026-09-11 09:24:01] [SUBMIT] MobileNet/TinyImageNet/DeepFool/ALL
[2026-09-11 09:24:01] [CMD] qsub -q all.q -l ngpus=1 -v MODEL="MobileNet",DATASET="TinyImageNet",ATTACK="DeepFool",KIND="ALL",PHASE="generate",OUTPUT_DIR="adversarial_results_ep100_pre300" adversarial_hpc_submit.pbs </dev/null
[2026-09-11 09:24:05] [OK] MobileNet/TinyImageNet/APGD/ALL
[2026-09-11 09:24:05] [OK] qsub output: Your job 6504015 ("adversarial_hpc_submit.pbs") has been submitted
[2026-09-11 09:24:05] [SUBMIT] MobileNet/TinyImageNet/CW/ALL
[2026-09-11 09:24:05] [CMD] qsub -q all.q -l ngpus=1 -v MODEL="MobileNet",DATASET="TinyImageNet",ATTACK="CW",KIND="ALL",PHASE="generate",OUTPUT_DIR="adversarial_results_ep300_pre100" adversarial_hpc_submit.pbs </dev/null
[2026-09-11 09:24:08] [OK] XceptionNet/Cifar10/DeepFool/ALL
[2026-09-11 09:24:08] [OK] qsub output: Your job 6504014 ("adversarial_hpc_submit.pbs") has been submitted
[2026-09-11 09:24:08] [SUBMIT] XceptionNet/Cifar100/PGD/ALL
[2026-09-11 09:24:08] [CMD] qsub -q all.q -l ngpus=1 -v MODEL="XceptionNet",DATASET="Cifar100",ATTACK="PGD",KIND="ALL",PHASE="generate",OUTPUT_DIR="adversarial_results_ep200_pre200" adversarial_hpc_submit.pbs </dev/null
[2026-09-11 09:24:11] [OK] MobileNet/TinyImageNet/DeepFool/ALL
[2026-09-11 09:24:11] [OK] qsub output: Your job 6504016 ("adversarial_hpc_submit.pbs") has been submitted
[2026-09-11 09:24:11] [SUBMIT] XceptionNet/Cifar10/PGD/ALL
[2026-09-11 09:24:11] [CMD] qsub -q all.q -l ngpus=1 -v MODEL="XceptionNet",DATASET="Cifar10",ATTACK="PGD",KIND="ALL",PHASE="generate",OUTPUT_DIR="adversarial_results_ep100_pre300" adversarial_hpc_submit.pbs </dev/null
[2026-09-11 09:24:13] [OK] XceptionNet/Cifar100/PGD/ALL
[2026-09-11 09:24:13] [OK] qsub output: Your job 6504018 ("adversarial_hpc_submit.pbs") has been submitted
[2026-09-11 09:24:13] [SUBMIT] XceptionNet/Cifar100/FGSM/ALL
[2026-09-11 09:24:13] [CMD] qsub -q all.q -l ngpus=1 -v MODEL="XceptionNet",DATASET="Cifar100",ATTACK="FGSM",KIND="ALL",PHASE="generate",OUTPUT_DIR="adversarial_results_ep200_pre200" adversarial_hpc_submit.pbs </dev/null
[2026-09-11 09:24:14] [OK] MobileNet/TinyImageNet/CW/ALL
[2026-09-11 09:24:14] [OK] qsub output: Your job 6504017 ("adversarial_hpc_submit.pbs") has been submitted
[2026-09-11 09:24:14] [SUBMIT] MobileNet/TinyImageNet/DeepFool/ALL
[2026-09-11 09:24:14] [CMD] qsub -q all.q -l ngpus=1 -v MODEL="MobileNet",DATASET="TinyImageNet",ATTACK="DeepFool",KIND="ALL",PHASE="generate",OUTPUT_DIR="adversarial_results_ep300_pre100" adversarial_hpc_submit.pbs </dev/null
[2026-09-11 09:24:20] [OK] XceptionNet/Cifar100/FGSM/ALL
[2026-09-11 09:24:20] [OK] qsub output: Your job 6504020 ("adversarial_hpc_submit.pbs") has been submitted
[2026-09-11 09:24:20] [SUBMIT] XceptionNet/Cifar100/IFGSM/ALL
[2026-09-11 09:24:20] [CMD] qsub -q all.q -l ngpus=1 -v MODEL="XceptionNet",DATASET="Cifar100",ATTACK="IFGSM",KIND="ALL",PHASE="generate",OUTPUT_DIR="adversarial_results_ep200_pre200" adversarial_hpc_submit.pbs </dev/null
[2026-09-11 09:24:21] [OK] XceptionNet/Cifar10/PGD/ALL
[2026-09-11 09:24:21] [OK] qsub output: Your job 6504019 ("adversarial_hpc_submit.pbs") has been submitted
[2026-09-11 09:24:21] [SUBMIT] XceptionNet/Cifar10/FGSM/ALL
[2026-09-11 09:24:21] [CMD] qsub -q all.q -l ngpus=1 -v MODEL="XceptionNet",DATASET="Cifar10",ATTACK="FGSM",KIND="ALL",PHASE="generate",OUTPUT_DIR="adversarial_results_ep100_pre300" adversarial_hpc_submit.pbs </dev/null
[2026-09-11 09:24:23] [OK] MobileNet/TinyImageNet/DeepFool/ALL
[2026-09-11 09:24:23] [OK] qsub output: Your job 6504021 ("adversarial_hpc_submit.pbs") has been submitted
[2026-09-11 09:24:23] [SUBMIT] XceptionNet/Cifar10/PGD/ALL
[2026-09-11 09:24:23] [CMD] qsub -q all.q -l ngpus=1 -v MODEL="XceptionNet",DATASET="Cifar10",ATTACK="PGD",KIND="ALL",PHASE="generate",OUTPUT_DIR="adversarial_results_ep300_pre100" adversarial_hpc_submit.pbs </dev/null
[2026-09-11 09:24:25] [OK] XceptionNet/Cifar10/FGSM/ALL
[2026-09-11 09:24:27] [OK] XceptionNet/Cifar100/IFGSM/ALL
[2026-09-11 09:24:29] [OK] XceptionNet/Cifar10/PGD/ALL
[2026-09-11 09:24:31] [OK] qsub output: Your job 6504022 ("adversarial_hpc_submit.pbs") has been submitted
[2026-09-11 09:24:31] [OK] qsub output: Your job 6504023 ("adversarial_hpc_submit.pbs") has been submitted
[2026-09-11 09:24:31] [OK] qsub output: Your job 6504024 ("adversarial_hpc_submit.pbs") has been submitted
[2026-09-11 09:24:31] [SUBMIT] XceptionNet/Cifar100/BIM/ALL
[2026-09-11 09:24:31] [CMD] qsub -q all.q -l ngpus=1 -v MODEL="XceptionNet",DATASET="Cifar100",ATTACK="BIM",KIND="ALL",PHASE="generate",OUTPUT_DIR="adversarial_results_ep200_pre200" adversarial_hpc_submit.pbs </dev/null
[2026-09-11 09:24:31] [SUBMIT] XceptionNet/Cifar10/FGSM/ALL
[2026-09-11 09:24:31] [SUBMIT] XceptionNet/Cifar10/IFGSM/ALL
[2026-09-11 09:24:31] [CMD] qsub -q all.q -l ngpus=1 -v MODEL="XceptionNet",DATASET="Cifar10",ATTACK="FGSM",KIND="ALL",PHASE="generate",OUTPUT_DIR="adversarial_results_ep300_pre100" adversarial_hpc_submit.pbs </dev/null
[2026-09-11 09:24:31] [CMD] qsub -q all.q -l ngpus=1 -v MODEL="XceptionNet",DATASET="Cifar10",ATTACK="IFGSM",KIND="ALL",PHASE="generate",OUTPUT_DIR="adversarial_results_ep100_pre300" adversarial_hpc_submit.pbs </dev/null
[2026-09-11 09:24:35] [OK] XceptionNet/Cifar100/BIM/ALL
[2026-09-11 09:24:36] [OK] XceptionNet/Cifar10/FGSM/ALL
[2026-09-11 09:24:38] [OK] qsub output: Your job 6504025 ("adversarial_hpc_submit.pbs") has been submitted
[2026-09-11 09:24:41] [OK] XceptionNet/Cifar10/IFGSM/ALL
[2026-09-11 09:24:42] [OK] qsub output: Your job 6504026 ("adversarial_hpc_submit.pbs") has been submitted
[2026-09-11 09:24:51] [SUBMIT] XceptionNet/Cifar100/APGD/ALL
[2026-09-11 09:24:51] [OK] qsub output: Your job 6504027 ("adversarial_hpc_submit.pbs") has been submitted
[2026-09-11 09:24:52] [CMD] qsub -q all.q -l ngpus=1 -v MODEL="XceptionNet",DATASET="Cifar100",ATTACK="APGD",KIND="ALL",PHASE="generate",OUTPUT_DIR="adversarial_results_ep200_pre200" adversarial_hpc_submit.pbs </dev/null
[2026-09-11 09:24:52] [SUBMIT] XceptionNet/Cifar10/IFGSM/ALL
[2026-09-11 09:24:52] [SUBMIT] XceptionNet/Cifar10/BIM/ALL
[2026-09-11 09:25:19] [OK] XceptionNet/Cifar100/APGD/ALL
[2026-09-11 09:25:32] [CMD] qsub -q all.q -l ngpus=1 -v MODEL="XceptionNet",DATASET="Cifar10",ATTACK="BIM",KIND="ALL",PHASE="generate",OUTPUT_DIR="adversarial_results_ep100_pre300" adversarial_hpc_submit.pbs </dev/null
[2026-09-11 09:25:33] [OK] qsub output: Your job 6504029 ("adversarial_hpc_submit.pbs") has been submitted
[2026-09-11 09:25:33] [CMD] qsub -q all.q -l ngpus=1 -v MODEL="XceptionNet",DATASET="Cifar10",ATTACK="IFGSM",KIND="ALL",PHASE="generate",OUTPUT_DIR="adversarial_results_ep300_pre100" adversarial_hpc_submit.pbs </dev/null
[2026-09-11 09:25:39] [OK] XceptionNet/Cifar10/BIM/ALL
[2026-09-11 09:25:40] [SUBMIT] XceptionNet/Cifar100/CW/ALL
[2026-09-11 09:25:40] [OK] qsub output: Your job 6504031 ("adversarial_hpc_submit.pbs") has been submitted
[2026-09-11 09:25:41] [CMD] qsub -q all.q -l ngpus=1 -v MODEL="XceptionNet",DATASET="Cifar100",ATTACK="CW",KIND="ALL",PHASE="generate",OUTPUT_DIR="adversarial_results_ep200_pre200" adversarial_hpc_submit.pbs </dev/null
[2026-09-11 09:25:41] [SUBMIT] XceptionNet/Cifar10/APGD/ALL
[2026-09-11 09:25:41] [CMD] qsub -q all.q -l ngpus=1 -v MODEL="XceptionNet",DATASET="Cifar10",ATTACK="APGD",KIND="ALL",PHASE="generate",OUTPUT_DIR="adversarial_results_ep100_pre300" adversarial_hpc_submit.pbs </dev/null
[2026-09-11 09:25:42] [OK] XceptionNet/Cifar10/IFGSM/ALL
[2026-09-11 09:25:42] [OK] qsub output: Your job 6504032 ("adversarial_hpc_submit.pbs") has been submitted
[2026-09-11 09:25:42] [SUBMIT] XceptionNet/Cifar10/BIM/ALL
[2026-09-11 09:25:42] [CMD] qsub -q all.q -l ngpus=1 -v MODEL="XceptionNet",DATASET="Cifar10",ATTACK="BIM",KIND="ALL",PHASE="generate",OUTPUT_DIR="adversarial_results_ep300_pre100" adversarial_hpc_submit.pbs </dev/null
[2026-09-11 09:25:49] [OK] XceptionNet/Cifar100/CW/ALL
[2026-09-11 09:25:50] [OK] XceptionNet/Cifar10/APGD/ALL
[2026-09-11 09:25:57] [OK] XceptionNet/Cifar10/BIM/ALL
[2026-09-11 09:26:06] [OK] qsub output: Your job 6504033 ("adversarial_hpc_submit.pbs") has been submitted
[2026-09-11 09:26:14] [OK] qsub output: Your job 6504034 ("adversarial_hpc_submit.pbs") has been submitted
[2026-09-11 09:26:15] [OK] qsub output: Your job 6504035 ("adversarial_hpc_submit.pbs") has been submitted
[2026-09-11 09:26:17] [SUBMIT] XceptionNet/Cifar100/DeepFool/ALL
[2026-09-11 09:26:25] [SUBMIT] XceptionNet/Cifar10/CW/ALL
[2026-09-11 09:26:33] [SUBMIT] XceptionNet/Cifar10/APGD/ALL
[2026-09-11 09:26:38] [CMD] qsub -q all.q -l ngpus=1 -v MODEL="XceptionNet",DATASET="Cifar100",ATTACK="DeepFool",KIND="ALL",PHASE="generate",OUTPUT_DIR="adversarial_results_ep200_pre200" adversarial_hpc_submit.pbs </dev/null
[2026-09-11 09:26:46] [CMD] qsub -q all.q -l ngpus=1 -v MODEL="XceptionNet",DATASET="Cifar10",ATTACK="CW",KIND="ALL",PHASE="generate",OUTPUT_DIR="adversarial_results_ep100_pre300" adversarial_hpc_submit.pbs </dev/null
[2026-09-11 09:26:46] [CMD] qsub -q all.q -l ngpus=1 -v MODEL="XceptionNet",DATASET="Cifar10",ATTACK="APGD",KIND="ALL",PHASE="generate",OUTPUT_DIR="adversarial_results_ep300_pre100" adversarial_hpc_submit.pbs </dev/null
[2026-09-11 09:26:48] [OK] XceptionNet/Cifar10/CW/ALL
[2026-09-11 09:26:48] [OK] qsub output: Your job 6504038 ("adversarial_hpc_submit.pbs") has been submitted
[2026-09-11 09:26:51] [OK] XceptionNet/Cifar10/APGD/ALL
[2026-09-11 09:26:53] [OK] XceptionNet/Cifar100/DeepFool/ALL
[2026-09-11 09:26:57] [OK] qsub output: Your job 6504040 ("adversarial_hpc_submit.pbs") has been submitted
[2026-09-11 09:26:57] [OK] qsub output: Your job 6504039 ("adversarial_hpc_submit.pbs") has been submitted
[2026-09-11 09:26:57] [SUBMIT] XceptionNet/Cifar10/DeepFool/ALL
[2026-09-11 09:26:57] [CMD] qsub -q all.q -l ngpus=1 -v MODEL="XceptionNet",DATASET="Cifar10",ATTACK="DeepFool",KIND="ALL",PHASE="generate",OUTPUT_DIR="adversarial_results_ep100_pre300" adversarial_hpc_submit.pbs </dev/null
[2026-09-11 09:26:57] [SUBMIT] XceptionNet/Cifar10/CW/ALL
[2026-09-11 09:26:57] [CMD] qsub -q all.q -l ngpus=1 -v MODEL="XceptionNet",DATASET="Cifar10",ATTACK="CW",KIND="ALL",PHASE="generate",OUTPUT_DIR="adversarial_results_ep300_pre100" adversarial_hpc_submit.pbs </dev/null
[2026-09-11 09:26:57] [SUBMIT] XceptionNet/TinyImageNet/PGD/ALL
[2026-09-11 09:26:57] [CMD] qsub -q all.q -l ngpus=1 -v MODEL="XceptionNet",DATASET="TinyImageNet",ATTACK="PGD",KIND="ALL",PHASE="generate",OUTPUT_DIR="adversarial_results_ep200_pre200" adversarial_hpc_submit.pbs </dev/null
[2026-09-11 09:26:58] [OK] XceptionNet/Cifar10/CW/ALL
[2026-09-11 09:27:00] [OK] qsub output: Your job 6504043 ("adversarial_hpc_submit.pbs") has been submitted
[2026-09-11 09:27:01] [SUBMIT] XceptionNet/Cifar10/DeepFool/ALL
[2026-09-11 09:27:01] [CMD] qsub -q all.q -l ngpus=1 -v MODEL="XceptionNet",DATASET="Cifar10",ATTACK="DeepFool",KIND="ALL",PHASE="generate",OUTPUT_DIR="adversarial_results_ep300_pre100" adversarial_hpc_submit.pbs </dev/null
[2026-09-11 09:27:01] [OK] XceptionNet/TinyImageNet/PGD/ALL
[2026-09-11 09:27:01] [OK] qsub output: Your job 6504044 ("adversarial_hpc_submit.pbs") has been submitted
[2026-09-11 09:27:01] [SUBMIT] XceptionNet/TinyImageNet/FGSM/ALL
[2026-09-11 09:27:01] [CMD] qsub -q all.q -l ngpus=1 -v MODEL="XceptionNet",DATASET="TinyImageNet",ATTACK="FGSM",KIND="ALL",PHASE="generate",OUTPUT_DIR="adversarial_results_ep200_pre200" adversarial_hpc_submit.pbs </dev/null
[2026-09-11 09:27:02] [OK] XceptionNet/Cifar10/DeepFool/ALL
[2026-09-11 09:27:02] [OK] qsub output: Your job 6504042 ("adversarial_hpc_submit.pbs") has been submitted
[2026-09-11 09:27:02] [SUBMIT] XceptionNet/Cifar100/PGD/ALL
[2026-09-11 09:27:02] [CMD] qsub -q all.q -l ngpus=1 -v MODEL="XceptionNet",DATASET="Cifar100",ATTACK="PGD",KIND="ALL",PHASE="generate",OUTPUT_DIR="adversarial_results_ep100_pre300" adversarial_hpc_submit.pbs </dev/null
[2026-09-11 09:27:04] [OK] XceptionNet/Cifar10/DeepFool/ALL
[2026-09-11 09:27:04] [OK] qsub output: Your job 6504045 ("adversarial_hpc_submit.pbs") has been submitted
[2026-09-11 09:27:04] [SUBMIT] XceptionNet/Cifar100/PGD/ALL
[2026-09-11 09:27:04] [CMD] qsub -q all.q -l ngpus=1 -v MODEL="XceptionNet",DATASET="Cifar100",ATTACK="PGD",KIND="ALL",PHASE="generate",OUTPUT_DIR="adversarial_results_ep300_pre100" adversarial_hpc_submit.pbs </dev/null
[2026-09-11 09:27:08] [OK] XceptionNet/Cifar100/PGD/ALL
[2026-09-11 09:27:10] [OK] XceptionNet/TinyImageNet/FGSM/ALL
[2026-09-11 09:27:13] [OK] XceptionNet/Cifar100/PGD/ALL
[2026-09-11 09:27:14] [OK] qsub output: Your job 6504047 ("adversarial_hpc_submit.pbs") has been submitted
[2026-09-11 09:27:21] [OK] qsub output: Your job 6504048 ("adversarial_hpc_submit.pbs") has been submitted
[2026-09-11 09:27:21] [OK] qsub output: Your job 6504046 ("adversarial_hpc_submit.pbs") has been submitted
[2026-09-11 09:27:22] [SUBMIT] XceptionNet/Cifar100/FGSM/ALL
[2026-09-11 09:27:33] [SUBMIT] XceptionNet/Cifar100/FGSM/ALL
[2026-09-11 09:27:35] [SUBMIT] XceptionNet/TinyImageNet/IFGSM/ALL
[2026-09-11 09:27:37] [CMD] qsub -q all.q -l ngpus=1 -v MODEL="XceptionNet",DATASET="Cifar100",ATTACK="FGSM",KIND="ALL",PHASE="generate",OUTPUT_DIR="adversarial_results_ep100_pre300" adversarial_hpc_submit.pbs </dev/null
[2026-09-11 09:27:37] [CMD] qsub -q all.q -l ngpus=1 -v MODEL="XceptionNet",DATASET="Cifar100",ATTACK="FGSM",KIND="ALL",PHASE="generate",OUTPUT_DIR="adversarial_results_ep300_pre100" adversarial_hpc_submit.pbs </dev/null
[2026-09-11 09:27:37] [CMD] qsub -q all.q -l ngpus=1 -v MODEL="XceptionNet",DATASET="TinyImageNet",ATTACK="IFGSM",KIND="ALL",PHASE="generate",OUTPUT_DIR="adversarial_results_ep200_pre200" adversarial_hpc_submit.pbs </dev/null
[2026-09-11 09:27:43] [OK] XceptionNet/Cifar100/FGSM/ALL
[2026-09-11 09:27:46] [OK] XceptionNet/TinyImageNet/IFGSM/ALL
[2026-09-11 09:27:49] [OK] XceptionNet/Cifar100/FGSM/ALL
[2026-09-11 09:27:51] [OK] qsub output: Your job 6504050 ("adversarial_hpc_submit.pbs") has been submitted
[2026-09-11 09:27:53] [OK] qsub output: Your job 6504051 ("adversarial_hpc_submit.pbs") has been submitted
[2026-09-11 09:27:53] [OK] qsub output: Your job 6504052 ("adversarial_hpc_submit.pbs") has been submitted
[2026-09-11 09:27:54] [SUBMIT] XceptionNet/Cifar100/IFGSM/ALL
[2026-09-11 09:27:54] [CMD] qsub -q all.q -l ngpus=1 -v MODEL="XceptionNet",DATASET="Cifar100",ATTACK="IFGSM",KIND="ALL",PHASE="generate",OUTPUT_DIR="adversarial_results_ep100_pre300" adversarial_hpc_submit.pbs </dev/null
[2026-09-11 09:27:54] [SUBMIT] XceptionNet/TinyImageNet/BIM/ALL
[2026-09-11 09:27:54] [CMD] qsub -q all.q -l ngpus=1 -v MODEL="XceptionNet",DATASET="TinyImageNet",ATTACK="BIM",KIND="ALL",PHASE="generate",OUTPUT_DIR="adversarial_results_ep200_pre200" adversarial_hpc_submit.pbs </dev/null
[2026-09-11 09:27:54] [SUBMIT] XceptionNet/Cifar100/IFGSM/ALL
[2026-09-11 09:27:54] [CMD] qsub -q all.q -l ngpus=1 -v MODEL="XceptionNet",DATASET="Cifar100",ATTACK="IFGSM",KIND="ALL",PHASE="generate",OUTPUT_DIR="adversarial_results_ep300_pre100" adversarial_hpc_submit.pbs </dev/null
[2026-09-11 09:27:59] [OK] XceptionNet/TinyImageNet/BIM/ALL
[2026-09-11 09:27:59] [OK] qsub output: Your job 6504054 ("adversarial_hpc_submit.pbs") has been submitted
[2026-09-11 09:27:59] [SUBMIT] XceptionNet/TinyImageNet/APGD/ALL
[2026-09-11 09:27:59] [CMD] qsub -q all.q -l ngpus=1 -v MODEL="XceptionNet",DATASET="TinyImageNet",ATTACK="APGD",KIND="ALL",PHASE="generate",OUTPUT_DIR="adversarial_results_ep200_pre200" adversarial_hpc_submit.pbs </dev/null
[2026-09-11 09:28:03] [OK] XceptionNet/Cifar100/IFGSM/ALL
[2026-09-11 09:28:03] [OK] qsub output: Your job 6504053 ("adversarial_hpc_submit.pbs") has been submitted
[2026-09-11 09:28:03] [SUBMIT] XceptionNet/Cifar100/BIM/ALL
[2026-09-11 09:28:03] [CMD] qsub -q all.q -l ngpus=1 -v MODEL="XceptionNet",DATASET="Cifar100",ATTACK="BIM",KIND="ALL",PHASE="generate",OUTPUT_DIR="adversarial_results_ep100_pre300" adversarial_hpc_submit.pbs </dev/null
[2026-09-11 09:28:09] [OK] XceptionNet/Cifar100/IFGSM/ALL
[2026-09-11 09:28:09] [OK] qsub output: Your job 6504055 ("adversarial_hpc_submit.pbs") has been submitted
[2026-09-11 09:28:09] [SUBMIT] XceptionNet/Cifar100/BIM/ALL
[2026-09-11 09:28:09] [CMD] qsub -q all.q -l ngpus=1 -v MODEL="XceptionNet",DATASET="Cifar100",ATTACK="BIM",KIND="ALL",PHASE="generate",OUTPUT_DIR="adversarial_results_ep300_pre100" adversarial_hpc_submit.pbs </dev/null
[2026-09-11 09:28:11] [OK] XceptionNet/TinyImageNet/APGD/ALL
[2026-09-11 09:28:11] [OK] qsub output: Your job 6504056 ("adversarial_hpc_submit.pbs") has been submitted
[2026-09-11 09:28:11] [SUBMIT] XceptionNet/TinyImageNet/CW/ALL
[2026-09-11 09:28:11] [CMD] qsub -q all.q -l ngpus=1 -v MODEL="XceptionNet",DATASET="TinyImageNet",ATTACK="CW",KIND="ALL",PHASE="generate",OUTPUT_DIR="adversarial_results_ep200_pre200" adversarial_hpc_submit.pbs </dev/null
[2026-09-11 09:28:14] [OK] XceptionNet/Cifar100/BIM/ALL
[2026-09-11 09:28:14] [OK] qsub output: Your job 6504057 ("adversarial_hpc_submit.pbs") has been submitted
[2026-09-11 09:28:14] [SUBMIT] XceptionNet/Cifar100/APGD/ALL
[2026-09-11 09:28:14] [CMD] qsub -q all.q -l ngpus=1 -v MODEL="XceptionNet",DATASET="Cifar100",ATTACK="APGD",KIND="ALL",PHASE="generate",OUTPUT_DIR="adversarial_results_ep100_pre300" adversarial_hpc_submit.pbs </dev/null
[2026-09-11 09:28:21] [OK] XceptionNet/Cifar100/BIM/ALL
[2026-09-11 09:28:21] [OK] qsub output: Your job 6504058 ("adversarial_hpc_submit.pbs") has been submitted
[2026-09-11 09:28:21] [SUBMIT] XceptionNet/Cifar100/APGD/ALL
[2026-09-11 09:28:21] [CMD] qsub -q all.q -l ngpus=1 -v MODEL="XceptionNet",DATASET="Cifar100",ATTACK="APGD",KIND="ALL",PHASE="generate",OUTPUT_DIR="adversarial_results_ep300_pre100" adversarial_hpc_submit.pbs </dev/null
[2026-09-11 09:28:22] [OK] XceptionNet/TinyImageNet/CW/ALL
[2026-09-11 09:28:22] [OK] qsub output: Your job 6504059 ("adversarial_hpc_submit.pbs") has been submitted
[2026-09-11 09:28:22] [SUBMIT] XceptionNet/TinyImageNet/DeepFool/ALL
[2026-09-11 09:28:22] [CMD] qsub -q all.q -l ngpus=1 -v MODEL="XceptionNet",DATASET="TinyImageNet",ATTACK="DeepFool",KIND="ALL",PHASE="generate",OUTPUT_DIR="adversarial_results_ep200_pre200" adversarial_hpc_submit.pbs </dev/null
[2026-09-11 09:28:25] [OK] XceptionNet/Cifar100/APGD/ALL
[2026-09-11 09:28:30] [OK] XceptionNet/TinyImageNet/DeepFool/ALL
[2026-09-11 09:28:30] [OK] XceptionNet/Cifar100/APGD/ALL
[2026-09-11 09:28:33] [OK] qsub output: Your job 6504060 ("adversarial_hpc_submit.pbs") has been submitted
[2026-09-11 09:28:35] [OK] qsub output: Your job 6504062 ("adversarial_hpc_submit.pbs") has been submitted
[2026-09-11 09:28:35] [OK] qsub output: Your job 6504061 ("adversarial_hpc_submit.pbs") has been submitted
[2026-09-11 09:28:35] [SUBMIT] XceptionNet/Cifar100/CW/ALL
[2026-09-11 09:28:35] [CMD] qsub -q all.q -l ngpus=1 -v MODEL="XceptionNet",DATASET="Cifar100",ATTACK="CW",KIND="ALL",PHASE="generate",OUTPUT_DIR="adversarial_results_ep100_pre300" adversarial_hpc_submit.pbs </dev/null
[2026-09-11 09:28:35] [SUBMIT] ConvNeXt/Cifar10/PGD/ALL
[2026-09-11 09:28:35] [SUBMIT] XceptionNet/Cifar100/CW/ALL
[2026-09-11 09:28:52] [CMD] qsub -q all.q -l ngpus=1 -v MODEL="ConvNeXt",DATASET="Cifar10",ATTACK="PGD",KIND="ALL",PHASE="generate",OUTPUT_DIR="adversarial_results_ep200_pre200" adversarial_hpc_submit.pbs </dev/null
[2026-09-11 09:28:52] [CMD] qsub -q all.q -l ngpus=1 -v MODEL="XceptionNet",DATASET="Cifar100",ATTACK="CW",KIND="ALL",PHASE="generate",OUTPUT_DIR="adversarial_results_ep300_pre100" adversarial_hpc_submit.pbs </dev/null
[2026-09-11 09:28:57] [OK] XceptionNet/Cifar100/CW/ALL
[2026-09-11 09:28:59] [OK] ConvNeXt/Cifar10/PGD/ALL
[2026-09-11 09:29:04] [OK] XceptionNet/Cifar100/CW/ALL
[2026-09-11 09:29:25] [OK] qsub output: Your job 6504064 ("adversarial_hpc_submit.pbs") has been submitted
[2026-09-11 09:29:32] [OK] qsub output: Your job 6504065 ("adversarial_hpc_submit.pbs") has been submitted
[2026-09-11 09:29:47] [OK] qsub output: Your job 6504066 ("adversarial_hpc_submit.pbs") has been submitted
[2026-09-11 09:29:56] [SUBMIT] XceptionNet/Cifar100/DeepFool/ALL
[2026-09-11 09:30:02] [SUBMIT] ConvNeXt/Cifar10/FGSM/ALL
[2026-09-11 09:30:03] [SUBMIT] XceptionNet/Cifar100/DeepFool/ALL
[2026-09-11 09:30:19] [CMD] qsub -q all.q -l ngpus=1 -v MODEL="XceptionNet",DATASET="Cifar100",ATTACK="DeepFool",KIND="ALL",PHASE="generate",OUTPUT_DIR="adversarial_results_ep100_pre300" adversarial_hpc_submit.pbs </dev/null
[2026-09-11 09:30:22] [CMD] qsub -q all.q -l ngpus=1 -v MODEL="ConvNeXt",DATASET="Cifar10",ATTACK="FGSM",KIND="ALL",PHASE="generate",OUTPUT_DIR="adversarial_results_ep200_pre200" adversarial_hpc_submit.pbs </dev/null
[2026-09-11 09:30:22] [CMD] qsub -q all.q -l ngpus=1 -v MODEL="XceptionNet",DATASET="Cifar100",ATTACK="DeepFool",KIND="ALL",PHASE="generate",OUTPUT_DIR="adversarial_results_ep300_pre100" adversarial_hpc_submit.pbs </dev/null
[2026-09-11 09:30:31] [OK] ConvNeXt/Cifar10/FGSM/ALL
[2026-09-11 09:30:31] [OK] qsub output: Your job 6504070 ("adversarial_hpc_submit.pbs") has been submitted
[2026-09-11 09:30:31] [SUBMIT] ConvNeXt/Cifar10/IFGSM/ALL
[2026-09-11 09:30:31] [CMD] qsub -q all.q -l ngpus=1 -v MODEL="ConvNeXt",DATASET="Cifar10",ATTACK="IFGSM",KIND="ALL",PHASE="generate",OUTPUT_DIR="adversarial_results_ep200_pre200" adversarial_hpc_submit.pbs </dev/null
[2026-09-11 09:30:32] [OK] XceptionNet/Cifar100/DeepFool/ALL
[2026-09-11 09:30:32] [OK] qsub output: Your job 6504069 ("adversarial_hpc_submit.pbs") has been submitted
[2026-09-11 09:30:32] [SUBMIT] XceptionNet/TinyImageNet/PGD/ALL
[2026-09-11 09:30:32] [CMD] qsub -q all.q -l ngpus=1 -v MODEL="XceptionNet",DATASET="TinyImageNet",ATTACK="PGD",KIND="ALL",PHASE="generate",OUTPUT_DIR="adversarial_results_ep100_pre300" adversarial_hpc_submit.pbs </dev/null
[2026-09-11 09:30:36] [OK] ConvNeXt/Cifar10/IFGSM/ALL
[2026-09-11 09:30:36] [OK] qsub output: Your job 6504072 ("adversarial_hpc_submit.pbs") has been submitted
[2026-09-11 09:30:36] [SUBMIT] ConvNeXt/Cifar10/BIM/ALL
[2026-09-11 09:30:36] [CMD] qsub -q all.q -l ngpus=1 -v MODEL="ConvNeXt",DATASET="Cifar10",ATTACK="BIM",KIND="ALL",PHASE="generate",OUTPUT_DIR="adversarial_results_ep200_pre200" adversarial_hpc_submit.pbs </dev/null
[2026-09-11 09:30:38] [OK] XceptionNet/Cifar100/DeepFool/ALL
[2026-09-11 09:30:38] [OK] qsub output: Your job 6504071 ("adversarial_hpc_submit.pbs") has been submitted
[2026-09-11 09:30:38] [SUBMIT] XceptionNet/TinyImageNet/PGD/ALL
[2026-09-11 09:30:38] [CMD] qsub -q all.q -l ngpus=1 -v MODEL="XceptionNet",DATASET="TinyImageNet",ATTACK="PGD",KIND="ALL",PHASE="generate",OUTPUT_DIR="adversarial_results_ep300_pre100" adversarial_hpc_submit.pbs </dev/null
[2026-09-11 09:30:45] [OK] XceptionNet/TinyImageNet/PGD/ALL
[2026-09-11 09:30:45] [OK] qsub output: Your job 6504073 ("adversarial_hpc_submit.pbs") has been submitted
[2026-09-11 09:30:45] [SUBMIT] XceptionNet/TinyImageNet/FGSM/ALL
[2026-09-11 09:30:45] [CMD] qsub -q all.q -l ngpus=1 -v MODEL="XceptionNet",DATASET="TinyImageNet",ATTACK="FGSM",KIND="ALL",PHASE="generate",OUTPUT_DIR="adversarial_results_ep100_pre300" adversarial_hpc_submit.pbs </dev/null
[2026-09-11 09:30:46] [OK] ConvNeXt/Cifar10/BIM/ALL
[2026-09-11 09:30:46] [OK] qsub output: Your job 6504075 ("adversarial_hpc_submit.pbs") has been submitted
[2026-09-11 09:30:46] [SUBMIT] ConvNeXt/Cifar10/APGD/ALL
[2026-09-11 09:30:46] [CMD] qsub -q all.q -l ngpus=1 -v MODEL="ConvNeXt",DATASET="Cifar10",ATTACK="APGD",KIND="ALL",PHASE="generate",OUTPUT_DIR="adversarial_results_ep200_pre200" adversarial_hpc_submit.pbs </dev/null
[2026-09-11 09:30:49] [OK] XceptionNet/TinyImageNet/FGSM/ALL
[2026-09-11 09:30:50] [OK] qsub output: Your job 6504077 ("adversarial_hpc_submit.pbs") has been submitted
[2026-09-11 09:30:54] [OK] ConvNeXt/Cifar10/APGD/ALL
[2026-09-11 09:30:55] [OK] XceptionNet/TinyImageNet/PGD/ALL
[2026-09-11 09:30:56] [SUBMIT] XceptionNet/TinyImageNet/IFGSM/ALL
[2026-09-11 09:30:59] [OK] qsub output: Your job 6504078 ("adversarial_hpc_submit.pbs") has been submitted
[2026-09-11 09:30:59] [OK] qsub output: Your job 6504076 ("adversarial_hpc_submit.pbs") has been submitted
[2026-09-11 09:30:59] [CMD] qsub -q all.q -l ngpus=1 -v MODEL="XceptionNet",DATASET="TinyImageNet",ATTACK="IFGSM",KIND="ALL",PHASE="generate",OUTPUT_DIR="adversarial_results_ep100_pre300" adversarial_hpc_submit.pbs </dev/null
[2026-09-11 09:30:59] [SUBMIT] ConvNeXt/Cifar10/CW/ALL
[2026-09-11 09:30:59] [SUBMIT] XceptionNet/TinyImageNet/FGSM/ALL
[2026-09-11 09:30:59] [CMD] qsub -q all.q -l ngpus=1 -v MODEL="ConvNeXt",DATASET="Cifar10",ATTACK="CW",KIND="ALL",PHASE="generate",OUTPUT_DIR="adversarial_results_ep200_pre200" adversarial_hpc_submit.pbs </dev/null
[2026-09-11 09:31:00] [CMD] qsub -q all.q -l ngpus=1 -v MODEL="XceptionNet",DATASET="TinyImageNet",ATTACK="FGSM",KIND="ALL",PHASE="generate",OUTPUT_DIR="adversarial_results_ep300_pre100" adversarial_hpc_submit.pbs </dev/null
[2026-09-11 09:31:03] [OK] XceptionNet/TinyImageNet/IFGSM/ALL
[2026-09-11 09:31:04] [OK] qsub output: Your job 6504080 ("adversarial_hpc_submit.pbs") has been submitted
[2026-09-11 09:31:04] [SUBMIT] XceptionNet/TinyImageNet/BIM/ALL
[2026-09-11 09:31:04] [CMD] qsub -q all.q -l ngpus=1 -v MODEL="XceptionNet",DATASET="TinyImageNet",ATTACK="BIM",KIND="ALL",PHASE="generate",OUTPUT_DIR="adversarial_results_ep100_pre300" adversarial_hpc_submit.pbs </dev/null
[2026-09-11 09:31:07] [OK] ConvNeXt/Cifar10/CW/ALL
[2026-09-11 09:31:07] [OK] qsub output: Your job 6504081 ("adversarial_hpc_submit.pbs") has been submitted
[2026-09-11 09:31:07] [SUBMIT] ConvNeXt/Cifar10/DeepFool/ALL
[2026-09-11 09:31:07] [CMD] qsub -q all.q -l ngpus=1 -v MODEL="ConvNeXt",DATASET="Cifar10",ATTACK="DeepFool",KIND="ALL",PHASE="generate",OUTPUT_DIR="adversarial_results_ep200_pre200" adversarial_hpc_submit.pbs </dev/null
[2026-09-11 09:31:07] [OK] XceptionNet/TinyImageNet/FGSM/ALL
[2026-09-11 09:31:08] [OK] qsub output: Your job 6504082 ("adversarial_hpc_submit.pbs") has been submitted
[2026-09-11 09:31:08] [SUBMIT] XceptionNet/TinyImageNet/IFGSM/ALL
[2026-09-11 09:31:08] [OK] ConvNeXt/Cifar10/DeepFool/ALL
[2026-09-11 09:31:08] [CMD] qsub -q all.q -l ngpus=1 -v MODEL="XceptionNet",DATASET="TinyImageNet",ATTACK="IFGSM",KIND="ALL",PHASE="generate",OUTPUT_DIR="adversarial_results_ep300_pre100" adversarial_hpc_submit.pbs </dev/null
[2026-09-11 09:31:08] [OK] qsub output: Your job 6504084 ("adversarial_hpc_submit.pbs") has been submitted
[2026-09-11 09:31:09] [SUBMIT] ConvNeXt/Cifar100/PGD/ALL
[2026-09-11 09:31:10] [OK] XceptionNet/TinyImageNet/IFGSM/ALL
[2026-09-11 09:31:11] [OK] XceptionNet/TinyImageNet/BIM/ALL
[2026-09-11 09:31:15] [CMD] qsub -q all.q -l ngpus=1 -v MODEL="ConvNeXt",DATASET="Cifar100",ATTACK="PGD",KIND="ALL",PHASE="generate",OUTPUT_DIR="adversarial_results_ep200_pre200" adversarial_hpc_submit.pbs </dev/null
[2026-09-11 09:31:17] [OK] qsub output: Your job 6504085 ("adversarial_hpc_submit.pbs") has been submitted
[2026-09-11 09:31:19] [OK] qsub output: Your job 6504083 ("adversarial_hpc_submit.pbs") has been submitted
[2026-09-11 09:31:19] [SUBMIT] XceptionNet/TinyImageNet/BIM/ALL
[2026-09-11 09:31:28] [SUBMIT] XceptionNet/TinyImageNet/APGD/ALL
[2026-09-11 09:31:29] [OK] ConvNeXt/Cifar100/PGD/ALL
[2026-09-11 09:31:29] [CMD] qsub -q all.q -l ngpus=1 -v MODEL="XceptionNet",DATASET="TinyImageNet",ATTACK="BIM",KIND="ALL",PHASE="generate",OUTPUT_DIR="adversarial_results_ep300_pre100" adversarial_hpc_submit.pbs </dev/null
[2026-09-11 09:31:29] [CMD] qsub -q all.q -l ngpus=1 -v MODEL="XceptionNet",DATASET="TinyImageNet",ATTACK="APGD",KIND="ALL",PHASE="generate",OUTPUT_DIR="adversarial_results_ep100_pre300" adversarial_hpc_submit.pbs </dev/null
[2026-09-11 09:31:29] [OK] qsub output: Your job 6504086 ("adversarial_hpc_submit.pbs") has been submitted
[2026-09-11 09:31:49] [SUBMIT] ConvNeXt/Cifar100/FGSM/ALL
[2026-09-11 09:31:52] [CMD] qsub -q all.q -l ngpus=1 -v MODEL="ConvNeXt",DATASET="Cifar100",ATTACK="FGSM",KIND="ALL",PHASE="generate",OUTPUT_DIR="adversarial_results_ep200_pre200" adversarial_hpc_submit.pbs </dev/null
[2026-09-11 09:31:55] [OK] XceptionNet/TinyImageNet/BIM/ALL
[2026-09-11 09:31:55] [OK] qsub output: Your job 6504087 ("adversarial_hpc_submit.pbs") has been submitted
[2026-09-11 09:31:55] [SUBMIT] XceptionNet/TinyImageNet/APGD/ALL
[2026-09-11 09:31:58] [OK] XceptionNet/TinyImageNet/APGD/ALL
[2026-09-11 09:32:00] [CMD] qsub -q all.q -l ngpus=1 -v MODEL="XceptionNet",DATASET="TinyImageNet",ATTACK="APGD",KIND="ALL",PHASE="generate",OUTPUT_DIR="adversarial_results_ep300_pre100" adversarial_hpc_submit.pbs </dev/null
[2026-09-11 09:32:00] [OK] qsub output: Your job 6504088 ("adversarial_hpc_submit.pbs") has been submitted
[2026-09-11 09:32:00] [SUBMIT] XceptionNet/TinyImageNet/CW/ALL
[2026-09-11 09:32:03] [OK] ConvNeXt/Cifar100/FGSM/ALL
[2026-09-11 09:32:05] [OK] XceptionNet/TinyImageNet/APGD/ALL
[2026-09-11 09:32:06] [CMD] qsub -q all.q -l ngpus=1 -v MODEL="XceptionNet",DATASET="TinyImageNet",ATTACK="CW",KIND="ALL",PHASE="generate",OUTPUT_DIR="adversarial_results_ep100_pre300" adversarial_hpc_submit.pbs </dev/null
[2026-09-11 09:32:06] [OK] qsub output: Your job 6504089 ("adversarial_hpc_submit.pbs") has been submitted
[2026-09-11 09:32:15] [OK] qsub output: Your job 6504090 ("adversarial_hpc_submit.pbs") has been submitted
[2026-09-11 09:32:16] [SUBMIT] ConvNeXt/Cifar100/IFGSM/ALL
[2026-09-11 09:32:20] [OK] XceptionNet/TinyImageNet/CW/ALL
[2026-09-11 09:32:25] [SUBMIT] XceptionNet/TinyImageNet/CW/ALL
[2026-09-11 09:32:36] [CMD] qsub -q all.q -l ngpus=1 -v MODEL="ConvNeXt",DATASET="Cifar100",ATTACK="IFGSM",KIND="ALL",PHASE="generate",OUTPUT_DIR="adversarial_results_ep200_pre200" adversarial_hpc_submit.pbs </dev/null
[2026-09-11 09:32:39] [OK] qsub output: Your job 6504091 ("adversarial_hpc_submit.pbs") has been submitted
[2026-09-11 09:33:48] [CMD] qsub -q all.q -l ngpus=1 -v MODEL="XceptionNet",DATASET="TinyImageNet",ATTACK="CW",KIND="ALL",PHASE="generate",OUTPUT_DIR="adversarial_results_ep300_pre100" adversarial_hpc_submit.pbs </dev/null
[2026-09-11 09:34:05] [SUBMIT] XceptionNet/TinyImageNet/DeepFool/ALL
[2026-09-11 09:34:07] [OK] ConvNeXt/Cifar100/IFGSM/ALL
[2026-09-11 09:34:09] [CMD] qsub -q all.q -l ngpus=1 -v MODEL="XceptionNet",DATASET="TinyImageNet",ATTACK="DeepFool",KIND="ALL",PHASE="generate",OUTPUT_DIR="adversarial_results_ep100_pre300" adversarial_hpc_submit.pbs </dev/null
[2026-09-11 09:34:10] [OK] XceptionNet/TinyImageNet/CW/ALL
[2026-09-11 09:34:11] [OK] qsub output: Your job 6504093 ("adversarial_hpc_submit.pbs") has been submitted
[2026-09-11 09:34:28] [OK] qsub output: Your job 6504094 ("adversarial_hpc_submit.pbs") has been submitted
[2026-09-11 09:34:33] [OK] XceptionNet/TinyImageNet/DeepFool/ALL
[2026-09-11 09:34:40] [SUBMIT] XceptionNet/TinyImageNet/DeepFool/ALL
[2026-09-11 09:34:56] [OK] qsub output: Your job 6504095 ("adversarial_hpc_submit.pbs") has been submitted
[2026-09-11 09:34:56] [SUBMIT] ConvNeXt/Cifar100/BIM/ALL
[2026-09-11 09:34:58] [CMD] qsub -q all.q -l ngpus=1 -v MODEL="XceptionNet",DATASET="TinyImageNet",ATTACK="DeepFool",KIND="ALL",PHASE="generate",OUTPUT_DIR="adversarial_results_ep300_pre100" adversarial_hpc_submit.pbs </dev/null
[2026-09-11 09:35:07] [SUBMIT] ConvNeXt/Cifar10/PGD/ALL
[2026-09-11 09:35:10] [CMD] qsub -q all.q -l ngpus=1 -v MODEL="ConvNeXt",DATASET="Cifar100",ATTACK="BIM",KIND="ALL",PHASE="generate",OUTPUT_DIR="adversarial_results_ep200_pre200" adversarial_hpc_submit.pbs </dev/null
[2026-09-11 09:35:11] [CMD] qsub -q all.q -l ngpus=1 -v MODEL="ConvNeXt",DATASET="Cifar10",ATTACK="PGD",KIND="ALL",PHASE="generate",OUTPUT_DIR="adversarial_results_ep100_pre300" adversarial_hpc_submit.pbs </dev/null
[2026-09-11 09:35:19] [OK] ConvNeXt/Cifar100/BIM/ALL
[2026-09-11 09:35:19] [OK] qsub output: Your job 6504100 ("adversarial_hpc_submit.pbs") has been submitted
[2026-09-11 09:35:19] [SUBMIT] ConvNeXt/Cifar100/APGD/ALL
[2026-09-11 09:35:19] [CMD] qsub -q all.q -l ngpus=1 -v MODEL="ConvNeXt",DATASET="Cifar100",ATTACK="APGD",KIND="ALL",PHASE="generate",OUTPUT_DIR="adversarial_results_ep200_pre200" adversarial_hpc_submit.pbs </dev/null
[2026-09-11 09:35:20] [OK] XceptionNet/TinyImageNet/DeepFool/ALL
[2026-09-11 09:35:20] [OK] qsub output: Your job 6504099 ("adversarial_hpc_submit.pbs") has been submitted
[2026-09-11 09:35:20] [SUBMIT] ConvNeXt/Cifar10/PGD/ALL
[2026-09-11 09:35:20] [CMD] qsub -q all.q -l ngpus=1 -v MODEL="ConvNeXt",DATASET="Cifar10",ATTACK="PGD",KIND="ALL",PHASE="generate",OUTPUT_DIR="adversarial_results_ep300_pre100" adversarial_hpc_submit.pbs </dev/null
[2026-09-11 09:35:25] [OK] ConvNeXt/Cifar10/PGD/ALL
[2026-09-11 09:35:25] [OK] qsub output: Your job 6504101 ("adversarial_hpc_submit.pbs") has been submitted
[2026-09-11 09:35:25] [SUBMIT] ConvNeXt/Cifar10/FGSM/ALL
[2026-09-11 09:35:25] [CMD] qsub -q all.q -l ngpus=1 -v MODEL="ConvNeXt",DATASET="Cifar10",ATTACK="FGSM",KIND="ALL",PHASE="generate",OUTPUT_DIR="adversarial_results_ep100_pre300" adversarial_hpc_submit.pbs </dev/null
[2026-09-11 09:35:28] [OK] ConvNeXt/Cifar100/APGD/ALL
[2026-09-11 09:35:28] [OK] qsub output: Your job 6504102 ("adversarial_hpc_submit.pbs") has been submitted
[2026-09-11 09:35:28] [SUBMIT] ConvNeXt/Cifar100/CW/ALL
[2026-09-11 09:35:28] [CMD] qsub -q all.q -l ngpus=1 -v MODEL="ConvNeXt",DATASET="Cifar100",ATTACK="CW",KIND="ALL",PHASE="generate",OUTPUT_DIR="adversarial_results_ep200_pre200" adversarial_hpc_submit.pbs </dev/null
[2026-09-11 09:35:34] [OK] ConvNeXt/Cifar10/PGD/ALL
[2026-09-11 09:35:35] [OK] ConvNeXt/Cifar10/FGSM/ALL
[2026-09-11 09:35:38] [OK] qsub output: Your job 6504103 ("adversarial_hpc_submit.pbs") has been submitted
[2026-09-11 09:35:40] [OK] ConvNeXt/Cifar100/CW/ALL
[2026-09-11 09:35:42] [OK] qsub output: Your job 6504104 ("adversarial_hpc_submit.pbs") has been submitted
[2026-09-11 09:35:42] [OK] qsub output: Your job 6504105 ("adversarial_hpc_submit.pbs") has been submitted
[2026-09-11 09:35:42] [SUBMIT] ConvNeXt/Cifar10/FGSM/ALL
[2026-09-11 09:35:42] [CMD] qsub -q all.q -l ngpus=1 -v MODEL="ConvNeXt",DATASET="Cifar10",ATTACK="FGSM",KIND="ALL",PHASE="generate",OUTPUT_DIR="adversarial_results_ep300_pre100" adversarial_hpc_submit.pbs </dev/null
[2026-09-11 09:35:42] [SUBMIT] ConvNeXt/Cifar10/IFGSM/ALL
[2026-09-11 09:35:42] [SUBMIT] ConvNeXt/Cifar100/DeepFool/ALL
[2026-09-11 09:35:42] [CMD] qsub -q all.q -l ngpus=1 -v MODEL="ConvNeXt",DATASET="Cifar10",ATTACK="IFGSM",KIND="ALL",PHASE="generate",OUTPUT_DIR="adversarial_results_ep100_pre300" adversarial_hpc_submit.pbs </dev/null
[2026-09-11 09:35:42] [CMD] qsub -q all.q -l ngpus=1 -v MODEL="ConvNeXt",DATASET="Cifar100",ATTACK="DeepFool",KIND="ALL",PHASE="generate",OUTPUT_DIR="adversarial_results_ep200_pre200" adversarial_hpc_submit.pbs </dev/null
[2026-09-11 09:35:46] [OK] ConvNeXt/Cifar10/IFGSM/ALL
[2026-09-11 09:35:48] [OK] ConvNeXt/Cifar10/FGSM/ALL
[2026-09-11 09:35:50] [OK] ConvNeXt/Cifar100/DeepFool/ALL
[2026-09-11 09:35:52] [OK] qsub output: Your job 6504107 ("adversarial_hpc_submit.pbs") has been submitted
[2026-09-11 09:35:57] [OK] qsub output: Your job 6504106 ("adversarial_hpc_submit.pbs") has been submitted
[2026-09-11 09:35:58] [OK] qsub output: Your job 6504108 ("adversarial_hpc_submit.pbs") has been submitted
[2026-09-11 09:35:58] [SUBMIT] ConvNeXt/Cifar10/BIM/ALL
[2026-09-11 09:35:58] [SUBMIT] ConvNeXt/Cifar10/IFGSM/ALL
[2026-09-11 09:35:58] [SUBMIT] ConvNeXt/TinyImageNet/PGD/ALL
[2026-09-11 09:35:58] [CMD] qsub -q all.q -l ngpus=1 -v MODEL="ConvNeXt",DATASET="Cifar10",ATTACK="BIM",KIND="ALL",PHASE="generate",OUTPUT_DIR="adversarial_results_ep100_pre300" adversarial_hpc_submit.pbs </dev/null
[2026-09-11 09:35:58] [CMD] qsub -q all.q -l ngpus=1 -v MODEL="ConvNeXt",DATASET="TinyImageNet",ATTACK="PGD",KIND="ALL",PHASE="generate",OUTPUT_DIR="adversarial_results_ep200_pre200" adversarial_hpc_submit.pbs </dev/null
[2026-09-11 09:35:58] [CMD] qsub -q all.q -l ngpus=1 -v MODEL="ConvNeXt",DATASET="Cifar10",ATTACK="IFGSM",KIND="ALL",PHASE="generate",OUTPUT_DIR="adversarial_results_ep300_pre100" adversarial_hpc_submit.pbs </dev/null
[2026-09-11 09:36:00] [OK] ConvNeXt/Cifar10/BIM/ALL
[2026-09-11 09:36:00] [OK] qsub output: Your job 6504110 ("adversarial_hpc_submit.pbs") has been submitted
[2026-09-11 09:36:01] [SUBMIT] ConvNeXt/Cifar10/APGD/ALL
[2026-09-11 09:36:01] [CMD] qsub -q all.q -l ngpus=1 -v MODEL="ConvNeXt",DATASET="Cifar10",ATTACK="APGD",KIND="ALL",PHASE="generate",OUTPUT_DIR="adversarial_results_ep100_pre300" adversarial_hpc_submit.pbs </dev/null
[2026-09-11 09:36:02] [OK] ConvNeXt/Cifar10/IFGSM/ALL
[2026-09-11 09:36:02] [OK] qsub output: Your job 6504112 ("adversarial_hpc_submit.pbs") has been submitted
[2026-09-11 09:36:02] [SUBMIT] ConvNeXt/Cifar10/BIM/ALL
[2026-09-11 09:36:02] [CMD] qsub -q all.q -l ngpus=1 -v MODEL="ConvNeXt",DATASET="Cifar10",ATTACK="BIM",KIND="ALL",PHASE="generate",OUTPUT_DIR="adversarial_results_ep300_pre100" adversarial_hpc_submit.pbs </dev/null
[2026-09-11 09:36:03] [OK] ConvNeXt/TinyImageNet/PGD/ALL
[2026-09-11 09:36:04] [OK] qsub output: Your job 6504111 ("adversarial_hpc_submit.pbs") has been submitted
[2026-09-11 09:36:04] [SUBMIT] ConvNeXt/TinyImageNet/FGSM/ALL
[2026-09-11 09:36:04] [CMD] qsub -q all.q -l ngpus=1 -v MODEL="ConvNeXt",DATASET="TinyImageNet",ATTACK="FGSM",KIND="ALL",PHASE="generate",OUTPUT_DIR="adversarial_results_ep200_pre200" adversarial_hpc_submit.pbs </dev/null
[2026-09-11 09:36:06] [OK] ConvNeXt/Cifar10/BIM/ALL
[2026-09-11 09:36:06] [OK] qsub output: Your job 6504114 ("adversarial_hpc_submit.pbs") has been submitted
[2026-09-11 09:36:06] [SUBMIT] ConvNeXt/Cifar10/APGD/ALL
[2026-09-11 09:36:06] [CMD] qsub -q all.q -l ngpus=1 -v MODEL="ConvNeXt",DATASET="Cifar10",ATTACK="APGD",KIND="ALL",PHASE="generate",OUTPUT_DIR="adversarial_results_ep300_pre100" adversarial_hpc_submit.pbs </dev/null
[2026-09-11 09:36:09] [OK] ConvNeXt/Cifar10/APGD/ALL
[2026-09-11 09:36:09] [OK] qsub output: Your job 6504113 ("adversarial_hpc_submit.pbs") has been submitted
[2026-09-11 09:36:09] [SUBMIT] ConvNeXt/Cifar10/CW/ALL
[2026-09-11 09:36:09] [CMD] qsub -q all.q -l ngpus=1 -v MODEL="ConvNeXt",DATASET="Cifar10",ATTACK="CW",KIND="ALL",PHASE="generate",OUTPUT_DIR="adversarial_results_ep100_pre300" adversarial_hpc_submit.pbs </dev/null
[2026-09-11 09:36:14] [OK] ConvNeXt/TinyImageNet/FGSM/ALL
[2026-09-11 09:36:14] [OK] qsub output: Your job 6504115 ("adversarial_hpc_submit.pbs") has been submitted
[2026-09-11 09:36:14] [SUBMIT] ConvNeXt/TinyImageNet/IFGSM/ALL
[2026-09-11 09:36:14] [CMD] qsub -q all.q -l ngpus=1 -v MODEL="ConvNeXt",DATASET="TinyImageNet",ATTACK="IFGSM",KIND="ALL",PHASE="generate",OUTPUT_DIR="adversarial_results_ep200_pre200" adversarial_hpc_submit.pbs </dev/null
[2026-09-11 09:36:15] [OK] ConvNeXt/Cifar10/APGD/ALL
[2026-09-11 09:36:15] [OK] qsub output: Your job 6504116 ("adversarial_hpc_submit.pbs") has been submitted
[2026-09-11 09:36:15] [SUBMIT] ConvNeXt/Cifar10/CW/ALL
[2026-09-11 09:36:15] [CMD] qsub -q all.q -l ngpus=1 -v MODEL="ConvNeXt",DATASET="Cifar10",ATTACK="CW",KIND="ALL",PHASE="generate",OUTPUT_DIR="adversarial_results_ep300_pre100" adversarial_hpc_submit.pbs </dev/null
[2026-09-11 09:36:16] [OK] ConvNeXt/Cifar10/CW/ALL
[2026-09-11 09:36:16] [OK] qsub output: Your job 6504117 ("adversarial_hpc_submit.pbs") has been submitted
[2026-09-11 09:36:16] [SUBMIT] ConvNeXt/Cifar10/DeepFool/ALL
[2026-09-11 09:36:16] [CMD] qsub -q all.q -l ngpus=1 -v MODEL="ConvNeXt",DATASET="Cifar10",ATTACK="DeepFool",KIND="ALL",PHASE="generate",OUTPUT_DIR="adversarial_results_ep100_pre300" adversarial_hpc_submit.pbs </dev/null
[2026-09-11 09:36:21] [OK] ConvNeXt/TinyImageNet/IFGSM/ALL
[2026-09-11 09:36:21] [OK] qsub output: Your job 6504118 ("adversarial_hpc_submit.pbs") has been submitted
[2026-09-11 09:36:21] [SUBMIT] ConvNeXt/TinyImageNet/BIM/ALL
[2026-09-11 09:36:22] [CMD] qsub -q all.q -l ngpus=1 -v MODEL="ConvNeXt",DATASET="TinyImageNet",ATTACK="BIM",KIND="ALL",PHASE="generate",OUTPUT_DIR="adversarial_results_ep200_pre200" adversarial_hpc_submit.pbs </dev/null
[2026-09-11 09:36:22] [OK] ConvNeXt/Cifar10/CW/ALL
[2026-09-11 09:36:22] [OK] qsub output: Your job 6504119 ("adversarial_hpc_submit.pbs") has been submitted
[2026-09-11 09:36:22] [SUBMIT] ConvNeXt/Cifar10/DeepFool/ALL
[2026-09-11 09:36:22] [CMD] qsub -q all.q -l ngpus=1 -v MODEL="ConvNeXt",DATASET="Cifar10",ATTACK="DeepFool",KIND="ALL",PHASE="generate",OUTPUT_DIR="adversarial_results_ep300_pre100" adversarial_hpc_submit.pbs </dev/null
[2026-09-11 09:36:24] [OK] ConvNeXt/TinyImageNet/BIM/ALL
[2026-09-11 09:36:24] [OK] qsub output: Your job 6504121 ("adversarial_hpc_submit.pbs") has been submitted
[2026-09-11 09:36:24] [SUBMIT] ConvNeXt/TinyImageNet/APGD/ALL
[2026-09-11 09:36:24] [CMD] qsub -q all.q -l ngpus=1 -v MODEL="ConvNeXt",DATASET="TinyImageNet",ATTACK="APGD",KIND="ALL",PHASE="generate",OUTPUT_DIR="adversarial_results_ep200_pre200" adversarial_hpc_submit.pbs </dev/null
[2026-09-11 09:36:26] [OK] ConvNeXt/Cifar10/DeepFool/ALL
[2026-09-11 09:36:26] [OK] qsub output: Your job 6504120 ("adversarial_hpc_submit.pbs") has been submitted
[2026-09-11 09:36:27] [SUBMIT] ConvNeXt/Cifar100/PGD/ALL
[2026-09-11 09:36:27] [CMD] qsub -q all.q -l ngpus=1 -v MODEL="ConvNeXt",DATASET="Cifar100",ATTACK="PGD",KIND="ALL",PHASE="generate",OUTPUT_DIR="adversarial_results_ep100_pre300" adversarial_hpc_submit.pbs </dev/null
[2026-09-11 09:36:29] [OK] ConvNeXt/Cifar10/DeepFool/ALL
[2026-09-11 09:36:29] [OK] qsub output: Your job 6504122 ("adversarial_hpc_submit.pbs") has been submitted
[2026-09-11 09:36:29] [SUBMIT] ConvNeXt/Cifar100/PGD/ALL
[2026-09-11 09:36:29] [CMD] qsub -q all.q -l ngpus=1 -v MODEL="ConvNeXt",DATASET="Cifar100",ATTACK="PGD",KIND="ALL",PHASE="generate",OUTPUT_DIR="adversarial_results_ep300_pre100" adversarial_hpc_submit.pbs </dev/null
[2026-09-11 09:36:32] [OK] ConvNeXt/TinyImageNet/APGD/ALL
[2026-09-11 09:36:32] [OK] qsub output: Your job 6504123 ("adversarial_hpc_submit.pbs") has been submitted
[2026-09-11 09:36:32] [SUBMIT] ConvNeXt/TinyImageNet/CW/ALL
[2026-09-11 09:36:32] [CMD] qsub -q all.q -l ngpus=1 -v MODEL="ConvNeXt",DATASET="TinyImageNet",ATTACK="CW",KIND="ALL",PHASE="generate",OUTPUT_DIR="adversarial_results_ep200_pre200" adversarial_hpc_submit.pbs </dev/null
[2026-09-11 09:36:32] [OK] ConvNeXt/Cifar100/PGD/ALL
[2026-09-11 09:36:32] [OK] qsub output: Your job 6504124 ("adversarial_hpc_submit.pbs") has been submitted
[2026-09-11 09:36:33] [SUBMIT] ConvNeXt/Cifar100/FGSM/ALL
[2026-09-11 09:36:33] [CMD] qsub -q all.q -l ngpus=1 -v MODEL="ConvNeXt",DATASET="Cifar100",ATTACK="FGSM",KIND="ALL",PHASE="generate",OUTPUT_DIR="adversarial_results_ep100_pre300" adversarial_hpc_submit.pbs </dev/null
[2026-09-11 09:36:36] [OK] ConvNeXt/TinyImageNet/CW/ALL
[2026-09-11 09:36:39] [OK] qsub output: Your job 6504126 ("adversarial_hpc_submit.pbs") has been submitted
[2026-09-11 09:36:39] [OK] ConvNeXt/Cifar100/PGD/ALL
[2026-09-11 09:36:39] [OK] ConvNeXt/Cifar100/FGSM/ALL
[2026-09-11 09:36:48] [SUBMIT] ConvNeXt/TinyImageNet/DeepFool/ALL
[2026-09-11 09:36:53] [OK] qsub output: Your job 6504125 ("adversarial_hpc_submit.pbs") has been submitted
[2026-09-11 09:37:16] [OK] qsub output: Your job 6504127 ("adversarial_hpc_submit.pbs") has been submitted
[2026-09-11 09:37:19] [CMD] qsub -q all.q -l ngpus=1 -v MODEL="ConvNeXt",DATASET="TinyImageNet",ATTACK="DeepFool",KIND="ALL",PHASE="generate",OUTPUT_DIR="adversarial_results_ep200_pre200" adversarial_hpc_submit.pbs </dev/null
[2026-09-11 09:37:20] [SUBMIT] ConvNeXt/Cifar100/FGSM/ALL
[2026-09-11 09:37:31] [SUBMIT] ConvNeXt/Cifar100/IFGSM/ALL
[2026-09-11 09:37:35] [CMD] qsub -q all.q -l ngpus=1 -v MODEL="ConvNeXt",DATASET="Cifar100",ATTACK="FGSM",KIND="ALL",PHASE="generate",OUTPUT_DIR="adversarial_results_ep300_pre100" adversarial_hpc_submit.pbs </dev/null
[2026-09-11 09:37:35] [CMD] qsub -q all.q -l ngpus=1 -v MODEL="ConvNeXt",DATASET="Cifar100",ATTACK="IFGSM",KIND="ALL",PHASE="generate",OUTPUT_DIR="adversarial_results_ep100_pre300" adversarial_hpc_submit.pbs </dev/null
[2026-09-11 09:37:40] [OK] ConvNeXt/Cifar100/FGSM/ALL
[2026-09-11 09:37:44] [OK] ConvNeXt/TinyImageNet/DeepFool/ALL
[2026-09-11 09:37:48] [OK] ConvNeXt/Cifar100/IFGSM/ALL
[2026-09-11 09:37:48] [OK] qsub output: Your job 6504130 ("adversarial_hpc_submit.pbs") has been submitted
[2026-09-11 09:37:51] [OK] qsub output: Your job 6504129 ("adversarial_hpc_submit.pbs") has been submitted
[2026-09-11 09:37:51] [OK] qsub output: Your job 6504131 ("adversarial_hpc_submit.pbs") has been submitted
[2026-09-11 09:37:51] [SUCCESS] Submitted 126 jobs
[2026-09-11 09:37:51] [SUBMIT] ConvNeXt/Cifar100/IFGSM/ALL
[2026-09-11 09:37:51] [SUBMIT] ConvNeXt/Cifar100/BIM/ALL
[2026-09-11 09:37:51] [CMD] qsub -q all.q -l ngpus=1 -v MODEL="ConvNeXt",DATASET="Cifar100",ATTACK="IFGSM",KIND="ALL",PHASE="generate",OUTPUT_DIR="adversarial_results_ep300_pre100" adversarial_hpc_submit.pbs </dev/null
[2026-09-11 09:37:51] Monitor progress with: qstat
[2026-09-11 09:37:51] [CMD] qsub -q all.q -l ngpus=1 -v MODEL="ConvNeXt",DATASET="Cifar100",ATTACK="BIM",KIND="ALL",PHASE="generate",OUTPUT_DIR="adversarial_results_ep100_pre300" adversarial_hpc_submit.pbs </dev/null
[2026-09-11 09:37:51] ============================================================================
[2026-09-11 09:37:51] Job submission complete. Check logs/ for details.
[2026-09-11 09:37:51] Run log saved to: /Users/jgafur/LTH/manuscript/Tranfer/logs/adversarial_orchestrate_generate_20260911_090149.log
[2026-09-11 09:37:51] ============================================================================
[2026-09-11 09:37:57] [OK] ConvNeXt/Cifar100/IFGSM/ALL
[2026-09-11 09:37:57] [OK] qsub output: Your job 6504132 ("adversarial_hpc_submit.pbs") has been submitted
[2026-09-11 09:37:57] [SUBMIT] ConvNeXt/Cifar100/BIM/ALL
[2026-09-11 09:37:57] [CMD] qsub -q all.q -l ngpus=1 -v MODEL="ConvNeXt",DATASET="Cifar100",ATTACK="BIM",KIND="ALL",PHASE="generate",OUTPUT_DIR="adversarial_results_ep300_pre100" adversarial_hpc_submit.pbs </dev/null
[2026-09-11 09:37:59] [OK] ConvNeXt/Cifar100/BIM/ALL
[2026-09-11 09:37:59] [OK] qsub output: Your job 6504133 ("adversarial_hpc_submit.pbs") has been submitted
[2026-09-11 09:37:59] [SUBMIT] ConvNeXt/Cifar100/APGD/ALL
[2026-09-11 09:37:59] [CMD] qsub -q all.q -l ngpus=1 -v MODEL="ConvNeXt",DATASET="Cifar100",ATTACK="APGD",KIND="ALL",PHASE="generate",OUTPUT_DIR="adversarial_results_ep100_pre300" adversarial_hpc_submit.pbs </dev/null
[2026-09-11 09:38:02] [OK] ConvNeXt/Cifar100/BIM/ALL
[2026-09-11 09:38:02] [OK] qsub output: Your job 6504135 ("adversarial_hpc_submit.pbs") has been submitted
[2026-09-11 09:38:02] [SUBMIT] ConvNeXt/Cifar100/APGD/ALL
[2026-09-11 09:38:02] [CMD] qsub -q all.q -l ngpus=1 -v MODEL="ConvNeXt",DATASET="Cifar100",ATTACK="APGD",KIND="ALL",PHASE="generate",OUTPUT_DIR="adversarial_results_ep300_pre100" adversarial_hpc_submit.pbs </dev/null
[2026-09-11 09:38:13] [OK] ConvNeXt/Cifar100/APGD/ALL
[2026-09-11 09:38:13] [OK] qsub output: Your job 6504137 ("adversarial_hpc_submit.pbs") has been submitted
[2026-09-11 09:38:14] [SUBMIT] ConvNeXt/Cifar100/CW/ALL
[2026-09-11 09:38:14] [CMD] qsub -q all.q -l ngpus=1 -v MODEL="ConvNeXt",DATASET="Cifar100",ATTACK="CW",KIND="ALL",PHASE="generate",OUTPUT_DIR="adversarial_results_ep100_pre300" adversarial_hpc_submit.pbs </dev/null
[2026-09-11 09:38:15] [OK] ConvNeXt/Cifar100/APGD/ALL
[2026-09-11 09:38:15] [OK] qsub output: Your job 6504138 ("adversarial_hpc_submit.pbs") has been submitted
[2026-09-11 09:38:15] [SUBMIT] ConvNeXt/Cifar100/CW/ALL
[2026-09-11 09:38:15] [CMD] qsub -q all.q -l ngpus=1 -v MODEL="ConvNeXt",DATASET="Cifar100",ATTACK="CW",KIND="ALL",PHASE="generate",OUTPUT_DIR="adversarial_results_ep300_pre100" adversarial_hpc_submit.pbs </dev/null
[2026-09-11 09:38:24] [OK] ConvNeXt/Cifar100/CW/ALL
[2026-09-11 09:38:24] [OK] qsub output: Your job 6504140 ("adversarial_hpc_submit.pbs") has been submitted
[2026-09-11 09:38:25] [SUBMIT] ConvNeXt/Cifar100/DeepFool/ALL
[2026-09-11 09:38:25] [CMD] qsub -q all.q -l ngpus=1 -v MODEL="ConvNeXt",DATASET="Cifar100",ATTACK="DeepFool",KIND="ALL",PHASE="generate",OUTPUT_DIR="adversarial_results_ep100_pre300" adversarial_hpc_submit.pbs </dev/null
[2026-09-11 09:38:27] [OK] ConvNeXt/Cifar100/CW/ALL
[2026-09-11 09:38:27] [OK] qsub output: Your job 6504141 ("adversarial_hpc_submit.pbs") has been submitted
[2026-09-11 09:38:27] [SUBMIT] ConvNeXt/Cifar100/DeepFool/ALL
[2026-09-11 09:38:27] [CMD] qsub -q all.q -l ngpus=1 -v MODEL="ConvNeXt",DATASET="Cifar100",ATTACK="DeepFool",KIND="ALL",PHASE="generate",OUTPUT_DIR="adversarial_results_ep300_pre100" adversarial_hpc_submit.pbs </dev/null
[2026-09-11 09:38:34] [OK] ConvNeXt/Cifar100/DeepFool/ALL
[2026-09-11 09:38:34] [OK] qsub output: Your job 6504144 ("adversarial_hpc_submit.pbs") has been submitted
[2026-09-11 09:38:35] [SUBMIT] ConvNeXt/TinyImageNet/PGD/ALL
[2026-09-11 09:38:35] [CMD] qsub -q all.q -l ngpus=1 -v MODEL="ConvNeXt",DATASET="TinyImageNet",ATTACK="PGD",KIND="ALL",PHASE="generate",OUTPUT_DIR="adversarial_results_ep100_pre300" adversarial_hpc_submit.pbs </dev/null
[2026-09-11 09:38:35] [OK] ConvNeXt/Cifar100/DeepFool/ALL
[2026-09-11 09:38:35] [OK] qsub output: Your job 6504145 ("adversarial_hpc_submit.pbs") has been submitted
[2026-09-11 09:38:35] [SUBMIT] ConvNeXt/TinyImageNet/PGD/ALL
[2026-09-11 09:38:35] [CMD] qsub -q all.q -l ngpus=1 -v MODEL="ConvNeXt",DATASET="TinyImageNet",ATTACK="PGD",KIND="ALL",PHASE="generate",OUTPUT_DIR="adversarial_results_ep300_pre100" adversarial_hpc_submit.pbs </dev/null
[2026-09-11 09:38:40] [OK] ConvNeXt/TinyImageNet/PGD/ALL
[2026-09-11 09:38:40] [OK] qsub output: Your job 6504147 ("adversarial_hpc_submit.pbs") has been submitted
[2026-09-11 09:38:40] [SUBMIT] ConvNeXt/TinyImageNet/FGSM/ALL
[2026-09-11 09:38:40] [CMD] qsub -q all.q -l ngpus=1 -v MODEL="ConvNeXt",DATASET="TinyImageNet",ATTACK="FGSM",KIND="ALL",PHASE="generate",OUTPUT_DIR="adversarial_results_ep100_pre300" adversarial_hpc_submit.pbs </dev/null
[2026-09-11 09:38:41] [OK] ConvNeXt/TinyImageNet/PGD/ALL
[2026-09-11 09:38:43] [OK] qsub output: Your job 6504148 ("adversarial_hpc_submit.pbs") has been submitted
[2026-09-11 09:38:43] [SUBMIT] ConvNeXt/TinyImageNet/FGSM/ALL
[2026-09-11 09:38:43] [CMD] qsub -q all.q -l ngpus=1 -v MODEL="ConvNeXt",DATASET="TinyImageNet",ATTACK="FGSM",KIND="ALL",PHASE="generate",OUTPUT_DIR="adversarial_results_ep300_pre100" adversarial_hpc_submit.pbs </dev/null
[2026-09-11 09:38:48] [OK] ConvNeXt/TinyImageNet/FGSM/ALL
[2026-09-11 09:38:48] [OK] qsub output: Your job 6504149 ("adversarial_hpc_submit.pbs") has been submitted
[2026-09-11 09:38:48] [SUBMIT] ConvNeXt/TinyImageNet/IFGSM/ALL
[2026-09-11 09:38:48] [CMD] qsub -q all.q -l ngpus=1 -v MODEL="ConvNeXt",DATASET="TinyImageNet",ATTACK="IFGSM",KIND="ALL",PHASE="generate",OUTPUT_DIR="adversarial_results_ep100_pre300" adversarial_hpc_submit.pbs </dev/null
[2026-09-11 09:38:57] [OK] ConvNeXt/TinyImageNet/IFGSM/ALL
[2026-09-11 09:38:57] [OK] qsub output: Your job 6504152 ("adversarial_hpc_submit.pbs") has been submitted
[2026-09-11 09:38:57] [SUBMIT] ConvNeXt/TinyImageNet/BIM/ALL
[2026-09-11 09:38:57] [CMD] qsub -q all.q -l ngpus=1 -v MODEL="ConvNeXt",DATASET="TinyImageNet",ATTACK="BIM",KIND="ALL",PHASE="generate",OUTPUT_DIR="adversarial_results_ep100_pre300" adversarial_hpc_submit.pbs </dev/null
[2026-09-11 09:38:58] [OK] ConvNeXt/TinyImageNet/FGSM/ALL
[2026-09-11 09:38:58] [OK] qsub output: Your job 6504151 ("adversarial_hpc_submit.pbs") has been submitted
[2026-09-11 09:38:58] [SUBMIT] ConvNeXt/TinyImageNet/IFGSM/ALL
[2026-09-11 09:38:58] [CMD] qsub -q all.q -l ngpus=1 -v MODEL="ConvNeXt",DATASET="TinyImageNet",ATTACK="IFGSM",KIND="ALL",PHASE="generate",OUTPUT_DIR="adversarial_results_ep300_pre100" adversarial_hpc_submit.pbs </dev/null
[2026-09-11 09:39:05] [OK] ConvNeXt/TinyImageNet/BIM/ALL
[2026-09-11 09:39:05] [OK] qsub output: Your job 6504154 ("adversarial_hpc_submit.pbs") has been submitted
[2026-09-11 09:39:05] [SUBMIT] ConvNeXt/TinyImageNet/APGD/ALL
[2026-09-11 09:39:05] [CMD] qsub -q all.q -l ngpus=1 -v MODEL="ConvNeXt",DATASET="TinyImageNet",ATTACK="APGD",KIND="ALL",PHASE="generate",OUTPUT_DIR="adversarial_results_ep100_pre300" adversarial_hpc_submit.pbs </dev/null
[2026-09-11 09:39:09] [OK] ConvNeXt/TinyImageNet/IFGSM/ALL
[2026-09-11 09:39:09] [OK] qsub output: Your job 6504155 ("adversarial_hpc_submit.pbs") has been submitted
[2026-09-11 09:39:09] [SUBMIT] ConvNeXt/TinyImageNet/BIM/ALL
[2026-09-11 09:39:09] [CMD] qsub -q all.q -l ngpus=1 -v MODEL="ConvNeXt",DATASET="TinyImageNet",ATTACK="BIM",KIND="ALL",PHASE="generate",OUTPUT_DIR="adversarial_results_ep300_pre100" adversarial_hpc_submit.pbs </dev/null
[2026-09-11 09:39:15] [OK] ConvNeXt/TinyImageNet/APGD/ALL
[2026-09-11 09:39:15] [OK] qsub output: Your job 6504158 ("adversarial_hpc_submit.pbs") has been submitted
[2026-09-11 09:39:15] [SUBMIT] ConvNeXt/TinyImageNet/CW/ALL
[2026-09-11 09:39:15] [CMD] qsub -q all.q -l ngpus=1 -v MODEL="ConvNeXt",DATASET="TinyImageNet",ATTACK="CW",KIND="ALL",PHASE="generate",OUTPUT_DIR="adversarial_results_ep100_pre300" adversarial_hpc_submit.pbs </dev/null
[2026-09-11 09:39:18] [OK] ConvNeXt/TinyImageNet/BIM/ALL
[2026-09-11 09:39:18] [OK] qsub output: Your job 6504159 ("adversarial_hpc_submit.pbs") has been submitted
[2026-09-11 09:39:18] [SUBMIT] ConvNeXt/TinyImageNet/APGD/ALL
[2026-09-11 09:39:18] [CMD] qsub -q all.q -l ngpus=1 -v MODEL="ConvNeXt",DATASET="TinyImageNet",ATTACK="APGD",KIND="ALL",PHASE="generate",OUTPUT_DIR="adversarial_results_ep300_pre100" adversarial_hpc_submit.pbs </dev/null
[2026-09-11 09:39:26] [OK] ConvNeXt/TinyImageNet/CW/ALL
[2026-09-11 09:39:27] [OK] qsub output: Your job 6504161 ("adversarial_hpc_submit.pbs") has been submitted
[2026-09-11 09:39:27] [SUBMIT] ConvNeXt/TinyImageNet/DeepFool/ALL
[2026-09-11 09:39:28] [CMD] qsub -q all.q -l ngpus=1 -v MODEL="ConvNeXt",DATASET="TinyImageNet",ATTACK="DeepFool",KIND="ALL",PHASE="generate",OUTPUT_DIR="adversarial_results_ep100_pre300" adversarial_hpc_submit.pbs </dev/null
[2026-09-11 09:39:33] [OK] ConvNeXt/TinyImageNet/APGD/ALL
[2026-09-11 09:39:35] [OK] ConvNeXt/TinyImageNet/DeepFool/ALL
[2026-09-11 09:39:37] [OK] qsub output: Your job 6504163 ("adversarial_hpc_submit.pbs") has been submitted
[2026-09-11 09:39:40] [OK] qsub output: Your job 6504164 ("adversarial_hpc_submit.pbs") has been submitted
[2026-09-11 09:39:40] [SUBMIT] ConvNeXt/TinyImageNet/CW/ALL
[2026-09-11 09:39:41] [SUCCESS] Submitted 126 jobs
[2026-09-11 09:39:44] [CMD] qsub -q all.q -l ngpus=1 -v MODEL="ConvNeXt",DATASET="TinyImageNet",ATTACK="CW",KIND="ALL",PHASE="generate",OUTPUT_DIR="adversarial_results_ep300_pre100" adversarial_hpc_submit.pbs </dev/null
[2026-09-11 09:39:45] Monitor progress with: qstat
[2026-09-11 09:39:49] ============================================================================
[2026-09-11 09:39:51] Job submission complete. Check logs/ for details.
[2026-09-11 09:39:52] Run log saved to: /Users/jgafur/LTH/manuscript/Tranfer/logs/adversarial_orchestrate_generate_20260911_090149.log
[2026-09-11 09:39:52] ============================================================================
[2026-09-11 09:39:55] [OK] ConvNeXt/TinyImageNet/CW/ALL
[2026-09-11 09:39:57] [OK] qsub output: Your job 6504166 ("adversarial_hpc_submit.pbs") has been submitted
[2026-09-11 09:39:57] [SUBMIT] ConvNeXt/TinyImageNet/DeepFool/ALL
[2026-09-11 09:39:57] [CMD] qsub -q all.q -l ngpus=1 -v MODEL="ConvNeXt",DATASET="TinyImageNet",ATTACK="DeepFool",KIND="ALL",PHASE="generate",OUTPUT_DIR="adversarial_results_ep300_pre100" adversarial_hpc_submit.pbs </dev/null
[2026-09-11 09:40:03] [OK] ConvNeXt/TinyImageNet/DeepFool/ALL
[2026-09-11 09:40:07] [OK] qsub output: Your job 6504167 ("adversarial_hpc_submit.pbs") has been submitted
[2026-09-11 09:40:09] [SUCCESS] Submitted 126 jobs
[2026-09-11 09:40:09] Monitor progress with: qstat
[2026-09-11 09:40:10] ============================================================================
[2026-09-11 09:40:10] Job submission complete. Check logs/ for details.
[2026-09-11 09:40:10] Run log saved to: /Users/jgafur/LTH/manuscript/Tranfer/logs/adversarial_orchestrate_generate_20260911_090149.log
[2026-09-11 09:40:10] ============================================================================
