[2026-09-07 08:05:30] Starting orchestration script
[2026-09-07 08:05:30] Script path: /Users/jgafur/LTH/manuscript/Tranfer
[2026-09-07 08:05:30] Starting orchestration script
[2026-09-07 08:05:30] Starting orchestration script
[2026-09-07 08:05:30] Script path: /Users/jgafur/LTH/manuscript/Tranfer
[2026-09-07 08:05:30] Current working directory: /Users/jgafur/LTH/manuscript/Tranfer
[2026-09-07 08:05:30] Script path: /Users/jgafur/LTH/manuscript/Tranfer
[2026-09-07 08:05:30] Phase: generate
[2026-09-07 08:05:30] Current working directory: /Users/jgafur/LTH/manuscript/Tranfer
[2026-09-07 08:05:30] Current working directory: /Users/jgafur/LTH/manuscript/Tranfer
[2026-09-07 08:05:30] Output directory: adversarial_results_ep100_pre300
[2026-09-07 08:05:30] Phase: generate
[2026-09-07 08:05:30] Phase: generate
[2026-09-07 08:05:30] Model filter: ALL
[2026-09-07 08:05:30] Output directory: adversarial_results_ep200_pre200
[2026-09-07 08:05:30] Output directory: adversarial_results_ep300_pre100
[2026-09-07 08:05:30] Dataset filter: ALL
[2026-09-07 08:05:30] Model filter: ALL
[2026-09-07 08:05:30] Model filter: ALL
[2026-09-07 08:05:30] Dataset filter: ALL
[2026-09-07 08:05:30] Attack filter: ALL
[2026-09-07 08:05:30] Dataset filter: ALL
[2026-09-07 08:05:30] Attack filter: ALL
[2026-09-07 08:05:30] Kind filter: ALL
[2026-09-07 08:05:30] Attack filter: ALL
[2026-09-07 08:05:30] Kind filter: ALL
[2026-09-07 08:05:30] Run log: /Users/jgafur/LTH/manuscript/Tranfer/logs/adversarial_orchestrate_generate_20260907_080530.log
[2026-09-07 08:05:30] Kind filter: ALL
[2026-09-07 08:05:30] Run log: /Users/jgafur/LTH/manuscript/Tranfer/logs/adversarial_orchestrate_generate_20260907_080530.log
[2026-09-07 08:05:30] Run log: /Users/jgafur/LTH/manuscript/Tranfer/logs/adversarial_orchestrate_generate_20260907_080530.log
[2026-09-07 08:05:30] qsub command found: /opt/sge/bin/lx-amd64/qsub
[2026-09-07 08:05:30] qsub command found: /opt/sge/bin/lx-amd64/qsub
[2026-09-07 08:05:30] qsub command found: /opt/sge/bin/lx-amd64/qsub
[2026-09-07 08:05:30] Found submission file: /Users/jgafur/LTH/manuscript/Tranfer/adversarial_hpc_submit.pbs
[2026-09-07 08:05:31] Found submission file: /Users/jgafur/LTH/manuscript/Tranfer/adversarial_hpc_submit.pbs
[2026-09-07 08:05:31] Found submission file: /Users/jgafur/LTH/manuscript/Tranfer/adversarial_hpc_submit.pbs
[2026-09-07 08:05:31] ============================================================================
[2026-09-07 08:05:31] ============================================================================
[2026-09-07 08:05:31] ============================================================================
[2026-09-07 08:05:31] Adversarial Analysis HPC Orchestration
[2026-09-07 08:05:31] Adversarial Analysis HPC Orchestration
[2026-09-07 08:05:31] Adversarial Analysis HPC Orchestration
[2026-09-07 08:05:31] ============================================================================
[2026-09-07 08:05:31] ============================================================================
[2026-09-07 08:05:31] ============================================================================
[2026-09-07 08:05:31] Phase:       generate
[2026-09-07 08:05:31] Phase:       generate
[2026-09-07 08:05:31] Phase:       generate
[2026-09-07 08:05:31] Output Dir:  adversarial_results_ep100_pre300
[2026-09-07 08:05:31] Output Dir:  adversarial_results_ep200_pre200
[2026-09-07 08:05:31] Output Dir:  adversarial_results_ep300_pre100
[2026-09-07 08:05:31] Models:      6 architectures
[2026-09-07 08:05:31] Models:      6 architectures
[2026-09-07 08:05:31] Models:      6 architectures
[2026-09-07 08:05:31] Datasets:    2 datasets
[2026-09-07 08:05:31] Datasets:    2 datasets
[2026-09-07 08:05:31] Datasets:    2 datasets
[2026-09-07 08:05:31] Attacks:     7 attack types
[2026-09-07 08:05:31] Attacks:     7 attack types
[2026-09-07 08:05:31] Attacks:     7 attack types
[2026-09-07 08:05:31] Total Jobs:  ~84
[2026-09-07 08:05:31] Total Jobs:  ~84
[2026-09-07 08:05:31] Total Jobs:  ~84
[2026-09-07 08:05:31] ============================================================================
[2026-09-07 08:05:31] ============================================================================
[2026-09-07 08:05:31] ============================================================================
[2026-09-07 08:05:31] Run outputs will be written as txt files in manuscript/Tranfer/
[2026-09-07 08:05:31] Run outputs will be written as txt files in manuscript/Tranfer/
[2026-09-07 08:05:31] Run outputs will be written as txt files in manuscript/Tranfer/
[2026-09-07 08:05:31]   - generate:      <MODEL>_<DATASET>_<ATTACK>_<KIND>_generate_run.txt
[2026-09-07 08:05:31]   - generate:      <MODEL>_<DATASET>_<ATTACK>_<KIND>_generate_run.txt
[2026-09-07 08:05:31]   - generate:      <MODEL>_<DATASET>_<ATTACK>_<KIND>_generate_run.txt
[2026-09-07 08:05:31]   - analyze:       adversarial_analyze_run.txt
[2026-09-07 08:05:31]   - analyze:       adversarial_analyze_run.txt
[2026-09-07 08:05:31]   - analyze:       adversarial_analyze_run.txt
[2026-09-07 08:05:31]   - plot:          adversarial_plot_run.txt
[2026-09-07 08:05:31]   - plot:          adversarial_plot_run.txt
[2026-09-07 08:05:31]   - plot:          adversarial_plot_run.txt
[2026-09-07 08:05:31]   - gradient_sim:  adversarial_gradient_sim_run.txt
[2026-09-07 08:05:31]   - gradient_sim:  adversarial_gradient_sim_run.txt
[2026-09-07 08:05:31]   - gradient_sim:  adversarial_gradient_sim_run.txt
[2026-09-07 08:05:31]   - epsilon_sweep: adversarial_epsilon_sweep_run.txt
[2026-09-07 08:05:31]   - epsilon_sweep: adversarial_epsilon_sweep_run.txt
[2026-09-07 08:05:31]   - epsilon_sweep: adversarial_epsilon_sweep_run.txt
[2026-09-07 08:05:31]   - statistics:    adversarial_statistics_run.txt
[2026-09-07 08:05:31]   - statistics:    adversarial_statistics_run.txt
[2026-09-07 08:05:31]   - statistics:    adversarial_statistics_run.txt
[2026-09-07 08:05:31]   - cka:           adversarial_cka_run.txt
[2026-09-07 08:05:31]   - cka:           adversarial_cka_run.txt
[2026-09-07 08:05:31]   - cka:           adversarial_cka_run.txt
[2026-09-07 08:05:31]   - compare:       adversarial_compare_run.txt
[2026-09-07 08:05:31]   - compare:       adversarial_compare_run.txt
[2026-09-07 08:05:31]   - compare:       adversarial_compare_run.txt
[2026-09-07 08:05:31]   - compute_tradeoff: adversarial_compute_tradeoff_run.txt
[2026-09-07 08:05:31]   - compute_tradeoff: adversarial_compute_tradeoff_run.txt
[2026-09-07 08:05:31]   - compute_tradeoff: adversarial_compute_tradeoff_run.txt
[2026-09-07 08:05:31]   - correlations:  adversarial_correlations_run.txt
[2026-09-07 08:05:31]   - correlations:  adversarial_correlations_run.txt
[2026-09-07 08:05:31]   - correlations:  adversarial_correlations_run.txt
[2026-09-07 08:05:31] [PHASE: GENERATE] Submitting attack generation jobs...
[2026-09-07 08:05:31] [PHASE: GENERATE] Submitting attack generation jobs...
[2026-09-07 08:05:31] [PHASE: GENERATE] Submitting attack generation jobs...
[2026-09-07 08:05:31] [SUBMIT] VGG16/Cifar10/PGD/ALL
[2026-09-07 08:05:31] [SUBMIT] VGG16/Cifar10/PGD/ALL
[2026-09-07 08:05:31] [SUBMIT] VGG16/Cifar10/PGD/ALL
[2026-09-07 08:05:31] [CMD] qsub -q all.q -l ngpus=1 -v MODEL="VGG16",DATASET="Cifar10",ATTACK="PGD",KIND="ALL",PHASE="generate",OUTPUT_DIR="adversarial_results_ep100_pre300" adversarial_hpc_submit.pbs </dev/null
[2026-09-07 08:05:31] [CMD] qsub -q all.q -l ngpus=1 -v MODEL="VGG16",DATASET="Cifar10",ATTACK="PGD",KIND="ALL",PHASE="generate",OUTPUT_DIR="adversarial_results_ep300_pre100" adversarial_hpc_submit.pbs </dev/null
[2026-09-07 08:05:31] [CMD] qsub -q all.q -l ngpus=1 -v MODEL="VGG16",DATASET="Cifar10",ATTACK="PGD",KIND="ALL",PHASE="generate",OUTPUT_DIR="adversarial_results_ep200_pre200" adversarial_hpc_submit.pbs </dev/null
[2026-09-07 08:05:33] [OK] VGG16/Cifar10/PGD/ALL
[2026-09-07 08:05:33] [OK] qsub output: Your job 6474723 ("adversarial_hpc_submit.pbs") has been submitted
[2026-09-07 08:05:33] [SUBMIT] VGG16/Cifar10/FGSM/ALL
[2026-09-07 08:05:33] [CMD] qsub -q all.q -l ngpus=1 -v MODEL="VGG16",DATASET="Cifar10",ATTACK="FGSM",KIND="ALL",PHASE="generate",OUTPUT_DIR="adversarial_results_ep300_pre100" adversarial_hpc_submit.pbs </dev/null
[2026-09-07 08:05:36] [OK] VGG16/Cifar10/PGD/ALL
[2026-09-07 08:05:36] [OK] qsub output: Your job 6474722 ("adversarial_hpc_submit.pbs") has been submitted
[2026-09-07 08:05:36] [SUBMIT] VGG16/Cifar10/FGSM/ALL
[2026-09-07 08:05:36] [CMD] qsub -q all.q -l ngpus=1 -v MODEL="VGG16",DATASET="Cifar10",ATTACK="FGSM",KIND="ALL",PHASE="generate",OUTPUT_DIR="adversarial_results_ep100_pre300" adversarial_hpc_submit.pbs </dev/null
[2026-09-07 08:05:37] [OK] VGG16/Cifar10/PGD/ALL
[2026-09-07 08:05:37] [OK] qsub output: Your job 6474724 ("adversarial_hpc_submit.pbs") has been submitted
[2026-09-07 08:05:37] [SUBMIT] VGG16/Cifar10/FGSM/ALL
[2026-09-07 08:05:37] [CMD] qsub -q all.q -l ngpus=1 -v MODEL="VGG16",DATASET="Cifar10",ATTACK="FGSM",KIND="ALL",PHASE="generate",OUTPUT_DIR="adversarial_results_ep200_pre200" adversarial_hpc_submit.pbs </dev/null
[2026-09-07 08:05:44] [OK] VGG16/Cifar10/FGSM/ALL
[2026-09-07 08:05:44] [OK] qsub output: Your job 6474726 ("adversarial_hpc_submit.pbs") has been submitted
[2026-09-07 08:05:44] [SUBMIT] VGG16/Cifar10/IFGSM/ALL
[2026-09-07 08:05:44] [CMD] qsub -q all.q -l ngpus=1 -v MODEL="VGG16",DATASET="Cifar10",ATTACK="IFGSM",KIND="ALL",PHASE="generate",OUTPUT_DIR="adversarial_results_ep300_pre100" adversarial_hpc_submit.pbs </dev/null
[2026-09-07 08:05:46] [OK] VGG16/Cifar10/FGSM/ALL
[2026-09-07 08:05:46] [OK] qsub output: Your job 6474727 ("adversarial_hpc_submit.pbs") has been submitted
[2026-09-07 08:05:46] [SUBMIT] VGG16/Cifar10/IFGSM/ALL
[2026-09-07 08:05:46] [CMD] qsub -q all.q -l ngpus=1 -v MODEL="VGG16",DATASET="Cifar10",ATTACK="IFGSM",KIND="ALL",PHASE="generate",OUTPUT_DIR="adversarial_results_ep100_pre300" adversarial_hpc_submit.pbs </dev/null
[2026-09-07 08:05:53] [OK] VGG16/Cifar10/FGSM/ALL
[2026-09-07 08:05:53] [OK] qsub output: Your job 6474728 ("adversarial_hpc_submit.pbs") has been submitted
[2026-09-07 08:05:53] [SUBMIT] VGG16/Cifar10/IFGSM/ALL
[2026-09-07 08:05:53] [CMD] qsub -q all.q -l ngpus=1 -v MODEL="VGG16",DATASET="Cifar10",ATTACK="IFGSM",KIND="ALL",PHASE="generate",OUTPUT_DIR="adversarial_results_ep200_pre200" adversarial_hpc_submit.pbs </dev/null
[2026-09-07 08:05:54] [OK] VGG16/Cifar10/IFGSM/ALL
[2026-09-07 08:05:54] [OK] qsub output: Your job 6474729 ("adversarial_hpc_submit.pbs") has been submitted
[2026-09-07 08:05:54] [SUBMIT] VGG16/Cifar10/BIM/ALL
[2026-09-07 08:05:54] [CMD] qsub -q all.q -l ngpus=1 -v MODEL="VGG16",DATASET="Cifar10",ATTACK="BIM",KIND="ALL",PHASE="generate",OUTPUT_DIR="adversarial_results_ep300_pre100" adversarial_hpc_submit.pbs </dev/null
[2026-09-07 08:05:55] [OK] VGG16/Cifar10/IFGSM/ALL
[2026-09-07 08:05:55] [OK] qsub output: Your job 6474730 ("adversarial_hpc_submit.pbs") has been submitted
[2026-09-07 08:05:55] [SUBMIT] VGG16/Cifar10/BIM/ALL
[2026-09-07 08:05:55] [CMD] qsub -q all.q -l ngpus=1 -v MODEL="VGG16",DATASET="Cifar10",ATTACK="BIM",KIND="ALL",PHASE="generate",OUTPUT_DIR="adversarial_results_ep100_pre300" adversarial_hpc_submit.pbs </dev/null
[2026-09-07 08:05:59] [OK] VGG16/Cifar10/IFGSM/ALL
[2026-09-07 08:05:59] [OK] qsub output: Your job 6474731 ("adversarial_hpc_submit.pbs") has been submitted
[2026-09-07 08:06:00] [SUBMIT] VGG16/Cifar10/BIM/ALL
[2026-09-07 08:06:00] [CMD] qsub -q all.q -l ngpus=1 -v MODEL="VGG16",DATASET="Cifar10",ATTACK="BIM",KIND="ALL",PHASE="generate",OUTPUT_DIR="adversarial_results_ep200_pre200" adversarial_hpc_submit.pbs </dev/null
[2026-09-07 08:06:01] [OK] VGG16/Cifar10/BIM/ALL
[2026-09-07 08:06:01] [OK] qsub output: Your job 6474732 ("adversarial_hpc_submit.pbs") has been submitted
[2026-09-07 08:06:01] [SUBMIT] VGG16/Cifar10/APGD/ALL
[2026-09-07 08:06:01] [CMD] qsub -q all.q -l ngpus=1 -v MODEL="VGG16",DATASET="Cifar10",ATTACK="APGD",KIND="ALL",PHASE="generate",OUTPUT_DIR="adversarial_results_ep300_pre100" adversarial_hpc_submit.pbs </dev/null
[2026-09-07 08:06:03] [OK] VGG16/Cifar10/BIM/ALL
[2026-09-07 08:06:03] [OK] qsub output: Your job 6474733 ("adversarial_hpc_submit.pbs") has been submitted
[2026-09-07 08:06:03] [SUBMIT] VGG16/Cifar10/APGD/ALL
[2026-09-07 08:06:03] [CMD] qsub -q all.q -l ngpus=1 -v MODEL="VGG16",DATASET="Cifar10",ATTACK="APGD",KIND="ALL",PHASE="generate",OUTPUT_DIR="adversarial_results_ep100_pre300" adversarial_hpc_submit.pbs </dev/null
[2026-09-07 08:06:04] [OK] VGG16/Cifar10/APGD/ALL
[2026-09-07 08:06:04] [OK] qsub output: Your job 6474735 ("adversarial_hpc_submit.pbs") has been submitted
[2026-09-07 08:06:04] [SUBMIT] VGG16/Cifar10/CW/ALL
[2026-09-07 08:06:04] [CMD] qsub -q all.q -l ngpus=1 -v MODEL="VGG16",DATASET="Cifar10",ATTACK="CW",KIND="ALL",PHASE="generate",OUTPUT_DIR="adversarial_results_ep300_pre100" adversarial_hpc_submit.pbs </dev/null
[2026-09-07 08:06:07] [OK] VGG16/Cifar10/BIM/ALL
[2026-09-07 08:06:07] [OK] qsub output: Your job 6474734 ("adversarial_hpc_submit.pbs") has been submitted
[2026-09-07 08:06:07] [SUBMIT] VGG16/Cifar10/APGD/ALL
[2026-09-07 08:06:07] [CMD] qsub -q all.q -l ngpus=1 -v MODEL="VGG16",DATASET="Cifar10",ATTACK="APGD",KIND="ALL",PHASE="generate",OUTPUT_DIR="adversarial_results_ep200_pre200" adversarial_hpc_submit.pbs </dev/null
[2026-09-07 08:06:10] [OK] VGG16/Cifar10/APGD/ALL
[2026-09-07 08:06:10] [OK] qsub output: Your job 6474736 ("adversarial_hpc_submit.pbs") has been submitted
[2026-09-07 08:06:10] [SUBMIT] VGG16/Cifar10/CW/ALL
[2026-09-07 08:06:10] [CMD] qsub -q all.q -l ngpus=1 -v MODEL="VGG16",DATASET="Cifar10",ATTACK="CW",KIND="ALL",PHASE="generate",OUTPUT_DIR="adversarial_results_ep100_pre300" adversarial_hpc_submit.pbs </dev/null
[2026-09-07 08:06:15] [OK] VGG16/Cifar10/CW/ALL
[2026-09-07 08:06:15] [OK] qsub output: Your job 6474737 ("adversarial_hpc_submit.pbs") has been submitted
[2026-09-07 08:06:15] [SUBMIT] VGG16/Cifar10/DeepFool/ALL
[2026-09-07 08:06:15] [CMD] qsub -q all.q -l ngpus=1 -v MODEL="VGG16",DATASET="Cifar10",ATTACK="DeepFool",KIND="ALL",PHASE="generate",OUTPUT_DIR="adversarial_results_ep300_pre100" adversarial_hpc_submit.pbs </dev/null
[2026-09-07 08:06:16] [OK] VGG16/Cifar10/CW/ALL
[2026-09-07 08:06:16] [OK] qsub output: Your job 6474740 ("adversarial_hpc_submit.pbs") has been submitted
[2026-09-07 08:06:17] [SUBMIT] VGG16/Cifar10/DeepFool/ALL
[2026-09-07 08:06:17] [CMD] qsub -q all.q -l ngpus=1 -v MODEL="VGG16",DATASET="Cifar10",ATTACK="DeepFool",KIND="ALL",PHASE="generate",OUTPUT_DIR="adversarial_results_ep100_pre300" adversarial_hpc_submit.pbs </dev/null
[2026-09-07 08:06:17] [OK] VGG16/Cifar10/APGD/ALL
[2026-09-07 08:06:17] [OK] qsub output: Your job 6474739 ("adversarial_hpc_submit.pbs") has been submitted
[2026-09-07 08:06:17] [SUBMIT] VGG16/Cifar10/CW/ALL
[2026-09-07 08:06:17] [CMD] qsub -q all.q -l ngpus=1 -v MODEL="VGG16",DATASET="Cifar10",ATTACK="CW",KIND="ALL",PHASE="generate",OUTPUT_DIR="adversarial_results_ep200_pre200" adversarial_hpc_submit.pbs </dev/null
[2026-09-07 08:06:26] [OK] VGG16/Cifar10/DeepFool/ALL
[2026-09-07 08:06:26] [OK] qsub output: Your job 6474742 ("adversarial_hpc_submit.pbs") has been submitted
[2026-09-07 08:06:26] [SUBMIT] VGG16/Cifar100/PGD/ALL
[2026-09-07 08:06:26] [CMD] qsub -q all.q -l ngpus=1 -v MODEL="VGG16",DATASET="Cifar100",ATTACK="PGD",KIND="ALL",PHASE="generate",OUTPUT_DIR="adversarial_results_ep100_pre300" adversarial_hpc_submit.pbs </dev/null
[2026-09-07 08:06:27] [OK] VGG16/Cifar10/DeepFool/ALL
[2026-09-07 08:06:27] [OK] qsub output: Your job 6474741 ("adversarial_hpc_submit.pbs") has been submitted
[2026-09-07 08:06:27] [SUBMIT] VGG16/Cifar100/PGD/ALL
[2026-09-07 08:06:27] [CMD] qsub -q all.q -l ngpus=1 -v MODEL="VGG16",DATASET="Cifar100",ATTACK="PGD",KIND="ALL",PHASE="generate",OUTPUT_DIR="adversarial_results_ep300_pre100" adversarial_hpc_submit.pbs </dev/null
[2026-09-07 08:06:33] [OK] VGG16/Cifar10/CW/ALL
[2026-09-07 08:06:33] [OK] qsub output: Your job 6474743 ("adversarial_hpc_submit.pbs") has been submitted
[2026-09-07 08:06:33] [SUBMIT] VGG16/Cifar10/DeepFool/ALL
[2026-09-07 08:06:33] [CMD] qsub -q all.q -l ngpus=1 -v MODEL="VGG16",DATASET="Cifar10",ATTACK="DeepFool",KIND="ALL",PHASE="generate",OUTPUT_DIR="adversarial_results_ep200_pre200" adversarial_hpc_submit.pbs </dev/null
[2026-09-07 08:06:35] [OK] VGG16/Cifar100/PGD/ALL
[2026-09-07 08:06:35] [OK] qsub output: Your job 6474744 ("adversarial_hpc_submit.pbs") has been submitted
[2026-09-07 08:06:35] [SUBMIT] VGG16/Cifar100/FGSM/ALL
[2026-09-07 08:06:35] [CMD] qsub -q all.q -l ngpus=1 -v MODEL="VGG16",DATASET="Cifar100",ATTACK="FGSM",KIND="ALL",PHASE="generate",OUTPUT_DIR="adversarial_results_ep100_pre300" adversarial_hpc_submit.pbs </dev/null
[2026-09-07 08:06:38] [OK] VGG16/Cifar100/PGD/ALL
[2026-09-07 08:06:38] [OK] qsub output: Your job 6474745 ("adversarial_hpc_submit.pbs") has been submitted
[2026-09-07 08:06:38] [SUBMIT] VGG16/Cifar100/FGSM/ALL
[2026-09-07 08:06:38] [CMD] qsub -q all.q -l ngpus=1 -v MODEL="VGG16",DATASET="Cifar100",ATTACK="FGSM",KIND="ALL",PHASE="generate",OUTPUT_DIR="adversarial_results_ep300_pre100" adversarial_hpc_submit.pbs </dev/null
[2026-09-07 08:06:42] [OK] VGG16/Cifar100/FGSM/ALL
[2026-09-07 08:06:42] [OK] qsub output: Your job 6474747 ("adversarial_hpc_submit.pbs") has been submitted
[2026-09-07 08:06:42] [SUBMIT] VGG16/Cifar100/IFGSM/ALL
[2026-09-07 08:06:42] [CMD] qsub -q all.q -l ngpus=1 -v MODEL="VGG16",DATASET="Cifar100",ATTACK="IFGSM",KIND="ALL",PHASE="generate",OUTPUT_DIR="adversarial_results_ep100_pre300" adversarial_hpc_submit.pbs </dev/null
[2026-09-07 08:06:42] [OK] VGG16/Cifar10/DeepFool/ALL
[2026-09-07 08:06:42] [OK] qsub output: Your job 6474746 ("adversarial_hpc_submit.pbs") has been submitted
[2026-09-07 08:06:42] [SUBMIT] VGG16/Cifar100/PGD/ALL
[2026-09-07 08:06:42] [CMD] qsub -q all.q -l ngpus=1 -v MODEL="VGG16",DATASET="Cifar100",ATTACK="PGD",KIND="ALL",PHASE="generate",OUTPUT_DIR="adversarial_results_ep200_pre200" adversarial_hpc_submit.pbs </dev/null
[2026-09-07 08:06:50] [OK] VGG16/Cifar100/FGSM/ALL
[2026-09-07 08:06:50] [OK] qsub output: Your job 6474748 ("adversarial_hpc_submit.pbs") has been submitted
[2026-09-07 08:06:50] [SUBMIT] VGG16/Cifar100/IFGSM/ALL
[2026-09-07 08:06:50] [CMD] qsub -q all.q -l ngpus=1 -v MODEL="VGG16",DATASET="Cifar100",ATTACK="IFGSM",KIND="ALL",PHASE="generate",OUTPUT_DIR="adversarial_results_ep300_pre100" adversarial_hpc_submit.pbs </dev/null
[2026-09-07 08:06:51] [OK] VGG16/Cifar100/IFGSM/ALL
[2026-09-07 08:06:51] [OK] qsub output: Your job 6474749 ("adversarial_hpc_submit.pbs") has been submitted
[2026-09-07 08:06:51] [SUBMIT] VGG16/Cifar100/BIM/ALL
[2026-09-07 08:06:51] [CMD] qsub -q all.q -l ngpus=1 -v MODEL="VGG16",DATASET="Cifar100",ATTACK="BIM",KIND="ALL",PHASE="generate",OUTPUT_DIR="adversarial_results_ep100_pre300" adversarial_hpc_submit.pbs </dev/null
[2026-09-07 08:06:53] [OK] VGG16/Cifar100/IFGSM/ALL
[2026-09-07 08:06:53] [OK] qsub output: Your job 6474751 ("adversarial_hpc_submit.pbs") has been submitted
[2026-09-07 08:06:53] [SUBMIT] VGG16/Cifar100/BIM/ALL
[2026-09-07 08:06:53] [CMD] qsub -q all.q -l ngpus=1 -v MODEL="VGG16",DATASET="Cifar100",ATTACK="BIM",KIND="ALL",PHASE="generate",OUTPUT_DIR="adversarial_results_ep300_pre100" adversarial_hpc_submit.pbs </dev/null
[2026-09-07 08:06:55] [OK] VGG16/Cifar100/PGD/ALL
[2026-09-07 08:06:55] [OK] qsub output: Your job 6474750 ("adversarial_hpc_submit.pbs") has been submitted
[2026-09-07 08:06:55] [SUBMIT] VGG16/Cifar100/FGSM/ALL
[2026-09-07 08:06:55] [CMD] qsub -q all.q -l ngpus=1 -v MODEL="VGG16",DATASET="Cifar100",ATTACK="FGSM",KIND="ALL",PHASE="generate",OUTPUT_DIR="adversarial_results_ep200_pre200" adversarial_hpc_submit.pbs </dev/null
[2026-09-07 08:06:57] [OK] VGG16/Cifar100/BIM/ALL
[2026-09-07 08:06:57] [OK] qsub output: Your job 6474752 ("adversarial_hpc_submit.pbs") has been submitted
[2026-09-07 08:06:57] [SUBMIT] VGG16/Cifar100/APGD/ALL
[2026-09-07 08:06:57] [CMD] qsub -q all.q -l ngpus=1 -v MODEL="VGG16",DATASET="Cifar100",ATTACK="APGD",KIND="ALL",PHASE="generate",OUTPUT_DIR="adversarial_results_ep100_pre300" adversarial_hpc_submit.pbs </dev/null
[2026-09-07 08:06:59] [OK] VGG16/Cifar100/BIM/ALL
[2026-09-07 08:06:59] [OK] qsub output: Your job 6474753 ("adversarial_hpc_submit.pbs") has been submitted
[2026-09-07 08:06:59] [SUBMIT] VGG16/Cifar100/APGD/ALL
[2026-09-07 08:06:59] [CMD] qsub -q all.q -l ngpus=1 -v MODEL="VGG16",DATASET="Cifar100",ATTACK="APGD",KIND="ALL",PHASE="generate",OUTPUT_DIR="adversarial_results_ep300_pre100" adversarial_hpc_submit.pbs </dev/null
[2026-09-07 08:06:59] [OK] VGG16/Cifar100/FGSM/ALL
[2026-09-07 08:06:59] [OK] qsub output: Your job 6474754 ("adversarial_hpc_submit.pbs") has been submitted
[2026-09-07 08:06:59] [SUBMIT] VGG16/Cifar100/IFGSM/ALL
[2026-09-07 08:06:59] [CMD] qsub -q all.q -l ngpus=1 -v MODEL="VGG16",DATASET="Cifar100",ATTACK="IFGSM",KIND="ALL",PHASE="generate",OUTPUT_DIR="adversarial_results_ep200_pre200" adversarial_hpc_submit.pbs </dev/null
[2026-09-07 08:07:04] [OK] VGG16/Cifar100/APGD/ALL
[2026-09-07 08:07:04] [OK] qsub output: Your job 6474755 ("adversarial_hpc_submit.pbs") has been submitted
[2026-09-07 08:07:04] [SUBMIT] VGG16/Cifar100/CW/ALL
[2026-09-07 08:07:05] [CMD] qsub -q all.q -l ngpus=1 -v MODEL="VGG16",DATASET="Cifar100",ATTACK="CW",KIND="ALL",PHASE="generate",OUTPUT_DIR="adversarial_results_ep100_pre300" adversarial_hpc_submit.pbs </dev/null
[2026-09-07 08:07:08] [OK] VGG16/Cifar100/APGD/ALL
[2026-09-07 08:07:08] [OK] qsub output: Your job 6474756 ("adversarial_hpc_submit.pbs") has been submitted
[2026-09-07 08:07:08] [SUBMIT] VGG16/Cifar100/CW/ALL
[2026-09-07 08:07:08] [CMD] qsub -q all.q -l ngpus=1 -v MODEL="VGG16",DATASET="Cifar100",ATTACK="CW",KIND="ALL",PHASE="generate",OUTPUT_DIR="adversarial_results_ep300_pre100" adversarial_hpc_submit.pbs </dev/null
[2026-09-07 08:07:11] [OK] VGG16/Cifar100/IFGSM/ALL
[2026-09-07 08:07:11] [OK] qsub output: Your job 6474757 ("adversarial_hpc_submit.pbs") has been submitted
[2026-09-07 08:07:11] [SUBMIT] VGG16/Cifar100/BIM/ALL
[2026-09-07 08:07:11] [CMD] qsub -q all.q -l ngpus=1 -v MODEL="VGG16",DATASET="Cifar100",ATTACK="BIM",KIND="ALL",PHASE="generate",OUTPUT_DIR="adversarial_results_ep200_pre200" adversarial_hpc_submit.pbs </dev/null
[2026-09-07 08:07:17] [OK] VGG16/Cifar100/CW/ALL
[2026-09-07 08:07:17] [OK] qsub output: Your job 6474760 ("adversarial_hpc_submit.pbs") has been submitted
[2026-09-07 08:07:17] [SUBMIT] VGG16/Cifar100/DeepFool/ALL
[2026-09-07 08:07:17] [CMD] qsub -q all.q -l ngpus=1 -v MODEL="VGG16",DATASET="Cifar100",ATTACK="DeepFool",KIND="ALL",PHASE="generate",OUTPUT_DIR="adversarial_results_ep300_pre100" adversarial_hpc_submit.pbs </dev/null
[2026-09-07 08:07:19] [OK] VGG16/Cifar100/CW/ALL
[2026-09-07 08:07:19] [OK] qsub output: Your job 6474759 ("adversarial_hpc_submit.pbs") has been submitted
[2026-09-07 08:07:19] [SUBMIT] VGG16/Cifar100/DeepFool/ALL
[2026-09-07 08:07:19] [CMD] qsub -q all.q -l ngpus=1 -v MODEL="VGG16",DATASET="Cifar100",ATTACK="DeepFool",KIND="ALL",PHASE="generate",OUTPUT_DIR="adversarial_results_ep100_pre300" adversarial_hpc_submit.pbs </dev/null
[2026-09-07 08:07:21] [OK] VGG16/Cifar100/BIM/ALL
[2026-09-07 08:07:21] [OK] qsub output: Your job 6474761 ("adversarial_hpc_submit.pbs") has been submitted
[2026-09-07 08:07:21] [SUBMIT] VGG16/Cifar100/APGD/ALL
[2026-09-07 08:07:21] [CMD] qsub -q all.q -l ngpus=1 -v MODEL="VGG16",DATASET="Cifar100",ATTACK="APGD",KIND="ALL",PHASE="generate",OUTPUT_DIR="adversarial_results_ep200_pre200" adversarial_hpc_submit.pbs </dev/null
[2026-09-07 08:07:25] [OK] VGG16/Cifar100/DeepFool/ALL
[2026-09-07 08:07:26] [OK] qsub output: Your job 6474763 ("adversarial_hpc_submit.pbs") has been submitted
[2026-09-07 08:07:26] [SUBMIT] RegNetX_400MF/Cifar10/PGD/ALL
[2026-09-07 08:07:26] [CMD] qsub -q all.q -l ngpus=1 -v MODEL="RegNetX_400MF",DATASET="Cifar10",ATTACK="PGD",KIND="ALL",PHASE="generate",OUTPUT_DIR="adversarial_results_ep100_pre300" adversarial_hpc_submit.pbs </dev/null
[2026-09-07 08:07:27] [OK] VGG16/Cifar100/APGD/ALL
[2026-09-07 08:07:27] [OK] qsub output: Your job 6474764 ("adversarial_hpc_submit.pbs") has been submitted
[2026-09-07 08:07:27] [OK] VGG16/Cifar100/DeepFool/ALL
[2026-09-07 08:07:27] [OK] qsub output: Your job 6474762 ("adversarial_hpc_submit.pbs") has been submitted
[2026-09-07 08:07:27] [SUBMIT] VGG16/Cifar100/CW/ALL
[2026-09-07 08:07:27] [CMD] qsub -q all.q -l ngpus=1 -v MODEL="VGG16",DATASET="Cifar100",ATTACK="CW",KIND="ALL",PHASE="generate",OUTPUT_DIR="adversarial_results_ep200_pre200" adversarial_hpc_submit.pbs </dev/null
[2026-09-07 08:07:27] [SUBMIT] RegNetX_400MF/Cifar10/PGD/ALL
[2026-09-07 08:07:27] [CMD] qsub -q all.q -l ngpus=1 -v MODEL="RegNetX_400MF",DATASET="Cifar10",ATTACK="PGD",KIND="ALL",PHASE="generate",OUTPUT_DIR="adversarial_results_ep300_pre100" adversarial_hpc_submit.pbs </dev/null
[2026-09-07 08:07:31] [OK] VGG16/Cifar100/CW/ALL
[2026-09-07 08:07:31] [OK] qsub output: Your job 6474766 ("adversarial_hpc_submit.pbs") has been submitted
[2026-09-07 08:07:31] [SUBMIT] VGG16/Cifar100/DeepFool/ALL
[2026-09-07 08:07:31] [CMD] qsub -q all.q -l ngpus=1 -v MODEL="VGG16",DATASET="Cifar100",ATTACK="DeepFool",KIND="ALL",PHASE="generate",OUTPUT_DIR="adversarial_results_ep200_pre200" adversarial_hpc_submit.pbs </dev/null
[2026-09-07 08:07:36] [OK] RegNetX_400MF/Cifar10/PGD/ALL
[2026-09-07 08:07:36] [OK] qsub output: Your job 6474765 ("adversarial_hpc_submit.pbs") has been submitted
[2026-09-07 08:07:36] [SUBMIT] RegNetX_400MF/Cifar10/FGSM/ALL
[2026-09-07 08:07:36] [CMD] qsub -q all.q -l ngpus=1 -v MODEL="RegNetX_400MF",DATASET="Cifar10",ATTACK="FGSM",KIND="ALL",PHASE="generate",OUTPUT_DIR="adversarial_results_ep100_pre300" adversarial_hpc_submit.pbs </dev/null
[2026-09-07 08:07:39] [OK] RegNetX_400MF/Cifar10/PGD/ALL
[2026-09-07 08:07:39] [OK] qsub output: Your job 6474767 ("adversarial_hpc_submit.pbs") has been submitted
[2026-09-07 08:07:39] [SUBMIT] RegNetX_400MF/Cifar10/FGSM/ALL
[2026-09-07 08:07:39] [CMD] qsub -q all.q -l ngpus=1 -v MODEL="RegNetX_400MF",DATASET="Cifar10",ATTACK="FGSM",KIND="ALL",PHASE="generate",OUTPUT_DIR="adversarial_results_ep300_pre100" adversarial_hpc_submit.pbs </dev/null
[2026-09-07 08:07:43] [OK] VGG16/Cifar100/DeepFool/ALL
[2026-09-07 08:07:43] [OK] qsub output: Your job 6474768 ("adversarial_hpc_submit.pbs") has been submitted
[2026-09-07 08:07:43] [SUBMIT] RegNetX_400MF/Cifar10/PGD/ALL
[2026-09-07 08:07:43] [CMD] qsub -q all.q -l ngpus=1 -v MODEL="RegNetX_400MF",DATASET="Cifar10",ATTACK="PGD",KIND="ALL",PHASE="generate",OUTPUT_DIR="adversarial_results_ep200_pre200" adversarial_hpc_submit.pbs </dev/null
[2026-09-07 08:07:46] [OK] RegNetX_400MF/Cifar10/FGSM/ALL
[2026-09-07 08:07:46] [OK] qsub output: Your job 6474769 ("adversarial_hpc_submit.pbs") has been submitted
[2026-09-07 08:07:46] [SUBMIT] RegNetX_400MF/Cifar10/IFGSM/ALL
[2026-09-07 08:07:46] [CMD] qsub -q all.q -l ngpus=1 -v MODEL="RegNetX_400MF",DATASET="Cifar10",ATTACK="IFGSM",KIND="ALL",PHASE="generate",OUTPUT_DIR="adversarial_results_ep100_pre300" adversarial_hpc_submit.pbs </dev/null
[2026-09-07 08:07:52] [OK] RegNetX_400MF/Cifar10/PGD/ALL
[2026-09-07 08:07:52] [OK] qsub output: Your job 6474771 ("adversarial_hpc_submit.pbs") has been submitted
[2026-09-07 08:07:52] [SUBMIT] RegNetX_400MF/Cifar10/FGSM/ALL
[2026-09-07 08:07:52] [CMD] qsub -q all.q -l ngpus=1 -v MODEL="RegNetX_400MF",DATASET="Cifar10",ATTACK="FGSM",KIND="ALL",PHASE="generate",OUTPUT_DIR="adversarial_results_ep200_pre200" adversarial_hpc_submit.pbs </dev/null
[2026-09-07 08:07:53] [OK] RegNetX_400MF/Cifar10/FGSM/ALL
[2026-09-07 08:07:53] [OK] qsub output: Your job 6474770 ("adversarial_hpc_submit.pbs") has been submitted
[2026-09-07 08:07:53] [SUBMIT] RegNetX_400MF/Cifar10/IFGSM/ALL
[2026-09-07 08:07:53] [CMD] qsub -q all.q -l ngpus=1 -v MODEL="RegNetX_400MF",DATASET="Cifar10",ATTACK="IFGSM",KIND="ALL",PHASE="generate",OUTPUT_DIR="adversarial_results_ep300_pre100" adversarial_hpc_submit.pbs </dev/null
[2026-09-07 08:07:58] [OK] RegNetX_400MF/Cifar10/FGSM/ALL
[2026-09-07 08:07:58] [OK] qsub output: Your job 6474773 ("adversarial_hpc_submit.pbs") has been submitted
[2026-09-07 08:07:58] [SUBMIT] RegNetX_400MF/Cifar10/IFGSM/ALL
[2026-09-07 08:07:58] [CMD] qsub -q all.q -l ngpus=1 -v MODEL="RegNetX_400MF",DATASET="Cifar10",ATTACK="IFGSM",KIND="ALL",PHASE="generate",OUTPUT_DIR="adversarial_results_ep200_pre200" adversarial_hpc_submit.pbs </dev/null
[2026-09-07 08:07:59] [OK] RegNetX_400MF/Cifar10/IFGSM/ALL
[2026-09-07 08:07:59] [OK] qsub output: Your job 6474772 ("adversarial_hpc_submit.pbs") has been submitted
[2026-09-07 08:08:00] [SUBMIT] RegNetX_400MF/Cifar10/BIM/ALL
[2026-09-07 08:08:00] [CMD] qsub -q all.q -l ngpus=1 -v MODEL="RegNetX_400MF",DATASET="Cifar10",ATTACK="BIM",KIND="ALL",PHASE="generate",OUTPUT_DIR="adversarial_results_ep100_pre300" adversarial_hpc_submit.pbs </dev/null
[2026-09-07 08:08:01] [OK] RegNetX_400MF/Cifar10/IFGSM/ALL
[2026-09-07 08:08:01] [OK] qsub output: Your job 6474774 ("adversarial_hpc_submit.pbs") has been submitted
[2026-09-07 08:08:01] [SUBMIT] RegNetX_400MF/Cifar10/BIM/ALL
[2026-09-07 08:08:01] [CMD] qsub -q all.q -l ngpus=1 -v MODEL="RegNetX_400MF",DATASET="Cifar10",ATTACK="BIM",KIND="ALL",PHASE="generate",OUTPUT_DIR="adversarial_results_ep300_pre100" adversarial_hpc_submit.pbs </dev/null
[2026-09-07 08:08:01] [OK] RegNetX_400MF/Cifar10/IFGSM/ALL
[2026-09-07 08:08:01] [OK] qsub output: Your job 6474775 ("adversarial_hpc_submit.pbs") has been submitted
[2026-09-07 08:08:01] [SUBMIT] RegNetX_400MF/Cifar10/BIM/ALL
[2026-09-07 08:08:01] [CMD] qsub -q all.q -l ngpus=1 -v MODEL="RegNetX_400MF",DATASET="Cifar10",ATTACK="BIM",KIND="ALL",PHASE="generate",OUTPUT_DIR="adversarial_results_ep200_pre200" adversarial_hpc_submit.pbs </dev/null
[2026-09-07 08:08:03] [OK] RegNetX_400MF/Cifar10/BIM/ALL
[2026-09-07 08:08:03] [OK] qsub output: Your job 6474776 ("adversarial_hpc_submit.pbs") has been submitted
[2026-09-07 08:08:03] [SUBMIT] RegNetX_400MF/Cifar10/APGD/ALL
[2026-09-07 08:08:03] [CMD] qsub -q all.q -l ngpus=1 -v MODEL="RegNetX_400MF",DATASET="Cifar10",ATTACK="APGD",KIND="ALL",PHASE="generate",OUTPUT_DIR="adversarial_results_ep100_pre300" adversarial_hpc_submit.pbs </dev/null
[2026-09-07 08:08:07] [OK] RegNetX_400MF/Cifar10/BIM/ALL
[2026-09-07 08:08:07] [OK] qsub output: Your job 6474778 ("adversarial_hpc_submit.pbs") has been submitted
[2026-09-07 08:08:07] [SUBMIT] RegNetX_400MF/Cifar10/APGD/ALL
[2026-09-07 08:08:07] [CMD] qsub -q all.q -l ngpus=1 -v MODEL="RegNetX_400MF",DATASET="Cifar10",ATTACK="APGD",KIND="ALL",PHASE="generate",OUTPUT_DIR="adversarial_results_ep200_pre200" adversarial_hpc_submit.pbs </dev/null
[2026-09-07 08:08:09] [OK] RegNetX_400MF/Cifar10/BIM/ALL
[2026-09-07 08:08:09] [OK] qsub output: Your job 6474777 ("adversarial_hpc_submit.pbs") has been submitted
[2026-09-07 08:08:09] [SUBMIT] RegNetX_400MF/Cifar10/APGD/ALL
[2026-09-07 08:08:09] [CMD] qsub -q all.q -l ngpus=1 -v MODEL="RegNetX_400MF",DATASET="Cifar10",ATTACK="APGD",KIND="ALL",PHASE="generate",OUTPUT_DIR="adversarial_results_ep300_pre100" adversarial_hpc_submit.pbs </dev/null
[2026-09-07 08:08:11] [OK] RegNetX_400MF/Cifar10/APGD/ALL
[2026-09-07 08:08:11] [OK] qsub output: Your job 6474780 ("adversarial_hpc_submit.pbs") has been submitted
[2026-09-07 08:08:11] [SUBMIT] RegNetX_400MF/Cifar10/CW/ALL
[2026-09-07 08:08:11] [CMD] qsub -q all.q -l ngpus=1 -v MODEL="RegNetX_400MF",DATASET="Cifar10",ATTACK="CW",KIND="ALL",PHASE="generate",OUTPUT_DIR="adversarial_results_ep100_pre300" adversarial_hpc_submit.pbs </dev/null
[2026-09-07 08:08:13] [OK] RegNetX_400MF/Cifar10/APGD/ALL
[2026-09-07 08:08:13] [OK] qsub output: Your job 6474782 ("adversarial_hpc_submit.pbs") has been submitted
[2026-09-07 08:08:13] [SUBMIT] RegNetX_400MF/Cifar10/CW/ALL
[2026-09-07 08:08:13] [CMD] qsub -q all.q -l ngpus=1 -v MODEL="RegNetX_400MF",DATASET="Cifar10",ATTACK="CW",KIND="ALL",PHASE="generate",OUTPUT_DIR="adversarial_results_ep300_pre100" adversarial_hpc_submit.pbs </dev/null
[2026-09-07 08:08:20] [OK] RegNetX_400MF/Cifar10/APGD/ALL
[2026-09-07 08:08:20] [OK] qsub output: Your job 6474781 ("adversarial_hpc_submit.pbs") has been submitted
[2026-09-07 08:08:20] [SUBMIT] RegNetX_400MF/Cifar10/CW/ALL
[2026-09-07 08:08:20] [CMD] qsub -q all.q -l ngpus=1 -v MODEL="RegNetX_400MF",DATASET="Cifar10",ATTACK="CW",KIND="ALL",PHASE="generate",OUTPUT_DIR="adversarial_results_ep200_pre200" adversarial_hpc_submit.pbs </dev/null
[2026-09-07 08:08:21] [OK] RegNetX_400MF/Cifar10/CW/ALL
[2026-09-07 08:08:21] [OK] qsub output: Your job 6474783 ("adversarial_hpc_submit.pbs") has been submitted
[2026-09-07 08:08:21] [SUBMIT] RegNetX_400MF/Cifar10/DeepFool/ALL
[2026-09-07 08:08:21] [CMD] qsub -q all.q -l ngpus=1 -v MODEL="RegNetX_400MF",DATASET="Cifar10",ATTACK="DeepFool",KIND="ALL",PHASE="generate",OUTPUT_DIR="adversarial_results_ep100_pre300" adversarial_hpc_submit.pbs </dev/null
[2026-09-07 08:08:25] [OK] RegNetX_400MF/Cifar10/CW/ALL
[2026-09-07 08:08:25] [OK] qsub output: Your job 6474784 ("adversarial_hpc_submit.pbs") has been submitted
[2026-09-07 08:08:25] [SUBMIT] RegNetX_400MF/Cifar10/DeepFool/ALL
[2026-09-07 08:08:25] [CMD] qsub -q all.q -l ngpus=1 -v MODEL="RegNetX_400MF",DATASET="Cifar10",ATTACK="DeepFool",KIND="ALL",PHASE="generate",OUTPUT_DIR="adversarial_results_ep300_pre100" adversarial_hpc_submit.pbs </dev/null
[2026-09-07 08:08:27] [OK] RegNetX_400MF/Cifar10/CW/ALL
[2026-09-07 08:08:27] [OK] qsub output: Your job 6474785 ("adversarial_hpc_submit.pbs") has been submitted
[2026-09-07 08:08:27] [SUBMIT] RegNetX_400MF/Cifar10/DeepFool/ALL
[2026-09-07 08:08:27] [CMD] qsub -q all.q -l ngpus=1 -v MODEL="RegNetX_400MF",DATASET="Cifar10",ATTACK="DeepFool",KIND="ALL",PHASE="generate",OUTPUT_DIR="adversarial_results_ep200_pre200" adversarial_hpc_submit.pbs </dev/null
[2026-09-07 08:08:28] [OK] RegNetX_400MF/Cifar10/DeepFool/ALL
[2026-09-07 08:08:28] [OK] qsub output: Your job 6474786 ("adversarial_hpc_submit.pbs") has been submitted
[2026-09-07 08:08:28] [SUBMIT] RegNetX_400MF/Cifar100/PGD/ALL
[2026-09-07 08:08:28] [CMD] qsub -q all.q -l ngpus=1 -v MODEL="RegNetX_400MF",DATASET="Cifar100",ATTACK="PGD",KIND="ALL",PHASE="generate",OUTPUT_DIR="adversarial_results_ep100_pre300" adversarial_hpc_submit.pbs </dev/null
[2026-09-07 08:08:29] [OK] RegNetX_400MF/Cifar10/DeepFool/ALL
[2026-09-07 08:08:30] [OK] qsub output: Your job 6474787 ("adversarial_hpc_submit.pbs") has been submitted
[2026-09-07 08:08:30] [SUBMIT] RegNetX_400MF/Cifar100/PGD/ALL
[2026-09-07 08:08:30] [CMD] qsub -q all.q -l ngpus=1 -v MODEL="RegNetX_400MF",DATASET="Cifar100",ATTACK="PGD",KIND="ALL",PHASE="generate",OUTPUT_DIR="adversarial_results_ep300_pre100" adversarial_hpc_submit.pbs </dev/null
[2026-09-07 08:08:33] [OK] RegNetX_400MF/Cifar10/DeepFool/ALL
[2026-09-07 08:08:33] [OK] qsub output: Your job 6474788 ("adversarial_hpc_submit.pbs") has been submitted
[2026-09-07 08:08:33] [SUBMIT] RegNetX_400MF/Cifar100/PGD/ALL
[2026-09-07 08:08:33] [CMD] qsub -q all.q -l ngpus=1 -v MODEL="RegNetX_400MF",DATASET="Cifar100",ATTACK="PGD",KIND="ALL",PHASE="generate",OUTPUT_DIR="adversarial_results_ep200_pre200" adversarial_hpc_submit.pbs </dev/null
[2026-09-07 08:08:35] [OK] RegNetX_400MF/Cifar100/PGD/ALL
[2026-09-07 08:08:35] [OK] qsub output: Your job 6474789 ("adversarial_hpc_submit.pbs") has been submitted
[2026-09-07 08:08:35] [SUBMIT] RegNetX_400MF/Cifar100/FGSM/ALL
[2026-09-07 08:08:35] [CMD] qsub -q all.q -l ngpus=1 -v MODEL="RegNetX_400MF",DATASET="Cifar100",ATTACK="FGSM",KIND="ALL",PHASE="generate",OUTPUT_DIR="adversarial_results_ep100_pre300" adversarial_hpc_submit.pbs </dev/null
[2026-09-07 08:08:37] [OK] RegNetX_400MF/Cifar100/PGD/ALL
[2026-09-07 08:08:37] [OK] qsub output: Your job 6474790 ("adversarial_hpc_submit.pbs") has been submitted
[2026-09-07 08:08:37] [SUBMIT] RegNetX_400MF/Cifar100/FGSM/ALL
[2026-09-07 08:08:37] [CMD] qsub -q all.q -l ngpus=1 -v MODEL="RegNetX_400MF",DATASET="Cifar100",ATTACK="FGSM",KIND="ALL",PHASE="generate",OUTPUT_DIR="adversarial_results_ep300_pre100" adversarial_hpc_submit.pbs </dev/null
[2026-09-07 08:08:41] [OK] RegNetX_400MF/Cifar100/PGD/ALL
[2026-09-07 08:08:42] [OK] qsub output: Your job 6474791 ("adversarial_hpc_submit.pbs") has been submitted
[2026-09-07 08:08:42] [SUBMIT] RegNetX_400MF/Cifar100/FGSM/ALL
[2026-09-07 08:08:42] [CMD] qsub -q all.q -l ngpus=1 -v MODEL="RegNetX_400MF",DATASET="Cifar100",ATTACK="FGSM",KIND="ALL",PHASE="generate",OUTPUT_DIR="adversarial_results_ep200_pre200" adversarial_hpc_submit.pbs </dev/null
[2026-09-07 08:08:42] [OK] RegNetX_400MF/Cifar100/FGSM/ALL
[2026-09-07 08:08:42] [OK] qsub output: Your job 6474792 ("adversarial_hpc_submit.pbs") has been submitted
[2026-09-07 08:08:42] [SUBMIT] RegNetX_400MF/Cifar100/IFGSM/ALL
[2026-09-07 08:08:42] [CMD] qsub -q all.q -l ngpus=1 -v MODEL="RegNetX_400MF",DATASET="Cifar100",ATTACK="IFGSM",KIND="ALL",PHASE="generate",OUTPUT_DIR="adversarial_results_ep100_pre300" adversarial_hpc_submit.pbs </dev/null
[2026-09-07 08:08:46] [OK] RegNetX_400MF/Cifar100/FGSM/ALL
[2026-09-07 08:08:46] [OK] qsub output: Your job 6474794 ("adversarial_hpc_submit.pbs") has been submitted
[2026-09-07 08:08:46] [OK] RegNetX_400MF/Cifar100/FGSM/ALL
[2026-09-07 08:08:46] [OK] qsub output: Your job 6474793 ("adversarial_hpc_submit.pbs") has been submitted
[2026-09-07 08:08:46] [SUBMIT] RegNetX_400MF/Cifar100/IFGSM/ALL
[2026-09-07 08:08:46] [CMD] qsub -q all.q -l ngpus=1 -v MODEL="RegNetX_400MF",DATASET="Cifar100",ATTACK="IFGSM",KIND="ALL",PHASE="generate",OUTPUT_DIR="adversarial_results_ep200_pre200" adversarial_hpc_submit.pbs </dev/null
[2026-09-07 08:08:46] [SUBMIT] RegNetX_400MF/Cifar100/IFGSM/ALL
[2026-09-07 08:08:46] [CMD] qsub -q all.q -l ngpus=1 -v MODEL="RegNetX_400MF",DATASET="Cifar100",ATTACK="IFGSM",KIND="ALL",PHASE="generate",OUTPUT_DIR="adversarial_results_ep300_pre100" adversarial_hpc_submit.pbs </dev/null
[2026-09-07 08:08:48] [OK] RegNetX_400MF/Cifar100/IFGSM/ALL
[2026-09-07 08:08:48] [OK] qsub output: Your job 6474795 ("adversarial_hpc_submit.pbs") has been submitted
[2026-09-07 08:08:48] [SUBMIT] RegNetX_400MF/Cifar100/BIM/ALL
[2026-09-07 08:08:48] [CMD] qsub -q all.q -l ngpus=1 -v MODEL="RegNetX_400MF",DATASET="Cifar100",ATTACK="BIM",KIND="ALL",PHASE="generate",OUTPUT_DIR="adversarial_results_ep100_pre300" adversarial_hpc_submit.pbs </dev/null
[2026-09-07 08:08:53] [OK] RegNetX_400MF/Cifar100/IFGSM/ALL
[2026-09-07 08:08:53] [OK] qsub output: Your job 6474796 ("adversarial_hpc_submit.pbs") has been submitted
[2026-09-07 08:08:54] [SUBMIT] RegNetX_400MF/Cifar100/BIM/ALL
[2026-09-07 08:08:54] [CMD] qsub -q all.q -l ngpus=1 -v MODEL="RegNetX_400MF",DATASET="Cifar100",ATTACK="BIM",KIND="ALL",PHASE="generate",OUTPUT_DIR="adversarial_results_ep200_pre200" adversarial_hpc_submit.pbs </dev/null
[2026-09-07 08:08:54] [OK] RegNetX_400MF/Cifar100/IFGSM/ALL
[2026-09-07 08:08:54] [OK] qsub output: Your job 6474797 ("adversarial_hpc_submit.pbs") has been submitted
[2026-09-07 08:08:54] [SUBMIT] RegNetX_400MF/Cifar100/BIM/ALL
[2026-09-07 08:08:54] [CMD] qsub -q all.q -l ngpus=1 -v MODEL="RegNetX_400MF",DATASET="Cifar100",ATTACK="BIM",KIND="ALL",PHASE="generate",OUTPUT_DIR="adversarial_results_ep300_pre100" adversarial_hpc_submit.pbs </dev/null
[2026-09-07 08:08:59] [OK] RegNetX_400MF/Cifar100/BIM/ALL
[2026-09-07 08:09:01] [OK] qsub output: Your job 6474798 ("adversarial_hpc_submit.pbs") has been submitted
[2026-09-07 08:09:01] [SUBMIT] RegNetX_400MF/Cifar100/APGD/ALL
[2026-09-07 08:09:01] [CMD] qsub -q all.q -l ngpus=1 -v MODEL="RegNetX_400MF",DATASET="Cifar100",ATTACK="APGD",KIND="ALL",PHASE="generate",OUTPUT_DIR="adversarial_results_ep100_pre300" adversarial_hpc_submit.pbs </dev/null
[2026-09-07 08:09:01] [OK] RegNetX_400MF/Cifar100/BIM/ALL
[2026-09-07 08:09:01] [OK] qsub output: Your job 6474799 ("adversarial_hpc_submit.pbs") has been submitted
[2026-09-07 08:09:01] [SUBMIT] RegNetX_400MF/Cifar100/APGD/ALL
[2026-09-07 08:09:01] [CMD] qsub -q all.q -l ngpus=1 -v MODEL="RegNetX_400MF",DATASET="Cifar100",ATTACK="APGD",KIND="ALL",PHASE="generate",OUTPUT_DIR="adversarial_results_ep200_pre200" adversarial_hpc_submit.pbs </dev/null
[2026-09-07 08:09:03] [OK] RegNetX_400MF/Cifar100/BIM/ALL
[2026-09-07 08:09:04] [OK] qsub output: Your job 6474800 ("adversarial_hpc_submit.pbs") has been submitted
[2026-09-07 08:09:04] [SUBMIT] RegNetX_400MF/Cifar100/APGD/ALL
[2026-09-07 08:09:04] [CMD] qsub -q all.q -l ngpus=1 -v MODEL="RegNetX_400MF",DATASET="Cifar100",ATTACK="APGD",KIND="ALL",PHASE="generate",OUTPUT_DIR="adversarial_results_ep300_pre100" adversarial_hpc_submit.pbs </dev/null
[2026-09-07 08:09:08] [OK] RegNetX_400MF/Cifar100/APGD/ALL
[2026-09-07 08:09:08] [OK] qsub output: Your job 6474801 ("adversarial_hpc_submit.pbs") has been submitted
[2026-09-07 08:09:08] [SUBMIT] RegNetX_400MF/Cifar100/CW/ALL
[2026-09-07 08:09:08] [CMD] qsub -q all.q -l ngpus=1 -v MODEL="RegNetX_400MF",DATASET="Cifar100",ATTACK="CW",KIND="ALL",PHASE="generate",OUTPUT_DIR="adversarial_results_ep100_pre300" adversarial_hpc_submit.pbs </dev/null
[2026-09-07 08:09:10] [OK] RegNetX_400MF/Cifar100/APGD/ALL
[2026-09-07 08:09:10] [OK] qsub output: Your job 6474803 ("adversarial_hpc_submit.pbs") has been submitted
[2026-09-07 08:09:11] [SUBMIT] RegNetX_400MF/Cifar100/CW/ALL
[2026-09-07 08:09:11] [CMD] qsub -q all.q -l ngpus=1 -v MODEL="RegNetX_400MF",DATASET="Cifar100",ATTACK="CW",KIND="ALL",PHASE="generate",OUTPUT_DIR="adversarial_results_ep300_pre100" adversarial_hpc_submit.pbs </dev/null
[2026-09-07 08:09:13] [OK] RegNetX_400MF/Cifar100/APGD/ALL
[2026-09-07 08:09:13] [OK] qsub output: Your job 6474802 ("adversarial_hpc_submit.pbs") has been submitted
[2026-09-07 08:09:13] [SUBMIT] RegNetX_400MF/Cifar100/CW/ALL
[2026-09-07 08:09:13] [CMD] qsub -q all.q -l ngpus=1 -v MODEL="RegNetX_400MF",DATASET="Cifar100",ATTACK="CW",KIND="ALL",PHASE="generate",OUTPUT_DIR="adversarial_results_ep200_pre200" adversarial_hpc_submit.pbs </dev/null
[2026-09-07 08:09:17] [OK] RegNetX_400MF/Cifar100/CW/ALL
[2026-09-07 08:09:17] [OK] RegNetX_400MF/Cifar100/CW/ALL
[2026-09-07 08:09:18] [OK] qsub output: Your job 6474805 ("adversarial_hpc_submit.pbs") has been submitted
[2026-09-07 08:09:18] [OK] qsub output: Your job 6474804 ("adversarial_hpc_submit.pbs") has been submitted
[2026-09-07 08:09:19] [SUBMIT] RegNetX_400MF/Cifar100/DeepFool/ALL
[2026-09-07 08:09:19] [SUBMIT] RegNetX_400MF/Cifar100/DeepFool/ALL
[2026-09-07 08:09:19] [CMD] qsub -q all.q -l ngpus=1 -v MODEL="RegNetX_400MF",DATASET="Cifar100",ATTACK="DeepFool",KIND="ALL",PHASE="generate",OUTPUT_DIR="adversarial_results_ep300_pre100" adversarial_hpc_submit.pbs </dev/null
[2026-09-07 08:09:19] [CMD] qsub -q all.q -l ngpus=1 -v MODEL="RegNetX_400MF",DATASET="Cifar100",ATTACK="DeepFool",KIND="ALL",PHASE="generate",OUTPUT_DIR="adversarial_results_ep100_pre300" adversarial_hpc_submit.pbs </dev/null
[2026-09-07 08:09:25] [OK] RegNetX_400MF/Cifar100/CW/ALL
[2026-09-07 08:09:25] [OK] qsub output: Your job 6474806 ("adversarial_hpc_submit.pbs") has been submitted
[2026-09-07 08:09:25] [SUBMIT] RegNetX_400MF/Cifar100/DeepFool/ALL
[2026-09-07 08:09:25] [CMD] qsub -q all.q -l ngpus=1 -v MODEL="RegNetX_400MF",DATASET="Cifar100",ATTACK="DeepFool",KIND="ALL",PHASE="generate",OUTPUT_DIR="adversarial_results_ep200_pre200" adversarial_hpc_submit.pbs </dev/null
[2026-09-07 08:09:26] [OK] RegNetX_400MF/Cifar100/DeepFool/ALL
[2026-09-07 08:09:26] [OK] qsub output: Your job 6474807 ("adversarial_hpc_submit.pbs") has been submitted
[2026-09-07 08:09:27] [SUBMIT] InceptionNet/Cifar10/PGD/ALL
[2026-09-07 08:09:27] [CMD] qsub -q all.q -l ngpus=1 -v MODEL="InceptionNet",DATASET="Cifar10",ATTACK="PGD",KIND="ALL",PHASE="generate",OUTPUT_DIR="adversarial_results_ep100_pre300" adversarial_hpc_submit.pbs </dev/null
[2026-09-07 08:09:30] [OK] RegNetX_400MF/Cifar100/DeepFool/ALL
[2026-09-07 08:09:30] [OK] RegNetX_400MF/Cifar100/DeepFool/ALL
[2026-09-07 08:09:30] [OK] qsub output: Your job 6474809 ("adversarial_hpc_submit.pbs") has been submitted
[2026-09-07 08:09:30] [OK] qsub output: Your job 6474808 ("adversarial_hpc_submit.pbs") has been submitted
[2026-09-07 08:09:30] [SUBMIT] InceptionNet/Cifar10/PGD/ALL
[2026-09-07 08:09:30] [CMD] qsub -q all.q -l ngpus=1 -v MODEL="InceptionNet",DATASET="Cifar10",ATTACK="PGD",KIND="ALL",PHASE="generate",OUTPUT_DIR="adversarial_results_ep200_pre200" adversarial_hpc_submit.pbs </dev/null
[2026-09-07 08:09:30] [SUBMIT] InceptionNet/Cifar10/PGD/ALL
[2026-09-07 08:09:30] [CMD] qsub -q all.q -l ngpus=1 -v MODEL="InceptionNet",DATASET="Cifar10",ATTACK="PGD",KIND="ALL",PHASE="generate",OUTPUT_DIR="adversarial_results_ep300_pre100" adversarial_hpc_submit.pbs </dev/null
[2026-09-07 08:09:39] [OK] InceptionNet/Cifar10/PGD/ALL
[2026-09-07 08:09:39] [OK] qsub output: Your job 6474810 ("adversarial_hpc_submit.pbs") has been submitted
[2026-09-07 08:09:39] [SUBMIT] InceptionNet/Cifar10/FGSM/ALL
[2026-09-07 08:09:39] [CMD] qsub -q all.q -l ngpus=1 -v MODEL="InceptionNet",DATASET="Cifar10",ATTACK="FGSM",KIND="ALL",PHASE="generate",OUTPUT_DIR="adversarial_results_ep100_pre300" adversarial_hpc_submit.pbs </dev/null
[2026-09-07 08:09:40] [OK] InceptionNet/Cifar10/PGD/ALL
[2026-09-07 08:09:40] [OK] qsub output: Your job 6474811 ("adversarial_hpc_submit.pbs") has been submitted
[2026-09-07 08:09:40] [SUBMIT] InceptionNet/Cifar10/FGSM/ALL
[2026-09-07 08:09:40] [CMD] qsub -q all.q -l ngpus=1 -v MODEL="InceptionNet",DATASET="Cifar10",ATTACK="FGSM",KIND="ALL",PHASE="generate",OUTPUT_DIR="adversarial_results_ep200_pre200" adversarial_hpc_submit.pbs </dev/null
[2026-09-07 08:09:43] [OK] InceptionNet/Cifar10/PGD/ALL
[2026-09-07 08:09:43] [OK] qsub output: Your job 6474812 ("adversarial_hpc_submit.pbs") has been submitted
[2026-09-07 08:09:43] [SUBMIT] InceptionNet/Cifar10/FGSM/ALL
[2026-09-07 08:09:43] [CMD] qsub -q all.q -l ngpus=1 -v MODEL="InceptionNet",DATASET="Cifar10",ATTACK="FGSM",KIND="ALL",PHASE="generate",OUTPUT_DIR="adversarial_results_ep300_pre100" adversarial_hpc_submit.pbs </dev/null
[2026-09-07 08:09:51] [OK] InceptionNet/Cifar10/FGSM/ALL
[2026-09-07 08:09:53] [OK] InceptionNet/Cifar10/FGSM/ALL
[2026-09-07 08:09:54] [OK] qsub output: Your job 6474816 ("adversarial_hpc_submit.pbs") has been submitted
[2026-09-07 08:09:56] [OK] qsub output: Your job 6474818 ("adversarial_hpc_submit.pbs") has been submitted
[2026-09-07 08:09:56] [SUBMIT] InceptionNet/Cifar10/IFGSM/ALL
[2026-09-07 08:09:56] [SUBMIT] InceptionNet/Cifar10/IFGSM/ALL
[2026-09-07 08:09:56] [CMD] qsub -q all.q -l ngpus=1 -v MODEL="InceptionNet",DATASET="Cifar10",ATTACK="IFGSM",KIND="ALL",PHASE="generate",OUTPUT_DIR="adversarial_results_ep100_pre300" adversarial_hpc_submit.pbs </dev/null
[2026-09-07 08:09:56] [CMD] qsub -q all.q -l ngpus=1 -v MODEL="InceptionNet",DATASET="Cifar10",ATTACK="IFGSM",KIND="ALL",PHASE="generate",OUTPUT_DIR="adversarial_results_ep300_pre100" adversarial_hpc_submit.pbs </dev/null
[2026-09-07 08:09:56] [OK] InceptionNet/Cifar10/FGSM/ALL
[2026-09-07 08:09:57] [OK] qsub output: Your job 6474817 ("adversarial_hpc_submit.pbs") has been submitted
[2026-09-07 08:09:57] [SUBMIT] InceptionNet/Cifar10/IFGSM/ALL
[2026-09-07 08:10:03] [CMD] qsub -q all.q -l ngpus=1 -v MODEL="InceptionNet",DATASET="Cifar10",ATTACK="IFGSM",KIND="ALL",PHASE="generate",OUTPUT_DIR="adversarial_results_ep200_pre200" adversarial_hpc_submit.pbs </dev/null
[2026-09-07 08:10:05] [OK] InceptionNet/Cifar10/IFGSM/ALL
[2026-09-07 08:10:06] [OK] qsub output: Your job 6474822 ("adversarial_hpc_submit.pbs") has been submitted
[2026-09-07 08:10:07] [SUBMIT] InceptionNet/Cifar10/BIM/ALL
[2026-09-07 08:10:08] [CMD] qsub -q all.q -l ngpus=1 -v MODEL="InceptionNet",DATASET="Cifar10",ATTACK="BIM",KIND="ALL",PHASE="generate",OUTPUT_DIR="adversarial_results_ep100_pre300" adversarial_hpc_submit.pbs </dev/null
[2026-09-07 08:10:12] [OK] InceptionNet/Cifar10/IFGSM/ALL
[2026-09-07 08:10:14] [OK] qsub output: Your job 6474823 ("adversarial_hpc_submit.pbs") has been submitted
[2026-09-07 08:10:17] [SUBMIT] InceptionNet/Cifar10/BIM/ALL
[2026-09-07 08:10:17] [CMD] qsub -q all.q -l ngpus=1 -v MODEL="InceptionNet",DATASET="Cifar10",ATTACK="BIM",KIND="ALL",PHASE="generate",OUTPUT_DIR="adversarial_results_ep300_pre100" adversarial_hpc_submit.pbs </dev/null
[2026-09-07 08:10:26] [OK] InceptionNet/Cifar10/IFGSM/ALL
[2026-09-07 08:10:28] [OK] InceptionNet/Cifar10/BIM/ALL
[2026-09-07 08:10:30] [OK] qsub output: Your job 6474827 ("adversarial_hpc_submit.pbs") has been submitted
[2026-09-07 08:10:33] [OK] qsub output: Your job 6474828 ("adversarial_hpc_submit.pbs") has been submitted
[2026-09-07 08:10:34] [SUBMIT] InceptionNet/Cifar10/BIM/ALL
[2026-09-07 08:10:34] [SUBMIT] InceptionNet/Cifar10/APGD/ALL
[2026-09-07 08:10:34] [CMD] qsub -q all.q -l ngpus=1 -v MODEL="InceptionNet",DATASET="Cifar10",ATTACK="BIM",KIND="ALL",PHASE="generate",OUTPUT_DIR="adversarial_results_ep200_pre200" adversarial_hpc_submit.pbs </dev/null
[2026-09-07 08:10:34] [CMD] qsub -q all.q -l ngpus=1 -v MODEL="InceptionNet",DATASET="Cifar10",ATTACK="APGD",KIND="ALL",PHASE="generate",OUTPUT_DIR="adversarial_results_ep100_pre300" adversarial_hpc_submit.pbs </dev/null
[2026-09-07 08:10:39] [OK] InceptionNet/Cifar10/BIM/ALL
[2026-09-07 08:10:39] [OK] qsub output: Your job 6474832 ("adversarial_hpc_submit.pbs") has been submitted
[2026-09-07 08:10:39] [SUBMIT] InceptionNet/Cifar10/APGD/ALL
[2026-09-07 08:10:39] [CMD] qsub -q all.q -l ngpus=1 -v MODEL="InceptionNet",DATASET="Cifar10",ATTACK="APGD",KIND="ALL",PHASE="generate",OUTPUT_DIR="adversarial_results_ep300_pre100" adversarial_hpc_submit.pbs </dev/null
[2026-09-07 08:10:47] [OK] InceptionNet/Cifar10/APGD/ALL
[2026-09-07 08:10:47] [OK] qsub output: Your job 6474835 ("adversarial_hpc_submit.pbs") has been submitted
[2026-09-07 08:10:47] [SUBMIT] InceptionNet/Cifar10/CW/ALL
[2026-09-07 08:10:47] [CMD] qsub -q all.q -l ngpus=1 -v MODEL="InceptionNet",DATASET="Cifar10",ATTACK="CW",KIND="ALL",PHASE="generate",OUTPUT_DIR="adversarial_results_ep100_pre300" adversarial_hpc_submit.pbs </dev/null
[2026-09-07 08:10:50] [OK] InceptionNet/Cifar10/BIM/ALL
[2026-09-07 08:10:50] [OK] qsub output: Your job 6474836 ("adversarial_hpc_submit.pbs") has been submitted
[2026-09-07 08:10:50] [SUBMIT] InceptionNet/Cifar10/APGD/ALL
[2026-09-07 08:10:50] [CMD] qsub -q all.q -l ngpus=1 -v MODEL="InceptionNet",DATASET="Cifar10",ATTACK="APGD",KIND="ALL",PHASE="generate",OUTPUT_DIR="adversarial_results_ep200_pre200" adversarial_hpc_submit.pbs </dev/null
[2026-09-07 08:10:51] [OK] InceptionNet/Cifar10/APGD/ALL
[2026-09-07 08:10:51] [OK] qsub output: Your job 6474838 ("adversarial_hpc_submit.pbs") has been submitted
[2026-09-07 08:10:51] [SUBMIT] InceptionNet/Cifar10/CW/ALL
[2026-09-07 08:10:51] [CMD] qsub -q all.q -l ngpus=1 -v MODEL="InceptionNet",DATASET="Cifar10",ATTACK="CW",KIND="ALL",PHASE="generate",OUTPUT_DIR="adversarial_results_ep300_pre100" adversarial_hpc_submit.pbs </dev/null
[2026-09-07 08:11:00] [OK] InceptionNet/Cifar10/CW/ALL
[2026-09-07 08:11:00] [OK] qsub output: Your job 6474842 ("adversarial_hpc_submit.pbs") has been submitted
[2026-09-07 08:11:00] [SUBMIT] InceptionNet/Cifar10/DeepFool/ALL
[2026-09-07 08:11:00] [CMD] qsub -q all.q -l ngpus=1 -v MODEL="InceptionNet",DATASET="Cifar10",ATTACK="DeepFool",KIND="ALL",PHASE="generate",OUTPUT_DIR="adversarial_results_ep100_pre300" adversarial_hpc_submit.pbs </dev/null
[2026-09-07 08:11:06] [OK] InceptionNet/Cifar10/APGD/ALL
[2026-09-07 08:11:06] [OK] qsub output: Your job 6474843 ("adversarial_hpc_submit.pbs") has been submitted
[2026-09-07 08:11:06] [SUBMIT] InceptionNet/Cifar10/CW/ALL
[2026-09-07 08:11:06] [CMD] qsub -q all.q -l ngpus=1 -v MODEL="InceptionNet",DATASET="Cifar10",ATTACK="CW",KIND="ALL",PHASE="generate",OUTPUT_DIR="adversarial_results_ep200_pre200" adversarial_hpc_submit.pbs </dev/null
[2026-09-07 08:11:08] [OK] InceptionNet/Cifar10/CW/ALL
[2026-09-07 08:11:08] [OK] qsub output: Your job 6474844 ("adversarial_hpc_submit.pbs") has been submitted
[2026-09-07 08:11:08] [SUBMIT] InceptionNet/Cifar10/DeepFool/ALL
[2026-09-07 08:11:08] [CMD] qsub -q all.q -l ngpus=1 -v MODEL="InceptionNet",DATASET="Cifar10",ATTACK="DeepFool",KIND="ALL",PHASE="generate",OUTPUT_DIR="adversarial_results_ep300_pre100" adversarial_hpc_submit.pbs </dev/null
[2026-09-07 08:11:15] [OK] InceptionNet/Cifar10/DeepFool/ALL
[2026-09-07 08:11:16] [OK] qsub output: Your job 6474847 ("adversarial_hpc_submit.pbs") has been submitted
[2026-09-07 08:11:17] [SUBMIT] InceptionNet/Cifar100/PGD/ALL
[2026-09-07 08:11:17] [CMD] qsub -q all.q -l ngpus=1 -v MODEL="InceptionNet",DATASET="Cifar100",ATTACK="PGD",KIND="ALL",PHASE="generate",OUTPUT_DIR="adversarial_results_ep100_pre300" adversarial_hpc_submit.pbs </dev/null
[2026-09-07 08:11:20] [OK] InceptionNet/Cifar10/CW/ALL
[2026-09-07 08:11:20] [OK] qsub output: Your job 6474849 ("adversarial_hpc_submit.pbs") has been submitted
[2026-09-07 08:11:22] [SUBMIT] InceptionNet/Cifar10/DeepFool/ALL
[2026-09-07 08:11:23] [OK] InceptionNet/Cifar100/PGD/ALL
[2026-09-07 08:11:24] [CMD] qsub -q all.q -l ngpus=1 -v MODEL="InceptionNet",DATASET="Cifar10",ATTACK="DeepFool",KIND="ALL",PHASE="generate",OUTPUT_DIR="adversarial_results_ep200_pre200" adversarial_hpc_submit.pbs </dev/null
[2026-09-07 08:11:25] [OK] qsub output: Your job 6474852 ("adversarial_hpc_submit.pbs") has been submitted
[2026-09-07 08:11:29] [OK] InceptionNet/Cifar10/DeepFool/ALL
[2026-09-07 08:11:33] [OK] qsub output: Your job 6474851 ("adversarial_hpc_submit.pbs") has been submitted
[2026-09-07 08:11:33] [SUBMIT] InceptionNet/Cifar100/FGSM/ALL
[2026-09-07 08:11:33] [CMD] qsub -q all.q -l ngpus=1 -v MODEL="InceptionNet",DATASET="Cifar100",ATTACK="FGSM",KIND="ALL",PHASE="generate",OUTPUT_DIR="adversarial_results_ep100_pre300" adversarial_hpc_submit.pbs </dev/null
[2026-09-07 08:11:33] [SUBMIT] InceptionNet/Cifar100/PGD/ALL
[2026-09-07 08:11:33] [CMD] qsub -q all.q -l ngpus=1 -v MODEL="InceptionNet",DATASET="Cifar100",ATTACK="PGD",KIND="ALL",PHASE="generate",OUTPUT_DIR="adversarial_results_ep300_pre100" adversarial_hpc_submit.pbs </dev/null
[2026-09-07 08:11:50] [OK] InceptionNet/Cifar10/DeepFool/ALL
[2026-09-07 08:11:50] [OK] qsub output: Your job 6474859 ("adversarial_hpc_submit.pbs") has been submitted
[2026-09-07 08:11:51] [SUBMIT] InceptionNet/Cifar100/PGD/ALL
[2026-09-07 08:11:51] [CMD] qsub -q all.q -l ngpus=1 -v MODEL="InceptionNet",DATASET="Cifar100",ATTACK="PGD",KIND="ALL",PHASE="generate",OUTPUT_DIR="adversarial_results_ep200_pre200" adversarial_hpc_submit.pbs </dev/null
[2026-09-07 08:11:52] [OK] InceptionNet/Cifar100/FGSM/ALL
[2026-09-07 08:11:52] [OK] qsub output: Your job 6474861 ("adversarial_hpc_submit.pbs") has been submitted
[2026-09-07 08:11:52] [SUBMIT] InceptionNet/Cifar100/IFGSM/ALL
[2026-09-07 08:11:52] [CMD] qsub -q all.q -l ngpus=1 -v MODEL="InceptionNet",DATASET="Cifar100",ATTACK="IFGSM",KIND="ALL",PHASE="generate",OUTPUT_DIR="adversarial_results_ep100_pre300" adversarial_hpc_submit.pbs </dev/null
[2026-09-07 08:12:00] [OK] InceptionNet/Cifar100/PGD/ALL
[2026-09-07 08:12:00] [OK] qsub output: Your job 6474862 ("adversarial_hpc_submit.pbs") has been submitted
[2026-09-07 08:12:01] [SUBMIT] InceptionNet/Cifar100/FGSM/ALL
[2026-09-07 08:12:01] [CMD] qsub -q all.q -l ngpus=1 -v MODEL="InceptionNet",DATASET="Cifar100",ATTACK="FGSM",KIND="ALL",PHASE="generate",OUTPUT_DIR="adversarial_results_ep300_pre100" adversarial_hpc_submit.pbs </dev/null
[2026-09-07 08:12:09] [OK] InceptionNet/Cifar100/PGD/ALL
[2026-09-07 08:12:09] [OK] qsub output: Your job 6474865 ("adversarial_hpc_submit.pbs") has been submitted
[2026-09-07 08:12:09] [SUBMIT] InceptionNet/Cifar100/FGSM/ALL
[2026-09-07 08:12:09] [CMD] qsub -q all.q -l ngpus=1 -v MODEL="InceptionNet",DATASET="Cifar100",ATTACK="FGSM",KIND="ALL",PHASE="generate",OUTPUT_DIR="adversarial_results_ep200_pre200" adversarial_hpc_submit.pbs </dev/null
[2026-09-07 08:12:10] [OK] InceptionNet/Cifar100/IFGSM/ALL
[2026-09-07 08:12:10] [OK] qsub output: Your job 6474866 ("adversarial_hpc_submit.pbs") has been submitted
[2026-09-07 08:12:11] [SUBMIT] InceptionNet/Cifar100/BIM/ALL
[2026-09-07 08:12:11] [CMD] qsub -q all.q -l ngpus=1 -v MODEL="InceptionNet",DATASET="Cifar100",ATTACK="BIM",KIND="ALL",PHASE="generate",OUTPUT_DIR="adversarial_results_ep100_pre300" adversarial_hpc_submit.pbs </dev/null
[2026-09-07 08:12:11] [OK] InceptionNet/Cifar100/FGSM/ALL
[2026-09-07 08:12:11] [OK] qsub output: Your job 6474867 ("adversarial_hpc_submit.pbs") has been submitted
[2026-09-07 08:12:11] [SUBMIT] InceptionNet/Cifar100/IFGSM/ALL
[2026-09-07 08:12:11] [CMD] qsub -q all.q -l ngpus=1 -v MODEL="InceptionNet",DATASET="Cifar100",ATTACK="IFGSM",KIND="ALL",PHASE="generate",OUTPUT_DIR="adversarial_results_ep300_pre100" adversarial_hpc_submit.pbs </dev/null
[2026-09-07 08:12:18] [OK] InceptionNet/Cifar100/FGSM/ALL
[2026-09-07 08:12:18] [OK] qsub output: Your job 6474868 ("adversarial_hpc_submit.pbs") has been submitted
[2026-09-07 08:12:18] [SUBMIT] InceptionNet/Cifar100/IFGSM/ALL
[2026-09-07 08:12:18] [CMD] qsub -q all.q -l ngpus=1 -v MODEL="InceptionNet",DATASET="Cifar100",ATTACK="IFGSM",KIND="ALL",PHASE="generate",OUTPUT_DIR="adversarial_results_ep200_pre200" adversarial_hpc_submit.pbs </dev/null
[2026-09-07 08:12:20] [OK] InceptionNet/Cifar100/BIM/ALL
[2026-09-07 08:12:22] [OK] qsub output: Your job 6474869 ("adversarial_hpc_submit.pbs") has been submitted
[2026-09-07 08:12:23] [SUBMIT] InceptionNet/Cifar100/APGD/ALL
[2026-09-07 08:12:23] [CMD] qsub -q all.q -l ngpus=1 -v MODEL="InceptionNet",DATASET="Cifar100",ATTACK="APGD",KIND="ALL",PHASE="generate",OUTPUT_DIR="adversarial_results_ep100_pre300" adversarial_hpc_submit.pbs </dev/null
[2026-09-07 08:12:24] [OK] InceptionNet/Cifar100/IFGSM/ALL
[2026-09-07 08:12:26] [OK] qsub output: Your job 6474870 ("adversarial_hpc_submit.pbs") has been submitted
[2026-09-07 08:12:26] [SUBMIT] InceptionNet/Cifar100/BIM/ALL
[2026-09-07 08:12:26] [CMD] qsub -q all.q -l ngpus=1 -v MODEL="InceptionNet",DATASET="Cifar100",ATTACK="BIM",KIND="ALL",PHASE="generate",OUTPUT_DIR="adversarial_results_ep300_pre100" adversarial_hpc_submit.pbs </dev/null
[2026-09-07 08:12:28] [OK] InceptionNet/Cifar100/IFGSM/ALL
[2026-09-07 08:12:28] [OK] qsub output: Your job 6474872 ("adversarial_hpc_submit.pbs") has been submitted
[2026-09-07 08:12:28] [SUBMIT] InceptionNet/Cifar100/BIM/ALL
[2026-09-07 08:12:28] [CMD] qsub -q all.q -l ngpus=1 -v MODEL="InceptionNet",DATASET="Cifar100",ATTACK="BIM",KIND="ALL",PHASE="generate",OUTPUT_DIR="adversarial_results_ep200_pre200" adversarial_hpc_submit.pbs </dev/null
[2026-09-07 08:12:29] [OK] InceptionNet/Cifar100/BIM/ALL
[2026-09-07 08:12:29] [OK] qsub output: Your job 6474874 ("adversarial_hpc_submit.pbs") has been submitted
[2026-09-07 08:12:29] [SUBMIT] InceptionNet/Cifar100/APGD/ALL
[2026-09-07 08:12:30] [CMD] qsub -q all.q -l ngpus=1 -v MODEL="InceptionNet",DATASET="Cifar100",ATTACK="APGD",KIND="ALL",PHASE="generate",OUTPUT_DIR="adversarial_results_ep300_pre100" adversarial_hpc_submit.pbs </dev/null
[2026-09-07 08:12:34] [OK] InceptionNet/Cifar100/APGD/ALL
[2026-09-07 08:12:34] [OK] qsub output: Your job 6474873 ("adversarial_hpc_submit.pbs") has been submitted
[2026-09-07 08:12:35] [SUBMIT] InceptionNet/Cifar100/CW/ALL
[2026-09-07 08:12:35] [CMD] qsub -q all.q -l ngpus=1 -v MODEL="InceptionNet",DATASET="Cifar100",ATTACK="CW",KIND="ALL",PHASE="generate",OUTPUT_DIR="adversarial_results_ep100_pre300" adversarial_hpc_submit.pbs </dev/null
[2026-09-07 08:12:36] [OK] InceptionNet/Cifar100/BIM/ALL
[2026-09-07 08:12:36] [OK] qsub output: Your job 6474875 ("adversarial_hpc_submit.pbs") has been submitted
[2026-09-07 08:12:37] [SUBMIT] InceptionNet/Cifar100/APGD/ALL
[2026-09-07 08:12:37] [CMD] qsub -q all.q -l ngpus=1 -v MODEL="InceptionNet",DATASET="Cifar100",ATTACK="APGD",KIND="ALL",PHASE="generate",OUTPUT_DIR="adversarial_results_ep200_pre200" adversarial_hpc_submit.pbs </dev/null
[2026-09-07 08:12:42] [OK] InceptionNet/Cifar100/APGD/ALL
[2026-09-07 08:12:42] [OK] qsub output: Your job 6474876 ("adversarial_hpc_submit.pbs") has been submitted
[2026-09-07 08:12:42] [SUBMIT] InceptionNet/Cifar100/CW/ALL
[2026-09-07 08:12:42] [CMD] qsub -q all.q -l ngpus=1 -v MODEL="InceptionNet",DATASET="Cifar100",ATTACK="CW",KIND="ALL",PHASE="generate",OUTPUT_DIR="adversarial_results_ep300_pre100" adversarial_hpc_submit.pbs </dev/null
[2026-09-07 08:12:46] [OK] InceptionNet/Cifar100/CW/ALL
[2026-09-07 08:12:46] [OK] InceptionNet/Cifar100/APGD/ALL
[2026-09-07 08:12:46] [OK] qsub output: Your job 6474877 ("adversarial_hpc_submit.pbs") has been submitted
[2026-09-07 08:12:46] [OK] qsub output: Your job 6474878 ("adversarial_hpc_submit.pbs") has been submitted
[2026-09-07 08:12:46] [SUBMIT] InceptionNet/Cifar100/DeepFool/ALL
[2026-09-07 08:12:46] [CMD] qsub -q all.q -l ngpus=1 -v MODEL="InceptionNet",DATASET="Cifar100",ATTACK="DeepFool",KIND="ALL",PHASE="generate",OUTPUT_DIR="adversarial_results_ep100_pre300" adversarial_hpc_submit.pbs </dev/null
[2026-09-07 08:12:46] [SUBMIT] InceptionNet/Cifar100/CW/ALL
[2026-09-07 08:12:46] [CMD] qsub -q all.q -l ngpus=1 -v MODEL="InceptionNet",DATASET="Cifar100",ATTACK="CW",KIND="ALL",PHASE="generate",OUTPUT_DIR="adversarial_results_ep200_pre200" adversarial_hpc_submit.pbs </dev/null
[2026-09-07 08:12:53] [OK] InceptionNet/Cifar100/CW/ALL
[2026-09-07 08:12:53] [OK] qsub output: Your job 6474879 ("adversarial_hpc_submit.pbs") has been submitted
[2026-09-07 08:12:53] [SUBMIT] InceptionNet/Cifar100/DeepFool/ALL
[2026-09-07 08:12:53] [CMD] qsub -q all.q -l ngpus=1 -v MODEL="InceptionNet",DATASET="Cifar100",ATTACK="DeepFool",KIND="ALL",PHASE="generate",OUTPUT_DIR="adversarial_results_ep300_pre100" adversarial_hpc_submit.pbs </dev/null
[2026-09-07 08:12:53] [OK] InceptionNet/Cifar100/DeepFool/ALL
[2026-09-07 08:12:53] [OK] qsub output: Your job 6474880 ("adversarial_hpc_submit.pbs") has been submitted
[2026-09-07 08:12:53] [SUBMIT] MobileNet/Cifar10/PGD/ALL
[2026-09-07 08:12:54] [CMD] qsub -q all.q -l ngpus=1 -v MODEL="MobileNet",DATASET="Cifar10",ATTACK="PGD",KIND="ALL",PHASE="generate",OUTPUT_DIR="adversarial_results_ep100_pre300" adversarial_hpc_submit.pbs </dev/null
[2026-09-07 08:12:56] [OK] InceptionNet/Cifar100/DeepFool/ALL
[2026-09-07 08:12:56] [OK] qsub output: Your job 6474882 ("adversarial_hpc_submit.pbs") has been submitted
[2026-09-07 08:12:56] [SUBMIT] MobileNet/Cifar10/PGD/ALL
[2026-09-07 08:12:56] [CMD] qsub -q all.q -l ngpus=1 -v MODEL="MobileNet",DATASET="Cifar10",ATTACK="PGD",KIND="ALL",PHASE="generate",OUTPUT_DIR="adversarial_results_ep300_pre100" adversarial_hpc_submit.pbs </dev/null
[2026-09-07 08:12:57] [OK] InceptionNet/Cifar100/CW/ALL
[2026-09-07 08:12:57] [OK] qsub output: Your job 6474881 ("adversarial_hpc_submit.pbs") has been submitted
[2026-09-07 08:12:57] [SUBMIT] InceptionNet/Cifar100/DeepFool/ALL
[2026-09-07 08:12:57] [CMD] qsub -q all.q -l ngpus=1 -v MODEL="InceptionNet",DATASET="Cifar100",ATTACK="DeepFool",KIND="ALL",PHASE="generate",OUTPUT_DIR="adversarial_results_ep200_pre200" adversarial_hpc_submit.pbs </dev/null
[2026-09-07 08:12:59] [OK] MobileNet/Cifar10/PGD/ALL
[2026-09-07 08:12:59] [OK] qsub output: Your job 6474883 ("adversarial_hpc_submit.pbs") has been submitted
[2026-09-07 08:12:59] [SUBMIT] MobileNet/Cifar10/FGSM/ALL
[2026-09-07 08:12:59] [CMD] qsub -q all.q -l ngpus=1 -v MODEL="MobileNet",DATASET="Cifar10",ATTACK="FGSM",KIND="ALL",PHASE="generate",OUTPUT_DIR="adversarial_results_ep100_pre300" adversarial_hpc_submit.pbs </dev/null
[2026-09-07 08:13:01] [OK] MobileNet/Cifar10/PGD/ALL
[2026-09-07 08:13:01] [OK] qsub output: Your job 6474884 ("adversarial_hpc_submit.pbs") has been submitted
[2026-09-07 08:13:01] [SUBMIT] MobileNet/Cifar10/FGSM/ALL
[2026-09-07 08:13:01] [CMD] qsub -q all.q -l ngpus=1 -v MODEL="MobileNet",DATASET="Cifar10",ATTACK="FGSM",KIND="ALL",PHASE="generate",OUTPUT_DIR="adversarial_results_ep300_pre100" adversarial_hpc_submit.pbs </dev/null
[2026-09-07 08:13:02] [OK] InceptionNet/Cifar100/DeepFool/ALL
[2026-09-07 08:13:02] [OK] qsub output: Your job 6474885 ("adversarial_hpc_submit.pbs") has been submitted
[2026-09-07 08:13:02] [SUBMIT] MobileNet/Cifar10/PGD/ALL
[2026-09-07 08:13:02] [CMD] qsub -q all.q -l ngpus=1 -v MODEL="MobileNet",DATASET="Cifar10",ATTACK="PGD",KIND="ALL",PHASE="generate",OUTPUT_DIR="adversarial_results_ep200_pre200" adversarial_hpc_submit.pbs </dev/null
[2026-09-07 08:13:11] [OK] MobileNet/Cifar10/FGSM/ALL
[2026-09-07 08:13:11] [OK] qsub output: Your job 6474887 ("adversarial_hpc_submit.pbs") has been submitted
[2026-09-07 08:13:12] [SUBMIT] MobileNet/Cifar10/IFGSM/ALL
[2026-09-07 08:13:12] [CMD] qsub -q all.q -l ngpus=1 -v MODEL="MobileNet",DATASET="Cifar10",ATTACK="IFGSM",KIND="ALL",PHASE="generate",OUTPUT_DIR="adversarial_results_ep100_pre300" adversarial_hpc_submit.pbs </dev/null
[2026-09-07 08:13:13] [OK] MobileNet/Cifar10/FGSM/ALL
[2026-09-07 08:13:13] [OK] qsub output: Your job 6474888 ("adversarial_hpc_submit.pbs") has been submitted
[2026-09-07 08:13:14] [SUBMIT] MobileNet/Cifar10/IFGSM/ALL
[2026-09-07 08:13:14] [CMD] qsub -q all.q -l ngpus=1 -v MODEL="MobileNet",DATASET="Cifar10",ATTACK="IFGSM",KIND="ALL",PHASE="generate",OUTPUT_DIR="adversarial_results_ep300_pre100" adversarial_hpc_submit.pbs </dev/null
[2026-09-07 08:13:21] [OK] MobileNet/Cifar10/PGD/ALL
[2026-09-07 08:13:23] [OK] MobileNet/Cifar10/IFGSM/ALL
[2026-09-07 08:13:23] [OK] qsub output: Your job 6474889 ("adversarial_hpc_submit.pbs") has been submitted
[2026-09-07 08:13:24] [OK] qsub output: Your job 6474890 ("adversarial_hpc_submit.pbs") has been submitted
[2026-09-07 08:13:24] [SUBMIT] MobileNet/Cifar10/FGSM/ALL
[2026-09-07 08:13:24] [CMD] qsub -q all.q -l ngpus=1 -v MODEL="MobileNet",DATASET="Cifar10",ATTACK="FGSM",KIND="ALL",PHASE="generate",OUTPUT_DIR="adversarial_results_ep200_pre200" adversarial_hpc_submit.pbs </dev/null
[2026-09-07 08:13:24] [SUBMIT] MobileNet/Cifar10/BIM/ALL
[2026-09-07 08:13:24] [CMD] qsub -q all.q -l ngpus=1 -v MODEL="MobileNet",DATASET="Cifar10",ATTACK="BIM",KIND="ALL",PHASE="generate",OUTPUT_DIR="adversarial_results_ep100_pre300" adversarial_hpc_submit.pbs </dev/null
[2026-09-07 08:13:26] [OK] MobileNet/Cifar10/IFGSM/ALL
[2026-09-07 08:13:26] [OK] qsub output: Your job 6474891 ("adversarial_hpc_submit.pbs") has been submitted
[2026-09-07 08:13:26] [SUBMIT] MobileNet/Cifar10/BIM/ALL
[2026-09-07 08:13:27] [CMD] qsub -q all.q -l ngpus=1 -v MODEL="MobileNet",DATASET="Cifar10",ATTACK="BIM",KIND="ALL",PHASE="generate",OUTPUT_DIR="adversarial_results_ep300_pre100" adversarial_hpc_submit.pbs </dev/null
[2026-09-07 08:13:30] [OK] MobileNet/Cifar10/FGSM/ALL
[2026-09-07 08:13:30] [OK] qsub output: Your job 6474893 ("adversarial_hpc_submit.pbs") has been submitted
[2026-09-07 08:13:30] [SUBMIT] MobileNet/Cifar10/IFGSM/ALL
[2026-09-07 08:13:31] [CMD] qsub -q all.q -l ngpus=1 -v MODEL="MobileNet",DATASET="Cifar10",ATTACK="IFGSM",KIND="ALL",PHASE="generate",OUTPUT_DIR="adversarial_results_ep200_pre200" adversarial_hpc_submit.pbs </dev/null
[2026-09-07 08:13:35] [OK] MobileNet/Cifar10/BIM/ALL
[2026-09-07 08:13:35] [OK] qsub output: Your job 6474894 ("adversarial_hpc_submit.pbs") has been submitted
[2026-09-07 08:13:36] [SUBMIT] MobileNet/Cifar10/APGD/ALL
[2026-09-07 08:13:36] [CMD] qsub -q all.q -l ngpus=1 -v MODEL="MobileNet",DATASET="Cifar10",ATTACK="APGD",KIND="ALL",PHASE="generate",OUTPUT_DIR="adversarial_results_ep100_pre300" adversarial_hpc_submit.pbs </dev/null
[2026-09-07 08:13:37] [OK] MobileNet/Cifar10/BIM/ALL
[2026-09-07 08:13:40] [OK] MobileNet/Cifar10/APGD/ALL
[2026-09-07 08:13:40] [OK] qsub output: Your job 6474895 ("adversarial_hpc_submit.pbs") has been submitted
[2026-09-07 08:13:41] [OK] MobileNet/Cifar10/IFGSM/ALL
[2026-09-07 08:13:42] [OK] qsub output: Your job 6474897 ("adversarial_hpc_submit.pbs") has been submitted
[2026-09-07 08:13:42] [OK] qsub output: Your job 6474896 ("adversarial_hpc_submit.pbs") has been submitted
[2026-09-07 08:13:42] [SUBMIT] MobileNet/Cifar10/APGD/ALL
[2026-09-07 08:13:42] [SUBMIT] MobileNet/Cifar10/CW/ALL
[2026-09-07 08:13:42] [CMD] qsub -q all.q -l ngpus=1 -v MODEL="MobileNet",DATASET="Cifar10",ATTACK="APGD",KIND="ALL",PHASE="generate",OUTPUT_DIR="adversarial_results_ep300_pre100" adversarial_hpc_submit.pbs </dev/null
[2026-09-07 08:13:42] [SUBMIT] MobileNet/Cifar10/BIM/ALL
[2026-09-07 08:13:42] [CMD] qsub -q all.q -l ngpus=1 -v MODEL="MobileNet",DATASET="Cifar10",ATTACK="CW",KIND="ALL",PHASE="generate",OUTPUT_DIR="adversarial_results_ep100_pre300" adversarial_hpc_submit.pbs </dev/null
[2026-09-07 08:13:42] [CMD] qsub -q all.q -l ngpus=1 -v MODEL="MobileNet",DATASET="Cifar10",ATTACK="BIM",KIND="ALL",PHASE="generate",OUTPUT_DIR="adversarial_results_ep200_pre200" adversarial_hpc_submit.pbs </dev/null
[2026-09-07 08:13:44] [OK] MobileNet/Cifar10/APGD/ALL
[2026-09-07 08:13:45] [OK] qsub output: Your job 6474899 ("adversarial_hpc_submit.pbs") has been submitted
[2026-09-07 08:13:46] [SUBMIT] MobileNet/Cifar10/CW/ALL
[2026-09-07 08:13:46] [CMD] qsub -q all.q -l ngpus=1 -v MODEL="MobileNet",DATASET="Cifar10",ATTACK="CW",KIND="ALL",PHASE="generate",OUTPUT_DIR="adversarial_results_ep300_pre100" adversarial_hpc_submit.pbs </dev/null
[2026-09-07 08:13:51] [OK] MobileNet/Cifar10/CW/ALL
[2026-09-07 08:13:51] [OK] qsub output: Your job 6474898 ("adversarial_hpc_submit.pbs") has been submitted
[2026-09-07 08:13:52] [SUBMIT] MobileNet/Cifar10/DeepFool/ALL
[2026-09-07 08:13:52] [CMD] qsub -q all.q -l ngpus=1 -v MODEL="MobileNet",DATASET="Cifar10",ATTACK="DeepFool",KIND="ALL",PHASE="generate",OUTPUT_DIR="adversarial_results_ep100_pre300" adversarial_hpc_submit.pbs </dev/null
[2026-09-07 08:13:52] [OK] MobileNet/Cifar10/BIM/ALL
[2026-09-07 08:13:52] [OK] qsub output: Your job 6474900 ("adversarial_hpc_submit.pbs") has been submitted
[2026-09-07 08:13:52] [SUBMIT] MobileNet/Cifar10/APGD/ALL
[2026-09-07 08:13:52] [CMD] qsub -q all.q -l ngpus=1 -v MODEL="MobileNet",DATASET="Cifar10",ATTACK="APGD",KIND="ALL",PHASE="generate",OUTPUT_DIR="adversarial_results_ep200_pre200" adversarial_hpc_submit.pbs </dev/null
[2026-09-07 08:13:56] [OK] MobileNet/Cifar10/CW/ALL
[2026-09-07 08:13:57] [OK] qsub output: Your job 6474901 ("adversarial_hpc_submit.pbs") has been submitted
[2026-09-07 08:13:57] [SUBMIT] MobileNet/Cifar10/DeepFool/ALL
[2026-09-07 08:13:57] [CMD] qsub -q all.q -l ngpus=1 -v MODEL="MobileNet",DATASET="Cifar10",ATTACK="DeepFool",KIND="ALL",PHASE="generate",OUTPUT_DIR="adversarial_results_ep300_pre100" adversarial_hpc_submit.pbs </dev/null
[2026-09-07 08:14:00] [OK] MobileNet/Cifar10/DeepFool/ALL
[2026-09-07 08:14:00] [OK] qsub output: Your job 6474902 ("adversarial_hpc_submit.pbs") has been submitted
[2026-09-07 08:14:00] [SUBMIT] MobileNet/Cifar100/PGD/ALL
[2026-09-07 08:14:00] [CMD] qsub -q all.q -l ngpus=1 -v MODEL="MobileNet",DATASET="Cifar100",ATTACK="PGD",KIND="ALL",PHASE="generate",OUTPUT_DIR="adversarial_results_ep100_pre300" adversarial_hpc_submit.pbs </dev/null
[2026-09-07 08:14:03] [OK] MobileNet/Cifar10/DeepFool/ALL
[2026-09-07 08:14:03] [OK] qsub output: Your job 6474904 ("adversarial_hpc_submit.pbs") has been submitted
[2026-09-07 08:14:03] [SUBMIT] MobileNet/Cifar100/PGD/ALL
[2026-09-07 08:14:03] [CMD] qsub -q all.q -l ngpus=1 -v MODEL="MobileNet",DATASET="Cifar100",ATTACK="PGD",KIND="ALL",PHASE="generate",OUTPUT_DIR="adversarial_results_ep300_pre100" adversarial_hpc_submit.pbs </dev/null
[2026-09-07 08:14:04] [OK] MobileNet/Cifar100/PGD/ALL
[2026-09-07 08:14:04] [OK] MobileNet/Cifar10/APGD/ALL
[2026-09-07 08:14:05] [OK] qsub output: Your job 6474905 ("adversarial_hpc_submit.pbs") has been submitted
[2026-09-07 08:14:05] [OK] qsub output: Your job 6474903 ("adversarial_hpc_submit.pbs") has been submitted
[2026-09-07 08:14:05] [SUBMIT] MobileNet/Cifar100/FGSM/ALL
[2026-09-07 08:14:05] [CMD] qsub -q all.q -l ngpus=1 -v MODEL="MobileNet",DATASET="Cifar100",ATTACK="FGSM",KIND="ALL",PHASE="generate",OUTPUT_DIR="adversarial_results_ep100_pre300" adversarial_hpc_submit.pbs </dev/null
[2026-09-07 08:14:06] [SUBMIT] MobileNet/Cifar10/CW/ALL
[2026-09-07 08:14:06] [CMD] qsub -q all.q -l ngpus=1 -v MODEL="MobileNet",DATASET="Cifar10",ATTACK="CW",KIND="ALL",PHASE="generate",OUTPUT_DIR="adversarial_results_ep200_pre200" adversarial_hpc_submit.pbs </dev/null
[2026-09-07 08:14:13] [OK] MobileNet/Cifar100/PGD/ALL
[2026-09-07 08:14:13] [OK] qsub output: Your job 6474906 ("adversarial_hpc_submit.pbs") has been submitted
[2026-09-07 08:14:13] [SUBMIT] MobileNet/Cifar100/FGSM/ALL
[2026-09-07 08:14:13] [CMD] qsub -q all.q -l ngpus=1 -v MODEL="MobileNet",DATASET="Cifar100",ATTACK="FGSM",KIND="ALL",PHASE="generate",OUTPUT_DIR="adversarial_results_ep300_pre100" adversarial_hpc_submit.pbs </dev/null
[2026-09-07 08:14:13] [OK] MobileNet/Cifar100/FGSM/ALL
[2026-09-07 08:14:13] [OK] qsub output: Your job 6474907 ("adversarial_hpc_submit.pbs") has been submitted
[2026-09-07 08:14:13] [SUBMIT] MobileNet/Cifar100/IFGSM/ALL
[2026-09-07 08:14:13] [CMD] qsub -q all.q -l ngpus=1 -v MODEL="MobileNet",DATASET="Cifar100",ATTACK="IFGSM",KIND="ALL",PHASE="generate",OUTPUT_DIR="adversarial_results_ep100_pre300" adversarial_hpc_submit.pbs </dev/null
[2026-09-07 08:14:15] [OK] MobileNet/Cifar100/FGSM/ALL
[2026-09-07 08:14:16] [OK] qsub output: Your job 6474909 ("adversarial_hpc_submit.pbs") has been submitted
[2026-09-07 08:14:16] [SUBMIT] MobileNet/Cifar100/IFGSM/ALL
[2026-09-07 08:14:16] [CMD] qsub -q all.q -l ngpus=1 -v MODEL="MobileNet",DATASET="Cifar100",ATTACK="IFGSM",KIND="ALL",PHASE="generate",OUTPUT_DIR="adversarial_results_ep300_pre100" adversarial_hpc_submit.pbs </dev/null
[2026-09-07 08:14:22] [OK] MobileNet/Cifar100/IFGSM/ALL
[2026-09-07 08:14:22] [OK] MobileNet/Cifar10/CW/ALL
[2026-09-07 08:14:23] [OK] qsub output: Your job 6474910 ("adversarial_hpc_submit.pbs") has been submitted
[2026-09-07 08:14:25] [OK] qsub output: Your job 6474908 ("adversarial_hpc_submit.pbs") has been submitted
[2026-09-07 08:14:26] [SUBMIT] MobileNet/Cifar100/BIM/ALL
[2026-09-07 08:14:26] [SUBMIT] MobileNet/Cifar10/DeepFool/ALL
[2026-09-07 08:14:26] [CMD] qsub -q all.q -l ngpus=1 -v MODEL="MobileNet",DATASET="Cifar100",ATTACK="BIM",KIND="ALL",PHASE="generate",OUTPUT_DIR="adversarial_results_ep100_pre300" adversarial_hpc_submit.pbs </dev/null
[2026-09-07 08:14:30] [CMD] qsub -q all.q -l ngpus=1 -v MODEL="MobileNet",DATASET="Cifar10",ATTACK="DeepFool",KIND="ALL",PHASE="generate",OUTPUT_DIR="adversarial_results_ep200_pre200" adversarial_hpc_submit.pbs </dev/null
[2026-09-07 08:14:31] [OK] MobileNet/Cifar100/IFGSM/ALL
[2026-09-07 08:14:32] [OK] qsub output: Your job 6474911 ("adversarial_hpc_submit.pbs") has been submitted
[2026-09-07 08:14:32] [SUBMIT] MobileNet/Cifar100/BIM/ALL
[2026-09-07 08:14:32] [CMD] qsub -q all.q -l ngpus=1 -v MODEL="MobileNet",DATASET="Cifar100",ATTACK="BIM",KIND="ALL",PHASE="generate",OUTPUT_DIR="adversarial_results_ep300_pre100" adversarial_hpc_submit.pbs </dev/null
[2026-09-07 08:14:35] [OK] MobileNet/Cifar100/BIM/ALL
[2026-09-07 08:14:36] [OK] qsub output: Your job 6474912 ("adversarial_hpc_submit.pbs") has been submitted
[2026-09-07 08:14:36] [SUBMIT] MobileNet/Cifar100/APGD/ALL
[2026-09-07 08:14:36] [CMD] qsub -q all.q -l ngpus=1 -v MODEL="MobileNet",DATASET="Cifar100",ATTACK="APGD",KIND="ALL",PHASE="generate",OUTPUT_DIR="adversarial_results_ep100_pre300" adversarial_hpc_submit.pbs </dev/null
[2026-09-07 08:14:37] [OK] MobileNet/Cifar10/DeepFool/ALL
[2026-09-07 08:14:38] [OK] MobileNet/Cifar100/BIM/ALL
[2026-09-07 08:14:38] [OK] qsub output: Your job 6474913 ("adversarial_hpc_submit.pbs") has been submitted
[2026-09-07 08:14:38] [OK] qsub output: Your job 6474914 ("adversarial_hpc_submit.pbs") has been submitted
[2026-09-07 08:14:38] [SUBMIT] MobileNet/Cifar100/PGD/ALL
[2026-09-07 08:14:38] [CMD] qsub -q all.q -l ngpus=1 -v MODEL="MobileNet",DATASET="Cifar100",ATTACK="PGD",KIND="ALL",PHASE="generate",OUTPUT_DIR="adversarial_results_ep200_pre200" adversarial_hpc_submit.pbs </dev/null
[2026-09-07 08:14:38] [SUBMIT] MobileNet/Cifar100/APGD/ALL
[2026-09-07 08:14:38] [CMD] qsub -q all.q -l ngpus=1 -v MODEL="MobileNet",DATASET="Cifar100",ATTACK="APGD",KIND="ALL",PHASE="generate",OUTPUT_DIR="adversarial_results_ep300_pre100" adversarial_hpc_submit.pbs </dev/null
[2026-09-07 08:14:42] [OK] MobileNet/Cifar100/APGD/ALL
[2026-09-07 08:14:42] [OK] MobileNet/Cifar100/PGD/ALL
[2026-09-07 08:14:44] [OK] qsub output: Your job 6474915 ("adversarial_hpc_submit.pbs") has been submitted
[2026-09-07 08:14:45] [OK] qsub output: Your job 6474916 ("adversarial_hpc_submit.pbs") has been submitted
[2026-09-07 08:14:45] [SUBMIT] MobileNet/Cifar100/CW/ALL
[2026-09-07 08:14:45] [SUBMIT] MobileNet/Cifar100/FGSM/ALL
[2026-09-07 08:14:45] [CMD] qsub -q all.q -l ngpus=1 -v MODEL="MobileNet",DATASET="Cifar100",ATTACK="CW",KIND="ALL",PHASE="generate",OUTPUT_DIR="adversarial_results_ep100_pre300" adversarial_hpc_submit.pbs </dev/null
[2026-09-07 08:14:45] [CMD] qsub -q all.q -l ngpus=1 -v MODEL="MobileNet",DATASET="Cifar100",ATTACK="FGSM",KIND="ALL",PHASE="generate",OUTPUT_DIR="adversarial_results_ep200_pre200" adversarial_hpc_submit.pbs </dev/null
[2026-09-07 08:14:48] [OK] MobileNet/Cifar100/APGD/ALL
[2026-09-07 08:14:51] [OK] qsub output: Your job 6474917 ("adversarial_hpc_submit.pbs") has been submitted
[2026-09-07 08:14:51] [SUBMIT] MobileNet/Cifar100/CW/ALL
[2026-09-07 08:14:51] [CMD] qsub -q all.q -l ngpus=1 -v MODEL="MobileNet",DATASET="Cifar100",ATTACK="CW",KIND="ALL",PHASE="generate",OUTPUT_DIR="adversarial_results_ep300_pre100" adversarial_hpc_submit.pbs </dev/null
[2026-09-07 08:14:54] [OK] MobileNet/Cifar100/FGSM/ALL
[2026-09-07 08:14:54] [OK] qsub output: Your job 6474918 ("adversarial_hpc_submit.pbs") has been submitted
[2026-09-07 08:14:54] [SUBMIT] MobileNet/Cifar100/IFGSM/ALL
[2026-09-07 08:14:54] [CMD] qsub -q all.q -l ngpus=1 -v MODEL="MobileNet",DATASET="Cifar100",ATTACK="IFGSM",KIND="ALL",PHASE="generate",OUTPUT_DIR="adversarial_results_ep200_pre200" adversarial_hpc_submit.pbs </dev/null
[2026-09-07 08:14:55] [OK] MobileNet/Cifar100/CW/ALL
[2026-09-07 08:14:55] [OK] qsub output: Your job 6474919 ("adversarial_hpc_submit.pbs") has been submitted
[2026-09-07 08:14:56] [SUBMIT] MobileNet/Cifar100/DeepFool/ALL
[2026-09-07 08:14:56] [CMD] qsub -q all.q -l ngpus=1 -v MODEL="MobileNet",DATASET="Cifar100",ATTACK="DeepFool",KIND="ALL",PHASE="generate",OUTPUT_DIR="adversarial_results_ep100_pre300" adversarial_hpc_submit.pbs </dev/null
[2026-09-07 08:14:59] [OK] MobileNet/Cifar100/CW/ALL
[2026-09-07 08:14:59] [OK] qsub output: Your job 6474920 ("adversarial_hpc_submit.pbs") has been submitted
[2026-09-07 08:14:59] [SUBMIT] MobileNet/Cifar100/DeepFool/ALL
[2026-09-07 08:14:59] [CMD] qsub -q all.q -l ngpus=1 -v MODEL="MobileNet",DATASET="Cifar100",ATTACK="DeepFool",KIND="ALL",PHASE="generate",OUTPUT_DIR="adversarial_results_ep300_pre100" adversarial_hpc_submit.pbs </dev/null
[2026-09-07 08:15:00] [OK] MobileNet/Cifar100/IFGSM/ALL
[2026-09-07 08:15:00] [OK] qsub output: Your job 6474921 ("adversarial_hpc_submit.pbs") has been submitted
[2026-09-07 08:15:00] [SUBMIT] MobileNet/Cifar100/BIM/ALL
[2026-09-07 08:15:00] [CMD] qsub -q all.q -l ngpus=1 -v MODEL="MobileNet",DATASET="Cifar100",ATTACK="BIM",KIND="ALL",PHASE="generate",OUTPUT_DIR="adversarial_results_ep200_pre200" adversarial_hpc_submit.pbs </dev/null
[2026-09-07 08:15:00] [OK] MobileNet/Cifar100/DeepFool/ALL
[2026-09-07 08:15:00] [OK] qsub output: Your job 6474922 ("adversarial_hpc_submit.pbs") has been submitted
[2026-09-07 08:15:00] [SUBMIT] XceptionNet/Cifar10/PGD/ALL
[2026-09-07 08:15:00] [CMD] qsub -q all.q -l ngpus=1 -v MODEL="XceptionNet",DATASET="Cifar10",ATTACK="PGD",KIND="ALL",PHASE="generate",OUTPUT_DIR="adversarial_results_ep100_pre300" adversarial_hpc_submit.pbs </dev/null
[2026-09-07 08:15:01] [OK] MobileNet/Cifar100/DeepFool/ALL
[2026-09-07 08:15:01] [OK] qsub output: Your job 6474923 ("adversarial_hpc_submit.pbs") has been submitted
[2026-09-07 08:15:02] [SUBMIT] XceptionNet/Cifar10/PGD/ALL
[2026-09-07 08:15:02] [CMD] qsub -q all.q -l ngpus=1 -v MODEL="XceptionNet",DATASET="Cifar10",ATTACK="PGD",KIND="ALL",PHASE="generate",OUTPUT_DIR="adversarial_results_ep300_pre100" adversarial_hpc_submit.pbs </dev/null
[2026-09-07 08:15:03] [OK] XceptionNet/Cifar10/PGD/ALL
[2026-09-07 08:15:03] [OK] qsub output: Your job 6474925 ("adversarial_hpc_submit.pbs") has been submitted
[2026-09-07 08:15:03] [SUBMIT] XceptionNet/Cifar10/FGSM/ALL
[2026-09-07 08:15:03] [CMD] qsub -q all.q -l ngpus=1 -v MODEL="XceptionNet",DATASET="Cifar10",ATTACK="FGSM",KIND="ALL",PHASE="generate",OUTPUT_DIR="adversarial_results_ep100_pre300" adversarial_hpc_submit.pbs </dev/null
[2026-09-07 08:15:10] [OK] XceptionNet/Cifar10/PGD/ALL
[2026-09-07 08:15:10] [OK] MobileNet/Cifar100/BIM/ALL
[2026-09-07 08:15:14] [OK] XceptionNet/Cifar10/FGSM/ALL
[2026-09-07 08:15:16] [OK] qsub output: Your job 6474926 ("adversarial_hpc_submit.pbs") has been submitted
[2026-09-07 08:15:16] [OK] qsub output: Your job 6474924 ("adversarial_hpc_submit.pbs") has been submitted
[2026-09-07 08:15:22] [OK] qsub output: Your job 6474927 ("adversarial_hpc_submit.pbs") has been submitted
[2026-09-07 08:15:25] [SUBMIT] XceptionNet/Cifar10/FGSM/ALL
[2026-09-07 08:15:25] [SUBMIT] MobileNet/Cifar100/APGD/ALL
[2026-09-07 08:15:35] [SUBMIT] XceptionNet/Cifar10/IFGSM/ALL
[2026-09-07 08:15:39] [CMD] qsub -q all.q -l ngpus=1 -v MODEL="XceptionNet",DATASET="Cifar10",ATTACK="FGSM",KIND="ALL",PHASE="generate",OUTPUT_DIR="adversarial_results_ep300_pre100" adversarial_hpc_submit.pbs </dev/null
[2026-09-07 08:15:39] [CMD] qsub -q all.q -l ngpus=1 -v MODEL="MobileNet",DATASET="Cifar100",ATTACK="APGD",KIND="ALL",PHASE="generate",OUTPUT_DIR="adversarial_results_ep200_pre200" adversarial_hpc_submit.pbs </dev/null
[2026-09-07 08:15:39] [CMD] qsub -q all.q -l ngpus=1 -v MODEL="XceptionNet",DATASET="Cifar10",ATTACK="IFGSM",KIND="ALL",PHASE="generate",OUTPUT_DIR="adversarial_results_ep100_pre300" adversarial_hpc_submit.pbs </dev/null
[2026-09-07 08:15:40] [OK] XceptionNet/Cifar10/IFGSM/ALL
[2026-09-07 08:15:42] [OK] XceptionNet/Cifar10/FGSM/ALL
[2026-09-07 08:15:44] [OK] MobileNet/Cifar100/APGD/ALL
[2026-09-07 08:15:44] [OK] qsub output: Your job 6474933 ("adversarial_hpc_submit.pbs") has been submitted
[2026-09-07 08:15:46] [OK] qsub output: Your job 6474932 ("adversarial_hpc_submit.pbs") has been submitted
[2026-09-07 08:15:46] [OK] qsub output: Your job 6474934 ("adversarial_hpc_submit.pbs") has been submitted
[2026-09-07 08:15:46] [SUBMIT] XceptionNet/Cifar10/BIM/ALL
[2026-09-07 08:15:46] [SUBMIT] XceptionNet/Cifar10/IFGSM/ALL
[2026-09-07 08:15:46] [SUBMIT] MobileNet/Cifar100/CW/ALL
[2026-09-07 08:15:47] [CMD] qsub -q all.q -l ngpus=1 -v MODEL="XceptionNet",DATASET="Cifar10",ATTACK="BIM",KIND="ALL",PHASE="generate",OUTPUT_DIR="adversarial_results_ep100_pre300" adversarial_hpc_submit.pbs </dev/null
[2026-09-07 08:15:49] [CMD] qsub -q all.q -l ngpus=1 -v MODEL="XceptionNet",DATASET="Cifar10",ATTACK="IFGSM",KIND="ALL",PHASE="generate",OUTPUT_DIR="adversarial_results_ep300_pre100" adversarial_hpc_submit.pbs </dev/null
[2026-09-07 08:15:50] [CMD] qsub -q all.q -l ngpus=1 -v MODEL="MobileNet",DATASET="Cifar100",ATTACK="CW",KIND="ALL",PHASE="generate",OUTPUT_DIR="adversarial_results_ep200_pre200" adversarial_hpc_submit.pbs </dev/null
[2026-09-07 08:15:52] [OK] XceptionNet/Cifar10/BIM/ALL
[2026-09-07 08:15:52] [OK] qsub output: Your job 6474935 ("adversarial_hpc_submit.pbs") has been submitted
[2026-09-07 08:15:53] [SUBMIT] XceptionNet/Cifar10/APGD/ALL
[2026-09-07 08:15:53] [CMD] qsub -q all.q -l ngpus=1 -v MODEL="XceptionNet",DATASET="Cifar10",ATTACK="APGD",KIND="ALL",PHASE="generate",OUTPUT_DIR="adversarial_results_ep100_pre300" adversarial_hpc_submit.pbs </dev/null
[2026-09-07 08:15:54] [OK] MobileNet/Cifar100/CW/ALL
[2026-09-07 08:15:54] [OK] qsub output: Your job 6474936 ("adversarial_hpc_submit.pbs") has been submitted
[2026-09-07 08:15:55] [SUBMIT] MobileNet/Cifar100/DeepFool/ALL
[2026-09-07 08:15:55] [CMD] qsub -q all.q -l ngpus=1 -v MODEL="MobileNet",DATASET="Cifar100",ATTACK="DeepFool",KIND="ALL",PHASE="generate",OUTPUT_DIR="adversarial_results_ep200_pre200" adversarial_hpc_submit.pbs </dev/null
[2026-09-07 08:15:59] [OK] XceptionNet/Cifar10/APGD/ALL
[2026-09-07 08:15:59] [OK] qsub output: Your job 6474938 ("adversarial_hpc_submit.pbs") has been submitted
[2026-09-07 08:15:59] [SUBMIT] XceptionNet/Cifar10/CW/ALL
[2026-09-07 08:15:59] [CMD] qsub -q all.q -l ngpus=1 -v MODEL="XceptionNet",DATASET="Cifar10",ATTACK="CW",KIND="ALL",PHASE="generate",OUTPUT_DIR="adversarial_results_ep100_pre300" adversarial_hpc_submit.pbs </dev/null
[2026-09-07 08:16:00] [OK] XceptionNet/Cifar10/IFGSM/ALL
[2026-09-07 08:16:00] [OK] qsub output: Your job 6474937 ("adversarial_hpc_submit.pbs") has been submitted
[2026-09-07 08:16:00] [SUBMIT] XceptionNet/Cifar10/BIM/ALL
[2026-09-07 08:16:01] [CMD] qsub -q all.q -l ngpus=1 -v MODEL="XceptionNet",DATASET="Cifar10",ATTACK="BIM",KIND="ALL",PHASE="generate",OUTPUT_DIR="adversarial_results_ep300_pre100" adversarial_hpc_submit.pbs </dev/null
[2026-09-07 08:16:04] [OK] MobileNet/Cifar100/DeepFool/ALL
[2026-09-07 08:16:04] [OK] qsub output: Your job 6474939 ("adversarial_hpc_submit.pbs") has been submitted
[2026-09-07 08:16:05] [SUBMIT] XceptionNet/Cifar10/PGD/ALL
[2026-09-07 08:16:05] [CMD] qsub -q all.q -l ngpus=1 -v MODEL="XceptionNet",DATASET="Cifar10",ATTACK="PGD",KIND="ALL",PHASE="generate",OUTPUT_DIR="adversarial_results_ep200_pre200" adversarial_hpc_submit.pbs </dev/null
[2026-09-07 08:16:10] [OK] XceptionNet/Cifar10/CW/ALL
[2026-09-07 08:16:12] [OK] qsub output: Your job 6474940 ("adversarial_hpc_submit.pbs") has been submitted
[2026-09-07 08:16:14] [OK] XceptionNet/Cifar10/BIM/ALL
[2026-09-07 08:16:14] [OK] qsub output: Your job 6474941 ("adversarial_hpc_submit.pbs") has been submitted
[2026-09-07 08:16:14] [SUBMIT] XceptionNet/Cifar10/DeepFool/ALL
[2026-09-07 08:16:14] [CMD] qsub -q all.q -l ngpus=1 -v MODEL="XceptionNet",DATASET="Cifar10",ATTACK="DeepFool",KIND="ALL",PHASE="generate",OUTPUT_DIR="adversarial_results_ep100_pre300" adversarial_hpc_submit.pbs </dev/null
[2026-09-07 08:16:14] [SUBMIT] XceptionNet/Cifar10/APGD/ALL
[2026-09-07 08:16:14] [CMD] qsub -q all.q -l ngpus=1 -v MODEL="XceptionNet",DATASET="Cifar10",ATTACK="APGD",KIND="ALL",PHASE="generate",OUTPUT_DIR="adversarial_results_ep300_pre100" adversarial_hpc_submit.pbs </dev/null
[2026-09-07 08:16:20] [OK] XceptionNet/Cifar10/PGD/ALL
[2026-09-07 08:16:22] [OK] qsub output: Your job 6474942 ("adversarial_hpc_submit.pbs") has been submitted
[2026-09-07 08:16:22] [OK] XceptionNet/Cifar10/DeepFool/ALL
[2026-09-07 08:16:23] [OK] XceptionNet/Cifar10/APGD/ALL
[2026-09-07 08:16:26] [SUBMIT] XceptionNet/Cifar10/FGSM/ALL
[2026-09-07 08:16:28] [OK] qsub output: Your job 6474943 ("adversarial_hpc_submit.pbs") has been submitted
[2026-09-07 08:16:30] [OK] qsub output: Your job 6474944 ("adversarial_hpc_submit.pbs") has been submitted
[2026-09-07 08:16:30] [CMD] qsub -q all.q -l ngpus=1 -v MODEL="XceptionNet",DATASET="Cifar10",ATTACK="FGSM",KIND="ALL",PHASE="generate",OUTPUT_DIR="adversarial_results_ep200_pre200" adversarial_hpc_submit.pbs </dev/null
[2026-09-07 08:16:30] [SUBMIT] XceptionNet/Cifar100/PGD/ALL
[2026-09-07 08:16:41] [SUBMIT] XceptionNet/Cifar10/CW/ALL
[2026-09-07 08:16:47] [OK] XceptionNet/Cifar10/FGSM/ALL
[2026-09-07 08:16:59] [CMD] qsub -q all.q -l ngpus=1 -v MODEL="XceptionNet",DATASET="Cifar100",ATTACK="PGD",KIND="ALL",PHASE="generate",OUTPUT_DIR="adversarial_results_ep100_pre300" adversarial_hpc_submit.pbs </dev/null
[2026-09-07 08:17:03] [CMD] qsub -q all.q -l ngpus=1 -v MODEL="XceptionNet",DATASET="Cifar10",ATTACK="CW",KIND="ALL",PHASE="generate",OUTPUT_DIR="adversarial_results_ep300_pre100" adversarial_hpc_submit.pbs </dev/null
[2026-09-07 08:17:11] [OK] qsub output: Your job 6474945 ("adversarial_hpc_submit.pbs") has been submitted
[2026-09-07 08:17:20] [OK] XceptionNet/Cifar100/PGD/ALL
[2026-09-07 08:17:24] [SUBMIT] XceptionNet/Cifar10/IFGSM/ALL
[2026-09-07 08:17:27] [OK] XceptionNet/Cifar10/CW/ALL
[2026-09-07 08:17:32] [OK] qsub output: Your job 6474946 ("adversarial_hpc_submit.pbs") has been submitted
[2026-09-07 08:17:40] [CMD] qsub -q all.q -l ngpus=1 -v MODEL="XceptionNet",DATASET="Cifar10",ATTACK="IFGSM",KIND="ALL",PHASE="generate",OUTPUT_DIR="adversarial_results_ep200_pre200" adversarial_hpc_submit.pbs </dev/null
[2026-09-07 08:17:50] [OK] qsub output: Your job 6474947 ("adversarial_hpc_submit.pbs") has been submitted
[2026-09-07 08:17:59] [SUBMIT] XceptionNet/Cifar100/FGSM/ALL
[2026-09-07 08:18:21] [SUBMIT] XceptionNet/Cifar10/DeepFool/ALL
[2026-09-07 08:18:21] [CMD] qsub -q all.q -l ngpus=1 -v MODEL="XceptionNet",DATASET="Cifar100",ATTACK="FGSM",KIND="ALL",PHASE="generate",OUTPUT_DIR="adversarial_results_ep100_pre300" adversarial_hpc_submit.pbs </dev/null
[2026-09-07 08:18:22] [OK] XceptionNet/Cifar10/IFGSM/ALL
[2026-09-07 08:18:34] [CMD] qsub -q all.q -l ngpus=1 -v MODEL="XceptionNet",DATASET="Cifar10",ATTACK="DeepFool",KIND="ALL",PHASE="generate",OUTPUT_DIR="adversarial_results_ep300_pre100" adversarial_hpc_submit.pbs </dev/null
[2026-09-07 08:19:05] [OK] XceptionNet/Cifar100/FGSM/ALL
[2026-09-07 08:19:08] [OK] qsub output: Your job 6474948 ("adversarial_hpc_submit.pbs") has been submitted
[2026-09-07 08:19:25] [OK] qsub output: Your job 6474949 ("adversarial_hpc_submit.pbs") has been submitted
[2026-09-07 08:19:28] [OK] XceptionNet/Cifar10/DeepFool/ALL
[2026-09-07 08:19:32] [SUBMIT] XceptionNet/Cifar10/BIM/ALL
[2026-09-07 08:19:34] [SUBMIT] XceptionNet/Cifar100/IFGSM/ALL
[2026-09-07 08:19:39] [OK] qsub output: Your job 6474951 ("adversarial_hpc_submit.pbs") has been submitted
[2026-09-07 08:19:44] [CMD] qsub -q all.q -l ngpus=1 -v MODEL="XceptionNet",DATASET="Cifar10",ATTACK="BIM",KIND="ALL",PHASE="generate",OUTPUT_DIR="adversarial_results_ep200_pre200" adversarial_hpc_submit.pbs </dev/null
[2026-09-07 08:19:47] [CMD] qsub -q all.q -l ngpus=1 -v MODEL="XceptionNet",DATASET="Cifar100",ATTACK="IFGSM",KIND="ALL",PHASE="generate",OUTPUT_DIR="adversarial_results_ep100_pre300" adversarial_hpc_submit.pbs </dev/null
[2026-09-07 08:19:49] [SUBMIT] XceptionNet/Cifar100/PGD/ALL
[2026-09-07 08:19:57] [OK] XceptionNet/Cifar10/BIM/ALL
[2026-09-07 08:20:07] [OK] XceptionNet/Cifar100/IFGSM/ALL
[2026-09-07 08:20:07] [CMD] qsub -q all.q -l ngpus=1 -v MODEL="XceptionNet",DATASET="Cifar100",ATTACK="PGD",KIND="ALL",PHASE="generate",OUTPUT_DIR="adversarial_results_ep300_pre100" adversarial_hpc_submit.pbs </dev/null
[2026-09-07 08:20:11] [OK] qsub output: Your job 6474954 ("adversarial_hpc_submit.pbs") has been submitted
[2026-09-07 08:20:17] [OK] qsub output: Your job 6474956 ("adversarial_hpc_submit.pbs") has been submitted
[2026-09-07 08:20:22] [SUBMIT] XceptionNet/Cifar10/APGD/ALL
[2026-09-07 08:20:25] [OK] XceptionNet/Cifar100/PGD/ALL
[2026-09-07 08:20:30] [SUBMIT] XceptionNet/Cifar100/BIM/ALL
[2026-09-07 08:20:40] [CMD] qsub -q all.q -l ngpus=1 -v MODEL="XceptionNet",DATASET="Cifar10",ATTACK="APGD",KIND="ALL",PHASE="generate",OUTPUT_DIR="adversarial_results_ep200_pre200" adversarial_hpc_submit.pbs </dev/null
[2026-09-07 08:20:43] [OK] qsub output: Your job 6474957 ("adversarial_hpc_submit.pbs") has been submitted
[2026-09-07 08:20:53] [CMD] qsub -q all.q -l ngpus=1 -v MODEL="XceptionNet",DATASET="Cifar100",ATTACK="BIM",KIND="ALL",PHASE="generate",OUTPUT_DIR="adversarial_results_ep100_pre300" adversarial_hpc_submit.pbs </dev/null
[2026-09-07 08:20:59] [SUBMIT] XceptionNet/Cifar100/FGSM/ALL
[2026-09-07 08:21:00] [CMD] qsub -q all.q -l ngpus=1 -v MODEL="XceptionNet",DATASET="Cifar100",ATTACK="FGSM",KIND="ALL",PHASE="generate",OUTPUT_DIR="adversarial_results_ep300_pre100" adversarial_hpc_submit.pbs </dev/null
[2026-09-07 08:21:03] [OK] XceptionNet/Cifar10/APGD/ALL
[2026-09-07 08:21:08] [OK] XceptionNet/Cifar100/BIM/ALL
[2026-09-07 08:21:26] [OK] qsub output: Your job 6474959 ("adversarial_hpc_submit.pbs") has been submitted
[2026-09-07 08:21:27] [OK] qsub output: Your job 6474960 ("adversarial_hpc_submit.pbs") has been submitted
[2026-09-07 08:21:28] [OK] XceptionNet/Cifar100/FGSM/ALL
[2026-09-07 08:21:59] [SUBMIT] XceptionNet/Cifar10/CW/ALL
[2026-09-07 08:22:07] [SUBMIT] XceptionNet/Cifar100/APGD/ALL
[2026-09-07 08:22:07] [OK] qsub output: Your job 6474961 ("adversarial_hpc_submit.pbs") has been submitted
[2026-09-07 08:22:07] [CMD] qsub -q all.q -l ngpus=1 -v MODEL="XceptionNet",DATASET="Cifar10",ATTACK="CW",KIND="ALL",PHASE="generate",OUTPUT_DIR="adversarial_results_ep200_pre200" adversarial_hpc_submit.pbs </dev/null
[2026-09-07 08:22:07] [CMD] qsub -q all.q -l ngpus=1 -v MODEL="XceptionNet",DATASET="Cifar100",ATTACK="APGD",KIND="ALL",PHASE="generate",OUTPUT_DIR="adversarial_results_ep100_pre300" adversarial_hpc_submit.pbs </dev/null
[2026-09-07 08:22:07] [SUBMIT] XceptionNet/Cifar100/IFGSM/ALL
[2026-09-07 08:22:07] [CMD] qsub -q all.q -l ngpus=1 -v MODEL="XceptionNet",DATASET="Cifar100",ATTACK="IFGSM",KIND="ALL",PHASE="generate",OUTPUT_DIR="adversarial_results_ep300_pre100" adversarial_hpc_submit.pbs </dev/null
[2026-09-07 08:22:15] [OK] XceptionNet/Cifar10/CW/ALL
[2026-09-07 08:22:19] [OK] qsub output: Your job 6474965 ("adversarial_hpc_submit.pbs") has been submitted
[2026-09-07 08:22:19] [SUBMIT] XceptionNet/Cifar10/DeepFool/ALL
[2026-09-07 08:22:21] [OK] XceptionNet/Cifar100/APGD/ALL
[2026-09-07 08:22:25] [OK] XceptionNet/Cifar100/IFGSM/ALL
[2026-09-07 08:22:25] [CMD] qsub -q all.q -l ngpus=1 -v MODEL="XceptionNet",DATASET="Cifar10",ATTACK="DeepFool",KIND="ALL",PHASE="generate",OUTPUT_DIR="adversarial_results_ep200_pre200" adversarial_hpc_submit.pbs </dev/null
[2026-09-07 08:22:33] [OK] qsub output: Your job 6474966 ("adversarial_hpc_submit.pbs") has been submitted
[2026-09-07 08:22:37] [OK] qsub output: Your job 6474968 ("adversarial_hpc_submit.pbs") has been submitted
[2026-09-07 08:22:48] [SUBMIT] XceptionNet/Cifar100/CW/ALL
[2026-09-07 08:22:50] [OK] XceptionNet/Cifar10/DeepFool/ALL
[2026-09-07 08:22:53] [SUBMIT] XceptionNet/Cifar100/BIM/ALL
[2026-09-07 08:22:54] [CMD] qsub -q all.q -l ngpus=1 -v MODEL="XceptionNet",DATASET="Cifar100",ATTACK="CW",KIND="ALL",PHASE="generate",OUTPUT_DIR="adversarial_results_ep100_pre300" adversarial_hpc_submit.pbs </dev/null
[2026-09-07 08:22:59] [OK] qsub output: Your job 6474977 ("adversarial_hpc_submit.pbs") has been submitted
[2026-09-07 08:23:12] [CMD] qsub -q all.q -l ngpus=1 -v MODEL="XceptionNet",DATASET="Cifar100",ATTACK="BIM",KIND="ALL",PHASE="generate",OUTPUT_DIR="adversarial_results_ep300_pre100" adversarial_hpc_submit.pbs </dev/null
[2026-09-07 08:23:20] [SUBMIT] XceptionNet/Cifar100/PGD/ALL
[2026-09-07 08:23:21] [CMD] qsub -q all.q -l ngpus=1 -v MODEL="XceptionNet",DATASET="Cifar100",ATTACK="PGD",KIND="ALL",PHASE="generate",OUTPUT_DIR="adversarial_results_ep200_pre200" adversarial_hpc_submit.pbs </dev/null
[2026-09-07 08:23:25] [OK] XceptionNet/Cifar100/CW/ALL
[2026-09-07 08:23:25] [OK] qsub output: Your job 6474989 ("adversarial_hpc_submit.pbs") has been submitted
[2026-09-07 08:23:34] [OK] XceptionNet/Cifar100/BIM/ALL
[2026-09-07 08:23:37] [OK] XceptionNet/Cifar100/PGD/ALL
[2026-09-07 08:23:40] [SUBMIT] XceptionNet/Cifar100/DeepFool/ALL
[2026-09-07 08:23:48] [OK] qsub output: Your job 6474991 ("adversarial_hpc_submit.pbs") has been submitted
[2026-09-07 08:23:48] [OK] qsub output: Your job 6474992 ("adversarial_hpc_submit.pbs") has been submitted
[2026-09-07 08:23:48] [CMD] qsub -q all.q -l ngpus=1 -v MODEL="XceptionNet",DATASET="Cifar100",ATTACK="DeepFool",KIND="ALL",PHASE="generate",OUTPUT_DIR="adversarial_results_ep100_pre300" adversarial_hpc_submit.pbs </dev/null
[2026-09-07 08:23:49] [SUBMIT] XceptionNet/Cifar100/APGD/ALL
[2026-09-07 08:23:49] [CMD] qsub -q all.q -l ngpus=1 -v MODEL="XceptionNet",DATASET="Cifar100",ATTACK="APGD",KIND="ALL",PHASE="generate",OUTPUT_DIR="adversarial_results_ep300_pre100" adversarial_hpc_submit.pbs </dev/null
[2026-09-07 08:23:49] [SUBMIT] XceptionNet/Cifar100/FGSM/ALL
[2026-09-07 08:23:49] [CMD] qsub -q all.q -l ngpus=1 -v MODEL="XceptionNet",DATASET="Cifar100",ATTACK="FGSM",KIND="ALL",PHASE="generate",OUTPUT_DIR="adversarial_results_ep200_pre200" adversarial_hpc_submit.pbs </dev/null
[2026-09-07 08:23:54] [OK] XceptionNet/Cifar100/DeepFool/ALL
[2026-09-07 08:23:57] [OK] XceptionNet/Cifar100/FGSM/ALL
[2026-09-07 08:23:58] [OK] qsub output: Your job 6474996 ("adversarial_hpc_submit.pbs") has been submitted
[2026-09-07 08:23:58] [OK] XceptionNet/Cifar100/APGD/ALL
[2026-09-07 08:24:00] [OK] qsub output: Your job 6474998 ("adversarial_hpc_submit.pbs") has been submitted
[2026-09-07 08:24:00] [OK] qsub output: Your job 6474997 ("adversarial_hpc_submit.pbs") has been submitted
[2026-09-07 08:24:00] [SUBMIT] ConvNeXt/Cifar10/PGD/ALL
[2026-09-07 08:24:00] [CMD] qsub -q all.q -l ngpus=1 -v MODEL="ConvNeXt",DATASET="Cifar10",ATTACK="PGD",KIND="ALL",PHASE="generate",OUTPUT_DIR="adversarial_results_ep100_pre300" adversarial_hpc_submit.pbs </dev/null
[2026-09-07 08:24:00] [SUBMIT] XceptionNet/Cifar100/IFGSM/ALL
[2026-09-07 08:24:00] [SUBMIT] XceptionNet/Cifar100/CW/ALL
[2026-09-07 08:24:00] [CMD] qsub -q all.q -l ngpus=1 -v MODEL="XceptionNet",DATASET="Cifar100",ATTACK="IFGSM",KIND="ALL",PHASE="generate",OUTPUT_DIR="adversarial_results_ep200_pre200" adversarial_hpc_submit.pbs </dev/null
[2026-09-07 08:24:00] [CMD] qsub -q all.q -l ngpus=1 -v MODEL="XceptionNet",DATASET="Cifar100",ATTACK="CW",KIND="ALL",PHASE="generate",OUTPUT_DIR="adversarial_results_ep300_pre100" adversarial_hpc_submit.pbs </dev/null
[2026-09-07 08:24:07] [OK] ConvNeXt/Cifar10/PGD/ALL
[2026-09-07 08:24:08] [OK] XceptionNet/Cifar100/IFGSM/ALL
[2026-09-07 08:24:12] [OK] XceptionNet/Cifar100/CW/ALL
[2026-09-07 08:24:12] [OK] qsub output: Your job 6474999 ("adversarial_hpc_submit.pbs") has been submitted
[2026-09-07 08:24:16] [OK] qsub output: Your job 6475000 ("adversarial_hpc_submit.pbs") has been submitted
[2026-09-07 08:24:39] [OK] qsub output: Your job 6475001 ("adversarial_hpc_submit.pbs") has been submitted
[2026-09-07 08:24:44] [SUBMIT] ConvNeXt/Cifar10/FGSM/ALL
[2026-09-07 08:24:46] [SUBMIT] XceptionNet/Cifar100/BIM/ALL
[2026-09-07 08:25:06] [SUBMIT] XceptionNet/Cifar100/DeepFool/ALL
[2026-09-07 08:25:24] [CMD] qsub -q all.q -l ngpus=1 -v MODEL="ConvNeXt",DATASET="Cifar10",ATTACK="FGSM",KIND="ALL",PHASE="generate",OUTPUT_DIR="adversarial_results_ep100_pre300" adversarial_hpc_submit.pbs </dev/null
[2026-09-07 08:25:27] [CMD] qsub -q all.q -l ngpus=1 -v MODEL="XceptionNet",DATASET="Cifar100",ATTACK="BIM",KIND="ALL",PHASE="generate",OUTPUT_DIR="adversarial_results_ep200_pre200" adversarial_hpc_submit.pbs </dev/null
[2026-09-07 08:25:27] [CMD] qsub -q all.q -l ngpus=1 -v MODEL="XceptionNet",DATASET="Cifar100",ATTACK="DeepFool",KIND="ALL",PHASE="generate",OUTPUT_DIR="adversarial_results_ep300_pre100" adversarial_hpc_submit.pbs </dev/null
[2026-09-07 08:25:36] [OK] ConvNeXt/Cifar10/FGSM/ALL
[2026-09-07 08:25:51] [OK] qsub output: Your job 6475003 ("adversarial_hpc_submit.pbs") has been submitted
[2026-09-07 08:25:51] [SUBMIT] ConvNeXt/Cifar10/IFGSM/ALL
[2026-09-07 08:25:52] [CMD] qsub -q all.q -l ngpus=1 -v MODEL="ConvNeXt",DATASET="Cifar10",ATTACK="IFGSM",KIND="ALL",PHASE="generate",OUTPUT_DIR="adversarial_results_ep100_pre300" adversarial_hpc_submit.pbs </dev/null
[2026-09-07 08:25:56] [OK] XceptionNet/Cifar100/BIM/ALL
[2026-09-07 08:26:00] [OK] XceptionNet/Cifar100/DeepFool/ALL
[2026-09-07 08:26:04] [OK] ConvNeXt/Cifar10/IFGSM/ALL
[2026-09-07 08:26:10] [OK] qsub output: Your job 6475004 ("adversarial_hpc_submit.pbs") has been submitted
[2026-09-07 08:26:16] [OK] qsub output: Your job 6475005 ("adversarial_hpc_submit.pbs") has been submitted
[2026-09-07 08:26:16] [OK] qsub output: Your job 6475006 ("adversarial_hpc_submit.pbs") has been submitted
[2026-09-07 08:26:27] [SUBMIT] XceptionNet/Cifar100/APGD/ALL
[2026-09-07 08:26:32] [SUBMIT] ConvNeXt/Cifar10/PGD/ALL
[2026-09-07 08:26:32] [CMD] qsub -q all.q -l ngpus=1 -v MODEL="XceptionNet",DATASET="Cifar100",ATTACK="APGD",KIND="ALL",PHASE="generate",OUTPUT_DIR="adversarial_results_ep200_pre200" adversarial_hpc_submit.pbs </dev/null
[2026-09-07 08:26:32] [CMD] qsub -q all.q -l ngpus=1 -v MODEL="ConvNeXt",DATASET="Cifar10",ATTACK="PGD",KIND="ALL",PHASE="generate",OUTPUT_DIR="adversarial_results_ep300_pre100" adversarial_hpc_submit.pbs </dev/null
[2026-09-07 08:26:32] [SUBMIT] ConvNeXt/Cifar10/BIM/ALL
[2026-09-07 08:26:32] [CMD] qsub -q all.q -l ngpus=1 -v MODEL="ConvNeXt",DATASET="Cifar10",ATTACK="BIM",KIND="ALL",PHASE="generate",OUTPUT_DIR="adversarial_results_ep100_pre300" adversarial_hpc_submit.pbs </dev/null
[2026-09-07 08:26:34] [OK] XceptionNet/Cifar100/APGD/ALL
[2026-09-07 08:26:35] [OK] ConvNeXt/Cifar10/PGD/ALL
[2026-09-07 08:26:42] [OK] ConvNeXt/Cifar10/BIM/ALL
[2026-09-07 08:26:45] [OK] qsub output: Your job 6475008 ("adversarial_hpc_submit.pbs") has been submitted
[2026-09-07 08:26:48] [OK] qsub output: Your job 6475009 ("adversarial_hpc_submit.pbs") has been submitted
[2026-09-07 08:26:49] [OK] qsub output: Your job 6475010 ("adversarial_hpc_submit.pbs") has been submitted
[2026-09-07 08:27:06] [SUBMIT] XceptionNet/Cifar100/CW/ALL
[2026-09-07 08:27:12] [CMD] qsub -q all.q -l ngpus=1 -v MODEL="XceptionNet",DATASET="Cifar100",ATTACK="CW",KIND="ALL",PHASE="generate",OUTPUT_DIR="adversarial_results_ep200_pre200" adversarial_hpc_submit.pbs </dev/null
[2026-09-07 08:27:12] [SUBMIT] ConvNeXt/Cifar10/FGSM/ALL
[2026-09-07 08:27:12] [CMD] qsub -q all.q -l ngpus=1 -v MODEL="ConvNeXt",DATASET="Cifar10",ATTACK="FGSM",KIND="ALL",PHASE="generate",OUTPUT_DIR="adversarial_results_ep300_pre100" adversarial_hpc_submit.pbs </dev/null
[2026-09-07 08:27:12] [SUBMIT] ConvNeXt/Cifar10/APGD/ALL
[2026-09-07 08:27:12] [CMD] qsub -q all.q -l ngpus=1 -v MODEL="ConvNeXt",DATASET="Cifar10",ATTACK="APGD",KIND="ALL",PHASE="generate",OUTPUT_DIR="adversarial_results_ep100_pre300" adversarial_hpc_submit.pbs </dev/null
[2026-09-07 08:27:15] [OK] XceptionNet/Cifar100/CW/ALL
[2026-09-07 08:27:18] [OK] ConvNeXt/Cifar10/FGSM/ALL
[2026-09-07 08:27:26] [OK] qsub output: Your job 6475012 ("adversarial_hpc_submit.pbs") has been submitted
[2026-09-07 08:27:28] [OK] qsub output: Your job 6475013 ("adversarial_hpc_submit.pbs") has been submitted
[2026-09-07 08:27:28] [SUBMIT] XceptionNet/Cifar100/DeepFool/ALL
[2026-09-07 08:27:28] [OK] ConvNeXt/Cifar10/APGD/ALL
[2026-09-07 08:27:45] [SUBMIT] ConvNeXt/Cifar10/IFGSM/ALL
[2026-09-07 08:27:49] [CMD] qsub -q all.q -l ngpus=1 -v MODEL="XceptionNet",DATASET="Cifar100",ATTACK="DeepFool",KIND="ALL",PHASE="generate",OUTPUT_DIR="adversarial_results_ep200_pre200" adversarial_hpc_submit.pbs </dev/null
[2026-09-07 08:27:56] [OK] qsub output: Your job 6475014 ("adversarial_hpc_submit.pbs") has been submitted
[2026-09-07 08:28:03] [CMD] qsub -q all.q -l ngpus=1 -v MODEL="ConvNeXt",DATASET="Cifar10",ATTACK="IFGSM",KIND="ALL",PHASE="generate",OUTPUT_DIR="adversarial_results_ep300_pre100" adversarial_hpc_submit.pbs </dev/null
[2026-09-07 08:28:08] [SUBMIT] ConvNeXt/Cifar10/CW/ALL
[2026-09-07 08:28:15] [OK] XceptionNet/Cifar100/DeepFool/ALL
[2026-09-07 08:28:18] [CMD] qsub -q all.q -l ngpus=1 -v MODEL="ConvNeXt",DATASET="Cifar10",ATTACK="CW",KIND="ALL",PHASE="generate",OUTPUT_DIR="adversarial_results_ep100_pre300" adversarial_hpc_submit.pbs </dev/null
[2026-09-07 08:28:18] [OK] qsub output: Your job 6475016 ("adversarial_hpc_submit.pbs") has been submitted
[2026-09-07 08:28:18] [SUBMIT] ConvNeXt/Cifar10/PGD/ALL
[2026-09-07 08:28:18] [CMD] qsub -q all.q -l ngpus=1 -v MODEL="ConvNeXt",DATASET="Cifar10",ATTACK="PGD",KIND="ALL",PHASE="generate",OUTPUT_DIR="adversarial_results_ep200_pre200" adversarial_hpc_submit.pbs </dev/null
[2026-09-07 08:28:23] [OK] ConvNeXt/Cifar10/IFGSM/ALL
[2026-09-07 08:28:25] [OK] ConvNeXt/Cifar10/CW/ALL
[2026-09-07 08:28:26] [OK] ConvNeXt/Cifar10/PGD/ALL
[2026-09-07 08:28:28] [OK] qsub output: Your job 6475017 ("adversarial_hpc_submit.pbs") has been submitted
[2026-09-07 08:28:33] [OK] qsub output: Your job 6475018 ("adversarial_hpc_submit.pbs") has been submitted
[2026-09-07 08:28:33] [OK] qsub output: Your job 6475019 ("adversarial_hpc_submit.pbs") has been submitted
[2026-09-07 08:28:33] [SUBMIT] ConvNeXt/Cifar10/BIM/ALL
[2026-09-07 08:28:33] [SUBMIT] ConvNeXt/Cifar10/DeepFool/ALL
[2026-09-07 08:28:33] [SUBMIT] ConvNeXt/Cifar10/FGSM/ALL
[2026-09-07 08:28:34] [CMD] qsub -q all.q -l ngpus=1 -v MODEL="ConvNeXt",DATASET="Cifar10",ATTACK="BIM",KIND="ALL",PHASE="generate",OUTPUT_DIR="adversarial_results_ep300_pre100" adversarial_hpc_submit.pbs </dev/null
[2026-09-07 08:28:34] [CMD] qsub -q all.q -l ngpus=1 -v MODEL="ConvNeXt",DATASET="Cifar10",ATTACK="DeepFool",KIND="ALL",PHASE="generate",OUTPUT_DIR="adversarial_results_ep100_pre300" adversarial_hpc_submit.pbs </dev/null
[2026-09-07 08:28:34] [CMD] qsub -q all.q -l ngpus=1 -v MODEL="ConvNeXt",DATASET="Cifar10",ATTACK="FGSM",KIND="ALL",PHASE="generate",OUTPUT_DIR="adversarial_results_ep200_pre200" adversarial_hpc_submit.pbs </dev/null
[2026-09-07 08:28:38] [OK] ConvNeXt/Cifar10/BIM/ALL
[2026-09-07 08:28:41] [OK] qsub output: Your job 6475021 ("adversarial_hpc_submit.pbs") has been submitted
[2026-09-07 08:28:41] [OK] ConvNeXt/Cifar10/DeepFool/ALL
[2026-09-07 08:28:41] [OK] qsub output: Your job 6475022 ("adversarial_hpc_submit.pbs") has been submitted
[2026-09-07 08:28:41] [SUBMIT] ConvNeXt/Cifar10/APGD/ALL
[2026-09-07 08:28:41] [SUBMIT] ConvNeXt/Cifar100/PGD/ALL
[2026-09-07 08:28:41] [CMD] qsub -q all.q -l ngpus=1 -v MODEL="ConvNeXt",DATASET="Cifar10",ATTACK="APGD",KIND="ALL",PHASE="generate",OUTPUT_DIR="adversarial_results_ep300_pre100" adversarial_hpc_submit.pbs </dev/null
[2026-09-07 08:28:41] [CMD] qsub -q all.q -l ngpus=1 -v MODEL="ConvNeXt",DATASET="Cifar100",ATTACK="PGD",KIND="ALL",PHASE="generate",OUTPUT_DIR="adversarial_results_ep100_pre300" adversarial_hpc_submit.pbs </dev/null
[2026-09-07 08:28:45] [OK] ConvNeXt/Cifar10/FGSM/ALL
[2026-09-07 08:28:45] [OK] qsub output: Your job 6475023 ("adversarial_hpc_submit.pbs") has been submitted
[2026-09-07 08:28:46] [SUBMIT] ConvNeXt/Cifar10/IFGSM/ALL
[2026-09-07 08:28:47] [CMD] qsub -q all.q -l ngpus=1 -v MODEL="ConvNeXt",DATASET="Cifar10",ATTACK="IFGSM",KIND="ALL",PHASE="generate",OUTPUT_DIR="adversarial_results_ep200_pre200" adversarial_hpc_submit.pbs </dev/null
[2026-09-07 08:28:49] [OK] ConvNeXt/Cifar10/APGD/ALL
[2026-09-07 08:28:49] [OK] ConvNeXt/Cifar100/PGD/ALL
[2026-09-07 08:28:50] [OK] qsub output: Your job 6475024 ("adversarial_hpc_submit.pbs") has been submitted
[2026-09-07 08:28:50] [OK] qsub output: Your job 6475025 ("adversarial_hpc_submit.pbs") has been submitted
[2026-09-07 08:28:50] [SUBMIT] ConvNeXt/Cifar10/CW/ALL
[2026-09-07 08:28:50] [SUBMIT] ConvNeXt/Cifar100/FGSM/ALL
[2026-09-07 08:28:50] [CMD] qsub -q all.q -l ngpus=1 -v MODEL="ConvNeXt",DATASET="Cifar10",ATTACK="CW",KIND="ALL",PHASE="generate",OUTPUT_DIR="adversarial_results_ep300_pre100" adversarial_hpc_submit.pbs </dev/null
[2026-09-07 08:28:50] [CMD] qsub -q all.q -l ngpus=1 -v MODEL="ConvNeXt",DATASET="Cifar100",ATTACK="FGSM",KIND="ALL",PHASE="generate",OUTPUT_DIR="adversarial_results_ep100_pre300" adversarial_hpc_submit.pbs </dev/null
[2026-09-07 08:28:58] [OK] ConvNeXt/Cifar10/IFGSM/ALL
[2026-09-07 08:28:58] [OK] ConvNeXt/Cifar10/CW/ALL
[2026-09-07 08:29:03] [OK] ConvNeXt/Cifar100/FGSM/ALL
[2026-09-07 08:29:07] [OK] qsub output: Your job 6475026 ("adversarial_hpc_submit.pbs") has been submitted
[2026-09-07 08:29:08] [OK] qsub output: Your job 6475027 ("adversarial_hpc_submit.pbs") has been submitted
[2026-09-07 08:29:13] [OK] qsub output: Your job 6475028 ("adversarial_hpc_submit.pbs") has been submitted
[2026-09-07 08:29:13] [SUBMIT] ConvNeXt/Cifar10/BIM/ALL
[2026-09-07 08:29:22] [SUBMIT] ConvNeXt/Cifar10/DeepFool/ALL
[2026-09-07 08:29:41] [SUBMIT] ConvNeXt/Cifar100/IFGSM/ALL
[2026-09-07 08:29:43] [CMD] qsub -q all.q -l ngpus=1 -v MODEL="ConvNeXt",DATASET="Cifar10",ATTACK="BIM",KIND="ALL",PHASE="generate",OUTPUT_DIR="adversarial_results_ep200_pre200" adversarial_hpc_submit.pbs </dev/null
[2026-09-07 08:29:43] [CMD] qsub -q all.q -l ngpus=1 -v MODEL="ConvNeXt",DATASET="Cifar10",ATTACK="DeepFool",KIND="ALL",PHASE="generate",OUTPUT_DIR="adversarial_results_ep300_pre100" adversarial_hpc_submit.pbs </dev/null
[2026-09-07 08:29:43] [CMD] qsub -q all.q -l ngpus=1 -v MODEL="ConvNeXt",DATASET="Cifar100",ATTACK="IFGSM",KIND="ALL",PHASE="generate",OUTPUT_DIR="adversarial_results_ep100_pre300" adversarial_hpc_submit.pbs </dev/null
[2026-09-07 08:29:45] [OK] ConvNeXt/Cifar10/DeepFool/ALL
[2026-09-07 08:29:45] [OK] qsub output: Your job 6475032 ("adversarial_hpc_submit.pbs") has been submitted
[2026-09-07 08:29:45] [SUBMIT] ConvNeXt/Cifar100/PGD/ALL
[2026-09-07 08:29:45] [CMD] qsub -q all.q -l ngpus=1 -v MODEL="ConvNeXt",DATASET="Cifar100",ATTACK="PGD",KIND="ALL",PHASE="generate",OUTPUT_DIR="adversarial_results_ep300_pre100" adversarial_hpc_submit.pbs </dev/null
[2026-09-07 08:29:48] [OK] ConvNeXt/Cifar100/IFGSM/ALL
[2026-09-07 08:29:54] [OK] ConvNeXt/Cifar100/PGD/ALL
[2026-09-07 08:29:54] [OK] ConvNeXt/Cifar10/BIM/ALL
[2026-09-07 08:29:55] [OK] qsub output: Your job 6475031 ("adversarial_hpc_submit.pbs") has been submitted
[2026-09-07 08:30:05] [OK] qsub output: Your job 6475034 ("adversarial_hpc_submit.pbs") has been submitted
[2026-09-07 08:30:07] [OK] qsub output: Your job 6475033 ("adversarial_hpc_submit.pbs") has been submitted
[2026-09-07 08:30:08] [SUBMIT] ConvNeXt/Cifar100/BIM/ALL
[2026-09-07 08:30:08] [CMD] qsub -q all.q -l ngpus=1 -v MODEL="ConvNeXt",DATASET="Cifar100",ATTACK="BIM",KIND="ALL",PHASE="generate",OUTPUT_DIR="adversarial_results_ep100_pre300" adversarial_hpc_submit.pbs </dev/null
[2026-09-07 08:30:08] [SUBMIT] ConvNeXt/Cifar100/FGSM/ALL
[2026-09-07 08:30:08] [CMD] qsub -q all.q -l ngpus=1 -v MODEL="ConvNeXt",DATASET="Cifar100",ATTACK="FGSM",KIND="ALL",PHASE="generate",OUTPUT_DIR="adversarial_results_ep300_pre100" adversarial_hpc_submit.pbs </dev/null
[2026-09-07 08:30:08] [SUBMIT] ConvNeXt/Cifar10/APGD/ALL
[2026-09-07 08:30:08] [CMD] qsub -q all.q -l ngpus=1 -v MODEL="ConvNeXt",DATASET="Cifar10",ATTACK="APGD",KIND="ALL",PHASE="generate",OUTPUT_DIR="adversarial_results_ep200_pre200" adversarial_hpc_submit.pbs </dev/null
[2026-09-07 08:30:10] [OK] ConvNeXt/Cifar100/FGSM/ALL
[2026-09-07 08:30:11] [OK] qsub output: Your job 6475037 ("adversarial_hpc_submit.pbs") has been submitted
[2026-09-07 08:30:11] [SUBMIT] ConvNeXt/Cifar100/IFGSM/ALL
[2026-09-07 08:30:11] [CMD] qsub -q all.q -l ngpus=1 -v MODEL="ConvNeXt",DATASET="Cifar100",ATTACK="IFGSM",KIND="ALL",PHASE="generate",OUTPUT_DIR="adversarial_results_ep300_pre100" adversarial_hpc_submit.pbs </dev/null
[2026-09-07 08:30:11] [OK] ConvNeXt/Cifar10/APGD/ALL
[2026-09-07 08:30:11] [OK] qsub output: Your job 6475038 ("adversarial_hpc_submit.pbs") has been submitted
[2026-09-07 08:30:11] [SUBMIT] ConvNeXt/Cifar10/CW/ALL
[2026-09-07 08:30:12] [CMD] qsub -q all.q -l ngpus=1 -v MODEL="ConvNeXt",DATASET="Cifar10",ATTACK="CW",KIND="ALL",PHASE="generate",OUTPUT_DIR="adversarial_results_ep200_pre200" adversarial_hpc_submit.pbs </dev/null
[2026-09-07 08:30:12] [OK] ConvNeXt/Cifar100/BIM/ALL
[2026-09-07 08:30:13] [OK] qsub output: Your job 6475036 ("adversarial_hpc_submit.pbs") has been submitted
[2026-09-07 08:30:13] [SUBMIT] ConvNeXt/Cifar100/APGD/ALL
[2026-09-07 08:30:13] [CMD] qsub -q all.q -l ngpus=1 -v MODEL="ConvNeXt",DATASET="Cifar100",ATTACK="APGD",KIND="ALL",PHASE="generate",OUTPUT_DIR="adversarial_results_ep100_pre300" adversarial_hpc_submit.pbs </dev/null
[2026-09-07 08:30:15] [OK] ConvNeXt/Cifar100/IFGSM/ALL
[2026-09-07 08:30:16] [OK] qsub output: Your job 6475039 ("adversarial_hpc_submit.pbs") has been submitted
[2026-09-07 08:30:16] [SUBMIT] ConvNeXt/Cifar100/BIM/ALL
[2026-09-07 08:30:16] [CMD] qsub -q all.q -l ngpus=1 -v MODEL="ConvNeXt",DATASET="Cifar100",ATTACK="BIM",KIND="ALL",PHASE="generate",OUTPUT_DIR="adversarial_results_ep300_pre100" adversarial_hpc_submit.pbs </dev/null
[2026-09-07 08:30:17] [OK] ConvNeXt/Cifar10/CW/ALL
[2026-09-07 08:30:17] [OK] qsub output: Your job 6475040 ("adversarial_hpc_submit.pbs") has been submitted
[2026-09-07 08:30:17] [SUBMIT] ConvNeXt/Cifar10/DeepFool/ALL
[2026-09-07 08:30:17] [CMD] qsub -q all.q -l ngpus=1 -v MODEL="ConvNeXt",DATASET="Cifar10",ATTACK="DeepFool",KIND="ALL",PHASE="generate",OUTPUT_DIR="adversarial_results_ep200_pre200" adversarial_hpc_submit.pbs </dev/null
[2026-09-07 08:30:18] [OK] ConvNeXt/Cifar100/APGD/ALL
[2026-09-07 08:30:18] [OK] qsub output: Your job 6475041 ("adversarial_hpc_submit.pbs") has been submitted
[2026-09-07 08:30:18] [SUBMIT] ConvNeXt/Cifar100/CW/ALL
[2026-09-07 08:30:18] [CMD] qsub -q all.q -l ngpus=1 -v MODEL="ConvNeXt",DATASET="Cifar100",ATTACK="CW",KIND="ALL",PHASE="generate",OUTPUT_DIR="adversarial_results_ep100_pre300" adversarial_hpc_submit.pbs </dev/null
[2026-09-07 08:30:19] [OK] ConvNeXt/Cifar100/BIM/ALL
[2026-09-07 08:30:19] [OK] qsub output: Your job 6475042 ("adversarial_hpc_submit.pbs") has been submitted
[2026-09-07 08:30:19] [SUBMIT] ConvNeXt/Cifar100/APGD/ALL
[2026-09-07 08:30:20] [CMD] qsub -q all.q -l ngpus=1 -v MODEL="ConvNeXt",DATASET="Cifar100",ATTACK="APGD",KIND="ALL",PHASE="generate",OUTPUT_DIR="adversarial_results_ep300_pre100" adversarial_hpc_submit.pbs </dev/null
[2026-09-07 08:30:24] [OK] ConvNeXt/Cifar10/DeepFool/ALL
[2026-09-07 08:30:24] [OK] qsub output: Your job 6475043 ("adversarial_hpc_submit.pbs") has been submitted
[2026-09-07 08:30:24] [SUBMIT] ConvNeXt/Cifar100/PGD/ALL
[2026-09-07 08:30:24] [CMD] qsub -q all.q -l ngpus=1 -v MODEL="ConvNeXt",DATASET="Cifar100",ATTACK="PGD",KIND="ALL",PHASE="generate",OUTPUT_DIR="adversarial_results_ep200_pre200" adversarial_hpc_submit.pbs </dev/null
[2026-09-07 08:30:28] [OK] ConvNeXt/Cifar100/CW/ALL
[2026-09-07 08:30:28] [OK] qsub output: Your job 6475044 ("adversarial_hpc_submit.pbs") has been submitted
[2026-09-07 08:30:29] [SUBMIT] ConvNeXt/Cifar100/DeepFool/ALL
[2026-09-07 08:30:29] [CMD] qsub -q all.q -l ngpus=1 -v MODEL="ConvNeXt",DATASET="Cifar100",ATTACK="DeepFool",KIND="ALL",PHASE="generate",OUTPUT_DIR="adversarial_results_ep100_pre300" adversarial_hpc_submit.pbs </dev/null
[2026-09-07 08:30:29] [OK] ConvNeXt/Cifar100/APGD/ALL
[2026-09-07 08:30:30] [OK] qsub output: Your job 6475045 ("adversarial_hpc_submit.pbs") has been submitted
[2026-09-07 08:30:30] [SUBMIT] ConvNeXt/Cifar100/CW/ALL
[2026-09-07 08:30:30] [CMD] qsub -q all.q -l ngpus=1 -v MODEL="ConvNeXt",DATASET="Cifar100",ATTACK="CW",KIND="ALL",PHASE="generate",OUTPUT_DIR="adversarial_results_ep300_pre100" adversarial_hpc_submit.pbs </dev/null
[2026-09-07 08:30:30] [OK] ConvNeXt/Cifar100/PGD/ALL
[2026-09-07 08:30:31] [OK] qsub output: Your job 6475046 ("adversarial_hpc_submit.pbs") has been submitted
[2026-09-07 08:30:31] [SUBMIT] ConvNeXt/Cifar100/FGSM/ALL
[2026-09-07 08:30:31] [CMD] qsub -q all.q -l ngpus=1 -v MODEL="ConvNeXt",DATASET="Cifar100",ATTACK="FGSM",KIND="ALL",PHASE="generate",OUTPUT_DIR="adversarial_results_ep200_pre200" adversarial_hpc_submit.pbs </dev/null
[2026-09-07 08:30:34] [OK] ConvNeXt/Cifar100/CW/ALL
[2026-09-07 08:30:35] [OK] qsub output: Your job 6475048 ("adversarial_hpc_submit.pbs") has been submitted
[2026-09-07 08:30:35] [SUBMIT] ConvNeXt/Cifar100/DeepFool/ALL
[2026-09-07 08:30:35] [CMD] qsub -q all.q -l ngpus=1 -v MODEL="ConvNeXt",DATASET="Cifar100",ATTACK="DeepFool",KIND="ALL",PHASE="generate",OUTPUT_DIR="adversarial_results_ep300_pre100" adversarial_hpc_submit.pbs </dev/null
[2026-09-07 08:30:36] [OK] ConvNeXt/Cifar100/FGSM/ALL
[2026-09-07 08:30:36] [OK] qsub output: Your job 6475049 ("adversarial_hpc_submit.pbs") has been submitted
[2026-09-07 08:30:36] [SUBMIT] ConvNeXt/Cifar100/IFGSM/ALL
[2026-09-07 08:30:36] [CMD] qsub -q all.q -l ngpus=1 -v MODEL="ConvNeXt",DATASET="Cifar100",ATTACK="IFGSM",KIND="ALL",PHASE="generate",OUTPUT_DIR="adversarial_results_ep200_pre200" adversarial_hpc_submit.pbs </dev/null
[2026-09-07 08:30:37] [OK] ConvNeXt/Cifar100/DeepFool/ALL
[2026-09-07 08:30:37] [OK] qsub output: Your job 6475047 ("adversarial_hpc_submit.pbs") has been submitted
[2026-09-07 08:30:37] [SUCCESS] Submitted 84 jobs
[2026-09-07 08:30:37] Monitor progress with: qstat
[2026-09-07 08:30:37] ============================================================================
[2026-09-07 08:30:37] Job submission complete. Check logs/ for details.
[2026-09-07 08:30:37] Run log saved to: /Users/jgafur/LTH/manuscript/Tranfer/logs/adversarial_orchestrate_generate_20260907_080530.log
[2026-09-07 08:30:37] ============================================================================
[2026-09-07 08:30:38] [OK] ConvNeXt/Cifar100/DeepFool/ALL
[2026-09-07 08:30:38] [OK] qsub output: Your job 6475050 ("adversarial_hpc_submit.pbs") has been submitted
[2026-09-07 08:30:38] [SUCCESS] Submitted 84 jobs
[2026-09-07 08:30:38] Monitor progress with: qstat
[2026-09-07 08:30:38] ============================================================================
[2026-09-07 08:30:38] Job submission complete. Check logs/ for details.
[2026-09-07 08:30:38] Run log saved to: /Users/jgafur/LTH/manuscript/Tranfer/logs/adversarial_orchestrate_generate_20260907_080530.log
[2026-09-07 08:30:38] ============================================================================
[2026-09-07 08:30:46] [OK] ConvNeXt/Cifar100/IFGSM/ALL
[2026-09-07 08:30:47] [OK] qsub output: Your job 6475051 ("adversarial_hpc_submit.pbs") has been submitted
[2026-09-07 08:30:47] [SUBMIT] ConvNeXt/Cifar100/BIM/ALL
[2026-09-07 08:30:47] [CMD] qsub -q all.q -l ngpus=1 -v MODEL="ConvNeXt",DATASET="Cifar100",ATTACK="BIM",KIND="ALL",PHASE="generate",OUTPUT_DIR="adversarial_results_ep200_pre200" adversarial_hpc_submit.pbs </dev/null
[2026-09-07 08:30:50] [OK] ConvNeXt/Cifar100/BIM/ALL
[2026-09-07 08:30:51] [OK] qsub output: Your job 6475052 ("adversarial_hpc_submit.pbs") has been submitted
[2026-09-07 08:30:52] [SUBMIT] ConvNeXt/Cifar100/APGD/ALL
[2026-09-07 08:30:52] [CMD] qsub -q all.q -l ngpus=1 -v MODEL="ConvNeXt",DATASET="Cifar100",ATTACK="APGD",KIND="ALL",PHASE="generate",OUTPUT_DIR="adversarial_results_ep200_pre200" adversarial_hpc_submit.pbs </dev/null
[2026-09-07 08:30:57] [OK] ConvNeXt/Cifar100/APGD/ALL
[2026-09-07 08:31:00] [OK] qsub output: Your job 6475053 ("adversarial_hpc_submit.pbs") has been submitted
[2026-09-07 08:31:00] [SUBMIT] ConvNeXt/Cifar100/CW/ALL
[2026-09-07 08:31:03] [CMD] qsub -q all.q -l ngpus=1 -v MODEL="ConvNeXt",DATASET="Cifar100",ATTACK="CW",KIND="ALL",PHASE="generate",OUTPUT_DIR="adversarial_results_ep200_pre200" adversarial_hpc_submit.pbs </dev/null
[2026-09-07 08:31:29] [OK] ConvNeXt/Cifar100/CW/ALL
[2026-09-07 08:31:37] [OK] qsub output: Your job 6475054 ("adversarial_hpc_submit.pbs") has been submitted
[2026-09-07 08:31:39] [SUBMIT] ConvNeXt/Cifar100/DeepFool/ALL
[2026-09-07 08:31:39] [CMD] qsub -q all.q -l ngpus=1 -v MODEL="ConvNeXt",DATASET="Cifar100",ATTACK="DeepFool",KIND="ALL",PHASE="generate",OUTPUT_DIR="adversarial_results_ep200_pre200" adversarial_hpc_submit.pbs </dev/null
[2026-09-07 08:31:46] [OK] ConvNeXt/Cifar100/DeepFool/ALL
[2026-09-07 08:31:49] [OK] qsub output: Your job 6475055 ("adversarial_hpc_submit.pbs") has been submitted
[2026-09-07 08:31:49] [SUCCESS] Submitted 84 jobs
[2026-09-07 08:31:49] Monitor progress with: qstat
[2026-09-07 08:31:49] ============================================================================
[2026-09-07 08:31:49] Job submission complete. Check logs/ for details.
[2026-09-07 08:31:49] Run log saved to: /Users/jgafur/LTH/manuscript/Tranfer/logs/adversarial_orchestrate_generate_20260907_080530.log
[2026-09-07 08:31:49] ============================================================================
