[2026-09-11 09:45:00] Starting orchestration script
[2026-09-11 09:45:00] Starting orchestration script
[2026-09-11 09:45:00] Starting orchestration script
[2026-09-11 09:45:00] Script path: /Users/jgafur/LTH/manuscript/Tranfer
[2026-09-11 09:45:00] Script path: /Users/jgafur/LTH/manuscript/Tranfer
[2026-09-11 09:45:00] Script path: /Users/jgafur/LTH/manuscript/Tranfer
[2026-09-11 09:45:00] Current working directory: /Users/jgafur/LTH/manuscript/Tranfer
[2026-09-11 09:45:00] Current working directory: /Users/jgafur/LTH/manuscript/Tranfer
[2026-09-11 09:45:00] Current working directory: /Users/jgafur/LTH/manuscript/Tranfer
[2026-09-11 09:45:00] Phase: generate
[2026-09-11 09:45:00] Phase: generate
[2026-09-11 09:45:00] Phase: generate
[2026-09-11 09:45:00] Output directory: adversarial_results_ep100_pre300
[2026-09-11 09:45:00] Output directory: adversarial_results_ep300_pre100
[2026-09-11 09:45:00] Output directory: adversarial_results_ep200_pre200
[2026-09-11 09:45:00] Model filter: ALL
[2026-09-11 09:45:00] Model filter: ALL
[2026-09-11 09:45:00] Model filter: ALL
[2026-09-11 09:45:00] Dataset filter: ALL
[2026-09-11 09:45:00] Dataset filter: ALL
[2026-09-11 09:45:00] Dataset filter: ALL
[2026-09-11 09:45:00] Attack filter: ALL
[2026-09-11 09:45:00] Attack filter: ALL
[2026-09-11 09:45:00] Attack filter: ALL
[2026-09-11 09:45:00] Kind filter: ALL
[2026-09-11 09:45:00] Kind filter: ALL
[2026-09-11 09:45:00] Kind filter: ALL
[2026-09-11 09:45:00] Run log: /Users/jgafur/LTH/manuscript/Tranfer/logs/adversarial_orchestrate_generate_20260911_094500.log
[2026-09-11 09:45:00] Run log: /Users/jgafur/LTH/manuscript/Tranfer/logs/adversarial_orchestrate_generate_20260911_094500.log
[2026-09-11 09:45:00] Run log: /Users/jgafur/LTH/manuscript/Tranfer/logs/adversarial_orchestrate_generate_20260911_094500.log
[2026-09-11 09:45:00] qsub command found: /opt/sge/bin/lx-amd64/qsub
[2026-09-11 09:45:00] qsub command found: /opt/sge/bin/lx-amd64/qsub
[2026-09-11 09:45:00] Found submission file: /Users/jgafur/LTH/manuscript/Tranfer/adversarial_hpc_submit.pbs
[2026-09-11 09:45:00] qsub command found: /opt/sge/bin/lx-amd64/qsub
[2026-09-11 09:45:00] Found submission file: /Users/jgafur/LTH/manuscript/Tranfer/adversarial_hpc_submit.pbs
[2026-09-11 09:45:00] ============================================================================
[2026-09-11 09:45:00] Found submission file: /Users/jgafur/LTH/manuscript/Tranfer/adversarial_hpc_submit.pbs
[2026-09-11 09:45:00] ============================================================================
[2026-09-11 09:45:00] Adversarial Analysis HPC Orchestration
[2026-09-11 09:45:00] ============================================================================
[2026-09-11 09:45:00] Adversarial Analysis HPC Orchestration
[2026-09-11 09:45:00] ============================================================================
[2026-09-11 09:45:00] Adversarial Analysis HPC Orchestration
[2026-09-11 09:45:00] ============================================================================
[2026-09-11 09:45:00] Phase:       generate
[2026-09-11 09:45:00] ============================================================================
[2026-09-11 09:45:00] Phase:       generate
[2026-09-11 09:45:00] Output Dir:  adversarial_results_ep100_pre300
[2026-09-11 09:45:00] Output Dir:  adversarial_results_ep200_pre200
[2026-09-11 09:45:00] Models:      6 architectures
[2026-09-11 09:45:00] Models:      6 architectures
[2026-09-11 09:45:00] Phase:       generate
[2026-09-11 09:45:00] Datasets:    3 datasets
[2026-09-11 09:45:00] Datasets:    3 datasets
[2026-09-11 09:45:00] Output Dir:  adversarial_results_ep300_pre100
[2026-09-11 09:45:00] Attacks:     7 attack types
[2026-09-11 09:45:00] Attacks:     7 attack types
[2026-09-11 09:45:00] Models:      6 architectures
[2026-09-11 09:45:00] Total Jobs:  ~126
[2026-09-11 09:45:00] Total Jobs:  ~126
[2026-09-11 09:45:00] Datasets:    3 datasets
[2026-09-11 09:45:00] ============================================================================
[2026-09-11 09:45:00] ============================================================================
[2026-09-11 09:45:00] Attacks:     7 attack types
[2026-09-11 09:45:00] Total Jobs:  ~126
[2026-09-11 09:45:00] Run outputs will be written as txt files in manuscript/Tranfer/
[2026-09-11 09:45:00] Run outputs will be written as txt files in manuscript/Tranfer/
[2026-09-11 09:45:00] ============================================================================
[2026-09-11 09:45:00]   - generate:      <MODEL>_<DATASET>_<ATTACK>_<KIND>_generate_run.txt
[2026-09-11 09:45:00]   - generate:      <MODEL>_<DATASET>_<ATTACK>_<KIND>_generate_run.txt
[2026-09-11 09:45:00]   - analyze:       adversarial_analyze_run.txt
[2026-09-11 09:45:00] Run outputs will be written as txt files in manuscript/Tranfer/
[2026-09-11 09:45:00]   - analyze:       adversarial_analyze_run.txt
[2026-09-11 09:45:00]   - plot:          adversarial_plot_run.txt
[2026-09-11 09:45:00]   - generate:      <MODEL>_<DATASET>_<ATTACK>_<KIND>_generate_run.txt
[2026-09-11 09:45:00]   - plot:          adversarial_plot_run.txt
[2026-09-11 09:45:00]   - gradient_sim:  adversarial_gradient_sim_run.txt
[2026-09-11 09:45:00]   - analyze:       adversarial_analyze_run.txt
[2026-09-11 09:45:00]   - gradient_sim:  adversarial_gradient_sim_run.txt
[2026-09-11 09:45:00]   - epsilon_sweep: adversarial_epsilon_sweep_run.txt
[2026-09-11 09:45:00]   - plot:          adversarial_plot_run.txt
[2026-09-11 09:45:00]   - epsilon_sweep: adversarial_epsilon_sweep_run.txt
[2026-09-11 09:45:00]   - statistics:    adversarial_statistics_run.txt
[2026-09-11 09:45:00]   - gradient_sim:  adversarial_gradient_sim_run.txt
[2026-09-11 09:45:00]   - statistics:    adversarial_statistics_run.txt
[2026-09-11 09:45:00]   - cka:           adversarial_cka_run.txt
[2026-09-11 09:45:00]   - epsilon_sweep: adversarial_epsilon_sweep_run.txt
[2026-09-11 09:45:00]   - cka:           adversarial_cka_run.txt
[2026-09-11 09:45:01]   - compare:       adversarial_compare_run.txt
[2026-09-11 09:45:01]   - compare:       adversarial_compare_run.txt
[2026-09-11 09:45:01]   - statistics:    adversarial_statistics_run.txt
[2026-09-11 09:45:01]   - compute_tradeoff: adversarial_compute_tradeoff_run.txt
[2026-09-11 09:45:01]   - cka:           adversarial_cka_run.txt
[2026-09-11 09:45:01]   - compute_tradeoff: adversarial_compute_tradeoff_run.txt
[2026-09-11 09:45:01]   - correlations:  adversarial_correlations_run.txt
[2026-09-11 09:45:01]   - compare:       adversarial_compare_run.txt
[2026-09-11 09:45:01]   - correlations:  adversarial_correlations_run.txt
[2026-09-11 09:45:01] [PHASE: GENERATE] Submitting attack generation jobs...
[2026-09-11 09:45:01]   - compute_tradeoff: adversarial_compute_tradeoff_run.txt
[2026-09-11 09:45:01] [SUBMIT] VGG16/Cifar10/PGD/ALL
[2026-09-11 09:45:01] [PHASE: GENERATE] Submitting attack generation jobs...
[2026-09-11 09:45:01]   - correlations:  adversarial_correlations_run.txt
[2026-09-11 09:45:01] [SUBMIT] VGG16/Cifar10/PGD/ALL
[2026-09-11 09:45:01] [CMD] qsub -q all.q -l ngpus=1 -v MODEL="VGG16",DATASET="Cifar10",ATTACK="PGD",KIND="ALL",PHASE="generate",OUTPUT_DIR="adversarial_results_ep100_pre300" adversarial_hpc_submit.pbs </dev/null
[2026-09-11 09:45:01] [PHASE: GENERATE] Submitting attack generation jobs...
[2026-09-11 09:45:01] [CMD] qsub -q all.q -l ngpus=1 -v MODEL="VGG16",DATASET="Cifar10",ATTACK="PGD",KIND="ALL",PHASE="generate",OUTPUT_DIR="adversarial_results_ep200_pre200" adversarial_hpc_submit.pbs </dev/null
[2026-09-11 09:45:01] [SUBMIT] VGG16/Cifar10/PGD/ALL
[2026-09-11 09:45:01] [CMD] qsub -q all.q -l ngpus=1 -v MODEL="VGG16",DATASET="Cifar10",ATTACK="PGD",KIND="ALL",PHASE="generate",OUTPUT_DIR="adversarial_results_ep300_pre100" adversarial_hpc_submit.pbs </dev/null
[2026-09-11 09:45:03] [OK] VGG16/Cifar10/PGD/ALL
[2026-09-11 09:45:03] [OK] qsub output: Your job 6504243 ("adversarial_hpc_submit.pbs") has been submitted
[2026-09-11 09:45:03] [SUBMIT] VGG16/Cifar10/FGSM/ALL
[2026-09-11 09:45:03] [CMD] qsub -q all.q -l ngpus=1 -v MODEL="VGG16",DATASET="Cifar10",ATTACK="FGSM",KIND="ALL",PHASE="generate",OUTPUT_DIR="adversarial_results_ep100_pre300" adversarial_hpc_submit.pbs </dev/null
[2026-09-11 09:45:06] [OK] VGG16/Cifar10/PGD/ALL
[2026-09-11 09:45:06] [OK] qsub output: Your job 6504245 ("adversarial_hpc_submit.pbs") has been submitted
[2026-09-11 09:45:06] [SUBMIT] VGG16/Cifar10/FGSM/ALL
[2026-09-11 09:45:06] [CMD] qsub -q all.q -l ngpus=1 -v MODEL="VGG16",DATASET="Cifar10",ATTACK="FGSM",KIND="ALL",PHASE="generate",OUTPUT_DIR="adversarial_results_ep300_pre100" adversarial_hpc_submit.pbs </dev/null
[2026-09-11 09:45:06] [OK] VGG16/Cifar10/PGD/ALL
[2026-09-11 09:45:07] [OK] qsub output: Your job 6504244 ("adversarial_hpc_submit.pbs") has been submitted
[2026-09-11 09:45:07] [SUBMIT] VGG16/Cifar10/FGSM/ALL
[2026-09-11 09:45:07] [CMD] qsub -q all.q -l ngpus=1 -v MODEL="VGG16",DATASET="Cifar10",ATTACK="FGSM",KIND="ALL",PHASE="generate",OUTPUT_DIR="adversarial_results_ep200_pre200" adversarial_hpc_submit.pbs </dev/null
[2026-09-11 09:45:07] [OK] VGG16/Cifar10/FGSM/ALL
[2026-09-11 09:45:07] [OK] qsub output: Your job 6504246 ("adversarial_hpc_submit.pbs") has been submitted
[2026-09-11 09:45:08] [SUBMIT] VGG16/Cifar10/IFGSM/ALL
[2026-09-11 09:45:08] [CMD] qsub -q all.q -l ngpus=1 -v MODEL="VGG16",DATASET="Cifar10",ATTACK="IFGSM",KIND="ALL",PHASE="generate",OUTPUT_DIR="adversarial_results_ep100_pre300" adversarial_hpc_submit.pbs </dev/null
[2026-09-11 09:45:11] [OK] VGG16/Cifar10/FGSM/ALL
[2026-09-11 09:45:11] [OK] qsub output: Your job 6504249 ("adversarial_hpc_submit.pbs") has been submitted
[2026-09-11 09:45:12] [SUBMIT] VGG16/Cifar10/IFGSM/ALL
[2026-09-11 09:45:12] [CMD] qsub -q all.q -l ngpus=1 -v MODEL="VGG16",DATASET="Cifar10",ATTACK="IFGSM",KIND="ALL",PHASE="generate",OUTPUT_DIR="adversarial_results_ep200_pre200" adversarial_hpc_submit.pbs </dev/null
[2026-09-11 09:45:12] [OK] VGG16/Cifar10/FGSM/ALL
[2026-09-11 09:45:12] [OK] qsub output: Your job 6504247 ("adversarial_hpc_submit.pbs") has been submitted
[2026-09-11 09:45:13] [SUBMIT] VGG16/Cifar10/IFGSM/ALL
[2026-09-11 09:45:13] [CMD] qsub -q all.q -l ngpus=1 -v MODEL="VGG16",DATASET="Cifar10",ATTACK="IFGSM",KIND="ALL",PHASE="generate",OUTPUT_DIR="adversarial_results_ep300_pre100" adversarial_hpc_submit.pbs </dev/null
[2026-09-11 09:45:15] [OK] VGG16/Cifar10/IFGSM/ALL
[2026-09-11 09:45:15] [OK] qsub output: Your job 6504250 ("adversarial_hpc_submit.pbs") has been submitted
[2026-09-11 09:45:15] [SUBMIT] VGG16/Cifar10/BIM/ALL
[2026-09-11 09:45:15] [CMD] qsub -q all.q -l ngpus=1 -v MODEL="VGG16",DATASET="Cifar10",ATTACK="BIM",KIND="ALL",PHASE="generate",OUTPUT_DIR="adversarial_results_ep100_pre300" adversarial_hpc_submit.pbs </dev/null
[2026-09-11 09:45:18] [OK] VGG16/Cifar10/IFGSM/ALL
[2026-09-11 09:45:18] [OK] qsub output: Your job 6504252 ("adversarial_hpc_submit.pbs") has been submitted
[2026-09-11 09:45:18] [SUBMIT] VGG16/Cifar10/BIM/ALL
[2026-09-11 09:45:18] [CMD] qsub -q all.q -l ngpus=1 -v MODEL="VGG16",DATASET="Cifar10",ATTACK="BIM",KIND="ALL",PHASE="generate",OUTPUT_DIR="adversarial_results_ep200_pre200" adversarial_hpc_submit.pbs </dev/null
[2026-09-11 09:45:21] [OK] VGG16/Cifar10/IFGSM/ALL
[2026-09-11 09:45:21] [OK] qsub output: Your job 6504253 ("adversarial_hpc_submit.pbs") has been submitted
[2026-09-11 09:45:21] [SUBMIT] VGG16/Cifar10/BIM/ALL
[2026-09-11 09:45:21] [CMD] qsub -q all.q -l ngpus=1 -v MODEL="VGG16",DATASET="Cifar10",ATTACK="BIM",KIND="ALL",PHASE="generate",OUTPUT_DIR="adversarial_results_ep300_pre100" adversarial_hpc_submit.pbs </dev/null
[2026-09-11 09:45:26] [OK] VGG16/Cifar10/BIM/ALL
[2026-09-11 09:45:26] [OK] qsub output: Your job 6504255 ("adversarial_hpc_submit.pbs") has been submitted
[2026-09-11 09:45:26] [SUBMIT] VGG16/Cifar10/APGD/ALL
[2026-09-11 09:45:26] [CMD] qsub -q all.q -l ngpus=1 -v MODEL="VGG16",DATASET="Cifar10",ATTACK="APGD",KIND="ALL",PHASE="generate",OUTPUT_DIR="adversarial_results_ep200_pre200" adversarial_hpc_submit.pbs </dev/null
[2026-09-11 09:45:30] [OK] VGG16/Cifar10/BIM/ALL
[2026-09-11 09:45:30] [OK] qsub output: Your job 6504254 ("adversarial_hpc_submit.pbs") has been submitted
[2026-09-11 09:45:30] [SUBMIT] VGG16/Cifar10/APGD/ALL
[2026-09-11 09:45:30] [CMD] qsub -q all.q -l ngpus=1 -v MODEL="VGG16",DATASET="Cifar10",ATTACK="APGD",KIND="ALL",PHASE="generate",OUTPUT_DIR="adversarial_results_ep100_pre300" adversarial_hpc_submit.pbs </dev/null
[2026-09-11 09:45:36] [OK] VGG16/Cifar10/APGD/ALL
[2026-09-11 09:45:36] [OK] qsub output: Your job 6504258 ("adversarial_hpc_submit.pbs") has been submitted
[2026-09-11 09:45:36] [SUBMIT] VGG16/Cifar10/CW/ALL
[2026-09-11 09:45:36] [CMD] qsub -q all.q -l ngpus=1 -v MODEL="VGG16",DATASET="Cifar10",ATTACK="CW",KIND="ALL",PHASE="generate",OUTPUT_DIR="adversarial_results_ep200_pre200" adversarial_hpc_submit.pbs </dev/null
[2026-09-11 09:45:39] [OK] VGG16/Cifar10/BIM/ALL
[2026-09-11 09:45:40] [OK] qsub output: Your job 6504257 ("adversarial_hpc_submit.pbs") has been submitted
[2026-09-11 09:45:40] [SUBMIT] VGG16/Cifar10/APGD/ALL
[2026-09-11 09:45:40] [CMD] qsub -q all.q -l ngpus=1 -v MODEL="VGG16",DATASET="Cifar10",ATTACK="APGD",KIND="ALL",PHASE="generate",OUTPUT_DIR="adversarial_results_ep300_pre100" adversarial_hpc_submit.pbs </dev/null
[2026-09-11 09:45:45] [OK] VGG16/Cifar10/APGD/ALL
[2026-09-11 09:45:45] [OK] qsub output: Your job 6504259 ("adversarial_hpc_submit.pbs") has been submitted
[2026-09-11 09:45:45] [SUBMIT] VGG16/Cifar10/CW/ALL
[2026-09-11 09:45:45] [CMD] qsub -q all.q -l ngpus=1 -v MODEL="VGG16",DATASET="Cifar10",ATTACK="CW",KIND="ALL",PHASE="generate",OUTPUT_DIR="adversarial_results_ep100_pre300" adversarial_hpc_submit.pbs </dev/null
[2026-09-11 09:45:46] [OK] VGG16/Cifar10/CW/ALL
[2026-09-11 09:45:46] [OK] qsub output: Your job 6504260 ("adversarial_hpc_submit.pbs") has been submitted
[2026-09-11 09:45:46] [SUBMIT] VGG16/Cifar10/DeepFool/ALL
[2026-09-11 09:45:46] [CMD] qsub -q all.q -l ngpus=1 -v MODEL="VGG16",DATASET="Cifar10",ATTACK="DeepFool",KIND="ALL",PHASE="generate",OUTPUT_DIR="adversarial_results_ep200_pre200" adversarial_hpc_submit.pbs </dev/null
[2026-09-11 09:45:48] [OK] VGG16/Cifar10/CW/ALL
[2026-09-11 09:45:48] [OK] qsub output: Your job 6504262 ("adversarial_hpc_submit.pbs") has been submitted
[2026-09-11 09:45:48] [SUBMIT] VGG16/Cifar10/DeepFool/ALL
[2026-09-11 09:45:48] [CMD] qsub -q all.q -l ngpus=1 -v MODEL="VGG16",DATASET="Cifar10",ATTACK="DeepFool",KIND="ALL",PHASE="generate",OUTPUT_DIR="adversarial_results_ep100_pre300" adversarial_hpc_submit.pbs </dev/null
[2026-09-11 09:45:50] [OK] VGG16/Cifar10/DeepFool/ALL
[2026-09-11 09:45:50] [OK] qsub output: Your job 6504263 ("adversarial_hpc_submit.pbs") has been submitted
[2026-09-11 09:45:51] [SUBMIT] VGG16/Cifar100/PGD/ALL
[2026-09-11 09:45:51] [CMD] qsub -q all.q -l ngpus=1 -v MODEL="VGG16",DATASET="Cifar100",ATTACK="PGD",KIND="ALL",PHASE="generate",OUTPUT_DIR="adversarial_results_ep200_pre200" adversarial_hpc_submit.pbs </dev/null
[2026-09-11 09:45:51] [OK] VGG16/Cifar10/APGD/ALL
[2026-09-11 09:45:51] [OK] qsub output: Your job 6504261 ("adversarial_hpc_submit.pbs") has been submitted
[2026-09-11 09:45:51] [SUBMIT] VGG16/Cifar10/CW/ALL
[2026-09-11 09:45:51] [CMD] qsub -q all.q -l ngpus=1 -v MODEL="VGG16",DATASET="Cifar10",ATTACK="CW",KIND="ALL",PHASE="generate",OUTPUT_DIR="adversarial_results_ep300_pre100" adversarial_hpc_submit.pbs </dev/null
[2026-09-11 09:45:53] [OK] VGG16/Cifar100/PGD/ALL
[2026-09-11 09:45:53] [OK] qsub output: Your job 6504265 ("adversarial_hpc_submit.pbs") has been submitted
[2026-09-11 09:45:53] [SUBMIT] VGG16/Cifar100/FGSM/ALL
[2026-09-11 09:45:53] [CMD] qsub -q all.q -l ngpus=1 -v MODEL="VGG16",DATASET="Cifar100",ATTACK="FGSM",KIND="ALL",PHASE="generate",OUTPUT_DIR="adversarial_results_ep200_pre200" adversarial_hpc_submit.pbs </dev/null
[2026-09-11 09:45:56] [OK] VGG16/Cifar10/DeepFool/ALL
[2026-09-11 09:45:56] [OK] qsub output: Your job 6504264 ("adversarial_hpc_submit.pbs") has been submitted
[2026-09-11 09:45:56] [SUBMIT] VGG16/Cifar100/PGD/ALL
[2026-09-11 09:45:56] [CMD] qsub -q all.q -l ngpus=1 -v MODEL="VGG16",DATASET="Cifar100",ATTACK="PGD",KIND="ALL",PHASE="generate",OUTPUT_DIR="adversarial_results_ep100_pre300" adversarial_hpc_submit.pbs </dev/null
[2026-09-11 09:45:58] [OK] VGG16/Cifar100/FGSM/ALL
[2026-09-11 09:45:58] [OK] qsub output: Your job 6504267 ("adversarial_hpc_submit.pbs") has been submitted
[2026-09-11 09:45:58] [SUBMIT] VGG16/Cifar100/IFGSM/ALL
[2026-09-11 09:45:58] [CMD] qsub -q all.q -l ngpus=1 -v MODEL="VGG16",DATASET="Cifar100",ATTACK="IFGSM",KIND="ALL",PHASE="generate",OUTPUT_DIR="adversarial_results_ep200_pre200" adversarial_hpc_submit.pbs </dev/null
[2026-09-11 09:46:01] [OK] VGG16/Cifar10/CW/ALL
[2026-09-11 09:46:01] [OK] qsub output: Your job 6504266 ("adversarial_hpc_submit.pbs") has been submitted
[2026-09-11 09:46:01] [SUBMIT] VGG16/Cifar10/DeepFool/ALL
[2026-09-11 09:46:01] [CMD] qsub -q all.q -l ngpus=1 -v MODEL="VGG16",DATASET="Cifar10",ATTACK="DeepFool",KIND="ALL",PHASE="generate",OUTPUT_DIR="adversarial_results_ep300_pre100" adversarial_hpc_submit.pbs </dev/null
[2026-09-11 09:46:03] [OK] VGG16/Cifar100/IFGSM/ALL
[2026-09-11 09:46:03] [OK] qsub output: Your job 6504269 ("adversarial_hpc_submit.pbs") has been submitted
[2026-09-11 09:46:03] [SUBMIT] VGG16/Cifar100/BIM/ALL
[2026-09-11 09:46:03] [CMD] qsub -q all.q -l ngpus=1 -v MODEL="VGG16",DATASET="Cifar100",ATTACK="BIM",KIND="ALL",PHASE="generate",OUTPUT_DIR="adversarial_results_ep200_pre200" adversarial_hpc_submit.pbs </dev/null
[2026-09-11 09:46:06] [OK] VGG16/Cifar100/PGD/ALL
[2026-09-11 09:46:06] [OK] qsub output: Your job 6504268 ("adversarial_hpc_submit.pbs") has been submitted
[2026-09-11 09:46:06] [SUBMIT] VGG16/Cifar100/FGSM/ALL
[2026-09-11 09:46:06] [CMD] qsub -q all.q -l ngpus=1 -v MODEL="VGG16",DATASET="Cifar100",ATTACK="FGSM",KIND="ALL",PHASE="generate",OUTPUT_DIR="adversarial_results_ep100_pre300" adversarial_hpc_submit.pbs </dev/null
[2026-09-11 09:46:11] [OK] VGG16/Cifar10/DeepFool/ALL
[2026-09-11 09:46:11] [OK] qsub output: Your job 6504270 ("adversarial_hpc_submit.pbs") has been submitted
[2026-09-11 09:46:11] [SUBMIT] VGG16/Cifar100/PGD/ALL
[2026-09-11 09:46:11] [CMD] qsub -q all.q -l ngpus=1 -v MODEL="VGG16",DATASET="Cifar100",ATTACK="PGD",KIND="ALL",PHASE="generate",OUTPUT_DIR="adversarial_results_ep300_pre100" adversarial_hpc_submit.pbs </dev/null
[2026-09-11 09:46:12] [OK] VGG16/Cifar100/BIM/ALL
[2026-09-11 09:46:12] [OK] qsub output: Your job 6504271 ("adversarial_hpc_submit.pbs") has been submitted
[2026-09-11 09:46:12] [OK] VGG16/Cifar100/FGSM/ALL
[2026-09-11 09:46:13] [OK] qsub output: Your job 6504272 ("adversarial_hpc_submit.pbs") has been submitted
[2026-09-11 09:46:13] [SUBMIT] VGG16/Cifar100/APGD/ALL
[2026-09-11 09:46:13] [CMD] qsub -q all.q -l ngpus=1 -v MODEL="VGG16",DATASET="Cifar100",ATTACK="APGD",KIND="ALL",PHASE="generate",OUTPUT_DIR="adversarial_results_ep200_pre200" adversarial_hpc_submit.pbs </dev/null
[2026-09-11 09:46:13] [SUBMIT] VGG16/Cifar100/IFGSM/ALL
[2026-09-11 09:46:13] [CMD] qsub -q all.q -l ngpus=1 -v MODEL="VGG16",DATASET="Cifar100",ATTACK="IFGSM",KIND="ALL",PHASE="generate",OUTPUT_DIR="adversarial_results_ep100_pre300" adversarial_hpc_submit.pbs </dev/null
[2026-09-11 09:46:15] [OK] VGG16/Cifar100/APGD/ALL
[2026-09-11 09:46:15] [OK] qsub output: Your job 6504274 ("adversarial_hpc_submit.pbs") has been submitted
[2026-09-11 09:46:15] [OK] VGG16/Cifar100/PGD/ALL
[2026-09-11 09:46:15] [OK] qsub output: Your job 6504273 ("adversarial_hpc_submit.pbs") has been submitted
[2026-09-11 09:46:15] [SUBMIT] VGG16/Cifar100/CW/ALL
[2026-09-11 09:46:15] [CMD] qsub -q all.q -l ngpus=1 -v MODEL="VGG16",DATASET="Cifar100",ATTACK="CW",KIND="ALL",PHASE="generate",OUTPUT_DIR="adversarial_results_ep200_pre200" adversarial_hpc_submit.pbs </dev/null
[2026-09-11 09:46:15] [SUBMIT] VGG16/Cifar100/FGSM/ALL
[2026-09-11 09:46:15] [CMD] qsub -q all.q -l ngpus=1 -v MODEL="VGG16",DATASET="Cifar100",ATTACK="FGSM",KIND="ALL",PHASE="generate",OUTPUT_DIR="adversarial_results_ep300_pre100" adversarial_hpc_submit.pbs </dev/null
[2026-09-11 09:46:20] [OK] VGG16/Cifar100/IFGSM/ALL
[2026-09-11 09:46:20] [OK] qsub output: Your job 6504275 ("adversarial_hpc_submit.pbs") has been submitted
[2026-09-11 09:46:20] [SUBMIT] VGG16/Cifar100/BIM/ALL
[2026-09-11 09:46:20] [CMD] qsub -q all.q -l ngpus=1 -v MODEL="VGG16",DATASET="Cifar100",ATTACK="BIM",KIND="ALL",PHASE="generate",OUTPUT_DIR="adversarial_results_ep100_pre300" adversarial_hpc_submit.pbs </dev/null
[2026-09-11 09:46:23] [OK] VGG16/Cifar100/CW/ALL
[2026-09-11 09:46:23] [OK] qsub output: Your job 6504276 ("adversarial_hpc_submit.pbs") has been submitted
[2026-09-11 09:46:23] [SUBMIT] VGG16/Cifar100/DeepFool/ALL
[2026-09-11 09:46:23] [CMD] qsub -q all.q -l ngpus=1 -v MODEL="VGG16",DATASET="Cifar100",ATTACK="DeepFool",KIND="ALL",PHASE="generate",OUTPUT_DIR="adversarial_results_ep200_pre200" adversarial_hpc_submit.pbs </dev/null
[2026-09-11 09:46:24] [OK] VGG16/Cifar100/FGSM/ALL
[2026-09-11 09:46:24] [OK] qsub output: Your job 6504277 ("adversarial_hpc_submit.pbs") has been submitted
[2026-09-11 09:46:24] [SUBMIT] VGG16/Cifar100/IFGSM/ALL
[2026-09-11 09:46:24] [CMD] qsub -q all.q -l ngpus=1 -v MODEL="VGG16",DATASET="Cifar100",ATTACK="IFGSM",KIND="ALL",PHASE="generate",OUTPUT_DIR="adversarial_results_ep300_pre100" adversarial_hpc_submit.pbs </dev/null
[2026-09-11 09:46:25] [OK] VGG16/Cifar100/BIM/ALL
[2026-09-11 09:46:25] [OK] qsub output: Your job 6504279 ("adversarial_hpc_submit.pbs") has been submitted
[2026-09-11 09:46:25] [SUBMIT] VGG16/Cifar100/APGD/ALL
[2026-09-11 09:46:25] [CMD] qsub -q all.q -l ngpus=1 -v MODEL="VGG16",DATASET="Cifar100",ATTACK="APGD",KIND="ALL",PHASE="generate",OUTPUT_DIR="adversarial_results_ep100_pre300" adversarial_hpc_submit.pbs </dev/null
[2026-09-11 09:46:28] [OK] VGG16/Cifar100/DeepFool/ALL
[2026-09-11 09:46:29] [OK] qsub output: Your job 6504280 ("adversarial_hpc_submit.pbs") has been submitted
[2026-09-11 09:46:29] [SUBMIT] VGG16/TinyImageNet/PGD/ALL
[2026-09-11 09:46:29] [CMD] qsub -q all.q -l ngpus=1 -v MODEL="VGG16",DATASET="TinyImageNet",ATTACK="PGD",KIND="ALL",PHASE="generate",OUTPUT_DIR="adversarial_results_ep200_pre200" adversarial_hpc_submit.pbs </dev/null
[2026-09-11 09:46:30] [OK] VGG16/Cifar100/IFGSM/ALL
[2026-09-11 09:46:30] [OK] qsub output: Your job 6504281 ("adversarial_hpc_submit.pbs") has been submitted
[2026-09-11 09:46:30] [SUBMIT] VGG16/Cifar100/BIM/ALL
[2026-09-11 09:46:30] [CMD] qsub -q all.q -l ngpus=1 -v MODEL="VGG16",DATASET="Cifar100",ATTACK="BIM",KIND="ALL",PHASE="generate",OUTPUT_DIR="adversarial_results_ep300_pre100" adversarial_hpc_submit.pbs </dev/null
[2026-09-11 09:46:31] [OK] VGG16/TinyImageNet/PGD/ALL
[2026-09-11 09:46:31] [OK] qsub output: Your job 6504283 ("adversarial_hpc_submit.pbs") has been submitted
[2026-09-11 09:46:31] [SUBMIT] VGG16/TinyImageNet/FGSM/ALL
[2026-09-11 09:46:31] [CMD] qsub -q all.q -l ngpus=1 -v MODEL="VGG16",DATASET="TinyImageNet",ATTACK="FGSM",KIND="ALL",PHASE="generate",OUTPUT_DIR="adversarial_results_ep200_pre200" adversarial_hpc_submit.pbs </dev/null
[2026-09-11 09:46:33] [OK] VGG16/Cifar100/APGD/ALL
[2026-09-11 09:46:33] [OK] qsub output: Your job 6504282 ("adversarial_hpc_submit.pbs") has been submitted
[2026-09-11 09:46:33] [SUBMIT] VGG16/Cifar100/CW/ALL
[2026-09-11 09:46:33] [CMD] qsub -q all.q -l ngpus=1 -v MODEL="VGG16",DATASET="Cifar100",ATTACK="CW",KIND="ALL",PHASE="generate",OUTPUT_DIR="adversarial_results_ep100_pre300" adversarial_hpc_submit.pbs </dev/null
[2026-09-11 09:46:40] [OK] VGG16/Cifar100/BIM/ALL
[2026-09-11 09:46:40] [OK] qsub output: Your job 6504284 ("adversarial_hpc_submit.pbs") has been submitted
[2026-09-11 09:46:40] [SUBMIT] VGG16/Cifar100/APGD/ALL
[2026-09-11 09:46:40] [CMD] qsub -q all.q -l ngpus=1 -v MODEL="VGG16",DATASET="Cifar100",ATTACK="APGD",KIND="ALL",PHASE="generate",OUTPUT_DIR="adversarial_results_ep300_pre100" adversarial_hpc_submit.pbs </dev/null
[2026-09-11 09:46:41] [OK] VGG16/TinyImageNet/FGSM/ALL
[2026-09-11 09:46:41] [OK] qsub output: Your job 6504285 ("adversarial_hpc_submit.pbs") has been submitted
[2026-09-11 09:46:41] [SUBMIT] VGG16/TinyImageNet/IFGSM/ALL
[2026-09-11 09:46:41] [CMD] qsub -q all.q -l ngpus=1 -v MODEL="VGG16",DATASET="TinyImageNet",ATTACK="IFGSM",KIND="ALL",PHASE="generate",OUTPUT_DIR="adversarial_results_ep200_pre200" adversarial_hpc_submit.pbs </dev/null
[2026-09-11 09:46:47] [OK] VGG16/Cifar100/CW/ALL
[2026-09-11 09:46:47] [OK] qsub output: Your job 6504286 ("adversarial_hpc_submit.pbs") has been submitted
[2026-09-11 09:46:47] [SUBMIT] VGG16/Cifar100/DeepFool/ALL
[2026-09-11 09:46:47] [CMD] qsub -q all.q -l ngpus=1 -v MODEL="VGG16",DATASET="Cifar100",ATTACK="DeepFool",KIND="ALL",PHASE="generate",OUTPUT_DIR="adversarial_results_ep100_pre300" adversarial_hpc_submit.pbs </dev/null
[2026-09-11 09:46:50] [OK] VGG16/Cifar100/APGD/ALL
[2026-09-11 09:46:50] [OK] qsub output: Your job 6504288 ("adversarial_hpc_submit.pbs") has been submitted
[2026-09-11 09:46:50] [SUBMIT] VGG16/Cifar100/CW/ALL
[2026-09-11 09:46:50] [CMD] qsub -q all.q -l ngpus=1 -v MODEL="VGG16",DATASET="Cifar100",ATTACK="CW",KIND="ALL",PHASE="generate",OUTPUT_DIR="adversarial_results_ep300_pre100" adversarial_hpc_submit.pbs </dev/null
[2026-09-11 09:46:59] [OK] VGG16/TinyImageNet/IFGSM/ALL
[2026-09-11 09:46:59] [OK] qsub output: Your job 6504289 ("adversarial_hpc_submit.pbs") has been submitted
[2026-09-11 09:46:59] [SUBMIT] VGG16/TinyImageNet/BIM/ALL
[2026-09-11 09:46:59] [CMD] qsub -q all.q -l ngpus=1 -v MODEL="VGG16",DATASET="TinyImageNet",ATTACK="BIM",KIND="ALL",PHASE="generate",OUTPUT_DIR="adversarial_results_ep200_pre200" adversarial_hpc_submit.pbs </dev/null
[2026-09-11 09:46:59] [OK] VGG16/Cifar100/DeepFool/ALL
[2026-09-11 09:46:59] [OK] qsub output: Your job 6504290 ("adversarial_hpc_submit.pbs") has been submitted
[2026-09-11 09:46:59] [SUBMIT] VGG16/TinyImageNet/PGD/ALL
[2026-09-11 09:46:59] [CMD] qsub -q all.q -l ngpus=1 -v MODEL="VGG16",DATASET="TinyImageNet",ATTACK="PGD",KIND="ALL",PHASE="generate",OUTPUT_DIR="adversarial_results_ep100_pre300" adversarial_hpc_submit.pbs </dev/null
[2026-09-11 09:47:00] [OK] VGG16/Cifar100/CW/ALL
[2026-09-11 09:47:00] [OK] qsub output: Your job 6504291 ("adversarial_hpc_submit.pbs") has been submitted
[2026-09-11 09:47:00] [SUBMIT] VGG16/Cifar100/DeepFool/ALL
[2026-09-11 09:47:00] [CMD] qsub -q all.q -l ngpus=1 -v MODEL="VGG16",DATASET="Cifar100",ATTACK="DeepFool",KIND="ALL",PHASE="generate",OUTPUT_DIR="adversarial_results_ep300_pre100" adversarial_hpc_submit.pbs </dev/null
[2026-09-11 09:47:03] [OK] VGG16/TinyImageNet/BIM/ALL
[2026-09-11 09:47:03] [OK] qsub output: Your job 6504292 ("adversarial_hpc_submit.pbs") has been submitted
[2026-09-11 09:47:03] [SUBMIT] VGG16/TinyImageNet/APGD/ALL
[2026-09-11 09:47:03] [CMD] qsub -q all.q -l ngpus=1 -v MODEL="VGG16",DATASET="TinyImageNet",ATTACK="APGD",KIND="ALL",PHASE="generate",OUTPUT_DIR="adversarial_results_ep200_pre200" adversarial_hpc_submit.pbs </dev/null
[2026-09-11 09:47:04] [OK] VGG16/TinyImageNet/PGD/ALL
[2026-09-11 09:47:04] [OK] qsub output: Your job 6504293 ("adversarial_hpc_submit.pbs") has been submitted
[2026-09-11 09:47:04] [SUBMIT] VGG16/TinyImageNet/FGSM/ALL
[2026-09-11 09:47:04] [CMD] qsub -q all.q -l ngpus=1 -v MODEL="VGG16",DATASET="TinyImageNet",ATTACK="FGSM",KIND="ALL",PHASE="generate",OUTPUT_DIR="adversarial_results_ep100_pre300" adversarial_hpc_submit.pbs </dev/null
[2026-09-11 09:47:08] [OK] VGG16/Cifar100/DeepFool/ALL
[2026-09-11 09:47:08] [OK] qsub output: Your job 6504294 ("adversarial_hpc_submit.pbs") has been submitted
[2026-09-11 09:47:09] [SUBMIT] VGG16/TinyImageNet/PGD/ALL
[2026-09-11 09:47:09] [CMD] qsub -q all.q -l ngpus=1 -v MODEL="VGG16",DATASET="TinyImageNet",ATTACK="PGD",KIND="ALL",PHASE="generate",OUTPUT_DIR="adversarial_results_ep300_pre100" adversarial_hpc_submit.pbs </dev/null
[2026-09-11 09:47:10] [OK] VGG16/TinyImageNet/APGD/ALL
[2026-09-11 09:47:10] [OK] qsub output: Your job 6504295 ("adversarial_hpc_submit.pbs") has been submitted
[2026-09-11 09:47:10] [SUBMIT] VGG16/TinyImageNet/CW/ALL
[2026-09-11 09:47:10] [CMD] qsub -q all.q -l ngpus=1 -v MODEL="VGG16",DATASET="TinyImageNet",ATTACK="CW",KIND="ALL",PHASE="generate",OUTPUT_DIR="adversarial_results_ep200_pre200" adversarial_hpc_submit.pbs </dev/null
[2026-09-11 09:47:11] [OK] VGG16/TinyImageNet/FGSM/ALL
[2026-09-11 09:47:11] [OK] qsub output: Your job 6504296 ("adversarial_hpc_submit.pbs") has been submitted
[2026-09-11 09:47:11] [SUBMIT] VGG16/TinyImageNet/IFGSM/ALL
[2026-09-11 09:47:11] [CMD] qsub -q all.q -l ngpus=1 -v MODEL="VGG16",DATASET="TinyImageNet",ATTACK="IFGSM",KIND="ALL",PHASE="generate",OUTPUT_DIR="adversarial_results_ep100_pre300" adversarial_hpc_submit.pbs </dev/null
[2026-09-11 09:47:16] [OK] VGG16/TinyImageNet/CW/ALL
[2026-09-11 09:47:16] [OK] qsub output: Your job 6504299 ("adversarial_hpc_submit.pbs") has been submitted
[2026-09-11 09:47:16] [SUBMIT] VGG16/TinyImageNet/DeepFool/ALL
[2026-09-11 09:47:16] [CMD] qsub -q all.q -l ngpus=1 -v MODEL="VGG16",DATASET="TinyImageNet",ATTACK="DeepFool",KIND="ALL",PHASE="generate",OUTPUT_DIR="adversarial_results_ep200_pre200" adversarial_hpc_submit.pbs </dev/null
[2026-09-11 09:47:21] [OK] VGG16/TinyImageNet/PGD/ALL
[2026-09-11 09:47:21] [OK] qsub output: Your job 6504298 ("adversarial_hpc_submit.pbs") has been submitted
[2026-09-11 09:47:21] [SUBMIT] VGG16/TinyImageNet/FGSM/ALL
[2026-09-11 09:47:21] [CMD] qsub -q all.q -l ngpus=1 -v MODEL="VGG16",DATASET="TinyImageNet",ATTACK="FGSM",KIND="ALL",PHASE="generate",OUTPUT_DIR="adversarial_results_ep300_pre100" adversarial_hpc_submit.pbs </dev/null
[2026-09-11 09:47:24] [OK] VGG16/TinyImageNet/IFGSM/ALL
[2026-09-11 09:47:24] [OK] qsub output: Your job 6504300 ("adversarial_hpc_submit.pbs") has been submitted
[2026-09-11 09:47:24] [SUBMIT] VGG16/TinyImageNet/BIM/ALL
[2026-09-11 09:47:24] [CMD] qsub -q all.q -l ngpus=1 -v MODEL="VGG16",DATASET="TinyImageNet",ATTACK="BIM",KIND="ALL",PHASE="generate",OUTPUT_DIR="adversarial_results_ep100_pre300" adversarial_hpc_submit.pbs </dev/null
[2026-09-11 09:47:28] [OK] VGG16/TinyImageNet/DeepFool/ALL
[2026-09-11 09:47:28] [OK] qsub output: Your job 6504301 ("adversarial_hpc_submit.pbs") has been submitted
[2026-09-11 09:47:28] [SUBMIT] RegNetX_400MF/Cifar10/PGD/ALL
[2026-09-11 09:47:28] [CMD] qsub -q all.q -l ngpus=1 -v MODEL="RegNetX_400MF",DATASET="Cifar10",ATTACK="PGD",KIND="ALL",PHASE="generate",OUTPUT_DIR="adversarial_results_ep200_pre200" adversarial_hpc_submit.pbs </dev/null
[2026-09-11 09:47:33] [OK] VGG16/TinyImageNet/FGSM/ALL
[2026-09-11 09:47:33] [OK] qsub output: Your job 6504302 ("adversarial_hpc_submit.pbs") has been submitted
[2026-09-11 09:47:33] [SUBMIT] VGG16/TinyImageNet/IFGSM/ALL
[2026-09-11 09:47:33] [CMD] qsub -q all.q -l ngpus=1 -v MODEL="VGG16",DATASET="TinyImageNet",ATTACK="IFGSM",KIND="ALL",PHASE="generate",OUTPUT_DIR="adversarial_results_ep300_pre100" adversarial_hpc_submit.pbs </dev/null
[2026-09-11 09:47:35] [OK] VGG16/TinyImageNet/BIM/ALL
[2026-09-11 09:47:35] [OK] qsub output: Your job 6504303 ("adversarial_hpc_submit.pbs") has been submitted
[2026-09-11 09:47:35] [SUBMIT] VGG16/TinyImageNet/APGD/ALL
[2026-09-11 09:47:35] [CMD] qsub -q all.q -l ngpus=1 -v MODEL="VGG16",DATASET="TinyImageNet",ATTACK="APGD",KIND="ALL",PHASE="generate",OUTPUT_DIR="adversarial_results_ep100_pre300" adversarial_hpc_submit.pbs </dev/null
[2026-09-11 09:47:37] [OK] RegNetX_400MF/Cifar10/PGD/ALL
[2026-09-11 09:47:37] [OK] qsub output: Your job 6504304 ("adversarial_hpc_submit.pbs") has been submitted
[2026-09-11 09:47:37] [SUBMIT] RegNetX_400MF/Cifar10/FGSM/ALL
[2026-09-11 09:47:37] [CMD] qsub -q all.q -l ngpus=1 -v MODEL="RegNetX_400MF",DATASET="Cifar10",ATTACK="FGSM",KIND="ALL",PHASE="generate",OUTPUT_DIR="adversarial_results_ep200_pre200" adversarial_hpc_submit.pbs </dev/null
[2026-09-11 09:47:38] [OK] VGG16/TinyImageNet/IFGSM/ALL
[2026-09-11 09:47:38] [OK] qsub output: Your job 6504305 ("adversarial_hpc_submit.pbs") has been submitted
[2026-09-11 09:47:38] [SUBMIT] VGG16/TinyImageNet/BIM/ALL
[2026-09-11 09:47:38] [CMD] qsub -q all.q -l ngpus=1 -v MODEL="VGG16",DATASET="TinyImageNet",ATTACK="BIM",KIND="ALL",PHASE="generate",OUTPUT_DIR="adversarial_results_ep300_pre100" adversarial_hpc_submit.pbs </dev/null
[2026-09-11 09:47:42] [OK] RegNetX_400MF/Cifar10/FGSM/ALL
[2026-09-11 09:47:42] [OK] qsub output: Your job 6504307 ("adversarial_hpc_submit.pbs") has been submitted
[2026-09-11 09:47:42] [SUBMIT] RegNetX_400MF/Cifar10/IFGSM/ALL
[2026-09-11 09:47:42] [CMD] qsub -q all.q -l ngpus=1 -v MODEL="RegNetX_400MF",DATASET="Cifar10",ATTACK="IFGSM",KIND="ALL",PHASE="generate",OUTPUT_DIR="adversarial_results_ep200_pre200" adversarial_hpc_submit.pbs </dev/null
[2026-09-11 09:47:46] [OK] VGG16/TinyImageNet/BIM/ALL
[2026-09-11 09:47:46] [OK] qsub output: Your job 6504308 ("adversarial_hpc_submit.pbs") has been submitted
[2026-09-11 09:47:46] [SUBMIT] VGG16/TinyImageNet/APGD/ALL
[2026-09-11 09:47:46] [CMD] qsub -q all.q -l ngpus=1 -v MODEL="VGG16",DATASET="TinyImageNet",ATTACK="APGD",KIND="ALL",PHASE="generate",OUTPUT_DIR="adversarial_results_ep300_pre100" adversarial_hpc_submit.pbs </dev/null
[2026-09-11 09:47:46] [OK] VGG16/TinyImageNet/APGD/ALL
[2026-09-11 09:47:46] [OK] qsub output: Your job 6504306 ("adversarial_hpc_submit.pbs") has been submitted
[2026-09-11 09:47:47] [SUBMIT] VGG16/TinyImageNet/CW/ALL
[2026-09-11 09:47:47] [CMD] qsub -q all.q -l ngpus=1 -v MODEL="VGG16",DATASET="TinyImageNet",ATTACK="CW",KIND="ALL",PHASE="generate",OUTPUT_DIR="adversarial_results_ep100_pre300" adversarial_hpc_submit.pbs </dev/null
[2026-09-11 09:47:55] [OK] RegNetX_400MF/Cifar10/IFGSM/ALL
[2026-09-11 09:47:55] [OK] qsub output: Your job 6504309 ("adversarial_hpc_submit.pbs") has been submitted
[2026-09-11 09:47:55] [SUBMIT] RegNetX_400MF/Cifar10/BIM/ALL
[2026-09-11 09:47:55] [CMD] qsub -q all.q -l ngpus=1 -v MODEL="RegNetX_400MF",DATASET="Cifar10",ATTACK="BIM",KIND="ALL",PHASE="generate",OUTPUT_DIR="adversarial_results_ep200_pre200" adversarial_hpc_submit.pbs </dev/null
[2026-09-11 09:47:55] [OK] VGG16/TinyImageNet/APGD/ALL
[2026-09-11 09:47:55] [OK] qsub output: Your job 6504310 ("adversarial_hpc_submit.pbs") has been submitted
[2026-09-11 09:47:56] [SUBMIT] VGG16/TinyImageNet/CW/ALL
[2026-09-11 09:47:56] [CMD] qsub -q all.q -l ngpus=1 -v MODEL="VGG16",DATASET="TinyImageNet",ATTACK="CW",KIND="ALL",PHASE="generate",OUTPUT_DIR="adversarial_results_ep300_pre100" adversarial_hpc_submit.pbs </dev/null
[2026-09-11 09:48:03] [OK] VGG16/TinyImageNet/CW/ALL
[2026-09-11 09:48:03] [OK] qsub output: Your job 6504311 ("adversarial_hpc_submit.pbs") has been submitted
[2026-09-11 09:48:03] [SUBMIT] VGG16/TinyImageNet/DeepFool/ALL
[2026-09-11 09:48:03] [CMD] qsub -q all.q -l ngpus=1 -v MODEL="VGG16",DATASET="TinyImageNet",ATTACK="DeepFool",KIND="ALL",PHASE="generate",OUTPUT_DIR="adversarial_results_ep100_pre300" adversarial_hpc_submit.pbs </dev/null
[2026-09-11 09:48:03] [OK] RegNetX_400MF/Cifar10/BIM/ALL
[2026-09-11 09:48:03] [OK] qsub output: Your job 6504312 ("adversarial_hpc_submit.pbs") has been submitted
[2026-09-11 09:48:03] [SUBMIT] RegNetX_400MF/Cifar10/APGD/ALL
[2026-09-11 09:48:03] [CMD] qsub -q all.q -l ngpus=1 -v MODEL="RegNetX_400MF",DATASET="Cifar10",ATTACK="APGD",KIND="ALL",PHASE="generate",OUTPUT_DIR="adversarial_results_ep200_pre200" adversarial_hpc_submit.pbs </dev/null
[2026-09-11 09:48:10] [OK] VGG16/TinyImageNet/CW/ALL
[2026-09-11 09:48:10] [OK] qsub output: Your job 6504313 ("adversarial_hpc_submit.pbs") has been submitted
[2026-09-11 09:48:10] [SUBMIT] VGG16/TinyImageNet/DeepFool/ALL
[2026-09-11 09:48:10] [CMD] qsub -q all.q -l ngpus=1 -v MODEL="VGG16",DATASET="TinyImageNet",ATTACK="DeepFool",KIND="ALL",PHASE="generate",OUTPUT_DIR="adversarial_results_ep300_pre100" adversarial_hpc_submit.pbs </dev/null
[2026-09-11 09:48:12] [OK] VGG16/TinyImageNet/DeepFool/ALL
[2026-09-11 09:48:13] [OK] qsub output: Your job 6504314 ("adversarial_hpc_submit.pbs") has been submitted
[2026-09-11 09:48:15] [SUBMIT] RegNetX_400MF/Cifar10/PGD/ALL
[2026-09-11 09:48:15] [OK] VGG16/TinyImageNet/DeepFool/ALL
[2026-09-11 09:48:18] [OK] qsub output: Your job 6504316 ("adversarial_hpc_submit.pbs") has been submitted
[2026-09-11 09:48:18] [CMD] qsub -q all.q -l ngpus=1 -v MODEL="RegNetX_400MF",DATASET="Cifar10",ATTACK="PGD",KIND="ALL",PHASE="generate",OUTPUT_DIR="adversarial_results_ep100_pre300" adversarial_hpc_submit.pbs </dev/null
[2026-09-11 09:48:18] [SUBMIT] RegNetX_400MF/Cifar10/PGD/ALL
[2026-09-11 09:48:19] [OK] RegNetX_400MF/Cifar10/APGD/ALL
[2026-09-11 09:48:20] [CMD] qsub -q all.q -l ngpus=1 -v MODEL="RegNetX_400MF",DATASET="Cifar10",ATTACK="PGD",KIND="ALL",PHASE="generate",OUTPUT_DIR="adversarial_results_ep300_pre100" adversarial_hpc_submit.pbs </dev/null
[2026-09-11 09:48:26] [OK] qsub output: Your job 6504315 ("adversarial_hpc_submit.pbs") has been submitted
[2026-09-11 09:48:26] [OK] RegNetX_400MF/Cifar10/PGD/ALL
[2026-09-11 09:48:29] [SUBMIT] RegNetX_400MF/Cifar10/CW/ALL
[2026-09-11 09:48:30] [OK] qsub output: Your job 6504317 ("adversarial_hpc_submit.pbs") has been submitted
[2026-09-11 09:48:30] [CMD] qsub -q all.q -l ngpus=1 -v MODEL="RegNetX_400MF",DATASET="Cifar10",ATTACK="CW",KIND="ALL",PHASE="generate",OUTPUT_DIR="adversarial_results_ep200_pre200" adversarial_hpc_submit.pbs </dev/null
[2026-09-11 09:48:31] [SUBMIT] RegNetX_400MF/Cifar10/FGSM/ALL
[2026-09-11 09:48:31] [CMD] qsub -q all.q -l ngpus=1 -v MODEL="RegNetX_400MF",DATASET="Cifar10",ATTACK="FGSM",KIND="ALL",PHASE="generate",OUTPUT_DIR="adversarial_results_ep100_pre300" adversarial_hpc_submit.pbs </dev/null
[2026-09-11 09:48:34] [OK] RegNetX_400MF/Cifar10/PGD/ALL
[2026-09-11 09:48:34] [OK] qsub output: Your job 6504318 ("adversarial_hpc_submit.pbs") has been submitted
[2026-09-11 09:48:34] [SUBMIT] RegNetX_400MF/Cifar10/FGSM/ALL
[2026-09-11 09:48:34] [CMD] qsub -q all.q -l ngpus=1 -v MODEL="RegNetX_400MF",DATASET="Cifar10",ATTACK="FGSM",KIND="ALL",PHASE="generate",OUTPUT_DIR="adversarial_results_ep300_pre100" adversarial_hpc_submit.pbs </dev/null
[2026-09-11 09:48:34] [OK] RegNetX_400MF/Cifar10/CW/ALL
[2026-09-11 09:48:34] [OK] qsub output: Your job 6504319 ("adversarial_hpc_submit.pbs") has been submitted
[2026-09-11 09:48:34] [SUBMIT] RegNetX_400MF/Cifar10/DeepFool/ALL
[2026-09-11 09:48:34] [CMD] qsub -q all.q -l ngpus=1 -v MODEL="RegNetX_400MF",DATASET="Cifar10",ATTACK="DeepFool",KIND="ALL",PHASE="generate",OUTPUT_DIR="adversarial_results_ep200_pre200" adversarial_hpc_submit.pbs </dev/null
[2026-09-11 09:48:37] [OK] RegNetX_400MF/Cifar10/FGSM/ALL
[2026-09-11 09:48:37] [OK] qsub output: Your job 6504320 ("adversarial_hpc_submit.pbs") has been submitted
[2026-09-11 09:48:37] [SUBMIT] RegNetX_400MF/Cifar10/IFGSM/ALL
[2026-09-11 09:48:37] [CMD] qsub -q all.q -l ngpus=1 -v MODEL="RegNetX_400MF",DATASET="Cifar10",ATTACK="IFGSM",KIND="ALL",PHASE="generate",OUTPUT_DIR="adversarial_results_ep100_pre300" adversarial_hpc_submit.pbs </dev/null
[2026-09-11 09:48:39] [OK] RegNetX_400MF/Cifar10/DeepFool/ALL
[2026-09-11 09:48:39] [OK] qsub output: Your job 6504322 ("adversarial_hpc_submit.pbs") has been submitted
[2026-09-11 09:48:39] [SUBMIT] RegNetX_400MF/Cifar100/PGD/ALL
[2026-09-11 09:48:39] [CMD] qsub -q all.q -l ngpus=1 -v MODEL="RegNetX_400MF",DATASET="Cifar100",ATTACK="PGD",KIND="ALL",PHASE="generate",OUTPUT_DIR="adversarial_results_ep200_pre200" adversarial_hpc_submit.pbs </dev/null
[2026-09-11 09:48:40] [OK] RegNetX_400MF/Cifar10/FGSM/ALL
[2026-09-11 09:48:40] [OK] qsub output: Your job 6504321 ("adversarial_hpc_submit.pbs") has been submitted
[2026-09-11 09:48:40] [SUBMIT] RegNetX_400MF/Cifar10/IFGSM/ALL
[2026-09-11 09:48:40] [CMD] qsub -q all.q -l ngpus=1 -v MODEL="RegNetX_400MF",DATASET="Cifar10",ATTACK="IFGSM",KIND="ALL",PHASE="generate",OUTPUT_DIR="adversarial_results_ep300_pre100" adversarial_hpc_submit.pbs </dev/null
[2026-09-11 09:48:43] [OK] RegNetX_400MF/Cifar100/PGD/ALL
[2026-09-11 09:48:43] [OK] qsub output: Your job 6504324 ("adversarial_hpc_submit.pbs") has been submitted
[2026-09-11 09:48:44] [SUBMIT] RegNetX_400MF/Cifar100/FGSM/ALL
[2026-09-11 09:48:45] [CMD] qsub -q all.q -l ngpus=1 -v MODEL="RegNetX_400MF",DATASET="Cifar100",ATTACK="FGSM",KIND="ALL",PHASE="generate",OUTPUT_DIR="adversarial_results_ep200_pre200" adversarial_hpc_submit.pbs </dev/null
[2026-09-11 09:48:49] [OK] RegNetX_400MF/Cifar10/IFGSM/ALL
[2026-09-11 09:48:49] [OK] qsub output: Your job 6504323 ("adversarial_hpc_submit.pbs") has been submitted
[2026-09-11 09:48:49] [SUBMIT] RegNetX_400MF/Cifar10/BIM/ALL
[2026-09-11 09:48:49] [CMD] qsub -q all.q -l ngpus=1 -v MODEL="RegNetX_400MF",DATASET="Cifar10",ATTACK="BIM",KIND="ALL",PHASE="generate",OUTPUT_DIR="adversarial_results_ep100_pre300" adversarial_hpc_submit.pbs </dev/null
[2026-09-11 09:48:51] [OK] RegNetX_400MF/Cifar10/IFGSM/ALL
[2026-09-11 09:48:51] [OK] qsub output: Your job 6504325 ("adversarial_hpc_submit.pbs") has been submitted
[2026-09-11 09:48:51] [SUBMIT] RegNetX_400MF/Cifar10/BIM/ALL
[2026-09-11 09:48:51] [CMD] qsub -q all.q -l ngpus=1 -v MODEL="RegNetX_400MF",DATASET="Cifar10",ATTACK="BIM",KIND="ALL",PHASE="generate",OUTPUT_DIR="adversarial_results_ep300_pre100" adversarial_hpc_submit.pbs </dev/null
[2026-09-11 09:48:55] [OK] RegNetX_400MF/Cifar100/FGSM/ALL
[2026-09-11 09:49:00] [OK] qsub output: Your job 6504326 ("adversarial_hpc_submit.pbs") has been submitted
[2026-09-11 09:49:01] [OK] RegNetX_400MF/Cifar10/BIM/ALL
[2026-09-11 09:49:02] [OK] RegNetX_400MF/Cifar10/BIM/ALL
[2026-09-11 09:49:04] [SUBMIT] RegNetX_400MF/Cifar100/IFGSM/ALL
[2026-09-11 09:49:13] [OK] qsub output: Your job 6504329 ("adversarial_hpc_submit.pbs") has been submitted
[2026-09-11 09:49:13] [OK] qsub output: Your job 6504328 ("adversarial_hpc_submit.pbs") has been submitted
[2026-09-11 09:49:15] [CMD] qsub -q all.q -l ngpus=1 -v MODEL="RegNetX_400MF",DATASET="Cifar100",ATTACK="IFGSM",KIND="ALL",PHASE="generate",OUTPUT_DIR="adversarial_results_ep200_pre200" adversarial_hpc_submit.pbs </dev/null
[2026-09-11 09:49:20] [SUBMIT] RegNetX_400MF/Cifar10/APGD/ALL
[2026-09-11 09:49:21] [SUBMIT] RegNetX_400MF/Cifar10/APGD/ALL
[2026-09-11 09:49:25] [CMD] qsub -q all.q -l ngpus=1 -v MODEL="RegNetX_400MF",DATASET="Cifar10",ATTACK="APGD",KIND="ALL",PHASE="generate",OUTPUT_DIR="adversarial_results_ep300_pre100" adversarial_hpc_submit.pbs </dev/null
[2026-09-11 09:49:25] [CMD] qsub -q all.q -l ngpus=1 -v MODEL="RegNetX_400MF",DATASET="Cifar10",ATTACK="APGD",KIND="ALL",PHASE="generate",OUTPUT_DIR="adversarial_results_ep100_pre300" adversarial_hpc_submit.pbs </dev/null
[2026-09-11 09:49:26] [OK] RegNetX_400MF/Cifar10/APGD/ALL
[2026-09-11 09:49:26] [OK] qsub output: Your job 6504331 ("adversarial_hpc_submit.pbs") has been submitted
[2026-09-11 09:49:26] [SUBMIT] RegNetX_400MF/Cifar10/CW/ALL
[2026-09-11 09:49:27] [CMD] qsub -q all.q -l ngpus=1 -v MODEL="RegNetX_400MF",DATASET="Cifar10",ATTACK="CW",KIND="ALL",PHASE="generate",OUTPUT_DIR="adversarial_results_ep300_pre100" adversarial_hpc_submit.pbs </dev/null
[2026-09-11 09:49:28] [OK] RegNetX_400MF/Cifar10/APGD/ALL
[2026-09-11 09:49:28] [OK] qsub output: Your job 6504332 ("adversarial_hpc_submit.pbs") has been submitted
[2026-09-11 09:49:28] [SUBMIT] RegNetX_400MF/Cifar10/CW/ALL
[2026-09-11 09:49:29] [CMD] qsub -q all.q -l ngpus=1 -v MODEL="RegNetX_400MF",DATASET="Cifar10",ATTACK="CW",KIND="ALL",PHASE="generate",OUTPUT_DIR="adversarial_results_ep100_pre300" adversarial_hpc_submit.pbs </dev/null
[2026-09-11 09:49:32] [OK] RegNetX_400MF/Cifar100/IFGSM/ALL
[2026-09-11 09:49:32] [OK] qsub output: Your job 6504330 ("adversarial_hpc_submit.pbs") has been submitted
[2026-09-11 09:49:32] [SUBMIT] RegNetX_400MF/Cifar100/BIM/ALL
[2026-09-11 09:49:32] [CMD] qsub -q all.q -l ngpus=1 -v MODEL="RegNetX_400MF",DATASET="Cifar100",ATTACK="BIM",KIND="ALL",PHASE="generate",OUTPUT_DIR="adversarial_results_ep200_pre200" adversarial_hpc_submit.pbs </dev/null
[2026-09-11 09:49:34] [OK] RegNetX_400MF/Cifar10/CW/ALL
[2026-09-11 09:49:36] [OK] RegNetX_400MF/Cifar100/BIM/ALL
[2026-09-11 09:49:36] [OK] qsub output: Your job 6504333 ("adversarial_hpc_submit.pbs") has been submitted
[2026-09-11 09:49:38] [OK] RegNetX_400MF/Cifar10/CW/ALL
[2026-09-11 09:49:39] [OK] qsub output: Your job 6504335 ("adversarial_hpc_submit.pbs") has been submitted
[2026-09-11 09:49:43] [SUBMIT] RegNetX_400MF/Cifar10/DeepFool/ALL
[2026-09-11 09:49:44] [OK] qsub output: Your job 6504334 ("adversarial_hpc_submit.pbs") has been submitted
[2026-09-11 09:49:53] [SUBMIT] RegNetX_400MF/Cifar100/APGD/ALL
[2026-09-11 09:50:21] [CMD] qsub -q all.q -l ngpus=1 -v MODEL="RegNetX_400MF",DATASET="Cifar10",ATTACK="DeepFool",KIND="ALL",PHASE="generate",OUTPUT_DIR="adversarial_results_ep300_pre100" adversarial_hpc_submit.pbs </dev/null
[2026-09-11 09:50:21] [SUBMIT] RegNetX_400MF/Cifar10/DeepFool/ALL
[2026-09-11 09:50:21] [CMD] qsub -q all.q -l ngpus=1 -v MODEL="RegNetX_400MF",DATASET="Cifar100",ATTACK="APGD",KIND="ALL",PHASE="generate",OUTPUT_DIR="adversarial_results_ep200_pre200" adversarial_hpc_submit.pbs </dev/null
[2026-09-11 09:50:21] [CMD] qsub -q all.q -l ngpus=1 -v MODEL="RegNetX_400MF",DATASET="Cifar10",ATTACK="DeepFool",KIND="ALL",PHASE="generate",OUTPUT_DIR="adversarial_results_ep100_pre300" adversarial_hpc_submit.pbs </dev/null
[2026-09-11 09:50:24] [OK] RegNetX_400MF/Cifar100/APGD/ALL
[2026-09-11 09:50:24] [OK] qsub output: Your job 6504337 ("adversarial_hpc_submit.pbs") has been submitted
[2026-09-11 09:50:25] [SUBMIT] RegNetX_400MF/Cifar100/CW/ALL
[2026-09-11 09:50:25] [CMD] qsub -q all.q -l ngpus=1 -v MODEL="RegNetX_400MF",DATASET="Cifar100",ATTACK="CW",KIND="ALL",PHASE="generate",OUTPUT_DIR="adversarial_results_ep200_pre200" adversarial_hpc_submit.pbs </dev/null
[2026-09-11 09:50:31] [OK] RegNetX_400MF/Cifar10/DeepFool/ALL
[2026-09-11 09:50:32] [OK] qsub output: Your job 6504336 ("adversarial_hpc_submit.pbs") has been submitted
[2026-09-11 09:50:32] [SUBMIT] RegNetX_400MF/Cifar100/PGD/ALL
[2026-09-11 09:50:32] [CMD] qsub -q all.q -l ngpus=1 -v MODEL="RegNetX_400MF",DATASET="Cifar100",ATTACK="PGD",KIND="ALL",PHASE="generate",OUTPUT_DIR="adversarial_results_ep300_pre100" adversarial_hpc_submit.pbs </dev/null
[2026-09-11 09:50:32] [OK] RegNetX_400MF/Cifar10/DeepFool/ALL
[2026-09-11 09:50:32] [OK] qsub output: Your job 6504338 ("adversarial_hpc_submit.pbs") has been submitted
[2026-09-11 09:50:32] [SUBMIT] RegNetX_400MF/Cifar100/PGD/ALL
[2026-09-11 09:50:32] [CMD] qsub -q all.q -l ngpus=1 -v MODEL="RegNetX_400MF",DATASET="Cifar100",ATTACK="PGD",KIND="ALL",PHASE="generate",OUTPUT_DIR="adversarial_results_ep100_pre300" adversarial_hpc_submit.pbs </dev/null
[2026-09-11 09:50:33] [OK] RegNetX_400MF/Cifar100/CW/ALL
[2026-09-11 09:50:34] [OK] qsub output: Your job 6504339 ("adversarial_hpc_submit.pbs") has been submitted
[2026-09-11 09:50:34] [OK] RegNetX_400MF/Cifar100/PGD/ALL
[2026-09-11 09:50:34] [OK] qsub output: Your job 6504340 ("adversarial_hpc_submit.pbs") has been submitted
[2026-09-11 09:50:34] [SUBMIT] RegNetX_400MF/Cifar100/DeepFool/ALL
[2026-09-11 09:50:34] [CMD] qsub -q all.q -l ngpus=1 -v MODEL="RegNetX_400MF",DATASET="Cifar100",ATTACK="DeepFool",KIND="ALL",PHASE="generate",OUTPUT_DIR="adversarial_results_ep200_pre200" adversarial_hpc_submit.pbs </dev/null
[2026-09-11 09:50:34] [SUBMIT] RegNetX_400MF/Cifar100/FGSM/ALL
[2026-09-11 09:50:34] [CMD] qsub -q all.q -l ngpus=1 -v MODEL="RegNetX_400MF",DATASET="Cifar100",ATTACK="FGSM",KIND="ALL",PHASE="generate",OUTPUT_DIR="adversarial_results_ep300_pre100" adversarial_hpc_submit.pbs </dev/null
[2026-09-11 09:50:36] [OK] RegNetX_400MF/Cifar100/PGD/ALL
[2026-09-11 09:50:36] [OK] qsub output: Your job 6504341 ("adversarial_hpc_submit.pbs") has been submitted
[2026-09-11 09:50:37] [SUBMIT] RegNetX_400MF/Cifar100/FGSM/ALL
[2026-09-11 09:50:37] [CMD] qsub -q all.q -l ngpus=1 -v MODEL="RegNetX_400MF",DATASET="Cifar100",ATTACK="FGSM",KIND="ALL",PHASE="generate",OUTPUT_DIR="adversarial_results_ep100_pre300" adversarial_hpc_submit.pbs </dev/null
[2026-09-11 09:50:43] [OK] RegNetX_400MF/Cifar100/DeepFool/ALL
[2026-09-11 09:50:43] [OK] qsub output: Your job 6504342 ("adversarial_hpc_submit.pbs") has been submitted
[2026-09-11 09:50:44] [SUBMIT] RegNetX_400MF/TinyImageNet/PGD/ALL
[2026-09-11 09:50:44] [CMD] qsub -q all.q -l ngpus=1 -v MODEL="RegNetX_400MF",DATASET="TinyImageNet",ATTACK="PGD",KIND="ALL",PHASE="generate",OUTPUT_DIR="adversarial_results_ep200_pre200" adversarial_hpc_submit.pbs </dev/null
[2026-09-11 09:50:44] [OK] RegNetX_400MF/Cifar100/FGSM/ALL
[2026-09-11 09:50:44] [OK] qsub output: Your job 6504343 ("adversarial_hpc_submit.pbs") has been submitted
[2026-09-11 09:50:45] [SUBMIT] RegNetX_400MF/Cifar100/IFGSM/ALL
[2026-09-11 09:50:45] [CMD] qsub -q all.q -l ngpus=1 -v MODEL="RegNetX_400MF",DATASET="Cifar100",ATTACK="IFGSM",KIND="ALL",PHASE="generate",OUTPUT_DIR="adversarial_results_ep300_pre100" adversarial_hpc_submit.pbs </dev/null
[2026-09-11 09:50:48] [OK] RegNetX_400MF/Cifar100/FGSM/ALL
[2026-09-11 09:50:48] [OK] qsub output: Your job 6504344 ("adversarial_hpc_submit.pbs") has been submitted
[2026-09-11 09:50:48] [SUBMIT] RegNetX_400MF/Cifar100/IFGSM/ALL
[2026-09-11 09:50:49] [CMD] qsub -q all.q -l ngpus=1 -v MODEL="RegNetX_400MF",DATASET="Cifar100",ATTACK="IFGSM",KIND="ALL",PHASE="generate",OUTPUT_DIR="adversarial_results_ep100_pre300" adversarial_hpc_submit.pbs </dev/null
[2026-09-11 09:50:53] [OK] RegNetX_400MF/TinyImageNet/PGD/ALL
[2026-09-11 09:50:54] [OK] qsub output: Your job 6504346 ("adversarial_hpc_submit.pbs") has been submitted
[2026-09-11 09:50:54] [SUBMIT] RegNetX_400MF/TinyImageNet/FGSM/ALL
[2026-09-11 09:50:55] [CMD] qsub -q all.q -l ngpus=1 -v MODEL="RegNetX_400MF",DATASET="TinyImageNet",ATTACK="FGSM",KIND="ALL",PHASE="generate",OUTPUT_DIR="adversarial_results_ep200_pre200" adversarial_hpc_submit.pbs </dev/null
[2026-09-11 09:51:00] [OK] RegNetX_400MF/Cifar100/IFGSM/ALL
[2026-09-11 09:51:00] [OK] qsub output: Your job 6504348 ("adversarial_hpc_submit.pbs") has been submitted
[2026-09-11 09:51:02] [SUBMIT] RegNetX_400MF/Cifar100/BIM/ALL
[2026-09-11 09:51:03] [OK] RegNetX_400MF/Cifar100/IFGSM/ALL
[2026-09-11 09:51:05] [CMD] qsub -q all.q -l ngpus=1 -v MODEL="RegNetX_400MF",DATASET="Cifar100",ATTACK="BIM",KIND="ALL",PHASE="generate",OUTPUT_DIR="adversarial_results_ep100_pre300" adversarial_hpc_submit.pbs </dev/null
[2026-09-11 09:51:07] [OK] qsub output: Your job 6504347 ("adversarial_hpc_submit.pbs") has been submitted
[2026-09-11 09:51:11] [SUBMIT] RegNetX_400MF/Cifar100/BIM/ALL
[2026-09-11 09:51:09] [OK] RegNetX_400MF/TinyImageNet/FGSM/ALL
[2026-09-11 09:51:12] [CMD] qsub -q all.q -l ngpus=1 -v MODEL="RegNetX_400MF",DATASET="Cifar100",ATTACK="BIM",KIND="ALL",PHASE="generate",OUTPUT_DIR="adversarial_results_ep300_pre100" adversarial_hpc_submit.pbs </dev/null
[2026-09-11 09:51:14] [OK] qsub output: Your job 6504349 ("adversarial_hpc_submit.pbs") has been submitted
[2026-09-11 09:51:15] [OK] RegNetX_400MF/Cifar100/BIM/ALL
[2026-09-11 09:52:01] [SUBMIT] RegNetX_400MF/TinyImageNet/IFGSM/ALL
[2026-09-11 09:52:01] [OK] RegNetX_400MF/Cifar100/BIM/ALL
[2026-09-11 09:52:01] [OK] qsub output: Your job 6504350 ("adversarial_hpc_submit.pbs") has been submitted
[2026-09-11 09:52:02] [OK] qsub output: Your job 6504351 ("adversarial_hpc_submit.pbs") has been submitted
[2026-09-11 09:52:02] [CMD] qsub -q all.q -l ngpus=1 -v MODEL="RegNetX_400MF",DATASET="TinyImageNet",ATTACK="IFGSM",KIND="ALL",PHASE="generate",OUTPUT_DIR="adversarial_results_ep200_pre200" adversarial_hpc_submit.pbs </dev/null
[2026-09-11 09:52:03] [SUBMIT] RegNetX_400MF/Cifar100/APGD/ALL
[2026-09-11 09:52:04] [SUBMIT] RegNetX_400MF/Cifar100/APGD/ALL
[2026-09-11 09:52:06] [CMD] qsub -q all.q -l ngpus=1 -v MODEL="RegNetX_400MF",DATASET="Cifar100",ATTACK="APGD",KIND="ALL",PHASE="generate",OUTPUT_DIR="adversarial_results_ep100_pre300" adversarial_hpc_submit.pbs </dev/null
[2026-09-11 09:52:07] [CMD] qsub -q all.q -l ngpus=1 -v MODEL="RegNetX_400MF",DATASET="Cifar100",ATTACK="APGD",KIND="ALL",PHASE="generate",OUTPUT_DIR="adversarial_results_ep300_pre100" adversarial_hpc_submit.pbs </dev/null
[2026-09-11 09:52:07] [OK] RegNetX_400MF/TinyImageNet/IFGSM/ALL
[2026-09-11 09:52:23] [OK] RegNetX_400MF/Cifar100/APGD/ALL
[2026-09-11 09:52:22] [OK] RegNetX_400MF/Cifar100/APGD/ALL
[2026-09-11 09:52:46] [OK] qsub output: Your job 6504352 ("adversarial_hpc_submit.pbs") has been submitted
[2026-09-11 09:52:48] [OK] qsub output: Your job 6504353 ("adversarial_hpc_submit.pbs") has been submitted
[2026-09-11 09:52:52] [OK] qsub output: Your job 6504354 ("adversarial_hpc_submit.pbs") has been submitted
[2026-09-11 09:52:54] [SUBMIT] RegNetX_400MF/TinyImageNet/BIM/ALL
[2026-09-11 09:52:55] [SUBMIT] RegNetX_400MF/Cifar100/CW/ALL
[2026-09-11 09:52:56] [SUBMIT] RegNetX_400MF/Cifar100/CW/ALL
[2026-09-11 09:53:00] [CMD] qsub -q all.q -l ngpus=1 -v MODEL="RegNetX_400MF",DATASET="TinyImageNet",ATTACK="BIM",KIND="ALL",PHASE="generate",OUTPUT_DIR="adversarial_results_ep200_pre200" adversarial_hpc_submit.pbs </dev/null
[2026-09-11 09:53:01] [CMD] qsub -q all.q -l ngpus=1 -v MODEL="RegNetX_400MF",DATASET="Cifar100",ATTACK="CW",KIND="ALL",PHASE="generate",OUTPUT_DIR="adversarial_results_ep100_pre300" adversarial_hpc_submit.pbs </dev/null
[2026-09-11 09:53:17] [CMD] qsub -q all.q -l ngpus=1 -v MODEL="RegNetX_400MF",DATASET="Cifar100",ATTACK="CW",KIND="ALL",PHASE="generate",OUTPUT_DIR="adversarial_results_ep300_pre100" adversarial_hpc_submit.pbs </dev/null
[2026-09-11 09:53:20] [OK] RegNetX_400MF/Cifar100/CW/ALL
[2026-09-11 09:53:20] [OK] qsub output: Your job 6504357 ("adversarial_hpc_submit.pbs") has been submitted
[2026-09-11 09:53:20] [SUBMIT] RegNetX_400MF/Cifar100/DeepFool/ALL
[2026-09-11 09:53:20] [CMD] qsub -q all.q -l ngpus=1 -v MODEL="RegNetX_400MF",DATASET="Cifar100",ATTACK="DeepFool",KIND="ALL",PHASE="generate",OUTPUT_DIR="adversarial_results_ep100_pre300" adversarial_hpc_submit.pbs </dev/null
[2026-09-11 09:53:21] [OK] RegNetX_400MF/TinyImageNet/BIM/ALL
[2026-09-11 09:53:21] [OK] qsub output: Your job 6504356 ("adversarial_hpc_submit.pbs") has been submitted
[2026-09-11 09:53:21] [SUBMIT] RegNetX_400MF/TinyImageNet/APGD/ALL
[2026-09-11 09:53:21] [CMD] qsub -q all.q -l ngpus=1 -v MODEL="RegNetX_400MF",DATASET="TinyImageNet",ATTACK="APGD",KIND="ALL",PHASE="generate",OUTPUT_DIR="adversarial_results_ep200_pre200" adversarial_hpc_submit.pbs </dev/null
[2026-09-11 09:53:23] [OK] RegNetX_400MF/Cifar100/CW/ALL
[2026-09-11 09:53:23] [OK] qsub output: Your job 6504358 ("adversarial_hpc_submit.pbs") has been submitted
[2026-09-11 09:53:23] [SUBMIT] RegNetX_400MF/Cifar100/DeepFool/ALL
[2026-09-11 09:53:23] [CMD] qsub -q all.q -l ngpus=1 -v MODEL="RegNetX_400MF",DATASET="Cifar100",ATTACK="DeepFool",KIND="ALL",PHASE="generate",OUTPUT_DIR="adversarial_results_ep300_pre100" adversarial_hpc_submit.pbs </dev/null
[2026-09-11 09:53:24] [OK] RegNetX_400MF/Cifar100/DeepFool/ALL
[2026-09-11 09:53:24] [OK] qsub output: Your job 6504359 ("adversarial_hpc_submit.pbs") has been submitted
[2026-09-11 09:53:25] [SUBMIT] RegNetX_400MF/TinyImageNet/PGD/ALL
[2026-09-11 09:53:25] [CMD] qsub -q all.q -l ngpus=1 -v MODEL="RegNetX_400MF",DATASET="TinyImageNet",ATTACK="PGD",KIND="ALL",PHASE="generate",OUTPUT_DIR="adversarial_results_ep100_pre300" adversarial_hpc_submit.pbs </dev/null
[2026-09-11 09:53:26] [OK] RegNetX_400MF/TinyImageNet/APGD/ALL
[2026-09-11 09:53:26] [OK] qsub output: Your job 6504360 ("adversarial_hpc_submit.pbs") has been submitted
[2026-09-11 09:53:27] [SUBMIT] RegNetX_400MF/TinyImageNet/CW/ALL
[2026-09-11 09:53:27] [CMD] qsub -q all.q -l ngpus=1 -v MODEL="RegNetX_400MF",DATASET="TinyImageNet",ATTACK="CW",KIND="ALL",PHASE="generate",OUTPUT_DIR="adversarial_results_ep200_pre200" adversarial_hpc_submit.pbs </dev/null
[2026-09-11 09:53:31] [OK] RegNetX_400MF/Cifar100/DeepFool/ALL
[2026-09-11 09:53:32] [OK] qsub output: Your job 6504361 ("adversarial_hpc_submit.pbs") has been submitted
[2026-09-11 09:53:33] [SUBMIT] RegNetX_400MF/TinyImageNet/PGD/ALL
[2026-09-11 09:53:35] [OK] RegNetX_400MF/TinyImageNet/PGD/ALL
[2026-09-11 09:53:38] [CMD] qsub -q all.q -l ngpus=1 -v MODEL="RegNetX_400MF",DATASET="TinyImageNet",ATTACK="PGD",KIND="ALL",PHASE="generate",OUTPUT_DIR="adversarial_results_ep300_pre100" adversarial_hpc_submit.pbs </dev/null
[2026-09-11 09:53:38] [OK] qsub output: Your job 6504362 ("adversarial_hpc_submit.pbs") has been submitted
[2026-09-11 09:53:39] [OK] RegNetX_400MF/TinyImageNet/CW/ALL
[2026-09-11 09:53:41] [SUBMIT] RegNetX_400MF/TinyImageNet/FGSM/ALL
[2026-09-11 09:53:43] [OK] qsub output: Your job 6504363 ("adversarial_hpc_submit.pbs") has been submitted
[2026-09-11 09:53:48] [OK] RegNetX_400MF/TinyImageNet/PGD/ALL
[2026-09-11 09:53:48] [SUBMIT] RegNetX_400MF/TinyImageNet/DeepFool/ALL
[2026-09-11 09:53:48] [CMD] qsub -q all.q -l ngpus=1 -v MODEL="RegNetX_400MF",DATASET="TinyImageNet",ATTACK="FGSM",KIND="ALL",PHASE="generate",OUTPUT_DIR="adversarial_results_ep100_pre300" adversarial_hpc_submit.pbs </dev/null
[2026-09-11 09:53:49] [OK] qsub output: Your job 6504365 ("adversarial_hpc_submit.pbs") has been submitted
[2026-09-11 09:53:54] [CMD] qsub -q all.q -l ngpus=1 -v MODEL="RegNetX_400MF",DATASET="TinyImageNet",ATTACK="DeepFool",KIND="ALL",PHASE="generate",OUTPUT_DIR="adversarial_results_ep200_pre200" adversarial_hpc_submit.pbs </dev/null
[2026-09-11 09:54:05] [OK] RegNetX_400MF/TinyImageNet/FGSM/ALL
[2026-09-11 09:54:10] [SUBMIT] RegNetX_400MF/TinyImageNet/FGSM/ALL
[2026-09-11 09:54:12] [CMD] qsub -q all.q -l ngpus=1 -v MODEL="RegNetX_400MF",DATASET="TinyImageNet",ATTACK="FGSM",KIND="ALL",PHASE="generate",OUTPUT_DIR="adversarial_results_ep300_pre100" adversarial_hpc_submit.pbs </dev/null
[2026-09-11 09:54:12] [OK] qsub output: Your job 6504366 ("adversarial_hpc_submit.pbs") has been submitted
[2026-09-11 09:54:12] [SUBMIT] RegNetX_400MF/TinyImageNet/IFGSM/ALL
[2026-09-11 09:54:12] [CMD] qsub -q all.q -l ngpus=1 -v MODEL="RegNetX_400MF",DATASET="TinyImageNet",ATTACK="IFGSM",KIND="ALL",PHASE="generate",OUTPUT_DIR="adversarial_results_ep100_pre300" adversarial_hpc_submit.pbs </dev/null
[2026-09-11 09:54:17] [OK] RegNetX_400MF/TinyImageNet/DeepFool/ALL
[2026-09-11 09:54:17] [OK] qsub output: Your job 6504367 ("adversarial_hpc_submit.pbs") has been submitted
[2026-09-11 09:54:17] [SUBMIT] InceptionNet/Cifar10/PGD/ALL
[2026-09-11 09:54:17] [CMD] qsub -q all.q -l ngpus=1 -v MODEL="InceptionNet",DATASET="Cifar10",ATTACK="PGD",KIND="ALL",PHASE="generate",OUTPUT_DIR="adversarial_results_ep200_pre200" adversarial_hpc_submit.pbs </dev/null
[2026-09-11 09:54:18] [OK] RegNetX_400MF/TinyImageNet/IFGSM/ALL
[2026-09-11 09:54:18] [OK] qsub output: Your job 6504369 ("adversarial_hpc_submit.pbs") has been submitted
[2026-09-11 09:54:18] [SUBMIT] RegNetX_400MF/TinyImageNet/BIM/ALL
[2026-09-11 09:54:18] [CMD] qsub -q all.q -l ngpus=1 -v MODEL="RegNetX_400MF",DATASET="TinyImageNet",ATTACK="BIM",KIND="ALL",PHASE="generate",OUTPUT_DIR="adversarial_results_ep100_pre300" adversarial_hpc_submit.pbs </dev/null
[2026-09-11 09:54:19] [OK] RegNetX_400MF/TinyImageNet/FGSM/ALL
[2026-09-11 09:54:19] [OK] qsub output: Your job 6504368 ("adversarial_hpc_submit.pbs") has been submitted
[2026-09-11 09:54:19] [SUBMIT] RegNetX_400MF/TinyImageNet/IFGSM/ALL
[2026-09-11 09:54:19] [CMD] qsub -q all.q -l ngpus=1 -v MODEL="RegNetX_400MF",DATASET="TinyImageNet",ATTACK="IFGSM",KIND="ALL",PHASE="generate",OUTPUT_DIR="adversarial_results_ep300_pre100" adversarial_hpc_submit.pbs </dev/null
[2026-09-11 09:54:22] [OK] InceptionNet/Cifar10/PGD/ALL
[2026-09-11 09:54:22] [OK] qsub output: Your job 6504371 ("adversarial_hpc_submit.pbs") has been submitted
[2026-09-11 09:54:22] [SUBMIT] InceptionNet/Cifar10/FGSM/ALL
[2026-09-11 09:54:22] [CMD] qsub -q all.q -l ngpus=1 -v MODEL="InceptionNet",DATASET="Cifar10",ATTACK="FGSM",KIND="ALL",PHASE="generate",OUTPUT_DIR="adversarial_results_ep200_pre200" adversarial_hpc_submit.pbs </dev/null
[2026-09-11 09:54:23] [OK] RegNetX_400MF/TinyImageNet/BIM/ALL
[2026-09-11 09:54:23] [OK] qsub output: Your job 6504372 ("adversarial_hpc_submit.pbs") has been submitted
[2026-09-11 09:54:23] [SUBMIT] RegNetX_400MF/TinyImageNet/APGD/ALL
[2026-09-11 09:54:23] [CMD] qsub -q all.q -l ngpus=1 -v MODEL="RegNetX_400MF",DATASET="TinyImageNet",ATTACK="APGD",KIND="ALL",PHASE="generate",OUTPUT_DIR="adversarial_results_ep100_pre300" adversarial_hpc_submit.pbs </dev/null
[2026-09-11 09:54:32] [OK] RegNetX_400MF/TinyImageNet/IFGSM/ALL
[2026-09-11 09:54:32] [OK] qsub output: Your job 6504373 ("adversarial_hpc_submit.pbs") has been submitted
[2026-09-11 09:54:32] [SUBMIT] RegNetX_400MF/TinyImageNet/BIM/ALL
[2026-09-11 09:54:32] [CMD] qsub -q all.q -l ngpus=1 -v MODEL="RegNetX_400MF",DATASET="TinyImageNet",ATTACK="BIM",KIND="ALL",PHASE="generate",OUTPUT_DIR="adversarial_results_ep300_pre100" adversarial_hpc_submit.pbs </dev/null
[2026-09-11 09:54:34] [OK] InceptionNet/Cifar10/FGSM/ALL
[2026-09-11 09:54:34] [OK] qsub output: Your job 6504374 ("adversarial_hpc_submit.pbs") has been submitted
[2026-09-11 09:54:34] [SUBMIT] InceptionNet/Cifar10/IFGSM/ALL
[2026-09-11 09:54:34] [CMD] qsub -q all.q -l ngpus=1 -v MODEL="InceptionNet",DATASET="Cifar10",ATTACK="IFGSM",KIND="ALL",PHASE="generate",OUTPUT_DIR="adversarial_results_ep200_pre200" adversarial_hpc_submit.pbs </dev/null
[2026-09-11 09:54:37] [OK] RegNetX_400MF/TinyImageNet/BIM/ALL
[2026-09-11 09:54:37] [OK] qsub output: Your job 6504376 ("adversarial_hpc_submit.pbs") has been submitted
[2026-09-11 09:54:37] [SUBMIT] RegNetX_400MF/TinyImageNet/APGD/ALL
[2026-09-11 09:54:37] [CMD] qsub -q all.q -l ngpus=1 -v MODEL="RegNetX_400MF",DATASET="TinyImageNet",ATTACK="APGD",KIND="ALL",PHASE="generate",OUTPUT_DIR="adversarial_results_ep300_pre100" adversarial_hpc_submit.pbs </dev/null
[2026-09-11 09:54:38] [OK] RegNetX_400MF/TinyImageNet/APGD/ALL
[2026-09-11 09:54:38] [OK] qsub output: Your job 6504375 ("adversarial_hpc_submit.pbs") has been submitted
[2026-09-11 09:54:38] [SUBMIT] RegNetX_400MF/TinyImageNet/CW/ALL
[2026-09-11 09:54:38] [CMD] qsub -q all.q -l ngpus=1 -v MODEL="RegNetX_400MF",DATASET="TinyImageNet",ATTACK="CW",KIND="ALL",PHASE="generate",OUTPUT_DIR="adversarial_results_ep100_pre300" adversarial_hpc_submit.pbs </dev/null
[2026-09-11 09:54:42] [OK] RegNetX_400MF/TinyImageNet/APGD/ALL
[2026-09-11 09:54:42] [OK] qsub output: Your job 6504378 ("adversarial_hpc_submit.pbs") has been submitted
[2026-09-11 09:54:42] [SUBMIT] RegNetX_400MF/TinyImageNet/CW/ALL
[2026-09-11 09:54:42] [CMD] qsub -q all.q -l ngpus=1 -v MODEL="RegNetX_400MF",DATASET="TinyImageNet",ATTACK="CW",KIND="ALL",PHASE="generate",OUTPUT_DIR="adversarial_results_ep300_pre100" adversarial_hpc_submit.pbs </dev/null
[2026-09-11 09:54:46] [OK] InceptionNet/Cifar10/IFGSM/ALL
[2026-09-11 09:54:46] [OK] qsub output: Your job 6504377 ("adversarial_hpc_submit.pbs") has been submitted
[2026-09-11 09:54:47] [SUBMIT] InceptionNet/Cifar10/BIM/ALL
[2026-09-11 09:54:47] [CMD] qsub -q all.q -l ngpus=1 -v MODEL="InceptionNet",DATASET="Cifar10",ATTACK="BIM",KIND="ALL",PHASE="generate",OUTPUT_DIR="adversarial_results_ep200_pre200" adversarial_hpc_submit.pbs </dev/null
[2026-09-11 09:54:48] [OK] RegNetX_400MF/TinyImageNet/CW/ALL
[2026-09-11 09:54:48] [OK] qsub output: Your job 6504379 ("adversarial_hpc_submit.pbs") has been submitted
[2026-09-11 09:54:48] [SUBMIT] RegNetX_400MF/TinyImageNet/DeepFool/ALL
[2026-09-11 09:54:48] [CMD] qsub -q all.q -l ngpus=1 -v MODEL="RegNetX_400MF",DATASET="TinyImageNet",ATTACK="DeepFool",KIND="ALL",PHASE="generate",OUTPUT_DIR="adversarial_results_ep100_pre300" adversarial_hpc_submit.pbs </dev/null
[2026-09-11 09:54:56] [OK] RegNetX_400MF/TinyImageNet/CW/ALL
[2026-09-11 09:54:56] [OK] qsub output: Your job 6504380 ("adversarial_hpc_submit.pbs") has been submitted
[2026-09-11 09:54:56] [SUBMIT] RegNetX_400MF/TinyImageNet/DeepFool/ALL
[2026-09-11 09:54:56] [CMD] qsub -q all.q -l ngpus=1 -v MODEL="RegNetX_400MF",DATASET="TinyImageNet",ATTACK="DeepFool",KIND="ALL",PHASE="generate",OUTPUT_DIR="adversarial_results_ep300_pre100" adversarial_hpc_submit.pbs </dev/null
[2026-09-11 09:54:56] [OK] InceptionNet/Cifar10/BIM/ALL
[2026-09-11 09:54:56] [OK] qsub output: Your job 6504381 ("adversarial_hpc_submit.pbs") has been submitted
[2026-09-11 09:54:56] [SUBMIT] InceptionNet/Cifar10/APGD/ALL
[2026-09-11 09:54:56] [CMD] qsub -q all.q -l ngpus=1 -v MODEL="InceptionNet",DATASET="Cifar10",ATTACK="APGD",KIND="ALL",PHASE="generate",OUTPUT_DIR="adversarial_results_ep200_pre200" adversarial_hpc_submit.pbs </dev/null
[2026-09-11 09:55:00] [OK] RegNetX_400MF/TinyImageNet/DeepFool/ALL
[2026-09-11 09:55:00] [OK] qsub output: Your job 6504383 ("adversarial_hpc_submit.pbs") has been submitted
[2026-09-11 09:55:00] [SUBMIT] InceptionNet/Cifar10/PGD/ALL
[2026-09-11 09:55:00] [CMD] qsub -q all.q -l ngpus=1 -v MODEL="InceptionNet",DATASET="Cifar10",ATTACK="PGD",KIND="ALL",PHASE="generate",OUTPUT_DIR="adversarial_results_ep300_pre100" adversarial_hpc_submit.pbs </dev/null
[2026-09-11 09:55:01] [OK] RegNetX_400MF/TinyImageNet/DeepFool/ALL
[2026-09-11 09:55:01] [OK] qsub output: Your job 6504382 ("adversarial_hpc_submit.pbs") has been submitted
[2026-09-11 09:55:01] [SUBMIT] InceptionNet/Cifar10/PGD/ALL
[2026-09-11 09:55:01] [CMD] qsub -q all.q -l ngpus=1 -v MODEL="InceptionNet",DATASET="Cifar10",ATTACK="PGD",KIND="ALL",PHASE="generate",OUTPUT_DIR="adversarial_results_ep100_pre300" adversarial_hpc_submit.pbs </dev/null
[2026-09-11 09:55:05] [OK] InceptionNet/Cifar10/APGD/ALL
[2026-09-11 09:55:05] [OK] qsub output: Your job 6504384 ("adversarial_hpc_submit.pbs") has been submitted
[2026-09-11 09:55:05] [SUBMIT] InceptionNet/Cifar10/CW/ALL
[2026-09-11 09:55:09] [OK] InceptionNet/Cifar10/PGD/ALL
[2026-09-11 09:55:09] [CMD] qsub -q all.q -l ngpus=1 -v MODEL="InceptionNet",DATASET="Cifar10",ATTACK="CW",KIND="ALL",PHASE="generate",OUTPUT_DIR="adversarial_results_ep200_pre200" adversarial_hpc_submit.pbs </dev/null
[2026-09-11 09:55:09] [OK] qsub output: Your job 6504386 ("adversarial_hpc_submit.pbs") has been submitted
[2026-09-11 09:55:09] [SUBMIT] InceptionNet/Cifar10/FGSM/ALL
[2026-09-11 09:55:09] [CMD] qsub -q all.q -l ngpus=1 -v MODEL="InceptionNet",DATASET="Cifar10",ATTACK="FGSM",KIND="ALL",PHASE="generate",OUTPUT_DIR="adversarial_results_ep100_pre300" adversarial_hpc_submit.pbs </dev/null
[2026-09-11 09:55:10] [OK] InceptionNet/Cifar10/PGD/ALL
[2026-09-11 09:55:13] [OK] InceptionNet/Cifar10/FGSM/ALL
[2026-09-11 09:55:14] [OK] InceptionNet/Cifar10/CW/ALL
[2026-09-11 09:55:15] [OK] qsub output: Your job 6504385 ("adversarial_hpc_submit.pbs") has been submitted
[2026-09-11 09:55:15] [OK] qsub output: Your job 6504388 ("adversarial_hpc_submit.pbs") has been submitted
[2026-09-11 09:55:15] [OK] qsub output: Your job 6504387 ("adversarial_hpc_submit.pbs") has been submitted
[2026-09-11 09:55:16] [SUBMIT] InceptionNet/Cifar10/FGSM/ALL
[2026-09-11 09:55:16] [CMD] qsub -q all.q -l ngpus=1 -v MODEL="InceptionNet",DATASET="Cifar10",ATTACK="FGSM",KIND="ALL",PHASE="generate",OUTPUT_DIR="adversarial_results_ep300_pre100" adversarial_hpc_submit.pbs </dev/null
[2026-09-11 09:55:16] [SUBMIT] InceptionNet/Cifar10/IFGSM/ALL
[2026-09-11 09:55:16] [SUBMIT] InceptionNet/Cifar10/DeepFool/ALL
[2026-09-11 09:55:16] [CMD] qsub -q all.q -l ngpus=1 -v MODEL="InceptionNet",DATASET="Cifar10",ATTACK="IFGSM",KIND="ALL",PHASE="generate",OUTPUT_DIR="adversarial_results_ep100_pre300" adversarial_hpc_submit.pbs </dev/null
[2026-09-11 09:55:16] [CMD] qsub -q all.q -l ngpus=1 -v MODEL="InceptionNet",DATASET="Cifar10",ATTACK="DeepFool",KIND="ALL",PHASE="generate",OUTPUT_DIR="adversarial_results_ep200_pre200" adversarial_hpc_submit.pbs </dev/null
[2026-09-11 09:55:23] [OK] InceptionNet/Cifar10/FGSM/ALL
[2026-09-11 09:55:23] [OK] qsub output: Your job 6504390 ("adversarial_hpc_submit.pbs") has been submitted
[2026-09-11 09:55:23] [SUBMIT] InceptionNet/Cifar10/IFGSM/ALL
[2026-09-11 09:55:23] [CMD] qsub -q all.q -l ngpus=1 -v MODEL="InceptionNet",DATASET="Cifar10",ATTACK="IFGSM",KIND="ALL",PHASE="generate",OUTPUT_DIR="adversarial_results_ep300_pre100" adversarial_hpc_submit.pbs </dev/null
[2026-09-11 09:55:23] [OK] InceptionNet/Cifar10/IFGSM/ALL
[2026-09-11 09:55:23] [OK] qsub output: Your job 6504391 ("adversarial_hpc_submit.pbs") has been submitted
[2026-09-11 09:55:24] [SUBMIT] InceptionNet/Cifar10/BIM/ALL
[2026-09-11 09:55:24] [CMD] qsub -q all.q -l ngpus=1 -v MODEL="InceptionNet",DATASET="Cifar10",ATTACK="BIM",KIND="ALL",PHASE="generate",OUTPUT_DIR="adversarial_results_ep100_pre300" adversarial_hpc_submit.pbs </dev/null
[2026-09-11 09:55:25] [OK] InceptionNet/Cifar10/DeepFool/ALL
[2026-09-11 09:55:25] [OK] qsub output: Your job 6504392 ("adversarial_hpc_submit.pbs") has been submitted
[2026-09-11 09:55:25] [SUBMIT] InceptionNet/Cifar100/PGD/ALL
[2026-09-11 09:55:25] [CMD] qsub -q all.q -l ngpus=1 -v MODEL="InceptionNet",DATASET="Cifar100",ATTACK="PGD",KIND="ALL",PHASE="generate",OUTPUT_DIR="adversarial_results_ep200_pre200" adversarial_hpc_submit.pbs </dev/null
[2026-09-11 09:55:27] [OK] InceptionNet/Cifar10/IFGSM/ALL
[2026-09-11 09:55:27] [OK] qsub output: Your job 6504393 ("adversarial_hpc_submit.pbs") has been submitted
[2026-09-11 09:55:27] [SUBMIT] InceptionNet/Cifar10/BIM/ALL
[2026-09-11 09:55:27] [CMD] qsub -q all.q -l ngpus=1 -v MODEL="InceptionNet",DATASET="Cifar10",ATTACK="BIM",KIND="ALL",PHASE="generate",OUTPUT_DIR="adversarial_results_ep300_pre100" adversarial_hpc_submit.pbs </dev/null
[2026-09-11 09:55:29] [OK] InceptionNet/Cifar100/PGD/ALL
[2026-09-11 09:55:29] [OK] qsub output: Your job 6504395 ("adversarial_hpc_submit.pbs") has been submitted
[2026-09-11 09:55:29] [SUBMIT] InceptionNet/Cifar100/FGSM/ALL
[2026-09-11 09:55:29] [CMD] qsub -q all.q -l ngpus=1 -v MODEL="InceptionNet",DATASET="Cifar100",ATTACK="FGSM",KIND="ALL",PHASE="generate",OUTPUT_DIR="adversarial_results_ep200_pre200" adversarial_hpc_submit.pbs </dev/null
[2026-09-11 09:55:34] [OK] InceptionNet/Cifar10/BIM/ALL
[2026-09-11 09:55:34] [OK] qsub output: Your job 6504394 ("adversarial_hpc_submit.pbs") has been submitted
[2026-09-11 09:55:34] [SUBMIT] InceptionNet/Cifar10/APGD/ALL
[2026-09-11 09:55:34] [CMD] qsub -q all.q -l ngpus=1 -v MODEL="InceptionNet",DATASET="Cifar10",ATTACK="APGD",KIND="ALL",PHASE="generate",OUTPUT_DIR="adversarial_results_ep100_pre300" adversarial_hpc_submit.pbs </dev/null
[2026-09-11 09:55:36] [OK] InceptionNet/Cifar10/BIM/ALL
[2026-09-11 09:55:36] [OK] qsub output: Your job 6504396 ("adversarial_hpc_submit.pbs") has been submitted
[2026-09-11 09:55:37] [SUBMIT] InceptionNet/Cifar10/APGD/ALL
[2026-09-11 09:55:37] [CMD] qsub -q all.q -l ngpus=1 -v MODEL="InceptionNet",DATASET="Cifar10",ATTACK="APGD",KIND="ALL",PHASE="generate",OUTPUT_DIR="adversarial_results_ep300_pre100" adversarial_hpc_submit.pbs </dev/null
[2026-09-11 09:55:40] [OK] InceptionNet/Cifar100/FGSM/ALL
[2026-09-11 09:55:40] [OK] qsub output: Your job 6504397 ("adversarial_hpc_submit.pbs") has been submitted
[2026-09-11 09:55:40] [SUBMIT] InceptionNet/Cifar100/IFGSM/ALL
[2026-09-11 09:55:40] [CMD] qsub -q all.q -l ngpus=1 -v MODEL="InceptionNet",DATASET="Cifar100",ATTACK="IFGSM",KIND="ALL",PHASE="generate",OUTPUT_DIR="adversarial_results_ep200_pre200" adversarial_hpc_submit.pbs </dev/null
[2026-09-11 09:55:42] [OK] InceptionNet/Cifar10/APGD/ALL
[2026-09-11 09:55:42] [OK] qsub output: Your job 6504398 ("adversarial_hpc_submit.pbs") has been submitted
[2026-09-11 09:55:43] [SUBMIT] InceptionNet/Cifar10/CW/ALL
[2026-09-11 09:55:43] [CMD] qsub -q all.q -l ngpus=1 -v MODEL="InceptionNet",DATASET="Cifar10",ATTACK="CW",KIND="ALL",PHASE="generate",OUTPUT_DIR="adversarial_results_ep100_pre300" adversarial_hpc_submit.pbs </dev/null
[2026-09-11 09:55:46] [OK] InceptionNet/Cifar10/APGD/ALL
[2026-09-11 09:55:46] [OK] qsub output: Your job 6504399 ("adversarial_hpc_submit.pbs") has been submitted
[2026-09-11 09:55:47] [SUBMIT] InceptionNet/Cifar10/CW/ALL
[2026-09-11 09:55:47] [CMD] qsub -q all.q -l ngpus=1 -v MODEL="InceptionNet",DATASET="Cifar10",ATTACK="CW",KIND="ALL",PHASE="generate",OUTPUT_DIR="adversarial_results_ep300_pre100" adversarial_hpc_submit.pbs </dev/null
[2026-09-11 09:55:48] [OK] InceptionNet/Cifar100/IFGSM/ALL
[2026-09-11 09:55:48] [OK] qsub output: Your job 6504400 ("adversarial_hpc_submit.pbs") has been submitted
[2026-09-11 09:55:48] [SUBMIT] InceptionNet/Cifar100/BIM/ALL
[2026-09-11 09:55:48] [CMD] qsub -q all.q -l ngpus=1 -v MODEL="InceptionNet",DATASET="Cifar100",ATTACK="BIM",KIND="ALL",PHASE="generate",OUTPUT_DIR="adversarial_results_ep200_pre200" adversarial_hpc_submit.pbs </dev/null
[2026-09-11 09:55:49] [OK] InceptionNet/Cifar10/CW/ALL
[2026-09-11 09:55:49] [OK] qsub output: Your job 6504401 ("adversarial_hpc_submit.pbs") has been submitted
[2026-09-11 09:55:49] [SUBMIT] InceptionNet/Cifar10/DeepFool/ALL
[2026-09-11 09:55:49] [CMD] qsub -q all.q -l ngpus=1 -v MODEL="InceptionNet",DATASET="Cifar10",ATTACK="DeepFool",KIND="ALL",PHASE="generate",OUTPUT_DIR="adversarial_results_ep100_pre300" adversarial_hpc_submit.pbs </dev/null
[2026-09-11 09:55:51] [OK] InceptionNet/Cifar100/BIM/ALL
[2026-09-11 09:55:51] [OK] qsub output: Your job 6504403 ("adversarial_hpc_submit.pbs") has been submitted
[2026-09-11 09:55:51] [SUBMIT] InceptionNet/Cifar100/APGD/ALL
[2026-09-11 09:55:51] [CMD] qsub -q all.q -l ngpus=1 -v MODEL="InceptionNet",DATASET="Cifar100",ATTACK="APGD",KIND="ALL",PHASE="generate",OUTPUT_DIR="adversarial_results_ep200_pre200" adversarial_hpc_submit.pbs </dev/null
[2026-09-11 09:55:53] [OK] InceptionNet/Cifar10/CW/ALL
[2026-09-11 09:55:53] [OK] qsub output: Your job 6504402 ("adversarial_hpc_submit.pbs") has been submitted
[2026-09-11 09:55:54] [OK] InceptionNet/Cifar10/DeepFool/ALL
[2026-09-11 09:55:54] [OK] qsub output: Your job 6504404 ("adversarial_hpc_submit.pbs") has been submitted
[2026-09-11 09:55:54] [SUBMIT] InceptionNet/Cifar10/DeepFool/ALL
[2026-09-11 09:55:54] [CMD] qsub -q all.q -l ngpus=1 -v MODEL="InceptionNet",DATASET="Cifar10",ATTACK="DeepFool",KIND="ALL",PHASE="generate",OUTPUT_DIR="adversarial_results_ep300_pre100" adversarial_hpc_submit.pbs </dev/null
[2026-09-11 09:55:54] [SUBMIT] InceptionNet/Cifar100/PGD/ALL
[2026-09-11 09:55:54] [CMD] qsub -q all.q -l ngpus=1 -v MODEL="InceptionNet",DATASET="Cifar100",ATTACK="PGD",KIND="ALL",PHASE="generate",OUTPUT_DIR="adversarial_results_ep100_pre300" adversarial_hpc_submit.pbs </dev/null
[2026-09-11 09:55:55] [OK] InceptionNet/Cifar100/APGD/ALL
[2026-09-11 09:55:55] [OK] qsub output: Your job 6504405 ("adversarial_hpc_submit.pbs") has been submitted
[2026-09-11 09:55:55] [SUBMIT] InceptionNet/Cifar100/CW/ALL
[2026-09-11 09:55:55] [CMD] qsub -q all.q -l ngpus=1 -v MODEL="InceptionNet",DATASET="Cifar100",ATTACK="CW",KIND="ALL",PHASE="generate",OUTPUT_DIR="adversarial_results_ep200_pre200" adversarial_hpc_submit.pbs </dev/null
[2026-09-11 09:55:57] [OK] InceptionNet/Cifar10/DeepFool/ALL
[2026-09-11 09:55:57] [OK] qsub output: Your job 6504406 ("adversarial_hpc_submit.pbs") has been submitted
[2026-09-11 09:55:58] [SUBMIT] InceptionNet/Cifar100/PGD/ALL
[2026-09-11 09:55:58] [CMD] qsub -q all.q -l ngpus=1 -v MODEL="InceptionNet",DATASET="Cifar100",ATTACK="PGD",KIND="ALL",PHASE="generate",OUTPUT_DIR="adversarial_results_ep300_pre100" adversarial_hpc_submit.pbs </dev/null
[2026-09-11 09:56:01] [OK] InceptionNet/Cifar100/PGD/ALL
[2026-09-11 09:56:01] [OK] qsub output: Your job 6504407 ("adversarial_hpc_submit.pbs") has been submitted
[2026-09-11 09:56:02] [SUBMIT] InceptionNet/Cifar100/FGSM/ALL
[2026-09-11 09:56:02] [CMD] qsub -q all.q -l ngpus=1 -v MODEL="InceptionNet",DATASET="Cifar100",ATTACK="FGSM",KIND="ALL",PHASE="generate",OUTPUT_DIR="adversarial_results_ep100_pre300" adversarial_hpc_submit.pbs </dev/null
[2026-09-11 09:56:02] [OK] InceptionNet/Cifar100/PGD/ALL
[2026-09-11 09:56:02] [OK] qsub output: Your job 6504409 ("adversarial_hpc_submit.pbs") has been submitted
[2026-09-11 09:56:03] [SUBMIT] InceptionNet/Cifar100/FGSM/ALL
[2026-09-11 09:56:03] [CMD] qsub -q all.q -l ngpus=1 -v MODEL="InceptionNet",DATASET="Cifar100",ATTACK="FGSM",KIND="ALL",PHASE="generate",OUTPUT_DIR="adversarial_results_ep300_pre100" adversarial_hpc_submit.pbs </dev/null
[2026-09-11 09:56:04] [OK] InceptionNet/Cifar100/CW/ALL
[2026-09-11 09:56:04] [OK] qsub output: Your job 6504408 ("adversarial_hpc_submit.pbs") has been submitted
[2026-09-11 09:56:04] [SUBMIT] InceptionNet/Cifar100/DeepFool/ALL
[2026-09-11 09:56:04] [CMD] qsub -q all.q -l ngpus=1 -v MODEL="InceptionNet",DATASET="Cifar100",ATTACK="DeepFool",KIND="ALL",PHASE="generate",OUTPUT_DIR="adversarial_results_ep200_pre200" adversarial_hpc_submit.pbs </dev/null
[2026-09-11 09:56:10] [OK] InceptionNet/Cifar100/FGSM/ALL
[2026-09-11 09:56:10] [OK] qsub output: Your job 6504410 ("adversarial_hpc_submit.pbs") has been submitted
[2026-09-11 09:56:10] [SUBMIT] InceptionNet/Cifar100/IFGSM/ALL
[2026-09-11 09:56:10] [CMD] qsub -q all.q -l ngpus=1 -v MODEL="InceptionNet",DATASET="Cifar100",ATTACK="IFGSM",KIND="ALL",PHASE="generate",OUTPUT_DIR="adversarial_results_ep100_pre300" adversarial_hpc_submit.pbs </dev/null
[2026-09-11 09:56:13] [OK] InceptionNet/Cifar100/FGSM/ALL
[2026-09-11 09:56:13] [OK] InceptionNet/Cifar100/DeepFool/ALL
[2026-09-11 09:56:13] [OK] qsub output: Your job 6504412 ("adversarial_hpc_submit.pbs") has been submitted
[2026-09-11 09:56:13] [OK] qsub output: Your job 6504411 ("adversarial_hpc_submit.pbs") has been submitted
[2026-09-11 09:56:14] [SUBMIT] InceptionNet/TinyImageNet/PGD/ALL
[2026-09-11 09:56:14] [SUBMIT] InceptionNet/Cifar100/IFGSM/ALL
[2026-09-11 09:56:14] [CMD] qsub -q all.q -l ngpus=1 -v MODEL="InceptionNet",DATASET="TinyImageNet",ATTACK="PGD",KIND="ALL",PHASE="generate",OUTPUT_DIR="adversarial_results_ep200_pre200" adversarial_hpc_submit.pbs </dev/null
[2026-09-11 09:56:14] [CMD] qsub -q all.q -l ngpus=1 -v MODEL="InceptionNet",DATASET="Cifar100",ATTACK="IFGSM",KIND="ALL",PHASE="generate",OUTPUT_DIR="adversarial_results_ep300_pre100" adversarial_hpc_submit.pbs </dev/null
[2026-09-11 09:56:22] [OK] InceptionNet/Cifar100/IFGSM/ALL
[2026-09-11 09:56:22] [OK] qsub output: Your job 6504413 ("adversarial_hpc_submit.pbs") has been submitted
[2026-09-11 09:56:22] [SUBMIT] InceptionNet/Cifar100/BIM/ALL
[2026-09-11 09:56:22] [CMD] qsub -q all.q -l ngpus=1 -v MODEL="InceptionNet",DATASET="Cifar100",ATTACK="BIM",KIND="ALL",PHASE="generate",OUTPUT_DIR="adversarial_results_ep100_pre300" adversarial_hpc_submit.pbs </dev/null
[2026-09-11 09:56:22] [OK] InceptionNet/TinyImageNet/PGD/ALL
[2026-09-11 09:56:22] [OK] qsub output: Your job 6504415 ("adversarial_hpc_submit.pbs") has been submitted
[2026-09-11 09:56:22] [SUBMIT] InceptionNet/TinyImageNet/FGSM/ALL
[2026-09-11 09:56:22] [CMD] qsub -q all.q -l ngpus=1 -v MODEL="InceptionNet",DATASET="TinyImageNet",ATTACK="FGSM",KIND="ALL",PHASE="generate",OUTPUT_DIR="adversarial_results_ep200_pre200" adversarial_hpc_submit.pbs </dev/null
[2026-09-11 09:56:27] [OK] InceptionNet/Cifar100/IFGSM/ALL
[2026-09-11 09:56:27] [OK] qsub output: Your job 6504416 ("adversarial_hpc_submit.pbs") has been submitted
[2026-09-11 09:56:28] [SUBMIT] InceptionNet/Cifar100/BIM/ALL
[2026-09-11 09:56:28] [CMD] qsub -q all.q -l ngpus=1 -v MODEL="InceptionNet",DATASET="Cifar100",ATTACK="BIM",KIND="ALL",PHASE="generate",OUTPUT_DIR="adversarial_results_ep300_pre100" adversarial_hpc_submit.pbs </dev/null
[2026-09-11 09:56:28] [OK] InceptionNet/Cifar100/BIM/ALL
[2026-09-11 09:56:28] [OK] qsub output: Your job 6504417 ("adversarial_hpc_submit.pbs") has been submitted
[2026-09-11 09:56:28] [SUBMIT] InceptionNet/Cifar100/APGD/ALL
[2026-09-11 09:56:29] [CMD] qsub -q all.q -l ngpus=1 -v MODEL="InceptionNet",DATASET="Cifar100",ATTACK="APGD",KIND="ALL",PHASE="generate",OUTPUT_DIR="adversarial_results_ep100_pre300" adversarial_hpc_submit.pbs </dev/null
[2026-09-11 09:56:30] [OK] InceptionNet/Cifar100/BIM/ALL
[2026-09-11 09:56:33] [OK] InceptionNet/TinyImageNet/FGSM/ALL
[2026-09-11 09:56:32] [OK] InceptionNet/Cifar100/APGD/ALL
[2026-09-11 09:56:38] [OK] qsub output: Your job 6504419 ("adversarial_hpc_submit.pbs") has been submitted
[2026-09-11 09:56:38] [OK] qsub output: Your job 6504418 ("adversarial_hpc_submit.pbs") has been submitted
[2026-09-11 09:56:38] [OK] qsub output: Your job 6504420 ("adversarial_hpc_submit.pbs") has been submitted
[2026-09-11 09:56:38] [SUBMIT] InceptionNet/Cifar100/APGD/ALL
[2026-09-11 09:56:39] [SUBMIT] InceptionNet/TinyImageNet/IFGSM/ALL
[2026-09-11 09:56:39] [CMD] qsub -q all.q -l ngpus=1 -v MODEL="InceptionNet",DATASET="Cifar100",ATTACK="APGD",KIND="ALL",PHASE="generate",OUTPUT_DIR="adversarial_results_ep300_pre100" adversarial_hpc_submit.pbs </dev/null
[2026-09-11 09:56:39] [CMD] qsub -q all.q -l ngpus=1 -v MODEL="InceptionNet",DATASET="TinyImageNet",ATTACK="IFGSM",KIND="ALL",PHASE="generate",OUTPUT_DIR="adversarial_results_ep200_pre200" adversarial_hpc_submit.pbs </dev/null
[2026-09-11 09:56:39] [SUBMIT] InceptionNet/Cifar100/CW/ALL
[2026-09-11 09:56:39] [CMD] qsub -q all.q -l ngpus=1 -v MODEL="InceptionNet",DATASET="Cifar100",ATTACK="CW",KIND="ALL",PHASE="generate",OUTPUT_DIR="adversarial_results_ep100_pre300" adversarial_hpc_submit.pbs </dev/null
[2026-09-11 09:56:47] [OK] InceptionNet/TinyImageNet/IFGSM/ALL
[2026-09-11 09:56:48] [OK] qsub output: Your job 6504422 ("adversarial_hpc_submit.pbs") has been submitted
[2026-09-11 09:56:49] [OK] InceptionNet/Cifar100/CW/ALL
[2026-09-11 09:56:49] [OK] InceptionNet/Cifar100/APGD/ALL
[2026-09-11 09:56:49] [SUBMIT] InceptionNet/TinyImageNet/BIM/ALL
[2026-09-11 09:56:53] [OK] qsub output: Your job 6504421 ("adversarial_hpc_submit.pbs") has been submitted
[2026-09-11 09:56:53] [OK] qsub output: Your job 6504423 ("adversarial_hpc_submit.pbs") has been submitted
[2026-09-11 09:56:55] [CMD] qsub -q all.q -l ngpus=1 -v MODEL="InceptionNet",DATASET="TinyImageNet",ATTACK="BIM",KIND="ALL",PHASE="generate",OUTPUT_DIR="adversarial_results_ep200_pre200" adversarial_hpc_submit.pbs </dev/null
[2026-09-11 09:57:05] [SUBMIT] InceptionNet/Cifar100/DeepFool/ALL
[2026-09-11 09:57:05] [SUBMIT] InceptionNet/Cifar100/CW/ALL
[2026-09-11 09:57:13] [OK] InceptionNet/TinyImageNet/BIM/ALL
[2026-09-11 09:57:13] [CMD] qsub -q all.q -l ngpus=1 -v MODEL="InceptionNet",DATASET="Cifar100",ATTACK="DeepFool",KIND="ALL",PHASE="generate",OUTPUT_DIR="adversarial_results_ep100_pre300" adversarial_hpc_submit.pbs </dev/null
[2026-09-11 09:57:14] [CMD] qsub -q all.q -l ngpus=1 -v MODEL="InceptionNet",DATASET="Cifar100",ATTACK="CW",KIND="ALL",PHASE="generate",OUTPUT_DIR="adversarial_results_ep300_pre100" adversarial_hpc_submit.pbs </dev/null
[2026-09-11 09:57:23] [OK] qsub output: Your job 6504424 ("adversarial_hpc_submit.pbs") has been submitted
[2026-09-11 09:58:18] [SUBMIT] InceptionNet/TinyImageNet/APGD/ALL
[2026-09-11 09:58:18] [CMD] qsub -q all.q -l ngpus=1 -v MODEL="InceptionNet",DATASET="TinyImageNet",ATTACK="APGD",KIND="ALL",PHASE="generate",OUTPUT_DIR="adversarial_results_ep200_pre200" adversarial_hpc_submit.pbs </dev/null
[2026-09-11 09:58:22] [OK] InceptionNet/Cifar100/DeepFool/ALL
[2026-09-11 09:58:23] [OK] qsub output: Your job 6504428 ("adversarial_hpc_submit.pbs") has been submitted
[2026-09-11 09:58:24] [SUBMIT] InceptionNet/TinyImageNet/PGD/ALL
[2026-09-11 09:58:24] [CMD] qsub -q all.q -l ngpus=1 -v MODEL="InceptionNet",DATASET="TinyImageNet",ATTACK="PGD",KIND="ALL",PHASE="generate",OUTPUT_DIR="adversarial_results_ep100_pre300" adversarial_hpc_submit.pbs </dev/null
[2026-09-11 09:58:27] [OK] InceptionNet/Cifar100/CW/ALL
[2026-09-11 09:58:28] [OK] qsub output: Your job 6504427 ("adversarial_hpc_submit.pbs") has been submitted
[2026-09-11 09:58:28] [SUBMIT] InceptionNet/Cifar100/DeepFool/ALL
[2026-09-11 09:58:28] [CMD] qsub -q all.q -l ngpus=1 -v MODEL="InceptionNet",DATASET="Cifar100",ATTACK="DeepFool",KIND="ALL",PHASE="generate",OUTPUT_DIR="adversarial_results_ep300_pre100" adversarial_hpc_submit.pbs </dev/null
[2026-09-11 09:58:31] [OK] InceptionNet/TinyImageNet/APGD/ALL
[2026-09-11 09:58:32] [OK] qsub output: Your job 6504429 ("adversarial_hpc_submit.pbs") has been submitted
[2026-09-11 09:58:33] [SUBMIT] InceptionNet/TinyImageNet/CW/ALL
[2026-09-11 09:58:34] [CMD] qsub -q all.q -l ngpus=1 -v MODEL="InceptionNet",DATASET="TinyImageNet",ATTACK="CW",KIND="ALL",PHASE="generate",OUTPUT_DIR="adversarial_results_ep200_pre200" adversarial_hpc_submit.pbs </dev/null
[2026-09-11 09:58:36] [OK] InceptionNet/TinyImageNet/PGD/ALL
[2026-09-11 09:58:37] [OK] InceptionNet/Cifar100/DeepFool/ALL
[2026-09-11 09:58:41] [OK] InceptionNet/TinyImageNet/CW/ALL
[2026-09-11 09:59:06] [OK] qsub output: Your job 6504431 ("adversarial_hpc_submit.pbs") has been submitted
[2026-09-11 09:59:17] [OK] qsub output: Your job 6504432 ("adversarial_hpc_submit.pbs") has been submitted
[2026-09-11 09:59:18] [OK] qsub output: Your job 6504433 ("adversarial_hpc_submit.pbs") has been submitted
[2026-09-11 09:59:20] [SUBMIT] InceptionNet/TinyImageNet/FGSM/ALL
[2026-09-11 09:59:26] [SUBMIT] InceptionNet/TinyImageNet/DeepFool/ALL
[2026-09-11 09:59:26] [SUBMIT] InceptionNet/TinyImageNet/PGD/ALL
[2026-09-11 09:59:27] [CMD] qsub -q all.q -l ngpus=1 -v MODEL="InceptionNet",DATASET="TinyImageNet",ATTACK="FGSM",KIND="ALL",PHASE="generate",OUTPUT_DIR="adversarial_results_ep100_pre300" adversarial_hpc_submit.pbs </dev/null
[2026-09-11 09:59:27] [CMD] qsub -q all.q -l ngpus=1 -v MODEL="InceptionNet",DATASET="TinyImageNet",ATTACK="DeepFool",KIND="ALL",PHASE="generate",OUTPUT_DIR="adversarial_results_ep200_pre200" adversarial_hpc_submit.pbs </dev/null
[2026-09-11 09:59:27] [CMD] qsub -q all.q -l ngpus=1 -v MODEL="InceptionNet",DATASET="TinyImageNet",ATTACK="PGD",KIND="ALL",PHASE="generate",OUTPUT_DIR="adversarial_results_ep300_pre100" adversarial_hpc_submit.pbs </dev/null
[2026-09-11 09:59:31] [OK] InceptionNet/TinyImageNet/DeepFool/ALL
[2026-09-11 09:59:31] [OK] qsub output: Your job 6504435 ("adversarial_hpc_submit.pbs") has been submitted
[2026-09-11 09:59:32] [SUBMIT] MobileNet/Cifar10/PGD/ALL
[2026-09-11 09:59:33] [CMD] qsub -q all.q -l ngpus=1 -v MODEL="MobileNet",DATASET="Cifar10",ATTACK="PGD",KIND="ALL",PHASE="generate",OUTPUT_DIR="adversarial_results_ep200_pre200" adversarial_hpc_submit.pbs </dev/null
[2026-09-11 09:59:35] [OK] InceptionNet/TinyImageNet/PGD/ALL
[2026-09-11 09:59:36] [OK] qsub output: Your job 6504436 ("adversarial_hpc_submit.pbs") has been submitted
[2026-09-11 09:59:36] [SUBMIT] InceptionNet/TinyImageNet/FGSM/ALL
[2026-09-11 09:59:38] [OK] InceptionNet/TinyImageNet/FGSM/ALL
[2026-09-11 09:59:40] [OK] MobileNet/Cifar10/PGD/ALL
[2026-09-11 09:59:49] [CMD] qsub -q all.q -l ngpus=1 -v MODEL="InceptionNet",DATASET="TinyImageNet",ATTACK="FGSM",KIND="ALL",PHASE="generate",OUTPUT_DIR="adversarial_results_ep300_pre100" adversarial_hpc_submit.pbs </dev/null
[2026-09-11 09:59:55] [OK] qsub output: Your job 6504434 ("adversarial_hpc_submit.pbs") has been submitted
[2026-09-11 09:59:55] [OK] qsub output: Your job 6504438 ("adversarial_hpc_submit.pbs") has been submitted
[2026-09-11 09:59:56] [SUBMIT] InceptionNet/TinyImageNet/IFGSM/ALL
[2026-09-11 09:59:57] [CMD] qsub -q all.q -l ngpus=1 -v MODEL="InceptionNet",DATASET="TinyImageNet",ATTACK="IFGSM",KIND="ALL",PHASE="generate",OUTPUT_DIR="adversarial_results_ep100_pre300" adversarial_hpc_submit.pbs </dev/null
[2026-09-11 09:59:57] [SUBMIT] MobileNet/Cifar10/FGSM/ALL
[2026-09-11 09:59:58] [CMD] qsub -q all.q -l ngpus=1 -v MODEL="MobileNet",DATASET="Cifar10",ATTACK="FGSM",KIND="ALL",PHASE="generate",OUTPUT_DIR="adversarial_results_ep200_pre200" adversarial_hpc_submit.pbs </dev/null
[2026-09-11 10:00:00] [OK] InceptionNet/TinyImageNet/IFGSM/ALL
[2026-09-11 10:00:00] [OK] qsub output: Your job 6504440 ("adversarial_hpc_submit.pbs") has been submitted
[2026-09-11 10:00:00] [SUBMIT] InceptionNet/TinyImageNet/BIM/ALL
[2026-09-11 10:00:00] [CMD] qsub -q all.q -l ngpus=1 -v MODEL="InceptionNet",DATASET="TinyImageNet",ATTACK="BIM",KIND="ALL",PHASE="generate",OUTPUT_DIR="adversarial_results_ep100_pre300" adversarial_hpc_submit.pbs </dev/null
[2026-09-11 10:00:03] [OK] InceptionNet/TinyImageNet/FGSM/ALL
[2026-09-11 10:00:03] [OK] qsub output: Your job 6504439 ("adversarial_hpc_submit.pbs") has been submitted
[2026-09-11 10:00:03] [SUBMIT] InceptionNet/TinyImageNet/IFGSM/ALL
[2026-09-11 10:00:03] [CMD] qsub -q all.q -l ngpus=1 -v MODEL="InceptionNet",DATASET="TinyImageNet",ATTACK="IFGSM",KIND="ALL",PHASE="generate",OUTPUT_DIR="adversarial_results_ep300_pre100" adversarial_hpc_submit.pbs </dev/null
[2026-09-11 10:00:06] [OK] MobileNet/Cifar10/FGSM/ALL
[2026-09-11 10:00:06] [OK] qsub output: Your job 6504441 ("adversarial_hpc_submit.pbs") has been submitted
[2026-09-11 10:00:06] [SUBMIT] MobileNet/Cifar10/IFGSM/ALL
[2026-09-11 10:00:06] [CMD] qsub -q all.q -l ngpus=1 -v MODEL="MobileNet",DATASET="Cifar10",ATTACK="IFGSM",KIND="ALL",PHASE="generate",OUTPUT_DIR="adversarial_results_ep200_pre200" adversarial_hpc_submit.pbs </dev/null
[2026-09-11 10:00:07] [OK] InceptionNet/TinyImageNet/BIM/ALL
[2026-09-11 10:00:07] [OK] qsub output: Your job 6504442 ("adversarial_hpc_submit.pbs") has been submitted
[2026-09-11 10:00:08] [SUBMIT] InceptionNet/TinyImageNet/APGD/ALL
[2026-09-11 10:00:08] [CMD] qsub -q all.q -l ngpus=1 -v MODEL="InceptionNet",DATASET="TinyImageNet",ATTACK="APGD",KIND="ALL",PHASE="generate",OUTPUT_DIR="adversarial_results_ep100_pre300" adversarial_hpc_submit.pbs </dev/null
[2026-09-11 10:00:09] [OK] InceptionNet/TinyImageNet/IFGSM/ALL
[2026-09-11 10:00:09] [OK] qsub output: Your job 6504443 ("adversarial_hpc_submit.pbs") has been submitted
[2026-09-11 10:00:09] [SUBMIT] InceptionNet/TinyImageNet/BIM/ALL
[2026-09-11 10:00:09] [CMD] qsub -q all.q -l ngpus=1 -v MODEL="InceptionNet",DATASET="TinyImageNet",ATTACK="BIM",KIND="ALL",PHASE="generate",OUTPUT_DIR="adversarial_results_ep300_pre100" adversarial_hpc_submit.pbs </dev/null
[2026-09-11 10:00:15] [OK] MobileNet/Cifar10/IFGSM/ALL
[2026-09-11 10:00:15] [OK] qsub output: Your job 6504444 ("adversarial_hpc_submit.pbs") has been submitted
[2026-09-11 10:00:15] [SUBMIT] MobileNet/Cifar10/BIM/ALL
[2026-09-11 10:00:15] [CMD] qsub -q all.q -l ngpus=1 -v MODEL="MobileNet",DATASET="Cifar10",ATTACK="BIM",KIND="ALL",PHASE="generate",OUTPUT_DIR="adversarial_results_ep200_pre200" adversarial_hpc_submit.pbs </dev/null
[2026-09-11 10:00:15] [OK] InceptionNet/TinyImageNet/APGD/ALL
[2026-09-11 10:00:15] [OK] qsub output: Your job 6504446 ("adversarial_hpc_submit.pbs") has been submitted
[2026-09-11 10:00:15] [SUBMIT] InceptionNet/TinyImageNet/CW/ALL
[2026-09-11 10:00:15] [CMD] qsub -q all.q -l ngpus=1 -v MODEL="InceptionNet",DATASET="TinyImageNet",ATTACK="CW",KIND="ALL",PHASE="generate",OUTPUT_DIR="adversarial_results_ep100_pre300" adversarial_hpc_submit.pbs </dev/null
[2026-09-11 10:00:22] [OK] InceptionNet/TinyImageNet/BIM/ALL
[2026-09-11 10:00:22] [OK] qsub output: Your job 6504447 ("adversarial_hpc_submit.pbs") has been submitted
[2026-09-11 10:00:22] [SUBMIT] InceptionNet/TinyImageNet/APGD/ALL
[2026-09-11 10:00:22] [CMD] qsub -q all.q -l ngpus=1 -v MODEL="InceptionNet",DATASET="TinyImageNet",ATTACK="APGD",KIND="ALL",PHASE="generate",OUTPUT_DIR="adversarial_results_ep300_pre100" adversarial_hpc_submit.pbs </dev/null
[2026-09-11 10:00:27] [OK] MobileNet/Cifar10/BIM/ALL
[2026-09-11 10:00:27] [OK] qsub output: Your job 6504449 ("adversarial_hpc_submit.pbs") has been submitted
[2026-09-11 10:00:27] [SUBMIT] MobileNet/Cifar10/APGD/ALL
[2026-09-11 10:00:27] [CMD] qsub -q all.q -l ngpus=1 -v MODEL="MobileNet",DATASET="Cifar10",ATTACK="APGD",KIND="ALL",PHASE="generate",OUTPUT_DIR="adversarial_results_ep200_pre200" adversarial_hpc_submit.pbs </dev/null
[2026-09-11 10:00:27] [OK] InceptionNet/TinyImageNet/CW/ALL
[2026-09-11 10:00:27] [OK] qsub output: Your job 6504450 ("adversarial_hpc_submit.pbs") has been submitted
[2026-09-11 10:00:28] [SUBMIT] InceptionNet/TinyImageNet/DeepFool/ALL
[2026-09-11 10:00:28] [CMD] qsub -q all.q -l ngpus=1 -v MODEL="InceptionNet",DATASET="TinyImageNet",ATTACK="DeepFool",KIND="ALL",PHASE="generate",OUTPUT_DIR="adversarial_results_ep100_pre300" adversarial_hpc_submit.pbs </dev/null
[2026-09-11 10:00:30] [OK] InceptionNet/TinyImageNet/APGD/ALL
[2026-09-11 10:00:30] [OK] qsub output: Your job 6504451 ("adversarial_hpc_submit.pbs") has been submitted
[2026-09-11 10:00:30] [SUBMIT] InceptionNet/TinyImageNet/CW/ALL
[2026-09-11 10:00:30] [CMD] qsub -q all.q -l ngpus=1 -v MODEL="InceptionNet",DATASET="TinyImageNet",ATTACK="CW",KIND="ALL",PHASE="generate",OUTPUT_DIR="adversarial_results_ep300_pre100" adversarial_hpc_submit.pbs </dev/null
[2026-09-11 10:00:30] [OK] MobileNet/Cifar10/APGD/ALL
[2026-09-11 10:00:30] [OK] qsub output: Your job 6504452 ("adversarial_hpc_submit.pbs") has been submitted
[2026-09-11 10:00:30] [SUBMIT] MobileNet/Cifar10/CW/ALL
[2026-09-11 10:00:30] [CMD] qsub -q all.q -l ngpus=1 -v MODEL="MobileNet",DATASET="Cifar10",ATTACK="CW",KIND="ALL",PHASE="generate",OUTPUT_DIR="adversarial_results_ep200_pre200" adversarial_hpc_submit.pbs </dev/null
[2026-09-11 10:00:37] [OK] InceptionNet/TinyImageNet/CW/ALL
[2026-09-11 10:00:37] [OK] qsub output: Your job 6504454 ("adversarial_hpc_submit.pbs") has been submitted
[2026-09-11 10:00:37] [SUBMIT] InceptionNet/TinyImageNet/DeepFool/ALL
[2026-09-11 10:00:37] [CMD] qsub -q all.q -l ngpus=1 -v MODEL="InceptionNet",DATASET="TinyImageNet",ATTACK="DeepFool",KIND="ALL",PHASE="generate",OUTPUT_DIR="adversarial_results_ep300_pre100" adversarial_hpc_submit.pbs </dev/null
[2026-09-11 10:00:38] [OK] InceptionNet/TinyImageNet/DeepFool/ALL
[2026-09-11 10:00:38] [OK] qsub output: Your job 6504453 ("adversarial_hpc_submit.pbs") has been submitted
[2026-09-11 10:00:38] [SUBMIT] MobileNet/Cifar10/PGD/ALL
[2026-09-11 10:00:38] [CMD] qsub -q all.q -l ngpus=1 -v MODEL="MobileNet",DATASET="Cifar10",ATTACK="PGD",KIND="ALL",PHASE="generate",OUTPUT_DIR="adversarial_results_ep100_pre300" adversarial_hpc_submit.pbs </dev/null
[2026-09-11 10:00:39] [OK] MobileNet/Cifar10/CW/ALL
[2026-09-11 10:00:39] [OK] qsub output: Your job 6504455 ("adversarial_hpc_submit.pbs") has been submitted
[2026-09-11 10:00:39] [SUBMIT] MobileNet/Cifar10/DeepFool/ALL
[2026-09-11 10:00:39] [CMD] qsub -q all.q -l ngpus=1 -v MODEL="MobileNet",DATASET="Cifar10",ATTACK="DeepFool",KIND="ALL",PHASE="generate",OUTPUT_DIR="adversarial_results_ep200_pre200" adversarial_hpc_submit.pbs </dev/null
[2026-09-11 10:00:45] [OK] InceptionNet/TinyImageNet/DeepFool/ALL
[2026-09-11 10:00:45] [OK] qsub output: Your job 6504457 ("adversarial_hpc_submit.pbs") has been submitted
[2026-09-11 10:00:45] [SUBMIT] MobileNet/Cifar10/PGD/ALL
[2026-09-11 10:00:45] [CMD] qsub -q all.q -l ngpus=1 -v MODEL="MobileNet",DATASET="Cifar10",ATTACK="PGD",KIND="ALL",PHASE="generate",OUTPUT_DIR="adversarial_results_ep300_pre100" adversarial_hpc_submit.pbs </dev/null
[2026-09-11 10:00:47] [OK] MobileNet/Cifar10/PGD/ALL
[2026-09-11 10:00:49] [OK] qsub output: Your job 6504458 ("adversarial_hpc_submit.pbs") has been submitted
[2026-09-11 10:00:49] [SUBMIT] MobileNet/Cifar10/FGSM/ALL
[2026-09-11 10:00:49] [CMD] qsub -q all.q -l ngpus=1 -v MODEL="MobileNet",DATASET="Cifar10",ATTACK="FGSM",KIND="ALL",PHASE="generate",OUTPUT_DIR="adversarial_results_ep100_pre300" adversarial_hpc_submit.pbs </dev/null
[2026-09-11 10:00:51] [OK] MobileNet/Cifar10/DeepFool/ALL
[2026-09-11 10:00:51] [OK] qsub output: Your job 6504459 ("adversarial_hpc_submit.pbs") has been submitted
[2026-09-11 10:00:51] [SUBMIT] MobileNet/Cifar100/PGD/ALL
[2026-09-11 10:00:51] [CMD] qsub -q all.q -l ngpus=1 -v MODEL="MobileNet",DATASET="Cifar100",ATTACK="PGD",KIND="ALL",PHASE="generate",OUTPUT_DIR="adversarial_results_ep200_pre200" adversarial_hpc_submit.pbs </dev/null
[2026-09-11 10:00:57] [OK] MobileNet/Cifar10/PGD/ALL
[2026-09-11 10:00:57] [OK] qsub output: Your job 6504461 ("adversarial_hpc_submit.pbs") has been submitted
[2026-09-11 10:00:57] [SUBMIT] MobileNet/Cifar10/FGSM/ALL
[2026-09-11 10:00:57] [CMD] qsub -q all.q -l ngpus=1 -v MODEL="MobileNet",DATASET="Cifar10",ATTACK="FGSM",KIND="ALL",PHASE="generate",OUTPUT_DIR="adversarial_results_ep300_pre100" adversarial_hpc_submit.pbs </dev/null
[2026-09-11 10:01:02] [OK] MobileNet/Cifar10/FGSM/ALL
[2026-09-11 10:01:02] [OK] qsub output: Your job 6504462 ("adversarial_hpc_submit.pbs") has been submitted
[2026-09-11 10:01:03] [SUBMIT] MobileNet/Cifar10/IFGSM/ALL
[2026-09-11 10:01:03] [CMD] qsub -q all.q -l ngpus=1 -v MODEL="MobileNet",DATASET="Cifar10",ATTACK="IFGSM",KIND="ALL",PHASE="generate",OUTPUT_DIR="adversarial_results_ep100_pre300" adversarial_hpc_submit.pbs </dev/null
[2026-09-11 10:01:03] [OK] MobileNet/Cifar100/PGD/ALL
[2026-09-11 10:01:03] [OK] qsub output: Your job 6504463 ("adversarial_hpc_submit.pbs") has been submitted
[2026-09-11 10:01:03] [SUBMIT] MobileNet/Cifar100/FGSM/ALL
[2026-09-11 10:01:03] [CMD] qsub -q all.q -l ngpus=1 -v MODEL="MobileNet",DATASET="Cifar100",ATTACK="FGSM",KIND="ALL",PHASE="generate",OUTPUT_DIR="adversarial_results_ep200_pre200" adversarial_hpc_submit.pbs </dev/null
[2026-09-11 10:01:07] [OK] MobileNet/Cifar10/IFGSM/ALL
[2026-09-11 10:01:07] [OK] qsub output: Your job 6504466 ("adversarial_hpc_submit.pbs") has been submitted
[2026-09-11 10:01:07] [SUBMIT] MobileNet/Cifar10/BIM/ALL
[2026-09-11 10:01:07] [CMD] qsub -q all.q -l ngpus=1 -v MODEL="MobileNet",DATASET="Cifar10",ATTACK="BIM",KIND="ALL",PHASE="generate",OUTPUT_DIR="adversarial_results_ep100_pre300" adversarial_hpc_submit.pbs </dev/null
[2026-09-11 10:01:10] [OK] MobileNet/Cifar10/FGSM/ALL
[2026-09-11 10:01:10] [OK] qsub output: Your job 6504464 ("adversarial_hpc_submit.pbs") has been submitted
[2026-09-11 10:01:10] [SUBMIT] MobileNet/Cifar10/IFGSM/ALL
[2026-09-11 10:01:10] [CMD] qsub -q all.q -l ngpus=1 -v MODEL="MobileNet",DATASET="Cifar10",ATTACK="IFGSM",KIND="ALL",PHASE="generate",OUTPUT_DIR="adversarial_results_ep300_pre100" adversarial_hpc_submit.pbs </dev/null
[2026-09-11 10:01:15] [OK] MobileNet/Cifar100/FGSM/ALL
[2026-09-11 10:01:15] [OK] qsub output: Your job 6504468 ("adversarial_hpc_submit.pbs") has been submitted
[2026-09-11 10:01:15] [SUBMIT] MobileNet/Cifar100/IFGSM/ALL
[2026-09-11 10:01:15] [CMD] qsub -q all.q -l ngpus=1 -v MODEL="MobileNet",DATASET="Cifar100",ATTACK="IFGSM",KIND="ALL",PHASE="generate",OUTPUT_DIR="adversarial_results_ep200_pre200" adversarial_hpc_submit.pbs </dev/null
[2026-09-11 10:01:21] [OK] MobileNet/Cifar10/BIM/ALL
[2026-09-11 10:01:21] [OK] qsub output: Your job 6504469 ("adversarial_hpc_submit.pbs") has been submitted
[2026-09-11 10:01:21] [SUBMIT] MobileNet/Cifar10/APGD/ALL
[2026-09-11 10:01:21] [CMD] qsub -q all.q -l ngpus=1 -v MODEL="MobileNet",DATASET="Cifar10",ATTACK="APGD",KIND="ALL",PHASE="generate",OUTPUT_DIR="adversarial_results_ep100_pre300" adversarial_hpc_submit.pbs </dev/null
[2026-09-11 10:01:23] [OK] MobileNet/Cifar10/IFGSM/ALL
[2026-09-11 10:01:23] [OK] qsub output: Your job 6504470 ("adversarial_hpc_submit.pbs") has been submitted
[2026-09-11 10:01:23] [SUBMIT] MobileNet/Cifar10/BIM/ALL
[2026-09-11 10:01:23] [CMD] qsub -q all.q -l ngpus=1 -v MODEL="MobileNet",DATASET="Cifar10",ATTACK="BIM",KIND="ALL",PHASE="generate",OUTPUT_DIR="adversarial_results_ep300_pre100" adversarial_hpc_submit.pbs </dev/null
[2026-09-11 10:01:24] [OK] MobileNet/Cifar10/APGD/ALL
[2026-09-11 10:01:24] [OK] qsub output: Your job 6504472 ("adversarial_hpc_submit.pbs") has been submitted
[2026-09-11 10:01:24] [SUBMIT] MobileNet/Cifar10/CW/ALL
[2026-09-11 10:01:25] [CMD] qsub -q all.q -l ngpus=1 -v MODEL="MobileNet",DATASET="Cifar10",ATTACK="CW",KIND="ALL",PHASE="generate",OUTPUT_DIR="adversarial_results_ep100_pre300" adversarial_hpc_submit.pbs </dev/null
[2026-09-11 10:01:29] [OK] MobileNet/Cifar100/IFGSM/ALL
[2026-09-11 10:01:29] [OK] qsub output: Your job 6504471 ("adversarial_hpc_submit.pbs") has been submitted
[2026-09-11 10:01:29] [SUBMIT] MobileNet/Cifar100/BIM/ALL
[2026-09-11 10:01:29] [CMD] qsub -q all.q -l ngpus=1 -v MODEL="MobileNet",DATASET="Cifar100",ATTACK="BIM",KIND="ALL",PHASE="generate",OUTPUT_DIR="adversarial_results_ep200_pre200" adversarial_hpc_submit.pbs </dev/null
[2026-09-11 10:01:29] [OK] MobileNet/Cifar10/BIM/ALL
[2026-09-11 10:01:29] [OK] qsub output: Your job 6504473 ("adversarial_hpc_submit.pbs") has been submitted
[2026-09-11 10:01:29] [SUBMIT] MobileNet/Cifar10/APGD/ALL
[2026-09-11 10:01:30] [CMD] qsub -q all.q -l ngpus=1 -v MODEL="MobileNet",DATASET="Cifar10",ATTACK="APGD",KIND="ALL",PHASE="generate",OUTPUT_DIR="adversarial_results_ep300_pre100" adversarial_hpc_submit.pbs </dev/null
[2026-09-11 10:01:37] [OK] MobileNet/Cifar10/CW/ALL
[2026-09-11 10:01:42] [OK] MobileNet/Cifar100/BIM/ALL
[2026-09-11 10:01:43] [OK] MobileNet/Cifar10/APGD/ALL
[2026-09-11 10:01:44] [OK] qsub output: Your job 6504474 ("adversarial_hpc_submit.pbs") has been submitted
[2026-09-11 10:01:44] [OK] qsub output: Your job 6504477 ("adversarial_hpc_submit.pbs") has been submitted
[2026-09-11 10:01:45] [OK] qsub output: Your job 6504478 ("adversarial_hpc_submit.pbs") has been submitted
[2026-09-11 10:04:01] [SUBMIT] MobileNet/Cifar10/DeepFool/ALL
[2026-09-11 10:04:01] [SUBMIT] MobileNet/Cifar10/CW/ALL
[2026-09-11 10:04:01] [SUBMIT] MobileNet/Cifar100/APGD/ALL
[2026-09-11 10:04:02] [CMD] qsub -q all.q -l ngpus=1 -v MODEL="MobileNet",DATASET="Cifar10",ATTACK="DeepFool",KIND="ALL",PHASE="generate",OUTPUT_DIR="adversarial_results_ep100_pre300" adversarial_hpc_submit.pbs </dev/null
[2026-09-11 10:04:02] [CMD] qsub -q all.q -l ngpus=1 -v MODEL="MobileNet",DATASET="Cifar10",ATTACK="CW",KIND="ALL",PHASE="generate",OUTPUT_DIR="adversarial_results_ep300_pre100" adversarial_hpc_submit.pbs </dev/null
[2026-09-11 10:04:02] [CMD] qsub -q all.q -l ngpus=1 -v MODEL="MobileNet",DATASET="Cifar100",ATTACK="APGD",KIND="ALL",PHASE="generate",OUTPUT_DIR="adversarial_results_ep200_pre200" adversarial_hpc_submit.pbs </dev/null
[2026-09-11 10:04:06] [OK] MobileNet/Cifar10/DeepFool/ALL
[2026-09-11 10:04:06] [OK] qsub output: Your job 6504492 ("adversarial_hpc_submit.pbs") has been submitted
[2026-09-11 10:04:07] [SUBMIT] MobileNet/Cifar100/PGD/ALL
[2026-09-11 10:04:07] [CMD] qsub -q all.q -l ngpus=1 -v MODEL="MobileNet",DATASET="Cifar100",ATTACK="PGD",KIND="ALL",PHASE="generate",OUTPUT_DIR="adversarial_results_ep100_pre300" adversarial_hpc_submit.pbs </dev/null
[2026-09-11 10:04:09] [OK] MobileNet/Cifar10/CW/ALL
[2026-09-11 10:04:09] [OK] qsub output: Your job 6504493 ("adversarial_hpc_submit.pbs") has been submitted
[2026-09-11 10:04:09] [SUBMIT] MobileNet/Cifar10/DeepFool/ALL
[2026-09-11 10:04:09] [CMD] qsub -q all.q -l ngpus=1 -v MODEL="MobileNet",DATASET="Cifar10",ATTACK="DeepFool",KIND="ALL",PHASE="generate",OUTPUT_DIR="adversarial_results_ep300_pre100" adversarial_hpc_submit.pbs </dev/null
[2026-09-11 10:04:13] [OK] MobileNet/Cifar100/APGD/ALL
[2026-09-11 10:04:13] [OK] qsub output: Your job 6504494 ("adversarial_hpc_submit.pbs") has been submitted
[2026-09-11 10:04:13] [SUBMIT] MobileNet/Cifar100/CW/ALL
[2026-09-11 10:04:13] [CMD] qsub -q all.q -l ngpus=1 -v MODEL="MobileNet",DATASET="Cifar100",ATTACK="CW",KIND="ALL",PHASE="generate",OUTPUT_DIR="adversarial_results_ep200_pre200" adversarial_hpc_submit.pbs </dev/null
[2026-09-11 10:04:13] [OK] MobileNet/Cifar100/PGD/ALL
[2026-09-11 10:04:13] [OK] qsub output: Your job 6504496 ("adversarial_hpc_submit.pbs") has been submitted
[2026-09-11 10:04:13] [SUBMIT] MobileNet/Cifar100/FGSM/ALL
[2026-09-11 10:04:13] [CMD] qsub -q all.q -l ngpus=1 -v MODEL="MobileNet",DATASET="Cifar100",ATTACK="FGSM",KIND="ALL",PHASE="generate",OUTPUT_DIR="adversarial_results_ep100_pre300" adversarial_hpc_submit.pbs </dev/null
[2026-09-11 10:04:18] [OK] MobileNet/Cifar10/DeepFool/ALL
[2026-09-11 10:04:18] [OK] qsub output: Your job 6504497 ("adversarial_hpc_submit.pbs") has been submitted
[2026-09-11 10:04:18] [SUBMIT] MobileNet/Cifar100/PGD/ALL
[2026-09-11 10:04:18] [CMD] qsub -q all.q -l ngpus=1 -v MODEL="MobileNet",DATASET="Cifar100",ATTACK="PGD",KIND="ALL",PHASE="generate",OUTPUT_DIR="adversarial_results_ep300_pre100" adversarial_hpc_submit.pbs </dev/null
[2026-09-11 10:04:22] [OK] MobileNet/Cifar100/CW/ALL
[2026-09-11 10:04:22] [OK] qsub output: Your job 6504498 ("adversarial_hpc_submit.pbs") has been submitted
[2026-09-11 10:04:22] [SUBMIT] MobileNet/Cifar100/DeepFool/ALL
[2026-09-11 10:04:22] [CMD] qsub -q all.q -l ngpus=1 -v MODEL="MobileNet",DATASET="Cifar100",ATTACK="DeepFool",KIND="ALL",PHASE="generate",OUTPUT_DIR="adversarial_results_ep200_pre200" adversarial_hpc_submit.pbs </dev/null
[2026-09-11 10:04:27] [OK] MobileNet/Cifar100/FGSM/ALL
[2026-09-11 10:04:27] [OK] qsub output: Your job 6504499 ("adversarial_hpc_submit.pbs") has been submitted
[2026-09-11 10:04:27] [SUBMIT] MobileNet/Cifar100/IFGSM/ALL
[2026-09-11 10:04:27] [CMD] qsub -q all.q -l ngpus=1 -v MODEL="MobileNet",DATASET="Cifar100",ATTACK="IFGSM",KIND="ALL",PHASE="generate",OUTPUT_DIR="adversarial_results_ep100_pre300" adversarial_hpc_submit.pbs </dev/null
[2026-09-11 10:04:31] [OK] MobileNet/Cifar100/PGD/ALL
[2026-09-11 10:04:31] [OK] qsub output: Your job 6504500 ("adversarial_hpc_submit.pbs") has been submitted
[2026-09-11 10:04:32] [SUBMIT] MobileNet/Cifar100/FGSM/ALL
[2026-09-11 10:04:32] [CMD] qsub -q all.q -l ngpus=1 -v MODEL="MobileNet",DATASET="Cifar100",ATTACK="FGSM",KIND="ALL",PHASE="generate",OUTPUT_DIR="adversarial_results_ep300_pre100" adversarial_hpc_submit.pbs </dev/null
[2026-09-11 10:04:34] [OK] MobileNet/Cifar100/DeepFool/ALL
[2026-09-11 10:04:34] [OK] qsub output: Your job 6504501 ("adversarial_hpc_submit.pbs") has been submitted
[2026-09-11 10:04:34] [SUBMIT] MobileNet/TinyImageNet/PGD/ALL
[2026-09-11 10:04:34] [CMD] qsub -q all.q -l ngpus=1 -v MODEL="MobileNet",DATASET="TinyImageNet",ATTACK="PGD",KIND="ALL",PHASE="generate",OUTPUT_DIR="adversarial_results_ep200_pre200" adversarial_hpc_submit.pbs </dev/null
[2026-09-11 10:04:35] [OK] MobileNet/Cifar100/IFGSM/ALL
[2026-09-11 10:04:35] [OK] qsub output: Your job 6504502 ("adversarial_hpc_submit.pbs") has been submitted
[2026-09-11 10:04:35] [SUBMIT] MobileNet/Cifar100/BIM/ALL
[2026-09-11 10:04:35] [CMD] qsub -q all.q -l ngpus=1 -v MODEL="MobileNet",DATASET="Cifar100",ATTACK="BIM",KIND="ALL",PHASE="generate",OUTPUT_DIR="adversarial_results_ep100_pre300" adversarial_hpc_submit.pbs </dev/null
[2026-09-11 10:04:36] [OK] MobileNet/Cifar100/FGSM/ALL
[2026-09-11 10:04:36] [OK] qsub output: Your job 6504503 ("adversarial_hpc_submit.pbs") has been submitted
[2026-09-11 10:04:36] [SUBMIT] MobileNet/Cifar100/IFGSM/ALL
[2026-09-11 10:04:36] [CMD] qsub -q all.q -l ngpus=1 -v MODEL="MobileNet",DATASET="Cifar100",ATTACK="IFGSM",KIND="ALL",PHASE="generate",OUTPUT_DIR="adversarial_results_ep300_pre100" adversarial_hpc_submit.pbs </dev/null
[2026-09-11 10:04:41] [OK] MobileNet/TinyImageNet/PGD/ALL
[2026-09-11 10:04:41] [OK] qsub output: Your job 6504504 ("adversarial_hpc_submit.pbs") has been submitted
[2026-09-11 10:04:41] [SUBMIT] MobileNet/TinyImageNet/FGSM/ALL
[2026-09-11 10:04:41] [CMD] qsub -q all.q -l ngpus=1 -v MODEL="MobileNet",DATASET="TinyImageNet",ATTACK="FGSM",KIND="ALL",PHASE="generate",OUTPUT_DIR="adversarial_results_ep200_pre200" adversarial_hpc_submit.pbs </dev/null
[2026-09-11 10:04:45] [OK] MobileNet/Cifar100/BIM/ALL
[2026-09-11 10:04:45] [OK] qsub output: Your job 6504505 ("adversarial_hpc_submit.pbs") has been submitted
[2026-09-11 10:04:45] [SUBMIT] MobileNet/Cifar100/APGD/ALL
[2026-09-11 10:04:45] [CMD] qsub -q all.q -l ngpus=1 -v MODEL="MobileNet",DATASET="Cifar100",ATTACK="APGD",KIND="ALL",PHASE="generate",OUTPUT_DIR="adversarial_results_ep100_pre300" adversarial_hpc_submit.pbs </dev/null
[2026-09-11 10:04:48] [OK] MobileNet/Cifar100/IFGSM/ALL
[2026-09-11 10:04:48] [OK] qsub output: Your job 6504506 ("adversarial_hpc_submit.pbs") has been submitted
[2026-09-11 10:04:48] [SUBMIT] MobileNet/Cifar100/BIM/ALL
[2026-09-11 10:04:48] [CMD] qsub -q all.q -l ngpus=1 -v MODEL="MobileNet",DATASET="Cifar100",ATTACK="BIM",KIND="ALL",PHASE="generate",OUTPUT_DIR="adversarial_results_ep300_pre100" adversarial_hpc_submit.pbs </dev/null
[2026-09-11 10:04:51] [OK] MobileNet/Cifar100/APGD/ALL
[2026-09-11 10:04:51] [OK] qsub output: Your job 6504509 ("adversarial_hpc_submit.pbs") has been submitted
[2026-09-11 10:04:51] [SUBMIT] MobileNet/Cifar100/CW/ALL
[2026-09-11 10:04:51] [CMD] qsub -q all.q -l ngpus=1 -v MODEL="MobileNet",DATASET="Cifar100",ATTACK="CW",KIND="ALL",PHASE="generate",OUTPUT_DIR="adversarial_results_ep100_pre300" adversarial_hpc_submit.pbs </dev/null
[2026-09-11 10:04:57] [OK] MobileNet/Cifar100/BIM/ALL
[2026-09-11 10:04:57] [OK] qsub output: Your job 6504510 ("adversarial_hpc_submit.pbs") has been submitted
[2026-09-11 10:04:57] [SUBMIT] MobileNet/Cifar100/APGD/ALL
[2026-09-11 10:04:57] [CMD] qsub -q all.q -l ngpus=1 -v MODEL="MobileNet",DATASET="Cifar100",ATTACK="APGD",KIND="ALL",PHASE="generate",OUTPUT_DIR="adversarial_results_ep300_pre100" adversarial_hpc_submit.pbs </dev/null
[2026-09-11 10:04:58] [OK] MobileNet/TinyImageNet/FGSM/ALL
[2026-09-11 10:04:58] [OK] qsub output: Your job 6504508 ("adversarial_hpc_submit.pbs") has been submitted
[2026-09-11 10:04:58] [SUBMIT] MobileNet/TinyImageNet/IFGSM/ALL
[2026-09-11 10:04:58] [CMD] qsub -q all.q -l ngpus=1 -v MODEL="MobileNet",DATASET="TinyImageNet",ATTACK="IFGSM",KIND="ALL",PHASE="generate",OUTPUT_DIR="adversarial_results_ep200_pre200" adversarial_hpc_submit.pbs </dev/null
[2026-09-11 10:05:03] [OK] MobileNet/Cifar100/APGD/ALL
[2026-09-11 10:05:03] [OK] qsub output: Your job 6504512 ("adversarial_hpc_submit.pbs") has been submitted
[2026-09-11 10:05:03] [SUBMIT] MobileNet/Cifar100/CW/ALL
[2026-09-11 10:05:03] [CMD] qsub -q all.q -l ngpus=1 -v MODEL="MobileNet",DATASET="Cifar100",ATTACK="CW",KIND="ALL",PHASE="generate",OUTPUT_DIR="adversarial_results_ep300_pre100" adversarial_hpc_submit.pbs </dev/null
[2026-09-11 10:05:05] [OK] MobileNet/Cifar100/CW/ALL
[2026-09-11 10:05:05] [OK] qsub output: Your job 6504511 ("adversarial_hpc_submit.pbs") has been submitted
[2026-09-11 10:05:05] [SUBMIT] MobileNet/Cifar100/DeepFool/ALL
[2026-09-11 10:05:05] [CMD] qsub -q all.q -l ngpus=1 -v MODEL="MobileNet",DATASET="Cifar100",ATTACK="DeepFool",KIND="ALL",PHASE="generate",OUTPUT_DIR="adversarial_results_ep100_pre300" adversarial_hpc_submit.pbs </dev/null
[2026-09-11 10:05:13] [OK] MobileNet/TinyImageNet/IFGSM/ALL
[2026-09-11 10:05:14] [OK] qsub output: Your job 6504514 ("adversarial_hpc_submit.pbs") has been submitted
[2026-09-11 10:05:14] [SUBMIT] MobileNet/TinyImageNet/BIM/ALL
[2026-09-11 10:05:14] [CMD] qsub -q all.q -l ngpus=1 -v MODEL="MobileNet",DATASET="TinyImageNet",ATTACK="BIM",KIND="ALL",PHASE="generate",OUTPUT_DIR="adversarial_results_ep200_pre200" adversarial_hpc_submit.pbs </dev/null
[2026-09-11 10:05:16] [OK] MobileNet/Cifar100/CW/ALL
[2026-09-11 10:05:17] [OK] qsub output: Your job 6504515 ("adversarial_hpc_submit.pbs") has been submitted
[2026-09-11 10:05:28] [OK] MobileNet/Cifar100/DeepFool/ALL
[2026-09-11 10:05:28] [SUBMIT] MobileNet/Cifar100/DeepFool/ALL
[2026-09-11 10:05:31] [OK] MobileNet/TinyImageNet/BIM/ALL
[2026-09-11 10:05:59] [OK] qsub output: Your job 6504516 ("adversarial_hpc_submit.pbs") has been submitted
[2026-09-11 10:06:01] [CMD] qsub -q all.q -l ngpus=1 -v MODEL="MobileNet",DATASET="Cifar100",ATTACK="DeepFool",KIND="ALL",PHASE="generate",OUTPUT_DIR="adversarial_results_ep300_pre100" adversarial_hpc_submit.pbs </dev/null
[2026-09-11 10:07:13] [OK] qsub output: Your job 6504518 ("adversarial_hpc_submit.pbs") has been submitted
[2026-09-11 10:07:13] [SUBMIT] MobileNet/TinyImageNet/PGD/ALL
[2026-09-11 10:07:33] [SUBMIT] MobileNet/TinyImageNet/APGD/ALL
[2026-09-11 10:07:33] [CMD] qsub -q all.q -l ngpus=1 -v MODEL="MobileNet",DATASET="TinyImageNet",ATTACK="PGD",KIND="ALL",PHASE="generate",OUTPUT_DIR="adversarial_results_ep100_pre300" adversarial_hpc_submit.pbs </dev/null
[2026-09-11 10:07:36] [OK] MobileNet/Cifar100/DeepFool/ALL
[2026-09-11 10:07:57] [CMD] qsub -q all.q -l ngpus=1 -v MODEL="MobileNet",DATASET="TinyImageNet",ATTACK="APGD",KIND="ALL",PHASE="generate",OUTPUT_DIR="adversarial_results_ep200_pre200" adversarial_hpc_submit.pbs </dev/null
[2026-09-11 10:08:10] [OK] qsub output: Your job 6504525 ("adversarial_hpc_submit.pbs") has been submitted
[2026-09-11 10:08:10] [SUBMIT] MobileNet/TinyImageNet/PGD/ALL
[2026-09-11 10:08:13] [CMD] qsub -q all.q -l ngpus=1 -v MODEL="MobileNet",DATASET="TinyImageNet",ATTACK="PGD",KIND="ALL",PHASE="generate",OUTPUT_DIR="adversarial_results_ep300_pre100" adversarial_hpc_submit.pbs </dev/null
[2026-09-11 10:08:18] [OK] MobileNet/TinyImageNet/APGD/ALL
[2026-09-11 10:08:19] [OK] MobileNet/TinyImageNet/PGD/ALL
[2026-09-11 10:08:28] [OK] MobileNet/TinyImageNet/PGD/ALL
[2026-09-11 10:08:38] [OK] qsub output: Your job 6504527 ("adversarial_hpc_submit.pbs") has been submitted
[2026-09-11 10:08:51] [OK] qsub output: Your job 6504526 ("adversarial_hpc_submit.pbs") has been submitted
[2026-09-11 10:09:12] [OK] qsub output: Your job 6504528 ("adversarial_hpc_submit.pbs") has been submitted
[2026-09-11 10:09:19] [SUBMIT] MobileNet/TinyImageNet/CW/ALL
[2026-09-11 10:09:32] [SUBMIT] MobileNet/TinyImageNet/FGSM/ALL
[2026-09-11 10:09:42] [SUBMIT] MobileNet/TinyImageNet/FGSM/ALL
[2026-09-11 10:10:00] [CMD] qsub -q all.q -l ngpus=1 -v MODEL="MobileNet",DATASET="TinyImageNet",ATTACK="CW",KIND="ALL",PHASE="generate",OUTPUT_DIR="adversarial_results_ep200_pre200" adversarial_hpc_submit.pbs </dev/null
[2026-09-11 10:10:04] [CMD] qsub -q all.q -l ngpus=1 -v MODEL="MobileNet",DATASET="TinyImageNet",ATTACK="FGSM",KIND="ALL",PHASE="generate",OUTPUT_DIR="adversarial_results_ep100_pre300" adversarial_hpc_submit.pbs </dev/null
[2026-09-11 10:10:08] [CMD] qsub -q all.q -l ngpus=1 -v MODEL="MobileNet",DATASET="TinyImageNet",ATTACK="FGSM",KIND="ALL",PHASE="generate",OUTPUT_DIR="adversarial_results_ep300_pre100" adversarial_hpc_submit.pbs </dev/null
[2026-09-11 10:10:10] [OK] MobileNet/TinyImageNet/CW/ALL
[2026-09-11 10:10:17] [OK] MobileNet/TinyImageNet/FGSM/ALL
[2026-09-11 10:10:20] [OK] qsub output: Your job 6504537 ("adversarial_hpc_submit.pbs") has been submitted
[2026-09-11 10:10:20] [OK] MobileNet/TinyImageNet/FGSM/ALL
[2026-09-11 10:10:21] [OK] qsub output: Your job 6504539 ("adversarial_hpc_submit.pbs") has been submitted
[2026-09-11 10:10:21] [OK] qsub output: Your job 6504538 ("adversarial_hpc_submit.pbs") has been submitted
[2026-09-11 10:10:21] [SUBMIT] MobileNet/TinyImageNet/DeepFool/ALL
[2026-09-11 10:10:21] [SUBMIT] MobileNet/TinyImageNet/IFGSM/ALL
[2026-09-11 10:10:21] [SUBMIT] MobileNet/TinyImageNet/IFGSM/ALL
[2026-09-11 10:10:24] [CMD] qsub -q all.q -l ngpus=1 -v MODEL="MobileNet",DATASET="TinyImageNet",ATTACK="DeepFool",KIND="ALL",PHASE="generate",OUTPUT_DIR="adversarial_results_ep200_pre200" adversarial_hpc_submit.pbs </dev/null
[2026-09-11 10:10:35] [CMD] qsub -q all.q -l ngpus=1 -v MODEL="MobileNet",DATASET="TinyImageNet",ATTACK="IFGSM",KIND="ALL",PHASE="generate",OUTPUT_DIR="adversarial_results_ep300_pre100" adversarial_hpc_submit.pbs </dev/null
[2026-09-11 10:10:37] [CMD] qsub -q all.q -l ngpus=1 -v MODEL="MobileNet",DATASET="TinyImageNet",ATTACK="IFGSM",KIND="ALL",PHASE="generate",OUTPUT_DIR="adversarial_results_ep100_pre300" adversarial_hpc_submit.pbs </dev/null
[2026-09-11 10:10:54] [OK] MobileNet/TinyImageNet/DeepFool/ALL
[2026-09-11 10:10:54] [OK] qsub output: Your job 6504548 ("adversarial_hpc_submit.pbs") has been submitted
[2026-09-11 10:10:54] [SUBMIT] XceptionNet/Cifar10/PGD/ALL
[2026-09-11 10:10:54] [CMD] qsub -q all.q -l ngpus=1 -v MODEL="XceptionNet",DATASET="Cifar10",ATTACK="PGD",KIND="ALL",PHASE="generate",OUTPUT_DIR="adversarial_results_ep200_pre200" adversarial_hpc_submit.pbs </dev/null
[2026-09-11 10:10:58] [OK] MobileNet/TinyImageNet/IFGSM/ALL
[2026-09-11 10:10:58] [OK] qsub output: Your job 6504547 ("adversarial_hpc_submit.pbs") has been submitted
[2026-09-11 10:10:58] [SUBMIT] MobileNet/TinyImageNet/BIM/ALL
[2026-09-11 10:10:58] [CMD] qsub -q all.q -l ngpus=1 -v MODEL="MobileNet",DATASET="TinyImageNet",ATTACK="BIM",KIND="ALL",PHASE="generate",OUTPUT_DIR="adversarial_results_ep300_pre100" adversarial_hpc_submit.pbs </dev/null
[2026-09-11 10:10:58] [OK] MobileNet/TinyImageNet/IFGSM/ALL
[2026-09-11 10:10:58] [OK] qsub output: Your job 6504549 ("adversarial_hpc_submit.pbs") has been submitted
[2026-09-11 10:10:58] [SUBMIT] MobileNet/TinyImageNet/BIM/ALL
[2026-09-11 10:10:59] [CMD] qsub -q all.q -l ngpus=1 -v MODEL="MobileNet",DATASET="TinyImageNet",ATTACK="BIM",KIND="ALL",PHASE="generate",OUTPUT_DIR="adversarial_results_ep100_pre300" adversarial_hpc_submit.pbs </dev/null
[2026-09-11 10:11:07] [OK] XceptionNet/Cifar10/PGD/ALL
[2026-09-11 10:11:08] [OK] qsub output: Your job 6504550 ("adversarial_hpc_submit.pbs") has been submitted
[2026-09-11 10:11:08] [SUBMIT] XceptionNet/Cifar10/FGSM/ALL
[2026-09-11 10:11:10] [CMD] qsub -q all.q -l ngpus=1 -v MODEL="XceptionNet",DATASET="Cifar10",ATTACK="FGSM",KIND="ALL",PHASE="generate",OUTPUT_DIR="adversarial_results_ep200_pre200" adversarial_hpc_submit.pbs </dev/null
[2026-09-11 10:11:14] [OK] MobileNet/TinyImageNet/BIM/ALL
[2026-09-11 10:11:16] [OK] MobileNet/TinyImageNet/BIM/ALL
[2026-09-11 10:11:17] [OK] qsub output: Your job 6504553 ("adversarial_hpc_submit.pbs") has been submitted
[2026-09-11 10:11:17] [OK] qsub output: Your job 6504552 ("adversarial_hpc_submit.pbs") has been submitted
[2026-09-11 10:11:18] [SUBMIT] MobileNet/TinyImageNet/APGD/ALL
[2026-09-11 10:11:24] [OK] XceptionNet/Cifar10/FGSM/ALL
[2026-09-11 10:11:57] [SUBMIT] MobileNet/TinyImageNet/APGD/ALL
[2026-09-11 10:12:01] [CMD] qsub -q all.q -l ngpus=1 -v MODEL="MobileNet",DATASET="TinyImageNet",ATTACK="APGD",KIND="ALL",PHASE="generate",OUTPUT_DIR="adversarial_results_ep100_pre300" adversarial_hpc_submit.pbs </dev/null
[2026-09-11 10:12:48] [OK] qsub output: Your job 6504554 ("adversarial_hpc_submit.pbs") has been submitted
[2026-09-11 10:12:51] [CMD] qsub -q all.q -l ngpus=1 -v MODEL="MobileNet",DATASET="TinyImageNet",ATTACK="APGD",KIND="ALL",PHASE="generate",OUTPUT_DIR="adversarial_results_ep300_pre100" adversarial_hpc_submit.pbs </dev/null
[2026-09-11 10:13:12] [OK] MobileNet/TinyImageNet/APGD/ALL
[2026-09-11 10:13:20] [SUBMIT] XceptionNet/Cifar10/IFGSM/ALL
[2026-09-11 10:13:34] [OK] qsub output: Your job 6504565 ("adversarial_hpc_submit.pbs") has been submitted
[2026-09-11 10:13:46] [OK] MobileNet/TinyImageNet/APGD/ALL
[2026-09-11 10:13:58] [CMD] qsub -q all.q -l ngpus=1 -v MODEL="XceptionNet",DATASET="Cifar10",ATTACK="IFGSM",KIND="ALL",PHASE="generate",OUTPUT_DIR="adversarial_results_ep200_pre200" adversarial_hpc_submit.pbs </dev/null
[2026-09-11 10:14:16] [SUBMIT] MobileNet/TinyImageNet/CW/ALL
[2026-09-11 10:14:28] [OK] qsub output: Your job 6504566 ("adversarial_hpc_submit.pbs") has been submitted
[2026-09-11 10:14:54] [CMD] qsub -q all.q -l ngpus=1 -v MODEL="MobileNet",DATASET="TinyImageNet",ATTACK="CW",KIND="ALL",PHASE="generate",OUTPUT_DIR="adversarial_results_ep100_pre300" adversarial_hpc_submit.pbs </dev/null
[2026-09-11 10:15:01] [SUBMIT] MobileNet/TinyImageNet/CW/ALL
[2026-09-11 10:15:03] [OK] XceptionNet/Cifar10/IFGSM/ALL
[2026-09-11 10:15:13] [CMD] qsub -q all.q -l ngpus=1 -v MODEL="MobileNet",DATASET="TinyImageNet",ATTACK="CW",KIND="ALL",PHASE="generate",OUTPUT_DIR="adversarial_results_ep300_pre100" adversarial_hpc_submit.pbs </dev/null
[2026-09-11 10:15:16] [OK] qsub output: Your job 6504569 ("adversarial_hpc_submit.pbs") has been submitted
[2026-09-11 10:15:18] [OK] MobileNet/TinyImageNet/CW/ALL
[2026-09-11 10:15:37] [SUBMIT] XceptionNet/Cifar10/BIM/ALL
[2026-09-11 10:15:43] [OK] MobileNet/TinyImageNet/CW/ALL
[2026-09-11 10:15:44] [OK] qsub output: Your job 6504573 ("adversarial_hpc_submit.pbs") has been submitted
[2026-09-11 10:15:51] [OK] qsub output: Your job 6504575 ("adversarial_hpc_submit.pbs") has been submitted
[2026-09-11 10:15:51] [CMD] qsub -q all.q -l ngpus=1 -v MODEL="XceptionNet",DATASET="Cifar10",ATTACK="BIM",KIND="ALL",PHASE="generate",OUTPUT_DIR="adversarial_results_ep200_pre200" adversarial_hpc_submit.pbs </dev/null
[2026-09-11 10:15:52] [SUBMIT] MobileNet/TinyImageNet/DeepFool/ALL
[2026-09-11 10:15:52] [SUBMIT] MobileNet/TinyImageNet/DeepFool/ALL
[2026-09-11 10:15:53] [CMD] qsub -q all.q -l ngpus=1 -v MODEL="MobileNet",DATASET="TinyImageNet",ATTACK="DeepFool",KIND="ALL",PHASE="generate",OUTPUT_DIR="adversarial_results_ep100_pre300" adversarial_hpc_submit.pbs </dev/null
[2026-09-11 10:15:53] [CMD] qsub -q all.q -l ngpus=1 -v MODEL="MobileNet",DATASET="TinyImageNet",ATTACK="DeepFool",KIND="ALL",PHASE="generate",OUTPUT_DIR="adversarial_results_ep300_pre100" adversarial_hpc_submit.pbs </dev/null
[2026-09-11 10:15:59] [OK] MobileNet/TinyImageNet/DeepFool/ALL
[2026-09-11 10:15:59] [OK] qsub output: Your job 6504577 ("adversarial_hpc_submit.pbs") has been submitted
[2026-09-11 10:15:59] [SUBMIT] XceptionNet/Cifar10/PGD/ALL
[2026-09-11 10:15:59] [CMD] qsub -q all.q -l ngpus=1 -v MODEL="XceptionNet",DATASET="Cifar10",ATTACK="PGD",KIND="ALL",PHASE="generate",OUTPUT_DIR="adversarial_results_ep300_pre100" adversarial_hpc_submit.pbs </dev/null
[2026-09-11 10:16:02] [OK] XceptionNet/Cifar10/BIM/ALL
[2026-09-11 10:16:02] [OK] qsub output: Your job 6504576 ("adversarial_hpc_submit.pbs") has been submitted
[2026-09-11 10:16:02] [SUBMIT] XceptionNet/Cifar10/APGD/ALL
[2026-09-11 10:16:02] [CMD] qsub -q all.q -l ngpus=1 -v MODEL="XceptionNet",DATASET="Cifar10",ATTACK="APGD",KIND="ALL",PHASE="generate",OUTPUT_DIR="adversarial_results_ep200_pre200" adversarial_hpc_submit.pbs </dev/null
[2026-09-11 10:16:03] [OK] MobileNet/TinyImageNet/DeepFool/ALL
[2026-09-11 10:16:03] [OK] qsub output: Your job 6504578 ("adversarial_hpc_submit.pbs") has been submitted
[2026-09-11 10:16:03] [SUBMIT] XceptionNet/Cifar10/PGD/ALL
[2026-09-11 10:16:03] [CMD] qsub -q all.q -l ngpus=1 -v MODEL="XceptionNet",DATASET="Cifar10",ATTACK="PGD",KIND="ALL",PHASE="generate",OUTPUT_DIR="adversarial_results_ep100_pre300" adversarial_hpc_submit.pbs </dev/null
[2026-09-11 10:16:09] [OK] XceptionNet/Cifar10/APGD/ALL
[2026-09-11 10:16:10] [OK] qsub output: Your job 6504580 ("adversarial_hpc_submit.pbs") has been submitted
[2026-09-11 10:16:10] [SUBMIT] XceptionNet/Cifar10/CW/ALL
[2026-09-11 10:16:10] [CMD] qsub -q all.q -l ngpus=1 -v MODEL="XceptionNet",DATASET="Cifar10",ATTACK="CW",KIND="ALL",PHASE="generate",OUTPUT_DIR="adversarial_results_ep200_pre200" adversarial_hpc_submit.pbs </dev/null
[2026-09-11 10:16:12] [OK] XceptionNet/Cifar10/PGD/ALL
[2026-09-11 10:16:12] [OK] XceptionNet/Cifar10/PGD/ALL
[2026-09-11 10:16:12] [OK] qsub output: Your job 6504579 ("adversarial_hpc_submit.pbs") has been submitted
[2026-09-11 10:16:12] [OK] qsub output: Your job 6504581 ("adversarial_hpc_submit.pbs") has been submitted
[2026-09-11 10:16:12] [SUBMIT] XceptionNet/Cifar10/FGSM/ALL
[2026-09-11 10:16:12] [SUBMIT] XceptionNet/Cifar10/FGSM/ALL
[2026-09-11 10:16:12] [CMD] qsub -q all.q -l ngpus=1 -v MODEL="XceptionNet",DATASET="Cifar10",ATTACK="FGSM",KIND="ALL",PHASE="generate",OUTPUT_DIR="adversarial_results_ep100_pre300" adversarial_hpc_submit.pbs </dev/null
[2026-09-11 10:16:12] [CMD] qsub -q all.q -l ngpus=1 -v MODEL="XceptionNet",DATASET="Cifar10",ATTACK="FGSM",KIND="ALL",PHASE="generate",OUTPUT_DIR="adversarial_results_ep300_pre100" adversarial_hpc_submit.pbs </dev/null
[2026-09-11 10:16:13] [OK] XceptionNet/Cifar10/CW/ALL
[2026-09-11 10:16:20] [OK] XceptionNet/Cifar10/FGSM/ALL
[2026-09-11 10:16:21] [OK] XceptionNet/Cifar10/FGSM/ALL
[2026-09-11 10:16:26] [OK] qsub output: Your job 6504582 ("adversarial_hpc_submit.pbs") has been submitted
[2026-09-11 10:16:52] [OK] qsub output: Your job 6504583 ("adversarial_hpc_submit.pbs") has been submitted
[2026-09-11 10:16:52] [OK] qsub output: Your job 6504584 ("adversarial_hpc_submit.pbs") has been submitted
[2026-09-11 10:17:10] [SUBMIT] XceptionNet/Cifar10/DeepFool/ALL
[2026-09-11 10:17:16] [SUBMIT] XceptionNet/Cifar10/IFGSM/ALL
[2026-09-11 10:17:26] [SUBMIT] XceptionNet/Cifar10/IFGSM/ALL
[2026-09-11 10:17:32] [CMD] qsub -q all.q -l ngpus=1 -v MODEL="XceptionNet",DATASET="Cifar10",ATTACK="DeepFool",KIND="ALL",PHASE="generate",OUTPUT_DIR="adversarial_results_ep200_pre200" adversarial_hpc_submit.pbs </dev/null
[2026-09-11 10:17:32] [CMD] qsub -q all.q -l ngpus=1 -v MODEL="XceptionNet",DATASET="Cifar10",ATTACK="IFGSM",KIND="ALL",PHASE="generate",OUTPUT_DIR="adversarial_results_ep300_pre100" adversarial_hpc_submit.pbs </dev/null
[2026-09-11 10:17:32] [CMD] qsub -q all.q -l ngpus=1 -v MODEL="XceptionNet",DATASET="Cifar10",ATTACK="IFGSM",KIND="ALL",PHASE="generate",OUTPUT_DIR="adversarial_results_ep100_pre300" adversarial_hpc_submit.pbs </dev/null
[2026-09-11 10:17:34] [OK] XceptionNet/Cifar10/IFGSM/ALL
[2026-09-11 10:17:35] [OK] XceptionNet/Cifar10/IFGSM/ALL
[2026-09-11 10:17:39] [OK] XceptionNet/Cifar10/DeepFool/ALL
[2026-09-11 10:17:51] [OK] qsub output: Your job 6504586 ("adversarial_hpc_submit.pbs") has been submitted
[2026-09-11 10:17:55] [OK] qsub output: Your job 6504587 ("adversarial_hpc_submit.pbs") has been submitted
[2026-09-11 10:18:17] [OK] qsub output: Your job 6504585 ("adversarial_hpc_submit.pbs") has been submitted
[2026-09-11 10:18:22] [SUBMIT] XceptionNet/Cifar10/BIM/ALL
[2026-09-11 10:18:22] [SUBMIT] XceptionNet/Cifar10/BIM/ALL
[2026-09-11 10:18:23] [SUBMIT] XceptionNet/Cifar100/PGD/ALL
[2026-09-11 10:19:09] [CMD] qsub -q all.q -l ngpus=1 -v MODEL="XceptionNet",DATASET="Cifar10",ATTACK="BIM",KIND="ALL",PHASE="generate",OUTPUT_DIR="adversarial_results_ep100_pre300" adversarial_hpc_submit.pbs </dev/null
[2026-09-11 10:19:09] [CMD] qsub -q all.q -l ngpus=1 -v MODEL="XceptionNet",DATASET="Cifar10",ATTACK="BIM",KIND="ALL",PHASE="generate",OUTPUT_DIR="adversarial_results_ep300_pre100" adversarial_hpc_submit.pbs </dev/null
[2026-09-11 10:19:10] [CMD] qsub -q all.q -l ngpus=1 -v MODEL="XceptionNet",DATASET="Cifar100",ATTACK="PGD",KIND="ALL",PHASE="generate",OUTPUT_DIR="adversarial_results_ep200_pre200" adversarial_hpc_submit.pbs </dev/null
[2026-09-11 10:19:38] [OK] XceptionNet/Cifar10/BIM/ALL
[2026-09-11 10:19:46] [OK] XceptionNet/Cifar10/BIM/ALL
[2026-09-11 10:19:46] [OK] qsub output: Your job 6504593 ("adversarial_hpc_submit.pbs") has been submitted
[2026-09-11 10:19:47] [OK] qsub output: Your job 6504594 ("adversarial_hpc_submit.pbs") has been submitted
[2026-09-11 10:19:47] [SUBMIT] XceptionNet/Cifar10/APGD/ALL
[2026-09-11 10:19:47] [CMD] qsub -q all.q -l ngpus=1 -v MODEL="XceptionNet",DATASET="Cifar10",ATTACK="APGD",KIND="ALL",PHASE="generate",OUTPUT_DIR="adversarial_results_ep100_pre300" adversarial_hpc_submit.pbs </dev/null
[2026-09-11 10:19:47] [SUBMIT] XceptionNet/Cifar10/APGD/ALL
[2026-09-11 10:19:48] [CMD] qsub -q all.q -l ngpus=1 -v MODEL="XceptionNet",DATASET="Cifar10",ATTACK="APGD",KIND="ALL",PHASE="generate",OUTPUT_DIR="adversarial_results_ep300_pre100" adversarial_hpc_submit.pbs </dev/null
[2026-09-11 10:19:53] [OK] XceptionNet/Cifar100/PGD/ALL
[2026-09-11 10:19:54] [OK] XceptionNet/Cifar10/APGD/ALL
[2026-09-11 10:19:55] [OK] qsub output: Your job 6504595 ("adversarial_hpc_submit.pbs") has been submitted
[2026-09-11 10:19:55] [OK] qsub output: Your job 6504596 ("adversarial_hpc_submit.pbs") has been submitted
[2026-09-11 10:19:55] [SUBMIT] XceptionNet/Cifar100/FGSM/ALL
[2026-09-11 10:19:55] [CMD] qsub -q all.q -l ngpus=1 -v MODEL="XceptionNet",DATASET="Cifar100",ATTACK="FGSM",KIND="ALL",PHASE="generate",OUTPUT_DIR="adversarial_results_ep200_pre200" adversarial_hpc_submit.pbs </dev/null
[2026-09-11 10:19:55] [SUBMIT] XceptionNet/Cifar10/CW/ALL
[2026-09-11 10:19:58] [CMD] qsub -q all.q -l ngpus=1 -v MODEL="XceptionNet",DATASET="Cifar10",ATTACK="CW",KIND="ALL",PHASE="generate",OUTPUT_DIR="adversarial_results_ep100_pre300" adversarial_hpc_submit.pbs </dev/null
[2026-09-11 10:20:01] [OK] XceptionNet/Cifar10/APGD/ALL
[2026-09-11 10:20:06] [OK] XceptionNet/Cifar100/FGSM/ALL
[2026-09-11 10:20:09] [OK] XceptionNet/Cifar10/CW/ALL
[2026-09-11 10:20:13] [OK] qsub output: Your job 6504598 ("adversarial_hpc_submit.pbs") has been submitted
[2026-09-11 10:20:17] [OK] qsub output: Your job 6504599 ("adversarial_hpc_submit.pbs") has been submitted
[2026-09-11 10:20:17] [OK] qsub output: Your job 6504600 ("adversarial_hpc_submit.pbs") has been submitted
[2026-09-11 10:20:17] [SUBMIT] XceptionNet/Cifar10/CW/ALL
[2026-09-11 10:20:17] [SUBMIT] XceptionNet/Cifar100/IFGSM/ALL
[2026-09-11 10:20:17] [SUBMIT] XceptionNet/Cifar10/DeepFool/ALL
[2026-09-11 10:20:17] [CMD] qsub -q all.q -l ngpus=1 -v MODEL="XceptionNet",DATASET="Cifar10",ATTACK="CW",KIND="ALL",PHASE="generate",OUTPUT_DIR="adversarial_results_ep300_pre100" adversarial_hpc_submit.pbs </dev/null
[2026-09-11 10:20:17] [CMD] qsub -q all.q -l ngpus=1 -v MODEL="XceptionNet",DATASET="Cifar100",ATTACK="IFGSM",KIND="ALL",PHASE="generate",OUTPUT_DIR="adversarial_results_ep200_pre200" adversarial_hpc_submit.pbs </dev/null
[2026-09-11 10:20:17] [CMD] qsub -q all.q -l ngpus=1 -v MODEL="XceptionNet",DATASET="Cifar10",ATTACK="DeepFool",KIND="ALL",PHASE="generate",OUTPUT_DIR="adversarial_results_ep100_pre300" adversarial_hpc_submit.pbs </dev/null
[2026-09-11 10:20:27] [OK] XceptionNet/Cifar10/CW/ALL
[2026-09-11 10:20:27] [OK] XceptionNet/Cifar100/IFGSM/ALL
[2026-09-11 10:20:28] [OK] qsub output: Your job 6504602 ("adversarial_hpc_submit.pbs") has been submitted
[2026-09-11 10:20:29] [OK] qsub output: Your job 6504603 ("adversarial_hpc_submit.pbs") has been submitted
[2026-09-11 10:20:29] [SUBMIT] XceptionNet/Cifar10/DeepFool/ALL
[2026-09-11 10:20:29] [SUBMIT] XceptionNet/Cifar100/BIM/ALL
[2026-09-11 10:20:30] [CMD] qsub -q all.q -l ngpus=1 -v MODEL="XceptionNet",DATASET="Cifar10",ATTACK="DeepFool",KIND="ALL",PHASE="generate",OUTPUT_DIR="adversarial_results_ep300_pre100" adversarial_hpc_submit.pbs </dev/null
[2026-09-11 10:20:30] [CMD] qsub -q all.q -l ngpus=1 -v MODEL="XceptionNet",DATASET="Cifar100",ATTACK="BIM",KIND="ALL",PHASE="generate",OUTPUT_DIR="adversarial_results_ep200_pre200" adversarial_hpc_submit.pbs </dev/null
[2026-09-11 10:20:32] [OK] XceptionNet/Cifar10/DeepFool/ALL
[2026-09-11 10:20:32] [OK] qsub output: Your job 6504604 ("adversarial_hpc_submit.pbs") has been submitted
[2026-09-11 10:20:32] [SUBMIT] XceptionNet/Cifar100/PGD/ALL
[2026-09-11 10:20:32] [CMD] qsub -q all.q -l ngpus=1 -v MODEL="XceptionNet",DATASET="Cifar100",ATTACK="PGD",KIND="ALL",PHASE="generate",OUTPUT_DIR="adversarial_results_ep100_pre300" adversarial_hpc_submit.pbs </dev/null
[2026-09-11 10:20:41] [OK] XceptionNet/Cifar10/DeepFool/ALL
[2026-09-11 10:20:42] [OK] qsub output: Your job 6504606 ("adversarial_hpc_submit.pbs") has been submitted
[2026-09-11 10:20:42] [SUBMIT] XceptionNet/Cifar100/PGD/ALL
[2026-09-11 10:20:42] [CMD] qsub -q all.q -l ngpus=1 -v MODEL="XceptionNet",DATASET="Cifar100",ATTACK="PGD",KIND="ALL",PHASE="generate",OUTPUT_DIR="adversarial_results_ep300_pre100" adversarial_hpc_submit.pbs </dev/null
[2026-09-11 10:20:44] [OK] XceptionNet/Cifar100/BIM/ALL
[2026-09-11 10:20:44] [OK] qsub output: Your job 6504607 ("adversarial_hpc_submit.pbs") has been submitted
[2026-09-11 10:20:44] [SUBMIT] XceptionNet/Cifar100/APGD/ALL
[2026-09-11 10:20:44] [CMD] qsub -q all.q -l ngpus=1 -v MODEL="XceptionNet",DATASET="Cifar100",ATTACK="APGD",KIND="ALL",PHASE="generate",OUTPUT_DIR="adversarial_results_ep200_pre200" adversarial_hpc_submit.pbs </dev/null
[2026-09-11 10:20:45] [OK] XceptionNet/Cifar100/PGD/ALL
[2026-09-11 10:20:45] [OK] qsub output: Your job 6504608 ("adversarial_hpc_submit.pbs") has been submitted
[2026-09-11 10:20:45] [SUBMIT] XceptionNet/Cifar100/FGSM/ALL
[2026-09-11 10:20:45] [CMD] qsub -q all.q -l ngpus=1 -v MODEL="XceptionNet",DATASET="Cifar100",ATTACK="FGSM",KIND="ALL",PHASE="generate",OUTPUT_DIR="adversarial_results_ep100_pre300" adversarial_hpc_submit.pbs </dev/null
[2026-09-11 10:20:49] [OK] XceptionNet/Cifar100/PGD/ALL
[2026-09-11 10:20:51] [OK] XceptionNet/Cifar100/FGSM/ALL
[2026-09-11 10:20:52] [OK] XceptionNet/Cifar100/APGD/ALL
[2026-09-11 10:20:56] [OK] qsub output: Your job 6504609 ("adversarial_hpc_submit.pbs") has been submitted
[2026-09-11 10:20:57] [OK] qsub output: Your job 6504611 ("adversarial_hpc_submit.pbs") has been submitted
[2026-09-11 10:20:58] [OK] qsub output: Your job 6504610 ("adversarial_hpc_submit.pbs") has been submitted
[2026-09-11 10:21:07] [SUBMIT] XceptionNet/Cifar100/FGSM/ALL
[2026-09-11 10:21:10] [SUBMIT] XceptionNet/Cifar100/IFGSM/ALL
[2026-09-11 10:21:16] [CMD] qsub -q all.q -l ngpus=1 -v MODEL="XceptionNet",DATASET="Cifar100",ATTACK="FGSM",KIND="ALL",PHASE="generate",OUTPUT_DIR="adversarial_results_ep300_pre100" adversarial_hpc_submit.pbs </dev/null
[2026-09-11 10:21:16] [SUBMIT] XceptionNet/Cifar100/CW/ALL
[2026-09-11 10:21:16] [CMD] qsub -q all.q -l ngpus=1 -v MODEL="XceptionNet",DATASET="Cifar100",ATTACK="IFGSM",KIND="ALL",PHASE="generate",OUTPUT_DIR="adversarial_results_ep100_pre300" adversarial_hpc_submit.pbs </dev/null
[2026-09-11 10:21:18] [CMD] qsub -q all.q -l ngpus=1 -v MODEL="XceptionNet",DATASET="Cifar100",ATTACK="CW",KIND="ALL",PHASE="generate",OUTPUT_DIR="adversarial_results_ep200_pre200" adversarial_hpc_submit.pbs </dev/null
[2026-09-11 10:21:23] [OK] XceptionNet/Cifar100/FGSM/ALL
[2026-09-11 10:21:23] [OK] qsub output: Your job 6504613 ("adversarial_hpc_submit.pbs") has been submitted
[2026-09-11 10:21:24] [SUBMIT] XceptionNet/Cifar100/IFGSM/ALL
[2026-09-11 10:21:24] [CMD] qsub -q all.q -l ngpus=1 -v MODEL="XceptionNet",DATASET="Cifar100",ATTACK="IFGSM",KIND="ALL",PHASE="generate",OUTPUT_DIR="adversarial_results_ep300_pre100" adversarial_hpc_submit.pbs </dev/null
[2026-09-11 10:21:26] [OK] XceptionNet/Cifar100/IFGSM/ALL
[2026-09-11 10:21:35] [OK] qsub output: Your job 6504614 ("adversarial_hpc_submit.pbs") has been submitted
[2026-09-11 10:21:35] [OK] XceptionNet/Cifar100/CW/ALL
[2026-09-11 10:21:39] [OK] qsub output: Your job 6504615 ("adversarial_hpc_submit.pbs") has been submitted
[2026-09-11 10:21:39] [SUBMIT] XceptionNet/Cifar100/BIM/ALL
[2026-09-11 10:21:39] [CMD] qsub -q all.q -l ngpus=1 -v MODEL="XceptionNet",DATASET="Cifar100",ATTACK="BIM",KIND="ALL",PHASE="generate",OUTPUT_DIR="adversarial_results_ep100_pre300" adversarial_hpc_submit.pbs </dev/null
[2026-09-11 10:21:39] [SUBMIT] XceptionNet/Cifar100/DeepFool/ALL
[2026-09-11 10:21:39] [CMD] qsub -q all.q -l ngpus=1 -v MODEL="XceptionNet",DATASET="Cifar100",ATTACK="DeepFool",KIND="ALL",PHASE="generate",OUTPUT_DIR="adversarial_results_ep200_pre200" adversarial_hpc_submit.pbs </dev/null
[2026-09-11 10:21:40] [OK] XceptionNet/Cifar100/IFGSM/ALL
[2026-09-11 10:21:40] [OK] qsub output: Your job 6504617 ("adversarial_hpc_submit.pbs") has been submitted
[2026-09-11 10:21:40] [SUBMIT] XceptionNet/Cifar100/BIM/ALL
[2026-09-11 10:21:40] [CMD] qsub -q all.q -l ngpus=1 -v MODEL="XceptionNet",DATASET="Cifar100",ATTACK="BIM",KIND="ALL",PHASE="generate",OUTPUT_DIR="adversarial_results_ep300_pre100" adversarial_hpc_submit.pbs </dev/null
[2026-09-11 10:21:42] [OK] XceptionNet/Cifar100/DeepFool/ALL
[2026-09-11 10:21:42] [OK] qsub output: Your job 6504619 ("adversarial_hpc_submit.pbs") has been submitted
[2026-09-11 10:21:42] [SUBMIT] XceptionNet/TinyImageNet/PGD/ALL
[2026-09-11 10:21:42] [CMD] qsub -q all.q -l ngpus=1 -v MODEL="XceptionNet",DATASET="TinyImageNet",ATTACK="PGD",KIND="ALL",PHASE="generate",OUTPUT_DIR="adversarial_results_ep200_pre200" adversarial_hpc_submit.pbs </dev/null
[2026-09-11 10:21:44] [OK] XceptionNet/Cifar100/BIM/ALL
[2026-09-11 10:21:44] [OK] qsub output: Your job 6504620 ("adversarial_hpc_submit.pbs") has been submitted
[2026-09-11 10:21:44] [SUBMIT] XceptionNet/Cifar100/APGD/ALL
[2026-09-11 10:21:44] [CMD] qsub -q all.q -l ngpus=1 -v MODEL="XceptionNet",DATASET="Cifar100",ATTACK="APGD",KIND="ALL",PHASE="generate",OUTPUT_DIR="adversarial_results_ep300_pre100" adversarial_hpc_submit.pbs </dev/null
[2026-09-11 10:21:45] [OK] XceptionNet/Cifar100/BIM/ALL
[2026-09-11 10:21:45] [OK] qsub output: Your job 6504618 ("adversarial_hpc_submit.pbs") has been submitted
[2026-09-11 10:21:45] [SUBMIT] XceptionNet/Cifar100/APGD/ALL
[2026-09-11 10:21:45] [CMD] qsub -q all.q -l ngpus=1 -v MODEL="XceptionNet",DATASET="Cifar100",ATTACK="APGD",KIND="ALL",PHASE="generate",OUTPUT_DIR="adversarial_results_ep100_pre300" adversarial_hpc_submit.pbs </dev/null
[2026-09-11 10:21:49] [OK] XceptionNet/TinyImageNet/PGD/ALL
[2026-09-11 10:21:49] [OK] qsub output: Your job 6504621 ("adversarial_hpc_submit.pbs") has been submitted
[2026-09-11 10:21:49] [SUBMIT] XceptionNet/TinyImageNet/FGSM/ALL
[2026-09-11 10:21:49] [CMD] qsub -q all.q -l ngpus=1 -v MODEL="XceptionNet",DATASET="TinyImageNet",ATTACK="FGSM",KIND="ALL",PHASE="generate",OUTPUT_DIR="adversarial_results_ep200_pre200" adversarial_hpc_submit.pbs </dev/null
[2026-09-11 10:21:52] [OK] XceptionNet/Cifar100/APGD/ALL
[2026-09-11 10:21:52] [OK] qsub output: Your job 6504622 ("adversarial_hpc_submit.pbs") has been submitted
[2026-09-11 10:21:52] [SUBMIT] XceptionNet/Cifar100/CW/ALL
[2026-09-11 10:21:52] [CMD] qsub -q all.q -l ngpus=1 -v MODEL="XceptionNet",DATASET="Cifar100",ATTACK="CW",KIND="ALL",PHASE="generate",OUTPUT_DIR="adversarial_results_ep300_pre100" adversarial_hpc_submit.pbs </dev/null
[2026-09-11 10:21:54] [OK] XceptionNet/TinyImageNet/FGSM/ALL
[2026-09-11 10:21:54] [OK] qsub output: Your job 6504624 ("adversarial_hpc_submit.pbs") has been submitted
[2026-09-11 10:21:54] [SUBMIT] XceptionNet/TinyImageNet/IFGSM/ALL
[2026-09-11 10:21:54] [CMD] qsub -q all.q -l ngpus=1 -v MODEL="XceptionNet",DATASET="TinyImageNet",ATTACK="IFGSM",KIND="ALL",PHASE="generate",OUTPUT_DIR="adversarial_results_ep200_pre200" adversarial_hpc_submit.pbs </dev/null
[2026-09-11 10:21:59] [OK] XceptionNet/Cifar100/APGD/ALL
[2026-09-11 10:21:59] [OK] qsub output: Your job 6504623 ("adversarial_hpc_submit.pbs") has been submitted
[2026-09-11 10:21:59] [SUBMIT] XceptionNet/Cifar100/CW/ALL
[2026-09-11 10:21:59] [CMD] qsub -q all.q -l ngpus=1 -v MODEL="XceptionNet",DATASET="Cifar100",ATTACK="CW",KIND="ALL",PHASE="generate",OUTPUT_DIR="adversarial_results_ep100_pre300" adversarial_hpc_submit.pbs </dev/null
[2026-09-11 10:22:04] [OK] XceptionNet/Cifar100/CW/ALL
[2026-09-11 10:22:04] [OK] qsub output: Your job 6504625 ("adversarial_hpc_submit.pbs") has been submitted
[2026-09-11 10:22:04] [SUBMIT] XceptionNet/Cifar100/DeepFool/ALL
[2026-09-11 10:22:04] [CMD] qsub -q all.q -l ngpus=1 -v MODEL="XceptionNet",DATASET="Cifar100",ATTACK="DeepFool",KIND="ALL",PHASE="generate",OUTPUT_DIR="adversarial_results_ep300_pre100" adversarial_hpc_submit.pbs </dev/null
[2026-09-11 10:22:04] [OK] XceptionNet/TinyImageNet/IFGSM/ALL
[2026-09-11 10:22:04] [OK] qsub output: Your job 6504626 ("adversarial_hpc_submit.pbs") has been submitted
[2026-09-11 10:22:04] [SUBMIT] XceptionNet/TinyImageNet/BIM/ALL
[2026-09-11 10:22:04] [CMD] qsub -q all.q -l ngpus=1 -v MODEL="XceptionNet",DATASET="TinyImageNet",ATTACK="BIM",KIND="ALL",PHASE="generate",OUTPUT_DIR="adversarial_results_ep200_pre200" adversarial_hpc_submit.pbs </dev/null
[2026-09-11 10:22:11] [OK] XceptionNet/Cifar100/CW/ALL
[2026-09-11 10:22:11] [OK] qsub output: Your job 6504627 ("adversarial_hpc_submit.pbs") has been submitted
[2026-09-11 10:22:11] [SUBMIT] XceptionNet/Cifar100/DeepFool/ALL
[2026-09-11 10:22:11] [CMD] qsub -q all.q -l ngpus=1 -v MODEL="XceptionNet",DATASET="Cifar100",ATTACK="DeepFool",KIND="ALL",PHASE="generate",OUTPUT_DIR="adversarial_results_ep100_pre300" adversarial_hpc_submit.pbs </dev/null
[2026-09-11 10:22:11] [OK] XceptionNet/Cifar100/DeepFool/ALL
[2026-09-11 10:22:11] [OK] qsub output: Your job 6504628 ("adversarial_hpc_submit.pbs") has been submitted
[2026-09-11 10:22:11] [SUBMIT] XceptionNet/TinyImageNet/PGD/ALL
[2026-09-11 10:22:12] [CMD] qsub -q all.q -l ngpus=1 -v MODEL="XceptionNet",DATASET="TinyImageNet",ATTACK="PGD",KIND="ALL",PHASE="generate",OUTPUT_DIR="adversarial_results_ep300_pre100" adversarial_hpc_submit.pbs </dev/null
[2026-09-11 10:22:13] [OK] XceptionNet/TinyImageNet/BIM/ALL
[2026-09-11 10:22:14] [OK] qsub output: Your job 6504629 ("adversarial_hpc_submit.pbs") has been submitted
[2026-09-11 10:22:14] [SUBMIT] XceptionNet/TinyImageNet/APGD/ALL
[2026-09-11 10:22:14] [CMD] qsub -q all.q -l ngpus=1 -v MODEL="XceptionNet",DATASET="TinyImageNet",ATTACK="APGD",KIND="ALL",PHASE="generate",OUTPUT_DIR="adversarial_results_ep200_pre200" adversarial_hpc_submit.pbs </dev/null
[2026-09-11 10:22:19] [OK] XceptionNet/Cifar100/DeepFool/ALL
[2026-09-11 10:22:19] [OK] qsub output: Your job 6504630 ("adversarial_hpc_submit.pbs") has been submitted
[2026-09-11 10:22:19] [SUBMIT] XceptionNet/TinyImageNet/PGD/ALL
[2026-09-11 10:22:19] [CMD] qsub -q all.q -l ngpus=1 -v MODEL="XceptionNet",DATASET="TinyImageNet",ATTACK="PGD",KIND="ALL",PHASE="generate",OUTPUT_DIR="adversarial_results_ep100_pre300" adversarial_hpc_submit.pbs </dev/null
[2026-09-11 10:22:19] [OK] XceptionNet/TinyImageNet/PGD/ALL
[2026-09-11 10:22:19] [OK] qsub output: Your job 6504631 ("adversarial_hpc_submit.pbs") has been submitted
[2026-09-11 10:22:19] [SUBMIT] XceptionNet/TinyImageNet/FGSM/ALL
[2026-09-11 10:22:19] [CMD] qsub -q all.q -l ngpus=1 -v MODEL="XceptionNet",DATASET="TinyImageNet",ATTACK="FGSM",KIND="ALL",PHASE="generate",OUTPUT_DIR="adversarial_results_ep300_pre100" adversarial_hpc_submit.pbs </dev/null
[2026-09-11 10:22:22] [OK] XceptionNet/TinyImageNet/PGD/ALL
[2026-09-11 10:22:22] [OK] qsub output: Your job 6504633 ("adversarial_hpc_submit.pbs") has been submitted
[2026-09-11 10:22:22] [SUBMIT] XceptionNet/TinyImageNet/FGSM/ALL
[2026-09-11 10:22:22] [CMD] qsub -q all.q -l ngpus=1 -v MODEL="XceptionNet",DATASET="TinyImageNet",ATTACK="FGSM",KIND="ALL",PHASE="generate",OUTPUT_DIR="adversarial_results_ep100_pre300" adversarial_hpc_submit.pbs </dev/null
[2026-09-11 10:22:27] [OK] XceptionNet/TinyImageNet/APGD/ALL
[2026-09-11 10:22:27] [OK] qsub output: Your job 6504632 ("adversarial_hpc_submit.pbs") has been submitted
[2026-09-11 10:22:27] [SUBMIT] XceptionNet/TinyImageNet/CW/ALL
[2026-09-11 10:22:27] [CMD] qsub -q all.q -l ngpus=1 -v MODEL="XceptionNet",DATASET="TinyImageNet",ATTACK="CW",KIND="ALL",PHASE="generate",OUTPUT_DIR="adversarial_results_ep200_pre200" adversarial_hpc_submit.pbs </dev/null
[2026-09-11 10:22:30] [OK] XceptionNet/TinyImageNet/FGSM/ALL
[2026-09-11 10:22:30] [OK] qsub output: Your job 6504634 ("adversarial_hpc_submit.pbs") has been submitted
[2026-09-11 10:22:30] [SUBMIT] XceptionNet/TinyImageNet/IFGSM/ALL
[2026-09-11 10:22:30] [CMD] qsub -q all.q -l ngpus=1 -v MODEL="XceptionNet",DATASET="TinyImageNet",ATTACK="IFGSM",KIND="ALL",PHASE="generate",OUTPUT_DIR="adversarial_results_ep300_pre100" adversarial_hpc_submit.pbs </dev/null
[2026-09-11 10:22:31] [OK] XceptionNet/TinyImageNet/FGSM/ALL
[2026-09-11 10:22:31] [OK] qsub output: Your job 6504635 ("adversarial_hpc_submit.pbs") has been submitted
[2026-09-11 10:22:31] [SUBMIT] XceptionNet/TinyImageNet/IFGSM/ALL
[2026-09-11 10:22:31] [CMD] qsub -q all.q -l ngpus=1 -v MODEL="XceptionNet",DATASET="TinyImageNet",ATTACK="IFGSM",KIND="ALL",PHASE="generate",OUTPUT_DIR="adversarial_results_ep100_pre300" adversarial_hpc_submit.pbs </dev/null
[2026-09-11 10:22:32] [OK] XceptionNet/TinyImageNet/IFGSM/ALL
[2026-09-11 10:22:32] [OK] qsub output: Your job 6504637 ("adversarial_hpc_submit.pbs") has been submitted
[2026-09-11 10:22:32] [SUBMIT] XceptionNet/TinyImageNet/BIM/ALL
[2026-09-11 10:22:32] [CMD] qsub -q all.q -l ngpus=1 -v MODEL="XceptionNet",DATASET="TinyImageNet",ATTACK="BIM",KIND="ALL",PHASE="generate",OUTPUT_DIR="adversarial_results_ep300_pre100" adversarial_hpc_submit.pbs </dev/null
[2026-09-11 10:22:39] [OK] XceptionNet/TinyImageNet/CW/ALL
[2026-09-11 10:22:39] [OK] qsub output: Your job 6504636 ("adversarial_hpc_submit.pbs") has been submitted
[2026-09-11 10:22:39] [SUBMIT] XceptionNet/TinyImageNet/DeepFool/ALL
[2026-09-11 10:22:39] [CMD] qsub -q all.q -l ngpus=1 -v MODEL="XceptionNet",DATASET="TinyImageNet",ATTACK="DeepFool",KIND="ALL",PHASE="generate",OUTPUT_DIR="adversarial_results_ep200_pre200" adversarial_hpc_submit.pbs </dev/null
[2026-09-11 10:22:39] [OK] XceptionNet/TinyImageNet/IFGSM/ALL
[2026-09-11 10:22:39] [OK] qsub output: Your job 6504638 ("adversarial_hpc_submit.pbs") has been submitted
[2026-09-11 10:22:40] [SUBMIT] XceptionNet/TinyImageNet/BIM/ALL
[2026-09-11 10:22:40] [CMD] qsub -q all.q -l ngpus=1 -v MODEL="XceptionNet",DATASET="TinyImageNet",ATTACK="BIM",KIND="ALL",PHASE="generate",OUTPUT_DIR="adversarial_results_ep100_pre300" adversarial_hpc_submit.pbs </dev/null
[2026-09-11 10:22:40] [OK] XceptionNet/TinyImageNet/BIM/ALL
[2026-09-11 10:22:40] [OK] qsub output: Your job 6504639 ("adversarial_hpc_submit.pbs") has been submitted
[2026-09-11 10:22:41] [SUBMIT] XceptionNet/TinyImageNet/APGD/ALL
[2026-09-11 10:22:41] [CMD] qsub -q all.q -l ngpus=1 -v MODEL="XceptionNet",DATASET="TinyImageNet",ATTACK="APGD",KIND="ALL",PHASE="generate",OUTPUT_DIR="adversarial_results_ep300_pre100" adversarial_hpc_submit.pbs </dev/null
[2026-09-11 10:22:45] [OK] XceptionNet/TinyImageNet/DeepFool/ALL
[2026-09-11 10:22:45] [OK] qsub output: Your job 6504640 ("adversarial_hpc_submit.pbs") has been submitted
[2026-09-11 10:22:45] [SUBMIT] ConvNeXt/Cifar10/PGD/ALL
[2026-09-11 10:22:45] [OK] XceptionNet/TinyImageNet/BIM/ALL
[2026-09-11 10:22:45] [CMD] qsub -q all.q -l ngpus=1 -v MODEL="ConvNeXt",DATASET="Cifar10",ATTACK="PGD",KIND="ALL",PHASE="generate",OUTPUT_DIR="adversarial_results_ep200_pre200" adversarial_hpc_submit.pbs </dev/null
[2026-09-11 10:22:45] [OK] qsub output: Your job 6504641 ("adversarial_hpc_submit.pbs") has been submitted
[2026-09-11 10:22:46] [SUBMIT] XceptionNet/TinyImageNet/APGD/ALL
[2026-09-11 10:22:46] [CMD] qsub -q all.q -l ngpus=1 -v MODEL="XceptionNet",DATASET="TinyImageNet",ATTACK="APGD",KIND="ALL",PHASE="generate",OUTPUT_DIR="adversarial_results_ep100_pre300" adversarial_hpc_submit.pbs </dev/null
[2026-09-11 10:22:49] [OK] XceptionNet/TinyImageNet/APGD/ALL
[2026-09-11 10:22:49] [OK] qsub output: Your job 6504642 ("adversarial_hpc_submit.pbs") has been submitted
[2026-09-11 10:22:49] [SUBMIT] XceptionNet/TinyImageNet/CW/ALL
[2026-09-11 10:22:49] [CMD] qsub -q all.q -l ngpus=1 -v MODEL="XceptionNet",DATASET="TinyImageNet",ATTACK="CW",KIND="ALL",PHASE="generate",OUTPUT_DIR="adversarial_results_ep300_pre100" adversarial_hpc_submit.pbs </dev/null
[2026-09-11 10:22:56] [OK] ConvNeXt/Cifar10/PGD/ALL
[2026-09-11 10:22:56] [OK] qsub output: Your job 6504643 ("adversarial_hpc_submit.pbs") has been submitted
[2026-09-11 10:22:56] [OK] XceptionNet/TinyImageNet/APGD/ALL
[2026-09-11 10:22:56] [OK] qsub output: Your job 6504644 ("adversarial_hpc_submit.pbs") has been submitted
[2026-09-11 10:22:56] [SUBMIT] ConvNeXt/Cifar10/FGSM/ALL
[2026-09-11 10:22:56] [CMD] qsub -q all.q -l ngpus=1 -v MODEL="ConvNeXt",DATASET="Cifar10",ATTACK="FGSM",KIND="ALL",PHASE="generate",OUTPUT_DIR="adversarial_results_ep200_pre200" adversarial_hpc_submit.pbs </dev/null
[2026-09-11 10:22:56] [SUBMIT] XceptionNet/TinyImageNet/CW/ALL
[2026-09-11 10:22:56] [CMD] qsub -q all.q -l ngpus=1 -v MODEL="XceptionNet",DATASET="TinyImageNet",ATTACK="CW",KIND="ALL",PHASE="generate",OUTPUT_DIR="adversarial_results_ep100_pre300" adversarial_hpc_submit.pbs </dev/null
[2026-09-11 10:23:02] [OK] XceptionNet/TinyImageNet/CW/ALL
[2026-09-11 10:23:02] [OK] qsub output: Your job 6504645 ("adversarial_hpc_submit.pbs") has been submitted
[2026-09-11 10:23:02] [SUBMIT] XceptionNet/TinyImageNet/DeepFool/ALL
[2026-09-11 10:23:02] [CMD] qsub -q all.q -l ngpus=1 -v MODEL="XceptionNet",DATASET="TinyImageNet",ATTACK="DeepFool",KIND="ALL",PHASE="generate",OUTPUT_DIR="adversarial_results_ep300_pre100" adversarial_hpc_submit.pbs </dev/null
[2026-09-11 10:23:03] [OK] XceptionNet/TinyImageNet/CW/ALL
[2026-09-11 10:23:03] [OK] qsub output: Your job 6504648 ("adversarial_hpc_submit.pbs") has been submitted
[2026-09-11 10:23:03] [SUBMIT] XceptionNet/TinyImageNet/DeepFool/ALL
[2026-09-11 10:23:03] [CMD] qsub -q all.q -l ngpus=1 -v MODEL="XceptionNet",DATASET="TinyImageNet",ATTACK="DeepFool",KIND="ALL",PHASE="generate",OUTPUT_DIR="adversarial_results_ep100_pre300" adversarial_hpc_submit.pbs </dev/null
[2026-09-11 10:23:08] [OK] ConvNeXt/Cifar10/FGSM/ALL
[2026-09-11 10:23:08] [OK] qsub output: Your job 6504647 ("adversarial_hpc_submit.pbs") has been submitted
[2026-09-11 10:23:08] [SUBMIT] ConvNeXt/Cifar10/IFGSM/ALL
[2026-09-11 10:23:08] [CMD] qsub -q all.q -l ngpus=1 -v MODEL="ConvNeXt",DATASET="Cifar10",ATTACK="IFGSM",KIND="ALL",PHASE="generate",OUTPUT_DIR="adversarial_results_ep200_pre200" adversarial_hpc_submit.pbs </dev/null
[2026-09-11 10:23:08] [OK] XceptionNet/TinyImageNet/DeepFool/ALL
[2026-09-11 10:23:09] [OK] qsub output: Your job 6504649 ("adversarial_hpc_submit.pbs") has been submitted
[2026-09-11 10:23:09] [SUBMIT] ConvNeXt/Cifar10/PGD/ALL
[2026-09-11 10:23:09] [OK] XceptionNet/TinyImageNet/DeepFool/ALL
[2026-09-11 10:23:10] [CMD] qsub -q all.q -l ngpus=1 -v MODEL="ConvNeXt",DATASET="Cifar10",ATTACK="PGD",KIND="ALL",PHASE="generate",OUTPUT_DIR="adversarial_results_ep300_pre100" adversarial_hpc_submit.pbs </dev/null
[2026-09-11 10:23:12] [OK] qsub output: Your job 6504650 ("adversarial_hpc_submit.pbs") has been submitted
[2026-09-11 10:23:12] [SUBMIT] ConvNeXt/Cifar10/PGD/ALL
[2026-09-11 10:23:12] [CMD] qsub -q all.q -l ngpus=1 -v MODEL="ConvNeXt",DATASET="Cifar10",ATTACK="PGD",KIND="ALL",PHASE="generate",OUTPUT_DIR="adversarial_results_ep100_pre300" adversarial_hpc_submit.pbs </dev/null
[2026-09-11 10:23:13] [OK] ConvNeXt/Cifar10/PGD/ALL
[2026-09-11 10:23:13] [OK] qsub output: Your job 6504652 ("adversarial_hpc_submit.pbs") has been submitted
[2026-09-11 10:23:13] [SUBMIT] ConvNeXt/Cifar10/FGSM/ALL
[2026-09-11 10:23:13] [CMD] qsub -q all.q -l ngpus=1 -v MODEL="ConvNeXt",DATASET="Cifar10",ATTACK="FGSM",KIND="ALL",PHASE="generate",OUTPUT_DIR="adversarial_results_ep300_pre100" adversarial_hpc_submit.pbs </dev/null
[2026-09-11 10:23:16] [OK] ConvNeXt/Cifar10/IFGSM/ALL
[2026-09-11 10:23:16] [OK] qsub output: Your job 6504651 ("adversarial_hpc_submit.pbs") has been submitted
[2026-09-11 10:23:16] [SUBMIT] ConvNeXt/Cifar10/BIM/ALL
[2026-09-11 10:23:16] [CMD] qsub -q all.q -l ngpus=1 -v MODEL="ConvNeXt",DATASET="Cifar10",ATTACK="BIM",KIND="ALL",PHASE="generate",OUTPUT_DIR="adversarial_results_ep200_pre200" adversarial_hpc_submit.pbs </dev/null
[2026-09-11 10:23:20] [OK] ConvNeXt/Cifar10/FGSM/ALL
[2026-09-11 10:23:20] [OK] qsub output: Your job 6504654 ("adversarial_hpc_submit.pbs") has been submitted
[2026-09-11 10:23:20] [SUBMIT] ConvNeXt/Cifar10/IFGSM/ALL
[2026-09-11 10:23:20] [CMD] qsub -q all.q -l ngpus=1 -v MODEL="ConvNeXt",DATASET="Cifar10",ATTACK="IFGSM",KIND="ALL",PHASE="generate",OUTPUT_DIR="adversarial_results_ep300_pre100" adversarial_hpc_submit.pbs </dev/null
[2026-09-11 10:23:22] [OK] ConvNeXt/Cifar10/PGD/ALL
[2026-09-11 10:23:22] [OK] qsub output: Your job 6504653 ("adversarial_hpc_submit.pbs") has been submitted
[2026-09-11 10:23:22] [SUBMIT] ConvNeXt/Cifar10/FGSM/ALL
[2026-09-11 10:23:22] [CMD] qsub -q all.q -l ngpus=1 -v MODEL="ConvNeXt",DATASET="Cifar10",ATTACK="FGSM",KIND="ALL",PHASE="generate",OUTPUT_DIR="adversarial_results_ep100_pre300" adversarial_hpc_submit.pbs </dev/null
[2026-09-11 10:23:23] [OK] ConvNeXt/Cifar10/BIM/ALL
[2026-09-11 10:23:23] [OK] qsub output: Your job 6504655 ("adversarial_hpc_submit.pbs") has been submitted
[2026-09-11 10:23:23] [SUBMIT] ConvNeXt/Cifar10/APGD/ALL
[2026-09-11 10:23:23] [CMD] qsub -q all.q -l ngpus=1 -v MODEL="ConvNeXt",DATASET="Cifar10",ATTACK="APGD",KIND="ALL",PHASE="generate",OUTPUT_DIR="adversarial_results_ep200_pre200" adversarial_hpc_submit.pbs </dev/null
[2026-09-11 10:23:26] [OK] ConvNeXt/Cifar10/IFGSM/ALL
[2026-09-11 10:23:26] [OK] qsub output: Your job 6504656 ("adversarial_hpc_submit.pbs") has been submitted
[2026-09-11 10:23:26] [SUBMIT] ConvNeXt/Cifar10/BIM/ALL
[2026-09-11 10:23:26] [CMD] qsub -q all.q -l ngpus=1 -v MODEL="ConvNeXt",DATASET="Cifar10",ATTACK="BIM",KIND="ALL",PHASE="generate",OUTPUT_DIR="adversarial_results_ep300_pre100" adversarial_hpc_submit.pbs </dev/null
[2026-09-11 10:24:02] [OK] ConvNeXt/Cifar10/BIM/ALL
[2026-09-11 10:24:02] [OK] ConvNeXt/Cifar10/FGSM/ALL
[2026-09-11 10:24:02] [OK] ConvNeXt/Cifar10/APGD/ALL
[2026-09-11 10:24:05] [OK] qsub output: Your job 6504657 ("adversarial_hpc_submit.pbs") has been submitted
[2026-09-11 10:24:05] [OK] qsub output: Your job 6504659 ("adversarial_hpc_submit.pbs") has been submitted
[2026-09-11 10:24:08] [OK] qsub output: Your job 6504658 ("adversarial_hpc_submit.pbs") has been submitted
[2026-09-11 10:24:23] [SUBMIT] ConvNeXt/Cifar10/APGD/ALL
[2026-09-11 10:24:23] [SUBMIT] ConvNeXt/Cifar10/IFGSM/ALL
[2026-09-11 10:24:28] [SUBMIT] ConvNeXt/Cifar10/CW/ALL
[2026-09-11 10:24:30] [CMD] qsub -q all.q -l ngpus=1 -v MODEL="ConvNeXt",DATASET="Cifar10",ATTACK="APGD",KIND="ALL",PHASE="generate",OUTPUT_DIR="adversarial_results_ep300_pre100" adversarial_hpc_submit.pbs </dev/null
[2026-09-11 10:24:32] [CMD] qsub -q all.q -l ngpus=1 -v MODEL="ConvNeXt",DATASET="Cifar10",ATTACK="IFGSM",KIND="ALL",PHASE="generate",OUTPUT_DIR="adversarial_results_ep100_pre300" adversarial_hpc_submit.pbs </dev/null
[2026-09-11 10:24:32] [CMD] qsub -q all.q -l ngpus=1 -v MODEL="ConvNeXt",DATASET="Cifar10",ATTACK="CW",KIND="ALL",PHASE="generate",OUTPUT_DIR="adversarial_results_ep200_pre200" adversarial_hpc_submit.pbs </dev/null
[2026-09-11 10:24:37] [OK] ConvNeXt/Cifar10/IFGSM/ALL
[2026-09-11 10:24:37] [OK] qsub output: Your job 6504664 ("adversarial_hpc_submit.pbs") has been submitted
[2026-09-11 10:24:37] [SUBMIT] ConvNeXt/Cifar10/BIM/ALL
[2026-09-11 10:24:38] [CMD] qsub -q all.q -l ngpus=1 -v MODEL="ConvNeXt",DATASET="Cifar10",ATTACK="BIM",KIND="ALL",PHASE="generate",OUTPUT_DIR="adversarial_results_ep100_pre300" adversarial_hpc_submit.pbs </dev/null
[2026-09-11 10:24:40] [OK] ConvNeXt/Cifar10/APGD/ALL
[2026-09-11 10:24:40] [OK] qsub output: Your job 6504663 ("adversarial_hpc_submit.pbs") has been submitted
[2026-09-11 10:24:40] [SUBMIT] ConvNeXt/Cifar10/CW/ALL
[2026-09-11 10:24:40] [CMD] qsub -q all.q -l ngpus=1 -v MODEL="ConvNeXt",DATASET="Cifar10",ATTACK="CW",KIND="ALL",PHASE="generate",OUTPUT_DIR="adversarial_results_ep300_pre100" adversarial_hpc_submit.pbs </dev/null
[2026-09-11 10:24:43] [OK] ConvNeXt/Cifar10/CW/ALL
[2026-09-11 10:24:45] [OK] ConvNeXt/Cifar10/BIM/ALL
[2026-09-11 10:24:52] [OK] ConvNeXt/Cifar10/CW/ALL
[2026-09-11 10:24:52] [OK] qsub output: Your job 6504666 ("adversarial_hpc_submit.pbs") has been submitted
[2026-09-11 10:24:52] [OK] qsub output: Your job 6504665 ("adversarial_hpc_submit.pbs") has been submitted
[2026-09-11 10:24:54] [OK] qsub output: Your job 6504667 ("adversarial_hpc_submit.pbs") has been submitted
[2026-09-11 10:25:07] [SUBMIT] ConvNeXt/Cifar10/APGD/ALL
[2026-09-11 10:25:07] [CMD] qsub -q all.q -l ngpus=1 -v MODEL="ConvNeXt",DATASET="Cifar10",ATTACK="APGD",KIND="ALL",PHASE="generate",OUTPUT_DIR="adversarial_results_ep100_pre300" adversarial_hpc_submit.pbs </dev/null
[2026-09-11 10:25:07] [SUBMIT] ConvNeXt/Cifar10/DeepFool/ALL
[2026-09-11 10:25:07] [CMD] qsub -q all.q -l ngpus=1 -v MODEL="ConvNeXt",DATASET="Cifar10",ATTACK="DeepFool",KIND="ALL",PHASE="generate",OUTPUT_DIR="adversarial_results_ep200_pre200" adversarial_hpc_submit.pbs </dev/null
[2026-09-11 10:25:07] [SUBMIT] ConvNeXt/Cifar10/DeepFool/ALL
[2026-09-11 10:25:07] [CMD] qsub -q all.q -l ngpus=1 -v MODEL="ConvNeXt",DATASET="Cifar10",ATTACK="DeepFool",KIND="ALL",PHASE="generate",OUTPUT_DIR="adversarial_results_ep300_pre100" adversarial_hpc_submit.pbs </dev/null
[2026-09-11 10:25:13] [OK] ConvNeXt/Cifar10/DeepFool/ALL
[2026-09-11 10:25:14] [OK] ConvNeXt/Cifar10/APGD/ALL
[2026-09-11 10:25:20] [OK] qsub output: Your job 6504669 ("adversarial_hpc_submit.pbs") has been submitted
[2026-09-11 10:25:20] [OK] qsub output: Your job 6504668 ("adversarial_hpc_submit.pbs") has been submitted
[2026-09-11 10:25:20] [SUBMIT] ConvNeXt/Cifar100/PGD/ALL
[2026-09-11 10:25:20] [SUBMIT] ConvNeXt/Cifar10/CW/ALL
[2026-09-11 10:25:20] [CMD] qsub -q all.q -l ngpus=1 -v MODEL="ConvNeXt",DATASET="Cifar100",ATTACK="PGD",KIND="ALL",PHASE="generate",OUTPUT_DIR="adversarial_results_ep200_pre200" adversarial_hpc_submit.pbs </dev/null
[2026-09-11 10:25:20] [CMD] qsub -q all.q -l ngpus=1 -v MODEL="ConvNeXt",DATASET="Cifar10",ATTACK="CW",KIND="ALL",PHASE="generate",OUTPUT_DIR="adversarial_results_ep100_pre300" adversarial_hpc_submit.pbs </dev/null
[2026-09-11 10:25:21] [OK] ConvNeXt/Cifar10/DeepFool/ALL
[2026-09-11 10:25:25] [OK] qsub output: Your job 6504670 ("adversarial_hpc_submit.pbs") has been submitted
[2026-09-11 10:25:26] [SUBMIT] ConvNeXt/Cifar100/PGD/ALL
[2026-09-11 10:25:26] [CMD] qsub -q all.q -l ngpus=1 -v MODEL="ConvNeXt",DATASET="Cifar100",ATTACK="PGD",KIND="ALL",PHASE="generate",OUTPUT_DIR="adversarial_results_ep300_pre100" adversarial_hpc_submit.pbs </dev/null
[2026-09-11 10:25:30] [OK] ConvNeXt/Cifar10/CW/ALL
[2026-09-11 10:25:30] [OK] qsub output: Your job 6504672 ("adversarial_hpc_submit.pbs") has been submitted
[2026-09-11 10:25:30] [SUBMIT] ConvNeXt/Cifar10/DeepFool/ALL
[2026-09-11 10:25:30] [CMD] qsub -q all.q -l ngpus=1 -v MODEL="ConvNeXt",DATASET="Cifar10",ATTACK="DeepFool",KIND="ALL",PHASE="generate",OUTPUT_DIR="adversarial_results_ep100_pre300" adversarial_hpc_submit.pbs </dev/null
[2026-09-11 10:25:30] [OK] ConvNeXt/Cifar100/PGD/ALL
[2026-09-11 10:25:30] [OK] qsub output: Your job 6504671 ("adversarial_hpc_submit.pbs") has been submitted
[2026-09-11 10:25:30] [SUBMIT] ConvNeXt/Cifar100/FGSM/ALL
[2026-09-11 10:25:30] [CMD] qsub -q all.q -l ngpus=1 -v MODEL="ConvNeXt",DATASET="Cifar100",ATTACK="FGSM",KIND="ALL",PHASE="generate",OUTPUT_DIR="adversarial_results_ep200_pre200" adversarial_hpc_submit.pbs </dev/null
[2026-09-11 10:25:36] [OK] ConvNeXt/Cifar100/PGD/ALL
[2026-09-11 10:25:36] [OK] qsub output: Your job 6504673 ("adversarial_hpc_submit.pbs") has been submitted
[2026-09-11 10:25:37] [SUBMIT] ConvNeXt/Cifar100/FGSM/ALL
[2026-09-11 10:25:37] [CMD] qsub -q all.q -l ngpus=1 -v MODEL="ConvNeXt",DATASET="Cifar100",ATTACK="FGSM",KIND="ALL",PHASE="generate",OUTPUT_DIR="adversarial_results_ep300_pre100" adversarial_hpc_submit.pbs </dev/null
[2026-09-11 10:25:39] [OK] ConvNeXt/Cifar10/DeepFool/ALL
[2026-09-11 10:25:39] [OK] qsub output: Your job 6504674 ("adversarial_hpc_submit.pbs") has been submitted
[2026-09-11 10:25:39] [SUBMIT] ConvNeXt/Cifar100/PGD/ALL
[2026-09-11 10:25:39] [CMD] qsub -q all.q -l ngpus=1 -v MODEL="ConvNeXt",DATASET="Cifar100",ATTACK="PGD",KIND="ALL",PHASE="generate",OUTPUT_DIR="adversarial_results_ep100_pre300" adversarial_hpc_submit.pbs </dev/null
[2026-09-11 10:25:40] [OK] ConvNeXt/Cifar100/FGSM/ALL
[2026-09-11 10:25:40] [OK] qsub output: Your job 6504675 ("adversarial_hpc_submit.pbs") has been submitted
[2026-09-11 10:25:40] [SUBMIT] ConvNeXt/Cifar100/IFGSM/ALL
[2026-09-11 10:25:40] [CMD] qsub -q all.q -l ngpus=1 -v MODEL="ConvNeXt",DATASET="Cifar100",ATTACK="IFGSM",KIND="ALL",PHASE="generate",OUTPUT_DIR="adversarial_results_ep200_pre200" adversarial_hpc_submit.pbs </dev/null
[2026-09-11 10:25:42] [OK] ConvNeXt/Cifar100/FGSM/ALL
[2026-09-11 10:25:42] [OK] qsub output: Your job 6504676 ("adversarial_hpc_submit.pbs") has been submitted
[2026-09-11 10:25:42] [SUBMIT] ConvNeXt/Cifar100/IFGSM/ALL
[2026-09-11 10:25:42] [CMD] qsub -q all.q -l ngpus=1 -v MODEL="ConvNeXt",DATASET="Cifar100",ATTACK="IFGSM",KIND="ALL",PHASE="generate",OUTPUT_DIR="adversarial_results_ep300_pre100" adversarial_hpc_submit.pbs </dev/null
[2026-09-11 10:25:44] [OK] ConvNeXt/Cifar100/PGD/ALL
[2026-09-11 10:25:44] [OK] qsub output: Your job 6504677 ("adversarial_hpc_submit.pbs") has been submitted
[2026-09-11 10:25:44] [SUBMIT] ConvNeXt/Cifar100/FGSM/ALL
[2026-09-11 10:25:44] [CMD] qsub -q all.q -l ngpus=1 -v MODEL="ConvNeXt",DATASET="Cifar100",ATTACK="FGSM",KIND="ALL",PHASE="generate",OUTPUT_DIR="adversarial_results_ep100_pre300" adversarial_hpc_submit.pbs </dev/null
[2026-09-11 10:25:46] [OK] ConvNeXt/Cifar100/IFGSM/ALL
[2026-09-11 10:25:46] [OK] qsub output: Your job 6504678 ("adversarial_hpc_submit.pbs") has been submitted
[2026-09-11 10:25:46] [SUBMIT] ConvNeXt/Cifar100/BIM/ALL
[2026-09-11 10:25:46] [CMD] qsub -q all.q -l ngpus=1 -v MODEL="ConvNeXt",DATASET="Cifar100",ATTACK="BIM",KIND="ALL",PHASE="generate",OUTPUT_DIR="adversarial_results_ep200_pre200" adversarial_hpc_submit.pbs </dev/null
[2026-09-11 10:25:53] [OK] ConvNeXt/Cifar100/IFGSM/ALL
[2026-09-11 10:25:53] [OK] ConvNeXt/Cifar100/FGSM/ALL
[2026-09-11 10:25:53] [OK] qsub output: Your job 6504679 ("adversarial_hpc_submit.pbs") has been submitted
[2026-09-11 10:25:53] [OK] qsub output: Your job 6504680 ("adversarial_hpc_submit.pbs") has been submitted
[2026-09-11 10:25:54] [SUBMIT] ConvNeXt/Cifar100/BIM/ALL
[2026-09-11 10:25:54] [SUBMIT] ConvNeXt/Cifar100/IFGSM/ALL
[2026-09-11 10:25:54] [CMD] qsub -q all.q -l ngpus=1 -v MODEL="ConvNeXt",DATASET="Cifar100",ATTACK="BIM",KIND="ALL",PHASE="generate",OUTPUT_DIR="adversarial_results_ep300_pre100" adversarial_hpc_submit.pbs </dev/null
[2026-09-11 10:25:54] [CMD] qsub -q all.q -l ngpus=1 -v MODEL="ConvNeXt",DATASET="Cifar100",ATTACK="IFGSM",KIND="ALL",PHASE="generate",OUTPUT_DIR="adversarial_results_ep100_pre300" adversarial_hpc_submit.pbs </dev/null
[2026-09-11 10:25:59] [OK] ConvNeXt/Cifar100/BIM/ALL
[2026-09-11 10:25:59] [OK] qsub output: Your job 6504681 ("adversarial_hpc_submit.pbs") has been submitted
[2026-09-11 10:25:59] [SUBMIT] ConvNeXt/Cifar100/APGD/ALL
[2026-09-11 10:25:59] [CMD] qsub -q all.q -l ngpus=1 -v MODEL="ConvNeXt",DATASET="Cifar100",ATTACK="APGD",KIND="ALL",PHASE="generate",OUTPUT_DIR="adversarial_results_ep200_pre200" adversarial_hpc_submit.pbs </dev/null
[2026-09-11 10:26:01] [OK] ConvNeXt/Cifar100/BIM/ALL
[2026-09-11 10:26:01] [OK] qsub output: Your job 6504682 ("adversarial_hpc_submit.pbs") has been submitted
[2026-09-11 10:26:02] [SUBMIT] ConvNeXt/Cifar100/APGD/ALL
[2026-09-11 10:26:02] [CMD] qsub -q all.q -l ngpus=1 -v MODEL="ConvNeXt",DATASET="Cifar100",ATTACK="APGD",KIND="ALL",PHASE="generate",OUTPUT_DIR="adversarial_results_ep300_pre100" adversarial_hpc_submit.pbs </dev/null
[2026-09-11 10:26:02] [OK] ConvNeXt/Cifar100/APGD/ALL
[2026-09-11 10:26:02] [OK] qsub output: Your job 6504684 ("adversarial_hpc_submit.pbs") has been submitted
[2026-09-11 10:26:02] [SUBMIT] ConvNeXt/Cifar100/CW/ALL
[2026-09-11 10:26:02] [CMD] qsub -q all.q -l ngpus=1 -v MODEL="ConvNeXt",DATASET="Cifar100",ATTACK="CW",KIND="ALL",PHASE="generate",OUTPUT_DIR="adversarial_results_ep200_pre200" adversarial_hpc_submit.pbs </dev/null
[2026-09-11 10:26:07] [OK] ConvNeXt/Cifar100/IFGSM/ALL
[2026-09-11 10:26:07] [OK] qsub output: Your job 6504683 ("adversarial_hpc_submit.pbs") has been submitted
[2026-09-11 10:26:08] [SUBMIT] ConvNeXt/Cifar100/BIM/ALL
[2026-09-11 10:26:08] [CMD] qsub -q all.q -l ngpus=1 -v MODEL="ConvNeXt",DATASET="Cifar100",ATTACK="BIM",KIND="ALL",PHASE="generate",OUTPUT_DIR="adversarial_results_ep100_pre300" adversarial_hpc_submit.pbs </dev/null
[2026-09-11 10:26:10] [OK] ConvNeXt/Cifar100/APGD/ALL
[2026-09-11 10:26:10] [OK] qsub output: Your job 6504685 ("adversarial_hpc_submit.pbs") has been submitted
[2026-09-11 10:26:10] [SUBMIT] ConvNeXt/Cifar100/CW/ALL
[2026-09-11 10:26:10] [CMD] qsub -q all.q -l ngpus=1 -v MODEL="ConvNeXt",DATASET="Cifar100",ATTACK="CW",KIND="ALL",PHASE="generate",OUTPUT_DIR="adversarial_results_ep300_pre100" adversarial_hpc_submit.pbs </dev/null
[2026-09-11 10:26:11] [OK] ConvNeXt/Cifar100/CW/ALL
[2026-09-11 10:26:11] [OK] qsub output: Your job 6504686 ("adversarial_hpc_submit.pbs") has been submitted
[2026-09-11 10:26:11] [SUBMIT] ConvNeXt/Cifar100/DeepFool/ALL
[2026-09-11 10:26:11] [CMD] qsub -q all.q -l ngpus=1 -v MODEL="ConvNeXt",DATASET="Cifar100",ATTACK="DeepFool",KIND="ALL",PHASE="generate",OUTPUT_DIR="adversarial_results_ep200_pre200" adversarial_hpc_submit.pbs </dev/null
[2026-09-11 10:26:11] [OK] ConvNeXt/Cifar100/BIM/ALL
[2026-09-11 10:26:11] [OK] qsub output: Your job 6504687 ("adversarial_hpc_submit.pbs") has been submitted
[2026-09-11 10:26:12] [SUBMIT] ConvNeXt/Cifar100/APGD/ALL
[2026-09-11 10:26:12] [CMD] qsub -q all.q -l ngpus=1 -v MODEL="ConvNeXt",DATASET="Cifar100",ATTACK="APGD",KIND="ALL",PHASE="generate",OUTPUT_DIR="adversarial_results_ep100_pre300" adversarial_hpc_submit.pbs </dev/null
[2026-09-11 10:26:13] [OK] ConvNeXt/Cifar100/CW/ALL
[2026-09-11 10:26:13] [OK] qsub output: Your job 6504688 ("adversarial_hpc_submit.pbs") has been submitted
[2026-09-11 10:26:13] [SUBMIT] ConvNeXt/Cifar100/DeepFool/ALL
[2026-09-11 10:26:13] [CMD] qsub -q all.q -l ngpus=1 -v MODEL="ConvNeXt",DATASET="Cifar100",ATTACK="DeepFool",KIND="ALL",PHASE="generate",OUTPUT_DIR="adversarial_results_ep300_pre100" adversarial_hpc_submit.pbs </dev/null
[2026-09-11 10:26:14] [OK] ConvNeXt/Cifar100/DeepFool/ALL
[2026-09-11 10:26:14] [OK] qsub output: Your job 6504689 ("adversarial_hpc_submit.pbs") has been submitted
[2026-09-11 10:26:14] [SUBMIT] ConvNeXt/TinyImageNet/PGD/ALL
[2026-09-11 10:26:14] [CMD] qsub -q all.q -l ngpus=1 -v MODEL="ConvNeXt",DATASET="TinyImageNet",ATTACK="PGD",KIND="ALL",PHASE="generate",OUTPUT_DIR="adversarial_results_ep200_pre200" adversarial_hpc_submit.pbs </dev/null
[2026-09-11 10:26:16] [OK] ConvNeXt/Cifar100/DeepFool/ALL
[2026-09-11 10:26:17] [OK] qsub output: Your job 6504691 ("adversarial_hpc_submit.pbs") has been submitted
[2026-09-11 10:26:17] [SUBMIT] ConvNeXt/TinyImageNet/PGD/ALL
[2026-09-11 10:26:17] [CMD] qsub -q all.q -l ngpus=1 -v MODEL="ConvNeXt",DATASET="TinyImageNet",ATTACK="PGD",KIND="ALL",PHASE="generate",OUTPUT_DIR="adversarial_results_ep300_pre100" adversarial_hpc_submit.pbs </dev/null
[2026-09-11 10:26:18] [OK] ConvNeXt/Cifar100/APGD/ALL
[2026-09-11 10:26:18] [OK] qsub output: Your job 6504690 ("adversarial_hpc_submit.pbs") has been submitted
[2026-09-11 10:26:18] [SUBMIT] ConvNeXt/Cifar100/CW/ALL
[2026-09-11 10:26:18] [CMD] qsub -q all.q -l ngpus=1 -v MODEL="ConvNeXt",DATASET="Cifar100",ATTACK="CW",KIND="ALL",PHASE="generate",OUTPUT_DIR="adversarial_results_ep100_pre300" adversarial_hpc_submit.pbs </dev/null
[2026-09-11 10:26:22] [OK] ConvNeXt/TinyImageNet/PGD/ALL
[2026-09-11 10:26:22] [OK] qsub output: Your job 6504692 ("adversarial_hpc_submit.pbs") has been submitted
[2026-09-11 10:26:22] [SUBMIT] ConvNeXt/TinyImageNet/FGSM/ALL
[2026-09-11 10:26:22] [CMD] qsub -q all.q -l ngpus=1 -v MODEL="ConvNeXt",DATASET="TinyImageNet",ATTACK="FGSM",KIND="ALL",PHASE="generate",OUTPUT_DIR="adversarial_results_ep200_pre200" adversarial_hpc_submit.pbs </dev/null
[2026-09-11 10:26:26] [OK] ConvNeXt/TinyImageNet/PGD/ALL
[2026-09-11 10:26:27] [OK] qsub output: Your job 6504693 ("adversarial_hpc_submit.pbs") has been submitted
[2026-09-11 10:26:27] [SUBMIT] ConvNeXt/TinyImageNet/FGSM/ALL
[2026-09-11 10:26:27] [CMD] qsub -q all.q -l ngpus=1 -v MODEL="ConvNeXt",DATASET="TinyImageNet",ATTACK="FGSM",KIND="ALL",PHASE="generate",OUTPUT_DIR="adversarial_results_ep300_pre100" adversarial_hpc_submit.pbs </dev/null
[2026-09-11 10:26:29] [OK] ConvNeXt/Cifar100/CW/ALL
[2026-09-11 10:26:29] [OK] qsub output: Your job 6504694 ("adversarial_hpc_submit.pbs") has been submitted
[2026-09-11 10:26:29] [SUBMIT] ConvNeXt/Cifar100/DeepFool/ALL
[2026-09-11 10:26:29] [CMD] qsub -q all.q -l ngpus=1 -v MODEL="ConvNeXt",DATASET="Cifar100",ATTACK="DeepFool",KIND="ALL",PHASE="generate",OUTPUT_DIR="adversarial_results_ep100_pre300" adversarial_hpc_submit.pbs </dev/null
[2026-09-11 10:26:30] [OK] ConvNeXt/TinyImageNet/FGSM/ALL
[2026-09-11 10:26:30] [OK] qsub output: Your job 6504695 ("adversarial_hpc_submit.pbs") has been submitted
[2026-09-11 10:26:30] [SUBMIT] ConvNeXt/TinyImageNet/IFGSM/ALL
[2026-09-11 10:26:30] [CMD] qsub -q all.q -l ngpus=1 -v MODEL="ConvNeXt",DATASET="TinyImageNet",ATTACK="IFGSM",KIND="ALL",PHASE="generate",OUTPUT_DIR="adversarial_results_ep200_pre200" adversarial_hpc_submit.pbs </dev/null
[2026-09-11 10:26:33] [OK] ConvNeXt/Cifar100/DeepFool/ALL
[2026-09-11 10:26:33] [OK] qsub output: Your job 6504697 ("adversarial_hpc_submit.pbs") has been submitted
[2026-09-11 10:26:33] [SUBMIT] ConvNeXt/TinyImageNet/PGD/ALL
[2026-09-11 10:26:33] [CMD] qsub -q all.q -l ngpus=1 -v MODEL="ConvNeXt",DATASET="TinyImageNet",ATTACK="PGD",KIND="ALL",PHASE="generate",OUTPUT_DIR="adversarial_results_ep100_pre300" adversarial_hpc_submit.pbs </dev/null
[2026-09-11 10:26:36] [OK] ConvNeXt/TinyImageNet/IFGSM/ALL
[2026-09-11 10:26:36] [OK] qsub output: Your job 6504698 ("adversarial_hpc_submit.pbs") has been submitted
[2026-09-11 10:26:36] [SUBMIT] ConvNeXt/TinyImageNet/BIM/ALL
[2026-09-11 10:26:36] [CMD] qsub -q all.q -l ngpus=1 -v MODEL="ConvNeXt",DATASET="TinyImageNet",ATTACK="BIM",KIND="ALL",PHASE="generate",OUTPUT_DIR="adversarial_results_ep200_pre200" adversarial_hpc_submit.pbs </dev/null
[2026-09-11 10:26:36] [OK] ConvNeXt/TinyImageNet/FGSM/ALL
[2026-09-11 10:26:36] [OK] qsub output: Your job 6504696 ("adversarial_hpc_submit.pbs") has been submitted
[2026-09-11 10:26:36] [SUBMIT] ConvNeXt/TinyImageNet/IFGSM/ALL
[2026-09-11 10:26:36] [CMD] qsub -q all.q -l ngpus=1 -v MODEL="ConvNeXt",DATASET="TinyImageNet",ATTACK="IFGSM",KIND="ALL",PHASE="generate",OUTPUT_DIR="adversarial_results_ep300_pre100" adversarial_hpc_submit.pbs </dev/null
[2026-09-11 10:26:39] [OK] ConvNeXt/TinyImageNet/PGD/ALL
[2026-09-11 10:26:40] [OK] qsub output: Your job 6504699 ("adversarial_hpc_submit.pbs") has been submitted
[2026-09-11 10:26:40] [SUBMIT] ConvNeXt/TinyImageNet/FGSM/ALL
[2026-09-11 10:26:40] [CMD] qsub -q all.q -l ngpus=1 -v MODEL="ConvNeXt",DATASET="TinyImageNet",ATTACK="FGSM",KIND="ALL",PHASE="generate",OUTPUT_DIR="adversarial_results_ep100_pre300" adversarial_hpc_submit.pbs </dev/null
[2026-09-11 10:26:42] [OK] ConvNeXt/TinyImageNet/IFGSM/ALL
[2026-09-11 10:26:42] [OK] qsub output: Your job 6504701 ("adversarial_hpc_submit.pbs") has been submitted
[2026-09-11 10:26:42] [SUBMIT] ConvNeXt/TinyImageNet/BIM/ALL
[2026-09-11 10:26:42] [CMD] qsub -q all.q -l ngpus=1 -v MODEL="ConvNeXt",DATASET="TinyImageNet",ATTACK="BIM",KIND="ALL",PHASE="generate",OUTPUT_DIR="adversarial_results_ep300_pre100" adversarial_hpc_submit.pbs </dev/null
[2026-09-11 10:26:43] [OK] ConvNeXt/TinyImageNet/BIM/ALL
[2026-09-11 10:26:43] [OK] qsub output: Your job 6504700 ("adversarial_hpc_submit.pbs") has been submitted
[2026-09-11 10:26:43] [SUBMIT] ConvNeXt/TinyImageNet/APGD/ALL
[2026-09-11 10:26:43] [CMD] qsub -q all.q -l ngpus=1 -v MODEL="ConvNeXt",DATASET="TinyImageNet",ATTACK="APGD",KIND="ALL",PHASE="generate",OUTPUT_DIR="adversarial_results_ep200_pre200" adversarial_hpc_submit.pbs </dev/null
[2026-09-11 10:26:47] [OK] ConvNeXt/TinyImageNet/FGSM/ALL
[2026-09-11 10:26:47] [OK] qsub output: Your job 6504702 ("adversarial_hpc_submit.pbs") has been submitted
[2026-09-11 10:26:47] [SUBMIT] ConvNeXt/TinyImageNet/IFGSM/ALL
[2026-09-11 10:26:47] [CMD] qsub -q all.q -l ngpus=1 -v MODEL="ConvNeXt",DATASET="TinyImageNet",ATTACK="IFGSM",KIND="ALL",PHASE="generate",OUTPUT_DIR="adversarial_results_ep100_pre300" adversarial_hpc_submit.pbs </dev/null
[2026-09-11 10:26:49] [OK] ConvNeXt/TinyImageNet/BIM/ALL
[2026-09-11 10:26:49] [OK] qsub output: Your job 6504703 ("adversarial_hpc_submit.pbs") has been submitted
[2026-09-11 10:26:49] [SUBMIT] ConvNeXt/TinyImageNet/APGD/ALL
[2026-09-11 10:26:49] [CMD] qsub -q all.q -l ngpus=1 -v MODEL="ConvNeXt",DATASET="TinyImageNet",ATTACK="APGD",KIND="ALL",PHASE="generate",OUTPUT_DIR="adversarial_results_ep300_pre100" adversarial_hpc_submit.pbs </dev/null
[2026-09-11 10:26:54] [OK] ConvNeXt/TinyImageNet/IFGSM/ALL
[2026-09-11 10:26:54] [OK] qsub output: Your job 6504706 ("adversarial_hpc_submit.pbs") has been submitted
[2026-09-11 10:26:54] [SUBMIT] ConvNeXt/TinyImageNet/BIM/ALL
[2026-09-11 10:26:54] [CMD] qsub -q all.q -l ngpus=1 -v MODEL="ConvNeXt",DATASET="TinyImageNet",ATTACK="BIM",KIND="ALL",PHASE="generate",OUTPUT_DIR="adversarial_results_ep100_pre300" adversarial_hpc_submit.pbs </dev/null
[2026-09-11 10:26:56] [OK] ConvNeXt/TinyImageNet/APGD/ALL
[2026-09-11 10:26:56] [OK] qsub output: Your job 6504704 ("adversarial_hpc_submit.pbs") has been submitted
[2026-09-11 10:26:56] [SUBMIT] ConvNeXt/TinyImageNet/CW/ALL
[2026-09-11 10:26:56] [CMD] qsub -q all.q -l ngpus=1 -v MODEL="ConvNeXt",DATASET="TinyImageNet",ATTACK="CW",KIND="ALL",PHASE="generate",OUTPUT_DIR="adversarial_results_ep200_pre200" adversarial_hpc_submit.pbs </dev/null
[2026-09-11 10:27:02] [OK] ConvNeXt/TinyImageNet/APGD/ALL
[2026-09-11 10:27:02] [OK] qsub output: Your job 6504707 ("adversarial_hpc_submit.pbs") has been submitted
[2026-09-11 10:27:02] [SUBMIT] ConvNeXt/TinyImageNet/CW/ALL
[2026-09-11 10:27:02] [CMD] qsub -q all.q -l ngpus=1 -v MODEL="ConvNeXt",DATASET="TinyImageNet",ATTACK="CW",KIND="ALL",PHASE="generate",OUTPUT_DIR="adversarial_results_ep300_pre100" adversarial_hpc_submit.pbs </dev/null
[2026-09-11 10:27:05] [OK] ConvNeXt/TinyImageNet/BIM/ALL
[2026-09-11 10:27:05] [OK] qsub output: Your job 6504708 ("adversarial_hpc_submit.pbs") has been submitted
[2026-09-11 10:27:06] [SUBMIT] ConvNeXt/TinyImageNet/APGD/ALL
[2026-09-11 10:27:06] [CMD] qsub -q all.q -l ngpus=1 -v MODEL="ConvNeXt",DATASET="TinyImageNet",ATTACK="APGD",KIND="ALL",PHASE="generate",OUTPUT_DIR="adversarial_results_ep100_pre300" adversarial_hpc_submit.pbs </dev/null
[2026-09-11 10:27:10] [OK] ConvNeXt/TinyImageNet/CW/ALL
[2026-09-11 10:27:10] [OK] qsub output: Your job 6504709 ("adversarial_hpc_submit.pbs") has been submitted
[2026-09-11 10:27:10] [SUBMIT] ConvNeXt/TinyImageNet/DeepFool/ALL
[2026-09-11 10:27:10] [CMD] qsub -q all.q -l ngpus=1 -v MODEL="ConvNeXt",DATASET="TinyImageNet",ATTACK="DeepFool",KIND="ALL",PHASE="generate",OUTPUT_DIR="adversarial_results_ep200_pre200" adversarial_hpc_submit.pbs </dev/null
[2026-09-11 10:27:11] [OK] ConvNeXt/TinyImageNet/CW/ALL
[2026-09-11 10:27:11] [OK] qsub output: Your job 6504710 ("adversarial_hpc_submit.pbs") has been submitted
[2026-09-11 10:27:11] [SUBMIT] ConvNeXt/TinyImageNet/DeepFool/ALL
[2026-09-11 10:27:12] [CMD] qsub -q all.q -l ngpus=1 -v MODEL="ConvNeXt",DATASET="TinyImageNet",ATTACK="DeepFool",KIND="ALL",PHASE="generate",OUTPUT_DIR="adversarial_results_ep300_pre100" adversarial_hpc_submit.pbs </dev/null
[2026-09-11 10:27:13] [OK] ConvNeXt/TinyImageNet/APGD/ALL
[2026-09-11 10:27:13] [OK] qsub output: Your job 6504711 ("adversarial_hpc_submit.pbs") has been submitted
[2026-09-11 10:27:13] [SUBMIT] ConvNeXt/TinyImageNet/CW/ALL
[2026-09-11 10:27:13] [CMD] qsub -q all.q -l ngpus=1 -v MODEL="ConvNeXt",DATASET="TinyImageNet",ATTACK="CW",KIND="ALL",PHASE="generate",OUTPUT_DIR="adversarial_results_ep100_pre300" adversarial_hpc_submit.pbs </dev/null
[2026-09-11 10:27:15] [OK] ConvNeXt/TinyImageNet/DeepFool/ALL
[2026-09-11 10:27:15] [OK] qsub output: Your job 6504713 ("adversarial_hpc_submit.pbs") has been submitted
[2026-09-11 10:27:15] [SUCCESS] Submitted 126 jobs
[2026-09-11 10:27:15] Monitor progress with: qstat
[2026-09-11 10:27:15] ============================================================================
[2026-09-11 10:27:15] Job submission complete. Check logs/ for details.
[2026-09-11 10:27:15] Run log saved to: /Users/jgafur/LTH/manuscript/Tranfer/logs/adversarial_orchestrate_generate_20260911_094500.log
[2026-09-11 10:27:15] ============================================================================
[2026-09-11 10:27:17] [OK] ConvNeXt/TinyImageNet/DeepFool/ALL
[2026-09-11 10:27:17] [OK] qsub output: Your job 6504712 ("adversarial_hpc_submit.pbs") has been submitted
[2026-09-11 10:27:17] [SUCCESS] Submitted 126 jobs
[2026-09-11 10:27:17] Monitor progress with: qstat
[2026-09-11 10:27:17] ============================================================================
[2026-09-11 10:27:17] Job submission complete. Check logs/ for details.
[2026-09-11 10:27:17] Run log saved to: /Users/jgafur/LTH/manuscript/Tranfer/logs/adversarial_orchestrate_generate_20260911_094500.log
[2026-09-11 10:27:17] ============================================================================
[2026-09-11 10:27:22] [OK] ConvNeXt/TinyImageNet/CW/ALL
[2026-09-11 10:27:30] [OK] qsub output: Your job 6504714 ("adversarial_hpc_submit.pbs") has been submitted
[2026-09-11 10:27:31] [SUBMIT] ConvNeXt/TinyImageNet/DeepFool/ALL
[2026-09-11 10:27:31] [CMD] qsub -q all.q -l ngpus=1 -v MODEL="ConvNeXt",DATASET="TinyImageNet",ATTACK="DeepFool",KIND="ALL",PHASE="generate",OUTPUT_DIR="adversarial_results_ep100_pre300" adversarial_hpc_submit.pbs </dev/null
[2026-09-11 10:27:33] [OK] ConvNeXt/TinyImageNet/DeepFool/ALL
[2026-09-11 10:27:35] [OK] qsub output: Your job 6504718 ("adversarial_hpc_submit.pbs") has been submitted
[2026-09-11 10:27:35] [SUCCESS] Submitted 126 jobs
[2026-09-11 10:27:35] Monitor progress with: qstat
[2026-09-11 10:27:35] ============================================================================
[2026-09-11 10:27:35] Job submission complete. Check logs/ for details.
[2026-09-11 10:27:35] Run log saved to: /Users/jgafur/LTH/manuscript/Tranfer/logs/adversarial_orchestrate_generate_20260911_094500.log
[2026-09-11 10:27:35] ============================================================================
