[2026-08-26 11:33:04] Starting orchestration script
[2026-08-26 11:33:04] Starting orchestration script
[2026-08-26 11:33:04] Starting orchestration script
[2026-08-26 11:33:05] Script path: /Users/jgafur/LTH/manuscript/Tranfer
[2026-08-26 11:33:05] Script path: /Users/jgafur/LTH/manuscript/Tranfer
[2026-08-26 11:33:05] Script path: /Users/jgafur/LTH/manuscript/Tranfer
[2026-08-26 11:33:05] Current working directory: /Users/jgafur/LTH/manuscript/Tranfer
[2026-08-26 11:33:05] Current working directory: /Users/jgafur/LTH/manuscript/Tranfer
[2026-08-26 11:33:05] Current working directory: /Users/jgafur/LTH/manuscript/Tranfer
[2026-08-26 11:33:05] Phase: generate
[2026-08-26 11:33:05] Phase: generate
[2026-08-26 11:33:05] Phase: generate
[2026-08-26 11:33:05] Output directory: adversarial_results_ep300_pre100
[2026-08-26 11:33:05] Output directory: adversarial_results_ep200_pre200
[2026-08-26 11:33:05] Output directory: adversarial_results_ep100_pre300
[2026-08-26 11:33:05] Model filter: ALL
[2026-08-26 11:33:05] Model filter: ALL
[2026-08-26 11:33:05] Model filter: ALL
[2026-08-26 11:33:05] Dataset filter: ALL
[2026-08-26 11:33:05] Dataset filter: ALL
[2026-08-26 11:33:05] Dataset filter: ALL
[2026-08-26 11:33:05] Attack filter: ALL
[2026-08-26 11:33:05] Attack filter: ALL
[2026-08-26 11:33:05] Kind filter: ALL
[2026-08-26 11:33:05] Attack filter: ALL
[2026-08-26 11:33:05] Kind filter: ALL
[2026-08-26 11:33:05] Kind filter: ALL
[2026-08-26 11:33:05] Run log: /Users/jgafur/LTH/manuscript/Tranfer/logs/adversarial_orchestrate_generate_20260826_113304.log
[2026-08-26 11:33:05] Run log: /Users/jgafur/LTH/manuscript/Tranfer/logs/adversarial_orchestrate_generate_20260826_113304.log
[2026-08-26 11:33:05] Run log: /Users/jgafur/LTH/manuscript/Tranfer/logs/adversarial_orchestrate_generate_20260826_113304.log
[2026-08-26 11:33:05] qsub command found: /opt/sge/bin/lx-amd64/qsub
[2026-08-26 11:33:05] qsub command found: /opt/sge/bin/lx-amd64/qsub
[2026-08-26 11:33:05] Found submission file: /Users/jgafur/LTH/manuscript/Tranfer/adversarial_hpc_submit.pbs
[2026-08-26 11:33:05] qsub command found: /opt/sge/bin/lx-amd64/qsub
[2026-08-26 11:33:05] Found submission file: /Users/jgafur/LTH/manuscript/Tranfer/adversarial_hpc_submit.pbs
[2026-08-26 11:33:05] Found submission file: /Users/jgafur/LTH/manuscript/Tranfer/adversarial_hpc_submit.pbs
[2026-08-26 11:33:05] ============================================================================
[2026-08-26 11:33:05] ============================================================================
[2026-08-26 11:33:05] Adversarial Analysis HPC Orchestration
[2026-08-26 11:33:05] ============================================================================
[2026-08-26 11:33:05] Adversarial Analysis HPC Orchestration
[2026-08-26 11:33:05] ============================================================================
[2026-08-26 11:33:05] Adversarial Analysis HPC Orchestration
[2026-08-26 11:33:05] ============================================================================
[2026-08-26 11:33:05] Phase:       generate
[2026-08-26 11:33:05] ============================================================================
[2026-08-26 11:33:05] Phase:       generate
[2026-08-26 11:33:05] Output Dir:  adversarial_results_ep300_pre100
[2026-08-26 11:33:05] Phase:       generate
[2026-08-26 11:33:05] Output Dir:  adversarial_results_ep200_pre200
[2026-08-26 11:33:05] Models:      6 architectures
[2026-08-26 11:33:05] Output Dir:  adversarial_results_ep100_pre300
[2026-08-26 11:33:05] Models:      6 architectures
[2026-08-26 11:33:05] Datasets:    2 datasets
[2026-08-26 11:33:05] Models:      6 architectures
[2026-08-26 11:33:05] Datasets:    2 datasets
[2026-08-26 11:33:05] Attacks:     7 attack types
[2026-08-26 11:33:05] Datasets:    2 datasets
[2026-08-26 11:33:05] Attacks:     7 attack types
[2026-08-26 11:33:05] Total Jobs:  ~84
[2026-08-26 11:33:05] Attacks:     7 attack types
[2026-08-26 11:33:05] Total Jobs:  ~84
[2026-08-26 11:33:05] ============================================================================
[2026-08-26 11:33:05] Total Jobs:  ~84
[2026-08-26 11:33:05] ============================================================================
[2026-08-26 11:33:05] Run outputs will be written as txt files in manuscript/Tranfer/
[2026-08-26 11:33:05] ============================================================================
[2026-08-26 11:33:05] Run outputs will be written as txt files in manuscript/Tranfer/
[2026-08-26 11:33:05]   - generate:      <MODEL>_<DATASET>_<ATTACK>_<KIND>_generate_run.txt
[2026-08-26 11:33:05] Run outputs will be written as txt files in manuscript/Tranfer/
[2026-08-26 11:33:05]   - generate:      <MODEL>_<DATASET>_<ATTACK>_<KIND>_generate_run.txt
[2026-08-26 11:33:05]   - analyze:       adversarial_analyze_run.txt
[2026-08-26 11:33:05]   - analyze:       adversarial_analyze_run.txt
[2026-08-26 11:33:05]   - generate:      <MODEL>_<DATASET>_<ATTACK>_<KIND>_generate_run.txt
[2026-08-26 11:33:05]   - plot:          adversarial_plot_run.txt
[2026-08-26 11:33:05]   - plot:          adversarial_plot_run.txt
[2026-08-26 11:33:05]   - analyze:       adversarial_analyze_run.txt
[2026-08-26 11:33:05]   - gradient_sim:  adversarial_gradient_sim_run.txt
[2026-08-26 11:33:05]   - plot:          adversarial_plot_run.txt
[2026-08-26 11:33:05]   - gradient_sim:  adversarial_gradient_sim_run.txt
[2026-08-26 11:33:05]   - epsilon_sweep: adversarial_epsilon_sweep_run.txt
[2026-08-26 11:33:05]   - gradient_sim:  adversarial_gradient_sim_run.txt
[2026-08-26 11:33:05]   - epsilon_sweep: adversarial_epsilon_sweep_run.txt
[2026-08-26 11:33:05]   - statistics:    adversarial_statistics_run.txt
[2026-08-26 11:33:05]   - epsilon_sweep: adversarial_epsilon_sweep_run.txt
[2026-08-26 11:33:05]   - statistics:    adversarial_statistics_run.txt
[2026-08-26 11:33:05]   - cka:           adversarial_cka_run.txt
[2026-08-26 11:33:05]   - statistics:    adversarial_statistics_run.txt
[2026-08-26 11:33:05]   - compare:       adversarial_compare_run.txt
[2026-08-26 11:33:05]   - cka:           adversarial_cka_run.txt
[2026-08-26 11:33:05]   - cka:           adversarial_cka_run.txt
[2026-08-26 11:33:05]   - compute_tradeoff: adversarial_compute_tradeoff_run.txt
[2026-08-26 11:33:05]   - compare:       adversarial_compare_run.txt
[2026-08-26 11:33:05]   - compare:       adversarial_compare_run.txt
[2026-08-26 11:33:05]   - correlations:  adversarial_correlations_run.txt
[2026-08-26 11:33:05]   - compute_tradeoff: adversarial_compute_tradeoff_run.txt
[2026-08-26 11:33:05]   - compute_tradeoff: adversarial_compute_tradeoff_run.txt
[2026-08-26 11:33:05]   - correlations:  adversarial_correlations_run.txt
[2026-08-26 11:33:05]   - correlations:  adversarial_correlations_run.txt
[2026-08-26 11:33:05] [PHASE: GENERATE] Submitting attack generation jobs...
[2026-08-26 11:33:05] [SUBMIT] VGG16/Cifar10/PGD/ALL
[2026-08-26 11:33:05] [PHASE: GENERATE] Submitting attack generation jobs...
[2026-08-26 11:33:05] [PHASE: GENERATE] Submitting attack generation jobs...
[2026-08-26 11:33:05] [CMD] qsub -q all.q -l ngpus=1 -v MODEL="VGG16",DATASET="Cifar10",ATTACK="PGD",KIND="ALL",PHASE="generate",OUTPUT_DIR="adversarial_results_ep300_pre100" adversarial_hpc_submit.pbs </dev/null
[2026-08-26 11:33:05] [SUBMIT] VGG16/Cifar10/PGD/ALL
[2026-08-26 11:33:05] [SUBMIT] VGG16/Cifar10/PGD/ALL
[2026-08-26 11:33:05] [CMD] qsub -q all.q -l ngpus=1 -v MODEL="VGG16",DATASET="Cifar10",ATTACK="PGD",KIND="ALL",PHASE="generate",OUTPUT_DIR="adversarial_results_ep100_pre300" adversarial_hpc_submit.pbs </dev/null
[2026-08-26 11:33:05] [CMD] qsub -q all.q -l ngpus=1 -v MODEL="VGG16",DATASET="Cifar10",ATTACK="PGD",KIND="ALL",PHASE="generate",OUTPUT_DIR="adversarial_results_ep200_pre200" adversarial_hpc_submit.pbs </dev/null
[2026-08-26 11:33:10] [OK] VGG16/Cifar10/PGD/ALL
[2026-08-26 11:33:10] [OK] qsub output: Your job 6434197 ("adversarial_hpc_submit.pbs") has been submitted
[2026-08-26 11:33:10] [SUBMIT] VGG16/Cifar10/FGSM/ALL
[2026-08-26 11:33:10] [CMD] qsub -q all.q -l ngpus=1 -v MODEL="VGG16",DATASET="Cifar10",ATTACK="FGSM",KIND="ALL",PHASE="generate",OUTPUT_DIR="adversarial_results_ep300_pre100" adversarial_hpc_submit.pbs </dev/null
[2026-08-26 11:33:12] [OK] VGG16/Cifar10/PGD/ALL
[2026-08-26 11:33:12] [OK] qsub output: Your job 6434196 ("adversarial_hpc_submit.pbs") has been submitted
[2026-08-26 11:33:13] [SUBMIT] VGG16/Cifar10/FGSM/ALL
[2026-08-26 11:33:13] [CMD] qsub -q all.q -l ngpus=1 -v MODEL="VGG16",DATASET="Cifar10",ATTACK="FGSM",KIND="ALL",PHASE="generate",OUTPUT_DIR="adversarial_results_ep200_pre200" adversarial_hpc_submit.pbs </dev/null
[2026-08-26 11:33:15] [OK] VGG16/Cifar10/PGD/ALL
[2026-08-26 11:33:15] [OK] qsub output: Your job 6434198 ("adversarial_hpc_submit.pbs") has been submitted
[2026-08-26 11:33:15] [SUBMIT] VGG16/Cifar10/FGSM/ALL
[2026-08-26 11:33:15] [CMD] qsub -q all.q -l ngpus=1 -v MODEL="VGG16",DATASET="Cifar10",ATTACK="FGSM",KIND="ALL",PHASE="generate",OUTPUT_DIR="adversarial_results_ep100_pre300" adversarial_hpc_submit.pbs </dev/null
[2026-08-26 11:33:17] [OK] VGG16/Cifar10/FGSM/ALL
[2026-08-26 11:33:17] [OK] qsub output: Your job 6434199 ("adversarial_hpc_submit.pbs") has been submitted
[2026-08-26 11:33:17] [SUBMIT] VGG16/Cifar10/IFGSM/ALL
[2026-08-26 11:33:17] [CMD] qsub -q all.q -l ngpus=1 -v MODEL="VGG16",DATASET="Cifar10",ATTACK="IFGSM",KIND="ALL",PHASE="generate",OUTPUT_DIR="adversarial_results_ep300_pre100" adversarial_hpc_submit.pbs </dev/null
[2026-08-26 11:33:22] [OK] VGG16/Cifar10/FGSM/ALL
[2026-08-26 11:33:22] [OK] qsub output: Your job 6434201 ("adversarial_hpc_submit.pbs") has been submitted
[2026-08-26 11:33:22] [SUBMIT] VGG16/Cifar10/IFGSM/ALL
[2026-08-26 11:33:22] [CMD] qsub -q all.q -l ngpus=1 -v MODEL="VGG16",DATASET="Cifar10",ATTACK="IFGSM",KIND="ALL",PHASE="generate",OUTPUT_DIR="adversarial_results_ep100_pre300" adversarial_hpc_submit.pbs </dev/null
[2026-08-26 11:33:25] [OK] VGG16/Cifar10/FGSM/ALL
[2026-08-26 11:33:25] [OK] qsub output: Your job 6434200 ("adversarial_hpc_submit.pbs") has been submitted
[2026-08-26 11:33:25] [SUBMIT] VGG16/Cifar10/IFGSM/ALL
[2026-08-26 11:33:25] [CMD] qsub -q all.q -l ngpus=1 -v MODEL="VGG16",DATASET="Cifar10",ATTACK="IFGSM",KIND="ALL",PHASE="generate",OUTPUT_DIR="adversarial_results_ep200_pre200" adversarial_hpc_submit.pbs </dev/null
[2026-08-26 11:33:27] [OK] VGG16/Cifar10/IFGSM/ALL
[2026-08-26 11:33:27] [OK] qsub output: Your job 6434202 ("adversarial_hpc_submit.pbs") has been submitted
[2026-08-26 11:33:27] [SUBMIT] VGG16/Cifar10/BIM/ALL
[2026-08-26 11:33:27] [CMD] qsub -q all.q -l ngpus=1 -v MODEL="VGG16",DATASET="Cifar10",ATTACK="BIM",KIND="ALL",PHASE="generate",OUTPUT_DIR="adversarial_results_ep300_pre100" adversarial_hpc_submit.pbs </dev/null
[2026-08-26 11:33:29] [OK] VGG16/Cifar10/IFGSM/ALL
[2026-08-26 11:33:29] [OK] qsub output: Your job 6434203 ("adversarial_hpc_submit.pbs") has been submitted
[2026-08-26 11:33:29] [SUBMIT] VGG16/Cifar10/BIM/ALL
[2026-08-26 11:33:29] [CMD] qsub -q all.q -l ngpus=1 -v MODEL="VGG16",DATASET="Cifar10",ATTACK="BIM",KIND="ALL",PHASE="generate",OUTPUT_DIR="adversarial_results_ep100_pre300" adversarial_hpc_submit.pbs </dev/null
[2026-08-26 11:33:32] [OK] VGG16/Cifar10/IFGSM/ALL
[2026-08-26 11:33:32] [OK] qsub output: Your job 6434204 ("adversarial_hpc_submit.pbs") has been submitted
[2026-08-26 11:33:32] [SUBMIT] VGG16/Cifar10/BIM/ALL
[2026-08-26 11:33:32] [CMD] qsub -q all.q -l ngpus=1 -v MODEL="VGG16",DATASET="Cifar10",ATTACK="BIM",KIND="ALL",PHASE="generate",OUTPUT_DIR="adversarial_results_ep200_pre200" adversarial_hpc_submit.pbs </dev/null
[2026-08-26 11:33:36] [OK] VGG16/Cifar10/BIM/ALL
[2026-08-26 11:33:36] [OK] qsub output: Your job 6434205 ("adversarial_hpc_submit.pbs") has been submitted
[2026-08-26 11:33:36] [SUBMIT] VGG16/Cifar10/APGD/ALL
[2026-08-26 11:33:36] [CMD] qsub -q all.q -l ngpus=1 -v MODEL="VGG16",DATASET="Cifar10",ATTACK="APGD",KIND="ALL",PHASE="generate",OUTPUT_DIR="adversarial_results_ep300_pre100" adversarial_hpc_submit.pbs </dev/null
[2026-08-26 11:33:38] [OK] VGG16/Cifar10/BIM/ALL
[2026-08-26 11:33:38] [OK] qsub output: Your job 6434207 ("adversarial_hpc_submit.pbs") has been submitted
[2026-08-26 11:33:38] [SUBMIT] VGG16/Cifar10/APGD/ALL
[2026-08-26 11:33:38] [CMD] qsub -q all.q -l ngpus=1 -v MODEL="VGG16",DATASET="Cifar10",ATTACK="APGD",KIND="ALL",PHASE="generate",OUTPUT_DIR="adversarial_results_ep200_pre200" adversarial_hpc_submit.pbs </dev/null
[2026-08-26 11:33:40] [OK] VGG16/Cifar10/BIM/ALL
[2026-08-26 11:33:40] [OK] qsub output: Your job 6434206 ("adversarial_hpc_submit.pbs") has been submitted
[2026-08-26 11:33:40] [SUBMIT] VGG16/Cifar10/APGD/ALL
[2026-08-26 11:33:40] [CMD] qsub -q all.q -l ngpus=1 -v MODEL="VGG16",DATASET="Cifar10",ATTACK="APGD",KIND="ALL",PHASE="generate",OUTPUT_DIR="adversarial_results_ep100_pre300" adversarial_hpc_submit.pbs </dev/null
[2026-08-26 11:33:44] [OK] VGG16/Cifar10/APGD/ALL
[2026-08-26 11:33:44] [OK] qsub output: Your job 6434209 ("adversarial_hpc_submit.pbs") has been submitted
[2026-08-26 11:33:44] [SUBMIT] VGG16/Cifar10/CW/ALL
[2026-08-26 11:33:44] [CMD] qsub -q all.q -l ngpus=1 -v MODEL="VGG16",DATASET="Cifar10",ATTACK="CW",KIND="ALL",PHASE="generate",OUTPUT_DIR="adversarial_results_ep200_pre200" adversarial_hpc_submit.pbs </dev/null
[2026-08-26 11:33:47] [OK] VGG16/Cifar10/APGD/ALL
[2026-08-26 11:33:47] [OK] qsub output: Your job 6434210 ("adversarial_hpc_submit.pbs") has been submitted
[2026-08-26 11:33:47] [OK] VGG16/Cifar10/APGD/ALL
[2026-08-26 11:33:47] [OK] qsub output: Your job 6434208 ("adversarial_hpc_submit.pbs") has been submitted
[2026-08-26 11:33:47] [SUBMIT] VGG16/Cifar10/CW/ALL
[2026-08-26 11:33:47] [CMD] qsub -q all.q -l ngpus=1 -v MODEL="VGG16",DATASET="Cifar10",ATTACK="CW",KIND="ALL",PHASE="generate",OUTPUT_DIR="adversarial_results_ep100_pre300" adversarial_hpc_submit.pbs </dev/null
[2026-08-26 11:33:47] [SUBMIT] VGG16/Cifar10/CW/ALL
[2026-08-26 11:33:47] [CMD] qsub -q all.q -l ngpus=1 -v MODEL="VGG16",DATASET="Cifar10",ATTACK="CW",KIND="ALL",PHASE="generate",OUTPUT_DIR="adversarial_results_ep300_pre100" adversarial_hpc_submit.pbs </dev/null
[2026-08-26 11:33:50] [OK] VGG16/Cifar10/CW/ALL
[2026-08-26 11:33:51] [OK] qsub output: Your job 6434211 ("adversarial_hpc_submit.pbs") has been submitted
[2026-08-26 11:33:51] [SUBMIT] VGG16/Cifar10/DeepFool/ALL
[2026-08-26 11:33:51] [CMD] qsub -q all.q -l ngpus=1 -v MODEL="VGG16",DATASET="Cifar10",ATTACK="DeepFool",KIND="ALL",PHASE="generate",OUTPUT_DIR="adversarial_results_ep200_pre200" adversarial_hpc_submit.pbs </dev/null
[2026-08-26 11:33:55] [OK] VGG16/Cifar10/CW/ALL
[2026-08-26 11:33:55] [OK] VGG16/Cifar10/CW/ALL
[2026-08-26 11:33:55] [OK] qsub output: Your job 6434212 ("adversarial_hpc_submit.pbs") has been submitted
[2026-08-26 11:33:55] [OK] qsub output: Your job 6434213 ("adversarial_hpc_submit.pbs") has been submitted
[2026-08-26 11:33:55] [SUBMIT] VGG16/Cifar10/DeepFool/ALL
[2026-08-26 11:33:55] [SUBMIT] VGG16/Cifar10/DeepFool/ALL
[2026-08-26 11:33:55] [CMD] qsub -q all.q -l ngpus=1 -v MODEL="VGG16",DATASET="Cifar10",ATTACK="DeepFool",KIND="ALL",PHASE="generate",OUTPUT_DIR="adversarial_results_ep100_pre300" adversarial_hpc_submit.pbs </dev/null
[2026-08-26 11:33:55] [CMD] qsub -q all.q -l ngpus=1 -v MODEL="VGG16",DATASET="Cifar10",ATTACK="DeepFool",KIND="ALL",PHASE="generate",OUTPUT_DIR="adversarial_results_ep300_pre100" adversarial_hpc_submit.pbs </dev/null
[2026-08-26 11:34:00] [OK] VGG16/Cifar10/DeepFool/ALL
[2026-08-26 11:34:00] [OK] qsub output: Your job 6434214 ("adversarial_hpc_submit.pbs") has been submitted
[2026-08-26 11:34:00] [SUBMIT] VGG16/Cifar100/PGD/ALL
[2026-08-26 11:34:00] [CMD] qsub -q all.q -l ngpus=1 -v MODEL="VGG16",DATASET="Cifar100",ATTACK="PGD",KIND="ALL",PHASE="generate",OUTPUT_DIR="adversarial_results_ep200_pre200" adversarial_hpc_submit.pbs </dev/null
[2026-08-26 11:34:00] [OK] VGG16/Cifar10/DeepFool/ALL
[2026-08-26 11:34:00] [OK] qsub output: Your job 6434215 ("adversarial_hpc_submit.pbs") has been submitted
[2026-08-26 11:34:00] [SUBMIT] VGG16/Cifar100/PGD/ALL
[2026-08-26 11:34:00] [CMD] qsub -q all.q -l ngpus=1 -v MODEL="VGG16",DATASET="Cifar100",ATTACK="PGD",KIND="ALL",PHASE="generate",OUTPUT_DIR="adversarial_results_ep300_pre100" adversarial_hpc_submit.pbs </dev/null
[2026-08-26 11:34:02] [OK] VGG16/Cifar100/PGD/ALL
[2026-08-26 11:34:02] [OK] qsub output: Your job 6434217 ("adversarial_hpc_submit.pbs") has been submitted
[2026-08-26 11:34:02] [SUBMIT] VGG16/Cifar100/FGSM/ALL
[2026-08-26 11:34:02] [CMD] qsub -q all.q -l ngpus=1 -v MODEL="VGG16",DATASET="Cifar100",ATTACK="FGSM",KIND="ALL",PHASE="generate",OUTPUT_DIR="adversarial_results_ep200_pre200" adversarial_hpc_submit.pbs </dev/null
[2026-08-26 11:34:08] [OK] VGG16/Cifar10/DeepFool/ALL
[2026-08-26 11:34:09] [OK] VGG16/Cifar100/PGD/ALL
[2026-08-26 11:34:09] [OK] qsub output: Your job 6434216 ("adversarial_hpc_submit.pbs") has been submitted
[2026-08-26 11:34:09] [OK] qsub output: Your job 6434218 ("adversarial_hpc_submit.pbs") has been submitted
[2026-08-26 11:34:09] [SUBMIT] VGG16/Cifar100/PGD/ALL
[2026-08-26 11:34:09] [SUBMIT] VGG16/Cifar100/FGSM/ALL
[2026-08-26 11:34:09] [CMD] qsub -q all.q -l ngpus=1 -v MODEL="VGG16",DATASET="Cifar100",ATTACK="PGD",KIND="ALL",PHASE="generate",OUTPUT_DIR="adversarial_results_ep100_pre300" adversarial_hpc_submit.pbs </dev/null
[2026-08-26 11:34:09] [CMD] qsub -q all.q -l ngpus=1 -v MODEL="VGG16",DATASET="Cifar100",ATTACK="FGSM",KIND="ALL",PHASE="generate",OUTPUT_DIR="adversarial_results_ep300_pre100" adversarial_hpc_submit.pbs </dev/null
[2026-08-26 11:34:18] [OK] VGG16/Cifar100/FGSM/ALL
[2026-08-26 11:34:18] [OK] qsub output: Your job 6434219 ("adversarial_hpc_submit.pbs") has been submitted
[2026-08-26 11:34:18] [SUBMIT] VGG16/Cifar100/IFGSM/ALL
[2026-08-26 11:34:18] [CMD] qsub -q all.q -l ngpus=1 -v MODEL="VGG16",DATASET="Cifar100",ATTACK="IFGSM",KIND="ALL",PHASE="generate",OUTPUT_DIR="adversarial_results_ep200_pre200" adversarial_hpc_submit.pbs </dev/null
[2026-08-26 11:34:22] [OK] VGG16/Cifar100/FGSM/ALL
[2026-08-26 11:34:22] [OK] qsub output: Your job 6434221 ("adversarial_hpc_submit.pbs") has been submitted
[2026-08-26 11:34:22] [SUBMIT] VGG16/Cifar100/IFGSM/ALL
[2026-08-26 11:34:22] [CMD] qsub -q all.q -l ngpus=1 -v MODEL="VGG16",DATASET="Cifar100",ATTACK="IFGSM",KIND="ALL",PHASE="generate",OUTPUT_DIR="adversarial_results_ep300_pre100" adversarial_hpc_submit.pbs </dev/null
[2026-08-26 11:34:23] [OK] VGG16/Cifar100/PGD/ALL
[2026-08-26 11:34:23] [OK] qsub output: Your job 6434222 ("adversarial_hpc_submit.pbs") has been submitted
[2026-08-26 11:34:24] [SUBMIT] VGG16/Cifar100/FGSM/ALL
[2026-08-26 11:34:24] [CMD] qsub -q all.q -l ngpus=1 -v MODEL="VGG16",DATASET="Cifar100",ATTACK="FGSM",KIND="ALL",PHASE="generate",OUTPUT_DIR="adversarial_results_ep100_pre300" adversarial_hpc_submit.pbs </dev/null
[2026-08-26 11:34:24] [OK] VGG16/Cifar100/IFGSM/ALL
[2026-08-26 11:34:24] [OK] qsub output: Your job 6434223 ("adversarial_hpc_submit.pbs") has been submitted
[2026-08-26 11:34:24] [SUBMIT] VGG16/Cifar100/BIM/ALL
[2026-08-26 11:34:24] [CMD] qsub -q all.q -l ngpus=1 -v MODEL="VGG16",DATASET="Cifar100",ATTACK="BIM",KIND="ALL",PHASE="generate",OUTPUT_DIR="adversarial_results_ep200_pre200" adversarial_hpc_submit.pbs </dev/null
[2026-08-26 11:34:33] [OK] VGG16/Cifar100/IFGSM/ALL
[2026-08-26 11:34:33] [OK] qsub output: Your job 6434224 ("adversarial_hpc_submit.pbs") has been submitted
[2026-08-26 11:34:33] [SUBMIT] VGG16/Cifar100/BIM/ALL
[2026-08-26 11:34:33] [CMD] qsub -q all.q -l ngpus=1 -v MODEL="VGG16",DATASET="Cifar100",ATTACK="BIM",KIND="ALL",PHASE="generate",OUTPUT_DIR="adversarial_results_ep300_pre100" adversarial_hpc_submit.pbs </dev/null
[2026-08-26 11:34:34] [OK] VGG16/Cifar100/FGSM/ALL
[2026-08-26 11:34:34] [OK] qsub output: Your job 6434225 ("adversarial_hpc_submit.pbs") has been submitted
[2026-08-26 11:34:34] [SUBMIT] VGG16/Cifar100/IFGSM/ALL
[2026-08-26 11:34:34] [CMD] qsub -q all.q -l ngpus=1 -v MODEL="VGG16",DATASET="Cifar100",ATTACK="IFGSM",KIND="ALL",PHASE="generate",OUTPUT_DIR="adversarial_results_ep100_pre300" adversarial_hpc_submit.pbs </dev/null
[2026-08-26 11:34:40] [OK] VGG16/Cifar100/BIM/ALL
[2026-08-26 11:34:40] [OK] qsub output: Your job 6434227 ("adversarial_hpc_submit.pbs") has been submitted
[2026-08-26 11:34:40] [SUBMIT] VGG16/Cifar100/APGD/ALL
[2026-08-26 11:34:40] [CMD] qsub -q all.q -l ngpus=1 -v MODEL="VGG16",DATASET="Cifar100",ATTACK="APGD",KIND="ALL",PHASE="generate",OUTPUT_DIR="adversarial_results_ep300_pre100" adversarial_hpc_submit.pbs </dev/null
[2026-08-26 11:34:41] [OK] VGG16/Cifar100/BIM/ALL
[2026-08-26 11:34:41] [OK] qsub output: Your job 6434226 ("adversarial_hpc_submit.pbs") has been submitted
[2026-08-26 11:34:41] [SUBMIT] VGG16/Cifar100/APGD/ALL
[2026-08-26 11:34:41] [CMD] qsub -q all.q -l ngpus=1 -v MODEL="VGG16",DATASET="Cifar100",ATTACK="APGD",KIND="ALL",PHASE="generate",OUTPUT_DIR="adversarial_results_ep200_pre200" adversarial_hpc_submit.pbs </dev/null
[2026-08-26 11:34:43] [OK] VGG16/Cifar100/IFGSM/ALL
[2026-08-26 11:34:43] [OK] qsub output: Your job 6434228 ("adversarial_hpc_submit.pbs") has been submitted
[2026-08-26 11:34:43] [SUBMIT] VGG16/Cifar100/BIM/ALL
[2026-08-26 11:34:43] [CMD] qsub -q all.q -l ngpus=1 -v MODEL="VGG16",DATASET="Cifar100",ATTACK="BIM",KIND="ALL",PHASE="generate",OUTPUT_DIR="adversarial_results_ep100_pre300" adversarial_hpc_submit.pbs </dev/null
[2026-08-26 11:34:46] [OK] VGG16/Cifar100/APGD/ALL
[2026-08-26 11:34:46] [OK] qsub output: Your job 6434230 ("adversarial_hpc_submit.pbs") has been submitted
[2026-08-26 11:34:46] [SUBMIT] VGG16/Cifar100/CW/ALL
[2026-08-26 11:34:46] [CMD] qsub -q all.q -l ngpus=1 -v MODEL="VGG16",DATASET="Cifar100",ATTACK="CW",KIND="ALL",PHASE="generate",OUTPUT_DIR="adversarial_results_ep200_pre200" adversarial_hpc_submit.pbs </dev/null
[2026-08-26 11:34:48] [OK] VGG16/Cifar100/BIM/ALL
[2026-08-26 11:34:48] [OK] qsub output: Your job 6434231 ("adversarial_hpc_submit.pbs") has been submitted
[2026-08-26 11:34:48] [SUBMIT] VGG16/Cifar100/APGD/ALL
[2026-08-26 11:34:48] [CMD] qsub -q all.q -l ngpus=1 -v MODEL="VGG16",DATASET="Cifar100",ATTACK="APGD",KIND="ALL",PHASE="generate",OUTPUT_DIR="adversarial_results_ep100_pre300" adversarial_hpc_submit.pbs </dev/null
[2026-08-26 11:34:51] [OK] VGG16/Cifar100/APGD/ALL
[2026-08-26 11:34:51] [OK] qsub output: Your job 6434229 ("adversarial_hpc_submit.pbs") has been submitted
[2026-08-26 11:34:51] [SUBMIT] VGG16/Cifar100/CW/ALL
[2026-08-26 11:34:51] [CMD] qsub -q all.q -l ngpus=1 -v MODEL="VGG16",DATASET="Cifar100",ATTACK="CW",KIND="ALL",PHASE="generate",OUTPUT_DIR="adversarial_results_ep300_pre100" adversarial_hpc_submit.pbs </dev/null
[2026-08-26 11:34:54] [OK] VGG16/Cifar100/CW/ALL
[2026-08-26 11:34:54] [OK] qsub output: Your job 6434232 ("adversarial_hpc_submit.pbs") has been submitted
[2026-08-26 11:34:54] [SUBMIT] VGG16/Cifar100/DeepFool/ALL
[2026-08-26 11:34:54] [CMD] qsub -q all.q -l ngpus=1 -v MODEL="VGG16",DATASET="Cifar100",ATTACK="DeepFool",KIND="ALL",PHASE="generate",OUTPUT_DIR="adversarial_results_ep200_pre200" adversarial_hpc_submit.pbs </dev/null
[2026-08-26 11:34:58] [OK] VGG16/Cifar100/APGD/ALL
[2026-08-26 11:34:58] [OK] qsub output: Your job 6434233 ("adversarial_hpc_submit.pbs") has been submitted
[2026-08-26 11:34:58] [SUBMIT] VGG16/Cifar100/CW/ALL
[2026-08-26 11:34:58] [CMD] qsub -q all.q -l ngpus=1 -v MODEL="VGG16",DATASET="Cifar100",ATTACK="CW",KIND="ALL",PHASE="generate",OUTPUT_DIR="adversarial_results_ep100_pre300" adversarial_hpc_submit.pbs </dev/null
[2026-08-26 11:35:03] [OK] VGG16/Cifar100/CW/ALL
[2026-08-26 11:35:03] [OK] qsub output: Your job 6434234 ("adversarial_hpc_submit.pbs") has been submitted
[2026-08-26 11:35:03] [SUBMIT] VGG16/Cifar100/DeepFool/ALL
[2026-08-26 11:35:03] [CMD] qsub -q all.q -l ngpus=1 -v MODEL="VGG16",DATASET="Cifar100",ATTACK="DeepFool",KIND="ALL",PHASE="generate",OUTPUT_DIR="adversarial_results_ep300_pre100" adversarial_hpc_submit.pbs </dev/null
[2026-08-26 11:35:03] [OK] VGG16/Cifar100/DeepFool/ALL
[2026-08-26 11:35:03] [OK] qsub output: Your job 6434235 ("adversarial_hpc_submit.pbs") has been submitted
[2026-08-26 11:35:03] [SUBMIT] RegNetX_400MF/Cifar10/PGD/ALL
[2026-08-26 11:35:04] [CMD] qsub -q all.q -l ngpus=1 -v MODEL="RegNetX_400MF",DATASET="Cifar10",ATTACK="PGD",KIND="ALL",PHASE="generate",OUTPUT_DIR="adversarial_results_ep200_pre200" adversarial_hpc_submit.pbs </dev/null
[2026-08-26 11:35:09] [OK] VGG16/Cifar100/CW/ALL
[2026-08-26 11:35:09] [OK] qsub output: Your job 6434236 ("adversarial_hpc_submit.pbs") has been submitted
[2026-08-26 11:35:09] [SUBMIT] VGG16/Cifar100/DeepFool/ALL
[2026-08-26 11:35:09] [CMD] qsub -q all.q -l ngpus=1 -v MODEL="VGG16",DATASET="Cifar100",ATTACK="DeepFool",KIND="ALL",PHASE="generate",OUTPUT_DIR="adversarial_results_ep100_pre300" adversarial_hpc_submit.pbs </dev/null
[2026-08-26 11:35:11] [OK] VGG16/Cifar100/DeepFool/ALL
[2026-08-26 11:35:11] [OK] qsub output: Your job 6434237 ("adversarial_hpc_submit.pbs") has been submitted
[2026-08-26 11:35:11] [SUBMIT] RegNetX_400MF/Cifar10/PGD/ALL
[2026-08-26 11:35:11] [CMD] qsub -q all.q -l ngpus=1 -v MODEL="RegNetX_400MF",DATASET="Cifar10",ATTACK="PGD",KIND="ALL",PHASE="generate",OUTPUT_DIR="adversarial_results_ep300_pre100" adversarial_hpc_submit.pbs </dev/null
[2026-08-26 11:35:17] [OK] VGG16/Cifar100/DeepFool/ALL
[2026-08-26 11:35:17] [OK] qsub output: Your job 6434240 ("adversarial_hpc_submit.pbs") has been submitted
[2026-08-26 11:35:17] [SUBMIT] RegNetX_400MF/Cifar10/PGD/ALL
[2026-08-26 11:35:17] [CMD] qsub -q all.q -l ngpus=1 -v MODEL="RegNetX_400MF",DATASET="Cifar10",ATTACK="PGD",KIND="ALL",PHASE="generate",OUTPUT_DIR="adversarial_results_ep100_pre300" adversarial_hpc_submit.pbs </dev/null
[2026-08-26 11:35:18] [OK] RegNetX_400MF/Cifar10/PGD/ALL
[2026-08-26 11:35:18] [OK] qsub output: Your job 6434238 ("adversarial_hpc_submit.pbs") has been submitted
[2026-08-26 11:35:18] [SUBMIT] RegNetX_400MF/Cifar10/FGSM/ALL
[2026-08-26 11:35:18] [CMD] qsub -q all.q -l ngpus=1 -v MODEL="RegNetX_400MF",DATASET="Cifar10",ATTACK="FGSM",KIND="ALL",PHASE="generate",OUTPUT_DIR="adversarial_results_ep200_pre200" adversarial_hpc_submit.pbs </dev/null
[2026-08-26 11:35:24] [OK] RegNetX_400MF/Cifar10/PGD/ALL
[2026-08-26 11:35:24] [OK] qsub output: Your job 6434241 ("adversarial_hpc_submit.pbs") has been submitted
[2026-08-26 11:35:25] [SUBMIT] RegNetX_400MF/Cifar10/FGSM/ALL
[2026-08-26 11:35:25] [CMD] qsub -q all.q -l ngpus=1 -v MODEL="RegNetX_400MF",DATASET="Cifar10",ATTACK="FGSM",KIND="ALL",PHASE="generate",OUTPUT_DIR="adversarial_results_ep300_pre100" adversarial_hpc_submit.pbs </dev/null
[2026-08-26 11:35:26] [OK] RegNetX_400MF/Cifar10/FGSM/ALL
[2026-08-26 11:35:26] [OK] qsub output: Your job 6434243 ("adversarial_hpc_submit.pbs") has been submitted
[2026-08-26 11:35:26] [SUBMIT] RegNetX_400MF/Cifar10/IFGSM/ALL
[2026-08-26 11:35:26] [CMD] qsub -q all.q -l ngpus=1 -v MODEL="RegNetX_400MF",DATASET="Cifar10",ATTACK="IFGSM",KIND="ALL",PHASE="generate",OUTPUT_DIR="adversarial_results_ep200_pre200" adversarial_hpc_submit.pbs </dev/null
[2026-08-26 11:35:28] [OK] RegNetX_400MF/Cifar10/PGD/ALL
[2026-08-26 11:35:28] [OK] qsub output: Your job 6434242 ("adversarial_hpc_submit.pbs") has been submitted
[2026-08-26 11:35:28] [SUBMIT] RegNetX_400MF/Cifar10/FGSM/ALL
[2026-08-26 11:35:28] [CMD] qsub -q all.q -l ngpus=1 -v MODEL="RegNetX_400MF",DATASET="Cifar10",ATTACK="FGSM",KIND="ALL",PHASE="generate",OUTPUT_DIR="adversarial_results_ep100_pre300" adversarial_hpc_submit.pbs </dev/null
[2026-08-26 11:35:32] [OK] RegNetX_400MF/Cifar10/FGSM/ALL
[2026-08-26 11:35:32] [OK] qsub output: Your job 6434244 ("adversarial_hpc_submit.pbs") has been submitted
[2026-08-26 11:35:32] [SUBMIT] RegNetX_400MF/Cifar10/IFGSM/ALL
[2026-08-26 11:35:32] [CMD] qsub -q all.q -l ngpus=1 -v MODEL="RegNetX_400MF",DATASET="Cifar10",ATTACK="IFGSM",KIND="ALL",PHASE="generate",OUTPUT_DIR="adversarial_results_ep300_pre100" adversarial_hpc_submit.pbs </dev/null
[2026-08-26 11:35:33] [OK] RegNetX_400MF/Cifar10/IFGSM/ALL
[2026-08-26 11:35:33] [OK] qsub output: Your job 6434245 ("adversarial_hpc_submit.pbs") has been submitted
[2026-08-26 11:35:33] [SUBMIT] RegNetX_400MF/Cifar10/BIM/ALL
[2026-08-26 11:35:33] [CMD] qsub -q all.q -l ngpus=1 -v MODEL="RegNetX_400MF",DATASET="Cifar10",ATTACK="BIM",KIND="ALL",PHASE="generate",OUTPUT_DIR="adversarial_results_ep200_pre200" adversarial_hpc_submit.pbs </dev/null
[2026-08-26 11:35:41] [OK] RegNetX_400MF/Cifar10/FGSM/ALL
[2026-08-26 11:35:41] [OK] qsub output: Your job 6434246 ("adversarial_hpc_submit.pbs") has been submitted
[2026-08-26 11:35:41] [SUBMIT] RegNetX_400MF/Cifar10/IFGSM/ALL
[2026-08-26 11:35:41] [CMD] qsub -q all.q -l ngpus=1 -v MODEL="RegNetX_400MF",DATASET="Cifar10",ATTACK="IFGSM",KIND="ALL",PHASE="generate",OUTPUT_DIR="adversarial_results_ep100_pre300" adversarial_hpc_submit.pbs </dev/null
[2026-08-26 11:35:42] [OK] RegNetX_400MF/Cifar10/IFGSM/ALL
[2026-08-26 11:35:42] [OK] qsub output: Your job 6434247 ("adversarial_hpc_submit.pbs") has been submitted
[2026-08-26 11:35:42] [SUBMIT] RegNetX_400MF/Cifar10/BIM/ALL
[2026-08-26 11:35:42] [CMD] qsub -q all.q -l ngpus=1 -v MODEL="RegNetX_400MF",DATASET="Cifar10",ATTACK="BIM",KIND="ALL",PHASE="generate",OUTPUT_DIR="adversarial_results_ep300_pre100" adversarial_hpc_submit.pbs </dev/null
[2026-08-26 11:35:45] [OK] RegNetX_400MF/Cifar10/BIM/ALL
[2026-08-26 11:35:45] [OK] qsub output: Your job 6434248 ("adversarial_hpc_submit.pbs") has been submitted
[2026-08-26 11:35:45] [SUBMIT] RegNetX_400MF/Cifar10/APGD/ALL
[2026-08-26 11:35:45] [CMD] qsub -q all.q -l ngpus=1 -v MODEL="RegNetX_400MF",DATASET="Cifar10",ATTACK="APGD",KIND="ALL",PHASE="generate",OUTPUT_DIR="adversarial_results_ep200_pre200" adversarial_hpc_submit.pbs </dev/null
[2026-08-26 11:35:46] [OK] RegNetX_400MF/Cifar10/IFGSM/ALL
[2026-08-26 11:35:46] [OK] qsub output: Your job 6434250 ("adversarial_hpc_submit.pbs") has been submitted
[2026-08-26 11:35:46] [SUBMIT] RegNetX_400MF/Cifar10/BIM/ALL
[2026-08-26 11:35:47] [CMD] qsub -q all.q -l ngpus=1 -v MODEL="RegNetX_400MF",DATASET="Cifar10",ATTACK="BIM",KIND="ALL",PHASE="generate",OUTPUT_DIR="adversarial_results_ep100_pre300" adversarial_hpc_submit.pbs </dev/null
[2026-08-26 11:35:48] [OK] RegNetX_400MF/Cifar10/BIM/ALL
[2026-08-26 11:35:49] [OK] qsub output: Your job 6434251 ("adversarial_hpc_submit.pbs") has been submitted
[2026-08-26 11:35:49] [SUBMIT] RegNetX_400MF/Cifar10/APGD/ALL
[2026-08-26 11:35:49] [CMD] qsub -q all.q -l ngpus=1 -v MODEL="RegNetX_400MF",DATASET="Cifar10",ATTACK="APGD",KIND="ALL",PHASE="generate",OUTPUT_DIR="adversarial_results_ep300_pre100" adversarial_hpc_submit.pbs </dev/null
[2026-08-26 11:35:55] [OK] RegNetX_400MF/Cifar10/APGD/ALL
[2026-08-26 11:35:55] [OK] qsub output: Your job 6434252 ("adversarial_hpc_submit.pbs") has been submitted
[2026-08-26 11:35:55] [SUBMIT] RegNetX_400MF/Cifar10/CW/ALL
[2026-08-26 11:35:55] [CMD] qsub -q all.q -l ngpus=1 -v MODEL="RegNetX_400MF",DATASET="Cifar10",ATTACK="CW",KIND="ALL",PHASE="generate",OUTPUT_DIR="adversarial_results_ep200_pre200" adversarial_hpc_submit.pbs </dev/null
[2026-08-26 11:35:56] [OK] RegNetX_400MF/Cifar10/BIM/ALL
[2026-08-26 11:35:57] [OK] qsub output: Your job 6434253 ("adversarial_hpc_submit.pbs") has been submitted
[2026-08-26 11:35:57] [SUBMIT] RegNetX_400MF/Cifar10/APGD/ALL
[2026-08-26 11:35:57] [CMD] qsub -q all.q -l ngpus=1 -v MODEL="RegNetX_400MF",DATASET="Cifar10",ATTACK="APGD",KIND="ALL",PHASE="generate",OUTPUT_DIR="adversarial_results_ep100_pre300" adversarial_hpc_submit.pbs </dev/null
[2026-08-26 11:35:57] [OK] RegNetX_400MF/Cifar10/APGD/ALL
[2026-08-26 11:35:57] [OK] qsub output: Your job 6434254 ("adversarial_hpc_submit.pbs") has been submitted
[2026-08-26 11:35:57] [SUBMIT] RegNetX_400MF/Cifar10/CW/ALL
[2026-08-26 11:35:57] [CMD] qsub -q all.q -l ngpus=1 -v MODEL="RegNetX_400MF",DATASET="Cifar10",ATTACK="CW",KIND="ALL",PHASE="generate",OUTPUT_DIR="adversarial_results_ep300_pre100" adversarial_hpc_submit.pbs </dev/null
[2026-08-26 11:36:05] [OK] RegNetX_400MF/Cifar10/CW/ALL
[2026-08-26 11:36:05] [OK] qsub output: Your job 6434255 ("adversarial_hpc_submit.pbs") has been submitted
[2026-08-26 11:36:05] [OK] RegNetX_400MF/Cifar10/APGD/ALL
[2026-08-26 11:36:05] [OK] qsub output: Your job 6434256 ("adversarial_hpc_submit.pbs") has been submitted
[2026-08-26 11:36:06] [SUBMIT] RegNetX_400MF/Cifar10/DeepFool/ALL
[2026-08-26 11:36:06] [SUBMIT] RegNetX_400MF/Cifar10/CW/ALL
[2026-08-26 11:36:06] [CMD] qsub -q all.q -l ngpus=1 -v MODEL="RegNetX_400MF",DATASET="Cifar10",ATTACK="DeepFool",KIND="ALL",PHASE="generate",OUTPUT_DIR="adversarial_results_ep200_pre200" adversarial_hpc_submit.pbs </dev/null
[2026-08-26 11:36:06] [CMD] qsub -q all.q -l ngpus=1 -v MODEL="RegNetX_400MF",DATASET="Cifar10",ATTACK="CW",KIND="ALL",PHASE="generate",OUTPUT_DIR="adversarial_results_ep100_pre300" adversarial_hpc_submit.pbs </dev/null
[2026-08-26 11:36:13] [OK] RegNetX_400MF/Cifar10/CW/ALL
[2026-08-26 11:36:13] [OK] qsub output: Your job 6434257 ("adversarial_hpc_submit.pbs") has been submitted
[2026-08-26 11:36:13] [SUBMIT] RegNetX_400MF/Cifar10/DeepFool/ALL
[2026-08-26 11:36:13] [CMD] qsub -q all.q -l ngpus=1 -v MODEL="RegNetX_400MF",DATASET="Cifar10",ATTACK="DeepFool",KIND="ALL",PHASE="generate",OUTPUT_DIR="adversarial_results_ep300_pre100" adversarial_hpc_submit.pbs </dev/null
[2026-08-26 11:36:18] [OK] RegNetX_400MF/Cifar10/DeepFool/ALL
[2026-08-26 11:36:19] [OK] qsub output: Your job 6434259 ("adversarial_hpc_submit.pbs") has been submitted
[2026-08-26 11:36:19] [SUBMIT] RegNetX_400MF/Cifar100/PGD/ALL
[2026-08-26 11:36:19] [CMD] qsub -q all.q -l ngpus=1 -v MODEL="RegNetX_400MF",DATASET="Cifar100",ATTACK="PGD",KIND="ALL",PHASE="generate",OUTPUT_DIR="adversarial_results_ep200_pre200" adversarial_hpc_submit.pbs </dev/null
[2026-08-26 11:36:21] [OK] RegNetX_400MF/Cifar10/DeepFool/ALL
[2026-08-26 11:36:22] [OK] qsub output: Your job 6434261 ("adversarial_hpc_submit.pbs") has been submitted
[2026-08-26 11:36:22] [OK] RegNetX_400MF/Cifar10/CW/ALL
[2026-08-26 11:36:22] [OK] qsub output: Your job 6434260 ("adversarial_hpc_submit.pbs") has been submitted
[2026-08-26 11:36:22] [SUBMIT] RegNetX_400MF/Cifar100/PGD/ALL
[2026-08-26 11:36:22] [CMD] qsub -q all.q -l ngpus=1 -v MODEL="RegNetX_400MF",DATASET="Cifar100",ATTACK="PGD",KIND="ALL",PHASE="generate",OUTPUT_DIR="adversarial_results_ep300_pre100" adversarial_hpc_submit.pbs </dev/null
[2026-08-26 11:36:22] [SUBMIT] RegNetX_400MF/Cifar10/DeepFool/ALL
[2026-08-26 11:36:22] [CMD] qsub -q all.q -l ngpus=1 -v MODEL="RegNetX_400MF",DATASET="Cifar10",ATTACK="DeepFool",KIND="ALL",PHASE="generate",OUTPUT_DIR="adversarial_results_ep100_pre300" adversarial_hpc_submit.pbs </dev/null
[2026-08-26 11:36:27] [OK] RegNetX_400MF/Cifar100/PGD/ALL
[2026-08-26 11:36:27] [OK] qsub output: Your job 6434263 ("adversarial_hpc_submit.pbs") has been submitted
[2026-08-26 11:36:27] [SUBMIT] RegNetX_400MF/Cifar100/FGSM/ALL
[2026-08-26 11:36:28] [CMD] qsub -q all.q -l ngpus=1 -v MODEL="RegNetX_400MF",DATASET="Cifar100",ATTACK="FGSM",KIND="ALL",PHASE="generate",OUTPUT_DIR="adversarial_results_ep300_pre100" adversarial_hpc_submit.pbs </dev/null
[2026-08-26 11:36:29] [OK] RegNetX_400MF/Cifar100/PGD/ALL
[2026-08-26 11:36:29] [OK] qsub output: Your job 6434262 ("adversarial_hpc_submit.pbs") has been submitted
[2026-08-26 11:36:29] [SUBMIT] RegNetX_400MF/Cifar100/FGSM/ALL
[2026-08-26 11:36:29] [CMD] qsub -q all.q -l ngpus=1 -v MODEL="RegNetX_400MF",DATASET="Cifar100",ATTACK="FGSM",KIND="ALL",PHASE="generate",OUTPUT_DIR="adversarial_results_ep200_pre200" adversarial_hpc_submit.pbs </dev/null
[2026-08-26 11:36:33] [OK] RegNetX_400MF/Cifar10/DeepFool/ALL
[2026-08-26 11:36:33] [OK] qsub output: Your job 6434264 ("adversarial_hpc_submit.pbs") has been submitted
[2026-08-26 11:36:33] [SUBMIT] RegNetX_400MF/Cifar100/PGD/ALL
[2026-08-26 11:36:33] [CMD] qsub -q all.q -l ngpus=1 -v MODEL="RegNetX_400MF",DATASET="Cifar100",ATTACK="PGD",KIND="ALL",PHASE="generate",OUTPUT_DIR="adversarial_results_ep100_pre300" adversarial_hpc_submit.pbs </dev/null
[2026-08-26 11:36:36] [OK] RegNetX_400MF/Cifar100/FGSM/ALL
[2026-08-26 11:36:36] [OK] qsub output: Your job 6434265 ("adversarial_hpc_submit.pbs") has been submitted
[2026-08-26 11:36:36] [SUBMIT] RegNetX_400MF/Cifar100/IFGSM/ALL
[2026-08-26 11:36:36] [CMD] qsub -q all.q -l ngpus=1 -v MODEL="RegNetX_400MF",DATASET="Cifar100",ATTACK="IFGSM",KIND="ALL",PHASE="generate",OUTPUT_DIR="adversarial_results_ep300_pre100" adversarial_hpc_submit.pbs </dev/null
[2026-08-26 11:36:38] [OK] RegNetX_400MF/Cifar100/FGSM/ALL
[2026-08-26 11:36:38] [OK] qsub output: Your job 6434266 ("adversarial_hpc_submit.pbs") has been submitted
[2026-08-26 11:36:38] [SUBMIT] RegNetX_400MF/Cifar100/IFGSM/ALL
[2026-08-26 11:36:38] [CMD] qsub -q all.q -l ngpus=1 -v MODEL="RegNetX_400MF",DATASET="Cifar100",ATTACK="IFGSM",KIND="ALL",PHASE="generate",OUTPUT_DIR="adversarial_results_ep200_pre200" adversarial_hpc_submit.pbs </dev/null
[2026-08-26 11:36:39] [OK] RegNetX_400MF/Cifar100/PGD/ALL
[2026-08-26 11:36:39] [OK] qsub output: Your job 6434267 ("adversarial_hpc_submit.pbs") has been submitted
[2026-08-26 11:36:39] [SUBMIT] RegNetX_400MF/Cifar100/FGSM/ALL
[2026-08-26 11:36:39] [CMD] qsub -q all.q -l ngpus=1 -v MODEL="RegNetX_400MF",DATASET="Cifar100",ATTACK="FGSM",KIND="ALL",PHASE="generate",OUTPUT_DIR="adversarial_results_ep100_pre300" adversarial_hpc_submit.pbs </dev/null
[2026-08-26 11:36:40] [OK] RegNetX_400MF/Cifar100/IFGSM/ALL
[2026-08-26 11:36:41] [OK] qsub output: Your job 6434268 ("adversarial_hpc_submit.pbs") has been submitted
[2026-08-26 11:36:42] [SUBMIT] RegNetX_400MF/Cifar100/BIM/ALL
[2026-08-26 11:36:42] [CMD] qsub -q all.q -l ngpus=1 -v MODEL="RegNetX_400MF",DATASET="Cifar100",ATTACK="BIM",KIND="ALL",PHASE="generate",OUTPUT_DIR="adversarial_results_ep300_pre100" adversarial_hpc_submit.pbs </dev/null
[2026-08-26 11:36:47] [OK] RegNetX_400MF/Cifar100/IFGSM/ALL
[2026-08-26 11:36:47] [OK] qsub output: Your job 6434269 ("adversarial_hpc_submit.pbs") has been submitted
[2026-08-26 11:36:47] [SUBMIT] RegNetX_400MF/Cifar100/BIM/ALL
[2026-08-26 11:36:47] [CMD] qsub -q all.q -l ngpus=1 -v MODEL="RegNetX_400MF",DATASET="Cifar100",ATTACK="BIM",KIND="ALL",PHASE="generate",OUTPUT_DIR="adversarial_results_ep200_pre200" adversarial_hpc_submit.pbs </dev/null
[2026-08-26 11:36:49] [OK] RegNetX_400MF/Cifar100/FGSM/ALL
[2026-08-26 11:36:49] [OK] qsub output: Your job 6434270 ("adversarial_hpc_submit.pbs") has been submitted
[2026-08-26 11:36:49] [SUBMIT] RegNetX_400MF/Cifar100/IFGSM/ALL
[2026-08-26 11:36:49] [CMD] qsub -q all.q -l ngpus=1 -v MODEL="RegNetX_400MF",DATASET="Cifar100",ATTACK="IFGSM",KIND="ALL",PHASE="generate",OUTPUT_DIR="adversarial_results_ep100_pre300" adversarial_hpc_submit.pbs </dev/null
[2026-08-26 11:36:50] [OK] RegNetX_400MF/Cifar100/BIM/ALL
[2026-08-26 11:36:50] [OK] qsub output: Your job 6434271 ("adversarial_hpc_submit.pbs") has been submitted
[2026-08-26 11:36:50] [SUBMIT] RegNetX_400MF/Cifar100/APGD/ALL
[2026-08-26 11:36:50] [CMD] qsub -q all.q -l ngpus=1 -v MODEL="RegNetX_400MF",DATASET="Cifar100",ATTACK="APGD",KIND="ALL",PHASE="generate",OUTPUT_DIR="adversarial_results_ep300_pre100" adversarial_hpc_submit.pbs </dev/null
[2026-08-26 11:36:58] [OK] RegNetX_400MF/Cifar100/BIM/ALL
[2026-08-26 11:36:59] [OK] qsub output: Your job 6434272 ("adversarial_hpc_submit.pbs") has been submitted
[2026-08-26 11:36:59] [SUBMIT] RegNetX_400MF/Cifar100/APGD/ALL
[2026-08-26 11:36:59] [CMD] qsub -q all.q -l ngpus=1 -v MODEL="RegNetX_400MF",DATASET="Cifar100",ATTACK="APGD",KIND="ALL",PHASE="generate",OUTPUT_DIR="adversarial_results_ep200_pre200" adversarial_hpc_submit.pbs </dev/null
[2026-08-26 11:37:00] [OK] RegNetX_400MF/Cifar100/IFGSM/ALL
[2026-08-26 11:37:00] [OK] qsub output: Your job 6434273 ("adversarial_hpc_submit.pbs") has been submitted
[2026-08-26 11:37:00] [SUBMIT] RegNetX_400MF/Cifar100/BIM/ALL
[2026-08-26 11:37:01] [CMD] qsub -q all.q -l ngpus=1 -v MODEL="RegNetX_400MF",DATASET="Cifar100",ATTACK="BIM",KIND="ALL",PHASE="generate",OUTPUT_DIR="adversarial_results_ep100_pre300" adversarial_hpc_submit.pbs </dev/null
[2026-08-26 11:37:04] [OK] RegNetX_400MF/Cifar100/APGD/ALL
[2026-08-26 11:37:04] [OK] qsub output: Your job 6434274 ("adversarial_hpc_submit.pbs") has been submitted
[2026-08-26 11:37:04] [SUBMIT] RegNetX_400MF/Cifar100/CW/ALL
[2026-08-26 11:37:04] [CMD] qsub -q all.q -l ngpus=1 -v MODEL="RegNetX_400MF",DATASET="Cifar100",ATTACK="CW",KIND="ALL",PHASE="generate",OUTPUT_DIR="adversarial_results_ep300_pre100" adversarial_hpc_submit.pbs </dev/null
[2026-08-26 11:37:05] [OK] RegNetX_400MF/Cifar100/APGD/ALL
[2026-08-26 11:37:05] [OK] qsub output: Your job 6434275 ("adversarial_hpc_submit.pbs") has been submitted
[2026-08-26 11:37:05] [SUBMIT] RegNetX_400MF/Cifar100/CW/ALL
[2026-08-26 11:37:05] [CMD] qsub -q all.q -l ngpus=1 -v MODEL="RegNetX_400MF",DATASET="Cifar100",ATTACK="CW",KIND="ALL",PHASE="generate",OUTPUT_DIR="adversarial_results_ep200_pre200" adversarial_hpc_submit.pbs </dev/null
[2026-08-26 11:37:07] [OK] RegNetX_400MF/Cifar100/CW/ALL
[2026-08-26 11:37:08] [OK] qsub output: Your job 6434277 ("adversarial_hpc_submit.pbs") has been submitted
[2026-08-26 11:37:08] [SUBMIT] RegNetX_400MF/Cifar100/DeepFool/ALL
[2026-08-26 11:37:08] [CMD] qsub -q all.q -l ngpus=1 -v MODEL="RegNetX_400MF",DATASET="Cifar100",ATTACK="DeepFool",KIND="ALL",PHASE="generate",OUTPUT_DIR="adversarial_results_ep300_pre100" adversarial_hpc_submit.pbs </dev/null
[2026-08-26 11:37:09] [OK] RegNetX_400MF/Cifar100/CW/ALL
[2026-08-26 11:37:09] [OK] qsub output: Your job 6434278 ("adversarial_hpc_submit.pbs") has been submitted
[2026-08-26 11:37:09] [SUBMIT] RegNetX_400MF/Cifar100/DeepFool/ALL
[2026-08-26 11:37:11] [CMD] qsub -q all.q -l ngpus=1 -v MODEL="RegNetX_400MF",DATASET="Cifar100",ATTACK="DeepFool",KIND="ALL",PHASE="generate",OUTPUT_DIR="adversarial_results_ep200_pre200" adversarial_hpc_submit.pbs </dev/null
[2026-08-26 11:37:11] [OK] RegNetX_400MF/Cifar100/DeepFool/ALL
[2026-08-26 11:37:11] [OK] qsub output: Your job 6434279 ("adversarial_hpc_submit.pbs") has been submitted
[2026-08-26 11:37:11] [SUBMIT] InceptionNet/Cifar10/PGD/ALL
[2026-08-26 11:37:11] [CMD] qsub -q all.q -l ngpus=1 -v MODEL="InceptionNet",DATASET="Cifar10",ATTACK="PGD",KIND="ALL",PHASE="generate",OUTPUT_DIR="adversarial_results_ep300_pre100" adversarial_hpc_submit.pbs </dev/null
[2026-08-26 11:37:11] [OK] RegNetX_400MF/Cifar100/BIM/ALL
[2026-08-26 11:37:11] [OK] qsub output: Your job 6434276 ("adversarial_hpc_submit.pbs") has been submitted
[2026-08-26 11:37:11] [SUBMIT] RegNetX_400MF/Cifar100/APGD/ALL
[2026-08-26 11:37:11] [CMD] qsub -q all.q -l ngpus=1 -v MODEL="RegNetX_400MF",DATASET="Cifar100",ATTACK="APGD",KIND="ALL",PHASE="generate",OUTPUT_DIR="adversarial_results_ep100_pre300" adversarial_hpc_submit.pbs </dev/null
[2026-08-26 11:37:14] [OK] RegNetX_400MF/Cifar100/DeepFool/ALL
[2026-08-26 11:37:15] [OK] InceptionNet/Cifar10/PGD/ALL
[2026-08-26 11:37:16] [OK] qsub output: Your job 6434280 ("adversarial_hpc_submit.pbs") has been submitted
[2026-08-26 11:37:18] [OK] qsub output: Your job 6434281 ("adversarial_hpc_submit.pbs") has been submitted
[2026-08-26 11:37:18] [SUBMIT] InceptionNet/Cifar10/FGSM/ALL
[2026-08-26 11:37:18] [SUBMIT] InceptionNet/Cifar10/PGD/ALL
[2026-08-26 11:37:18] [CMD] qsub -q all.q -l ngpus=1 -v MODEL="InceptionNet",DATASET="Cifar10",ATTACK="PGD",KIND="ALL",PHASE="generate",OUTPUT_DIR="adversarial_results_ep200_pre200" adversarial_hpc_submit.pbs </dev/null
[2026-08-26 11:37:18] [CMD] qsub -q all.q -l ngpus=1 -v MODEL="InceptionNet",DATASET="Cifar10",ATTACK="FGSM",KIND="ALL",PHASE="generate",OUTPUT_DIR="adversarial_results_ep300_pre100" adversarial_hpc_submit.pbs </dev/null
[2026-08-26 11:37:20] [OK] InceptionNet/Cifar10/PGD/ALL
[2026-08-26 11:37:21] [OK] qsub output: Your job 6434283 ("adversarial_hpc_submit.pbs") has been submitted
[2026-08-26 11:37:21] [SUBMIT] InceptionNet/Cifar10/FGSM/ALL
[2026-08-26 11:37:22] [CMD] qsub -q all.q -l ngpus=1 -v MODEL="InceptionNet",DATASET="Cifar10",ATTACK="FGSM",KIND="ALL",PHASE="generate",OUTPUT_DIR="adversarial_results_ep200_pre200" adversarial_hpc_submit.pbs </dev/null
[2026-08-26 11:37:23] [OK] RegNetX_400MF/Cifar100/APGD/ALL
[2026-08-26 11:37:23] [OK] qsub output: Your job 6434282 ("adversarial_hpc_submit.pbs") has been submitted
[2026-08-26 11:37:24] [SUBMIT] RegNetX_400MF/Cifar100/CW/ALL
[2026-08-26 11:37:24] [CMD] qsub -q all.q -l ngpus=1 -v MODEL="RegNetX_400MF",DATASET="Cifar100",ATTACK="CW",KIND="ALL",PHASE="generate",OUTPUT_DIR="adversarial_results_ep100_pre300" adversarial_hpc_submit.pbs </dev/null
[2026-08-26 11:37:25] [OK] InceptionNet/Cifar10/FGSM/ALL
[2026-08-26 11:37:25] [OK] qsub output: Your job 6434285 ("adversarial_hpc_submit.pbs") has been submitted
[2026-08-26 11:37:25] [SUBMIT] InceptionNet/Cifar10/IFGSM/ALL
[2026-08-26 11:37:25] [CMD] qsub -q all.q -l ngpus=1 -v MODEL="InceptionNet",DATASET="Cifar10",ATTACK="IFGSM",KIND="ALL",PHASE="generate",OUTPUT_DIR="adversarial_results_ep200_pre200" adversarial_hpc_submit.pbs </dev/null
[2026-08-26 11:37:28] [OK] InceptionNet/Cifar10/FGSM/ALL
[2026-08-26 11:37:28] [OK] qsub output: Your job 6434284 ("adversarial_hpc_submit.pbs") has been submitted
[2026-08-26 11:37:28] [SUBMIT] InceptionNet/Cifar10/IFGSM/ALL
[2026-08-26 11:37:28] [CMD] qsub -q all.q -l ngpus=1 -v MODEL="InceptionNet",DATASET="Cifar10",ATTACK="IFGSM",KIND="ALL",PHASE="generate",OUTPUT_DIR="adversarial_results_ep300_pre100" adversarial_hpc_submit.pbs </dev/null
[2026-08-26 11:37:29] [OK] InceptionNet/Cifar10/IFGSM/ALL
[2026-08-26 11:37:29] [OK] qsub output: Your job 6434287 ("adversarial_hpc_submit.pbs") has been submitted
[2026-08-26 11:37:29] [SUBMIT] InceptionNet/Cifar10/BIM/ALL
[2026-08-26 11:37:30] [CMD] qsub -q all.q -l ngpus=1 -v MODEL="InceptionNet",DATASET="Cifar10",ATTACK="BIM",KIND="ALL",PHASE="generate",OUTPUT_DIR="adversarial_results_ep200_pre200" adversarial_hpc_submit.pbs </dev/null
[2026-08-26 11:37:31] [OK] InceptionNet/Cifar10/IFGSM/ALL
[2026-08-26 11:37:31] [OK] qsub output: Your job 6434288 ("adversarial_hpc_submit.pbs") has been submitted
[2026-08-26 11:37:32] [SUBMIT] InceptionNet/Cifar10/BIM/ALL
[2026-08-26 11:37:32] [CMD] qsub -q all.q -l ngpus=1 -v MODEL="InceptionNet",DATASET="Cifar10",ATTACK="BIM",KIND="ALL",PHASE="generate",OUTPUT_DIR="adversarial_results_ep300_pre100" adversarial_hpc_submit.pbs </dev/null
[2026-08-26 11:37:33] [OK] RegNetX_400MF/Cifar100/CW/ALL
[2026-08-26 11:37:33] [OK] qsub output: Your job 6434286 ("adversarial_hpc_submit.pbs") has been submitted
[2026-08-26 11:37:33] [SUBMIT] RegNetX_400MF/Cifar100/DeepFool/ALL
[2026-08-26 11:37:33] [CMD] qsub -q all.q -l ngpus=1 -v MODEL="RegNetX_400MF",DATASET="Cifar100",ATTACK="DeepFool",KIND="ALL",PHASE="generate",OUTPUT_DIR="adversarial_results_ep100_pre300" adversarial_hpc_submit.pbs </dev/null
[2026-08-26 11:37:33] [OK] InceptionNet/Cifar10/BIM/ALL
[2026-08-26 11:37:33] [OK] qsub output: Your job 6434289 ("adversarial_hpc_submit.pbs") has been submitted
[2026-08-26 11:37:33] [SUBMIT] InceptionNet/Cifar10/APGD/ALL
[2026-08-26 11:37:33] [CMD] qsub -q all.q -l ngpus=1 -v MODEL="InceptionNet",DATASET="Cifar10",ATTACK="APGD",KIND="ALL",PHASE="generate",OUTPUT_DIR="adversarial_results_ep200_pre200" adversarial_hpc_submit.pbs </dev/null
[2026-08-26 11:37:40] [OK] InceptionNet/Cifar10/BIM/ALL
[2026-08-26 11:37:41] [OK] qsub output: Your job 6434290 ("adversarial_hpc_submit.pbs") has been submitted
[2026-08-26 11:37:41] [SUBMIT] InceptionNet/Cifar10/APGD/ALL
[2026-08-26 11:37:41] [CMD] qsub -q all.q -l ngpus=1 -v MODEL="InceptionNet",DATASET="Cifar10",ATTACK="APGD",KIND="ALL",PHASE="generate",OUTPUT_DIR="adversarial_results_ep300_pre100" adversarial_hpc_submit.pbs </dev/null
[2026-08-26 11:37:42] [OK] RegNetX_400MF/Cifar100/DeepFool/ALL
[2026-08-26 11:37:42] [OK] InceptionNet/Cifar10/APGD/ALL
[2026-08-26 11:37:42] [OK] qsub output: Your job 6434291 ("adversarial_hpc_submit.pbs") has been submitted
[2026-08-26 11:37:42] [OK] qsub output: Your job 6434292 ("adversarial_hpc_submit.pbs") has been submitted
[2026-08-26 11:37:43] [SUBMIT] InceptionNet/Cifar10/PGD/ALL
[2026-08-26 11:37:43] [SUBMIT] InceptionNet/Cifar10/CW/ALL
[2026-08-26 11:37:43] [CMD] qsub -q all.q -l ngpus=1 -v MODEL="InceptionNet",DATASET="Cifar10",ATTACK="PGD",KIND="ALL",PHASE="generate",OUTPUT_DIR="adversarial_results_ep100_pre300" adversarial_hpc_submit.pbs </dev/null
[2026-08-26 11:37:43] [CMD] qsub -q all.q -l ngpus=1 -v MODEL="InceptionNet",DATASET="Cifar10",ATTACK="CW",KIND="ALL",PHASE="generate",OUTPUT_DIR="adversarial_results_ep200_pre200" adversarial_hpc_submit.pbs </dev/null
[2026-08-26 11:37:45] [OK] InceptionNet/Cifar10/PGD/ALL
[2026-08-26 11:37:45] [OK] qsub output: Your job 6434294 ("adversarial_hpc_submit.pbs") has been submitted
[2026-08-26 11:37:45] [SUBMIT] InceptionNet/Cifar10/FGSM/ALL
[2026-08-26 11:37:45] [CMD] qsub -q all.q -l ngpus=1 -v MODEL="InceptionNet",DATASET="Cifar10",ATTACK="FGSM",KIND="ALL",PHASE="generate",OUTPUT_DIR="adversarial_results_ep100_pre300" adversarial_hpc_submit.pbs </dev/null
[2026-08-26 11:37:50] [OK] InceptionNet/Cifar10/CW/ALL
[2026-08-26 11:37:50] [OK] InceptionNet/Cifar10/APGD/ALL
[2026-08-26 11:37:50] [OK] qsub output: Your job 6434295 ("adversarial_hpc_submit.pbs") has been submitted
[2026-08-26 11:37:50] [OK] qsub output: Your job 6434293 ("adversarial_hpc_submit.pbs") has been submitted
[2026-08-26 11:37:50] [SUBMIT] InceptionNet/Cifar10/DeepFool/ALL
[2026-08-26 11:37:50] [SUBMIT] InceptionNet/Cifar10/CW/ALL
[2026-08-26 11:37:50] [CMD] qsub -q all.q -l ngpus=1 -v MODEL="InceptionNet",DATASET="Cifar10",ATTACK="DeepFool",KIND="ALL",PHASE="generate",OUTPUT_DIR="adversarial_results_ep200_pre200" adversarial_hpc_submit.pbs </dev/null
[2026-08-26 11:37:50] [CMD] qsub -q all.q -l ngpus=1 -v MODEL="InceptionNet",DATASET="Cifar10",ATTACK="CW",KIND="ALL",PHASE="generate",OUTPUT_DIR="adversarial_results_ep300_pre100" adversarial_hpc_submit.pbs </dev/null
[2026-08-26 11:37:52] [OK] InceptionNet/Cifar10/CW/ALL
[2026-08-26 11:37:53] [OK] InceptionNet/Cifar10/FGSM/ALL
[2026-08-26 11:37:53] [OK] qsub output: Your job 6434297 ("adversarial_hpc_submit.pbs") has been submitted
[2026-08-26 11:37:53] [OK] qsub output: Your job 6434296 ("adversarial_hpc_submit.pbs") has been submitted
[2026-08-26 11:37:53] [SUBMIT] InceptionNet/Cifar10/DeepFool/ALL
[2026-08-26 11:37:53] [CMD] qsub -q all.q -l ngpus=1 -v MODEL="InceptionNet",DATASET="Cifar10",ATTACK="DeepFool",KIND="ALL",PHASE="generate",OUTPUT_DIR="adversarial_results_ep300_pre100" adversarial_hpc_submit.pbs </dev/null
[2026-08-26 11:37:53] [SUBMIT] InceptionNet/Cifar10/IFGSM/ALL
[2026-08-26 11:37:53] [CMD] qsub -q all.q -l ngpus=1 -v MODEL="InceptionNet",DATASET="Cifar10",ATTACK="IFGSM",KIND="ALL",PHASE="generate",OUTPUT_DIR="adversarial_results_ep100_pre300" adversarial_hpc_submit.pbs </dev/null
[2026-08-26 11:37:55] [OK] InceptionNet/Cifar10/DeepFool/ALL
[2026-08-26 11:37:55] [OK] qsub output: Your job 6434298 ("adversarial_hpc_submit.pbs") has been submitted
[2026-08-26 11:37:55] [SUBMIT] InceptionNet/Cifar100/PGD/ALL
[2026-08-26 11:37:55] [CMD] qsub -q all.q -l ngpus=1 -v MODEL="InceptionNet",DATASET="Cifar100",ATTACK="PGD",KIND="ALL",PHASE="generate",OUTPUT_DIR="adversarial_results_ep200_pre200" adversarial_hpc_submit.pbs </dev/null
[2026-08-26 11:38:01] [OK] InceptionNet/Cifar10/DeepFool/ALL
[2026-08-26 11:38:01] [OK] qsub output: Your job 6434299 ("adversarial_hpc_submit.pbs") has been submitted
[2026-08-26 11:38:01] [SUBMIT] InceptionNet/Cifar100/PGD/ALL
[2026-08-26 11:38:01] [CMD] qsub -q all.q -l ngpus=1 -v MODEL="InceptionNet",DATASET="Cifar100",ATTACK="PGD",KIND="ALL",PHASE="generate",OUTPUT_DIR="adversarial_results_ep300_pre100" adversarial_hpc_submit.pbs </dev/null
[2026-08-26 11:38:02] [OK] InceptionNet/Cifar10/IFGSM/ALL
[2026-08-26 11:38:04] [OK] qsub output: Your job 6434300 ("adversarial_hpc_submit.pbs") has been submitted
[2026-08-26 11:38:04] [SUBMIT] InceptionNet/Cifar10/BIM/ALL
[2026-08-26 11:38:04] [CMD] qsub -q all.q -l ngpus=1 -v MODEL="InceptionNet",DATASET="Cifar10",ATTACK="BIM",KIND="ALL",PHASE="generate",OUTPUT_DIR="adversarial_results_ep100_pre300" adversarial_hpc_submit.pbs </dev/null
[2026-08-26 11:38:06] [OK] InceptionNet/Cifar100/PGD/ALL
[2026-08-26 11:38:06] [OK] InceptionNet/Cifar100/PGD/ALL
[2026-08-26 11:38:07] [OK] qsub output: Your job 6434301 ("adversarial_hpc_submit.pbs") has been submitted
[2026-08-26 11:38:07] [OK] qsub output: Your job 6434302 ("adversarial_hpc_submit.pbs") has been submitted
[2026-08-26 11:38:07] [SUBMIT] InceptionNet/Cifar100/FGSM/ALL
[2026-08-26 11:38:07] [SUBMIT] InceptionNet/Cifar100/FGSM/ALL
[2026-08-26 11:38:07] [CMD] qsub -q all.q -l ngpus=1 -v MODEL="InceptionNet",DATASET="Cifar100",ATTACK="FGSM",KIND="ALL",PHASE="generate",OUTPUT_DIR="adversarial_results_ep200_pre200" adversarial_hpc_submit.pbs </dev/null
[2026-08-26 11:38:07] [CMD] qsub -q all.q -l ngpus=1 -v MODEL="InceptionNet",DATASET="Cifar100",ATTACK="FGSM",KIND="ALL",PHASE="generate",OUTPUT_DIR="adversarial_results_ep300_pre100" adversarial_hpc_submit.pbs </dev/null
[2026-08-26 11:38:14] [OK] InceptionNet/Cifar10/BIM/ALL
[2026-08-26 11:38:15] [OK] qsub output: Your job 6434304 ("adversarial_hpc_submit.pbs") has been submitted
[2026-08-26 11:38:15] [SUBMIT] InceptionNet/Cifar10/APGD/ALL
[2026-08-26 11:38:15] [CMD] qsub -q all.q -l ngpus=1 -v MODEL="InceptionNet",DATASET="Cifar10",ATTACK="APGD",KIND="ALL",PHASE="generate",OUTPUT_DIR="adversarial_results_ep100_pre300" adversarial_hpc_submit.pbs </dev/null
[2026-08-26 11:38:16] [OK] InceptionNet/Cifar100/FGSM/ALL
[2026-08-26 11:38:16] [OK] qsub output: Your job 6434305 ("adversarial_hpc_submit.pbs") has been submitted
[2026-08-26 11:38:16] [SUBMIT] InceptionNet/Cifar100/IFGSM/ALL
[2026-08-26 11:38:17] [OK] InceptionNet/Cifar10/APGD/ALL
[2026-08-26 11:38:21] [CMD] qsub -q all.q -l ngpus=1 -v MODEL="InceptionNet",DATASET="Cifar100",ATTACK="IFGSM",KIND="ALL",PHASE="generate",OUTPUT_DIR="adversarial_results_ep200_pre200" adversarial_hpc_submit.pbs </dev/null
[2026-08-26 11:38:21] [OK] qsub output: Your job 6434307 ("adversarial_hpc_submit.pbs") has been submitted
[2026-08-26 11:38:21] [SUBMIT] InceptionNet/Cifar10/CW/ALL
[2026-08-26 11:38:22] [CMD] qsub -q all.q -l ngpus=1 -v MODEL="InceptionNet",DATASET="Cifar10",ATTACK="CW",KIND="ALL",PHASE="generate",OUTPUT_DIR="adversarial_results_ep100_pre300" adversarial_hpc_submit.pbs </dev/null
[2026-08-26 11:38:23] [OK] InceptionNet/Cifar100/FGSM/ALL
[2026-08-26 11:38:25] [OK] InceptionNet/Cifar100/IFGSM/ALL
[2026-08-26 11:38:25] [OK] qsub output: Your job 6434306 ("adversarial_hpc_submit.pbs") has been submitted
[2026-08-26 11:38:25] [OK] qsub output: Your job 6434308 ("adversarial_hpc_submit.pbs") has been submitted
[2026-08-26 11:38:25] [SUBMIT] InceptionNet/Cifar100/IFGSM/ALL
[2026-08-26 11:38:25] [SUBMIT] InceptionNet/Cifar100/BIM/ALL
[2026-08-26 11:38:26] [CMD] qsub -q all.q -l ngpus=1 -v MODEL="InceptionNet",DATASET="Cifar100",ATTACK="IFGSM",KIND="ALL",PHASE="generate",OUTPUT_DIR="adversarial_results_ep300_pre100" adversarial_hpc_submit.pbs </dev/null
[2026-08-26 11:38:26] [CMD] qsub -q all.q -l ngpus=1 -v MODEL="InceptionNet",DATASET="Cifar100",ATTACK="BIM",KIND="ALL",PHASE="generate",OUTPUT_DIR="adversarial_results_ep200_pre200" adversarial_hpc_submit.pbs </dev/null
[2026-08-26 11:38:29] [OK] InceptionNet/Cifar10/CW/ALL
[2026-08-26 11:38:29] [OK] qsub output: Your job 6434309 ("adversarial_hpc_submit.pbs") has been submitted
[2026-08-26 11:38:29] [SUBMIT] InceptionNet/Cifar10/DeepFool/ALL
[2026-08-26 11:38:29] [CMD] qsub -q all.q -l ngpus=1 -v MODEL="InceptionNet",DATASET="Cifar10",ATTACK="DeepFool",KIND="ALL",PHASE="generate",OUTPUT_DIR="adversarial_results_ep100_pre300" adversarial_hpc_submit.pbs </dev/null
[2026-08-26 11:38:33] [OK] InceptionNet/Cifar100/IFGSM/ALL
[2026-08-26 11:38:33] [OK] qsub output: Your job 6434311 ("adversarial_hpc_submit.pbs") has been submitted
[2026-08-26 11:38:33] [SUBMIT] InceptionNet/Cifar100/BIM/ALL
[2026-08-26 11:38:33] [CMD] qsub -q all.q -l ngpus=1 -v MODEL="InceptionNet",DATASET="Cifar100",ATTACK="BIM",KIND="ALL",PHASE="generate",OUTPUT_DIR="adversarial_results_ep300_pre100" adversarial_hpc_submit.pbs </dev/null
[2026-08-26 11:38:34] [OK] InceptionNet/Cifar100/BIM/ALL
[2026-08-26 11:38:35] [OK] qsub output: Your job 6434310 ("adversarial_hpc_submit.pbs") has been submitted
[2026-08-26 11:38:35] [SUBMIT] InceptionNet/Cifar100/APGD/ALL
[2026-08-26 11:38:35] [CMD] qsub -q all.q -l ngpus=1 -v MODEL="InceptionNet",DATASET="Cifar100",ATTACK="APGD",KIND="ALL",PHASE="generate",OUTPUT_DIR="adversarial_results_ep200_pre200" adversarial_hpc_submit.pbs </dev/null
[2026-08-26 11:38:37] [OK] InceptionNet/Cifar100/BIM/ALL
[2026-08-26 11:38:37] [OK] qsub output: Your job 6434313 ("adversarial_hpc_submit.pbs") has been submitted
[2026-08-26 11:38:37] [SUBMIT] InceptionNet/Cifar100/APGD/ALL
[2026-08-26 11:38:37] [CMD] qsub -q all.q -l ngpus=1 -v MODEL="InceptionNet",DATASET="Cifar100",ATTACK="APGD",KIND="ALL",PHASE="generate",OUTPUT_DIR="adversarial_results_ep300_pre100" adversarial_hpc_submit.pbs </dev/null
[2026-08-26 11:38:37] [OK] InceptionNet/Cifar10/DeepFool/ALL
[2026-08-26 11:38:37] [OK] qsub output: Your job 6434312 ("adversarial_hpc_submit.pbs") has been submitted
[2026-08-26 11:38:38] [SUBMIT] InceptionNet/Cifar100/PGD/ALL
[2026-08-26 11:38:38] [CMD] qsub -q all.q -l ngpus=1 -v MODEL="InceptionNet",DATASET="Cifar100",ATTACK="PGD",KIND="ALL",PHASE="generate",OUTPUT_DIR="adversarial_results_ep100_pre300" adversarial_hpc_submit.pbs </dev/null
[2026-08-26 11:38:40] [OK] InceptionNet/Cifar100/APGD/ALL
[2026-08-26 11:38:40] [OK] qsub output: Your job 6434315 ("adversarial_hpc_submit.pbs") has been submitted
[2026-08-26 11:38:40] [SUBMIT] InceptionNet/Cifar100/CW/ALL
[2026-08-26 11:38:40] [CMD] qsub -q all.q -l ngpus=1 -v MODEL="InceptionNet",DATASET="Cifar100",ATTACK="CW",KIND="ALL",PHASE="generate",OUTPUT_DIR="adversarial_results_ep300_pre100" adversarial_hpc_submit.pbs </dev/null
[2026-08-26 11:38:41] [OK] InceptionNet/Cifar100/PGD/ALL
[2026-08-26 11:38:41] [OK] qsub output: Your job 6434316 ("adversarial_hpc_submit.pbs") has been submitted
[2026-08-26 11:38:42] [SUBMIT] InceptionNet/Cifar100/FGSM/ALL
[2026-08-26 11:38:42] [CMD] qsub -q all.q -l ngpus=1 -v MODEL="InceptionNet",DATASET="Cifar100",ATTACK="FGSM",KIND="ALL",PHASE="generate",OUTPUT_DIR="adversarial_results_ep100_pre300" adversarial_hpc_submit.pbs </dev/null
[2026-08-26 11:38:42] [OK] InceptionNet/Cifar100/APGD/ALL
[2026-08-26 11:38:42] [OK] qsub output: Your job 6434314 ("adversarial_hpc_submit.pbs") has been submitted
[2026-08-26 11:38:42] [SUBMIT] InceptionNet/Cifar100/CW/ALL
[2026-08-26 11:38:42] [CMD] qsub -q all.q -l ngpus=1 -v MODEL="InceptionNet",DATASET="Cifar100",ATTACK="CW",KIND="ALL",PHASE="generate",OUTPUT_DIR="adversarial_results_ep200_pre200" adversarial_hpc_submit.pbs </dev/null
[2026-08-26 11:38:43] [OK] InceptionNet/Cifar100/FGSM/ALL
[2026-08-26 11:38:44] [OK] qsub output: Your job 6434318 ("adversarial_hpc_submit.pbs") has been submitted
[2026-08-26 11:38:44] [SUBMIT] InceptionNet/Cifar100/IFGSM/ALL
[2026-08-26 11:38:44] [CMD] qsub -q all.q -l ngpus=1 -v MODEL="InceptionNet",DATASET="Cifar100",ATTACK="IFGSM",KIND="ALL",PHASE="generate",OUTPUT_DIR="adversarial_results_ep100_pre300" adversarial_hpc_submit.pbs </dev/null
[2026-08-26 11:38:49] [OK] InceptionNet/Cifar100/CW/ALL
[2026-08-26 11:38:49] [OK] qsub output: Your job 6434319 ("adversarial_hpc_submit.pbs") has been submitted
[2026-08-26 11:38:49] [SUBMIT] InceptionNet/Cifar100/DeepFool/ALL
[2026-08-26 11:38:49] [CMD] qsub -q all.q -l ngpus=1 -v MODEL="InceptionNet",DATASET="Cifar100",ATTACK="DeepFool",KIND="ALL",PHASE="generate",OUTPUT_DIR="adversarial_results_ep200_pre200" adversarial_hpc_submit.pbs </dev/null
[2026-08-26 11:38:51] [OK] InceptionNet/Cifar100/CW/ALL
[2026-08-26 11:38:52] [OK] qsub output: Your job 6434317 ("adversarial_hpc_submit.pbs") has been submitted
[2026-08-26 11:38:52] [SUBMIT] InceptionNet/Cifar100/DeepFool/ALL
[2026-08-26 11:38:52] [CMD] qsub -q all.q -l ngpus=1 -v MODEL="InceptionNet",DATASET="Cifar100",ATTACK="DeepFool",KIND="ALL",PHASE="generate",OUTPUT_DIR="adversarial_results_ep300_pre100" adversarial_hpc_submit.pbs </dev/null
[2026-08-26 11:38:57] [OK] InceptionNet/Cifar100/DeepFool/ALL
[2026-08-26 11:38:58] [OK] InceptionNet/Cifar100/IFGSM/ALL
[2026-08-26 11:39:00] [OK] qsub output: Your job 6434321 ("adversarial_hpc_submit.pbs") has been submitted
[2026-08-26 11:39:00] [OK] qsub output: Your job 6434320 ("adversarial_hpc_submit.pbs") has been submitted
[2026-08-26 11:39:01] [SUBMIT] MobileNet/Cifar10/PGD/ALL
[2026-08-26 11:39:02] [SUBMIT] InceptionNet/Cifar100/BIM/ALL
[2026-08-26 11:39:02] [CMD] qsub -q all.q -l ngpus=1 -v MODEL="MobileNet",DATASET="Cifar10",ATTACK="PGD",KIND="ALL",PHASE="generate",OUTPUT_DIR="adversarial_results_ep200_pre200" adversarial_hpc_submit.pbs </dev/null
[2026-08-26 11:39:03] [CMD] qsub -q all.q -l ngpus=1 -v MODEL="InceptionNet",DATASET="Cifar100",ATTACK="BIM",KIND="ALL",PHASE="generate",OUTPUT_DIR="adversarial_results_ep100_pre300" adversarial_hpc_submit.pbs </dev/null
[2026-08-26 11:39:05] [OK] InceptionNet/Cifar100/DeepFool/ALL
[2026-08-26 11:39:05] [OK] qsub output: Your job 6434322 ("adversarial_hpc_submit.pbs") has been submitted
[2026-08-26 11:39:05] [SUBMIT] MobileNet/Cifar10/PGD/ALL
[2026-08-26 11:39:06] [CMD] qsub -q all.q -l ngpus=1 -v MODEL="MobileNet",DATASET="Cifar10",ATTACK="PGD",KIND="ALL",PHASE="generate",OUTPUT_DIR="adversarial_results_ep300_pre100" adversarial_hpc_submit.pbs </dev/null
[2026-08-26 11:39:06] [OK] InceptionNet/Cifar100/BIM/ALL
[2026-08-26 11:39:06] [OK] qsub output: Your job 6434324 ("adversarial_hpc_submit.pbs") has been submitted
[2026-08-26 11:39:06] [SUBMIT] InceptionNet/Cifar100/APGD/ALL
[2026-08-26 11:39:06] [CMD] qsub -q all.q -l ngpus=1 -v MODEL="InceptionNet",DATASET="Cifar100",ATTACK="APGD",KIND="ALL",PHASE="generate",OUTPUT_DIR="adversarial_results_ep100_pre300" adversarial_hpc_submit.pbs </dev/null
[2026-08-26 11:39:11] [OK] MobileNet/Cifar10/PGD/ALL
[2026-08-26 11:39:11] [OK] qsub output: Your job 6434323 ("adversarial_hpc_submit.pbs") has been submitted
[2026-08-26 11:39:11] [SUBMIT] MobileNet/Cifar10/FGSM/ALL
[2026-08-26 11:39:11] [CMD] qsub -q all.q -l ngpus=1 -v MODEL="MobileNet",DATASET="Cifar10",ATTACK="FGSM",KIND="ALL",PHASE="generate",OUTPUT_DIR="adversarial_results_ep200_pre200" adversarial_hpc_submit.pbs </dev/null
[2026-08-26 11:39:14] [OK] InceptionNet/Cifar100/APGD/ALL
[2026-08-26 11:39:14] [OK] MobileNet/Cifar10/PGD/ALL
[2026-08-26 11:39:15] [OK] qsub output: Your job 6434326 ("adversarial_hpc_submit.pbs") has been submitted
[2026-08-26 11:39:16] [OK] qsub output: Your job 6434325 ("adversarial_hpc_submit.pbs") has been submitted
[2026-08-26 11:39:17] [SUBMIT] InceptionNet/Cifar100/CW/ALL
[2026-08-26 11:39:17] [SUBMIT] MobileNet/Cifar10/FGSM/ALL
[2026-08-26 11:39:17] [CMD] qsub -q all.q -l ngpus=1 -v MODEL="InceptionNet",DATASET="Cifar100",ATTACK="CW",KIND="ALL",PHASE="generate",OUTPUT_DIR="adversarial_results_ep100_pre300" adversarial_hpc_submit.pbs </dev/null
[2026-08-26 11:39:17] [CMD] qsub -q all.q -l ngpus=1 -v MODEL="MobileNet",DATASET="Cifar10",ATTACK="FGSM",KIND="ALL",PHASE="generate",OUTPUT_DIR="adversarial_results_ep300_pre100" adversarial_hpc_submit.pbs </dev/null
[2026-08-26 11:39:21] [OK] MobileNet/Cifar10/FGSM/ALL
[2026-08-26 11:39:21] [OK] qsub output: Your job 6434327 ("adversarial_hpc_submit.pbs") has been submitted
[2026-08-26 11:39:21] [SUBMIT] MobileNet/Cifar10/IFGSM/ALL
[2026-08-26 11:39:21] [CMD] qsub -q all.q -l ngpus=1 -v MODEL="MobileNet",DATASET="Cifar10",ATTACK="IFGSM",KIND="ALL",PHASE="generate",OUTPUT_DIR="adversarial_results_ep200_pre200" adversarial_hpc_submit.pbs </dev/null
[2026-08-26 11:39:25] [OK] MobileNet/Cifar10/FGSM/ALL
[2026-08-26 11:39:25] [OK] qsub output: Your job 6434329 ("adversarial_hpc_submit.pbs") has been submitted
[2026-08-26 11:39:25] [SUBMIT] MobileNet/Cifar10/IFGSM/ALL
[2026-08-26 11:39:25] [CMD] qsub -q all.q -l ngpus=1 -v MODEL="MobileNet",DATASET="Cifar10",ATTACK="IFGSM",KIND="ALL",PHASE="generate",OUTPUT_DIR="adversarial_results_ep300_pre100" adversarial_hpc_submit.pbs </dev/null
[2026-08-26 11:39:26] [OK] InceptionNet/Cifar100/CW/ALL
[2026-08-26 11:39:26] [OK] qsub output: Your job 6434328 ("adversarial_hpc_submit.pbs") has been submitted
[2026-08-26 11:39:26] [SUBMIT] InceptionNet/Cifar100/DeepFool/ALL
[2026-08-26 11:39:26] [CMD] qsub -q all.q -l ngpus=1 -v MODEL="InceptionNet",DATASET="Cifar100",ATTACK="DeepFool",KIND="ALL",PHASE="generate",OUTPUT_DIR="adversarial_results_ep100_pre300" adversarial_hpc_submit.pbs </dev/null
[2026-08-26 11:39:34] [OK] MobileNet/Cifar10/IFGSM/ALL
[2026-08-26 11:39:34] [OK] qsub output: Your job 6434330 ("adversarial_hpc_submit.pbs") has been submitted
[2026-08-26 11:39:34] [SUBMIT] MobileNet/Cifar10/BIM/ALL
[2026-08-26 11:39:34] [CMD] qsub -q all.q -l ngpus=1 -v MODEL="MobileNet",DATASET="Cifar10",ATTACK="BIM",KIND="ALL",PHASE="generate",OUTPUT_DIR="adversarial_results_ep200_pre200" adversarial_hpc_submit.pbs </dev/null
[2026-08-26 11:39:35] [OK] MobileNet/Cifar10/IFGSM/ALL
[2026-08-26 11:39:35] [OK] qsub output: Your job 6434331 ("adversarial_hpc_submit.pbs") has been submitted
[2026-08-26 11:39:35] [SUBMIT] MobileNet/Cifar10/BIM/ALL
[2026-08-26 11:39:35] [CMD] qsub -q all.q -l ngpus=1 -v MODEL="MobileNet",DATASET="Cifar10",ATTACK="BIM",KIND="ALL",PHASE="generate",OUTPUT_DIR="adversarial_results_ep300_pre100" adversarial_hpc_submit.pbs </dev/null
[2026-08-26 11:39:40] [OK] InceptionNet/Cifar100/DeepFool/ALL
[2026-08-26 11:39:40] [OK] qsub output: Your job 6434332 ("adversarial_hpc_submit.pbs") has been submitted
[2026-08-26 11:39:40] [SUBMIT] MobileNet/Cifar10/PGD/ALL
[2026-08-26 11:39:40] [CMD] qsub -q all.q -l ngpus=1 -v MODEL="MobileNet",DATASET="Cifar10",ATTACK="PGD",KIND="ALL",PHASE="generate",OUTPUT_DIR="adversarial_results_ep100_pre300" adversarial_hpc_submit.pbs </dev/null
[2026-08-26 11:39:42] [OK] MobileNet/Cifar10/BIM/ALL
[2026-08-26 11:39:43] [OK] qsub output: Your job 6434333 ("adversarial_hpc_submit.pbs") has been submitted
[2026-08-26 11:39:44] [OK] MobileNet/Cifar10/PGD/ALL
[2026-08-26 11:39:44] [SUBMIT] MobileNet/Cifar10/APGD/ALL
[2026-08-26 11:39:44] [OK] qsub output: Your job 6434335 ("adversarial_hpc_submit.pbs") has been submitted
[2026-08-26 11:39:44] [CMD] qsub -q all.q -l ngpus=1 -v MODEL="MobileNet",DATASET="Cifar10",ATTACK="APGD",KIND="ALL",PHASE="generate",OUTPUT_DIR="adversarial_results_ep200_pre200" adversarial_hpc_submit.pbs </dev/null
[2026-08-26 11:39:44] [SUBMIT] MobileNet/Cifar10/FGSM/ALL
[2026-08-26 11:39:44] [CMD] qsub -q all.q -l ngpus=1 -v MODEL="MobileNet",DATASET="Cifar10",ATTACK="FGSM",KIND="ALL",PHASE="generate",OUTPUT_DIR="adversarial_results_ep100_pre300" adversarial_hpc_submit.pbs </dev/null
[2026-08-26 11:39:46] [OK] MobileNet/Cifar10/APGD/ALL
[2026-08-26 11:39:46] [OK] qsub output: Your job 6434336 ("adversarial_hpc_submit.pbs") has been submitted
[2026-08-26 11:39:46] [SUBMIT] MobileNet/Cifar10/CW/ALL
[2026-08-26 11:39:46] [CMD] qsub -q all.q -l ngpus=1 -v MODEL="MobileNet",DATASET="Cifar10",ATTACK="CW",KIND="ALL",PHASE="generate",OUTPUT_DIR="adversarial_results_ep200_pre200" adversarial_hpc_submit.pbs </dev/null
[2026-08-26 11:39:47] [OK] MobileNet/Cifar10/BIM/ALL
[2026-08-26 11:39:47] [OK] qsub output: Your job 6434334 ("adversarial_hpc_submit.pbs") has been submitted
[2026-08-26 11:39:48] [SUBMIT] MobileNet/Cifar10/APGD/ALL
[2026-08-26 11:39:48] [CMD] qsub -q all.q -l ngpus=1 -v MODEL="MobileNet",DATASET="Cifar10",ATTACK="APGD",KIND="ALL",PHASE="generate",OUTPUT_DIR="adversarial_results_ep300_pre100" adversarial_hpc_submit.pbs </dev/null
[2026-08-26 11:39:51] [OK] MobileNet/Cifar10/CW/ALL
[2026-08-26 11:39:51] [OK] qsub output: Your job 6434338 ("adversarial_hpc_submit.pbs") has been submitted
[2026-08-26 11:39:51] [SUBMIT] MobileNet/Cifar10/DeepFool/ALL
[2026-08-26 11:39:51] [CMD] qsub -q all.q -l ngpus=1 -v MODEL="MobileNet",DATASET="Cifar10",ATTACK="DeepFool",KIND="ALL",PHASE="generate",OUTPUT_DIR="adversarial_results_ep200_pre200" adversarial_hpc_submit.pbs </dev/null
[2026-08-26 11:39:53] [OK] MobileNet/Cifar10/FGSM/ALL
[2026-08-26 11:39:53] [OK] qsub output: Your job 6434337 ("adversarial_hpc_submit.pbs") has been submitted
[2026-08-26 11:39:53] [SUBMIT] MobileNet/Cifar10/IFGSM/ALL
[2026-08-26 11:39:53] [CMD] qsub -q all.q -l ngpus=1 -v MODEL="MobileNet",DATASET="Cifar10",ATTACK="IFGSM",KIND="ALL",PHASE="generate",OUTPUT_DIR="adversarial_results_ep100_pre300" adversarial_hpc_submit.pbs </dev/null
[2026-08-26 11:39:57] [OK] MobileNet/Cifar10/APGD/ALL
[2026-08-26 11:39:58] [OK] qsub output: Your job 6434339 ("adversarial_hpc_submit.pbs") has been submitted
[2026-08-26 11:39:59] [SUBMIT] MobileNet/Cifar10/CW/ALL
[2026-08-26 11:39:59] [CMD] qsub -q all.q -l ngpus=1 -v MODEL="MobileNet",DATASET="Cifar10",ATTACK="CW",KIND="ALL",PHASE="generate",OUTPUT_DIR="adversarial_results_ep300_pre100" adversarial_hpc_submit.pbs </dev/null
[2026-08-26 11:39:59] [OK] MobileNet/Cifar10/DeepFool/ALL
[2026-08-26 11:39:59] [OK] qsub output: Your job 6434340 ("adversarial_hpc_submit.pbs") has been submitted
[2026-08-26 11:39:59] [SUBMIT] MobileNet/Cifar100/PGD/ALL
[2026-08-26 11:39:59] [CMD] qsub -q all.q -l ngpus=1 -v MODEL="MobileNet",DATASET="Cifar100",ATTACK="PGD",KIND="ALL",PHASE="generate",OUTPUT_DIR="adversarial_results_ep200_pre200" adversarial_hpc_submit.pbs </dev/null
[2026-08-26 11:39:59] [OK] MobileNet/Cifar10/IFGSM/ALL
[2026-08-26 11:39:59] [OK] qsub output: Your job 6434341 ("adversarial_hpc_submit.pbs") has been submitted
[2026-08-26 11:40:00] [SUBMIT] MobileNet/Cifar10/BIM/ALL
[2026-08-26 11:40:00] [CMD] qsub -q all.q -l ngpus=1 -v MODEL="MobileNet",DATASET="Cifar10",ATTACK="BIM",KIND="ALL",PHASE="generate",OUTPUT_DIR="adversarial_results_ep100_pre300" adversarial_hpc_submit.pbs </dev/null
[2026-08-26 11:40:01] [OK] MobileNet/Cifar100/PGD/ALL
[2026-08-26 11:40:01] [OK] qsub output: Your job 6434343 ("adversarial_hpc_submit.pbs") has been submitted
[2026-08-26 11:40:01] [SUBMIT] MobileNet/Cifar100/FGSM/ALL
[2026-08-26 11:40:01] [CMD] qsub -q all.q -l ngpus=1 -v MODEL="MobileNet",DATASET="Cifar100",ATTACK="FGSM",KIND="ALL",PHASE="generate",OUTPUT_DIR="adversarial_results_ep200_pre200" adversarial_hpc_submit.pbs </dev/null
[2026-08-26 11:40:04] [OK] MobileNet/Cifar10/CW/ALL
[2026-08-26 11:40:04] [OK] qsub output: Your job 6434342 ("adversarial_hpc_submit.pbs") has been submitted
[2026-08-26 11:40:04] [SUBMIT] MobileNet/Cifar10/DeepFool/ALL
[2026-08-26 11:40:04] [CMD] qsub -q all.q -l ngpus=1 -v MODEL="MobileNet",DATASET="Cifar10",ATTACK="DeepFool",KIND="ALL",PHASE="generate",OUTPUT_DIR="adversarial_results_ep300_pre100" adversarial_hpc_submit.pbs </dev/null
[2026-08-26 11:40:06] [OK] MobileNet/Cifar100/FGSM/ALL
[2026-08-26 11:40:09] [OK] MobileNet/Cifar10/BIM/ALL
[2026-08-26 11:40:10] [OK] qsub output: Your job 6434345 ("adversarial_hpc_submit.pbs") has been submitted
[2026-08-26 11:40:11] [OK] qsub output: Your job 6434344 ("adversarial_hpc_submit.pbs") has been submitted
[2026-08-26 11:40:11] [SUBMIT] MobileNet/Cifar100/IFGSM/ALL
[2026-08-26 11:40:11] [CMD] qsub -q all.q -l ngpus=1 -v MODEL="MobileNet",DATASET="Cifar100",ATTACK="IFGSM",KIND="ALL",PHASE="generate",OUTPUT_DIR="adversarial_results_ep200_pre200" adversarial_hpc_submit.pbs </dev/null
[2026-08-26 11:40:11] [SUBMIT] MobileNet/Cifar10/APGD/ALL
[2026-08-26 11:40:11] [CMD] qsub -q all.q -l ngpus=1 -v MODEL="MobileNet",DATASET="Cifar10",ATTACK="APGD",KIND="ALL",PHASE="generate",OUTPUT_DIR="adversarial_results_ep100_pre300" adversarial_hpc_submit.pbs </dev/null
[2026-08-26 11:40:18] [OK] MobileNet/Cifar10/DeepFool/ALL
[2026-08-26 11:40:19] [OK] qsub output: Your job 6434347 ("adversarial_hpc_submit.pbs") has been submitted
[2026-08-26 11:40:19] [SUBMIT] MobileNet/Cifar100/PGD/ALL
[2026-08-26 11:40:19] [CMD] qsub -q all.q -l ngpus=1 -v MODEL="MobileNet",DATASET="Cifar100",ATTACK="PGD",KIND="ALL",PHASE="generate",OUTPUT_DIR="adversarial_results_ep300_pre100" adversarial_hpc_submit.pbs </dev/null
[2026-08-26 11:40:23] [OK] MobileNet/Cifar100/IFGSM/ALL
[2026-08-26 11:40:23] [OK] qsub output: Your job 6434348 ("adversarial_hpc_submit.pbs") has been submitted
[2026-08-26 11:40:23] [SUBMIT] MobileNet/Cifar100/BIM/ALL
[2026-08-26 11:40:24] [CMD] qsub -q all.q -l ngpus=1 -v MODEL="MobileNet",DATASET="Cifar100",ATTACK="BIM",KIND="ALL",PHASE="generate",OUTPUT_DIR="adversarial_results_ep200_pre200" adversarial_hpc_submit.pbs </dev/null
[2026-08-26 11:40:24] [OK] MobileNet/Cifar10/APGD/ALL
[2026-08-26 11:40:26] [OK] qsub output: Your job 6434349 ("adversarial_hpc_submit.pbs") has been submitted
[2026-08-26 11:40:26] [SUBMIT] MobileNet/Cifar10/CW/ALL
[2026-08-26 11:40:26] [CMD] qsub -q all.q -l ngpus=1 -v MODEL="MobileNet",DATASET="Cifar10",ATTACK="CW",KIND="ALL",PHASE="generate",OUTPUT_DIR="adversarial_results_ep100_pre300" adversarial_hpc_submit.pbs </dev/null
[2026-08-26 11:40:30] [OK] MobileNet/Cifar100/PGD/ALL
[2026-08-26 11:40:30] [OK] qsub output: Your job 6434350 ("adversarial_hpc_submit.pbs") has been submitted
[2026-08-26 11:40:30] [SUBMIT] MobileNet/Cifar100/FGSM/ALL
[2026-08-26 11:40:30] [CMD] qsub -q all.q -l ngpus=1 -v MODEL="MobileNet",DATASET="Cifar100",ATTACK="FGSM",KIND="ALL",PHASE="generate",OUTPUT_DIR="adversarial_results_ep300_pre100" adversarial_hpc_submit.pbs </dev/null
[2026-08-26 11:40:31] [OK] MobileNet/Cifar100/BIM/ALL
[2026-08-26 11:40:31] [OK] qsub output: Your job 6434351 ("adversarial_hpc_submit.pbs") has been submitted
[2026-08-26 11:40:31] [SUBMIT] MobileNet/Cifar100/APGD/ALL
[2026-08-26 11:40:31] [CMD] qsub -q all.q -l ngpus=1 -v MODEL="MobileNet",DATASET="Cifar100",ATTACK="APGD",KIND="ALL",PHASE="generate",OUTPUT_DIR="adversarial_results_ep200_pre200" adversarial_hpc_submit.pbs </dev/null
[2026-08-26 11:40:33] [OK] MobileNet/Cifar10/CW/ALL
[2026-08-26 11:40:34] [OK] qsub output: Your job 6434352 ("adversarial_hpc_submit.pbs") has been submitted
[2026-08-26 11:40:34] [SUBMIT] MobileNet/Cifar10/DeepFool/ALL
[2026-08-26 11:40:34] [CMD] qsub -q all.q -l ngpus=1 -v MODEL="MobileNet",DATASET="Cifar10",ATTACK="DeepFool",KIND="ALL",PHASE="generate",OUTPUT_DIR="adversarial_results_ep100_pre300" adversarial_hpc_submit.pbs </dev/null
[2026-08-26 11:40:36] [OK] MobileNet/Cifar100/FGSM/ALL
[2026-08-26 11:40:36] [OK] qsub output: Your job 6434353 ("adversarial_hpc_submit.pbs") has been submitted
[2026-08-26 11:40:37] [SUBMIT] MobileNet/Cifar100/IFGSM/ALL
[2026-08-26 11:40:37] [CMD] qsub -q all.q -l ngpus=1 -v MODEL="MobileNet",DATASET="Cifar100",ATTACK="IFGSM",KIND="ALL",PHASE="generate",OUTPUT_DIR="adversarial_results_ep300_pre100" adversarial_hpc_submit.pbs </dev/null
[2026-08-26 11:40:43] [OK] MobileNet/Cifar100/APGD/ALL
[2026-08-26 11:40:46] [OK] qsub output: Your job 6434354 ("adversarial_hpc_submit.pbs") has been submitted
[2026-08-26 11:40:46] [SUBMIT] MobileNet/Cifar100/CW/ALL
[2026-08-26 11:40:46] [CMD] qsub -q all.q -l ngpus=1 -v MODEL="MobileNet",DATASET="Cifar100",ATTACK="CW",KIND="ALL",PHASE="generate",OUTPUT_DIR="adversarial_results_ep200_pre200" adversarial_hpc_submit.pbs </dev/null
[2026-08-26 11:40:46] [OK] MobileNet/Cifar10/DeepFool/ALL
[2026-08-26 11:40:47] [OK] MobileNet/Cifar100/IFGSM/ALL
[2026-08-26 11:40:48] [OK] qsub output: Your job 6434356 ("adversarial_hpc_submit.pbs") has been submitted
[2026-08-26 11:40:49] [OK] qsub output: Your job 6434357 ("adversarial_hpc_submit.pbs") has been submitted
[2026-08-26 11:40:49] [SUBMIT] MobileNet/Cifar100/PGD/ALL
[2026-08-26 11:40:49] [SUBMIT] MobileNet/Cifar100/BIM/ALL
[2026-08-26 11:40:49] [CMD] qsub -q all.q -l ngpus=1 -v MODEL="MobileNet",DATASET="Cifar100",ATTACK="PGD",KIND="ALL",PHASE="generate",OUTPUT_DIR="adversarial_results_ep100_pre300" adversarial_hpc_submit.pbs </dev/null
[2026-08-26 11:40:49] [CMD] qsub -q all.q -l ngpus=1 -v MODEL="MobileNet",DATASET="Cifar100",ATTACK="BIM",KIND="ALL",PHASE="generate",OUTPUT_DIR="adversarial_results_ep300_pre100" adversarial_hpc_submit.pbs </dev/null
[2026-08-26 11:40:50] [OK] MobileNet/Cifar100/CW/ALL
[2026-08-26 11:40:50] [OK] qsub output: Your job 6434359 ("adversarial_hpc_submit.pbs") has been submitted
[2026-08-26 11:40:50] [SUBMIT] MobileNet/Cifar100/DeepFool/ALL
[2026-08-26 11:40:50] [CMD] qsub -q all.q -l ngpus=1 -v MODEL="MobileNet",DATASET="Cifar100",ATTACK="DeepFool",KIND="ALL",PHASE="generate",OUTPUT_DIR="adversarial_results_ep200_pre200" adversarial_hpc_submit.pbs </dev/null
[2026-08-26 11:40:53] [OK] MobileNet/Cifar100/BIM/ALL
[2026-08-26 11:40:54] [OK] qsub output: Your job 6434360 ("adversarial_hpc_submit.pbs") has been submitted
[2026-08-26 11:40:54] [SUBMIT] MobileNet/Cifar100/APGD/ALL
[2026-08-26 11:40:54] [CMD] qsub -q all.q -l ngpus=1 -v MODEL="MobileNet",DATASET="Cifar100",ATTACK="APGD",KIND="ALL",PHASE="generate",OUTPUT_DIR="adversarial_results_ep300_pre100" adversarial_hpc_submit.pbs </dev/null
[2026-08-26 11:41:00] [OK] MobileNet/Cifar100/PGD/ALL
[2026-08-26 11:41:00] [OK] qsub output: Your job 6434361 ("adversarial_hpc_submit.pbs") has been submitted
[2026-08-26 11:41:00] [SUBMIT] MobileNet/Cifar100/FGSM/ALL
[2026-08-26 11:41:00] [CMD] qsub -q all.q -l ngpus=1 -v MODEL="MobileNet",DATASET="Cifar100",ATTACK="FGSM",KIND="ALL",PHASE="generate",OUTPUT_DIR="adversarial_results_ep100_pre300" adversarial_hpc_submit.pbs </dev/null
[2026-08-26 11:41:02] [OK] MobileNet/Cifar100/DeepFool/ALL
[2026-08-26 11:41:03] [OK] qsub output: Your job 6434362 ("adversarial_hpc_submit.pbs") has been submitted
[2026-08-26 11:41:03] [SUBMIT] XceptionNet/Cifar10/PGD/ALL
[2026-08-26 11:41:03] [CMD] qsub -q all.q -l ngpus=1 -v MODEL="XceptionNet",DATASET="Cifar10",ATTACK="PGD",KIND="ALL",PHASE="generate",OUTPUT_DIR="adversarial_results_ep200_pre200" adversarial_hpc_submit.pbs </dev/null
[2026-08-26 11:41:04] [OK] MobileNet/Cifar100/APGD/ALL
[2026-08-26 11:41:04] [OK] qsub output: Your job 6434363 ("adversarial_hpc_submit.pbs") has been submitted
[2026-08-26 11:41:04] [SUBMIT] MobileNet/Cifar100/CW/ALL
[2026-08-26 11:41:04] [CMD] qsub -q all.q -l ngpus=1 -v MODEL="MobileNet",DATASET="Cifar100",ATTACK="CW",KIND="ALL",PHASE="generate",OUTPUT_DIR="adversarial_results_ep300_pre100" adversarial_hpc_submit.pbs </dev/null
[2026-08-26 11:41:08] [OK] XceptionNet/Cifar10/PGD/ALL
[2026-08-26 11:41:09] [OK] qsub output: Your job 6434365 ("adversarial_hpc_submit.pbs") has been submitted
[2026-08-26 11:41:09] [SUBMIT] XceptionNet/Cifar10/FGSM/ALL
[2026-08-26 11:41:09] [CMD] qsub -q all.q -l ngpus=1 -v MODEL="XceptionNet",DATASET="Cifar10",ATTACK="FGSM",KIND="ALL",PHASE="generate",OUTPUT_DIR="adversarial_results_ep200_pre200" adversarial_hpc_submit.pbs </dev/null
[2026-08-26 11:41:10] [OK] MobileNet/Cifar100/FGSM/ALL
[2026-08-26 11:41:10] [OK] qsub output: Your job 6434364 ("adversarial_hpc_submit.pbs") has been submitted
[2026-08-26 11:41:10] [SUBMIT] MobileNet/Cifar100/IFGSM/ALL
[2026-08-26 11:41:10] [CMD] qsub -q all.q -l ngpus=1 -v MODEL="MobileNet",DATASET="Cifar100",ATTACK="IFGSM",KIND="ALL",PHASE="generate",OUTPUT_DIR="adversarial_results_ep100_pre300" adversarial_hpc_submit.pbs </dev/null
[2026-08-26 11:41:11] [OK] MobileNet/Cifar100/CW/ALL
[2026-08-26 11:41:12] [OK] qsub output: Your job 6434366 ("adversarial_hpc_submit.pbs") has been submitted
[2026-08-26 11:41:12] [SUBMIT] MobileNet/Cifar100/DeepFool/ALL
[2026-08-26 11:41:12] [CMD] qsub -q all.q -l ngpus=1 -v MODEL="MobileNet",DATASET="Cifar100",ATTACK="DeepFool",KIND="ALL",PHASE="generate",OUTPUT_DIR="adversarial_results_ep300_pre100" adversarial_hpc_submit.pbs </dev/null
[2026-08-26 11:41:21] [OK] XceptionNet/Cifar10/FGSM/ALL
[2026-08-26 11:41:21] [OK] qsub output: Your job 6434368 ("adversarial_hpc_submit.pbs") has been submitted
[2026-08-26 11:41:21] [SUBMIT] XceptionNet/Cifar10/IFGSM/ALL
[2026-08-26 11:41:21] [CMD] qsub -q all.q -l ngpus=1 -v MODEL="XceptionNet",DATASET="Cifar10",ATTACK="IFGSM",KIND="ALL",PHASE="generate",OUTPUT_DIR="adversarial_results_ep200_pre200" adversarial_hpc_submit.pbs </dev/null
[2026-08-26 11:41:24] [OK] MobileNet/Cifar100/IFGSM/ALL
[2026-08-26 11:41:24] [OK] qsub output: Your job 6434370 ("adversarial_hpc_submit.pbs") has been submitted
[2026-08-26 11:41:25] [SUBMIT] MobileNet/Cifar100/BIM/ALL
[2026-08-26 11:41:25] [CMD] qsub -q all.q -l ngpus=1 -v MODEL="MobileNet",DATASET="Cifar100",ATTACK="BIM",KIND="ALL",PHASE="generate",OUTPUT_DIR="adversarial_results_ep100_pre300" adversarial_hpc_submit.pbs </dev/null
[2026-08-26 11:41:27] [OK] MobileNet/Cifar100/DeepFool/ALL
[2026-08-26 11:41:28] [OK] qsub output: Your job 6434371 ("adversarial_hpc_submit.pbs") has been submitted
[2026-08-26 11:41:28] [SUBMIT] XceptionNet/Cifar10/PGD/ALL
[2026-08-26 11:41:28] [CMD] qsub -q all.q -l ngpus=1 -v MODEL="XceptionNet",DATASET="Cifar10",ATTACK="PGD",KIND="ALL",PHASE="generate",OUTPUT_DIR="adversarial_results_ep300_pre100" adversarial_hpc_submit.pbs </dev/null
[2026-08-26 11:41:31] [OK] XceptionNet/Cifar10/IFGSM/ALL
[2026-08-26 11:41:31] [OK] qsub output: Your job 6434373 ("adversarial_hpc_submit.pbs") has been submitted
[2026-08-26 11:41:31] [SUBMIT] XceptionNet/Cifar10/BIM/ALL
[2026-08-26 11:41:31] [CMD] qsub -q all.q -l ngpus=1 -v MODEL="XceptionNet",DATASET="Cifar10",ATTACK="BIM",KIND="ALL",PHASE="generate",OUTPUT_DIR="adversarial_results_ep200_pre200" adversarial_hpc_submit.pbs </dev/null
[2026-08-26 11:41:40] [OK] MobileNet/Cifar100/BIM/ALL
[2026-08-26 11:41:40] [OK] qsub output: Your job 6434374 ("adversarial_hpc_submit.pbs") has been submitted
[2026-08-26 11:41:40] [SUBMIT] MobileNet/Cifar100/APGD/ALL
[2026-08-26 11:41:40] [CMD] qsub -q all.q -l ngpus=1 -v MODEL="MobileNet",DATASET="Cifar100",ATTACK="APGD",KIND="ALL",PHASE="generate",OUTPUT_DIR="adversarial_results_ep100_pre300" adversarial_hpc_submit.pbs </dev/null
[2026-08-26 11:41:42] [OK] XceptionNet/Cifar10/PGD/ALL
[2026-08-26 11:41:42] [OK] qsub output: Your job 6434375 ("adversarial_hpc_submit.pbs") has been submitted
[2026-08-26 11:41:42] [SUBMIT] XceptionNet/Cifar10/FGSM/ALL
[2026-08-26 11:41:42] [CMD] qsub -q all.q -l ngpus=1 -v MODEL="XceptionNet",DATASET="Cifar10",ATTACK="FGSM",KIND="ALL",PHASE="generate",OUTPUT_DIR="adversarial_results_ep300_pre100" adversarial_hpc_submit.pbs </dev/null
[2026-08-26 11:41:43] [OK] XceptionNet/Cifar10/BIM/ALL
[2026-08-26 11:41:43] [OK] qsub output: Your job 6434376 ("adversarial_hpc_submit.pbs") has been submitted
[2026-08-26 11:41:43] [SUBMIT] XceptionNet/Cifar10/APGD/ALL
[2026-08-26 11:41:43] [CMD] qsub -q all.q -l ngpus=1 -v MODEL="XceptionNet",DATASET="Cifar10",ATTACK="APGD",KIND="ALL",PHASE="generate",OUTPUT_DIR="adversarial_results_ep200_pre200" adversarial_hpc_submit.pbs </dev/null
[2026-08-26 11:41:52] [OK] XceptionNet/Cifar10/FGSM/ALL
[2026-08-26 11:41:52] [OK] qsub output: Your job 6434379 ("adversarial_hpc_submit.pbs") has been submitted
[2026-08-26 11:41:52] [SUBMIT] XceptionNet/Cifar10/IFGSM/ALL
[2026-08-26 11:41:52] [CMD] qsub -q all.q -l ngpus=1 -v MODEL="XceptionNet",DATASET="Cifar10",ATTACK="IFGSM",KIND="ALL",PHASE="generate",OUTPUT_DIR="adversarial_results_ep300_pre100" adversarial_hpc_submit.pbs </dev/null
[2026-08-26 11:41:53] [OK] MobileNet/Cifar100/APGD/ALL
[2026-08-26 11:41:53] [OK] qsub output: Your job 6434378 ("adversarial_hpc_submit.pbs") has been submitted
[2026-08-26 11:41:53] [SUBMIT] MobileNet/Cifar100/CW/ALL
[2026-08-26 11:41:53] [CMD] qsub -q all.q -l ngpus=1 -v MODEL="MobileNet",DATASET="Cifar100",ATTACK="CW",KIND="ALL",PHASE="generate",OUTPUT_DIR="adversarial_results_ep100_pre300" adversarial_hpc_submit.pbs </dev/null
[2026-08-26 11:42:01] [OK] XceptionNet/Cifar10/APGD/ALL
[2026-08-26 11:42:01] [OK] qsub output: Your job 6434380 ("adversarial_hpc_submit.pbs") has been submitted
[2026-08-26 11:42:01] [SUBMIT] XceptionNet/Cifar10/CW/ALL
[2026-08-26 11:42:02] [CMD] qsub -q all.q -l ngpus=1 -v MODEL="XceptionNet",DATASET="Cifar10",ATTACK="CW",KIND="ALL",PHASE="generate",OUTPUT_DIR="adversarial_results_ep200_pre200" adversarial_hpc_submit.pbs </dev/null
[2026-08-26 11:42:03] [OK] MobileNet/Cifar100/CW/ALL
[2026-08-26 11:42:03] [OK] qsub output: Your job 6434383 ("adversarial_hpc_submit.pbs") has been submitted
[2026-08-26 11:42:03] [SUBMIT] MobileNet/Cifar100/DeepFool/ALL
[2026-08-26 11:42:03] [CMD] qsub -q all.q -l ngpus=1 -v MODEL="MobileNet",DATASET="Cifar100",ATTACK="DeepFool",KIND="ALL",PHASE="generate",OUTPUT_DIR="adversarial_results_ep100_pre300" adversarial_hpc_submit.pbs </dev/null
[2026-08-26 11:42:06] [OK] XceptionNet/Cifar10/IFGSM/ALL
[2026-08-26 11:42:06] [OK] qsub output: Your job 6434382 ("adversarial_hpc_submit.pbs") has been submitted
[2026-08-26 11:42:06] [SUBMIT] XceptionNet/Cifar10/BIM/ALL
[2026-08-26 11:42:06] [CMD] qsub -q all.q -l ngpus=1 -v MODEL="XceptionNet",DATASET="Cifar10",ATTACK="BIM",KIND="ALL",PHASE="generate",OUTPUT_DIR="adversarial_results_ep300_pre100" adversarial_hpc_submit.pbs </dev/null
[2026-08-26 11:42:08] [OK] XceptionNet/Cifar10/CW/ALL
[2026-08-26 11:42:08] [OK] qsub output: Your job 6434385 ("adversarial_hpc_submit.pbs") has been submitted
[2026-08-26 11:42:08] [SUBMIT] XceptionNet/Cifar10/DeepFool/ALL
[2026-08-26 11:42:08] [CMD] qsub -q all.q -l ngpus=1 -v MODEL="XceptionNet",DATASET="Cifar10",ATTACK="DeepFool",KIND="ALL",PHASE="generate",OUTPUT_DIR="adversarial_results_ep200_pre200" adversarial_hpc_submit.pbs </dev/null
[2026-08-26 11:42:15] [OK] MobileNet/Cifar100/DeepFool/ALL
[2026-08-26 11:42:15] [OK] qsub output: Your job 6434387 ("adversarial_hpc_submit.pbs") has been submitted
[2026-08-26 11:42:15] [SUBMIT] XceptionNet/Cifar10/PGD/ALL
[2026-08-26 11:42:15] [CMD] qsub -q all.q -l ngpus=1 -v MODEL="XceptionNet",DATASET="Cifar10",ATTACK="PGD",KIND="ALL",PHASE="generate",OUTPUT_DIR="adversarial_results_ep100_pre300" adversarial_hpc_submit.pbs </dev/null
[2026-08-26 11:42:18] [OK] XceptionNet/Cifar10/BIM/ALL
[2026-08-26 11:42:18] [OK] qsub output: Your job 6434388 ("adversarial_hpc_submit.pbs") has been submitted
[2026-08-26 11:42:18] [SUBMIT] XceptionNet/Cifar10/APGD/ALL
[2026-08-26 11:42:18] [CMD] qsub -q all.q -l ngpus=1 -v MODEL="XceptionNet",DATASET="Cifar10",ATTACK="APGD",KIND="ALL",PHASE="generate",OUTPUT_DIR="adversarial_results_ep300_pre100" adversarial_hpc_submit.pbs </dev/null
[2026-08-26 11:42:21] [OK] XceptionNet/Cifar10/DeepFool/ALL
[2026-08-26 11:42:21] [OK] qsub output: Your job 6434389 ("adversarial_hpc_submit.pbs") has been submitted
[2026-08-26 11:42:21] [SUBMIT] XceptionNet/Cifar100/PGD/ALL
[2026-08-26 11:42:21] [CMD] qsub -q all.q -l ngpus=1 -v MODEL="XceptionNet",DATASET="Cifar100",ATTACK="PGD",KIND="ALL",PHASE="generate",OUTPUT_DIR="adversarial_results_ep200_pre200" adversarial_hpc_submit.pbs </dev/null
[2026-08-26 11:42:24] [OK] XceptionNet/Cifar10/APGD/ALL
[2026-08-26 11:42:24] [OK] qsub output: Your job 6434392 ("adversarial_hpc_submit.pbs") has been submitted
[2026-08-26 11:42:24] [SUBMIT] XceptionNet/Cifar10/CW/ALL
[2026-08-26 11:42:24] [CMD] qsub -q all.q -l ngpus=1 -v MODEL="XceptionNet",DATASET="Cifar10",ATTACK="CW",KIND="ALL",PHASE="generate",OUTPUT_DIR="adversarial_results_ep300_pre100" adversarial_hpc_submit.pbs </dev/null
[2026-08-26 11:42:25] [OK] XceptionNet/Cifar100/PGD/ALL
[2026-08-26 11:42:25] [OK] qsub output: Your job 6434393 ("adversarial_hpc_submit.pbs") has been submitted
[2026-08-26 11:42:25] [SUBMIT] XceptionNet/Cifar100/FGSM/ALL
[2026-08-26 11:42:25] [CMD] qsub -q all.q -l ngpus=1 -v MODEL="XceptionNet",DATASET="Cifar100",ATTACK="FGSM",KIND="ALL",PHASE="generate",OUTPUT_DIR="adversarial_results_ep200_pre200" adversarial_hpc_submit.pbs </dev/null
[2026-08-26 11:42:29] [OK] XceptionNet/Cifar10/PGD/ALL
[2026-08-26 11:42:29] [OK] qsub output: Your job 6434391 ("adversarial_hpc_submit.pbs") has been submitted
[2026-08-26 11:42:29] [SUBMIT] XceptionNet/Cifar10/FGSM/ALL
[2026-08-26 11:42:29] [CMD] qsub -q all.q -l ngpus=1 -v MODEL="XceptionNet",DATASET="Cifar10",ATTACK="FGSM",KIND="ALL",PHASE="generate",OUTPUT_DIR="adversarial_results_ep100_pre300" adversarial_hpc_submit.pbs </dev/null
[2026-08-26 11:42:36] [OK] XceptionNet/Cifar10/CW/ALL
[2026-08-26 11:42:36] [OK] qsub output: Your job 6434395 ("adversarial_hpc_submit.pbs") has been submitted
[2026-08-26 11:42:36] [SUBMIT] XceptionNet/Cifar10/DeepFool/ALL
[2026-08-26 11:42:36] [CMD] qsub -q all.q -l ngpus=1 -v MODEL="XceptionNet",DATASET="Cifar10",ATTACK="DeepFool",KIND="ALL",PHASE="generate",OUTPUT_DIR="adversarial_results_ep300_pre100" adversarial_hpc_submit.pbs </dev/null
[2026-08-26 11:42:37] [OK] XceptionNet/Cifar100/FGSM/ALL
[2026-08-26 11:42:37] [OK] qsub output: Your job 6434396 ("adversarial_hpc_submit.pbs") has been submitted
[2026-08-26 11:42:38] [SUBMIT] XceptionNet/Cifar100/IFGSM/ALL
[2026-08-26 11:42:38] [CMD] qsub -q all.q -l ngpus=1 -v MODEL="XceptionNet",DATASET="Cifar100",ATTACK="IFGSM",KIND="ALL",PHASE="generate",OUTPUT_DIR="adversarial_results_ep200_pre200" adversarial_hpc_submit.pbs </dev/null
[2026-08-26 11:42:38] [OK] XceptionNet/Cifar10/FGSM/ALL
[2026-08-26 11:42:38] [OK] qsub output: Your job 6434397 ("adversarial_hpc_submit.pbs") has been submitted
[2026-08-26 11:42:38] [SUBMIT] XceptionNet/Cifar10/IFGSM/ALL
[2026-08-26 11:42:38] [CMD] qsub -q all.q -l ngpus=1 -v MODEL="XceptionNet",DATASET="Cifar10",ATTACK="IFGSM",KIND="ALL",PHASE="generate",OUTPUT_DIR="adversarial_results_ep100_pre300" adversarial_hpc_submit.pbs </dev/null
[2026-08-26 11:42:44] [OK] XceptionNet/Cifar100/IFGSM/ALL
[2026-08-26 11:42:44] [OK] qsub output: Your job 6434399 ("adversarial_hpc_submit.pbs") has been submitted
[2026-08-26 11:42:44] [SUBMIT] XceptionNet/Cifar100/BIM/ALL
[2026-08-26 11:42:45] [OK] XceptionNet/Cifar10/DeepFool/ALL
[2026-08-26 11:42:45] [CMD] qsub -q all.q -l ngpus=1 -v MODEL="XceptionNet",DATASET="Cifar100",ATTACK="BIM",KIND="ALL",PHASE="generate",OUTPUT_DIR="adversarial_results_ep200_pre200" adversarial_hpc_submit.pbs </dev/null
[2026-08-26 11:42:45] [OK] qsub output: Your job 6434398 ("adversarial_hpc_submit.pbs") has been submitted
[2026-08-26 11:42:45] [SUBMIT] XceptionNet/Cifar100/PGD/ALL
[2026-08-26 11:42:45] [CMD] qsub -q all.q -l ngpus=1 -v MODEL="XceptionNet",DATASET="Cifar100",ATTACK="PGD",KIND="ALL",PHASE="generate",OUTPUT_DIR="adversarial_results_ep300_pre100" adversarial_hpc_submit.pbs </dev/null
[2026-08-26 11:42:50] [OK] XceptionNet/Cifar10/IFGSM/ALL
[2026-08-26 11:42:50] [OK] qsub output: Your job 6434400 ("adversarial_hpc_submit.pbs") has been submitted
[2026-08-26 11:42:50] [SUBMIT] XceptionNet/Cifar10/BIM/ALL
[2026-08-26 11:42:50] [CMD] qsub -q all.q -l ngpus=1 -v MODEL="XceptionNet",DATASET="Cifar10",ATTACK="BIM",KIND="ALL",PHASE="generate",OUTPUT_DIR="adversarial_results_ep100_pre300" adversarial_hpc_submit.pbs </dev/null
[2026-08-26 11:42:52] [OK] XceptionNet/Cifar100/BIM/ALL
[2026-08-26 11:42:52] [OK] qsub output: Your job 6434401 ("adversarial_hpc_submit.pbs") has been submitted
[2026-08-26 11:42:53] [SUBMIT] XceptionNet/Cifar100/APGD/ALL
[2026-08-26 11:42:53] [CMD] qsub -q all.q -l ngpus=1 -v MODEL="XceptionNet",DATASET="Cifar100",ATTACK="APGD",KIND="ALL",PHASE="generate",OUTPUT_DIR="adversarial_results_ep200_pre200" adversarial_hpc_submit.pbs </dev/null
[2026-08-26 11:42:55] [OK] XceptionNet/Cifar100/PGD/ALL
[2026-08-26 11:42:55] [OK] qsub output: Your job 6434402 ("adversarial_hpc_submit.pbs") has been submitted
[2026-08-26 11:42:55] [SUBMIT] XceptionNet/Cifar100/FGSM/ALL
[2026-08-26 11:42:55] [CMD] qsub -q all.q -l ngpus=1 -v MODEL="XceptionNet",DATASET="Cifar100",ATTACK="FGSM",KIND="ALL",PHASE="generate",OUTPUT_DIR="adversarial_results_ep300_pre100" adversarial_hpc_submit.pbs </dev/null
[2026-08-26 11:42:58] [OK] XceptionNet/Cifar10/BIM/ALL
[2026-08-26 11:42:58] [OK] qsub output: Your job 6434403 ("adversarial_hpc_submit.pbs") has been submitted
[2026-08-26 11:42:58] [SUBMIT] XceptionNet/Cifar10/APGD/ALL
[2026-08-26 11:42:58] [CMD] qsub -q all.q -l ngpus=1 -v MODEL="XceptionNet",DATASET="Cifar10",ATTACK="APGD",KIND="ALL",PHASE="generate",OUTPUT_DIR="adversarial_results_ep100_pre300" adversarial_hpc_submit.pbs </dev/null
[2026-08-26 11:42:59] [OK] XceptionNet/Cifar100/FGSM/ALL
[2026-08-26 11:42:59] [OK] qsub output: Your job 6434405 ("adversarial_hpc_submit.pbs") has been submitted
[2026-08-26 11:43:00] [SUBMIT] XceptionNet/Cifar100/IFGSM/ALL
[2026-08-26 11:43:00] [CMD] qsub -q all.q -l ngpus=1 -v MODEL="XceptionNet",DATASET="Cifar100",ATTACK="IFGSM",KIND="ALL",PHASE="generate",OUTPUT_DIR="adversarial_results_ep300_pre100" adversarial_hpc_submit.pbs </dev/null
[2026-08-26 11:43:01] [OK] XceptionNet/Cifar100/APGD/ALL
[2026-08-26 11:43:01] [OK] qsub output: Your job 6434404 ("adversarial_hpc_submit.pbs") has been submitted
[2026-08-26 11:43:01] [SUBMIT] XceptionNet/Cifar100/CW/ALL
[2026-08-26 11:43:01] [CMD] qsub -q all.q -l ngpus=1 -v MODEL="XceptionNet",DATASET="Cifar100",ATTACK="CW",KIND="ALL",PHASE="generate",OUTPUT_DIR="adversarial_results_ep200_pre200" adversarial_hpc_submit.pbs </dev/null
[2026-08-26 11:43:06] [OK] XceptionNet/Cifar10/APGD/ALL
[2026-08-26 11:43:06] [OK] qsub output: Your job 6434406 ("adversarial_hpc_submit.pbs") has been submitted
[2026-08-26 11:43:06] [SUBMIT] XceptionNet/Cifar10/CW/ALL
[2026-08-26 11:43:06] [CMD] qsub -q all.q -l ngpus=1 -v MODEL="XceptionNet",DATASET="Cifar10",ATTACK="CW",KIND="ALL",PHASE="generate",OUTPUT_DIR="adversarial_results_ep100_pre300" adversarial_hpc_submit.pbs </dev/null
[2026-08-26 11:43:07] [OK] XceptionNet/Cifar100/IFGSM/ALL
[2026-08-26 11:43:07] [OK] qsub output: Your job 6434407 ("adversarial_hpc_submit.pbs") has been submitted
[2026-08-26 11:43:07] [SUBMIT] XceptionNet/Cifar100/BIM/ALL
[2026-08-26 11:43:07] [CMD] qsub -q all.q -l ngpus=1 -v MODEL="XceptionNet",DATASET="Cifar100",ATTACK="BIM",KIND="ALL",PHASE="generate",OUTPUT_DIR="adversarial_results_ep300_pre100" adversarial_hpc_submit.pbs </dev/null
[2026-08-26 11:43:09] [OK] XceptionNet/Cifar100/CW/ALL
[2026-08-26 11:43:09] [OK] qsub output: Your job 6434408 ("adversarial_hpc_submit.pbs") has been submitted
[2026-08-26 11:43:09] [SUBMIT] XceptionNet/Cifar100/DeepFool/ALL
[2026-08-26 11:43:09] [CMD] qsub -q all.q -l ngpus=1 -v MODEL="XceptionNet",DATASET="Cifar100",ATTACK="DeepFool",KIND="ALL",PHASE="generate",OUTPUT_DIR="adversarial_results_ep200_pre200" adversarial_hpc_submit.pbs </dev/null
[2026-08-26 11:43:13] [OK] XceptionNet/Cifar10/CW/ALL
[2026-08-26 11:43:13] [OK] qsub output: Your job 6434409 ("adversarial_hpc_submit.pbs") has been submitted
[2026-08-26 11:43:13] [SUBMIT] XceptionNet/Cifar10/DeepFool/ALL
[2026-08-26 11:43:13] [CMD] qsub -q all.q -l ngpus=1 -v MODEL="XceptionNet",DATASET="Cifar10",ATTACK="DeepFool",KIND="ALL",PHASE="generate",OUTPUT_DIR="adversarial_results_ep100_pre300" adversarial_hpc_submit.pbs </dev/null
[2026-08-26 11:43:13] [OK] XceptionNet/Cifar100/BIM/ALL
[2026-08-26 11:43:14] [OK] qsub output: Your job 6434410 ("adversarial_hpc_submit.pbs") has been submitted
[2026-08-26 11:43:14] [SUBMIT] XceptionNet/Cifar100/APGD/ALL
[2026-08-26 11:43:14] [CMD] qsub -q all.q -l ngpus=1 -v MODEL="XceptionNet",DATASET="Cifar100",ATTACK="APGD",KIND="ALL",PHASE="generate",OUTPUT_DIR="adversarial_results_ep300_pre100" adversarial_hpc_submit.pbs </dev/null
[2026-08-26 11:43:17] [OK] XceptionNet/Cifar100/DeepFool/ALL
[2026-08-26 11:43:17] [OK] qsub output: Your job 6434411 ("adversarial_hpc_submit.pbs") has been submitted
[2026-08-26 11:43:17] [SUBMIT] ConvNeXt/Cifar10/PGD/ALL
[2026-08-26 11:43:17] [CMD] qsub -q all.q -l ngpus=1 -v MODEL="ConvNeXt",DATASET="Cifar10",ATTACK="PGD",KIND="ALL",PHASE="generate",OUTPUT_DIR="adversarial_results_ep200_pre200" adversarial_hpc_submit.pbs </dev/null
[2026-08-26 11:43:18] [OK] XceptionNet/Cifar10/DeepFool/ALL
[2026-08-26 11:43:18] [OK] qsub output: Your job 6434412 ("adversarial_hpc_submit.pbs") has been submitted
[2026-08-26 11:43:18] [SUBMIT] XceptionNet/Cifar100/PGD/ALL
[2026-08-26 11:43:18] [CMD] qsub -q all.q -l ngpus=1 -v MODEL="XceptionNet",DATASET="Cifar100",ATTACK="PGD",KIND="ALL",PHASE="generate",OUTPUT_DIR="adversarial_results_ep100_pre300" adversarial_hpc_submit.pbs </dev/null
[2026-08-26 11:43:25] [OK] XceptionNet/Cifar100/APGD/ALL
[2026-08-26 11:43:27] [OK] qsub output: Your job 6434413 ("adversarial_hpc_submit.pbs") has been submitted
[2026-08-26 11:43:27] [SUBMIT] XceptionNet/Cifar100/CW/ALL
[2026-08-26 11:43:27] [CMD] qsub -q all.q -l ngpus=1 -v MODEL="XceptionNet",DATASET="Cifar100",ATTACK="CW",KIND="ALL",PHASE="generate",OUTPUT_DIR="adversarial_results_ep300_pre100" adversarial_hpc_submit.pbs </dev/null
[2026-08-26 11:43:28] [OK] ConvNeXt/Cifar10/PGD/ALL
[2026-08-26 11:43:28] [OK] qsub output: Your job 6434414 ("adversarial_hpc_submit.pbs") has been submitted
[2026-08-26 11:43:28] [SUBMIT] ConvNeXt/Cifar10/FGSM/ALL
[2026-08-26 11:43:28] [CMD] qsub -q all.q -l ngpus=1 -v MODEL="ConvNeXt",DATASET="Cifar10",ATTACK="FGSM",KIND="ALL",PHASE="generate",OUTPUT_DIR="adversarial_results_ep200_pre200" adversarial_hpc_submit.pbs </dev/null
[2026-08-26 11:43:33] [OK] XceptionNet/Cifar100/PGD/ALL
[2026-08-26 11:43:33] [OK] qsub output: Your job 6434415 ("adversarial_hpc_submit.pbs") has been submitted
[2026-08-26 11:43:33] [SUBMIT] XceptionNet/Cifar100/FGSM/ALL
[2026-08-26 11:43:33] [CMD] qsub -q all.q -l ngpus=1 -v MODEL="XceptionNet",DATASET="Cifar100",ATTACK="FGSM",KIND="ALL",PHASE="generate",OUTPUT_DIR="adversarial_results_ep100_pre300" adversarial_hpc_submit.pbs </dev/null
[2026-08-26 11:43:35] [OK] XceptionNet/Cifar100/CW/ALL
[2026-08-26 11:43:35] [OK] qsub output: Your job 6434416 ("adversarial_hpc_submit.pbs") has been submitted
[2026-08-26 11:43:35] [SUBMIT] XceptionNet/Cifar100/DeepFool/ALL
[2026-08-26 11:43:35] [CMD] qsub -q all.q -l ngpus=1 -v MODEL="XceptionNet",DATASET="Cifar100",ATTACK="DeepFool",KIND="ALL",PHASE="generate",OUTPUT_DIR="adversarial_results_ep300_pre100" adversarial_hpc_submit.pbs </dev/null
[2026-08-26 11:43:37] [OK] ConvNeXt/Cifar10/FGSM/ALL
[2026-08-26 11:43:37] [OK] qsub output: Your job 6434417 ("adversarial_hpc_submit.pbs") has been submitted
[2026-08-26 11:43:37] [SUBMIT] ConvNeXt/Cifar10/IFGSM/ALL
[2026-08-26 11:43:37] [CMD] qsub -q all.q -l ngpus=1 -v MODEL="ConvNeXt",DATASET="Cifar10",ATTACK="IFGSM",KIND="ALL",PHASE="generate",OUTPUT_DIR="adversarial_results_ep200_pre200" adversarial_hpc_submit.pbs </dev/null
[2026-08-26 11:43:38] [OK] XceptionNet/Cifar100/FGSM/ALL
[2026-08-26 11:43:38] [OK] qsub output: Your job 6434418 ("adversarial_hpc_submit.pbs") has been submitted
[2026-08-26 11:43:38] [SUBMIT] XceptionNet/Cifar100/IFGSM/ALL
[2026-08-26 11:43:38] [CMD] qsub -q all.q -l ngpus=1 -v MODEL="XceptionNet",DATASET="Cifar100",ATTACK="IFGSM",KIND="ALL",PHASE="generate",OUTPUT_DIR="adversarial_results_ep100_pre300" adversarial_hpc_submit.pbs </dev/null
[2026-08-26 11:43:44] [OK] XceptionNet/Cifar100/DeepFool/ALL
[2026-08-26 11:43:44] [OK] qsub output: Your job 6434419 ("adversarial_hpc_submit.pbs") has been submitted
[2026-08-26 11:43:44] [SUBMIT] ConvNeXt/Cifar10/PGD/ALL
[2026-08-26 11:43:44] [CMD] qsub -q all.q -l ngpus=1 -v MODEL="ConvNeXt",DATASET="Cifar10",ATTACK="PGD",KIND="ALL",PHASE="generate",OUTPUT_DIR="adversarial_results_ep300_pre100" adversarial_hpc_submit.pbs </dev/null
[2026-08-26 11:43:45] [OK] ConvNeXt/Cifar10/IFGSM/ALL
[2026-08-26 11:43:45] [OK] qsub output: Your job 6434420 ("adversarial_hpc_submit.pbs") has been submitted
[2026-08-26 11:43:45] [SUBMIT] ConvNeXt/Cifar10/BIM/ALL
[2026-08-26 11:43:45] [CMD] qsub -q all.q -l ngpus=1 -v MODEL="ConvNeXt",DATASET="Cifar10",ATTACK="BIM",KIND="ALL",PHASE="generate",OUTPUT_DIR="adversarial_results_ep200_pre200" adversarial_hpc_submit.pbs </dev/null
[2026-08-26 11:43:47] [OK] XceptionNet/Cifar100/IFGSM/ALL
[2026-08-26 11:43:47] [OK] qsub output: Your job 6434421 ("adversarial_hpc_submit.pbs") has been submitted
[2026-08-26 11:43:47] [SUBMIT] XceptionNet/Cifar100/BIM/ALL
[2026-08-26 11:43:47] [CMD] qsub -q all.q -l ngpus=1 -v MODEL="XceptionNet",DATASET="Cifar100",ATTACK="BIM",KIND="ALL",PHASE="generate",OUTPUT_DIR="adversarial_results_ep100_pre300" adversarial_hpc_submit.pbs </dev/null
[2026-08-26 11:43:51] [OK] ConvNeXt/Cifar10/BIM/ALL
[2026-08-26 11:43:51] [OK] qsub output: Your job 6434423 ("adversarial_hpc_submit.pbs") has been submitted
[2026-08-26 11:43:52] [SUBMIT] ConvNeXt/Cifar10/APGD/ALL
[2026-08-26 11:43:52] [CMD] qsub -q all.q -l ngpus=1 -v MODEL="ConvNeXt",DATASET="Cifar10",ATTACK="APGD",KIND="ALL",PHASE="generate",OUTPUT_DIR="adversarial_results_ep200_pre200" adversarial_hpc_submit.pbs </dev/null
[2026-08-26 11:43:52] [OK] ConvNeXt/Cifar10/PGD/ALL
[2026-08-26 11:43:52] [OK] qsub output: Your job 6434422 ("adversarial_hpc_submit.pbs") has been submitted
[2026-08-26 11:43:52] [SUBMIT] ConvNeXt/Cifar10/FGSM/ALL
[2026-08-26 11:43:52] [CMD] qsub -q all.q -l ngpus=1 -v MODEL="ConvNeXt",DATASET="Cifar10",ATTACK="FGSM",KIND="ALL",PHASE="generate",OUTPUT_DIR="adversarial_results_ep300_pre100" adversarial_hpc_submit.pbs </dev/null
[2026-08-26 11:43:54] [OK] XceptionNet/Cifar100/BIM/ALL
[2026-08-26 11:43:54] [OK] qsub output: Your job 6434424 ("adversarial_hpc_submit.pbs") has been submitted
[2026-08-26 11:43:54] [SUBMIT] XceptionNet/Cifar100/APGD/ALL
[2026-08-26 11:43:54] [CMD] qsub -q all.q -l ngpus=1 -v MODEL="XceptionNet",DATASET="Cifar100",ATTACK="APGD",KIND="ALL",PHASE="generate",OUTPUT_DIR="adversarial_results_ep100_pre300" adversarial_hpc_submit.pbs </dev/null
[2026-08-26 11:43:59] [OK] ConvNeXt/Cifar10/APGD/ALL
[2026-08-26 11:43:59] [OK] qsub output: Your job 6434425 ("adversarial_hpc_submit.pbs") has been submitted
[2026-08-26 11:43:59] [SUBMIT] ConvNeXt/Cifar10/CW/ALL
[2026-08-26 11:43:59] [CMD] qsub -q all.q -l ngpus=1 -v MODEL="ConvNeXt",DATASET="Cifar10",ATTACK="CW",KIND="ALL",PHASE="generate",OUTPUT_DIR="adversarial_results_ep200_pre200" adversarial_hpc_submit.pbs </dev/null
[2026-08-26 11:44:00] [OK] ConvNeXt/Cifar10/FGSM/ALL
[2026-08-26 11:44:00] [OK] qsub output: Your job 6434426 ("adversarial_hpc_submit.pbs") has been submitted
[2026-08-26 11:44:00] [SUBMIT] ConvNeXt/Cifar10/IFGSM/ALL
[2026-08-26 11:44:01] [CMD] qsub -q all.q -l ngpus=1 -v MODEL="ConvNeXt",DATASET="Cifar10",ATTACK="IFGSM",KIND="ALL",PHASE="generate",OUTPUT_DIR="adversarial_results_ep300_pre100" adversarial_hpc_submit.pbs </dev/null
[2026-08-26 11:44:07] [OK] XceptionNet/Cifar100/APGD/ALL
[2026-08-26 11:44:07] [OK] qsub output: Your job 6434427 ("adversarial_hpc_submit.pbs") has been submitted
[2026-08-26 11:44:07] [SUBMIT] XceptionNet/Cifar100/CW/ALL
[2026-08-26 11:44:07] [CMD] qsub -q all.q -l ngpus=1 -v MODEL="XceptionNet",DATASET="Cifar100",ATTACK="CW",KIND="ALL",PHASE="generate",OUTPUT_DIR="adversarial_results_ep100_pre300" adversarial_hpc_submit.pbs </dev/null
[2026-08-26 11:44:09] [OK] ConvNeXt/Cifar10/CW/ALL
[2026-08-26 11:44:09] [OK] qsub output: Your job 6434428 ("adversarial_hpc_submit.pbs") has been submitted
[2026-08-26 11:44:09] [SUBMIT] ConvNeXt/Cifar10/DeepFool/ALL
[2026-08-26 11:44:09] [CMD] qsub -q all.q -l ngpus=1 -v MODEL="ConvNeXt",DATASET="Cifar10",ATTACK="DeepFool",KIND="ALL",PHASE="generate",OUTPUT_DIR="adversarial_results_ep200_pre200" adversarial_hpc_submit.pbs </dev/null
[2026-08-26 11:44:12] [OK] ConvNeXt/Cifar10/IFGSM/ALL
[2026-08-26 11:44:12] [OK] qsub output: Your job 6434429 ("adversarial_hpc_submit.pbs") has been submitted
[2026-08-26 11:44:12] [SUBMIT] ConvNeXt/Cifar10/BIM/ALL
[2026-08-26 11:44:12] [CMD] qsub -q all.q -l ngpus=1 -v MODEL="ConvNeXt",DATASET="Cifar10",ATTACK="BIM",KIND="ALL",PHASE="generate",OUTPUT_DIR="adversarial_results_ep300_pre100" adversarial_hpc_submit.pbs </dev/null
[2026-08-26 11:44:13] [OK] XceptionNet/Cifar100/CW/ALL
[2026-08-26 11:44:13] [OK] qsub output: Your job 6434431 ("adversarial_hpc_submit.pbs") has been submitted
[2026-08-26 11:44:13] [SUBMIT] XceptionNet/Cifar100/DeepFool/ALL
[2026-08-26 11:44:13] [CMD] qsub -q all.q -l ngpus=1 -v MODEL="XceptionNet",DATASET="Cifar100",ATTACK="DeepFool",KIND="ALL",PHASE="generate",OUTPUT_DIR="adversarial_results_ep100_pre300" adversarial_hpc_submit.pbs </dev/null
[2026-08-26 11:44:14] [OK] ConvNeXt/Cifar10/DeepFool/ALL
[2026-08-26 11:44:14] [OK] qsub output: Your job 6434432 ("adversarial_hpc_submit.pbs") has been submitted
[2026-08-26 11:44:14] [SUBMIT] ConvNeXt/Cifar100/PGD/ALL
[2026-08-26 11:44:14] [CMD] qsub -q all.q -l ngpus=1 -v MODEL="ConvNeXt",DATASET="Cifar100",ATTACK="PGD",KIND="ALL",PHASE="generate",OUTPUT_DIR="adversarial_results_ep200_pre200" adversarial_hpc_submit.pbs </dev/null
[2026-08-26 11:44:16] [OK] XceptionNet/Cifar100/DeepFool/ALL
[2026-08-26 11:44:16] [OK] qsub output: Your job 6434434 ("adversarial_hpc_submit.pbs") has been submitted
[2026-08-26 11:44:16] [SUBMIT] ConvNeXt/Cifar10/PGD/ALL
[2026-08-26 11:44:16] [CMD] qsub -q all.q -l ngpus=1 -v MODEL="ConvNeXt",DATASET="Cifar10",ATTACK="PGD",KIND="ALL",PHASE="generate",OUTPUT_DIR="adversarial_results_ep100_pre300" adversarial_hpc_submit.pbs </dev/null
[2026-08-26 11:44:18] [OK] ConvNeXt/Cifar100/PGD/ALL
[2026-08-26 11:44:18] [OK] qsub output: Your job 6434435 ("adversarial_hpc_submit.pbs") has been submitted
[2026-08-26 11:44:18] [SUBMIT] ConvNeXt/Cifar100/FGSM/ALL
[2026-08-26 11:44:18] [CMD] qsub -q all.q -l ngpus=1 -v MODEL="ConvNeXt",DATASET="Cifar100",ATTACK="FGSM",KIND="ALL",PHASE="generate",OUTPUT_DIR="adversarial_results_ep200_pre200" adversarial_hpc_submit.pbs </dev/null
[2026-08-26 11:44:21] [OK] ConvNeXt/Cifar10/BIM/ALL
[2026-08-26 11:44:22] [OK] qsub output: Your job 6434433 ("adversarial_hpc_submit.pbs") has been submitted
[2026-08-26 11:44:22] [SUBMIT] ConvNeXt/Cifar10/APGD/ALL
[2026-08-26 11:44:22] [CMD] qsub -q all.q -l ngpus=1 -v MODEL="ConvNeXt",DATASET="Cifar10",ATTACK="APGD",KIND="ALL",PHASE="generate",OUTPUT_DIR="adversarial_results_ep300_pre100" adversarial_hpc_submit.pbs </dev/null
[2026-08-26 11:44:25] [OK] ConvNeXt/Cifar10/PGD/ALL
[2026-08-26 11:44:26] [OK] qsub output: Your job 6434436 ("adversarial_hpc_submit.pbs") has been submitted
[2026-08-26 11:44:26] [SUBMIT] ConvNeXt/Cifar10/FGSM/ALL
[2026-08-26 11:44:26] [CMD] qsub -q all.q -l ngpus=1 -v MODEL="ConvNeXt",DATASET="Cifar10",ATTACK="FGSM",KIND="ALL",PHASE="generate",OUTPUT_DIR="adversarial_results_ep100_pre300" adversarial_hpc_submit.pbs </dev/null
[2026-08-26 11:44:28] [OK] ConvNeXt/Cifar100/FGSM/ALL
[2026-08-26 11:44:28] [OK] qsub output: Your job 6434437 ("adversarial_hpc_submit.pbs") has been submitted
[2026-08-26 11:44:28] [SUBMIT] ConvNeXt/Cifar100/IFGSM/ALL
[2026-08-26 11:44:28] [CMD] qsub -q all.q -l ngpus=1 -v MODEL="ConvNeXt",DATASET="Cifar100",ATTACK="IFGSM",KIND="ALL",PHASE="generate",OUTPUT_DIR="adversarial_results_ep200_pre200" adversarial_hpc_submit.pbs </dev/null
[2026-08-26 11:44:33] [OK] ConvNeXt/Cifar10/FGSM/ALL
[2026-08-26 11:44:34] [OK] qsub output: Your job 6434440 ("adversarial_hpc_submit.pbs") has been submitted
[2026-08-26 11:44:34] [OK] ConvNeXt/Cifar10/APGD/ALL
[2026-08-26 11:44:35] [OK] qsub output: Your job 6434439 ("adversarial_hpc_submit.pbs") has been submitted
[2026-08-26 11:44:35] [SUBMIT] ConvNeXt/Cifar10/IFGSM/ALL
[2026-08-26 11:44:35] [CMD] qsub -q all.q -l ngpus=1 -v MODEL="ConvNeXt",DATASET="Cifar10",ATTACK="IFGSM",KIND="ALL",PHASE="generate",OUTPUT_DIR="adversarial_results_ep100_pre300" adversarial_hpc_submit.pbs </dev/null
[2026-08-26 11:44:35] [SUBMIT] ConvNeXt/Cifar10/CW/ALL
[2026-08-26 11:44:35] [CMD] qsub -q all.q -l ngpus=1 -v MODEL="ConvNeXt",DATASET="Cifar10",ATTACK="CW",KIND="ALL",PHASE="generate",OUTPUT_DIR="adversarial_results_ep300_pre100" adversarial_hpc_submit.pbs </dev/null
[2026-08-26 11:44:40] [OK] ConvNeXt/Cifar100/IFGSM/ALL
[2026-08-26 11:44:40] [OK] qsub output: Your job 6434441 ("adversarial_hpc_submit.pbs") has been submitted
[2026-08-26 11:44:40] [SUBMIT] ConvNeXt/Cifar100/BIM/ALL
[2026-08-26 11:44:40] [CMD] qsub -q all.q -l ngpus=1 -v MODEL="ConvNeXt",DATASET="Cifar100",ATTACK="BIM",KIND="ALL",PHASE="generate",OUTPUT_DIR="adversarial_results_ep200_pre200" adversarial_hpc_submit.pbs </dev/null
[2026-08-26 11:44:45] [OK] ConvNeXt/Cifar10/IFGSM/ALL
[2026-08-26 11:44:45] [OK] qsub output: Your job 6434442 ("adversarial_hpc_submit.pbs") has been submitted
[2026-08-26 11:44:45] [SUBMIT] ConvNeXt/Cifar10/BIM/ALL
[2026-08-26 11:44:45] [CMD] qsub -q all.q -l ngpus=1 -v MODEL="ConvNeXt",DATASET="Cifar10",ATTACK="BIM",KIND="ALL",PHASE="generate",OUTPUT_DIR="adversarial_results_ep100_pre300" adversarial_hpc_submit.pbs </dev/null
[2026-08-26 11:44:49] [OK] ConvNeXt/Cifar10/CW/ALL
[2026-08-26 11:44:49] [OK] qsub output: Your job 6434443 ("adversarial_hpc_submit.pbs") has been submitted
[2026-08-26 11:44:49] [SUBMIT] ConvNeXt/Cifar10/DeepFool/ALL
[2026-08-26 11:44:49] [CMD] qsub -q all.q -l ngpus=1 -v MODEL="ConvNeXt",DATASET="Cifar10",ATTACK="DeepFool",KIND="ALL",PHASE="generate",OUTPUT_DIR="adversarial_results_ep300_pre100" adversarial_hpc_submit.pbs </dev/null
[2026-08-26 11:44:51] [OK] ConvNeXt/Cifar100/BIM/ALL
[2026-08-26 11:44:51] [OK] qsub output: Your job 6434444 ("adversarial_hpc_submit.pbs") has been submitted
[2026-08-26 11:44:51] [SUBMIT] ConvNeXt/Cifar100/APGD/ALL
[2026-08-26 11:44:51] [CMD] qsub -q all.q -l ngpus=1 -v MODEL="ConvNeXt",DATASET="Cifar100",ATTACK="APGD",KIND="ALL",PHASE="generate",OUTPUT_DIR="adversarial_results_ep200_pre200" adversarial_hpc_submit.pbs </dev/null
[2026-08-26 11:44:59] [OK] ConvNeXt/Cifar10/BIM/ALL
[2026-08-26 11:45:00] [OK] ConvNeXt/Cifar10/DeepFool/ALL
[2026-08-26 11:45:00] [OK] qsub output: Your job 6434445 ("adversarial_hpc_submit.pbs") has been submitted
[2026-08-26 11:45:00] [OK] qsub output: Your job 6434446 ("adversarial_hpc_submit.pbs") has been submitted
[2026-08-26 11:45:01] [SUBMIT] ConvNeXt/Cifar10/APGD/ALL
[2026-08-26 11:45:01] [SUBMIT] ConvNeXt/Cifar100/PGD/ALL
[2026-08-26 11:45:01] [CMD] qsub -q all.q -l ngpus=1 -v MODEL="ConvNeXt",DATASET="Cifar10",ATTACK="APGD",KIND="ALL",PHASE="generate",OUTPUT_DIR="adversarial_results_ep100_pre300" adversarial_hpc_submit.pbs </dev/null
[2026-08-26 11:45:01] [CMD] qsub -q all.q -l ngpus=1 -v MODEL="ConvNeXt",DATASET="Cifar100",ATTACK="PGD",KIND="ALL",PHASE="generate",OUTPUT_DIR="adversarial_results_ep300_pre100" adversarial_hpc_submit.pbs </dev/null
[2026-08-26 11:45:07] [OK] ConvNeXt/Cifar100/APGD/ALL
[2026-08-26 11:45:07] [OK] qsub output: Your job 6434447 ("adversarial_hpc_submit.pbs") has been submitted
[2026-08-26 11:45:07] [SUBMIT] ConvNeXt/Cifar100/CW/ALL
[2026-08-26 11:45:07] [CMD] qsub -q all.q -l ngpus=1 -v MODEL="ConvNeXt",DATASET="Cifar100",ATTACK="CW",KIND="ALL",PHASE="generate",OUTPUT_DIR="adversarial_results_ep200_pre200" adversarial_hpc_submit.pbs </dev/null
[2026-08-26 11:45:08] [OK] ConvNeXt/Cifar10/APGD/ALL
[2026-08-26 11:45:08] [OK] qsub output: Your job 6434448 ("adversarial_hpc_submit.pbs") has been submitted
[2026-08-26 11:45:08] [SUBMIT] ConvNeXt/Cifar10/CW/ALL
[2026-08-26 11:45:08] [CMD] qsub -q all.q -l ngpus=1 -v MODEL="ConvNeXt",DATASET="Cifar10",ATTACK="CW",KIND="ALL",PHASE="generate",OUTPUT_DIR="adversarial_results_ep100_pre300" adversarial_hpc_submit.pbs </dev/null
[2026-08-26 11:45:10] [OK] ConvNeXt/Cifar100/PGD/ALL
[2026-08-26 11:45:11] [OK] qsub output: Your job 6434449 ("adversarial_hpc_submit.pbs") has been submitted
[2026-08-26 11:45:11] [SUBMIT] ConvNeXt/Cifar100/FGSM/ALL
[2026-08-26 11:45:11] [CMD] qsub -q all.q -l ngpus=1 -v MODEL="ConvNeXt",DATASET="Cifar100",ATTACK="FGSM",KIND="ALL",PHASE="generate",OUTPUT_DIR="adversarial_results_ep300_pre100" adversarial_hpc_submit.pbs </dev/null
[2026-08-26 11:45:15] [OK] ConvNeXt/Cifar100/CW/ALL
[2026-08-26 11:45:15] [OK] qsub output: Your job 6434450 ("adversarial_hpc_submit.pbs") has been submitted
[2026-08-26 11:45:15] [SUBMIT] ConvNeXt/Cifar100/DeepFool/ALL
[2026-08-26 11:45:16] [CMD] qsub -q all.q -l ngpus=1 -v MODEL="ConvNeXt",DATASET="Cifar100",ATTACK="DeepFool",KIND="ALL",PHASE="generate",OUTPUT_DIR="adversarial_results_ep200_pre200" adversarial_hpc_submit.pbs </dev/null
[2026-08-26 11:45:20] [OK] ConvNeXt/Cifar100/FGSM/ALL
[2026-08-26 11:45:20] [OK] qsub output: Your job 6434453 ("adversarial_hpc_submit.pbs") has been submitted
[2026-08-26 11:45:20] [SUBMIT] ConvNeXt/Cifar100/IFGSM/ALL
[2026-08-26 11:45:20] [CMD] qsub -q all.q -l ngpus=1 -v MODEL="ConvNeXt",DATASET="Cifar100",ATTACK="IFGSM",KIND="ALL",PHASE="generate",OUTPUT_DIR="adversarial_results_ep300_pre100" adversarial_hpc_submit.pbs </dev/null
[2026-08-26 11:45:23] [OK] ConvNeXt/Cifar10/CW/ALL
[2026-08-26 11:45:23] [OK] qsub output: Your job 6434452 ("adversarial_hpc_submit.pbs") has been submitted
[2026-08-26 11:45:23] [SUBMIT] ConvNeXt/Cifar10/DeepFool/ALL
[2026-08-26 11:45:23] [CMD] qsub -q all.q -l ngpus=1 -v MODEL="ConvNeXt",DATASET="Cifar10",ATTACK="DeepFool",KIND="ALL",PHASE="generate",OUTPUT_DIR="adversarial_results_ep100_pre300" adversarial_hpc_submit.pbs </dev/null
[2026-08-26 11:45:31] [OK] ConvNeXt/Cifar100/DeepFool/ALL
[2026-08-26 11:45:31] [OK] qsub output: Your job 6434455 ("adversarial_hpc_submit.pbs") has been submitted
[2026-08-26 11:45:31] [SUCCESS] Submitted 84 jobs
[2026-08-26 11:45:31] Monitor progress with: qstat
[2026-08-26 11:45:32] ============================================================================
[2026-08-26 11:45:32] Job submission complete. Check logs/ for details.
[2026-08-26 11:45:32] Run log saved to: /Users/jgafur/LTH/manuscript/Tranfer/logs/adversarial_orchestrate_generate_20260826_113304.log
[2026-08-26 11:45:32] ============================================================================
[2026-08-26 11:45:37] [OK] ConvNeXt/Cifar100/IFGSM/ALL
[2026-08-26 11:45:37] [OK] qsub output: Your job 6434457 ("adversarial_hpc_submit.pbs") has been submitted
[2026-08-26 11:45:37] [SUBMIT] ConvNeXt/Cifar100/BIM/ALL
[2026-08-26 11:45:37] [CMD] qsub -q all.q -l ngpus=1 -v MODEL="ConvNeXt",DATASET="Cifar100",ATTACK="BIM",KIND="ALL",PHASE="generate",OUTPUT_DIR="adversarial_results_ep300_pre100" adversarial_hpc_submit.pbs </dev/null
[2026-08-26 11:45:42] [OK] ConvNeXt/Cifar10/DeepFool/ALL
[2026-08-26 11:45:42] [OK] qsub output: Your job 6434458 ("adversarial_hpc_submit.pbs") has been submitted
[2026-08-26 11:45:42] [SUBMIT] ConvNeXt/Cifar100/PGD/ALL
[2026-08-26 11:45:42] [CMD] qsub -q all.q -l ngpus=1 -v MODEL="ConvNeXt",DATASET="Cifar100",ATTACK="PGD",KIND="ALL",PHASE="generate",OUTPUT_DIR="adversarial_results_ep100_pre300" adversarial_hpc_submit.pbs </dev/null
[2026-08-26 11:45:45] [OK] ConvNeXt/Cifar100/BIM/ALL
[2026-08-26 11:45:45] [OK] qsub output: Your job 6434460 ("adversarial_hpc_submit.pbs") has been submitted
[2026-08-26 11:45:45] [SUBMIT] ConvNeXt/Cifar100/APGD/ALL
[2026-08-26 11:45:45] [CMD] qsub -q all.q -l ngpus=1 -v MODEL="ConvNeXt",DATASET="Cifar100",ATTACK="APGD",KIND="ALL",PHASE="generate",OUTPUT_DIR="adversarial_results_ep300_pre100" adversarial_hpc_submit.pbs </dev/null
[2026-08-26 11:45:49] [OK] ConvNeXt/Cifar100/PGD/ALL
[2026-08-26 11:45:49] [OK] qsub output: Your job 6434461 ("adversarial_hpc_submit.pbs") has been submitted
[2026-08-26 11:45:49] [SUBMIT] ConvNeXt/Cifar100/FGSM/ALL
[2026-08-26 11:45:49] [CMD] qsub -q all.q -l ngpus=1 -v MODEL="ConvNeXt",DATASET="Cifar100",ATTACK="FGSM",KIND="ALL",PHASE="generate",OUTPUT_DIR="adversarial_results_ep100_pre300" adversarial_hpc_submit.pbs </dev/null
[2026-08-26 11:45:53] [OK] ConvNeXt/Cifar100/APGD/ALL
[2026-08-26 11:45:53] [OK] qsub output: Your job 6434462 ("adversarial_hpc_submit.pbs") has been submitted
[2026-08-26 11:45:53] [SUBMIT] ConvNeXt/Cifar100/CW/ALL
[2026-08-26 11:45:53] [CMD] qsub -q all.q -l ngpus=1 -v MODEL="ConvNeXt",DATASET="Cifar100",ATTACK="CW",KIND="ALL",PHASE="generate",OUTPUT_DIR="adversarial_results_ep300_pre100" adversarial_hpc_submit.pbs </dev/null
[2026-08-26 11:45:55] [OK] ConvNeXt/Cifar100/FGSM/ALL
[2026-08-26 11:45:55] [OK] qsub output: Your job 6434463 ("adversarial_hpc_submit.pbs") has been submitted
[2026-08-26 11:45:55] [SUBMIT] ConvNeXt/Cifar100/IFGSM/ALL
[2026-08-26 11:45:55] [CMD] qsub -q all.q -l ngpus=1 -v MODEL="ConvNeXt",DATASET="Cifar100",ATTACK="IFGSM",KIND="ALL",PHASE="generate",OUTPUT_DIR="adversarial_results_ep100_pre300" adversarial_hpc_submit.pbs </dev/null
[2026-08-26 11:45:58] [OK] ConvNeXt/Cifar100/IFGSM/ALL
[2026-08-26 11:45:58] [OK] qsub output: Your job 6434465 ("adversarial_hpc_submit.pbs") has been submitted
[2026-08-26 11:45:58] [SUBMIT] ConvNeXt/Cifar100/BIM/ALL
[2026-08-26 11:45:58] [CMD] qsub -q all.q -l ngpus=1 -v MODEL="ConvNeXt",DATASET="Cifar100",ATTACK="BIM",KIND="ALL",PHASE="generate",OUTPUT_DIR="adversarial_results_ep100_pre300" adversarial_hpc_submit.pbs </dev/null
[2026-08-26 11:46:00] [OK] ConvNeXt/Cifar100/CW/ALL
[2026-08-26 11:46:00] [OK] qsub output: Your job 6434464 ("adversarial_hpc_submit.pbs") has been submitted
[2026-08-26 11:46:00] [SUBMIT] ConvNeXt/Cifar100/DeepFool/ALL
[2026-08-26 11:46:00] [CMD] qsub -q all.q -l ngpus=1 -v MODEL="ConvNeXt",DATASET="Cifar100",ATTACK="DeepFool",KIND="ALL",PHASE="generate",OUTPUT_DIR="adversarial_results_ep300_pre100" adversarial_hpc_submit.pbs </dev/null
[2026-08-26 11:46:04] [OK] ConvNeXt/Cifar100/DeepFool/ALL
[2026-08-26 11:46:05] [OK] ConvNeXt/Cifar100/BIM/ALL
[2026-08-26 11:46:05] [OK] qsub output: Your job 6434467 ("adversarial_hpc_submit.pbs") has been submitted
[2026-08-26 11:46:05] [OK] qsub output: Your job 6434466 ("adversarial_hpc_submit.pbs") has been submitted
[2026-08-26 11:46:05] [SUCCESS] Submitted 84 jobs
[2026-08-26 11:46:05] [SUBMIT] ConvNeXt/Cifar100/APGD/ALL
[2026-08-26 11:46:05] Monitor progress with: qstat
[2026-08-26 11:46:05] [CMD] qsub -q all.q -l ngpus=1 -v MODEL="ConvNeXt",DATASET="Cifar100",ATTACK="APGD",KIND="ALL",PHASE="generate",OUTPUT_DIR="adversarial_results_ep100_pre300" adversarial_hpc_submit.pbs </dev/null
[2026-08-26 11:46:05] ============================================================================
[2026-08-26 11:46:05] Job submission complete. Check logs/ for details.
[2026-08-26 11:46:05] Run log saved to: /Users/jgafur/LTH/manuscript/Tranfer/logs/adversarial_orchestrate_generate_20260826_113304.log
[2026-08-26 11:46:05] ============================================================================
[2026-08-26 11:46:07] [OK] ConvNeXt/Cifar100/APGD/ALL
[2026-08-26 11:46:08] [OK] qsub output: Your job 6434469 ("adversarial_hpc_submit.pbs") has been submitted
[2026-08-26 11:46:08] [SUBMIT] ConvNeXt/Cifar100/CW/ALL
[2026-08-26 11:46:08] [CMD] qsub -q all.q -l ngpus=1 -v MODEL="ConvNeXt",DATASET="Cifar100",ATTACK="CW",KIND="ALL",PHASE="generate",OUTPUT_DIR="adversarial_results_ep100_pre300" adversarial_hpc_submit.pbs </dev/null
[2026-08-26 11:46:16] [OK] ConvNeXt/Cifar100/CW/ALL
[2026-08-26 11:46:16] [OK] qsub output: Your job 6434470 ("adversarial_hpc_submit.pbs") has been submitted
[2026-08-26 11:46:17] [SUBMIT] ConvNeXt/Cifar100/DeepFool/ALL
[2026-08-26 11:46:17] [CMD] qsub -q all.q -l ngpus=1 -v MODEL="ConvNeXt",DATASET="Cifar100",ATTACK="DeepFool",KIND="ALL",PHASE="generate",OUTPUT_DIR="adversarial_results_ep100_pre300" adversarial_hpc_submit.pbs </dev/null
[2026-08-26 11:46:22] [OK] ConvNeXt/Cifar100/DeepFool/ALL
[2026-08-26 11:46:22] [OK] qsub output: Your job 6434473 ("adversarial_hpc_submit.pbs") has been submitted
[2026-08-26 11:46:22] [SUCCESS] Submitted 84 jobs
[2026-08-26 11:46:22] Monitor progress with: qstat
[2026-08-26 11:46:22] ============================================================================
[2026-08-26 11:46:22] Job submission complete. Check logs/ for details.
[2026-08-26 11:46:22] Run log saved to: /Users/jgafur/LTH/manuscript/Tranfer/logs/adversarial_orchestrate_generate_20260826_113304.log
[2026-08-26 11:46:22] ============================================================================
