[2026-08-27 09:37:17] Starting orchestration script
[2026-08-27 09:37:17] Starting orchestration script
[2026-08-27 09:37:17] Starting orchestration script
[2026-08-27 09:37:17] Script path: /Users/jgafur/LTH/manuscript/Tranfer
[2026-08-27 09:37:17] Script path: /Users/jgafur/LTH/manuscript/Tranfer
[2026-08-27 09:37:17] Script path: /Users/jgafur/LTH/manuscript/Tranfer
[2026-08-27 09:37:17] Current working directory: /Users/jgafur/LTH/manuscript/Tranfer
[2026-08-27 09:37:17] Current working directory: /Users/jgafur/LTH/manuscript/Tranfer
[2026-08-27 09:37:17] Current working directory: /Users/jgafur/LTH/manuscript/Tranfer
[2026-08-27 09:37:17] Phase: generate
[2026-08-27 09:37:17] Phase: generate
[2026-08-27 09:37:17] Phase: generate
[2026-08-27 09:37:17] Output directory: adversarial_results_ep300_pre100
[2026-08-27 09:37:17] Output directory: adversarial_results_ep200_pre200
[2026-08-27 09:37:17] Output directory: adversarial_results_ep100_pre300
[2026-08-27 09:37:17] Model filter: ALL
[2026-08-27 09:37:17] Model filter: ALL
[2026-08-27 09:37:17] Model filter: ALL
[2026-08-27 09:37:17] Dataset filter: ALL
[2026-08-27 09:37:17] Dataset filter: ALL
[2026-08-27 09:37:17] Dataset filter: ALL
[2026-08-27 09:37:17] Attack filter: ALL
[2026-08-27 09:37:17] Attack filter: ALL
[2026-08-27 09:37:17] Attack filter: ALL
[2026-08-27 09:37:17] Kind filter: ALL
[2026-08-27 09:37:17] Kind filter: ALL
[2026-08-27 09:37:17] Kind filter: ALL
[2026-08-27 09:37:17] Run log: /Users/jgafur/LTH/manuscript/Tranfer/logs/adversarial_orchestrate_generate_20260827_093717.log
[2026-08-27 09:37:17] Run log: /Users/jgafur/LTH/manuscript/Tranfer/logs/adversarial_orchestrate_generate_20260827_093717.log
[2026-08-27 09:37:17] Run log: /Users/jgafur/LTH/manuscript/Tranfer/logs/adversarial_orchestrate_generate_20260827_093717.log
[2026-08-27 09:37:17] qsub command found: /opt/sge/bin/lx-amd64/qsub
[2026-08-27 09:37:17] qsub command found: /opt/sge/bin/lx-amd64/qsub
[2026-08-27 09:37:17] qsub command found: /opt/sge/bin/lx-amd64/qsub
[2026-08-27 09:37:17] Found submission file: /Users/jgafur/LTH/manuscript/Tranfer/adversarial_hpc_submit.pbs
[2026-08-27 09:37:17] Found submission file: /Users/jgafur/LTH/manuscript/Tranfer/adversarial_hpc_submit.pbs
[2026-08-27 09:37:17] Found submission file: /Users/jgafur/LTH/manuscript/Tranfer/adversarial_hpc_submit.pbs
[2026-08-27 09:37:17] ============================================================================
[2026-08-27 09:37:17] ============================================================================
[2026-08-27 09:37:17] ============================================================================
[2026-08-27 09:37:17] Adversarial Analysis HPC Orchestration
[2026-08-27 09:37:17] Adversarial Analysis HPC Orchestration
[2026-08-27 09:37:17] Adversarial Analysis HPC Orchestration
[2026-08-27 09:37:17] ============================================================================
[2026-08-27 09:37:17] ============================================================================
[2026-08-27 09:37:17] ============================================================================
[2026-08-27 09:37:17] Phase:       generate
[2026-08-27 09:37:17] Phase:       generate
[2026-08-27 09:37:17] Phase:       generate
[2026-08-27 09:37:17] Output Dir:  adversarial_results_ep300_pre100
[2026-08-27 09:37:17] Output Dir:  adversarial_results_ep100_pre300
[2026-08-27 09:37:17] Output Dir:  adversarial_results_ep200_pre200
[2026-08-27 09:37:17] Models:      6 architectures
[2026-08-27 09:37:17] Models:      6 architectures
[2026-08-27 09:37:17] Models:      6 architectures
[2026-08-27 09:37:17] Datasets:    2 datasets
[2026-08-27 09:37:17] Datasets:    2 datasets
[2026-08-27 09:37:17] Datasets:    2 datasets
[2026-08-27 09:37:17] Attacks:     7 attack types
[2026-08-27 09:37:17] Attacks:     7 attack types
[2026-08-27 09:37:17] Total Jobs:  ~84
[2026-08-27 09:37:17] Attacks:     7 attack types
[2026-08-27 09:37:17] Total Jobs:  ~84
[2026-08-27 09:37:17] ============================================================================
[2026-08-27 09:37:17] Total Jobs:  ~84
[2026-08-27 09:37:17] ============================================================================
[2026-08-27 09:37:17] ============================================================================
[2026-08-27 09:37:17] Run outputs will be written as txt files in manuscript/Tranfer/
[2026-08-27 09:37:17] Run outputs will be written as txt files in manuscript/Tranfer/
[2026-08-27 09:37:17]   - generate:      <MODEL>_<DATASET>_<ATTACK>_<KIND>_generate_run.txt
[2026-08-27 09:37:17] Run outputs will be written as txt files in manuscript/Tranfer/
[2026-08-27 09:37:17]   - generate:      <MODEL>_<DATASET>_<ATTACK>_<KIND>_generate_run.txt
[2026-08-27 09:37:17]   - analyze:       adversarial_analyze_run.txt
[2026-08-27 09:37:17]   - generate:      <MODEL>_<DATASET>_<ATTACK>_<KIND>_generate_run.txt
[2026-08-27 09:37:17]   - analyze:       adversarial_analyze_run.txt
[2026-08-27 09:37:17]   - plot:          adversarial_plot_run.txt
[2026-08-27 09:37:17]   - analyze:       adversarial_analyze_run.txt
[2026-08-27 09:37:17]   - plot:          adversarial_plot_run.txt
[2026-08-27 09:37:17]   - gradient_sim:  adversarial_gradient_sim_run.txt
[2026-08-27 09:37:17]   - plot:          adversarial_plot_run.txt
[2026-08-27 09:37:17]   - gradient_sim:  adversarial_gradient_sim_run.txt
[2026-08-27 09:37:17]   - epsilon_sweep: adversarial_epsilon_sweep_run.txt
[2026-08-27 09:37:17]   - gradient_sim:  adversarial_gradient_sim_run.txt
[2026-08-27 09:37:17]   - epsilon_sweep: adversarial_epsilon_sweep_run.txt
[2026-08-27 09:37:17]   - statistics:    adversarial_statistics_run.txt
[2026-08-27 09:37:17]   - epsilon_sweep: adversarial_epsilon_sweep_run.txt
[2026-08-27 09:37:17]   - statistics:    adversarial_statistics_run.txt
[2026-08-27 09:37:17]   - cka:           adversarial_cka_run.txt
[2026-08-27 09:37:17]   - statistics:    adversarial_statistics_run.txt
[2026-08-27 09:37:17]   - cka:           adversarial_cka_run.txt
[2026-08-27 09:37:17]   - compare:       adversarial_compare_run.txt
[2026-08-27 09:37:17]   - cka:           adversarial_cka_run.txt
[2026-08-27 09:37:17]   - compare:       adversarial_compare_run.txt
[2026-08-27 09:37:17]   - compute_tradeoff: adversarial_compute_tradeoff_run.txt
[2026-08-27 09:37:17]   - compare:       adversarial_compare_run.txt
[2026-08-27 09:37:17]   - compute_tradeoff: adversarial_compute_tradeoff_run.txt
[2026-08-27 09:37:17]   - correlations:  adversarial_correlations_run.txt
[2026-08-27 09:37:17]   - compute_tradeoff: adversarial_compute_tradeoff_run.txt
[2026-08-27 09:37:17]   - correlations:  adversarial_correlations_run.txt
[2026-08-27 09:37:17] [PHASE: GENERATE] Submitting attack generation jobs...
[2026-08-27 09:37:17]   - correlations:  adversarial_correlations_run.txt
[2026-08-27 09:37:17] [PHASE: GENERATE] Submitting attack generation jobs...
[2026-08-27 09:37:17] [SUBMIT] VGG16/Cifar10/PGD/ALL
[2026-08-27 09:37:17] [PHASE: GENERATE] Submitting attack generation jobs...
[2026-08-27 09:37:17] [CMD] qsub -q all.q -l ngpus=1 -v MODEL="VGG16",DATASET="Cifar10",ATTACK="PGD",KIND="ALL",PHASE="generate",OUTPUT_DIR="adversarial_results_ep300_pre100" adversarial_hpc_submit.pbs </dev/null
[2026-08-27 09:37:17] [SUBMIT] VGG16/Cifar10/PGD/ALL
[2026-08-27 09:37:17] [SUBMIT] VGG16/Cifar10/PGD/ALL
[2026-08-27 09:37:17] [CMD] qsub -q all.q -l ngpus=1 -v MODEL="VGG16",DATASET="Cifar10",ATTACK="PGD",KIND="ALL",PHASE="generate",OUTPUT_DIR="adversarial_results_ep100_pre300" adversarial_hpc_submit.pbs </dev/null
[2026-08-27 09:37:17] [CMD] qsub -q all.q -l ngpus=1 -v MODEL="VGG16",DATASET="Cifar10",ATTACK="PGD",KIND="ALL",PHASE="generate",OUTPUT_DIR="adversarial_results_ep200_pre200" adversarial_hpc_submit.pbs </dev/null
[2026-08-27 09:37:23] [OK] VGG16/Cifar10/PGD/ALL
[2026-08-27 09:37:23] [OK] qsub output: Your job 6436130 ("adversarial_hpc_submit.pbs") has been submitted
[2026-08-27 09:37:23] [SUBMIT] VGG16/Cifar10/FGSM/ALL
[2026-08-27 09:37:23] [CMD] qsub -q all.q -l ngpus=1 -v MODEL="VGG16",DATASET="Cifar10",ATTACK="FGSM",KIND="ALL",PHASE="generate",OUTPUT_DIR="adversarial_results_ep300_pre100" adversarial_hpc_submit.pbs </dev/null
[2026-08-27 09:37:26] [OK] VGG16/Cifar10/PGD/ALL
[2026-08-27 09:37:26] [OK] qsub output: Your job 6436131 ("adversarial_hpc_submit.pbs") has been submitted
[2026-08-27 09:37:26] [SUBMIT] VGG16/Cifar10/FGSM/ALL
[2026-08-27 09:37:26] [CMD] qsub -q all.q -l ngpus=1 -v MODEL="VGG16",DATASET="Cifar10",ATTACK="FGSM",KIND="ALL",PHASE="generate",OUTPUT_DIR="adversarial_results_ep100_pre300" adversarial_hpc_submit.pbs </dev/null
[2026-08-27 09:37:29] [OK] VGG16/Cifar10/FGSM/ALL
[2026-08-27 09:37:29] [OK] qsub output: Your job 6436133 ("adversarial_hpc_submit.pbs") has been submitted
[2026-08-27 09:37:29] [SUBMIT] VGG16/Cifar10/IFGSM/ALL
[2026-08-27 09:37:29] [CMD] qsub -q all.q -l ngpus=1 -v MODEL="VGG16",DATASET="Cifar10",ATTACK="IFGSM",KIND="ALL",PHASE="generate",OUTPUT_DIR="adversarial_results_ep300_pre100" adversarial_hpc_submit.pbs </dev/null
[2026-08-27 09:37:30] [OK] VGG16/Cifar10/PGD/ALL
[2026-08-27 09:37:30] [OK] qsub output: Your job 6436132 ("adversarial_hpc_submit.pbs") has been submitted
[2026-08-27 09:37:30] [SUBMIT] VGG16/Cifar10/FGSM/ALL
[2026-08-27 09:37:30] [CMD] qsub -q all.q -l ngpus=1 -v MODEL="VGG16",DATASET="Cifar10",ATTACK="FGSM",KIND="ALL",PHASE="generate",OUTPUT_DIR="adversarial_results_ep200_pre200" adversarial_hpc_submit.pbs </dev/null
[2026-08-27 09:37:32] [OK] VGG16/Cifar10/IFGSM/ALL
[2026-08-27 09:37:32] [OK] qsub output: Your job 6436135 ("adversarial_hpc_submit.pbs") has been submitted
[2026-08-27 09:37:33] [SUBMIT] VGG16/Cifar10/BIM/ALL
[2026-08-27 09:37:33] [CMD] qsub -q all.q -l ngpus=1 -v MODEL="VGG16",DATASET="Cifar10",ATTACK="BIM",KIND="ALL",PHASE="generate",OUTPUT_DIR="adversarial_results_ep300_pre100" adversarial_hpc_submit.pbs </dev/null
[2026-08-27 09:37:36] [OK] VGG16/Cifar10/FGSM/ALL
[2026-08-27 09:37:36] [OK] qsub output: Your job 6436136 ("adversarial_hpc_submit.pbs") has been submitted
[2026-08-27 09:37:36] [SUBMIT] VGG16/Cifar10/IFGSM/ALL
[2026-08-27 09:37:36] [CMD] qsub -q all.q -l ngpus=1 -v MODEL="VGG16",DATASET="Cifar10",ATTACK="IFGSM",KIND="ALL",PHASE="generate",OUTPUT_DIR="adversarial_results_ep200_pre200" adversarial_hpc_submit.pbs </dev/null
[2026-08-27 09:37:38] [OK] VGG16/Cifar10/FGSM/ALL
[2026-08-27 09:37:38] [OK] qsub output: Your job 6436134 ("adversarial_hpc_submit.pbs") has been submitted
[2026-08-27 09:37:38] [SUBMIT] VGG16/Cifar10/IFGSM/ALL
[2026-08-27 09:37:38] [CMD] qsub -q all.q -l ngpus=1 -v MODEL="VGG16",DATASET="Cifar10",ATTACK="IFGSM",KIND="ALL",PHASE="generate",OUTPUT_DIR="adversarial_results_ep100_pre300" adversarial_hpc_submit.pbs </dev/null
[2026-08-27 09:37:39] [OK] VGG16/Cifar10/BIM/ALL
[2026-08-27 09:37:39] [OK] qsub output: Your job 6436137 ("adversarial_hpc_submit.pbs") has been submitted
[2026-08-27 09:37:39] [SUBMIT] VGG16/Cifar10/APGD/ALL
[2026-08-27 09:37:39] [CMD] qsub -q all.q -l ngpus=1 -v MODEL="VGG16",DATASET="Cifar10",ATTACK="APGD",KIND="ALL",PHASE="generate",OUTPUT_DIR="adversarial_results_ep300_pre100" adversarial_hpc_submit.pbs </dev/null
[2026-08-27 09:37:41] [OK] VGG16/Cifar10/IFGSM/ALL
[2026-08-27 09:37:41] [OK] qsub output: Your job 6436139 ("adversarial_hpc_submit.pbs") has been submitted
[2026-08-27 09:37:41] [SUBMIT] VGG16/Cifar10/BIM/ALL
[2026-08-27 09:37:41] [CMD] qsub -q all.q -l ngpus=1 -v MODEL="VGG16",DATASET="Cifar10",ATTACK="BIM",KIND="ALL",PHASE="generate",OUTPUT_DIR="adversarial_results_ep100_pre300" adversarial_hpc_submit.pbs </dev/null
[2026-08-27 09:37:43] [OK] VGG16/Cifar10/APGD/ALL
[2026-08-27 09:37:43] [OK] qsub output: Your job 6436140 ("adversarial_hpc_submit.pbs") has been submitted
[2026-08-27 09:37:43] [SUBMIT] VGG16/Cifar10/CW/ALL
[2026-08-27 09:37:43] [CMD] qsub -q all.q -l ngpus=1 -v MODEL="VGG16",DATASET="Cifar10",ATTACK="CW",KIND="ALL",PHASE="generate",OUTPUT_DIR="adversarial_results_ep300_pre100" adversarial_hpc_submit.pbs </dev/null
[2026-08-27 09:37:45] [OK] VGG16/Cifar10/IFGSM/ALL
[2026-08-27 09:37:45] [OK] qsub output: Your job 6436138 ("adversarial_hpc_submit.pbs") has been submitted
[2026-08-27 09:37:45] [SUBMIT] VGG16/Cifar10/BIM/ALL
[2026-08-27 09:37:45] [CMD] qsub -q all.q -l ngpus=1 -v MODEL="VGG16",DATASET="Cifar10",ATTACK="BIM",KIND="ALL",PHASE="generate",OUTPUT_DIR="adversarial_results_ep200_pre200" adversarial_hpc_submit.pbs </dev/null
[2026-08-27 09:37:52] [OK] VGG16/Cifar10/CW/ALL
[2026-08-27 09:37:52] [OK] qsub output: Your job 6436142 ("adversarial_hpc_submit.pbs") has been submitted
[2026-08-27 09:37:52] [SUBMIT] VGG16/Cifar10/DeepFool/ALL
[2026-08-27 09:37:52] [CMD] qsub -q all.q -l ngpus=1 -v MODEL="VGG16",DATASET="Cifar10",ATTACK="DeepFool",KIND="ALL",PHASE="generate",OUTPUT_DIR="adversarial_results_ep300_pre100" adversarial_hpc_submit.pbs </dev/null
[2026-08-27 09:37:52] [OK] VGG16/Cifar10/BIM/ALL
[2026-08-27 09:37:52] [OK] qsub output: Your job 6436141 ("adversarial_hpc_submit.pbs") has been submitted
[2026-08-27 09:37:53] [SUBMIT] VGG16/Cifar10/APGD/ALL
[2026-08-27 09:37:53] [CMD] qsub -q all.q -l ngpus=1 -v MODEL="VGG16",DATASET="Cifar10",ATTACK="APGD",KIND="ALL",PHASE="generate",OUTPUT_DIR="adversarial_results_ep100_pre300" adversarial_hpc_submit.pbs </dev/null
[2026-08-27 09:37:54] [OK] VGG16/Cifar10/DeepFool/ALL
[2026-08-27 09:37:54] [OK] qsub output: Your job 6436144 ("adversarial_hpc_submit.pbs") has been submitted
[2026-08-27 09:37:54] [SUBMIT] VGG16/Cifar100/PGD/ALL
[2026-08-27 09:37:54] [CMD] qsub -q all.q -l ngpus=1 -v MODEL="VGG16",DATASET="Cifar100",ATTACK="PGD",KIND="ALL",PHASE="generate",OUTPUT_DIR="adversarial_results_ep300_pre100" adversarial_hpc_submit.pbs </dev/null
[2026-08-27 09:37:57] [OK] VGG16/Cifar10/APGD/ALL
[2026-08-27 09:37:57] [OK] qsub output: Your job 6436145 ("adversarial_hpc_submit.pbs") has been submitted
[2026-08-27 09:37:57] [SUBMIT] VGG16/Cifar10/CW/ALL
[2026-08-27 09:37:57] [CMD] qsub -q all.q -l ngpus=1 -v MODEL="VGG16",DATASET="Cifar10",ATTACK="CW",KIND="ALL",PHASE="generate",OUTPUT_DIR="adversarial_results_ep100_pre300" adversarial_hpc_submit.pbs </dev/null
[2026-08-27 09:37:58] [OK] VGG16/Cifar10/BIM/ALL
[2026-08-27 09:37:58] [OK] qsub output: Your job 6436143 ("adversarial_hpc_submit.pbs") has been submitted
[2026-08-27 09:37:58] [SUBMIT] VGG16/Cifar10/APGD/ALL
[2026-08-27 09:37:58] [CMD] qsub -q all.q -l ngpus=1 -v MODEL="VGG16",DATASET="Cifar10",ATTACK="APGD",KIND="ALL",PHASE="generate",OUTPUT_DIR="adversarial_results_ep200_pre200" adversarial_hpc_submit.pbs </dev/null
[2026-08-27 09:38:05] [OK] VGG16/Cifar10/CW/ALL
[2026-08-27 09:38:05] [OK] qsub output: Your job 6436147 ("adversarial_hpc_submit.pbs") has been submitted
[2026-08-27 09:38:06] [SUBMIT] VGG16/Cifar10/DeepFool/ALL
[2026-08-27 09:38:06] [CMD] qsub -q all.q -l ngpus=1 -v MODEL="VGG16",DATASET="Cifar10",ATTACK="DeepFool",KIND="ALL",PHASE="generate",OUTPUT_DIR="adversarial_results_ep100_pre300" adversarial_hpc_submit.pbs </dev/null
[2026-08-27 09:38:07] [OK] VGG16/Cifar100/PGD/ALL
[2026-08-27 09:38:07] [OK] qsub output: Your job 6436146 ("adversarial_hpc_submit.pbs") has been submitted
[2026-08-27 09:38:07] [SUBMIT] VGG16/Cifar100/FGSM/ALL
[2026-08-27 09:38:07] [CMD] qsub -q all.q -l ngpus=1 -v MODEL="VGG16",DATASET="Cifar100",ATTACK="FGSM",KIND="ALL",PHASE="generate",OUTPUT_DIR="adversarial_results_ep300_pre100" adversarial_hpc_submit.pbs </dev/null
[2026-08-27 09:38:13] [OK] VGG16/Cifar10/DeepFool/ALL
[2026-08-27 09:38:13] [OK] qsub output: Your job 6436149 ("adversarial_hpc_submit.pbs") has been submitted
[2026-08-27 09:38:13] [SUBMIT] VGG16/Cifar100/PGD/ALL
[2026-08-27 09:38:13] [CMD] qsub -q all.q -l ngpus=1 -v MODEL="VGG16",DATASET="Cifar100",ATTACK="PGD",KIND="ALL",PHASE="generate",OUTPUT_DIR="adversarial_results_ep100_pre300" adversarial_hpc_submit.pbs </dev/null
[2026-08-27 09:38:15] [OK] VGG16/Cifar10/APGD/ALL
[2026-08-27 09:38:15] [OK] qsub output: Your job 6436148 ("adversarial_hpc_submit.pbs") has been submitted
[2026-08-27 09:38:15] [SUBMIT] VGG16/Cifar10/CW/ALL
[2026-08-27 09:38:15] [CMD] qsub -q all.q -l ngpus=1 -v MODEL="VGG16",DATASET="Cifar10",ATTACK="CW",KIND="ALL",PHASE="generate",OUTPUT_DIR="adversarial_results_ep200_pre200" adversarial_hpc_submit.pbs </dev/null
[2026-08-27 09:38:18] [OK] VGG16/Cifar100/PGD/ALL
[2026-08-27 09:38:18] [OK] qsub output: Your job 6436151 ("adversarial_hpc_submit.pbs") has been submitted
[2026-08-27 09:38:18] [SUBMIT] VGG16/Cifar100/FGSM/ALL
[2026-08-27 09:38:18] [CMD] qsub -q all.q -l ngpus=1 -v MODEL="VGG16",DATASET="Cifar100",ATTACK="FGSM",KIND="ALL",PHASE="generate",OUTPUT_DIR="adversarial_results_ep100_pre300" adversarial_hpc_submit.pbs </dev/null
[2026-08-27 09:38:22] [OK] VGG16/Cifar100/FGSM/ALL
[2026-08-27 09:38:22] [OK] qsub output: Your job 6436150 ("adversarial_hpc_submit.pbs") has been submitted
[2026-08-27 09:38:22] [SUBMIT] VGG16/Cifar100/IFGSM/ALL
[2026-08-27 09:38:22] [CMD] qsub -q all.q -l ngpus=1 -v MODEL="VGG16",DATASET="Cifar100",ATTACK="IFGSM",KIND="ALL",PHASE="generate",OUTPUT_DIR="adversarial_results_ep300_pre100" adversarial_hpc_submit.pbs </dev/null
[2026-08-27 09:38:23] [OK] VGG16/Cifar10/CW/ALL
[2026-08-27 09:38:23] [OK] qsub output: Your job 6436152 ("adversarial_hpc_submit.pbs") has been submitted
[2026-08-27 09:38:23] [SUBMIT] VGG16/Cifar10/DeepFool/ALL
[2026-08-27 09:38:23] [CMD] qsub -q all.q -l ngpus=1 -v MODEL="VGG16",DATASET="Cifar10",ATTACK="DeepFool",KIND="ALL",PHASE="generate",OUTPUT_DIR="adversarial_results_ep200_pre200" adversarial_hpc_submit.pbs </dev/null
[2026-08-27 09:38:25] [OK] VGG16/Cifar100/IFGSM/ALL
[2026-08-27 09:38:25] [OK] qsub output: Your job 6436154 ("adversarial_hpc_submit.pbs") has been submitted
[2026-08-27 09:38:25] [SUBMIT] VGG16/Cifar100/BIM/ALL
[2026-08-27 09:38:25] [CMD] qsub -q all.q -l ngpus=1 -v MODEL="VGG16",DATASET="Cifar100",ATTACK="BIM",KIND="ALL",PHASE="generate",OUTPUT_DIR="adversarial_results_ep300_pre100" adversarial_hpc_submit.pbs </dev/null
[2026-08-27 09:38:29] [OK] VGG16/Cifar100/FGSM/ALL
[2026-08-27 09:38:29] [OK] qsub output: Your job 6436153 ("adversarial_hpc_submit.pbs") has been submitted
[2026-08-27 09:38:29] [SUBMIT] VGG16/Cifar100/IFGSM/ALL
[2026-08-27 09:38:29] [CMD] qsub -q all.q -l ngpus=1 -v MODEL="VGG16",DATASET="Cifar100",ATTACK="IFGSM",KIND="ALL",PHASE="generate",OUTPUT_DIR="adversarial_results_ep100_pre300" adversarial_hpc_submit.pbs </dev/null
[2026-08-27 09:38:32] [OK] VGG16/Cifar10/DeepFool/ALL
[2026-08-27 09:38:32] [OK] qsub output: Your job 6436155 ("adversarial_hpc_submit.pbs") has been submitted
[2026-08-27 09:38:32] [SUBMIT] VGG16/Cifar100/PGD/ALL
[2026-08-27 09:38:32] [CMD] qsub -q all.q -l ngpus=1 -v MODEL="VGG16",DATASET="Cifar100",ATTACK="PGD",KIND="ALL",PHASE="generate",OUTPUT_DIR="adversarial_results_ep200_pre200" adversarial_hpc_submit.pbs </dev/null
[2026-08-27 09:38:36] [OK] VGG16/Cifar100/BIM/ALL
[2026-08-27 09:38:36] [OK] qsub output: Your job 6436156 ("adversarial_hpc_submit.pbs") has been submitted
[2026-08-27 09:38:36] [SUBMIT] VGG16/Cifar100/APGD/ALL
[2026-08-27 09:38:36] [CMD] qsub -q all.q -l ngpus=1 -v MODEL="VGG16",DATASET="Cifar100",ATTACK="APGD",KIND="ALL",PHASE="generate",OUTPUT_DIR="adversarial_results_ep300_pre100" adversarial_hpc_submit.pbs </dev/null
[2026-08-27 09:38:38] [OK] VGG16/Cifar100/IFGSM/ALL
[2026-08-27 09:38:38] [OK] qsub output: Your job 6436157 ("adversarial_hpc_submit.pbs") has been submitted
[2026-08-27 09:38:38] [SUBMIT] VGG16/Cifar100/BIM/ALL
[2026-08-27 09:38:38] [CMD] qsub -q all.q -l ngpus=1 -v MODEL="VGG16",DATASET="Cifar100",ATTACK="BIM",KIND="ALL",PHASE="generate",OUTPUT_DIR="adversarial_results_ep100_pre300" adversarial_hpc_submit.pbs </dev/null
[2026-08-27 09:38:45] [OK] VGG16/Cifar100/APGD/ALL
[2026-08-27 09:38:45] [OK] qsub output: Your job 6436159 ("adversarial_hpc_submit.pbs") has been submitted
[2026-08-27 09:38:45] [OK] VGG16/Cifar100/PGD/ALL
[2026-08-27 09:38:45] [OK] qsub output: Your job 6436158 ("adversarial_hpc_submit.pbs") has been submitted
[2026-08-27 09:38:45] [SUBMIT] VGG16/Cifar100/CW/ALL
[2026-08-27 09:38:45] [CMD] qsub -q all.q -l ngpus=1 -v MODEL="VGG16",DATASET="Cifar100",ATTACK="CW",KIND="ALL",PHASE="generate",OUTPUT_DIR="adversarial_results_ep300_pre100" adversarial_hpc_submit.pbs </dev/null
[2026-08-27 09:38:45] [SUBMIT] VGG16/Cifar100/FGSM/ALL
[2026-08-27 09:38:45] [CMD] qsub -q all.q -l ngpus=1 -v MODEL="VGG16",DATASET="Cifar100",ATTACK="FGSM",KIND="ALL",PHASE="generate",OUTPUT_DIR="adversarial_results_ep200_pre200" adversarial_hpc_submit.pbs </dev/null
[2026-08-27 09:38:50] [OK] VGG16/Cifar100/BIM/ALL
[2026-08-27 09:38:50] [OK] qsub output: Your job 6436160 ("adversarial_hpc_submit.pbs") has been submitted
[2026-08-27 09:38:50] [SUBMIT] VGG16/Cifar100/APGD/ALL
[2026-08-27 09:38:50] [CMD] qsub -q all.q -l ngpus=1 -v MODEL="VGG16",DATASET="Cifar100",ATTACK="APGD",KIND="ALL",PHASE="generate",OUTPUT_DIR="adversarial_results_ep100_pre300" adversarial_hpc_submit.pbs </dev/null
[2026-08-27 09:38:52] [OK] VGG16/Cifar100/CW/ALL
[2026-08-27 09:38:52] [OK] qsub output: Your job 6436161 ("adversarial_hpc_submit.pbs") has been submitted
[2026-08-27 09:38:52] [SUBMIT] VGG16/Cifar100/DeepFool/ALL
[2026-08-27 09:38:52] [CMD] qsub -q all.q -l ngpus=1 -v MODEL="VGG16",DATASET="Cifar100",ATTACK="DeepFool",KIND="ALL",PHASE="generate",OUTPUT_DIR="adversarial_results_ep300_pre100" adversarial_hpc_submit.pbs </dev/null
[2026-08-27 09:38:56] [OK] VGG16/Cifar100/APGD/ALL
[2026-08-27 09:38:56] [OK] qsub output: Your job 6436163 ("adversarial_hpc_submit.pbs") has been submitted
[2026-08-27 09:38:56] [SUBMIT] VGG16/Cifar100/CW/ALL
[2026-08-27 09:38:56] [CMD] qsub -q all.q -l ngpus=1 -v MODEL="VGG16",DATASET="Cifar100",ATTACK="CW",KIND="ALL",PHASE="generate",OUTPUT_DIR="adversarial_results_ep100_pre300" adversarial_hpc_submit.pbs </dev/null
[2026-08-27 09:38:58] [OK] VGG16/Cifar100/DeepFool/ALL
[2026-08-27 09:38:59] [OK] qsub output: Your job 6436164 ("adversarial_hpc_submit.pbs") has been submitted
[2026-08-27 09:38:59] [SUBMIT] RegNetX_400MF/Cifar10/PGD/ALL
[2026-08-27 09:38:59] [CMD] qsub -q all.q -l ngpus=1 -v MODEL="RegNetX_400MF",DATASET="Cifar10",ATTACK="PGD",KIND="ALL",PHASE="generate",OUTPUT_DIR="adversarial_results_ep300_pre100" adversarial_hpc_submit.pbs </dev/null
[2026-08-27 09:38:59] [OK] VGG16/Cifar100/FGSM/ALL
[2026-08-27 09:38:59] [OK] qsub output: Your job 6436162 ("adversarial_hpc_submit.pbs") has been submitted
[2026-08-27 09:38:59] [SUBMIT] VGG16/Cifar100/IFGSM/ALL
[2026-08-27 09:38:59] [CMD] qsub -q all.q -l ngpus=1 -v MODEL="VGG16",DATASET="Cifar100",ATTACK="IFGSM",KIND="ALL",PHASE="generate",OUTPUT_DIR="adversarial_results_ep200_pre200" adversarial_hpc_submit.pbs </dev/null
[2026-08-27 09:39:06] [OK] VGG16/Cifar100/CW/ALL
[2026-08-27 09:39:06] [OK] qsub output: Your job 6436166 ("adversarial_hpc_submit.pbs") has been submitted
[2026-08-27 09:39:06] [SUBMIT] VGG16/Cifar100/DeepFool/ALL
[2026-08-27 09:39:06] [CMD] qsub -q all.q -l ngpus=1 -v MODEL="VGG16",DATASET="Cifar100",ATTACK="DeepFool",KIND="ALL",PHASE="generate",OUTPUT_DIR="adversarial_results_ep100_pre300" adversarial_hpc_submit.pbs </dev/null
[2026-08-27 09:39:08] [OK] RegNetX_400MF/Cifar10/PGD/ALL
[2026-08-27 09:39:08] [OK] qsub output: Your job 6436168 ("adversarial_hpc_submit.pbs") has been submitted
[2026-08-27 09:39:08] [SUBMIT] RegNetX_400MF/Cifar10/FGSM/ALL
[2026-08-27 09:39:08] [CMD] qsub -q all.q -l ngpus=1 -v MODEL="RegNetX_400MF",DATASET="Cifar10",ATTACK="FGSM",KIND="ALL",PHASE="generate",OUTPUT_DIR="adversarial_results_ep300_pre100" adversarial_hpc_submit.pbs </dev/null
[2026-08-27 09:39:17] [OK] VGG16/Cifar100/IFGSM/ALL
[2026-08-27 09:39:17] [OK] qsub output: Your job 6436169 ("adversarial_hpc_submit.pbs") has been submitted
[2026-08-27 09:39:17] [SUBMIT] VGG16/Cifar100/BIM/ALL
[2026-08-27 09:39:17] [CMD] qsub -q all.q -l ngpus=1 -v MODEL="VGG16",DATASET="Cifar100",ATTACK="BIM",KIND="ALL",PHASE="generate",OUTPUT_DIR="adversarial_results_ep200_pre200" adversarial_hpc_submit.pbs </dev/null
[2026-08-27 09:39:18] [OK] VGG16/Cifar100/DeepFool/ALL
[2026-08-27 09:39:18] [OK] qsub output: Your job 6436170 ("adversarial_hpc_submit.pbs") has been submitted
[2026-08-27 09:39:18] [SUBMIT] RegNetX_400MF/Cifar10/PGD/ALL
[2026-08-27 09:39:18] [CMD] qsub -q all.q -l ngpus=1 -v MODEL="RegNetX_400MF",DATASET="Cifar10",ATTACK="PGD",KIND="ALL",PHASE="generate",OUTPUT_DIR="adversarial_results_ep100_pre300" adversarial_hpc_submit.pbs </dev/null
[2026-08-27 09:39:25] [OK] RegNetX_400MF/Cifar10/FGSM/ALL
[2026-08-27 09:39:25] [OK] qsub output: Your job 6436171 ("adversarial_hpc_submit.pbs") has been submitted
[2026-08-27 09:39:26] [SUBMIT] RegNetX_400MF/Cifar10/IFGSM/ALL
[2026-08-27 09:39:26] [CMD] qsub -q all.q -l ngpus=1 -v MODEL="RegNetX_400MF",DATASET="Cifar10",ATTACK="IFGSM",KIND="ALL",PHASE="generate",OUTPUT_DIR="adversarial_results_ep300_pre100" adversarial_hpc_submit.pbs </dev/null
[2026-08-27 09:39:30] [OK] VGG16/Cifar100/BIM/ALL
[2026-08-27 09:39:30] [OK] qsub output: Your job 6436173 ("adversarial_hpc_submit.pbs") has been submitted
[2026-08-27 09:39:30] [SUBMIT] VGG16/Cifar100/APGD/ALL
[2026-08-27 09:39:30] [CMD] qsub -q all.q -l ngpus=1 -v MODEL="VGG16",DATASET="Cifar100",ATTACK="APGD",KIND="ALL",PHASE="generate",OUTPUT_DIR="adversarial_results_ep200_pre200" adversarial_hpc_submit.pbs </dev/null
[2026-08-27 09:39:33] [OK] RegNetX_400MF/Cifar10/PGD/ALL
[2026-08-27 09:39:33] [OK] qsub output: Your job 6436174 ("adversarial_hpc_submit.pbs") has been submitted
[2026-08-27 09:39:34] [SUBMIT] RegNetX_400MF/Cifar10/FGSM/ALL
[2026-08-27 09:39:34] [CMD] qsub -q all.q -l ngpus=1 -v MODEL="RegNetX_400MF",DATASET="Cifar10",ATTACK="FGSM",KIND="ALL",PHASE="generate",OUTPUT_DIR="adversarial_results_ep100_pre300" adversarial_hpc_submit.pbs </dev/null
[2026-08-27 09:39:40] [OK] VGG16/Cifar100/APGD/ALL
[2026-08-27 09:39:40] [OK] qsub output: Your job 6436177 ("adversarial_hpc_submit.pbs") has been submitted
[2026-08-27 09:39:40] [SUBMIT] VGG16/Cifar100/CW/ALL
[2026-08-27 09:39:40] [CMD] qsub -q all.q -l ngpus=1 -v MODEL="VGG16",DATASET="Cifar100",ATTACK="CW",KIND="ALL",PHASE="generate",OUTPUT_DIR="adversarial_results_ep200_pre200" adversarial_hpc_submit.pbs </dev/null
[2026-08-27 09:39:42] [OK] RegNetX_400MF/Cifar10/IFGSM/ALL
[2026-08-27 09:39:42] [OK] qsub output: Your job 6436176 ("adversarial_hpc_submit.pbs") has been submitted
[2026-08-27 09:39:42] [SUBMIT] RegNetX_400MF/Cifar10/BIM/ALL
[2026-08-27 09:39:42] [CMD] qsub -q all.q -l ngpus=1 -v MODEL="RegNetX_400MF",DATASET="Cifar10",ATTACK="BIM",KIND="ALL",PHASE="generate",OUTPUT_DIR="adversarial_results_ep300_pre100" adversarial_hpc_submit.pbs </dev/null
[2026-08-27 09:39:46] [OK] RegNetX_400MF/Cifar10/FGSM/ALL
[2026-08-27 09:39:46] [OK] qsub output: Your job 6436178 ("adversarial_hpc_submit.pbs") has been submitted
[2026-08-27 09:39:46] [SUBMIT] RegNetX_400MF/Cifar10/IFGSM/ALL
[2026-08-27 09:39:46] [CMD] qsub -q all.q -l ngpus=1 -v MODEL="RegNetX_400MF",DATASET="Cifar10",ATTACK="IFGSM",KIND="ALL",PHASE="generate",OUTPUT_DIR="adversarial_results_ep100_pre300" adversarial_hpc_submit.pbs </dev/null
[2026-08-27 09:39:49] [OK] VGG16/Cifar100/CW/ALL
[2026-08-27 09:39:49] [OK] RegNetX_400MF/Cifar10/BIM/ALL
[2026-08-27 09:39:49] [OK] qsub output: Your job 6436179 ("adversarial_hpc_submit.pbs") has been submitted
[2026-08-27 09:39:49] [OK] qsub output: Your job 6436180 ("adversarial_hpc_submit.pbs") has been submitted
[2026-08-27 09:39:49] [SUBMIT] VGG16/Cifar100/DeepFool/ALL
[2026-08-27 09:39:49] [SUBMIT] RegNetX_400MF/Cifar10/APGD/ALL
[2026-08-27 09:39:49] [CMD] qsub -q all.q -l ngpus=1 -v MODEL="VGG16",DATASET="Cifar100",ATTACK="DeepFool",KIND="ALL",PHASE="generate",OUTPUT_DIR="adversarial_results_ep200_pre200" adversarial_hpc_submit.pbs </dev/null
[2026-08-27 09:39:49] [CMD] qsub -q all.q -l ngpus=1 -v MODEL="RegNetX_400MF",DATASET="Cifar10",ATTACK="APGD",KIND="ALL",PHASE="generate",OUTPUT_DIR="adversarial_results_ep300_pre100" adversarial_hpc_submit.pbs </dev/null
[2026-08-27 09:39:57] [OK] RegNetX_400MF/Cifar10/IFGSM/ALL
[2026-08-27 09:39:57] [OK] qsub output: Your job 6436181 ("adversarial_hpc_submit.pbs") has been submitted
[2026-08-27 09:39:57] [SUBMIT] RegNetX_400MF/Cifar10/BIM/ALL
[2026-08-27 09:39:57] [CMD] qsub -q all.q -l ngpus=1 -v MODEL="RegNetX_400MF",DATASET="Cifar10",ATTACK="BIM",KIND="ALL",PHASE="generate",OUTPUT_DIR="adversarial_results_ep100_pre300" adversarial_hpc_submit.pbs </dev/null
[2026-08-27 09:39:57] [OK] VGG16/Cifar100/DeepFool/ALL
[2026-08-27 09:39:57] [OK] qsub output: Your job 6436183 ("adversarial_hpc_submit.pbs") has been submitted
[2026-08-27 09:39:57] [SUBMIT] RegNetX_400MF/Cifar10/PGD/ALL
[2026-08-27 09:39:57] [CMD] qsub -q all.q -l ngpus=1 -v MODEL="RegNetX_400MF",DATASET="Cifar10",ATTACK="PGD",KIND="ALL",PHASE="generate",OUTPUT_DIR="adversarial_results_ep200_pre200" adversarial_hpc_submit.pbs </dev/null
[2026-08-27 09:40:04] [OK] RegNetX_400MF/Cifar10/BIM/ALL
[2026-08-27 09:40:04] [OK] qsub output: Your job 6436185 ("adversarial_hpc_submit.pbs") has been submitted
[2026-08-27 09:40:05] [SUBMIT] RegNetX_400MF/Cifar10/APGD/ALL
[2026-08-27 09:40:05] [CMD] qsub -q all.q -l ngpus=1 -v MODEL="RegNetX_400MF",DATASET="Cifar10",ATTACK="APGD",KIND="ALL",PHASE="generate",OUTPUT_DIR="adversarial_results_ep100_pre300" adversarial_hpc_submit.pbs </dev/null
[2026-08-27 09:40:06] [OK] RegNetX_400MF/Cifar10/APGD/ALL
[2026-08-27 09:40:06] [OK] qsub output: Your job 6436184 ("adversarial_hpc_submit.pbs") has been submitted
[2026-08-27 09:40:06] [SUBMIT] RegNetX_400MF/Cifar10/CW/ALL
[2026-08-27 09:40:06] [CMD] qsub -q all.q -l ngpus=1 -v MODEL="RegNetX_400MF",DATASET="Cifar10",ATTACK="CW",KIND="ALL",PHASE="generate",OUTPUT_DIR="adversarial_results_ep300_pre100" adversarial_hpc_submit.pbs </dev/null
[2026-08-27 09:40:13] [OK] RegNetX_400MF/Cifar10/PGD/ALL
[2026-08-27 09:40:13] [OK] qsub output: Your job 6436187 ("adversarial_hpc_submit.pbs") has been submitted
[2026-08-27 09:40:13] [SUBMIT] RegNetX_400MF/Cifar10/FGSM/ALL
[2026-08-27 09:40:13] [CMD] qsub -q all.q -l ngpus=1 -v MODEL="RegNetX_400MF",DATASET="Cifar10",ATTACK="FGSM",KIND="ALL",PHASE="generate",OUTPUT_DIR="adversarial_results_ep200_pre200" adversarial_hpc_submit.pbs </dev/null
[2026-08-27 09:40:18] [OK] RegNetX_400MF/Cifar10/APGD/ALL
[2026-08-27 09:40:18] [OK] qsub output: Your job 6436188 ("adversarial_hpc_submit.pbs") has been submitted
[2026-08-27 09:40:19] [SUBMIT] RegNetX_400MF/Cifar10/CW/ALL
[2026-08-27 09:40:19] [CMD] qsub -q all.q -l ngpus=1 -v MODEL="RegNetX_400MF",DATASET="Cifar10",ATTACK="CW",KIND="ALL",PHASE="generate",OUTPUT_DIR="adversarial_results_ep100_pre300" adversarial_hpc_submit.pbs </dev/null
[2026-08-27 09:40:21] [OK] RegNetX_400MF/Cifar10/CW/ALL
[2026-08-27 09:40:21] [OK] qsub output: Your job 6436189 ("adversarial_hpc_submit.pbs") has been submitted
[2026-08-27 09:40:21] [SUBMIT] RegNetX_400MF/Cifar10/DeepFool/ALL
[2026-08-27 09:40:21] [CMD] qsub -q all.q -l ngpus=1 -v MODEL="RegNetX_400MF",DATASET="Cifar10",ATTACK="DeepFool",KIND="ALL",PHASE="generate",OUTPUT_DIR="adversarial_results_ep300_pre100" adversarial_hpc_submit.pbs </dev/null
[2026-08-27 09:40:30] [OK] RegNetX_400MF/Cifar10/FGSM/ALL
[2026-08-27 09:40:30] [OK] qsub output: Your job 6436191 ("adversarial_hpc_submit.pbs") has been submitted
[2026-08-27 09:40:30] [SUBMIT] RegNetX_400MF/Cifar10/IFGSM/ALL
[2026-08-27 09:40:30] [CMD] qsub -q all.q -l ngpus=1 -v MODEL="RegNetX_400MF",DATASET="Cifar10",ATTACK="IFGSM",KIND="ALL",PHASE="generate",OUTPUT_DIR="adversarial_results_ep200_pre200" adversarial_hpc_submit.pbs </dev/null
[2026-08-27 09:40:34] [OK] RegNetX_400MF/Cifar10/CW/ALL
[2026-08-27 09:40:34] [OK] qsub output: Your job 6436193 ("adversarial_hpc_submit.pbs") has been submitted
[2026-08-27 09:40:34] [SUBMIT] RegNetX_400MF/Cifar10/DeepFool/ALL
[2026-08-27 09:40:34] [CMD] qsub -q all.q -l ngpus=1 -v MODEL="RegNetX_400MF",DATASET="Cifar10",ATTACK="DeepFool",KIND="ALL",PHASE="generate",OUTPUT_DIR="adversarial_results_ep100_pre300" adversarial_hpc_submit.pbs </dev/null
[2026-08-27 09:40:37] [OK] RegNetX_400MF/Cifar10/DeepFool/ALL
[2026-08-27 09:40:37] [OK] qsub output: Your job 6436194 ("adversarial_hpc_submit.pbs") has been submitted
[2026-08-27 09:40:37] [SUBMIT] RegNetX_400MF/Cifar100/PGD/ALL
[2026-08-27 09:40:37] [CMD] qsub -q all.q -l ngpus=1 -v MODEL="RegNetX_400MF",DATASET="Cifar100",ATTACK="PGD",KIND="ALL",PHASE="generate",OUTPUT_DIR="adversarial_results_ep300_pre100" adversarial_hpc_submit.pbs </dev/null
[2026-08-27 09:40:39] [OK] RegNetX_400MF/Cifar10/IFGSM/ALL
[2026-08-27 09:40:39] [OK] qsub output: Your job 6436195 ("adversarial_hpc_submit.pbs") has been submitted
[2026-08-27 09:40:39] [SUBMIT] RegNetX_400MF/Cifar10/BIM/ALL
[2026-08-27 09:40:39] [CMD] qsub -q all.q -l ngpus=1 -v MODEL="RegNetX_400MF",DATASET="Cifar10",ATTACK="BIM",KIND="ALL",PHASE="generate",OUTPUT_DIR="adversarial_results_ep200_pre200" adversarial_hpc_submit.pbs </dev/null
[2026-08-27 09:40:41] [OK] RegNetX_400MF/Cifar10/DeepFool/ALL
[2026-08-27 09:40:41] [OK] qsub output: Your job 6436196 ("adversarial_hpc_submit.pbs") has been submitted
[2026-08-27 09:40:41] [SUBMIT] RegNetX_400MF/Cifar100/PGD/ALL
[2026-08-27 09:40:41] [CMD] qsub -q all.q -l ngpus=1 -v MODEL="RegNetX_400MF",DATASET="Cifar100",ATTACK="PGD",KIND="ALL",PHASE="generate",OUTPUT_DIR="adversarial_results_ep100_pre300" adversarial_hpc_submit.pbs </dev/null
[2026-08-27 09:40:49] [OK] RegNetX_400MF/Cifar100/PGD/ALL
[2026-08-27 09:40:49] [OK] qsub output: Your job 6436197 ("adversarial_hpc_submit.pbs") has been submitted
[2026-08-27 09:40:49] [SUBMIT] RegNetX_400MF/Cifar100/FGSM/ALL
[2026-08-27 09:40:49] [CMD] qsub -q all.q -l ngpus=1 -v MODEL="RegNetX_400MF",DATASET="Cifar100",ATTACK="FGSM",KIND="ALL",PHASE="generate",OUTPUT_DIR="adversarial_results_ep300_pre100" adversarial_hpc_submit.pbs </dev/null
[2026-08-27 09:40:53] [OK] RegNetX_400MF/Cifar100/PGD/ALL
[2026-08-27 09:40:53] [OK] qsub output: Your job 6436200 ("adversarial_hpc_submit.pbs") has been submitted
[2026-08-27 09:40:53] [SUBMIT] RegNetX_400MF/Cifar100/FGSM/ALL
[2026-08-27 09:40:53] [CMD] qsub -q all.q -l ngpus=1 -v MODEL="RegNetX_400MF",DATASET="Cifar100",ATTACK="FGSM",KIND="ALL",PHASE="generate",OUTPUT_DIR="adversarial_results_ep100_pre300" adversarial_hpc_submit.pbs </dev/null
[2026-08-27 09:40:55] [OK] RegNetX_400MF/Cifar100/FGSM/ALL
[2026-08-27 09:40:55] [OK] qsub output: Your job 6436201 ("adversarial_hpc_submit.pbs") has been submitted
[2026-08-27 09:40:55] [SUBMIT] RegNetX_400MF/Cifar100/IFGSM/ALL
[2026-08-27 09:40:55] [CMD] qsub -q all.q -l ngpus=1 -v MODEL="RegNetX_400MF",DATASET="Cifar100",ATTACK="IFGSM",KIND="ALL",PHASE="generate",OUTPUT_DIR="adversarial_results_ep300_pre100" adversarial_hpc_submit.pbs </dev/null
[2026-08-27 09:40:57] [OK] RegNetX_400MF/Cifar10/BIM/ALL
[2026-08-27 09:40:57] [OK] qsub output: Your job 6436199 ("adversarial_hpc_submit.pbs") has been submitted
[2026-08-27 09:40:57] [SUBMIT] RegNetX_400MF/Cifar10/APGD/ALL
[2026-08-27 09:40:57] [CMD] qsub -q all.q -l ngpus=1 -v MODEL="RegNetX_400MF",DATASET="Cifar10",ATTACK="APGD",KIND="ALL",PHASE="generate",OUTPUT_DIR="adversarial_results_ep200_pre200" adversarial_hpc_submit.pbs </dev/null
[2026-08-27 09:40:59] [OK] RegNetX_400MF/Cifar100/FGSM/ALL
[2026-08-27 09:40:59] [OK] qsub output: Your job 6436203 ("adversarial_hpc_submit.pbs") has been submitted
[2026-08-27 09:40:59] [SUBMIT] RegNetX_400MF/Cifar100/IFGSM/ALL
[2026-08-27 09:40:59] [CMD] qsub -q all.q -l ngpus=1 -v MODEL="RegNetX_400MF",DATASET="Cifar100",ATTACK="IFGSM",KIND="ALL",PHASE="generate",OUTPUT_DIR="adversarial_results_ep100_pre300" adversarial_hpc_submit.pbs </dev/null
[2026-08-27 09:41:04] [OK] RegNetX_400MF/Cifar10/APGD/ALL
[2026-08-27 09:41:05] [OK] qsub output: Your job 6436206 ("adversarial_hpc_submit.pbs") has been submitted
[2026-08-27 09:41:05] [SUBMIT] RegNetX_400MF/Cifar10/CW/ALL
[2026-08-27 09:41:05] [CMD] qsub -q all.q -l ngpus=1 -v MODEL="RegNetX_400MF",DATASET="Cifar10",ATTACK="CW",KIND="ALL",PHASE="generate",OUTPUT_DIR="adversarial_results_ep200_pre200" adversarial_hpc_submit.pbs </dev/null
[2026-08-27 09:41:08] [OK] RegNetX_400MF/Cifar100/IFGSM/ALL
[2026-08-27 09:41:08] [OK] qsub output: Your job 6436205 ("adversarial_hpc_submit.pbs") has been submitted
[2026-08-27 09:41:08] [SUBMIT] RegNetX_400MF/Cifar100/BIM/ALL
[2026-08-27 09:41:08] [CMD] qsub -q all.q -l ngpus=1 -v MODEL="RegNetX_400MF",DATASET="Cifar100",ATTACK="BIM",KIND="ALL",PHASE="generate",OUTPUT_DIR="adversarial_results_ep300_pre100" adversarial_hpc_submit.pbs </dev/null
[2026-08-27 09:41:12] [OK] RegNetX_400MF/Cifar100/IFGSM/ALL
[2026-08-27 09:41:12] [OK] qsub output: Your job 6436207 ("adversarial_hpc_submit.pbs") has been submitted
[2026-08-27 09:41:12] [SUBMIT] RegNetX_400MF/Cifar100/BIM/ALL
[2026-08-27 09:41:12] [CMD] qsub -q all.q -l ngpus=1 -v MODEL="RegNetX_400MF",DATASET="Cifar100",ATTACK="BIM",KIND="ALL",PHASE="generate",OUTPUT_DIR="adversarial_results_ep100_pre300" adversarial_hpc_submit.pbs </dev/null
[2026-08-27 09:41:13] [OK] RegNetX_400MF/Cifar10/CW/ALL
[2026-08-27 09:41:13] [OK] qsub output: Your job 6436209 ("adversarial_hpc_submit.pbs") has been submitted
[2026-08-27 09:41:13] [SUBMIT] RegNetX_400MF/Cifar10/DeepFool/ALL
[2026-08-27 09:41:13] [CMD] qsub -q all.q -l ngpus=1 -v MODEL="RegNetX_400MF",DATASET="Cifar10",ATTACK="DeepFool",KIND="ALL",PHASE="generate",OUTPUT_DIR="adversarial_results_ep200_pre200" adversarial_hpc_submit.pbs </dev/null
[2026-08-27 09:41:16] [OK] RegNetX_400MF/Cifar100/BIM/ALL
[2026-08-27 09:41:16] [OK] qsub output: Your job 6436210 ("adversarial_hpc_submit.pbs") has been submitted
[2026-08-27 09:41:17] [SUBMIT] RegNetX_400MF/Cifar100/APGD/ALL
[2026-08-27 09:41:17] [CMD] qsub -q all.q -l ngpus=1 -v MODEL="RegNetX_400MF",DATASET="Cifar100",ATTACK="APGD",KIND="ALL",PHASE="generate",OUTPUT_DIR="adversarial_results_ep300_pre100" adversarial_hpc_submit.pbs </dev/null
[2026-08-27 09:41:22] [OK] RegNetX_400MF/Cifar100/BIM/ALL
[2026-08-27 09:41:22] [OK] qsub output: Your job 6436211 ("adversarial_hpc_submit.pbs") has been submitted
[2026-08-27 09:41:22] [SUBMIT] RegNetX_400MF/Cifar100/APGD/ALL
[2026-08-27 09:41:22] [OK] RegNetX_400MF/Cifar10/DeepFool/ALL
[2026-08-27 09:41:22] [CMD] qsub -q all.q -l ngpus=1 -v MODEL="RegNetX_400MF",DATASET="Cifar100",ATTACK="APGD",KIND="ALL",PHASE="generate",OUTPUT_DIR="adversarial_results_ep100_pre300" adversarial_hpc_submit.pbs </dev/null
[2026-08-27 09:41:22] [OK] qsub output: Your job 6436212 ("adversarial_hpc_submit.pbs") has been submitted
[2026-08-27 09:41:22] [SUBMIT] RegNetX_400MF/Cifar100/PGD/ALL
[2026-08-27 09:41:22] [CMD] qsub -q all.q -l ngpus=1 -v MODEL="RegNetX_400MF",DATASET="Cifar100",ATTACK="PGD",KIND="ALL",PHASE="generate",OUTPUT_DIR="adversarial_results_ep200_pre200" adversarial_hpc_submit.pbs </dev/null
[2026-08-27 09:41:23] [OK] RegNetX_400MF/Cifar100/APGD/ALL
[2026-08-27 09:41:23] [OK] qsub output: Your job 6436213 ("adversarial_hpc_submit.pbs") has been submitted
[2026-08-27 09:41:23] [SUBMIT] RegNetX_400MF/Cifar100/CW/ALL
[2026-08-27 09:41:23] [CMD] qsub -q all.q -l ngpus=1 -v MODEL="RegNetX_400MF",DATASET="Cifar100",ATTACK="CW",KIND="ALL",PHASE="generate",OUTPUT_DIR="adversarial_results_ep300_pre100" adversarial_hpc_submit.pbs </dev/null
[2026-08-27 09:41:28] [OK] RegNetX_400MF/Cifar100/PGD/ALL
[2026-08-27 09:41:29] [OK] qsub output: Your job 6436215 ("adversarial_hpc_submit.pbs") has been submitted
[2026-08-27 09:41:29] [SUBMIT] RegNetX_400MF/Cifar100/FGSM/ALL
[2026-08-27 09:41:29] [CMD] qsub -q all.q -l ngpus=1 -v MODEL="RegNetX_400MF",DATASET="Cifar100",ATTACK="FGSM",KIND="ALL",PHASE="generate",OUTPUT_DIR="adversarial_results_ep200_pre200" adversarial_hpc_submit.pbs </dev/null
[2026-08-27 09:41:30] [OK] RegNetX_400MF/Cifar100/APGD/ALL
[2026-08-27 09:41:30] [OK] qsub output: Your job 6436214 ("adversarial_hpc_submit.pbs") has been submitted
[2026-08-27 09:41:30] [SUBMIT] RegNetX_400MF/Cifar100/CW/ALL
[2026-08-27 09:41:30] [CMD] qsub -q all.q -l ngpus=1 -v MODEL="RegNetX_400MF",DATASET="Cifar100",ATTACK="CW",KIND="ALL",PHASE="generate",OUTPUT_DIR="adversarial_results_ep100_pre300" adversarial_hpc_submit.pbs </dev/null
[2026-08-27 09:41:32] [OK] RegNetX_400MF/Cifar100/FGSM/ALL
[2026-08-27 09:41:32] [OK] qsub output: Your job 6436217 ("adversarial_hpc_submit.pbs") has been submitted
[2026-08-27 09:41:32] [SUBMIT] RegNetX_400MF/Cifar100/IFGSM/ALL
[2026-08-27 09:41:32] [CMD] qsub -q all.q -l ngpus=1 -v MODEL="RegNetX_400MF",DATASET="Cifar100",ATTACK="IFGSM",KIND="ALL",PHASE="generate",OUTPUT_DIR="adversarial_results_ep200_pre200" adversarial_hpc_submit.pbs </dev/null
[2026-08-27 09:41:34] [OK] RegNetX_400MF/Cifar100/CW/ALL
[2026-08-27 09:41:34] [OK] qsub output: Your job 6436218 ("adversarial_hpc_submit.pbs") has been submitted
[2026-08-27 09:41:34] [SUBMIT] RegNetX_400MF/Cifar100/DeepFool/ALL
[2026-08-27 09:41:34] [CMD] qsub -q all.q -l ngpus=1 -v MODEL="RegNetX_400MF",DATASET="Cifar100",ATTACK="DeepFool",KIND="ALL",PHASE="generate",OUTPUT_DIR="adversarial_results_ep100_pre300" adversarial_hpc_submit.pbs </dev/null
[2026-08-27 09:41:37] [OK] RegNetX_400MF/Cifar100/CW/ALL
[2026-08-27 09:41:37] [OK] qsub output: Your job 6436216 ("adversarial_hpc_submit.pbs") has been submitted
[2026-08-27 09:41:37] [SUBMIT] RegNetX_400MF/Cifar100/DeepFool/ALL
[2026-08-27 09:41:37] [CMD] qsub -q all.q -l ngpus=1 -v MODEL="RegNetX_400MF",DATASET="Cifar100",ATTACK="DeepFool",KIND="ALL",PHASE="generate",OUTPUT_DIR="adversarial_results_ep300_pre100" adversarial_hpc_submit.pbs </dev/null
[2026-08-27 09:41:39] [OK] RegNetX_400MF/Cifar100/DeepFool/ALL
[2026-08-27 09:41:39] [OK] qsub output: Your job 6436220 ("adversarial_hpc_submit.pbs") has been submitted
[2026-08-27 09:41:39] [SUBMIT] InceptionNet/Cifar10/PGD/ALL
[2026-08-27 09:41:39] [CMD] qsub -q all.q -l ngpus=1 -v MODEL="InceptionNet",DATASET="Cifar10",ATTACK="PGD",KIND="ALL",PHASE="generate",OUTPUT_DIR="adversarial_results_ep100_pre300" adversarial_hpc_submit.pbs </dev/null
[2026-08-27 09:41:40] [OK] RegNetX_400MF/Cifar100/IFGSM/ALL
[2026-08-27 09:41:40] [OK] qsub output: Your job 6436219 ("adversarial_hpc_submit.pbs") has been submitted
[2026-08-27 09:41:40] [SUBMIT] RegNetX_400MF/Cifar100/BIM/ALL
[2026-08-27 09:41:40] [CMD] qsub -q all.q -l ngpus=1 -v MODEL="RegNetX_400MF",DATASET="Cifar100",ATTACK="BIM",KIND="ALL",PHASE="generate",OUTPUT_DIR="adversarial_results_ep200_pre200" adversarial_hpc_submit.pbs </dev/null
[2026-08-27 09:41:43] [OK] InceptionNet/Cifar10/PGD/ALL
[2026-08-27 09:41:43] [OK] qsub output: Your job 6436222 ("adversarial_hpc_submit.pbs") has been submitted
[2026-08-27 09:41:43] [OK] RegNetX_400MF/Cifar100/DeepFool/ALL
[2026-08-27 09:41:43] [OK] qsub output: Your job 6436221 ("adversarial_hpc_submit.pbs") has been submitted
[2026-08-27 09:41:44] [SUBMIT] InceptionNet/Cifar10/FGSM/ALL
[2026-08-27 09:41:44] [CMD] qsub -q all.q -l ngpus=1 -v MODEL="InceptionNet",DATASET="Cifar10",ATTACK="FGSM",KIND="ALL",PHASE="generate",OUTPUT_DIR="adversarial_results_ep100_pre300" adversarial_hpc_submit.pbs </dev/null
[2026-08-27 09:41:44] [SUBMIT] InceptionNet/Cifar10/PGD/ALL
[2026-08-27 09:41:44] [CMD] qsub -q all.q -l ngpus=1 -v MODEL="InceptionNet",DATASET="Cifar10",ATTACK="PGD",KIND="ALL",PHASE="generate",OUTPUT_DIR="adversarial_results_ep300_pre100" adversarial_hpc_submit.pbs </dev/null
[2026-08-27 09:41:51] [OK] InceptionNet/Cifar10/FGSM/ALL
[2026-08-27 09:41:51] [OK] qsub output: Your job 6436224 ("adversarial_hpc_submit.pbs") has been submitted
[2026-08-27 09:41:52] [SUBMIT] InceptionNet/Cifar10/IFGSM/ALL
[2026-08-27 09:41:52] [CMD] qsub -q all.q -l ngpus=1 -v MODEL="InceptionNet",DATASET="Cifar10",ATTACK="IFGSM",KIND="ALL",PHASE="generate",OUTPUT_DIR="adversarial_results_ep100_pre300" adversarial_hpc_submit.pbs </dev/null
[2026-08-27 09:41:53] [OK] RegNetX_400MF/Cifar100/BIM/ALL
[2026-08-27 09:41:53] [OK] qsub output: Your job 6436223 ("adversarial_hpc_submit.pbs") has been submitted
[2026-08-27 09:41:53] [SUBMIT] RegNetX_400MF/Cifar100/APGD/ALL
[2026-08-27 09:41:53] [CMD] qsub -q all.q -l ngpus=1 -v MODEL="RegNetX_400MF",DATASET="Cifar100",ATTACK="APGD",KIND="ALL",PHASE="generate",OUTPUT_DIR="adversarial_results_ep200_pre200" adversarial_hpc_submit.pbs </dev/null
[2026-08-27 09:41:58] [OK] InceptionNet/Cifar10/IFGSM/ALL
[2026-08-27 09:41:58] [OK] qsub output: Your job 6436226 ("adversarial_hpc_submit.pbs") has been submitted
[2026-08-27 09:41:58] [SUBMIT] InceptionNet/Cifar10/BIM/ALL
[2026-08-27 09:41:59] [CMD] qsub -q all.q -l ngpus=1 -v MODEL="InceptionNet",DATASET="Cifar10",ATTACK="BIM",KIND="ALL",PHASE="generate",OUTPUT_DIR="adversarial_results_ep100_pre300" adversarial_hpc_submit.pbs </dev/null
[2026-08-27 09:41:59] [OK] InceptionNet/Cifar10/PGD/ALL
[2026-08-27 09:41:59] [OK] qsub output: Your job 6436225 ("adversarial_hpc_submit.pbs") has been submitted
[2026-08-27 09:41:59] [SUBMIT] InceptionNet/Cifar10/FGSM/ALL
[2026-08-27 09:41:59] [CMD] qsub -q all.q -l ngpus=1 -v MODEL="InceptionNet",DATASET="Cifar10",ATTACK="FGSM",KIND="ALL",PHASE="generate",OUTPUT_DIR="adversarial_results_ep300_pre100" adversarial_hpc_submit.pbs </dev/null
[2026-08-27 09:42:04] [OK] InceptionNet/Cifar10/BIM/ALL
[2026-08-27 09:42:04] [OK] qsub output: Your job 6436229 ("adversarial_hpc_submit.pbs") has been submitted
[2026-08-27 09:42:04] [SUBMIT] InceptionNet/Cifar10/APGD/ALL
[2026-08-27 09:42:04] [CMD] qsub -q all.q -l ngpus=1 -v MODEL="InceptionNet",DATASET="Cifar10",ATTACK="APGD",KIND="ALL",PHASE="generate",OUTPUT_DIR="adversarial_results_ep100_pre300" adversarial_hpc_submit.pbs </dev/null
[2026-08-27 09:42:07] [OK] RegNetX_400MF/Cifar100/APGD/ALL
[2026-08-27 09:42:07] [OK] qsub output: Your job 6436228 ("adversarial_hpc_submit.pbs") has been submitted
[2026-08-27 09:42:07] [SUBMIT] RegNetX_400MF/Cifar100/CW/ALL
[2026-08-27 09:42:07] [CMD] qsub -q all.q -l ngpus=1 -v MODEL="RegNetX_400MF",DATASET="Cifar100",ATTACK="CW",KIND="ALL",PHASE="generate",OUTPUT_DIR="adversarial_results_ep200_pre200" adversarial_hpc_submit.pbs </dev/null
[2026-08-27 09:42:09] [OK] InceptionNet/Cifar10/APGD/ALL
[2026-08-27 09:42:09] [OK] qsub output: Your job 6436231 ("adversarial_hpc_submit.pbs") has been submitted
[2026-08-27 09:42:09] [SUBMIT] InceptionNet/Cifar10/CW/ALL
[2026-08-27 09:42:09] [CMD] qsub -q all.q -l ngpus=1 -v MODEL="InceptionNet",DATASET="Cifar10",ATTACK="CW",KIND="ALL",PHASE="generate",OUTPUT_DIR="adversarial_results_ep100_pre300" adversarial_hpc_submit.pbs </dev/null
[2026-08-27 09:42:11] [OK] RegNetX_400MF/Cifar100/CW/ALL
[2026-08-27 09:42:11] [OK] qsub output: Your job 6436233 ("adversarial_hpc_submit.pbs") has been submitted
[2026-08-27 09:42:12] [SUBMIT] RegNetX_400MF/Cifar100/DeepFool/ALL
[2026-08-27 09:42:12] [CMD] qsub -q all.q -l ngpus=1 -v MODEL="RegNetX_400MF",DATASET="Cifar100",ATTACK="DeepFool",KIND="ALL",PHASE="generate",OUTPUT_DIR="adversarial_results_ep200_pre200" adversarial_hpc_submit.pbs </dev/null
[2026-08-27 09:42:12] [OK] InceptionNet/Cifar10/FGSM/ALL
[2026-08-27 09:42:13] [OK] qsub output: Your job 6436230 ("adversarial_hpc_submit.pbs") has been submitted
[2026-08-27 09:42:13] [SUBMIT] InceptionNet/Cifar10/IFGSM/ALL
[2026-08-27 09:42:13] [CMD] qsub -q all.q -l ngpus=1 -v MODEL="InceptionNet",DATASET="Cifar10",ATTACK="IFGSM",KIND="ALL",PHASE="generate",OUTPUT_DIR="adversarial_results_ep300_pre100" adversarial_hpc_submit.pbs </dev/null
[2026-08-27 09:42:19] [OK] RegNetX_400MF/Cifar100/DeepFool/ALL
[2026-08-27 09:42:19] [OK] qsub output: Your job 6436235 ("adversarial_hpc_submit.pbs") has been submitted
[2026-08-27 09:42:19] [SUBMIT] InceptionNet/Cifar10/PGD/ALL
[2026-08-27 09:42:19] [CMD] qsub -q all.q -l ngpus=1 -v MODEL="InceptionNet",DATASET="Cifar10",ATTACK="PGD",KIND="ALL",PHASE="generate",OUTPUT_DIR="adversarial_results_ep200_pre200" adversarial_hpc_submit.pbs </dev/null
[2026-08-27 09:42:21] [OK] InceptionNet/Cifar10/CW/ALL
[2026-08-27 09:42:21] [OK] InceptionNet/Cifar10/IFGSM/ALL
[2026-08-27 09:42:23] [OK] qsub output: Your job 6436234 ("adversarial_hpc_submit.pbs") has been submitted
[2026-08-27 09:42:23] [OK] qsub output: Your job 6436236 ("adversarial_hpc_submit.pbs") has been submitted
[2026-08-27 09:42:23] [SUBMIT] InceptionNet/Cifar10/DeepFool/ALL
[2026-08-27 09:42:23] [SUBMIT] InceptionNet/Cifar10/BIM/ALL
[2026-08-27 09:42:23] [CMD] qsub -q all.q -l ngpus=1 -v MODEL="InceptionNet",DATASET="Cifar10",ATTACK="DeepFool",KIND="ALL",PHASE="generate",OUTPUT_DIR="adversarial_results_ep100_pre300" adversarial_hpc_submit.pbs </dev/null
[2026-08-27 09:42:23] [CMD] qsub -q all.q -l ngpus=1 -v MODEL="InceptionNet",DATASET="Cifar10",ATTACK="BIM",KIND="ALL",PHASE="generate",OUTPUT_DIR="adversarial_results_ep300_pre100" adversarial_hpc_submit.pbs </dev/null
[2026-08-27 09:42:26] [OK] InceptionNet/Cifar10/PGD/ALL
[2026-08-27 09:42:26] [OK] qsub output: Your job 6436238 ("adversarial_hpc_submit.pbs") has been submitted
[2026-08-27 09:42:27] [SUBMIT] InceptionNet/Cifar10/FGSM/ALL
[2026-08-27 09:42:27] [CMD] qsub -q all.q -l ngpus=1 -v MODEL="InceptionNet",DATASET="Cifar10",ATTACK="FGSM",KIND="ALL",PHASE="generate",OUTPUT_DIR="adversarial_results_ep200_pre200" adversarial_hpc_submit.pbs </dev/null
[2026-08-27 09:42:31] [OK] InceptionNet/Cifar10/BIM/ALL
[2026-08-27 09:42:31] [OK] qsub output: Your job 6436240 ("adversarial_hpc_submit.pbs") has been submitted
[2026-08-27 09:42:32] [SUBMIT] InceptionNet/Cifar10/APGD/ALL
[2026-08-27 09:42:32] [CMD] qsub -q all.q -l ngpus=1 -v MODEL="InceptionNet",DATASET="Cifar10",ATTACK="APGD",KIND="ALL",PHASE="generate",OUTPUT_DIR="adversarial_results_ep300_pre100" adversarial_hpc_submit.pbs </dev/null
[2026-08-27 09:42:34] [OK] InceptionNet/Cifar10/DeepFool/ALL
[2026-08-27 09:42:34] [OK] qsub output: Your job 6436239 ("adversarial_hpc_submit.pbs") has been submitted
[2026-08-27 09:42:34] [SUBMIT] InceptionNet/Cifar100/PGD/ALL
[2026-08-27 09:42:34] [CMD] qsub -q all.q -l ngpus=1 -v MODEL="InceptionNet",DATASET="Cifar100",ATTACK="PGD",KIND="ALL",PHASE="generate",OUTPUT_DIR="adversarial_results_ep100_pre300" adversarial_hpc_submit.pbs </dev/null
[2026-08-27 09:42:40] [OK] InceptionNet/Cifar10/FGSM/ALL
[2026-08-27 09:42:41] [OK] qsub output: Your job 6436241 ("adversarial_hpc_submit.pbs") has been submitted
[2026-08-27 09:42:43] [SUBMIT] InceptionNet/Cifar10/IFGSM/ALL
[2026-08-27 09:42:43] [CMD] qsub -q all.q -l ngpus=1 -v MODEL="InceptionNet",DATASET="Cifar10",ATTACK="IFGSM",KIND="ALL",PHASE="generate",OUTPUT_DIR="adversarial_results_ep200_pre200" adversarial_hpc_submit.pbs </dev/null
[2026-08-27 09:42:44] [OK] InceptionNet/Cifar10/APGD/ALL
[2026-08-27 09:42:45] [OK] InceptionNet/Cifar100/PGD/ALL
[2026-08-27 09:42:48] [OK] qsub output: Your job 6436242 ("adversarial_hpc_submit.pbs") has been submitted
[2026-08-27 09:42:48] [OK] InceptionNet/Cifar10/IFGSM/ALL
[2026-08-27 09:42:48] [OK] qsub output: Your job 6436244 ("adversarial_hpc_submit.pbs") has been submitted
[2026-08-27 09:42:48] [OK] qsub output: Your job 6436245 ("adversarial_hpc_submit.pbs") has been submitted
[2026-08-27 09:42:48] [SUBMIT] InceptionNet/Cifar10/CW/ALL
[2026-08-27 09:42:48] [CMD] qsub -q all.q -l ngpus=1 -v MODEL="InceptionNet",DATASET="Cifar10",ATTACK="CW",KIND="ALL",PHASE="generate",OUTPUT_DIR="adversarial_results_ep300_pre100" adversarial_hpc_submit.pbs </dev/null
[2026-08-27 09:42:49] [SUBMIT] InceptionNet/Cifar100/FGSM/ALL
[2026-08-27 09:42:49] [CMD] qsub -q all.q -l ngpus=1 -v MODEL="InceptionNet",DATASET="Cifar100",ATTACK="FGSM",KIND="ALL",PHASE="generate",OUTPUT_DIR="adversarial_results_ep100_pre300" adversarial_hpc_submit.pbs </dev/null
[2026-08-27 09:42:49] [SUBMIT] InceptionNet/Cifar10/BIM/ALL
[2026-08-27 09:42:49] [CMD] qsub -q all.q -l ngpus=1 -v MODEL="InceptionNet",DATASET="Cifar10",ATTACK="BIM",KIND="ALL",PHASE="generate",OUTPUT_DIR="adversarial_results_ep200_pre200" adversarial_hpc_submit.pbs </dev/null
[2026-08-27 09:42:51] [OK] InceptionNet/Cifar100/FGSM/ALL
[2026-08-27 09:42:51] [OK] qsub output: Your job 6436247 ("adversarial_hpc_submit.pbs") has been submitted
[2026-08-27 09:42:52] [SUBMIT] InceptionNet/Cifar100/IFGSM/ALL
[2026-08-27 09:42:52] [CMD] qsub -q all.q -l ngpus=1 -v MODEL="InceptionNet",DATASET="Cifar100",ATTACK="IFGSM",KIND="ALL",PHASE="generate",OUTPUT_DIR="adversarial_results_ep100_pre300" adversarial_hpc_submit.pbs </dev/null
[2026-08-27 09:42:58] [OK] InceptionNet/Cifar10/CW/ALL
[2026-08-27 09:43:01] [OK] InceptionNet/Cifar10/BIM/ALL
[2026-08-27 09:43:01] [OK] qsub output: Your job 6436246 ("adversarial_hpc_submit.pbs") has been submitted
[2026-08-27 09:43:07] [OK] InceptionNet/Cifar100/IFGSM/ALL
[2026-08-27 09:43:10] [OK] qsub output: Your job 6436248 ("adversarial_hpc_submit.pbs") has been submitted
[2026-08-27 09:43:20] [SUBMIT] InceptionNet/Cifar10/DeepFool/ALL
[2026-08-27 09:43:24] [OK] qsub output: Your job 6436249 ("adversarial_hpc_submit.pbs") has been submitted
[2026-08-27 09:43:29] [SUBMIT] InceptionNet/Cifar10/APGD/ALL
[2026-08-27 09:43:30] [CMD] qsub -q all.q -l ngpus=1 -v MODEL="InceptionNet",DATASET="Cifar10",ATTACK="DeepFool",KIND="ALL",PHASE="generate",OUTPUT_DIR="adversarial_results_ep300_pre100" adversarial_hpc_submit.pbs </dev/null
[2026-08-27 09:43:32] [CMD] qsub -q all.q -l ngpus=1 -v MODEL="InceptionNet",DATASET="Cifar10",ATTACK="APGD",KIND="ALL",PHASE="generate",OUTPUT_DIR="adversarial_results_ep200_pre200" adversarial_hpc_submit.pbs </dev/null
[2026-08-27 09:43:32] [SUBMIT] InceptionNet/Cifar100/BIM/ALL
[2026-08-27 09:43:32] [CMD] qsub -q all.q -l ngpus=1 -v MODEL="InceptionNet",DATASET="Cifar100",ATTACK="BIM",KIND="ALL",PHASE="generate",OUTPUT_DIR="adversarial_results_ep100_pre300" adversarial_hpc_submit.pbs </dev/null
[2026-08-27 09:43:39] [OK] InceptionNet/Cifar10/APGD/ALL
[2026-08-27 09:43:39] [OK] qsub output: Your job 6436253 ("adversarial_hpc_submit.pbs") has been submitted
[2026-08-27 09:43:39] [SUBMIT] InceptionNet/Cifar10/CW/ALL
[2026-08-27 09:43:39] [CMD] qsub -q all.q -l ngpus=1 -v MODEL="InceptionNet",DATASET="Cifar10",ATTACK="CW",KIND="ALL",PHASE="generate",OUTPUT_DIR="adversarial_results_ep200_pre200" adversarial_hpc_submit.pbs </dev/null
[2026-08-27 09:43:41] [OK] InceptionNet/Cifar10/DeepFool/ALL
[2026-08-27 09:43:41] [OK] qsub output: Your job 6436252 ("adversarial_hpc_submit.pbs") has been submitted
[2026-08-27 09:43:42] [SUBMIT] InceptionNet/Cifar100/PGD/ALL
[2026-08-27 09:43:42] [CMD] qsub -q all.q -l ngpus=1 -v MODEL="InceptionNet",DATASET="Cifar100",ATTACK="PGD",KIND="ALL",PHASE="generate",OUTPUT_DIR="adversarial_results_ep300_pre100" adversarial_hpc_submit.pbs </dev/null
[2026-08-27 09:43:44] [OK] InceptionNet/Cifar10/CW/ALL
[2026-08-27 09:43:44] [OK] qsub output: Your job 6436255 ("adversarial_hpc_submit.pbs") has been submitted
[2026-08-27 09:43:44] [SUBMIT] InceptionNet/Cifar10/DeepFool/ALL
[2026-08-27 09:43:44] [CMD] qsub -q all.q -l ngpus=1 -v MODEL="InceptionNet",DATASET="Cifar10",ATTACK="DeepFool",KIND="ALL",PHASE="generate",OUTPUT_DIR="adversarial_results_ep200_pre200" adversarial_hpc_submit.pbs </dev/null
[2026-08-27 09:43:47] [OK] InceptionNet/Cifar100/BIM/ALL
[2026-08-27 09:43:47] [OK] qsub output: Your job 6436254 ("adversarial_hpc_submit.pbs") has been submitted
[2026-08-27 09:43:47] [SUBMIT] InceptionNet/Cifar100/APGD/ALL
[2026-08-27 09:43:47] [CMD] qsub -q all.q -l ngpus=1 -v MODEL="InceptionNet",DATASET="Cifar100",ATTACK="APGD",KIND="ALL",PHASE="generate",OUTPUT_DIR="adversarial_results_ep100_pre300" adversarial_hpc_submit.pbs </dev/null
[2026-08-27 09:43:54] [OK] InceptionNet/Cifar100/PGD/ALL
[2026-08-27 09:43:54] [OK] qsub output: Your job 6436256 ("adversarial_hpc_submit.pbs") has been submitted
[2026-08-27 09:43:54] [SUBMIT] InceptionNet/Cifar100/FGSM/ALL
[2026-08-27 09:43:54] [CMD] qsub -q all.q -l ngpus=1 -v MODEL="InceptionNet",DATASET="Cifar100",ATTACK="FGSM",KIND="ALL",PHASE="generate",OUTPUT_DIR="adversarial_results_ep300_pre100" adversarial_hpc_submit.pbs </dev/null
[2026-08-27 09:43:55] [OK] InceptionNet/Cifar10/DeepFool/ALL
[2026-08-27 09:43:55] [OK] qsub output: Your job 6436257 ("adversarial_hpc_submit.pbs") has been submitted
[2026-08-27 09:43:55] [SUBMIT] InceptionNet/Cifar100/PGD/ALL
[2026-08-27 09:43:55] [CMD] qsub -q all.q -l ngpus=1 -v MODEL="InceptionNet",DATASET="Cifar100",ATTACK="PGD",KIND="ALL",PHASE="generate",OUTPUT_DIR="adversarial_results_ep200_pre200" adversarial_hpc_submit.pbs </dev/null
[2026-08-27 09:43:57] [OK] InceptionNet/Cifar100/APGD/ALL
[2026-08-27 09:43:58] [OK] qsub output: Your job 6436258 ("adversarial_hpc_submit.pbs") has been submitted
[2026-08-27 09:43:59] [SUBMIT] InceptionNet/Cifar100/CW/ALL
[2026-08-27 09:43:59] [CMD] qsub -q all.q -l ngpus=1 -v MODEL="InceptionNet",DATASET="Cifar100",ATTACK="CW",KIND="ALL",PHASE="generate",OUTPUT_DIR="adversarial_results_ep100_pre300" adversarial_hpc_submit.pbs </dev/null
[2026-08-27 09:44:01] [OK] InceptionNet/Cifar100/PGD/ALL
[2026-08-27 09:44:02] [OK] InceptionNet/Cifar100/CW/ALL
[2026-08-27 09:44:03] [OK] qsub output: Your job 6436260 ("adversarial_hpc_submit.pbs") has been submitted
[2026-08-27 09:44:04] [OK] qsub output: Your job 6436261 ("adversarial_hpc_submit.pbs") has been submitted
[2026-08-27 09:44:04] [SUBMIT] InceptionNet/Cifar100/FGSM/ALL
[2026-08-27 09:44:04] [CMD] qsub -q all.q -l ngpus=1 -v MODEL="InceptionNet",DATASET="Cifar100",ATTACK="FGSM",KIND="ALL",PHASE="generate",OUTPUT_DIR="adversarial_results_ep200_pre200" adversarial_hpc_submit.pbs </dev/null
[2026-08-27 09:44:04] [SUBMIT] InceptionNet/Cifar100/DeepFool/ALL
[2026-08-27 09:44:04] [OK] InceptionNet/Cifar100/FGSM/ALL
[2026-08-27 09:44:05] [CMD] qsub -q all.q -l ngpus=1 -v MODEL="InceptionNet",DATASET="Cifar100",ATTACK="DeepFool",KIND="ALL",PHASE="generate",OUTPUT_DIR="adversarial_results_ep100_pre300" adversarial_hpc_submit.pbs </dev/null
[2026-08-27 09:44:05] [OK] qsub output: Your job 6436259 ("adversarial_hpc_submit.pbs") has been submitted
[2026-08-27 09:44:05] [SUBMIT] InceptionNet/Cifar100/IFGSM/ALL
[2026-08-27 09:44:05] [CMD] qsub -q all.q -l ngpus=1 -v MODEL="InceptionNet",DATASET="Cifar100",ATTACK="IFGSM",KIND="ALL",PHASE="generate",OUTPUT_DIR="adversarial_results_ep300_pre100" adversarial_hpc_submit.pbs </dev/null
[2026-08-27 09:44:08] [OK] InceptionNet/Cifar100/FGSM/ALL
[2026-08-27 09:44:09] [OK] qsub output: Your job 6436262 ("adversarial_hpc_submit.pbs") has been submitted
[2026-08-27 09:44:09] [SUBMIT] InceptionNet/Cifar100/IFGSM/ALL
[2026-08-27 09:44:09] [CMD] qsub -q all.q -l ngpus=1 -v MODEL="InceptionNet",DATASET="Cifar100",ATTACK="IFGSM",KIND="ALL",PHASE="generate",OUTPUT_DIR="adversarial_results_ep200_pre200" adversarial_hpc_submit.pbs </dev/null
[2026-08-27 09:44:13] [OK] InceptionNet/Cifar100/DeepFool/ALL
[2026-08-27 09:44:17] [OK] qsub output: Your job 6436263 ("adversarial_hpc_submit.pbs") has been submitted
[2026-08-27 09:44:17] [SUBMIT] MobileNet/Cifar10/PGD/ALL
[2026-08-27 09:44:17] [CMD] qsub -q all.q -l ngpus=1 -v MODEL="MobileNet",DATASET="Cifar10",ATTACK="PGD",KIND="ALL",PHASE="generate",OUTPUT_DIR="adversarial_results_ep100_pre300" adversarial_hpc_submit.pbs </dev/null
[2026-08-27 09:44:18] [OK] InceptionNet/Cifar100/IFGSM/ALL
[2026-08-27 09:44:18] [OK] qsub output: Your job 6436264 ("adversarial_hpc_submit.pbs") has been submitted
[2026-08-27 09:44:18] [SUBMIT] InceptionNet/Cifar100/BIM/ALL
[2026-08-27 09:44:18] [CMD] qsub -q all.q -l ngpus=1 -v MODEL="InceptionNet",DATASET="Cifar100",ATTACK="BIM",KIND="ALL",PHASE="generate",OUTPUT_DIR="adversarial_results_ep300_pre100" adversarial_hpc_submit.pbs </dev/null
[2026-08-27 09:44:19] [OK] InceptionNet/Cifar100/IFGSM/ALL
[2026-08-27 09:44:19] [OK] qsub output: Your job 6436265 ("adversarial_hpc_submit.pbs") has been submitted
[2026-08-27 09:44:22] [OK] MobileNet/Cifar10/PGD/ALL
[2026-08-27 09:44:22] [SUBMIT] InceptionNet/Cifar100/BIM/ALL
[2026-08-27 09:44:24] [OK] qsub output: Your job 6436267 ("adversarial_hpc_submit.pbs") has been submitted
[2026-08-27 09:44:24] [CMD] qsub -q all.q -l ngpus=1 -v MODEL="InceptionNet",DATASET="Cifar100",ATTACK="BIM",KIND="ALL",PHASE="generate",OUTPUT_DIR="adversarial_results_ep200_pre200" adversarial_hpc_submit.pbs </dev/null
[2026-08-27 09:44:24] [SUBMIT] MobileNet/Cifar10/FGSM/ALL
[2026-08-27 09:44:24] [CMD] qsub -q all.q -l ngpus=1 -v MODEL="MobileNet",DATASET="Cifar10",ATTACK="FGSM",KIND="ALL",PHASE="generate",OUTPUT_DIR="adversarial_results_ep100_pre300" adversarial_hpc_submit.pbs </dev/null
[2026-08-27 09:44:25] [OK] InceptionNet/Cifar100/BIM/ALL
[2026-08-27 09:44:26] [OK] qsub output: Your job 6436268 ("adversarial_hpc_submit.pbs") has been submitted
[2026-08-27 09:44:26] [OK] InceptionNet/Cifar100/BIM/ALL
[2026-08-27 09:44:26] [SUBMIT] InceptionNet/Cifar100/APGD/ALL
[2026-08-27 09:44:26] [OK] qsub output: Your job 6436269 ("adversarial_hpc_submit.pbs") has been submitted
[2026-08-27 09:44:26] [CMD] qsub -q all.q -l ngpus=1 -v MODEL="InceptionNet",DATASET="Cifar100",ATTACK="APGD",KIND="ALL",PHASE="generate",OUTPUT_DIR="adversarial_results_ep300_pre100" adversarial_hpc_submit.pbs </dev/null
[2026-08-27 09:44:27] [SUBMIT] InceptionNet/Cifar100/APGD/ALL
[2026-08-27 09:44:27] [CMD] qsub -q all.q -l ngpus=1 -v MODEL="InceptionNet",DATASET="Cifar100",ATTACK="APGD",KIND="ALL",PHASE="generate",OUTPUT_DIR="adversarial_results_ep200_pre200" adversarial_hpc_submit.pbs </dev/null
[2026-08-27 09:44:27] [OK] MobileNet/Cifar10/FGSM/ALL
[2026-08-27 09:44:32] [OK] qsub output: Your job 6436270 ("adversarial_hpc_submit.pbs") has been submitted
[2026-08-27 09:44:35] [OK] InceptionNet/Cifar100/APGD/ALL
[2026-08-27 09:44:36] [OK] InceptionNet/Cifar100/APGD/ALL
[2026-08-27 09:44:40] [SUBMIT] MobileNet/Cifar10/IFGSM/ALL
[2026-08-27 09:44:41] [OK] qsub output: Your job 6436271 ("adversarial_hpc_submit.pbs") has been submitted
[2026-08-27 09:44:43] [OK] qsub output: Your job 6436272 ("adversarial_hpc_submit.pbs") has been submitted
[2026-08-27 09:44:45] [CMD] qsub -q all.q -l ngpus=1 -v MODEL="MobileNet",DATASET="Cifar10",ATTACK="IFGSM",KIND="ALL",PHASE="generate",OUTPUT_DIR="adversarial_results_ep100_pre300" adversarial_hpc_submit.pbs </dev/null
[2026-08-27 09:44:46] [SUBMIT] InceptionNet/Cifar100/CW/ALL
[2026-08-27 09:44:46] [SUBMIT] InceptionNet/Cifar100/CW/ALL
[2026-08-27 09:44:47] [CMD] qsub -q all.q -l ngpus=1 -v MODEL="InceptionNet",DATASET="Cifar100",ATTACK="CW",KIND="ALL",PHASE="generate",OUTPUT_DIR="adversarial_results_ep300_pre100" adversarial_hpc_submit.pbs </dev/null
[2026-08-27 09:44:48] [CMD] qsub -q all.q -l ngpus=1 -v MODEL="InceptionNet",DATASET="Cifar100",ATTACK="CW",KIND="ALL",PHASE="generate",OUTPUT_DIR="adversarial_results_ep200_pre200" adversarial_hpc_submit.pbs </dev/null
[2026-08-27 09:44:50] [OK] MobileNet/Cifar10/IFGSM/ALL
[2026-08-27 09:44:50] [OK] qsub output: Your job 6436275 ("adversarial_hpc_submit.pbs") has been submitted
[2026-08-27 09:44:51] [SUBMIT] MobileNet/Cifar10/BIM/ALL
[2026-08-27 09:44:51] [CMD] qsub -q all.q -l ngpus=1 -v MODEL="MobileNet",DATASET="Cifar10",ATTACK="BIM",KIND="ALL",PHASE="generate",OUTPUT_DIR="adversarial_results_ep100_pre300" adversarial_hpc_submit.pbs </dev/null
[2026-08-27 09:44:52] [OK] InceptionNet/Cifar100/CW/ALL
[2026-08-27 09:44:52] [OK] qsub output: Your job 6436276 ("adversarial_hpc_submit.pbs") has been submitted
[2026-08-27 09:44:52] [SUBMIT] InceptionNet/Cifar100/DeepFool/ALL
[2026-08-27 09:44:52] [CMD] qsub -q all.q -l ngpus=1 -v MODEL="InceptionNet",DATASET="Cifar100",ATTACK="DeepFool",KIND="ALL",PHASE="generate",OUTPUT_DIR="adversarial_results_ep300_pre100" adversarial_hpc_submit.pbs </dev/null
[2026-08-27 09:44:58] [OK] InceptionNet/Cifar100/CW/ALL
[2026-08-27 09:44:58] [OK] qsub output: Your job 6436277 ("adversarial_hpc_submit.pbs") has been submitted
[2026-08-27 09:44:58] [SUBMIT] InceptionNet/Cifar100/DeepFool/ALL
[2026-08-27 09:44:58] [CMD] qsub -q all.q -l ngpus=1 -v MODEL="InceptionNet",DATASET="Cifar100",ATTACK="DeepFool",KIND="ALL",PHASE="generate",OUTPUT_DIR="adversarial_results_ep200_pre200" adversarial_hpc_submit.pbs </dev/null
[2026-08-27 09:45:01] [OK] MobileNet/Cifar10/BIM/ALL
[2026-08-27 09:45:01] [OK] qsub output: Your job 6436278 ("adversarial_hpc_submit.pbs") has been submitted
[2026-08-27 09:45:02] [SUBMIT] MobileNet/Cifar10/APGD/ALL
[2026-08-27 09:45:02] [CMD] qsub -q all.q -l ngpus=1 -v MODEL="MobileNet",DATASET="Cifar10",ATTACK="APGD",KIND="ALL",PHASE="generate",OUTPUT_DIR="adversarial_results_ep100_pre300" adversarial_hpc_submit.pbs </dev/null
[2026-08-27 09:45:05] [OK] InceptionNet/Cifar100/DeepFool/ALL
[2026-08-27 09:45:05] [OK] qsub output: Your job 6436280 ("adversarial_hpc_submit.pbs") has been submitted
[2026-08-27 09:45:06] [SUBMIT] MobileNet/Cifar10/PGD/ALL
[2026-08-27 09:45:06] [CMD] qsub -q all.q -l ngpus=1 -v MODEL="MobileNet",DATASET="Cifar10",ATTACK="PGD",KIND="ALL",PHASE="generate",OUTPUT_DIR="adversarial_results_ep200_pre200" adversarial_hpc_submit.pbs </dev/null
[2026-08-27 09:45:07] [OK] InceptionNet/Cifar100/DeepFool/ALL
[2026-08-27 09:45:07] [OK] qsub output: Your job 6436279 ("adversarial_hpc_submit.pbs") has been submitted
[2026-08-27 09:45:07] [SUBMIT] MobileNet/Cifar10/PGD/ALL
[2026-08-27 09:45:07] [CMD] qsub -q all.q -l ngpus=1 -v MODEL="MobileNet",DATASET="Cifar10",ATTACK="PGD",KIND="ALL",PHASE="generate",OUTPUT_DIR="adversarial_results_ep300_pre100" adversarial_hpc_submit.pbs </dev/null
[2026-08-27 09:45:10] [OK] MobileNet/Cifar10/APGD/ALL
[2026-08-27 09:45:10] [OK] qsub output: Your job 6436281 ("adversarial_hpc_submit.pbs") has been submitted
[2026-08-27 09:45:10] [SUBMIT] MobileNet/Cifar10/CW/ALL
[2026-08-27 09:45:10] [CMD] qsub -q all.q -l ngpus=1 -v MODEL="MobileNet",DATASET="Cifar10",ATTACK="CW",KIND="ALL",PHASE="generate",OUTPUT_DIR="adversarial_results_ep100_pre300" adversarial_hpc_submit.pbs </dev/null
[2026-08-27 09:45:15] [OK] MobileNet/Cifar10/PGD/ALL
[2026-08-27 09:45:15] [OK] qsub output: Your job 6436283 ("adversarial_hpc_submit.pbs") has been submitted
[2026-08-27 09:45:16] [SUBMIT] MobileNet/Cifar10/FGSM/ALL
[2026-08-27 09:45:16] [CMD] qsub -q all.q -l ngpus=1 -v MODEL="MobileNet",DATASET="Cifar10",ATTACK="FGSM",KIND="ALL",PHASE="generate",OUTPUT_DIR="adversarial_results_ep200_pre200" adversarial_hpc_submit.pbs </dev/null
[2026-08-27 09:45:17] [OK] MobileNet/Cifar10/PGD/ALL
[2026-08-27 09:45:17] [OK] qsub output: Your job 6436284 ("adversarial_hpc_submit.pbs") has been submitted
[2026-08-27 09:45:17] [SUBMIT] MobileNet/Cifar10/FGSM/ALL
[2026-08-27 09:45:17] [CMD] qsub -q all.q -l ngpus=1 -v MODEL="MobileNet",DATASET="Cifar10",ATTACK="FGSM",KIND="ALL",PHASE="generate",OUTPUT_DIR="adversarial_results_ep300_pre100" adversarial_hpc_submit.pbs </dev/null
[2026-08-27 09:45:18] [OK] MobileNet/Cifar10/CW/ALL
[2026-08-27 09:45:21] [OK] qsub output: Your job 6436285 ("adversarial_hpc_submit.pbs") has been submitted
[2026-08-27 09:45:21] [SUBMIT] MobileNet/Cifar10/DeepFool/ALL
[2026-08-27 09:45:22] [CMD] qsub -q all.q -l ngpus=1 -v MODEL="MobileNet",DATASET="Cifar10",ATTACK="DeepFool",KIND="ALL",PHASE="generate",OUTPUT_DIR="adversarial_results_ep100_pre300" adversarial_hpc_submit.pbs </dev/null
[2026-08-27 09:45:23] [OK] MobileNet/Cifar10/FGSM/ALL
[2026-08-27 09:45:23] [OK] qsub output: Your job 6436287 ("adversarial_hpc_submit.pbs") has been submitted
[2026-08-27 09:45:23] [SUBMIT] MobileNet/Cifar10/IFGSM/ALL
[2026-08-27 09:45:24] [CMD] qsub -q all.q -l ngpus=1 -v MODEL="MobileNet",DATASET="Cifar10",ATTACK="IFGSM",KIND="ALL",PHASE="generate",OUTPUT_DIR="adversarial_results_ep200_pre200" adversarial_hpc_submit.pbs </dev/null
[2026-08-27 09:45:28] [OK] MobileNet/Cifar10/FGSM/ALL
[2026-08-27 09:45:28] [OK] qsub output: Your job 6436288 ("adversarial_hpc_submit.pbs") has been submitted
[2026-08-27 09:45:28] [SUBMIT] MobileNet/Cifar10/IFGSM/ALL
[2026-08-27 09:45:28] [CMD] qsub -q all.q -l ngpus=1 -v MODEL="MobileNet",DATASET="Cifar10",ATTACK="IFGSM",KIND="ALL",PHASE="generate",OUTPUT_DIR="adversarial_results_ep300_pre100" adversarial_hpc_submit.pbs </dev/null
[2026-08-27 09:45:36] [OK] MobileNet/Cifar10/DeepFool/ALL
[2026-08-27 09:45:36] [OK] qsub output: Your job 6436290 ("adversarial_hpc_submit.pbs") has been submitted
[2026-08-27 09:45:36] [SUBMIT] MobileNet/Cifar100/PGD/ALL
[2026-08-27 09:45:36] [CMD] qsub -q all.q -l ngpus=1 -v MODEL="MobileNet",DATASET="Cifar100",ATTACK="PGD",KIND="ALL",PHASE="generate",OUTPUT_DIR="adversarial_results_ep100_pre300" adversarial_hpc_submit.pbs </dev/null
[2026-08-27 09:45:38] [OK] MobileNet/Cifar10/IFGSM/ALL
[2026-08-27 09:45:39] [OK] qsub output: Your job 6436293 ("adversarial_hpc_submit.pbs") has been submitted
[2026-08-27 09:45:39] [SUBMIT] MobileNet/Cifar10/BIM/ALL
[2026-08-27 09:45:39] [CMD] qsub -q all.q -l ngpus=1 -v MODEL="MobileNet",DATASET="Cifar10",ATTACK="BIM",KIND="ALL",PHASE="generate",OUTPUT_DIR="adversarial_results_ep300_pre100" adversarial_hpc_submit.pbs </dev/null
[2026-08-27 09:45:40] [OK] MobileNet/Cifar10/IFGSM/ALL
[2026-08-27 09:45:41] [OK] qsub output: Your job 6436292 ("adversarial_hpc_submit.pbs") has been submitted
[2026-08-27 09:45:42] [OK] MobileNet/Cifar10/BIM/ALL
[2026-08-27 09:45:43] [OK] qsub output: Your job 6436295 ("adversarial_hpc_submit.pbs") has been submitted
[2026-08-27 09:45:43] [SUBMIT] MobileNet/Cifar10/BIM/ALL
[2026-08-27 09:45:43] [CMD] qsub -q all.q -l ngpus=1 -v MODEL="MobileNet",DATASET="Cifar10",ATTACK="BIM",KIND="ALL",PHASE="generate",OUTPUT_DIR="adversarial_results_ep200_pre200" adversarial_hpc_submit.pbs </dev/null
[2026-08-27 09:45:43] [SUBMIT] MobileNet/Cifar10/APGD/ALL
[2026-08-27 09:45:43] [CMD] qsub -q all.q -l ngpus=1 -v MODEL="MobileNet",DATASET="Cifar10",ATTACK="APGD",KIND="ALL",PHASE="generate",OUTPUT_DIR="adversarial_results_ep300_pre100" adversarial_hpc_submit.pbs </dev/null
[2026-08-27 09:45:45] [OK] MobileNet/Cifar10/BIM/ALL
[2026-08-27 09:45:45] [OK] qsub output: Your job 6436296 ("adversarial_hpc_submit.pbs") has been submitted
[2026-08-27 09:45:45] [OK] MobileNet/Cifar100/PGD/ALL
[2026-08-27 09:45:46] [SUBMIT] MobileNet/Cifar10/APGD/ALL
[2026-08-27 09:45:46] [OK] qsub output: Your job 6436294 ("adversarial_hpc_submit.pbs") has been submitted
[2026-08-27 09:45:46] [CMD] qsub -q all.q -l ngpus=1 -v MODEL="MobileNet",DATASET="Cifar10",ATTACK="APGD",KIND="ALL",PHASE="generate",OUTPUT_DIR="adversarial_results_ep200_pre200" adversarial_hpc_submit.pbs </dev/null
[2026-08-27 09:45:46] [SUBMIT] MobileNet/Cifar100/FGSM/ALL
[2026-08-27 09:45:46] [CMD] qsub -q all.q -l ngpus=1 -v MODEL="MobileNet",DATASET="Cifar100",ATTACK="FGSM",KIND="ALL",PHASE="generate",OUTPUT_DIR="adversarial_results_ep100_pre300" adversarial_hpc_submit.pbs </dev/null
[2026-08-27 09:45:48] [OK] MobileNet/Cifar10/APGD/ALL
[2026-08-27 09:45:48] [OK] qsub output: Your job 6436297 ("adversarial_hpc_submit.pbs") has been submitted
[2026-08-27 09:45:48] [SUBMIT] MobileNet/Cifar10/CW/ALL
[2026-08-27 09:45:48] [CMD] qsub -q all.q -l ngpus=1 -v MODEL="MobileNet",DATASET="Cifar10",ATTACK="CW",KIND="ALL",PHASE="generate",OUTPUT_DIR="adversarial_results_ep300_pre100" adversarial_hpc_submit.pbs </dev/null
[2026-08-27 09:45:52] [OK] MobileNet/Cifar10/APGD/ALL
[2026-08-27 09:45:52] [OK] qsub output: Your job 6436298 ("adversarial_hpc_submit.pbs") has been submitted
[2026-08-27 09:45:52] [SUBMIT] MobileNet/Cifar10/CW/ALL
[2026-08-27 09:45:52] [CMD] qsub -q all.q -l ngpus=1 -v MODEL="MobileNet",DATASET="Cifar10",ATTACK="CW",KIND="ALL",PHASE="generate",OUTPUT_DIR="adversarial_results_ep200_pre200" adversarial_hpc_submit.pbs </dev/null
[2026-08-27 09:45:55] [OK] MobileNet/Cifar10/CW/ALL
[2026-08-27 09:45:55] [OK] qsub output: Your job 6436300 ("adversarial_hpc_submit.pbs") has been submitted
[2026-08-27 09:45:55] [SUBMIT] MobileNet/Cifar10/DeepFool/ALL
[2026-08-27 09:45:55] [CMD] qsub -q all.q -l ngpus=1 -v MODEL="MobileNet",DATASET="Cifar10",ATTACK="DeepFool",KIND="ALL",PHASE="generate",OUTPUT_DIR="adversarial_results_ep300_pre100" adversarial_hpc_submit.pbs </dev/null
[2026-08-27 09:45:56] [OK] MobileNet/Cifar100/FGSM/ALL
[2026-08-27 09:45:56] [OK] qsub output: Your job 6436299 ("adversarial_hpc_submit.pbs") has been submitted
[2026-08-27 09:45:56] [SUBMIT] MobileNet/Cifar100/IFGSM/ALL
[2026-08-27 09:45:56] [CMD] qsub -q all.q -l ngpus=1 -v MODEL="MobileNet",DATASET="Cifar100",ATTACK="IFGSM",KIND="ALL",PHASE="generate",OUTPUT_DIR="adversarial_results_ep100_pre300" adversarial_hpc_submit.pbs </dev/null
[2026-08-27 09:45:57] [OK] MobileNet/Cifar10/CW/ALL
[2026-08-27 09:45:58] [OK] qsub output: Your job 6436301 ("adversarial_hpc_submit.pbs") has been submitted
[2026-08-27 09:45:58] [SUBMIT] MobileNet/Cifar10/DeepFool/ALL
[2026-08-27 09:45:58] [CMD] qsub -q all.q -l ngpus=1 -v MODEL="MobileNet",DATASET="Cifar10",ATTACK="DeepFool",KIND="ALL",PHASE="generate",OUTPUT_DIR="adversarial_results_ep200_pre200" adversarial_hpc_submit.pbs </dev/null
[2026-08-27 09:46:01] [OK] MobileNet/Cifar10/DeepFool/ALL
[2026-08-27 09:46:01] [OK] qsub output: Your job 6436302 ("adversarial_hpc_submit.pbs") has been submitted
[2026-08-27 09:46:01] [SUBMIT] MobileNet/Cifar100/PGD/ALL
[2026-08-27 09:46:01] [CMD] qsub -q all.q -l ngpus=1 -v MODEL="MobileNet",DATASET="Cifar100",ATTACK="PGD",KIND="ALL",PHASE="generate",OUTPUT_DIR="adversarial_results_ep300_pre100" adversarial_hpc_submit.pbs </dev/null
[2026-08-27 09:46:02] [OK] MobileNet/Cifar100/IFGSM/ALL
[2026-08-27 09:46:02] [OK] qsub output: Your job 6436303 ("adversarial_hpc_submit.pbs") has been submitted
[2026-08-27 09:46:02] [SUBMIT] MobileNet/Cifar100/BIM/ALL
[2026-08-27 09:46:02] [CMD] qsub -q all.q -l ngpus=1 -v MODEL="MobileNet",DATASET="Cifar100",ATTACK="BIM",KIND="ALL",PHASE="generate",OUTPUT_DIR="adversarial_results_ep100_pre300" adversarial_hpc_submit.pbs </dev/null
[2026-08-27 09:46:02] [OK] MobileNet/Cifar10/DeepFool/ALL
[2026-08-27 09:46:03] [OK] qsub output: Your job 6436304 ("adversarial_hpc_submit.pbs") has been submitted
[2026-08-27 09:46:03] [SUBMIT] MobileNet/Cifar100/PGD/ALL
[2026-08-27 09:46:03] [CMD] qsub -q all.q -l ngpus=1 -v MODEL="MobileNet",DATASET="Cifar100",ATTACK="PGD",KIND="ALL",PHASE="generate",OUTPUT_DIR="adversarial_results_ep200_pre200" adversarial_hpc_submit.pbs </dev/null
[2026-08-27 09:46:10] [OK] MobileNet/Cifar100/BIM/ALL
[2026-08-27 09:46:10] [OK] qsub output: Your job 6436306 ("adversarial_hpc_submit.pbs") has been submitted
[2026-08-27 09:46:11] [SUBMIT] MobileNet/Cifar100/APGD/ALL
[2026-08-27 09:46:11] [CMD] qsub -q all.q -l ngpus=1 -v MODEL="MobileNet",DATASET="Cifar100",ATTACK="APGD",KIND="ALL",PHASE="generate",OUTPUT_DIR="adversarial_results_ep100_pre300" adversarial_hpc_submit.pbs </dev/null
[2026-08-27 09:46:11] [OK] MobileNet/Cifar100/PGD/ALL
[2026-08-27 09:46:11] [OK] qsub output: Your job 6436305 ("adversarial_hpc_submit.pbs") has been submitted
[2026-08-27 09:46:11] [SUBMIT] MobileNet/Cifar100/FGSM/ALL
[2026-08-27 09:46:11] [CMD] qsub -q all.q -l ngpus=1 -v MODEL="MobileNet",DATASET="Cifar100",ATTACK="FGSM",KIND="ALL",PHASE="generate",OUTPUT_DIR="adversarial_results_ep300_pre100" adversarial_hpc_submit.pbs </dev/null
[2026-08-27 09:46:15] [OK] MobileNet/Cifar100/PGD/ALL
[2026-08-27 09:46:15] [OK] qsub output: Your job 6436307 ("adversarial_hpc_submit.pbs") has been submitted
[2026-08-27 09:46:15] [SUBMIT] MobileNet/Cifar100/FGSM/ALL
[2026-08-27 09:46:15] [CMD] qsub -q all.q -l ngpus=1 -v MODEL="MobileNet",DATASET="Cifar100",ATTACK="FGSM",KIND="ALL",PHASE="generate",OUTPUT_DIR="adversarial_results_ep200_pre200" adversarial_hpc_submit.pbs </dev/null
[2026-08-27 09:46:17] [OK] MobileNet/Cifar100/APGD/ALL
[2026-08-27 09:46:17] [OK] qsub output: Your job 6436308 ("adversarial_hpc_submit.pbs") has been submitted
[2026-08-27 09:46:17] [SUBMIT] MobileNet/Cifar100/CW/ALL
[2026-08-27 09:46:17] [CMD] qsub -q all.q -l ngpus=1 -v MODEL="MobileNet",DATASET="Cifar100",ATTACK="CW",KIND="ALL",PHASE="generate",OUTPUT_DIR="adversarial_results_ep100_pre300" adversarial_hpc_submit.pbs </dev/null
[2026-08-27 09:46:20] [OK] MobileNet/Cifar100/FGSM/ALL
[2026-08-27 09:46:21] [OK] qsub output: Your job 6436309 ("adversarial_hpc_submit.pbs") has been submitted
[2026-08-27 09:46:21] [SUBMIT] MobileNet/Cifar100/IFGSM/ALL
[2026-08-27 09:46:21] [CMD] qsub -q all.q -l ngpus=1 -v MODEL="MobileNet",DATASET="Cifar100",ATTACK="IFGSM",KIND="ALL",PHASE="generate",OUTPUT_DIR="adversarial_results_ep300_pre100" adversarial_hpc_submit.pbs </dev/null
[2026-08-27 09:46:24] [OK] MobileNet/Cifar100/FGSM/ALL
[2026-08-27 09:46:26] [OK] qsub output: Your job 6436310 ("adversarial_hpc_submit.pbs") has been submitted
[2026-08-27 09:46:26] [SUBMIT] MobileNet/Cifar100/IFGSM/ALL
[2026-08-27 09:46:26] [CMD] qsub -q all.q -l ngpus=1 -v MODEL="MobileNet",DATASET="Cifar100",ATTACK="IFGSM",KIND="ALL",PHASE="generate",OUTPUT_DIR="adversarial_results_ep200_pre200" adversarial_hpc_submit.pbs </dev/null
[2026-08-27 09:46:26] [OK] MobileNet/Cifar100/IFGSM/ALL
[2026-08-27 09:46:27] [OK] qsub output: Your job 6436312 ("adversarial_hpc_submit.pbs") has been submitted
[2026-08-27 09:46:28] [SUBMIT] MobileNet/Cifar100/BIM/ALL
[2026-08-27 09:46:28] [CMD] qsub -q all.q -l ngpus=1 -v MODEL="MobileNet",DATASET="Cifar100",ATTACK="BIM",KIND="ALL",PHASE="generate",OUTPUT_DIR="adversarial_results_ep300_pre100" adversarial_hpc_submit.pbs </dev/null
[2026-08-27 09:46:29] [OK] MobileNet/Cifar100/CW/ALL
[2026-08-27 09:46:29] [OK] qsub output: Your job 6436311 ("adversarial_hpc_submit.pbs") has been submitted
[2026-08-27 09:46:30] [SUBMIT] MobileNet/Cifar100/DeepFool/ALL
[2026-08-27 09:46:30] [OK] MobileNet/Cifar100/IFGSM/ALL
[2026-08-27 09:46:31] [CMD] qsub -q all.q -l ngpus=1 -v MODEL="MobileNet",DATASET="Cifar100",ATTACK="DeepFool",KIND="ALL",PHASE="generate",OUTPUT_DIR="adversarial_results_ep100_pre300" adversarial_hpc_submit.pbs </dev/null
[2026-08-27 09:46:31] [OK] qsub output: Your job 6436313 ("adversarial_hpc_submit.pbs") has been submitted
[2026-08-27 09:46:31] [SUBMIT] MobileNet/Cifar100/BIM/ALL
[2026-08-27 09:46:31] [CMD] qsub -q all.q -l ngpus=1 -v MODEL="MobileNet",DATASET="Cifar100",ATTACK="BIM",KIND="ALL",PHASE="generate",OUTPUT_DIR="adversarial_results_ep200_pre200" adversarial_hpc_submit.pbs </dev/null
[2026-08-27 09:46:32] [OK] MobileNet/Cifar100/BIM/ALL
[2026-08-27 09:46:33] [OK] MobileNet/Cifar100/DeepFool/ALL
[2026-08-27 09:46:34] [OK] qsub output: Your job 6436314 ("adversarial_hpc_submit.pbs") has been submitted
[2026-08-27 09:46:35] [OK] qsub output: Your job 6436315 ("adversarial_hpc_submit.pbs") has been submitted
[2026-08-27 09:46:35] [SUBMIT] MobileNet/Cifar100/APGD/ALL
[2026-08-27 09:46:35] [SUBMIT] XceptionNet/Cifar10/PGD/ALL
[2026-08-27 09:46:35] [CMD] qsub -q all.q -l ngpus=1 -v MODEL="MobileNet",DATASET="Cifar100",ATTACK="APGD",KIND="ALL",PHASE="generate",OUTPUT_DIR="adversarial_results_ep300_pre100" adversarial_hpc_submit.pbs </dev/null
[2026-08-27 09:46:35] [CMD] qsub -q all.q -l ngpus=1 -v MODEL="XceptionNet",DATASET="Cifar10",ATTACK="PGD",KIND="ALL",PHASE="generate",OUTPUT_DIR="adversarial_results_ep100_pre300" adversarial_hpc_submit.pbs </dev/null
[2026-08-27 09:46:40] [OK] MobileNet/Cifar100/BIM/ALL
[2026-08-27 09:46:40] [OK] qsub output: Your job 6436316 ("adversarial_hpc_submit.pbs") has been submitted
[2026-08-27 09:46:40] [SUBMIT] MobileNet/Cifar100/APGD/ALL
[2026-08-27 09:46:40] [CMD] qsub -q all.q -l ngpus=1 -v MODEL="MobileNet",DATASET="Cifar100",ATTACK="APGD",KIND="ALL",PHASE="generate",OUTPUT_DIR="adversarial_results_ep200_pre200" adversarial_hpc_submit.pbs </dev/null
[2026-08-27 09:46:45] [OK] MobileNet/Cifar100/APGD/ALL
[2026-08-27 09:46:45] [OK] qsub output: Your job 6436318 ("adversarial_hpc_submit.pbs") has been submitted
[2026-08-27 09:46:45] [SUBMIT] MobileNet/Cifar100/CW/ALL
[2026-08-27 09:46:45] [CMD] qsub -q all.q -l ngpus=1 -v MODEL="MobileNet",DATASET="Cifar100",ATTACK="CW",KIND="ALL",PHASE="generate",OUTPUT_DIR="adversarial_results_ep300_pre100" adversarial_hpc_submit.pbs </dev/null
[2026-08-27 09:46:45] [OK] XceptionNet/Cifar10/PGD/ALL
[2026-08-27 09:46:46] [OK] qsub output: Your job 6436317 ("adversarial_hpc_submit.pbs") has been submitted
[2026-08-27 09:46:46] [SUBMIT] XceptionNet/Cifar10/FGSM/ALL
[2026-08-27 09:46:46] [CMD] qsub -q all.q -l ngpus=1 -v MODEL="XceptionNet",DATASET="Cifar10",ATTACK="FGSM",KIND="ALL",PHASE="generate",OUTPUT_DIR="adversarial_results_ep100_pre300" adversarial_hpc_submit.pbs </dev/null
[2026-08-27 09:46:52] [OK] MobileNet/Cifar100/CW/ALL
[2026-08-27 09:46:52] [OK] qsub output: Your job 6436320 ("adversarial_hpc_submit.pbs") has been submitted
[2026-08-27 09:46:52] [SUBMIT] MobileNet/Cifar100/DeepFool/ALL
[2026-08-27 09:46:52] [CMD] qsub -q all.q -l ngpus=1 -v MODEL="MobileNet",DATASET="Cifar100",ATTACK="DeepFool",KIND="ALL",PHASE="generate",OUTPUT_DIR="adversarial_results_ep300_pre100" adversarial_hpc_submit.pbs </dev/null
[2026-08-27 09:46:52] [OK] MobileNet/Cifar100/APGD/ALL
[2026-08-27 09:46:52] [OK] qsub output: Your job 6436319 ("adversarial_hpc_submit.pbs") has been submitted
[2026-08-27 09:46:52] [SUBMIT] MobileNet/Cifar100/CW/ALL
[2026-08-27 09:46:52] [CMD] qsub -q all.q -l ngpus=1 -v MODEL="MobileNet",DATASET="Cifar100",ATTACK="CW",KIND="ALL",PHASE="generate",OUTPUT_DIR="adversarial_results_ep200_pre200" adversarial_hpc_submit.pbs </dev/null
[2026-08-27 09:46:54] [OK] MobileNet/Cifar100/DeepFool/ALL
[2026-08-27 09:46:54] [OK] qsub output: Your job 6436322 ("adversarial_hpc_submit.pbs") has been submitted
[2026-08-27 09:46:54] [SUBMIT] XceptionNet/Cifar10/PGD/ALL
[2026-08-27 09:46:54] [CMD] qsub -q all.q -l ngpus=1 -v MODEL="XceptionNet",DATASET="Cifar10",ATTACK="PGD",KIND="ALL",PHASE="generate",OUTPUT_DIR="adversarial_results_ep300_pre100" adversarial_hpc_submit.pbs </dev/null
[2026-08-27 09:46:57] [OK] MobileNet/Cifar100/CW/ALL
[2026-08-27 09:46:57] [OK] qsub output: Your job 6436323 ("adversarial_hpc_submit.pbs") has been submitted
[2026-08-27 09:46:58] [SUBMIT] MobileNet/Cifar100/DeepFool/ALL
[2026-08-27 09:46:58] [CMD] qsub -q all.q -l ngpus=1 -v MODEL="MobileNet",DATASET="Cifar100",ATTACK="DeepFool",KIND="ALL",PHASE="generate",OUTPUT_DIR="adversarial_results_ep200_pre200" adversarial_hpc_submit.pbs </dev/null
[2026-08-27 09:47:00] [OK] XceptionNet/Cifar10/PGD/ALL
[2026-08-27 09:47:00] [OK] XceptionNet/Cifar10/FGSM/ALL
[2026-08-27 09:47:00] [OK] qsub output: Your job 6436324 ("adversarial_hpc_submit.pbs") has been submitted
[2026-08-27 09:47:01] [OK] qsub output: Your job 6436321 ("adversarial_hpc_submit.pbs") has been submitted
[2026-08-27 09:47:01] [SUBMIT] XceptionNet/Cifar10/FGSM/ALL
[2026-08-27 09:47:01] [CMD] qsub -q all.q -l ngpus=1 -v MODEL="XceptionNet",DATASET="Cifar10",ATTACK="FGSM",KIND="ALL",PHASE="generate",OUTPUT_DIR="adversarial_results_ep300_pre100" adversarial_hpc_submit.pbs </dev/null
[2026-08-27 09:47:01] [SUBMIT] XceptionNet/Cifar10/IFGSM/ALL
[2026-08-27 09:47:01] [CMD] qsub -q all.q -l ngpus=1 -v MODEL="XceptionNet",DATASET="Cifar10",ATTACK="IFGSM",KIND="ALL",PHASE="generate",OUTPUT_DIR="adversarial_results_ep100_pre300" adversarial_hpc_submit.pbs </dev/null
[2026-08-27 09:47:04] [OK] XceptionNet/Cifar10/FGSM/ALL
[2026-08-27 09:47:04] [OK] qsub output: Your job 6436326 ("adversarial_hpc_submit.pbs") has been submitted
[2026-08-27 09:47:05] [SUBMIT] XceptionNet/Cifar10/IFGSM/ALL
[2026-08-27 09:47:05] [CMD] qsub -q all.q -l ngpus=1 -v MODEL="XceptionNet",DATASET="Cifar10",ATTACK="IFGSM",KIND="ALL",PHASE="generate",OUTPUT_DIR="adversarial_results_ep300_pre100" adversarial_hpc_submit.pbs </dev/null
[2026-08-27 09:47:08] [OK] MobileNet/Cifar100/DeepFool/ALL
[2026-08-27 09:47:08] [OK] qsub output: Your job 6436325 ("adversarial_hpc_submit.pbs") has been submitted
[2026-08-27 09:47:08] [SUBMIT] XceptionNet/Cifar10/PGD/ALL
[2026-08-27 09:47:08] [CMD] qsub -q all.q -l ngpus=1 -v MODEL="XceptionNet",DATASET="Cifar10",ATTACK="PGD",KIND="ALL",PHASE="generate",OUTPUT_DIR="adversarial_results_ep200_pre200" adversarial_hpc_submit.pbs </dev/null
[2026-08-27 09:47:09] [OK] XceptionNet/Cifar10/IFGSM/ALL
[2026-08-27 09:47:09] [OK] qsub output: Your job 6436327 ("adversarial_hpc_submit.pbs") has been submitted
[2026-08-27 09:47:09] [SUBMIT] XceptionNet/Cifar10/BIM/ALL
[2026-08-27 09:47:09] [CMD] qsub -q all.q -l ngpus=1 -v MODEL="XceptionNet",DATASET="Cifar10",ATTACK="BIM",KIND="ALL",PHASE="generate",OUTPUT_DIR="adversarial_results_ep100_pre300" adversarial_hpc_submit.pbs </dev/null
[2026-08-27 09:47:17] [OK] XceptionNet/Cifar10/IFGSM/ALL
[2026-08-27 09:47:17] [OK] qsub output: Your job 6436328 ("adversarial_hpc_submit.pbs") has been submitted
[2026-08-27 09:47:17] [SUBMIT] XceptionNet/Cifar10/BIM/ALL
[2026-08-27 09:47:17] [CMD] qsub -q all.q -l ngpus=1 -v MODEL="XceptionNet",DATASET="Cifar10",ATTACK="BIM",KIND="ALL",PHASE="generate",OUTPUT_DIR="adversarial_results_ep300_pre100" adversarial_hpc_submit.pbs </dev/null
[2026-08-27 09:47:18] [OK] XceptionNet/Cifar10/PGD/ALL
[2026-08-27 09:47:18] [OK] qsub output: Your job 6436329 ("adversarial_hpc_submit.pbs") has been submitted
[2026-08-27 09:47:18] [SUBMIT] XceptionNet/Cifar10/FGSM/ALL
[2026-08-27 09:47:18] [CMD] qsub -q all.q -l ngpus=1 -v MODEL="XceptionNet",DATASET="Cifar10",ATTACK="FGSM",KIND="ALL",PHASE="generate",OUTPUT_DIR="adversarial_results_ep200_pre200" adversarial_hpc_submit.pbs </dev/null
[2026-08-27 09:47:19] [OK] XceptionNet/Cifar10/BIM/ALL
[2026-08-27 09:47:19] [OK] qsub output: Your job 6436330 ("adversarial_hpc_submit.pbs") has been submitted
[2026-08-27 09:47:19] [SUBMIT] XceptionNet/Cifar10/APGD/ALL
[2026-08-27 09:47:19] [CMD] qsub -q all.q -l ngpus=1 -v MODEL="XceptionNet",DATASET="Cifar10",ATTACK="APGD",KIND="ALL",PHASE="generate",OUTPUT_DIR="adversarial_results_ep100_pre300" adversarial_hpc_submit.pbs </dev/null
[2026-08-27 09:47:24] [OK] XceptionNet/Cifar10/BIM/ALL
[2026-08-27 09:47:24] [OK] qsub output: Your job 6436331 ("adversarial_hpc_submit.pbs") has been submitted
[2026-08-27 09:47:24] [SUBMIT] XceptionNet/Cifar10/APGD/ALL
[2026-08-27 09:47:24] [OK] XceptionNet/Cifar10/FGSM/ALL
[2026-08-27 09:47:24] [CMD] qsub -q all.q -l ngpus=1 -v MODEL="XceptionNet",DATASET="Cifar10",ATTACK="APGD",KIND="ALL",PHASE="generate",OUTPUT_DIR="adversarial_results_ep300_pre100" adversarial_hpc_submit.pbs </dev/null
[2026-08-27 09:47:25] [OK] qsub output: Your job 6436332 ("adversarial_hpc_submit.pbs") has been submitted
[2026-08-27 09:47:25] [SUBMIT] XceptionNet/Cifar10/IFGSM/ALL
[2026-08-27 09:47:25] [CMD] qsub -q all.q -l ngpus=1 -v MODEL="XceptionNet",DATASET="Cifar10",ATTACK="IFGSM",KIND="ALL",PHASE="generate",OUTPUT_DIR="adversarial_results_ep200_pre200" adversarial_hpc_submit.pbs </dev/null
[2026-08-27 09:47:28] [OK] XceptionNet/Cifar10/APGD/ALL
[2026-08-27 09:47:28] [OK] qsub output: Your job 6436334 ("adversarial_hpc_submit.pbs") has been submitted
[2026-08-27 09:47:28] [SUBMIT] XceptionNet/Cifar10/CW/ALL
[2026-08-27 09:47:28] [CMD] qsub -q all.q -l ngpus=1 -v MODEL="XceptionNet",DATASET="Cifar10",ATTACK="CW",KIND="ALL",PHASE="generate",OUTPUT_DIR="adversarial_results_ep300_pre100" adversarial_hpc_submit.pbs </dev/null
[2026-08-27 09:47:32] [OK] XceptionNet/Cifar10/IFGSM/ALL
[2026-08-27 09:47:32] [OK] qsub output: Your job 6436335 ("adversarial_hpc_submit.pbs") has been submitted
[2026-08-27 09:47:32] [SUBMIT] XceptionNet/Cifar10/BIM/ALL
[2026-08-27 09:47:32] [CMD] qsub -q all.q -l ngpus=1 -v MODEL="XceptionNet",DATASET="Cifar10",ATTACK="BIM",KIND="ALL",PHASE="generate",OUTPUT_DIR="adversarial_results_ep200_pre200" adversarial_hpc_submit.pbs </dev/null
[2026-08-27 09:47:34] [OK] XceptionNet/Cifar10/APGD/ALL
[2026-08-27 09:47:34] [OK] qsub output: Your job 6436333 ("adversarial_hpc_submit.pbs") has been submitted
[2026-08-27 09:47:34] [SUBMIT] XceptionNet/Cifar10/CW/ALL
[2026-08-27 09:47:34] [CMD] qsub -q all.q -l ngpus=1 -v MODEL="XceptionNet",DATASET="Cifar10",ATTACK="CW",KIND="ALL",PHASE="generate",OUTPUT_DIR="adversarial_results_ep100_pre300" adversarial_hpc_submit.pbs </dev/null
[2026-08-27 09:47:40] [OK] XceptionNet/Cifar10/CW/ALL
[2026-08-27 09:47:40] [OK] qsub output: Your job 6436336 ("adversarial_hpc_submit.pbs") has been submitted
[2026-08-27 09:47:40] [SUBMIT] XceptionNet/Cifar10/DeepFool/ALL
[2026-08-27 09:47:40] [CMD] qsub -q all.q -l ngpus=1 -v MODEL="XceptionNet",DATASET="Cifar10",ATTACK="DeepFool",KIND="ALL",PHASE="generate",OUTPUT_DIR="adversarial_results_ep300_pre100" adversarial_hpc_submit.pbs </dev/null
[2026-08-27 09:47:42] [OK] XceptionNet/Cifar10/CW/ALL
[2026-08-27 09:47:42] [OK] qsub output: Your job 6436338 ("adversarial_hpc_submit.pbs") has been submitted
[2026-08-27 09:47:43] [SUBMIT] XceptionNet/Cifar10/DeepFool/ALL
[2026-08-27 09:47:43] [CMD] qsub -q all.q -l ngpus=1 -v MODEL="XceptionNet",DATASET="Cifar10",ATTACK="DeepFool",KIND="ALL",PHASE="generate",OUTPUT_DIR="adversarial_results_ep100_pre300" adversarial_hpc_submit.pbs </dev/null
[2026-08-27 09:47:43] [OK] XceptionNet/Cifar10/BIM/ALL
[2026-08-27 09:47:43] [OK] qsub output: Your job 6436337 ("adversarial_hpc_submit.pbs") has been submitted
[2026-08-27 09:47:43] [SUBMIT] XceptionNet/Cifar10/APGD/ALL
[2026-08-27 09:47:43] [CMD] qsub -q all.q -l ngpus=1 -v MODEL="XceptionNet",DATASET="Cifar10",ATTACK="APGD",KIND="ALL",PHASE="generate",OUTPUT_DIR="adversarial_results_ep200_pre200" adversarial_hpc_submit.pbs </dev/null
[2026-08-27 09:47:50] [OK] XceptionNet/Cifar10/DeepFool/ALL
[2026-08-27 09:47:50] [OK] qsub output: Your job 6436339 ("adversarial_hpc_submit.pbs") has been submitted
[2026-08-27 09:47:50] [SUBMIT] XceptionNet/Cifar100/PGD/ALL
[2026-08-27 09:47:50] [CMD] qsub -q all.q -l ngpus=1 -v MODEL="XceptionNet",DATASET="Cifar100",ATTACK="PGD",KIND="ALL",PHASE="generate",OUTPUT_DIR="adversarial_results_ep300_pre100" adversarial_hpc_submit.pbs </dev/null
[2026-08-27 09:47:53] [OK] XceptionNet/Cifar10/DeepFool/ALL
[2026-08-27 09:47:53] [OK] qsub output: Your job 6436340 ("adversarial_hpc_submit.pbs") has been submitted
[2026-08-27 09:47:53] [SUBMIT] XceptionNet/Cifar100/PGD/ALL
[2026-08-27 09:47:53] [CMD] qsub -q all.q -l ngpus=1 -v MODEL="XceptionNet",DATASET="Cifar100",ATTACK="PGD",KIND="ALL",PHASE="generate",OUTPUT_DIR="adversarial_results_ep100_pre300" adversarial_hpc_submit.pbs </dev/null
[2026-08-27 09:47:56] [OK] XceptionNet/Cifar100/PGD/ALL
[2026-08-27 09:47:56] [OK] qsub output: Your job 6436342 ("adversarial_hpc_submit.pbs") has been submitted
[2026-08-27 09:47:56] [SUBMIT] XceptionNet/Cifar100/FGSM/ALL
[2026-08-27 09:47:56] [CMD] qsub -q all.q -l ngpus=1 -v MODEL="XceptionNet",DATASET="Cifar100",ATTACK="FGSM",KIND="ALL",PHASE="generate",OUTPUT_DIR="adversarial_results_ep300_pre100" adversarial_hpc_submit.pbs </dev/null
[2026-08-27 09:47:58] [OK] XceptionNet/Cifar10/APGD/ALL
[2026-08-27 09:47:58] [OK] qsub output: Your job 6436341 ("adversarial_hpc_submit.pbs") has been submitted
[2026-08-27 09:47:59] [SUBMIT] XceptionNet/Cifar10/CW/ALL
[2026-08-27 09:47:59] [CMD] qsub -q all.q -l ngpus=1 -v MODEL="XceptionNet",DATASET="Cifar10",ATTACK="CW",KIND="ALL",PHASE="generate",OUTPUT_DIR="adversarial_results_ep200_pre200" adversarial_hpc_submit.pbs </dev/null
[2026-08-27 09:47:59] [OK] XceptionNet/Cifar100/FGSM/ALL
[2026-08-27 09:47:59] [OK] qsub output: Your job 6436344 ("adversarial_hpc_submit.pbs") has been submitted
[2026-08-27 09:47:59] [SUBMIT] XceptionNet/Cifar100/IFGSM/ALL
[2026-08-27 09:47:59] [CMD] qsub -q all.q -l ngpus=1 -v MODEL="XceptionNet",DATASET="Cifar100",ATTACK="IFGSM",KIND="ALL",PHASE="generate",OUTPUT_DIR="adversarial_results_ep300_pre100" adversarial_hpc_submit.pbs </dev/null
[2026-08-27 09:48:02] [OK] XceptionNet/Cifar100/PGD/ALL
[2026-08-27 09:48:02] [OK] qsub output: Your job 6436343 ("adversarial_hpc_submit.pbs") has been submitted
[2026-08-27 09:48:03] [SUBMIT] XceptionNet/Cifar100/FGSM/ALL
[2026-08-27 09:48:03] [CMD] qsub -q all.q -l ngpus=1 -v MODEL="XceptionNet",DATASET="Cifar100",ATTACK="FGSM",KIND="ALL",PHASE="generate",OUTPUT_DIR="adversarial_results_ep100_pre300" adversarial_hpc_submit.pbs </dev/null
[2026-08-27 09:48:06] [OK] XceptionNet/Cifar10/CW/ALL
[2026-08-27 09:48:06] [OK] qsub output: Your job 6436345 ("adversarial_hpc_submit.pbs") has been submitted
[2026-08-27 09:48:06] [SUBMIT] XceptionNet/Cifar10/DeepFool/ALL
[2026-08-27 09:48:06] [CMD] qsub -q all.q -l ngpus=1 -v MODEL="XceptionNet",DATASET="Cifar10",ATTACK="DeepFool",KIND="ALL",PHASE="generate",OUTPUT_DIR="adversarial_results_ep200_pre200" adversarial_hpc_submit.pbs </dev/null
[2026-08-27 09:48:08] [OK] XceptionNet/Cifar100/IFGSM/ALL
[2026-08-27 09:48:08] [OK] qsub output: Your job 6436346 ("adversarial_hpc_submit.pbs") has been submitted
[2026-08-27 09:48:08] [SUBMIT] XceptionNet/Cifar100/BIM/ALL
[2026-08-27 09:48:08] [CMD] qsub -q all.q -l ngpus=1 -v MODEL="XceptionNet",DATASET="Cifar100",ATTACK="BIM",KIND="ALL",PHASE="generate",OUTPUT_DIR="adversarial_results_ep300_pre100" adversarial_hpc_submit.pbs </dev/null
[2026-08-27 09:48:09] [OK] XceptionNet/Cifar100/FGSM/ALL
[2026-08-27 09:48:09] [OK] qsub output: Your job 6436347 ("adversarial_hpc_submit.pbs") has been submitted
[2026-08-27 09:48:09] [SUBMIT] XceptionNet/Cifar100/IFGSM/ALL
[2026-08-27 09:48:09] [CMD] qsub -q all.q -l ngpus=1 -v MODEL="XceptionNet",DATASET="Cifar100",ATTACK="IFGSM",KIND="ALL",PHASE="generate",OUTPUT_DIR="adversarial_results_ep100_pre300" adversarial_hpc_submit.pbs </dev/null
[2026-08-27 09:48:11] [OK] XceptionNet/Cifar10/DeepFool/ALL
[2026-08-27 09:48:12] [OK] qsub output: Your job 6436348 ("adversarial_hpc_submit.pbs") has been submitted
[2026-08-27 09:48:12] [SUBMIT] XceptionNet/Cifar100/PGD/ALL
[2026-08-27 09:48:12] [CMD] qsub -q all.q -l ngpus=1 -v MODEL="XceptionNet",DATASET="Cifar100",ATTACK="PGD",KIND="ALL",PHASE="generate",OUTPUT_DIR="adversarial_results_ep200_pre200" adversarial_hpc_submit.pbs </dev/null
[2026-08-27 09:48:16] [OK] XceptionNet/Cifar100/IFGSM/ALL
[2026-08-27 09:48:16] [OK] qsub output: Your job 6436350 ("adversarial_hpc_submit.pbs") has been submitted
[2026-08-27 09:48:16] [SUBMIT] XceptionNet/Cifar100/BIM/ALL
[2026-08-27 09:48:16] [CMD] qsub -q all.q -l ngpus=1 -v MODEL="XceptionNet",DATASET="Cifar100",ATTACK="BIM",KIND="ALL",PHASE="generate",OUTPUT_DIR="adversarial_results_ep100_pre300" adversarial_hpc_submit.pbs </dev/null
[2026-08-27 09:48:18] [OK] XceptionNet/Cifar100/BIM/ALL
[2026-08-27 09:48:18] [OK] qsub output: Your job 6436349 ("adversarial_hpc_submit.pbs") has been submitted
[2026-08-27 09:48:18] [SUBMIT] XceptionNet/Cifar100/APGD/ALL
[2026-08-27 09:48:18] [CMD] qsub -q all.q -l ngpus=1 -v MODEL="XceptionNet",DATASET="Cifar100",ATTACK="APGD",KIND="ALL",PHASE="generate",OUTPUT_DIR="adversarial_results_ep300_pre100" adversarial_hpc_submit.pbs </dev/null
[2026-08-27 09:48:19] [OK] XceptionNet/Cifar100/PGD/ALL
[2026-08-27 09:48:19] [OK] qsub output: Your job 6436351 ("adversarial_hpc_submit.pbs") has been submitted
[2026-08-27 09:48:19] [SUBMIT] XceptionNet/Cifar100/FGSM/ALL
[2026-08-27 09:48:19] [CMD] qsub -q all.q -l ngpus=1 -v MODEL="XceptionNet",DATASET="Cifar100",ATTACK="FGSM",KIND="ALL",PHASE="generate",OUTPUT_DIR="adversarial_results_ep200_pre200" adversarial_hpc_submit.pbs </dev/null
[2026-08-27 09:48:21] [OK] XceptionNet/Cifar100/APGD/ALL
[2026-08-27 09:48:21] [OK] qsub output: Your job 6436353 ("adversarial_hpc_submit.pbs") has been submitted
[2026-08-27 09:48:21] [SUBMIT] XceptionNet/Cifar100/CW/ALL
[2026-08-27 09:48:21] [CMD] qsub -q all.q -l ngpus=1 -v MODEL="XceptionNet",DATASET="Cifar100",ATTACK="CW",KIND="ALL",PHASE="generate",OUTPUT_DIR="adversarial_results_ep300_pre100" adversarial_hpc_submit.pbs </dev/null
[2026-08-27 09:48:26] [OK] XceptionNet/Cifar100/BIM/ALL
[2026-08-27 09:48:26] [OK] qsub output: Your job 6436352 ("adversarial_hpc_submit.pbs") has been submitted
[2026-08-27 09:48:26] [OK] XceptionNet/Cifar100/FGSM/ALL
[2026-08-27 09:48:26] [OK] qsub output: Your job 6436354 ("adversarial_hpc_submit.pbs") has been submitted
[2026-08-27 09:48:26] [SUBMIT] XceptionNet/Cifar100/APGD/ALL
[2026-08-27 09:48:26] [CMD] qsub -q all.q -l ngpus=1 -v MODEL="XceptionNet",DATASET="Cifar100",ATTACK="APGD",KIND="ALL",PHASE="generate",OUTPUT_DIR="adversarial_results_ep100_pre300" adversarial_hpc_submit.pbs </dev/null
[2026-08-27 09:48:26] [SUBMIT] XceptionNet/Cifar100/IFGSM/ALL
[2026-08-27 09:48:26] [CMD] qsub -q all.q -l ngpus=1 -v MODEL="XceptionNet",DATASET="Cifar100",ATTACK="IFGSM",KIND="ALL",PHASE="generate",OUTPUT_DIR="adversarial_results_ep200_pre200" adversarial_hpc_submit.pbs </dev/null
[2026-08-27 09:48:34] [OK] XceptionNet/Cifar100/CW/ALL
[2026-08-27 09:48:34] [OK] qsub output: Your job 6436355 ("adversarial_hpc_submit.pbs") has been submitted
[2026-08-27 09:48:34] [SUBMIT] XceptionNet/Cifar100/DeepFool/ALL
[2026-08-27 09:48:34] [CMD] qsub -q all.q -l ngpus=1 -v MODEL="XceptionNet",DATASET="Cifar100",ATTACK="DeepFool",KIND="ALL",PHASE="generate",OUTPUT_DIR="adversarial_results_ep300_pre100" adversarial_hpc_submit.pbs </dev/null
[2026-08-27 09:48:36] [OK] XceptionNet/Cifar100/APGD/ALL
[2026-08-27 09:48:38] [OK] XceptionNet/Cifar100/IFGSM/ALL
[2026-08-27 09:48:39] [OK] qsub output: Your job 6436356 ("adversarial_hpc_submit.pbs") has been submitted
[2026-08-27 09:48:39] [OK] qsub output: Your job 6436357 ("adversarial_hpc_submit.pbs") has been submitted
[2026-08-27 09:48:39] [SUBMIT] XceptionNet/Cifar100/CW/ALL
[2026-08-27 09:48:39] [SUBMIT] XceptionNet/Cifar100/BIM/ALL
[2026-08-27 09:48:39] [CMD] qsub -q all.q -l ngpus=1 -v MODEL="XceptionNet",DATASET="Cifar100",ATTACK="CW",KIND="ALL",PHASE="generate",OUTPUT_DIR="adversarial_results_ep100_pre300" adversarial_hpc_submit.pbs </dev/null
[2026-08-27 09:48:39] [CMD] qsub -q all.q -l ngpus=1 -v MODEL="XceptionNet",DATASET="Cifar100",ATTACK="BIM",KIND="ALL",PHASE="generate",OUTPUT_DIR="adversarial_results_ep200_pre200" adversarial_hpc_submit.pbs </dev/null
[2026-08-27 09:48:46] [OK] XceptionNet/Cifar100/BIM/ALL
[2026-08-27 09:48:46] [OK] qsub output: Your job 6436359 ("adversarial_hpc_submit.pbs") has been submitted
[2026-08-27 09:48:46] [SUBMIT] XceptionNet/Cifar100/APGD/ALL
[2026-08-27 09:48:46] [CMD] qsub -q all.q -l ngpus=1 -v MODEL="XceptionNet",DATASET="Cifar100",ATTACK="APGD",KIND="ALL",PHASE="generate",OUTPUT_DIR="adversarial_results_ep200_pre200" adversarial_hpc_submit.pbs </dev/null
[2026-08-27 09:48:46] [OK] XceptionNet/Cifar100/DeepFool/ALL
[2026-08-27 09:48:46] [OK] qsub output: Your job 6436358 ("adversarial_hpc_submit.pbs") has been submitted
[2026-08-27 09:48:46] [SUBMIT] ConvNeXt/Cifar10/PGD/ALL
[2026-08-27 09:48:46] [CMD] qsub -q all.q -l ngpus=1 -v MODEL="ConvNeXt",DATASET="Cifar10",ATTACK="PGD",KIND="ALL",PHASE="generate",OUTPUT_DIR="adversarial_results_ep300_pre100" adversarial_hpc_submit.pbs </dev/null
[2026-08-27 09:48:48] [OK] XceptionNet/Cifar100/CW/ALL
[2026-08-27 09:48:48] [OK] qsub output: Your job 6436360 ("adversarial_hpc_submit.pbs") has been submitted
[2026-08-27 09:48:48] [SUBMIT] XceptionNet/Cifar100/DeepFool/ALL
[2026-08-27 09:48:48] [CMD] qsub -q all.q -l ngpus=1 -v MODEL="XceptionNet",DATASET="Cifar100",ATTACK="DeepFool",KIND="ALL",PHASE="generate",OUTPUT_DIR="adversarial_results_ep100_pre300" adversarial_hpc_submit.pbs </dev/null
[2026-08-27 09:48:51] [OK] XceptionNet/Cifar100/APGD/ALL
[2026-08-27 09:48:51] [OK] qsub output: Your job 6436361 ("adversarial_hpc_submit.pbs") has been submitted
[2026-08-27 09:48:51] [SUBMIT] XceptionNet/Cifar100/CW/ALL
[2026-08-27 09:48:51] [CMD] qsub -q all.q -l ngpus=1 -v MODEL="XceptionNet",DATASET="Cifar100",ATTACK="CW",KIND="ALL",PHASE="generate",OUTPUT_DIR="adversarial_results_ep200_pre200" adversarial_hpc_submit.pbs </dev/null
[2026-08-27 09:48:52] [OK] XceptionNet/Cifar100/DeepFool/ALL
[2026-08-27 09:48:52] [OK] qsub output: Your job 6436363 ("adversarial_hpc_submit.pbs") has been submitted
[2026-08-27 09:48:52] [SUBMIT] ConvNeXt/Cifar10/PGD/ALL
[2026-08-27 09:48:52] [CMD] qsub -q all.q -l ngpus=1 -v MODEL="ConvNeXt",DATASET="Cifar10",ATTACK="PGD",KIND="ALL",PHASE="generate",OUTPUT_DIR="adversarial_results_ep100_pre300" adversarial_hpc_submit.pbs </dev/null
[2026-08-27 09:48:56] [OK] ConvNeXt/Cifar10/PGD/ALL
[2026-08-27 09:48:57] [OK] qsub output: Your job 6436362 ("adversarial_hpc_submit.pbs") has been submitted
[2026-08-27 09:48:58] [SUBMIT] ConvNeXt/Cifar10/FGSM/ALL
[2026-08-27 09:48:58] [CMD] qsub -q all.q -l ngpus=1 -v MODEL="ConvNeXt",DATASET="Cifar10",ATTACK="FGSM",KIND="ALL",PHASE="generate",OUTPUT_DIR="adversarial_results_ep300_pre100" adversarial_hpc_submit.pbs </dev/null
[2026-08-27 09:48:58] [OK] XceptionNet/Cifar100/CW/ALL
[2026-08-27 09:48:59] [OK] qsub output: Your job 6436364 ("adversarial_hpc_submit.pbs") has been submitted
[2026-08-27 09:48:59] [SUBMIT] XceptionNet/Cifar100/DeepFool/ALL
[2026-08-27 09:48:59] [CMD] qsub -q all.q -l ngpus=1 -v MODEL="XceptionNet",DATASET="Cifar100",ATTACK="DeepFool",KIND="ALL",PHASE="generate",OUTPUT_DIR="adversarial_results_ep200_pre200" adversarial_hpc_submit.pbs </dev/null
[2026-08-27 09:49:05] [OK] ConvNeXt/Cifar10/PGD/ALL
[2026-08-27 09:49:05] [OK] qsub output: Your job 6436365 ("adversarial_hpc_submit.pbs") has been submitted
[2026-08-27 09:49:05] [SUBMIT] ConvNeXt/Cifar10/FGSM/ALL
[2026-08-27 09:49:05] [CMD] qsub -q all.q -l ngpus=1 -v MODEL="ConvNeXt",DATASET="Cifar10",ATTACK="FGSM",KIND="ALL",PHASE="generate",OUTPUT_DIR="adversarial_results_ep100_pre300" adversarial_hpc_submit.pbs </dev/null
[2026-08-27 09:49:05] [OK] ConvNeXt/Cifar10/FGSM/ALL
[2026-08-27 09:49:05] [OK] qsub output: Your job 6436366 ("adversarial_hpc_submit.pbs") has been submitted
[2026-08-27 09:49:05] [SUBMIT] ConvNeXt/Cifar10/IFGSM/ALL
[2026-08-27 09:49:06] [CMD] qsub -q all.q -l ngpus=1 -v MODEL="ConvNeXt",DATASET="Cifar10",ATTACK="IFGSM",KIND="ALL",PHASE="generate",OUTPUT_DIR="adversarial_results_ep300_pre100" adversarial_hpc_submit.pbs </dev/null
[2026-08-27 09:49:06] [OK] XceptionNet/Cifar100/DeepFool/ALL
[2026-08-27 09:49:07] [OK] qsub output: Your job 6436367 ("adversarial_hpc_submit.pbs") has been submitted
[2026-08-27 09:49:07] [SUBMIT] ConvNeXt/Cifar10/PGD/ALL
[2026-08-27 09:49:07] [CMD] qsub -q all.q -l ngpus=1 -v MODEL="ConvNeXt",DATASET="Cifar10",ATTACK="PGD",KIND="ALL",PHASE="generate",OUTPUT_DIR="adversarial_results_ep200_pre200" adversarial_hpc_submit.pbs </dev/null
[2026-08-27 09:49:09] [OK] ConvNeXt/Cifar10/FGSM/ALL
[2026-08-27 09:49:09] [OK] qsub output: Your job 6436368 ("adversarial_hpc_submit.pbs") has been submitted
[2026-08-27 09:49:09] [SUBMIT] ConvNeXt/Cifar10/IFGSM/ALL
[2026-08-27 09:49:09] [CMD] qsub -q all.q -l ngpus=1 -v MODEL="ConvNeXt",DATASET="Cifar10",ATTACK="IFGSM",KIND="ALL",PHASE="generate",OUTPUT_DIR="adversarial_results_ep100_pre300" adversarial_hpc_submit.pbs </dev/null
[2026-08-27 09:49:10] [OK] ConvNeXt/Cifar10/PGD/ALL
[2026-08-27 09:49:10] [OK] qsub output: Your job 6436370 ("adversarial_hpc_submit.pbs") has been submitted
[2026-08-27 09:49:10] [SUBMIT] ConvNeXt/Cifar10/FGSM/ALL
[2026-08-27 09:49:10] [CMD] qsub -q all.q -l ngpus=1 -v MODEL="ConvNeXt",DATASET="Cifar10",ATTACK="FGSM",KIND="ALL",PHASE="generate",OUTPUT_DIR="adversarial_results_ep200_pre200" adversarial_hpc_submit.pbs </dev/null
[2026-08-27 09:49:11] [OK] ConvNeXt/Cifar10/IFGSM/ALL
[2026-08-27 09:49:11] [OK] qsub output: Your job 6436369 ("adversarial_hpc_submit.pbs") has been submitted
[2026-08-27 09:49:11] [SUBMIT] ConvNeXt/Cifar10/BIM/ALL
[2026-08-27 09:49:11] [CMD] qsub -q all.q -l ngpus=1 -v MODEL="ConvNeXt",DATASET="Cifar10",ATTACK="BIM",KIND="ALL",PHASE="generate",OUTPUT_DIR="adversarial_results_ep300_pre100" adversarial_hpc_submit.pbs </dev/null
[2026-08-27 09:49:14] [OK] ConvNeXt/Cifar10/IFGSM/ALL
[2026-08-27 09:49:14] [OK] qsub output: Your job 6436371 ("adversarial_hpc_submit.pbs") has been submitted
[2026-08-27 09:49:15] [SUBMIT] ConvNeXt/Cifar10/BIM/ALL
[2026-08-27 09:49:16] [CMD] qsub -q all.q -l ngpus=1 -v MODEL="ConvNeXt",DATASET="Cifar10",ATTACK="BIM",KIND="ALL",PHASE="generate",OUTPUT_DIR="adversarial_results_ep100_pre300" adversarial_hpc_submit.pbs </dev/null
[2026-08-27 09:49:19] [OK] ConvNeXt/Cifar10/FGSM/ALL
[2026-08-27 09:49:19] [OK] qsub output: Your job 6436372 ("adversarial_hpc_submit.pbs") has been submitted
[2026-08-27 09:49:19] [SUBMIT] ConvNeXt/Cifar10/IFGSM/ALL
[2026-08-27 09:49:19] [CMD] qsub -q all.q -l ngpus=1 -v MODEL="ConvNeXt",DATASET="Cifar10",ATTACK="IFGSM",KIND="ALL",PHASE="generate",OUTPUT_DIR="adversarial_results_ep200_pre200" adversarial_hpc_submit.pbs </dev/null
[2026-08-27 09:49:21] [OK] ConvNeXt/Cifar10/BIM/ALL
[2026-08-27 09:49:21] [OK] qsub output: Your job 6436373 ("adversarial_hpc_submit.pbs") has been submitted
[2026-08-27 09:49:21] [SUBMIT] ConvNeXt/Cifar10/APGD/ALL
[2026-08-27 09:49:21] [CMD] qsub -q all.q -l ngpus=1 -v MODEL="ConvNeXt",DATASET="Cifar10",ATTACK="APGD",KIND="ALL",PHASE="generate",OUTPUT_DIR="adversarial_results_ep300_pre100" adversarial_hpc_submit.pbs </dev/null
[2026-08-27 09:49:25] [OK] ConvNeXt/Cifar10/IFGSM/ALL
[2026-08-27 09:49:25] [OK] qsub output: Your job 6436375 ("adversarial_hpc_submit.pbs") has been submitted
[2026-08-27 09:49:26] [SUBMIT] ConvNeXt/Cifar10/BIM/ALL
[2026-08-27 09:49:26] [CMD] qsub -q all.q -l ngpus=1 -v MODEL="ConvNeXt",DATASET="Cifar10",ATTACK="BIM",KIND="ALL",PHASE="generate",OUTPUT_DIR="adversarial_results_ep200_pre200" adversarial_hpc_submit.pbs </dev/null
[2026-08-27 09:49:26] [OK] ConvNeXt/Cifar10/BIM/ALL
[2026-08-27 09:49:27] [OK] qsub output: Your job 6436374 ("adversarial_hpc_submit.pbs") has been submitted
[2026-08-27 09:49:27] [SUBMIT] ConvNeXt/Cifar10/APGD/ALL
[2026-08-27 09:49:28] [CMD] qsub -q all.q -l ngpus=1 -v MODEL="ConvNeXt",DATASET="Cifar10",ATTACK="APGD",KIND="ALL",PHASE="generate",OUTPUT_DIR="adversarial_results_ep100_pre300" adversarial_hpc_submit.pbs </dev/null
[2026-08-27 09:49:28] [OK] ConvNeXt/Cifar10/BIM/ALL
[2026-08-27 09:49:31] [OK] qsub output: Your job 6436377 ("adversarial_hpc_submit.pbs") has been submitted
[2026-08-27 09:49:32] [SUBMIT] ConvNeXt/Cifar10/APGD/ALL
[2026-08-27 09:49:32] [OK] ConvNeXt/Cifar10/APGD/ALL
[2026-08-27 09:49:32] [CMD] qsub -q all.q -l ngpus=1 -v MODEL="ConvNeXt",DATASET="Cifar10",ATTACK="APGD",KIND="ALL",PHASE="generate",OUTPUT_DIR="adversarial_results_ep200_pre200" adversarial_hpc_submit.pbs </dev/null
[2026-08-27 09:49:32] [OK] qsub output: Your job 6436378 ("adversarial_hpc_submit.pbs") has been submitted
[2026-08-27 09:49:34] [SUBMIT] ConvNeXt/Cifar10/CW/ALL
[2026-08-27 09:49:35] [OK] ConvNeXt/Cifar10/APGD/ALL
[2026-08-27 09:49:35] [CMD] qsub -q all.q -l ngpus=1 -v MODEL="ConvNeXt",DATASET="Cifar10",ATTACK="CW",KIND="ALL",PHASE="generate",OUTPUT_DIR="adversarial_results_ep100_pre300" adversarial_hpc_submit.pbs </dev/null
[2026-08-27 09:49:35] [OK] qsub output: Your job 6436379 ("adversarial_hpc_submit.pbs") has been submitted
[2026-08-27 09:49:35] [OK] ConvNeXt/Cifar10/APGD/ALL
[2026-08-27 09:49:36] [OK] qsub output: Your job 6436376 ("adversarial_hpc_submit.pbs") has been submitted
[2026-08-27 09:49:36] [SUBMIT] ConvNeXt/Cifar10/CW/ALL
[2026-08-27 09:49:36] [SUBMIT] ConvNeXt/Cifar10/CW/ALL
[2026-08-27 09:49:36] [CMD] qsub -q all.q -l ngpus=1 -v MODEL="ConvNeXt",DATASET="Cifar10",ATTACK="CW",KIND="ALL",PHASE="generate",OUTPUT_DIR="adversarial_results_ep200_pre200" adversarial_hpc_submit.pbs </dev/null
[2026-08-27 09:49:36] [CMD] qsub -q all.q -l ngpus=1 -v MODEL="ConvNeXt",DATASET="Cifar10",ATTACK="CW",KIND="ALL",PHASE="generate",OUTPUT_DIR="adversarial_results_ep300_pre100" adversarial_hpc_submit.pbs </dev/null
[2026-08-27 09:49:41] [OK] ConvNeXt/Cifar10/CW/ALL
[2026-08-27 09:49:42] [OK] ConvNeXt/Cifar10/CW/ALL
[2026-08-27 09:49:43] [OK] qsub output: Your job 6436381 ("adversarial_hpc_submit.pbs") has been submitted
[2026-08-27 09:49:44] [OK] qsub output: Your job 6436380 ("adversarial_hpc_submit.pbs") has been submitted
[2026-08-27 09:49:44] [SUBMIT] ConvNeXt/Cifar10/DeepFool/ALL
[2026-08-27 09:49:44] [SUBMIT] ConvNeXt/Cifar10/DeepFool/ALL
[2026-08-27 09:49:44] [CMD] qsub -q all.q -l ngpus=1 -v MODEL="ConvNeXt",DATASET="Cifar10",ATTACK="DeepFool",KIND="ALL",PHASE="generate",OUTPUT_DIR="adversarial_results_ep200_pre200" adversarial_hpc_submit.pbs </dev/null
[2026-08-27 09:49:47] [CMD] qsub -q all.q -l ngpus=1 -v MODEL="ConvNeXt",DATASET="Cifar10",ATTACK="DeepFool",KIND="ALL",PHASE="generate",OUTPUT_DIR="adversarial_results_ep100_pre300" adversarial_hpc_submit.pbs </dev/null
[2026-08-27 09:49:48] [OK] ConvNeXt/Cifar10/CW/ALL
[2026-08-27 09:49:56] [OK] qsub output: Your job 6436382 ("adversarial_hpc_submit.pbs") has been submitted
[2026-08-27 09:49:59] [OK] ConvNeXt/Cifar10/DeepFool/ALL
[2026-08-27 09:49:59] [SUBMIT] ConvNeXt/Cifar10/DeepFool/ALL
[2026-08-27 09:49:59] [OK] qsub output: Your job 6436383 ("adversarial_hpc_submit.pbs") has been submitted
[2026-08-27 09:50:00] [CMD] qsub -q all.q -l ngpus=1 -v MODEL="ConvNeXt",DATASET="Cifar10",ATTACK="DeepFool",KIND="ALL",PHASE="generate",OUTPUT_DIR="adversarial_results_ep300_pre100" adversarial_hpc_submit.pbs </dev/null
[2026-08-27 09:50:00] [OK] ConvNeXt/Cifar10/DeepFool/ALL
[2026-08-27 09:50:02] [SUBMIT] ConvNeXt/Cifar100/PGD/ALL
[2026-08-27 09:50:02] [OK] qsub output: Your job 6436384 ("adversarial_hpc_submit.pbs") has been submitted
[2026-08-27 09:50:02] [CMD] qsub -q all.q -l ngpus=1 -v MODEL="ConvNeXt",DATASET="Cifar100",ATTACK="PGD",KIND="ALL",PHASE="generate",OUTPUT_DIR="adversarial_results_ep200_pre200" adversarial_hpc_submit.pbs </dev/null
[2026-08-27 09:50:04] [SUBMIT] ConvNeXt/Cifar100/PGD/ALL
[2026-08-27 09:50:05] [OK] ConvNeXt/Cifar10/DeepFool/ALL
[2026-08-27 09:50:06] [CMD] qsub -q all.q -l ngpus=1 -v MODEL="ConvNeXt",DATASET="Cifar100",ATTACK="PGD",KIND="ALL",PHASE="generate",OUTPUT_DIR="adversarial_results_ep100_pre300" adversarial_hpc_submit.pbs </dev/null
[2026-08-27 09:50:06] [OK] qsub output: Your job 6436386 ("adversarial_hpc_submit.pbs") has been submitted
[2026-08-27 09:50:07] [SUBMIT] ConvNeXt/Cifar100/PGD/ALL
[2026-08-27 09:50:07] [CMD] qsub -q all.q -l ngpus=1 -v MODEL="ConvNeXt",DATASET="Cifar100",ATTACK="PGD",KIND="ALL",PHASE="generate",OUTPUT_DIR="adversarial_results_ep300_pre100" adversarial_hpc_submit.pbs </dev/null
[2026-08-27 09:50:16] [OK] ConvNeXt/Cifar100/PGD/ALL
[2026-08-27 09:50:16] [OK] qsub output: Your job 6436388 ("adversarial_hpc_submit.pbs") has been submitted
[2026-08-27 09:50:16] [SUBMIT] ConvNeXt/Cifar100/FGSM/ALL
[2026-08-27 09:50:16] [CMD] qsub -q all.q -l ngpus=1 -v MODEL="ConvNeXt",DATASET="Cifar100",ATTACK="FGSM",KIND="ALL",PHASE="generate",OUTPUT_DIR="adversarial_results_ep200_pre200" adversarial_hpc_submit.pbs </dev/null
[2026-08-27 09:50:22] [OK] ConvNeXt/Cifar100/PGD/ALL
[2026-08-27 09:50:22] [OK] qsub output: Your job 6436389 ("adversarial_hpc_submit.pbs") has been submitted
[2026-08-27 09:50:22] [SUBMIT] ConvNeXt/Cifar100/FGSM/ALL
[2026-08-27 09:50:22] [CMD] qsub -q all.q -l ngpus=1 -v MODEL="ConvNeXt",DATASET="Cifar100",ATTACK="FGSM",KIND="ALL",PHASE="generate",OUTPUT_DIR="adversarial_results_ep100_pre300" adversarial_hpc_submit.pbs </dev/null
[2026-08-27 09:50:22] [OK] ConvNeXt/Cifar100/PGD/ALL
[2026-08-27 09:50:22] [OK] qsub output: Your job 6436390 ("adversarial_hpc_submit.pbs") has been submitted
[2026-08-27 09:50:22] [SUBMIT] ConvNeXt/Cifar100/FGSM/ALL
[2026-08-27 09:50:22] [CMD] qsub -q all.q -l ngpus=1 -v MODEL="ConvNeXt",DATASET="Cifar100",ATTACK="FGSM",KIND="ALL",PHASE="generate",OUTPUT_DIR="adversarial_results_ep300_pre100" adversarial_hpc_submit.pbs </dev/null
[2026-08-27 09:50:25] [OK] ConvNeXt/Cifar100/FGSM/ALL
[2026-08-27 09:50:25] [OK] qsub output: Your job 6436391 ("adversarial_hpc_submit.pbs") has been submitted
[2026-08-27 09:50:25] [SUBMIT] ConvNeXt/Cifar100/IFGSM/ALL
[2026-08-27 09:50:25] [CMD] qsub -q all.q -l ngpus=1 -v MODEL="ConvNeXt",DATASET="Cifar100",ATTACK="IFGSM",KIND="ALL",PHASE="generate",OUTPUT_DIR="adversarial_results_ep200_pre200" adversarial_hpc_submit.pbs </dev/null
[2026-08-27 09:50:28] [OK] ConvNeXt/Cifar100/FGSM/ALL
[2026-08-27 09:50:29] [OK] ConvNeXt/Cifar100/FGSM/ALL
[2026-08-27 09:50:29] [OK] qsub output: Your job 6436392 ("adversarial_hpc_submit.pbs") has been submitted
[2026-08-27 09:50:29] [OK] qsub output: Your job 6436393 ("adversarial_hpc_submit.pbs") has been submitted
[2026-08-27 09:50:29] [SUBMIT] ConvNeXt/Cifar100/IFGSM/ALL
[2026-08-27 09:50:29] [CMD] qsub -q all.q -l ngpus=1 -v MODEL="ConvNeXt",DATASET="Cifar100",ATTACK="IFGSM",KIND="ALL",PHASE="generate",OUTPUT_DIR="adversarial_results_ep100_pre300" adversarial_hpc_submit.pbs </dev/null
[2026-08-27 09:50:29] [SUBMIT] ConvNeXt/Cifar100/IFGSM/ALL
[2026-08-27 09:50:30] [CMD] qsub -q all.q -l ngpus=1 -v MODEL="ConvNeXt",DATASET="Cifar100",ATTACK="IFGSM",KIND="ALL",PHASE="generate",OUTPUT_DIR="adversarial_results_ep300_pre100" adversarial_hpc_submit.pbs </dev/null
[2026-08-27 09:50:34] [OK] ConvNeXt/Cifar100/IFGSM/ALL
[2026-08-27 09:50:34] [OK] qsub output: Your job 6436395 ("adversarial_hpc_submit.pbs") has been submitted
[2026-08-27 09:50:35] [SUBMIT] ConvNeXt/Cifar100/BIM/ALL
[2026-08-27 09:50:35] [CMD] qsub -q all.q -l ngpus=1 -v MODEL="ConvNeXt",DATASET="Cifar100",ATTACK="BIM",KIND="ALL",PHASE="generate",OUTPUT_DIR="adversarial_results_ep100_pre300" adversarial_hpc_submit.pbs </dev/null
[2026-08-27 09:50:36] [OK] ConvNeXt/Cifar100/IFGSM/ALL
[2026-08-27 09:50:36] [OK] qsub output: Your job 6436394 ("adversarial_hpc_submit.pbs") has been submitted
[2026-08-27 09:50:36] [SUBMIT] ConvNeXt/Cifar100/BIM/ALL
[2026-08-27 09:50:36] [CMD] qsub -q all.q -l ngpus=1 -v MODEL="ConvNeXt",DATASET="Cifar100",ATTACK="BIM",KIND="ALL",PHASE="generate",OUTPUT_DIR="adversarial_results_ep200_pre200" adversarial_hpc_submit.pbs </dev/null
[2026-08-27 09:50:39] [OK] ConvNeXt/Cifar100/IFGSM/ALL
[2026-08-27 09:50:39] [OK] qsub output: Your job 6436396 ("adversarial_hpc_submit.pbs") has been submitted
[2026-08-27 09:50:40] [SUBMIT] ConvNeXt/Cifar100/BIM/ALL
[2026-08-27 09:50:40] [CMD] qsub -q all.q -l ngpus=1 -v MODEL="ConvNeXt",DATASET="Cifar100",ATTACK="BIM",KIND="ALL",PHASE="generate",OUTPUT_DIR="adversarial_results_ep300_pre100" adversarial_hpc_submit.pbs </dev/null
[2026-08-27 09:50:42] [OK] ConvNeXt/Cifar100/BIM/ALL
[2026-08-27 09:50:42] [OK] qsub output: Your job 6436398 ("adversarial_hpc_submit.pbs") has been submitted
[2026-08-27 09:50:42] [SUBMIT] ConvNeXt/Cifar100/APGD/ALL
[2026-08-27 09:50:42] [CMD] qsub -q all.q -l ngpus=1 -v MODEL="ConvNeXt",DATASET="Cifar100",ATTACK="APGD",KIND="ALL",PHASE="generate",OUTPUT_DIR="adversarial_results_ep200_pre200" adversarial_hpc_submit.pbs </dev/null
[2026-08-27 09:50:43] [OK] ConvNeXt/Cifar100/BIM/ALL
[2026-08-27 09:50:44] [OK] qsub output: Your job 6436397 ("adversarial_hpc_submit.pbs") has been submitted
[2026-08-27 09:50:45] [SUBMIT] ConvNeXt/Cifar100/APGD/ALL
[2026-08-27 09:50:45] [CMD] qsub -q all.q -l ngpus=1 -v MODEL="ConvNeXt",DATASET="Cifar100",ATTACK="APGD",KIND="ALL",PHASE="generate",OUTPUT_DIR="adversarial_results_ep100_pre300" adversarial_hpc_submit.pbs </dev/null
[2026-08-27 09:50:51] [OK] ConvNeXt/Cifar100/BIM/ALL
[2026-08-27 09:50:52] [OK] ConvNeXt/Cifar100/APGD/ALL
[2026-08-27 09:50:52] [OK] qsub output: Your job 6436399 ("adversarial_hpc_submit.pbs") has been submitted
[2026-08-27 09:50:52] [OK] qsub output: Your job 6436400 ("adversarial_hpc_submit.pbs") has been submitted
[2026-08-27 09:50:52] [SUBMIT] ConvNeXt/Cifar100/APGD/ALL
[2026-08-27 09:50:52] [SUBMIT] ConvNeXt/Cifar100/CW/ALL
[2026-08-27 09:50:52] [CMD] qsub -q all.q -l ngpus=1 -v MODEL="ConvNeXt",DATASET="Cifar100",ATTACK="APGD",KIND="ALL",PHASE="generate",OUTPUT_DIR="adversarial_results_ep300_pre100" adversarial_hpc_submit.pbs </dev/null
[2026-08-27 09:50:53] [CMD] qsub -q all.q -l ngpus=1 -v MODEL="ConvNeXt",DATASET="Cifar100",ATTACK="CW",KIND="ALL",PHASE="generate",OUTPUT_DIR="adversarial_results_ep200_pre200" adversarial_hpc_submit.pbs </dev/null
[2026-08-27 09:50:58] [OK] ConvNeXt/Cifar100/APGD/ALL
[2026-08-27 09:50:58] [OK] qsub output: Your job 6436402 ("adversarial_hpc_submit.pbs") has been submitted
[2026-08-27 09:50:58] [SUBMIT] ConvNeXt/Cifar100/CW/ALL
[2026-08-27 09:50:58] [CMD] qsub -q all.q -l ngpus=1 -v MODEL="ConvNeXt",DATASET="Cifar100",ATTACK="CW",KIND="ALL",PHASE="generate",OUTPUT_DIR="adversarial_results_ep300_pre100" adversarial_hpc_submit.pbs </dev/null
[2026-08-27 09:50:58] [OK] ConvNeXt/Cifar100/APGD/ALL
[2026-08-27 09:50:58] [OK] qsub output: Your job 6436401 ("adversarial_hpc_submit.pbs") has been submitted
[2026-08-27 09:50:58] [SUBMIT] ConvNeXt/Cifar100/CW/ALL
[2026-08-27 09:50:58] [CMD] qsub -q all.q -l ngpus=1 -v MODEL="ConvNeXt",DATASET="Cifar100",ATTACK="CW",KIND="ALL",PHASE="generate",OUTPUT_DIR="adversarial_results_ep100_pre300" adversarial_hpc_submit.pbs </dev/null
[2026-08-27 09:51:02] [OK] ConvNeXt/Cifar100/CW/ALL
[2026-08-27 09:51:02] [OK] qsub output: Your job 6436403 ("adversarial_hpc_submit.pbs") has been submitted
[2026-08-27 09:51:03] [SUBMIT] ConvNeXt/Cifar100/DeepFool/ALL
[2026-08-27 09:51:03] [CMD] qsub -q all.q -l ngpus=1 -v MODEL="ConvNeXt",DATASET="Cifar100",ATTACK="DeepFool",KIND="ALL",PHASE="generate",OUTPUT_DIR="adversarial_results_ep200_pre200" adversarial_hpc_submit.pbs </dev/null
[2026-08-27 09:51:06] [OK] ConvNeXt/Cifar100/CW/ALL
[2026-08-27 09:51:06] [OK] qsub output: Your job 6436404 ("adversarial_hpc_submit.pbs") has been submitted
[2026-08-27 09:51:06] [SUBMIT] ConvNeXt/Cifar100/DeepFool/ALL
[2026-08-27 09:51:06] [CMD] qsub -q all.q -l ngpus=1 -v MODEL="ConvNeXt",DATASET="Cifar100",ATTACK="DeepFool",KIND="ALL",PHASE="generate",OUTPUT_DIR="adversarial_results_ep300_pre100" adversarial_hpc_submit.pbs </dev/null
[2026-08-27 09:51:08] [OK] ConvNeXt/Cifar100/DeepFool/ALL
[2026-08-27 09:51:09] [OK] qsub output: Your job 6436406 ("adversarial_hpc_submit.pbs") has been submitted
[2026-08-27 09:51:09] [SUCCESS] Submitted 84 jobs
[2026-08-27 09:51:10] [OK] ConvNeXt/Cifar100/CW/ALL
[2026-08-27 09:51:11] Monitor progress with: qstat
[2026-08-27 09:51:11] [OK] qsub output: Your job 6436405 ("adversarial_hpc_submit.pbs") has been submitted
[2026-08-27 09:51:11] ============================================================================
[2026-08-27 09:51:11] Job submission complete. Check logs/ for details.
[2026-08-27 09:51:11] Run log saved to: /Users/jgafur/LTH/manuscript/Tranfer/logs/adversarial_orchestrate_generate_20260827_093717.log
[2026-08-27 09:51:11] ============================================================================
[2026-08-27 09:51:11] [SUBMIT] ConvNeXt/Cifar100/DeepFool/ALL
[2026-08-27 09:51:11] [CMD] qsub -q all.q -l ngpus=1 -v MODEL="ConvNeXt",DATASET="Cifar100",ATTACK="DeepFool",KIND="ALL",PHASE="generate",OUTPUT_DIR="adversarial_results_ep100_pre300" adversarial_hpc_submit.pbs </dev/null
[2026-08-27 09:51:13] [OK] ConvNeXt/Cifar100/DeepFool/ALL
[2026-08-27 09:51:13] [OK] qsub output: Your job 6436408 ("adversarial_hpc_submit.pbs") has been submitted
[2026-08-27 09:51:13] [SUCCESS] Submitted 84 jobs
[2026-08-27 09:51:13] Monitor progress with: qstat
[2026-08-27 09:51:13] ============================================================================
[2026-08-27 09:51:13] Job submission complete. Check logs/ for details.
[2026-08-27 09:51:13] Run log saved to: /Users/jgafur/LTH/manuscript/Tranfer/logs/adversarial_orchestrate_generate_20260827_093717.log
[2026-08-27 09:51:13] ============================================================================
[2026-08-27 09:51:21] [OK] ConvNeXt/Cifar100/DeepFool/ALL
[2026-08-27 09:51:21] [OK] qsub output: Your job 6436409 ("adversarial_hpc_submit.pbs") has been submitted
[2026-08-27 09:51:21] [SUCCESS] Submitted 84 jobs
[2026-08-27 09:51:22] Monitor progress with: qstat
[2026-08-27 09:51:22] ============================================================================
[2026-08-27 09:51:22] Job submission complete. Check logs/ for details.
[2026-08-27 09:51:22] Run log saved to: /Users/jgafur/LTH/manuscript/Tranfer/logs/adversarial_orchestrate_generate_20260827_093717.log
[2026-08-27 09:51:22] ============================================================================
