[2026-08-24 20:27:43] Starting orchestration script
[2026-08-24 20:27:43] Starting orchestration script
[2026-08-24 20:27:43] Starting orchestration script
[2026-08-24 20:27:43] Script path: /Users/jgafur/LTH/manuscript/Tranfer
[2026-08-24 20:27:43] Script path: /Users/jgafur/LTH/manuscript/Tranfer
[2026-08-24 20:27:43] Script path: /Users/jgafur/LTH/manuscript/Tranfer
[2026-08-24 20:27:43] Current working directory: /Users/jgafur/LTH/manuscript/Tranfer
[2026-08-24 20:27:43] Current working directory: /Users/jgafur/LTH/manuscript/Tranfer
[2026-08-24 20:27:43] Current working directory: /Users/jgafur/LTH/manuscript/Tranfer
[2026-08-24 20:27:43] Phase: generate
[2026-08-24 20:27:43] Phase: generate
[2026-08-24 20:27:43] Phase: generate
[2026-08-24 20:27:43] Output directory: adversarial_results_ep200_pre200
[2026-08-24 20:27:43] Output directory: adversarial_results_ep100_pre300
[2026-08-24 20:27:43] Output directory: adversarial_results_ep300_pre100
[2026-08-24 20:27:43] Model filter: ALL
[2026-08-24 20:27:43] Model filter: ALL
[2026-08-24 20:27:43] Model filter: ALL
[2026-08-24 20:27:43] Dataset filter: ALL
[2026-08-24 20:27:43] Dataset filter: ALL
[2026-08-24 20:27:43] Dataset filter: ALL
[2026-08-24 20:27:43] Attack filter: ALL
[2026-08-24 20:27:43] Attack filter: ALL
[2026-08-24 20:27:43] Attack filter: ALL
[2026-08-24 20:27:43] Kind filter: ALL
[2026-08-24 20:27:43] Kind filter: ALL
[2026-08-24 20:27:43] Kind filter: ALL
[2026-08-24 20:27:43] Run log: /Users/jgafur/LTH/manuscript/Tranfer/logs/adversarial_orchestrate_generate_20260824_202743.log
[2026-08-24 20:27:43] Run log: /Users/jgafur/LTH/manuscript/Tranfer/logs/adversarial_orchestrate_generate_20260824_202743.log
[2026-08-24 20:27:43] Run log: /Users/jgafur/LTH/manuscript/Tranfer/logs/adversarial_orchestrate_generate_20260824_202743.log
[2026-08-24 20:27:43] qsub command found: /opt/sge/bin/lx-amd64/qsub
[2026-08-24 20:27:43] qsub command found: /opt/sge/bin/lx-amd64/qsub
[2026-08-24 20:27:43] qsub command found: /opt/sge/bin/lx-amd64/qsub
[2026-08-24 20:27:43] Found submission file: /Users/jgafur/LTH/manuscript/Tranfer/adversarial_hpc_submit.pbs
[2026-08-24 20:27:43] Found submission file: /Users/jgafur/LTH/manuscript/Tranfer/adversarial_hpc_submit.pbs
[2026-08-24 20:27:43] Found submission file: /Users/jgafur/LTH/manuscript/Tranfer/adversarial_hpc_submit.pbs
[2026-08-24 20:27:43] ============================================================================
[2026-08-24 20:27:43] ============================================================================
[2026-08-24 20:27:43] ============================================================================
[2026-08-24 20:27:43] Adversarial Analysis HPC Orchestration
[2026-08-24 20:27:43] Adversarial Analysis HPC Orchestration
[2026-08-24 20:27:43] Adversarial Analysis HPC Orchestration
[2026-08-24 20:27:43] ============================================================================
[2026-08-24 20:27:43] ============================================================================
[2026-08-24 20:27:43] ============================================================================
[2026-08-24 20:27:43] Phase:       generate
[2026-08-24 20:27:43] Phase:       generate
[2026-08-24 20:27:43] Phase:       generate
[2026-08-24 20:27:43] Output Dir:  adversarial_results_ep200_pre200
[2026-08-24 20:27:43] Output Dir:  adversarial_results_ep300_pre100
[2026-08-24 20:27:43] Output Dir:  adversarial_results_ep100_pre300
[2026-08-24 20:27:43] Models:      6 architectures
[2026-08-24 20:27:43] Models:      6 architectures
[2026-08-24 20:27:43] Models:      6 architectures
[2026-08-24 20:27:43] Datasets:    2 datasets
[2026-08-24 20:27:43] Datasets:    2 datasets
[2026-08-24 20:27:43] Datasets:    2 datasets
[2026-08-24 20:27:43] Attacks:     7 attack types
[2026-08-24 20:27:43] Attacks:     7 attack types
[2026-08-24 20:27:43] Attacks:     7 attack types
[2026-08-24 20:27:43] Total Jobs:  ~84
[2026-08-24 20:27:43] Total Jobs:  ~84
[2026-08-24 20:27:43] Total Jobs:  ~84
[2026-08-24 20:27:43] ============================================================================
[2026-08-24 20:27:43] ============================================================================
[2026-08-24 20:27:43] ============================================================================
[2026-08-24 20:27:43] Run outputs will be written as txt files in manuscript/Tranfer/
[2026-08-24 20:27:43] Run outputs will be written as txt files in manuscript/Tranfer/
[2026-08-24 20:27:43] Run outputs will be written as txt files in manuscript/Tranfer/
[2026-08-24 20:27:43]   - generate:      <MODEL>_<DATASET>_<ATTACK>_<KIND>_generate_run.txt
[2026-08-24 20:27:43]   - generate:      <MODEL>_<DATASET>_<ATTACK>_<KIND>_generate_run.txt
[2026-08-24 20:27:43]   - generate:      <MODEL>_<DATASET>_<ATTACK>_<KIND>_generate_run.txt
[2026-08-24 20:27:43]   - analyze:       adversarial_analyze_run.txt
[2026-08-24 20:27:43]   - analyze:       adversarial_analyze_run.txt
[2026-08-24 20:27:43]   - analyze:       adversarial_analyze_run.txt
[2026-08-24 20:27:43]   - plot:          adversarial_plot_run.txt
[2026-08-24 20:27:43]   - plot:          adversarial_plot_run.txt
[2026-08-24 20:27:43]   - gradient_sim:  adversarial_gradient_sim_run.txt
[2026-08-24 20:27:43]   - plot:          adversarial_plot_run.txt
[2026-08-24 20:27:43]   - gradient_sim:  adversarial_gradient_sim_run.txt
[2026-08-24 20:27:43]   - epsilon_sweep: adversarial_epsilon_sweep_run.txt
[2026-08-24 20:27:43]   - gradient_sim:  adversarial_gradient_sim_run.txt
[2026-08-24 20:27:43]   - epsilon_sweep: adversarial_epsilon_sweep_run.txt
[2026-08-24 20:27:43]   - statistics:    adversarial_statistics_run.txt
[2026-08-24 20:27:43]   - epsilon_sweep: adversarial_epsilon_sweep_run.txt
[2026-08-24 20:27:43]   - statistics:    adversarial_statistics_run.txt
[2026-08-24 20:27:43]   - cka:           adversarial_cka_run.txt
[2026-08-24 20:27:43]   - statistics:    adversarial_statistics_run.txt
[2026-08-24 20:27:43]   - cka:           adversarial_cka_run.txt
[2026-08-24 20:27:43]   - compare:       adversarial_compare_run.txt
[2026-08-24 20:27:43]   - cka:           adversarial_cka_run.txt
[2026-08-24 20:27:43]   - compare:       adversarial_compare_run.txt
[2026-08-24 20:27:43]   - compute_tradeoff: adversarial_compute_tradeoff_run.txt
[2026-08-24 20:27:43]   - compare:       adversarial_compare_run.txt
[2026-08-24 20:27:44]   - compute_tradeoff: adversarial_compute_tradeoff_run.txt
[2026-08-24 20:27:44]   - correlations:  adversarial_correlations_run.txt
[2026-08-24 20:27:44]   - compute_tradeoff: adversarial_compute_tradeoff_run.txt
[2026-08-24 20:27:44]   - correlations:  adversarial_correlations_run.txt
[2026-08-24 20:27:44] [PHASE: GENERATE] Submitting attack generation jobs...
[2026-08-24 20:27:44]   - correlations:  adversarial_correlations_run.txt
[2026-08-24 20:27:44] [PHASE: GENERATE] Submitting attack generation jobs...
[2026-08-24 20:27:44] [SUBMIT] VGG16/Cifar10/PGD/ALL
[2026-08-24 20:27:44] [PHASE: GENERATE] Submitting attack generation jobs...
[2026-08-24 20:27:44] [SUBMIT] VGG16/Cifar10/PGD/ALL
[2026-08-24 20:27:44] [CMD] qsub -q all.q -l ngpus=1 -v MODEL="VGG16",DATASET="Cifar10",ATTACK="PGD",KIND="ALL",PHASE="generate",OUTPUT_DIR="adversarial_results_ep200_pre200" adversarial_hpc_submit.pbs </dev/null
[2026-08-24 20:27:44] [SUBMIT] VGG16/Cifar10/PGD/ALL
[2026-08-24 20:27:44] [CMD] qsub -q all.q -l ngpus=1 -v MODEL="VGG16",DATASET="Cifar10",ATTACK="PGD",KIND="ALL",PHASE="generate",OUTPUT_DIR="adversarial_results_ep300_pre100" adversarial_hpc_submit.pbs </dev/null
[2026-08-24 20:27:44] [CMD] qsub -q all.q -l ngpus=1 -v MODEL="VGG16",DATASET="Cifar10",ATTACK="PGD",KIND="ALL",PHASE="generate",OUTPUT_DIR="adversarial_results_ep100_pre300" adversarial_hpc_submit.pbs </dev/null
[2026-08-24 20:28:20] [OK] VGG16/Cifar10/PGD/ALL
[2026-08-24 20:28:20] [OK] qsub output: Your job 6427239 ("adversarial_hpc_submit.pbs") has been submitted
[2026-08-24 20:28:20] [SUBMIT] VGG16/Cifar10/FGSM/ALL
[2026-08-24 20:28:20] [CMD] qsub -q all.q -l ngpus=1 -v MODEL="VGG16",DATASET="Cifar10",ATTACK="FGSM",KIND="ALL",PHASE="generate",OUTPUT_DIR="adversarial_results_ep200_pre200" adversarial_hpc_submit.pbs </dev/null
[2026-08-24 20:28:25] [OK] VGG16/Cifar10/PGD/ALL
[2026-08-24 20:28:25] [OK] qsub output: Your job 6427240 ("adversarial_hpc_submit.pbs") has been submitted
[2026-08-24 20:28:25] [SUBMIT] VGG16/Cifar10/FGSM/ALL
[2026-08-24 20:28:25] [CMD] qsub -q all.q -l ngpus=1 -v MODEL="VGG16",DATASET="Cifar10",ATTACK="FGSM",KIND="ALL",PHASE="generate",OUTPUT_DIR="adversarial_results_ep100_pre300" adversarial_hpc_submit.pbs </dev/null
[2026-08-24 20:28:28] [OK] VGG16/Cifar10/PGD/ALL
[2026-08-24 20:28:29] [OK] qsub output: Your job 6427241 ("adversarial_hpc_submit.pbs") has been submitted
[2026-08-24 20:28:29] [SUBMIT] VGG16/Cifar10/FGSM/ALL
[2026-08-24 20:28:29] [CMD] qsub -q all.q -l ngpus=1 -v MODEL="VGG16",DATASET="Cifar10",ATTACK="FGSM",KIND="ALL",PHASE="generate",OUTPUT_DIR="adversarial_results_ep300_pre100" adversarial_hpc_submit.pbs </dev/null
[2026-08-24 20:29:04] [OK] VGG16/Cifar10/FGSM/ALL
[2026-08-24 20:29:04] [OK] qsub output: Your job 6427254 ("adversarial_hpc_submit.pbs") has been submitted
[2026-08-24 20:29:05] [SUBMIT] VGG16/Cifar10/IFGSM/ALL
[2026-08-24 20:29:05] [CMD] qsub -q all.q -l ngpus=1 -v MODEL="VGG16",DATASET="Cifar10",ATTACK="IFGSM",KIND="ALL",PHASE="generate",OUTPUT_DIR="adversarial_results_ep200_pre200" adversarial_hpc_submit.pbs </dev/null
[2026-08-24 20:29:08] [OK] VGG16/Cifar10/FGSM/ALL
[2026-08-24 20:29:08] [OK] qsub output: Your job 6427256 ("adversarial_hpc_submit.pbs") has been submitted
[2026-08-24 20:29:08] [SUBMIT] VGG16/Cifar10/IFGSM/ALL
[2026-08-24 20:29:08] [CMD] qsub -q all.q -l ngpus=1 -v MODEL="VGG16",DATASET="Cifar10",ATTACK="IFGSM",KIND="ALL",PHASE="generate",OUTPUT_DIR="adversarial_results_ep100_pre300" adversarial_hpc_submit.pbs </dev/null
[2026-08-24 20:29:10] [OK] VGG16/Cifar10/FGSM/ALL
[2026-08-24 20:29:10] [OK] qsub output: Your job 6427258 ("adversarial_hpc_submit.pbs") has been submitted
[2026-08-24 20:29:10] [SUBMIT] VGG16/Cifar10/IFGSM/ALL
[2026-08-24 20:29:10] [CMD] qsub -q all.q -l ngpus=1 -v MODEL="VGG16",DATASET="Cifar10",ATTACK="IFGSM",KIND="ALL",PHASE="generate",OUTPUT_DIR="adversarial_results_ep300_pre100" adversarial_hpc_submit.pbs </dev/null
[2026-08-24 20:29:48] [OK] VGG16/Cifar10/IFGSM/ALL
[2026-08-24 20:29:48] [OK] qsub output: Your job 6427270 ("adversarial_hpc_submit.pbs") has been submitted
[2026-08-24 20:29:48] [SUBMIT] VGG16/Cifar10/BIM/ALL
[2026-08-24 20:29:48] [CMD] qsub -q all.q -l ngpus=1 -v MODEL="VGG16",DATASET="Cifar10",ATTACK="BIM",KIND="ALL",PHASE="generate",OUTPUT_DIR="adversarial_results_ep200_pre200" adversarial_hpc_submit.pbs </dev/null
[2026-08-24 20:29:57] [OK] VGG16/Cifar10/IFGSM/ALL
[2026-08-24 20:29:57] [OK] qsub output: Your job 6427272 ("adversarial_hpc_submit.pbs") has been submitted
[2026-08-24 20:29:57] [SUBMIT] VGG16/Cifar10/BIM/ALL
[2026-08-24 20:29:57] [CMD] qsub -q all.q -l ngpus=1 -v MODEL="VGG16",DATASET="Cifar10",ATTACK="BIM",KIND="ALL",PHASE="generate",OUTPUT_DIR="adversarial_results_ep100_pre300" adversarial_hpc_submit.pbs </dev/null
[2026-08-24 20:30:01] [OK] VGG16/Cifar10/IFGSM/ALL
[2026-08-24 20:30:01] [OK] qsub output: Your job 6427273 ("adversarial_hpc_submit.pbs") has been submitted
[2026-08-24 20:30:01] [SUBMIT] VGG16/Cifar10/BIM/ALL
[2026-08-24 20:30:01] [CMD] qsub -q all.q -l ngpus=1 -v MODEL="VGG16",DATASET="Cifar10",ATTACK="BIM",KIND="ALL",PHASE="generate",OUTPUT_DIR="adversarial_results_ep300_pre100" adversarial_hpc_submit.pbs </dev/null
[2026-08-24 20:30:29] [OK] VGG16/Cifar10/BIM/ALL
[2026-08-24 20:30:29] [OK] qsub output: Your job 6427284 ("adversarial_hpc_submit.pbs") has been submitted
[2026-08-24 20:30:29] [SUBMIT] VGG16/Cifar10/APGD/ALL
[2026-08-24 20:30:29] [CMD] qsub -q all.q -l ngpus=1 -v MODEL="VGG16",DATASET="Cifar10",ATTACK="APGD",KIND="ALL",PHASE="generate",OUTPUT_DIR="adversarial_results_ep200_pre200" adversarial_hpc_submit.pbs </dev/null
[2026-08-24 20:30:33] [OK] VGG16/Cifar10/BIM/ALL
[2026-08-24 20:30:33] [OK] qsub output: Your job 6427287 ("adversarial_hpc_submit.pbs") has been submitted
[2026-08-24 20:30:33] [SUBMIT] VGG16/Cifar10/APGD/ALL
[2026-08-24 20:30:33] [CMD] qsub -q all.q -l ngpus=1 -v MODEL="VGG16",DATASET="Cifar10",ATTACK="APGD",KIND="ALL",PHASE="generate",OUTPUT_DIR="adversarial_results_ep100_pre300" adversarial_hpc_submit.pbs </dev/null
[2026-08-24 20:30:38] [OK] VGG16/Cifar10/BIM/ALL
[2026-08-24 20:30:38] [OK] qsub output: Your job 6427288 ("adversarial_hpc_submit.pbs") has been submitted
[2026-08-24 20:30:38] [SUBMIT] VGG16/Cifar10/APGD/ALL
[2026-08-24 20:30:38] [CMD] qsub -q all.q -l ngpus=1 -v MODEL="VGG16",DATASET="Cifar10",ATTACK="APGD",KIND="ALL",PHASE="generate",OUTPUT_DIR="adversarial_results_ep300_pre100" adversarial_hpc_submit.pbs </dev/null
[2026-08-24 20:31:09] [OK] VGG16/Cifar10/APGD/ALL
[2026-08-24 20:31:09] [OK] qsub output: Your job 6427300 ("adversarial_hpc_submit.pbs") has been submitted
[2026-08-24 20:31:09] [SUBMIT] VGG16/Cifar10/CW/ALL
[2026-08-24 20:31:09] [CMD] qsub -q all.q -l ngpus=1 -v MODEL="VGG16",DATASET="Cifar10",ATTACK="CW",KIND="ALL",PHASE="generate",OUTPUT_DIR="adversarial_results_ep200_pre200" adversarial_hpc_submit.pbs </dev/null
[2026-08-24 20:31:16] [OK] VGG16/Cifar10/APGD/ALL
[2026-08-24 20:31:16] [OK] qsub output: Your job 6427302 ("adversarial_hpc_submit.pbs") has been submitted
[2026-08-24 20:31:16] [SUBMIT] VGG16/Cifar10/CW/ALL
[2026-08-24 20:31:16] [CMD] qsub -q all.q -l ngpus=1 -v MODEL="VGG16",DATASET="Cifar10",ATTACK="CW",KIND="ALL",PHASE="generate",OUTPUT_DIR="adversarial_results_ep100_pre300" adversarial_hpc_submit.pbs </dev/null
[2026-08-24 20:31:18] [OK] VGG16/Cifar10/APGD/ALL
[2026-08-24 20:31:18] [OK] qsub output: Your job 6427305 ("adversarial_hpc_submit.pbs") has been submitted
[2026-08-24 20:31:18] [SUBMIT] VGG16/Cifar10/CW/ALL
[2026-08-24 20:31:18] [CMD] qsub -q all.q -l ngpus=1 -v MODEL="VGG16",DATASET="Cifar10",ATTACK="CW",KIND="ALL",PHASE="generate",OUTPUT_DIR="adversarial_results_ep300_pre100" adversarial_hpc_submit.pbs </dev/null
[2026-08-24 20:31:48] [OK] VGG16/Cifar10/CW/ALL
[2026-08-24 20:31:48] [OK] qsub output: Your job 6427316 ("adversarial_hpc_submit.pbs") has been submitted
[2026-08-24 20:31:48] [SUBMIT] VGG16/Cifar10/DeepFool/ALL
[2026-08-24 20:31:48] [CMD] qsub -q all.q -l ngpus=1 -v MODEL="VGG16",DATASET="Cifar10",ATTACK="DeepFool",KIND="ALL",PHASE="generate",OUTPUT_DIR="adversarial_results_ep200_pre200" adversarial_hpc_submit.pbs </dev/null
[2026-08-24 20:31:51] [OK] VGG16/Cifar10/CW/ALL
[2026-08-24 20:31:51] [OK] qsub output: Your job 6427319 ("adversarial_hpc_submit.pbs") has been submitted
[2026-08-24 20:31:51] [SUBMIT] VGG16/Cifar10/DeepFool/ALL
[2026-08-24 20:31:51] [CMD] qsub -q all.q -l ngpus=1 -v MODEL="VGG16",DATASET="Cifar10",ATTACK="DeepFool",KIND="ALL",PHASE="generate",OUTPUT_DIR="adversarial_results_ep300_pre100" adversarial_hpc_submit.pbs </dev/null
[2026-08-24 20:31:56] [OK] VGG16/Cifar10/CW/ALL
[2026-08-24 20:31:56] [OK] qsub output: Your job 6427318 ("adversarial_hpc_submit.pbs") has been submitted
[2026-08-24 20:31:57] [SUBMIT] VGG16/Cifar10/DeepFool/ALL
[2026-08-24 20:31:57] [CMD] qsub -q all.q -l ngpus=1 -v MODEL="VGG16",DATASET="Cifar10",ATTACK="DeepFool",KIND="ALL",PHASE="generate",OUTPUT_DIR="adversarial_results_ep100_pre300" adversarial_hpc_submit.pbs </dev/null
[2026-08-24 20:32:23] [OK] VGG16/Cifar10/DeepFool/ALL
[2026-08-24 20:32:23] [OK] qsub output: Your job 6427331 ("adversarial_hpc_submit.pbs") has been submitted
[2026-08-24 20:32:23] [SUBMIT] VGG16/Cifar100/PGD/ALL
[2026-08-24 20:32:23] [CMD] qsub -q all.q -l ngpus=1 -v MODEL="VGG16",DATASET="Cifar100",ATTACK="PGD",KIND="ALL",PHASE="generate",OUTPUT_DIR="adversarial_results_ep200_pre200" adversarial_hpc_submit.pbs </dev/null
[2026-08-24 20:32:30] [OK] VGG16/Cifar10/DeepFool/ALL
[2026-08-24 20:32:30] [OK] qsub output: Your job 6427333 ("adversarial_hpc_submit.pbs") has been submitted
[2026-08-24 20:32:30] [SUBMIT] VGG16/Cifar100/PGD/ALL
[2026-08-24 20:32:30] [CMD] qsub -q all.q -l ngpus=1 -v MODEL="VGG16",DATASET="Cifar100",ATTACK="PGD",KIND="ALL",PHASE="generate",OUTPUT_DIR="adversarial_results_ep300_pre100" adversarial_hpc_submit.pbs </dev/null
[2026-08-24 20:32:37] [OK] VGG16/Cifar10/DeepFool/ALL
[2026-08-24 20:32:37] [OK] qsub output: Your job 6427335 ("adversarial_hpc_submit.pbs") has been submitted
[2026-08-24 20:32:37] [SUBMIT] VGG16/Cifar100/PGD/ALL
[2026-08-24 20:32:37] [CMD] qsub -q all.q -l ngpus=1 -v MODEL="VGG16",DATASET="Cifar100",ATTACK="PGD",KIND="ALL",PHASE="generate",OUTPUT_DIR="adversarial_results_ep100_pre300" adversarial_hpc_submit.pbs </dev/null
[2026-08-24 20:33:11] [OK] VGG16/Cifar100/PGD/ALL
[2026-08-24 20:33:11] [OK] qsub output: Your job 6427347 ("adversarial_hpc_submit.pbs") has been submitted
[2026-08-24 20:33:11] [SUBMIT] VGG16/Cifar100/FGSM/ALL
[2026-08-24 20:33:11] [CMD] qsub -q all.q -l ngpus=1 -v MODEL="VGG16",DATASET="Cifar100",ATTACK="FGSM",KIND="ALL",PHASE="generate",OUTPUT_DIR="adversarial_results_ep200_pre200" adversarial_hpc_submit.pbs </dev/null
[2026-08-24 20:33:17] [OK] VGG16/Cifar100/PGD/ALL
[2026-08-24 20:33:17] [OK] qsub output: Your job 6427348 ("adversarial_hpc_submit.pbs") has been submitted
[2026-08-24 20:33:17] [SUBMIT] VGG16/Cifar100/FGSM/ALL
[2026-08-24 20:33:17] [CMD] qsub -q all.q -l ngpus=1 -v MODEL="VGG16",DATASET="Cifar100",ATTACK="FGSM",KIND="ALL",PHASE="generate",OUTPUT_DIR="adversarial_results_ep300_pre100" adversarial_hpc_submit.pbs </dev/null
[2026-08-24 20:33:20] [OK] VGG16/Cifar100/PGD/ALL
[2026-08-24 20:33:20] [OK] qsub output: Your job 6427350 ("adversarial_hpc_submit.pbs") has been submitted
[2026-08-24 20:33:21] [SUBMIT] VGG16/Cifar100/FGSM/ALL
[2026-08-24 20:33:21] [CMD] qsub -q all.q -l ngpus=1 -v MODEL="VGG16",DATASET="Cifar100",ATTACK="FGSM",KIND="ALL",PHASE="generate",OUTPUT_DIR="adversarial_results_ep100_pre300" adversarial_hpc_submit.pbs </dev/null
[2026-08-24 20:33:55] [OK] VGG16/Cifar100/FGSM/ALL
[2026-08-24 20:33:55] [OK] qsub output: Your job 6427362 ("adversarial_hpc_submit.pbs") has been submitted
[2026-08-24 20:33:55] [SUBMIT] VGG16/Cifar100/IFGSM/ALL
[2026-08-24 20:33:55] [CMD] qsub -q all.q -l ngpus=1 -v MODEL="VGG16",DATASET="Cifar100",ATTACK="IFGSM",KIND="ALL",PHASE="generate",OUTPUT_DIR="adversarial_results_ep200_pre200" adversarial_hpc_submit.pbs </dev/null
[2026-08-24 20:34:05] [OK] VGG16/Cifar100/FGSM/ALL
[2026-08-24 20:34:05] [OK] qsub output: Your job 6427364 ("adversarial_hpc_submit.pbs") has been submitted
[2026-08-24 20:34:05] [OK] VGG16/Cifar100/FGSM/ALL
[2026-08-24 20:34:05] [OK] qsub output: Your job 6427363 ("adversarial_hpc_submit.pbs") has been submitted
[2026-08-24 20:34:05] [SUBMIT] VGG16/Cifar100/IFGSM/ALL
[2026-08-24 20:34:05] [CMD] qsub -q all.q -l ngpus=1 -v MODEL="VGG16",DATASET="Cifar100",ATTACK="IFGSM",KIND="ALL",PHASE="generate",OUTPUT_DIR="adversarial_results_ep100_pre300" adversarial_hpc_submit.pbs </dev/null
[2026-08-24 20:34:05] [SUBMIT] VGG16/Cifar100/IFGSM/ALL
[2026-08-24 20:34:05] [CMD] qsub -q all.q -l ngpus=1 -v MODEL="VGG16",DATASET="Cifar100",ATTACK="IFGSM",KIND="ALL",PHASE="generate",OUTPUT_DIR="adversarial_results_ep300_pre100" adversarial_hpc_submit.pbs </dev/null
[2026-08-24 20:34:46] [OK] VGG16/Cifar100/IFGSM/ALL
[2026-08-24 20:34:46] [OK] qsub output: Your job 6427376 ("adversarial_hpc_submit.pbs") has been submitted
[2026-08-24 20:34:46] [SUBMIT] VGG16/Cifar100/BIM/ALL
[2026-08-24 20:34:46] [CMD] qsub -q all.q -l ngpus=1 -v MODEL="VGG16",DATASET="Cifar100",ATTACK="BIM",KIND="ALL",PHASE="generate",OUTPUT_DIR="adversarial_results_ep200_pre200" adversarial_hpc_submit.pbs </dev/null
[2026-08-24 20:34:50] [OK] VGG16/Cifar100/IFGSM/ALL
[2026-08-24 20:34:50] [OK] qsub output: Your job 6427379 ("adversarial_hpc_submit.pbs") has been submitted
[2026-08-24 20:34:50] [SUBMIT] VGG16/Cifar100/BIM/ALL
[2026-08-24 20:34:50] [CMD] qsub -q all.q -l ngpus=1 -v MODEL="VGG16",DATASET="Cifar100",ATTACK="BIM",KIND="ALL",PHASE="generate",OUTPUT_DIR="adversarial_results_ep300_pre100" adversarial_hpc_submit.pbs </dev/null
[2026-08-24 20:34:55] [OK] VGG16/Cifar100/IFGSM/ALL
[2026-08-24 20:34:55] [OK] qsub output: Your job 6427378 ("adversarial_hpc_submit.pbs") has been submitted
[2026-08-24 20:34:55] [SUBMIT] VGG16/Cifar100/BIM/ALL
[2026-08-24 20:34:55] [CMD] qsub -q all.q -l ngpus=1 -v MODEL="VGG16",DATASET="Cifar100",ATTACK="BIM",KIND="ALL",PHASE="generate",OUTPUT_DIR="adversarial_results_ep100_pre300" adversarial_hpc_submit.pbs </dev/null
[2026-08-24 20:35:28] [OK] VGG16/Cifar100/BIM/ALL
[2026-08-24 20:35:28] [OK] qsub output: Your job 6427393 ("adversarial_hpc_submit.pbs") has been submitted
[2026-08-24 20:35:28] [SUBMIT] VGG16/Cifar100/APGD/ALL
[2026-08-24 20:35:28] [CMD] qsub -q all.q -l ngpus=1 -v MODEL="VGG16",DATASET="Cifar100",ATTACK="APGD",KIND="ALL",PHASE="generate",OUTPUT_DIR="adversarial_results_ep300_pre100" adversarial_hpc_submit.pbs </dev/null
[2026-08-24 20:35:34] [OK] VGG16/Cifar100/BIM/ALL
[2026-08-24 20:35:34] [OK] qsub output: Your job 6427392 ("adversarial_hpc_submit.pbs") has been submitted
[2026-08-24 20:35:34] [SUBMIT] VGG16/Cifar100/APGD/ALL
[2026-08-24 20:35:34] [CMD] qsub -q all.q -l ngpus=1 -v MODEL="VGG16",DATASET="Cifar100",ATTACK="APGD",KIND="ALL",PHASE="generate",OUTPUT_DIR="adversarial_results_ep200_pre200" adversarial_hpc_submit.pbs </dev/null
[2026-08-24 20:35:39] [OK] VGG16/Cifar100/BIM/ALL
[2026-08-24 20:35:39] [OK] qsub output: Your job 6427395 ("adversarial_hpc_submit.pbs") has been submitted
[2026-08-24 20:35:39] [SUBMIT] VGG16/Cifar100/APGD/ALL
[2026-08-24 20:35:39] [CMD] qsub -q all.q -l ngpus=1 -v MODEL="VGG16",DATASET="Cifar100",ATTACK="APGD",KIND="ALL",PHASE="generate",OUTPUT_DIR="adversarial_results_ep100_pre300" adversarial_hpc_submit.pbs </dev/null
[2026-08-24 20:36:16] [OK] VGG16/Cifar100/APGD/ALL
[2026-08-24 20:36:16] [OK] qsub output: Your job 6427407 ("adversarial_hpc_submit.pbs") has been submitted
[2026-08-24 20:36:16] [SUBMIT] VGG16/Cifar100/CW/ALL
[2026-08-24 20:36:16] [CMD] qsub -q all.q -l ngpus=1 -v MODEL="VGG16",DATASET="Cifar100",ATTACK="CW",KIND="ALL",PHASE="generate",OUTPUT_DIR="adversarial_results_ep300_pre100" adversarial_hpc_submit.pbs </dev/null
[2026-08-24 20:36:21] [OK] VGG16/Cifar100/APGD/ALL
[2026-08-24 20:36:21] [OK] qsub output: Your job 6427409 ("adversarial_hpc_submit.pbs") has been submitted
[2026-08-24 20:36:21] [SUBMIT] VGG16/Cifar100/CW/ALL
[2026-08-24 20:36:21] [CMD] qsub -q all.q -l ngpus=1 -v MODEL="VGG16",DATASET="Cifar100",ATTACK="CW",KIND="ALL",PHASE="generate",OUTPUT_DIR="adversarial_results_ep200_pre200" adversarial_hpc_submit.pbs </dev/null
[2026-08-24 20:36:25] [OK] VGG16/Cifar100/APGD/ALL
[2026-08-24 20:36:25] [OK] qsub output: Your job 6427410 ("adversarial_hpc_submit.pbs") has been submitted
[2026-08-24 20:36:25] [SUBMIT] VGG16/Cifar100/CW/ALL
[2026-08-24 20:36:25] [CMD] qsub -q all.q -l ngpus=1 -v MODEL="VGG16",DATASET="Cifar100",ATTACK="CW",KIND="ALL",PHASE="generate",OUTPUT_DIR="adversarial_results_ep100_pre300" adversarial_hpc_submit.pbs </dev/null
[2026-08-24 20:37:08] [OK] VGG16/Cifar100/CW/ALL
[2026-08-24 20:37:08] [OK] qsub output: Your job 6427422 ("adversarial_hpc_submit.pbs") has been submitted
[2026-08-24 20:37:08] [SUBMIT] VGG16/Cifar100/DeepFool/ALL
[2026-08-24 20:37:08] [CMD] qsub -q all.q -l ngpus=1 -v MODEL="VGG16",DATASET="Cifar100",ATTACK="DeepFool",KIND="ALL",PHASE="generate",OUTPUT_DIR="adversarial_results_ep300_pre100" adversarial_hpc_submit.pbs </dev/null
[2026-08-24 20:37:13] [OK] VGG16/Cifar100/CW/ALL
[2026-08-24 20:37:13] [OK] qsub output: Your job 6427425 ("adversarial_hpc_submit.pbs") has been submitted
[2026-08-24 20:37:13] [OK] VGG16/Cifar100/CW/ALL
[2026-08-24 20:37:13] [OK] qsub output: Your job 6427424 ("adversarial_hpc_submit.pbs") has been submitted
[2026-08-24 20:37:13] [SUBMIT] VGG16/Cifar100/DeepFool/ALL
[2026-08-24 20:37:13] [CMD] qsub -q all.q -l ngpus=1 -v MODEL="VGG16",DATASET="Cifar100",ATTACK="DeepFool",KIND="ALL",PHASE="generate",OUTPUT_DIR="adversarial_results_ep100_pre300" adversarial_hpc_submit.pbs </dev/null
[2026-08-24 20:37:13] [SUBMIT] VGG16/Cifar100/DeepFool/ALL
[2026-08-24 20:37:13] [CMD] qsub -q all.q -l ngpus=1 -v MODEL="VGG16",DATASET="Cifar100",ATTACK="DeepFool",KIND="ALL",PHASE="generate",OUTPUT_DIR="adversarial_results_ep200_pre200" adversarial_hpc_submit.pbs </dev/null
[2026-08-24 20:37:48] [OK] VGG16/Cifar100/DeepFool/ALL
[2026-08-24 20:37:48] [OK] qsub output: Your job 6427438 ("adversarial_hpc_submit.pbs") has been submitted
[2026-08-24 20:37:48] [SUBMIT] RegNetX_400MF/Cifar10/PGD/ALL
[2026-08-24 20:37:48] [CMD] qsub -q all.q -l ngpus=1 -v MODEL="RegNetX_400MF",DATASET="Cifar10",ATTACK="PGD",KIND="ALL",PHASE="generate",OUTPUT_DIR="adversarial_results_ep300_pre100" adversarial_hpc_submit.pbs </dev/null
[2026-08-24 20:37:52] [OK] VGG16/Cifar100/DeepFool/ALL
[2026-08-24 20:37:52] [OK] qsub output: Your job 6427440 ("adversarial_hpc_submit.pbs") has been submitted
[2026-08-24 20:37:52] [SUBMIT] RegNetX_400MF/Cifar10/PGD/ALL
[2026-08-24 20:37:52] [CMD] qsub -q all.q -l ngpus=1 -v MODEL="RegNetX_400MF",DATASET="Cifar10",ATTACK="PGD",KIND="ALL",PHASE="generate",OUTPUT_DIR="adversarial_results_ep100_pre300" adversarial_hpc_submit.pbs </dev/null
[2026-08-24 20:37:56] [OK] VGG16/Cifar100/DeepFool/ALL
[2026-08-24 20:37:56] [OK] qsub output: Your job 6427441 ("adversarial_hpc_submit.pbs") has been submitted
[2026-08-24 20:37:56] [SUBMIT] RegNetX_400MF/Cifar10/PGD/ALL
[2026-08-24 20:37:56] [CMD] qsub -q all.q -l ngpus=1 -v MODEL="RegNetX_400MF",DATASET="Cifar10",ATTACK="PGD",KIND="ALL",PHASE="generate",OUTPUT_DIR="adversarial_results_ep200_pre200" adversarial_hpc_submit.pbs </dev/null
[2026-08-24 20:38:32] [OK] RegNetX_400MF/Cifar10/PGD/ALL
[2026-08-24 20:38:32] [OK] qsub output: Your job 6427455 ("adversarial_hpc_submit.pbs") has been submitted
[2026-08-24 20:38:33] [SUBMIT] RegNetX_400MF/Cifar10/FGSM/ALL
[2026-08-24 20:38:33] [CMD] qsub -q all.q -l ngpus=1 -v MODEL="RegNetX_400MF",DATASET="Cifar10",ATTACK="FGSM",KIND="ALL",PHASE="generate",OUTPUT_DIR="adversarial_results_ep100_pre300" adversarial_hpc_submit.pbs </dev/null
[2026-08-24 20:38:37] [OK] RegNetX_400MF/Cifar10/PGD/ALL
[2026-08-24 20:38:37] [OK] qsub output: Your job 6427454 ("adversarial_hpc_submit.pbs") has been submitted
[2026-08-24 20:38:37] [SUBMIT] RegNetX_400MF/Cifar10/FGSM/ALL
[2026-08-24 20:38:37] [CMD] qsub -q all.q -l ngpus=1 -v MODEL="RegNetX_400MF",DATASET="Cifar10",ATTACK="FGSM",KIND="ALL",PHASE="generate",OUTPUT_DIR="adversarial_results_ep300_pre100" adversarial_hpc_submit.pbs </dev/null
[2026-08-24 20:38:52] [OK] RegNetX_400MF/Cifar10/PGD/ALL
[2026-08-24 20:38:52] [OK] qsub output: Your job 6427458 ("adversarial_hpc_submit.pbs") has been submitted
[2026-08-24 20:38:52] [SUBMIT] RegNetX_400MF/Cifar10/FGSM/ALL
[2026-08-24 20:38:52] [CMD] qsub -q all.q -l ngpus=1 -v MODEL="RegNetX_400MF",DATASET="Cifar10",ATTACK="FGSM",KIND="ALL",PHASE="generate",OUTPUT_DIR="adversarial_results_ep200_pre200" adversarial_hpc_submit.pbs </dev/null
[2026-08-24 20:39:20] [OK] RegNetX_400MF/Cifar10/FGSM/ALL
[2026-08-24 20:39:20] [OK] qsub output: Your job 6427470 ("adversarial_hpc_submit.pbs") has been submitted
[2026-08-24 20:39:20] [SUBMIT] RegNetX_400MF/Cifar10/IFGSM/ALL
[2026-08-24 20:39:20] [CMD] qsub -q all.q -l ngpus=1 -v MODEL="RegNetX_400MF",DATASET="Cifar10",ATTACK="IFGSM",KIND="ALL",PHASE="generate",OUTPUT_DIR="adversarial_results_ep100_pre300" adversarial_hpc_submit.pbs </dev/null
[2026-08-24 20:39:24] [OK] RegNetX_400MF/Cifar10/FGSM/ALL
[2026-08-24 20:39:24] [OK] qsub output: Your job 6427471 ("adversarial_hpc_submit.pbs") has been submitted
[2026-08-24 20:39:24] [SUBMIT] RegNetX_400MF/Cifar10/IFGSM/ALL
[2026-08-24 20:39:24] [CMD] qsub -q all.q -l ngpus=1 -v MODEL="RegNetX_400MF",DATASET="Cifar10",ATTACK="IFGSM",KIND="ALL",PHASE="generate",OUTPUT_DIR="adversarial_results_ep300_pre100" adversarial_hpc_submit.pbs </dev/null
[2026-08-24 20:39:37] [OK] RegNetX_400MF/Cifar10/FGSM/ALL
[2026-08-24 20:39:37] [OK] qsub output: Your job 6427475 ("adversarial_hpc_submit.pbs") has been submitted
[2026-08-24 20:39:37] [SUBMIT] RegNetX_400MF/Cifar10/IFGSM/ALL
[2026-08-24 20:39:37] [CMD] qsub -q all.q -l ngpus=1 -v MODEL="RegNetX_400MF",DATASET="Cifar10",ATTACK="IFGSM",KIND="ALL",PHASE="generate",OUTPUT_DIR="adversarial_results_ep200_pre200" adversarial_hpc_submit.pbs </dev/null
[2026-08-24 20:40:08] [OK] RegNetX_400MF/Cifar10/IFGSM/ALL
[2026-08-24 20:40:08] [OK] qsub output: Your job 6427486 ("adversarial_hpc_submit.pbs") has been submitted
[2026-08-24 20:40:08] [SUBMIT] RegNetX_400MF/Cifar10/BIM/ALL
[2026-08-24 20:40:08] [CMD] qsub -q all.q -l ngpus=1 -v MODEL="RegNetX_400MF",DATASET="Cifar10",ATTACK="BIM",KIND="ALL",PHASE="generate",OUTPUT_DIR="adversarial_results_ep100_pre300" adversarial_hpc_submit.pbs </dev/null
[2026-08-24 20:40:13] [OK] RegNetX_400MF/Cifar10/IFGSM/ALL
[2026-08-24 20:40:13] [OK] qsub output: Your job 6427488 ("adversarial_hpc_submit.pbs") has been submitted
[2026-08-24 20:40:13] [SUBMIT] RegNetX_400MF/Cifar10/BIM/ALL
[2026-08-24 20:40:13] [CMD] qsub -q all.q -l ngpus=1 -v MODEL="RegNetX_400MF",DATASET="Cifar10",ATTACK="BIM",KIND="ALL",PHASE="generate",OUTPUT_DIR="adversarial_results_ep300_pre100" adversarial_hpc_submit.pbs </dev/null
[2026-08-24 20:40:19] [OK] RegNetX_400MF/Cifar10/IFGSM/ALL
[2026-08-24 20:40:20] [OK] qsub output: Your job 6427492 ("adversarial_hpc_submit.pbs") has been submitted
[2026-08-24 20:40:20] [SUBMIT] RegNetX_400MF/Cifar10/BIM/ALL
[2026-08-24 20:40:20] [CMD] qsub -q all.q -l ngpus=1 -v MODEL="RegNetX_400MF",DATASET="Cifar10",ATTACK="BIM",KIND="ALL",PHASE="generate",OUTPUT_DIR="adversarial_results_ep200_pre200" adversarial_hpc_submit.pbs </dev/null
[2026-08-24 20:40:45] [OK] RegNetX_400MF/Cifar10/BIM/ALL
[2026-08-24 20:40:45] [OK] qsub output: Your job 6427502 ("adversarial_hpc_submit.pbs") has been submitted
[2026-08-24 20:40:45] [SUBMIT] RegNetX_400MF/Cifar10/APGD/ALL
[2026-08-24 20:40:45] [CMD] qsub -q all.q -l ngpus=1 -v MODEL="RegNetX_400MF",DATASET="Cifar10",ATTACK="APGD",KIND="ALL",PHASE="generate",OUTPUT_DIR="adversarial_results_ep100_pre300" adversarial_hpc_submit.pbs </dev/null
[2026-08-24 20:41:01] [OK] RegNetX_400MF/Cifar10/BIM/ALL
[2026-08-24 20:41:01] [OK] qsub output: Your job 6427505 ("adversarial_hpc_submit.pbs") has been submitted
[2026-08-24 20:41:01] [SUBMIT] RegNetX_400MF/Cifar10/APGD/ALL
[2026-08-24 20:41:01] [CMD] qsub -q all.q -l ngpus=1 -v MODEL="RegNetX_400MF",DATASET="Cifar10",ATTACK="APGD",KIND="ALL",PHASE="generate",OUTPUT_DIR="adversarial_results_ep300_pre100" adversarial_hpc_submit.pbs </dev/null
[2026-08-24 20:41:09] [OK] RegNetX_400MF/Cifar10/BIM/ALL
[2026-08-24 20:41:09] [OK] qsub output: Your job 6427507 ("adversarial_hpc_submit.pbs") has been submitted
[2026-08-24 20:41:09] [SUBMIT] RegNetX_400MF/Cifar10/APGD/ALL
[2026-08-24 20:41:09] [CMD] qsub -q all.q -l ngpus=1 -v MODEL="RegNetX_400MF",DATASET="Cifar10",ATTACK="APGD",KIND="ALL",PHASE="generate",OUTPUT_DIR="adversarial_results_ep200_pre200" adversarial_hpc_submit.pbs </dev/null
[2026-08-24 20:41:43] [OK] RegNetX_400MF/Cifar10/APGD/ALL
[2026-08-24 20:41:43] [OK] qsub output: Your job 6427516 ("adversarial_hpc_submit.pbs") has been submitted
[2026-08-24 20:41:43] [SUBMIT] RegNetX_400MF/Cifar10/CW/ALL
[2026-08-24 20:41:43] [CMD] qsub -q all.q -l ngpus=1 -v MODEL="RegNetX_400MF",DATASET="Cifar10",ATTACK="CW",KIND="ALL",PHASE="generate",OUTPUT_DIR="adversarial_results_ep100_pre300" adversarial_hpc_submit.pbs </dev/null
[2026-08-24 20:41:48] [OK] RegNetX_400MF/Cifar10/APGD/ALL
[2026-08-24 20:41:48] [OK] qsub output: Your job 6427521 ("adversarial_hpc_submit.pbs") has been submitted
[2026-08-24 20:41:48] [SUBMIT] RegNetX_400MF/Cifar10/CW/ALL
[2026-08-24 20:41:48] [CMD] qsub -q all.q -l ngpus=1 -v MODEL="RegNetX_400MF",DATASET="Cifar10",ATTACK="CW",KIND="ALL",PHASE="generate",OUTPUT_DIR="adversarial_results_ep300_pre100" adversarial_hpc_submit.pbs </dev/null
[2026-08-24 20:41:56] [OK] RegNetX_400MF/Cifar10/APGD/ALL
[2026-08-24 20:41:56] [OK] qsub output: Your job 6427522 ("adversarial_hpc_submit.pbs") has been submitted
[2026-08-24 20:41:56] [SUBMIT] RegNetX_400MF/Cifar10/CW/ALL
[2026-08-24 20:41:56] [CMD] qsub -q all.q -l ngpus=1 -v MODEL="RegNetX_400MF",DATASET="Cifar10",ATTACK="CW",KIND="ALL",PHASE="generate",OUTPUT_DIR="adversarial_results_ep200_pre200" adversarial_hpc_submit.pbs </dev/null
[2026-08-24 20:42:20] [OK] RegNetX_400MF/Cifar10/CW/ALL
[2026-08-24 20:42:20] [OK] qsub output: Your job 6427534 ("adversarial_hpc_submit.pbs") has been submitted
[2026-08-24 20:42:20] [SUBMIT] RegNetX_400MF/Cifar10/DeepFool/ALL
[2026-08-24 20:42:20] [CMD] qsub -q all.q -l ngpus=1 -v MODEL="RegNetX_400MF",DATASET="Cifar10",ATTACK="DeepFool",KIND="ALL",PHASE="generate",OUTPUT_DIR="adversarial_results_ep100_pre300" adversarial_hpc_submit.pbs </dev/null
[2026-08-24 20:42:21] [OK] RegNetX_400MF/Cifar10/CW/ALL
[2026-08-24 20:42:21] [OK] qsub output: Your job 6427535 ("adversarial_hpc_submit.pbs") has been submitted
[2026-08-24 20:42:21] [SUBMIT] RegNetX_400MF/Cifar10/DeepFool/ALL
[2026-08-24 20:42:21] [CMD] qsub -q all.q -l ngpus=1 -v MODEL="RegNetX_400MF",DATASET="Cifar10",ATTACK="DeepFool",KIND="ALL",PHASE="generate",OUTPUT_DIR="adversarial_results_ep300_pre100" adversarial_hpc_submit.pbs </dev/null
[2026-08-24 20:42:26] [OK] RegNetX_400MF/Cifar10/CW/ALL
[2026-08-24 20:42:26] [OK] qsub output: Your job 6427538 ("adversarial_hpc_submit.pbs") has been submitted
[2026-08-24 20:42:26] [SUBMIT] RegNetX_400MF/Cifar10/DeepFool/ALL
[2026-08-24 20:42:26] [CMD] qsub -q all.q -l ngpus=1 -v MODEL="RegNetX_400MF",DATASET="Cifar10",ATTACK="DeepFool",KIND="ALL",PHASE="generate",OUTPUT_DIR="adversarial_results_ep200_pre200" adversarial_hpc_submit.pbs </dev/null
[2026-08-24 20:42:57] [OK] RegNetX_400MF/Cifar10/DeepFool/ALL
[2026-08-24 20:42:57] [OK] qsub output: Your job 6427550 ("adversarial_hpc_submit.pbs") has been submitted
[2026-08-24 20:42:57] [SUBMIT] RegNetX_400MF/Cifar100/PGD/ALL
[2026-08-24 20:42:57] [CMD] qsub -q all.q -l ngpus=1 -v MODEL="RegNetX_400MF",DATASET="Cifar100",ATTACK="PGD",KIND="ALL",PHASE="generate",OUTPUT_DIR="adversarial_results_ep100_pre300" adversarial_hpc_submit.pbs </dev/null
[2026-08-24 20:42:59] [OK] RegNetX_400MF/Cifar10/DeepFool/ALL
[2026-08-24 20:42:59] [OK] qsub output: Your job 6427551 ("adversarial_hpc_submit.pbs") has been submitted
[2026-08-24 20:42:59] [SUBMIT] RegNetX_400MF/Cifar100/PGD/ALL
[2026-08-24 20:42:59] [CMD] qsub -q all.q -l ngpus=1 -v MODEL="RegNetX_400MF",DATASET="Cifar100",ATTACK="PGD",KIND="ALL",PHASE="generate",OUTPUT_DIR="adversarial_results_ep300_pre100" adversarial_hpc_submit.pbs </dev/null
[2026-08-24 20:43:00] [OK] RegNetX_400MF/Cifar10/DeepFool/ALL
[2026-08-24 20:43:00] [OK] qsub output: Your job 6427554 ("adversarial_hpc_submit.pbs") has been submitted
[2026-08-24 20:43:00] [SUBMIT] RegNetX_400MF/Cifar100/PGD/ALL
[2026-08-24 20:43:00] [CMD] qsub -q all.q -l ngpus=1 -v MODEL="RegNetX_400MF",DATASET="Cifar100",ATTACK="PGD",KIND="ALL",PHASE="generate",OUTPUT_DIR="adversarial_results_ep200_pre200" adversarial_hpc_submit.pbs </dev/null
[2026-08-24 20:43:37] [OK] RegNetX_400MF/Cifar100/PGD/ALL
[2026-08-24 20:43:37] [OK] qsub output: Your job 6427566 ("adversarial_hpc_submit.pbs") has been submitted
[2026-08-24 20:43:37] [SUBMIT] RegNetX_400MF/Cifar100/FGSM/ALL
[2026-08-24 20:43:37] [CMD] qsub -q all.q -l ngpus=1 -v MODEL="RegNetX_400MF",DATASET="Cifar100",ATTACK="FGSM",KIND="ALL",PHASE="generate",OUTPUT_DIR="adversarial_results_ep300_pre100" adversarial_hpc_submit.pbs </dev/null
[2026-08-24 20:43:38] [OK] RegNetX_400MF/Cifar100/PGD/ALL
[2026-08-24 20:43:39] [OK] qsub output: Your job 6427565 ("adversarial_hpc_submit.pbs") has been submitted
[2026-08-24 20:43:39] [SUBMIT] RegNetX_400MF/Cifar100/FGSM/ALL
[2026-08-24 20:43:39] [CMD] qsub -q all.q -l ngpus=1 -v MODEL="RegNetX_400MF",DATASET="Cifar100",ATTACK="FGSM",KIND="ALL",PHASE="generate",OUTPUT_DIR="adversarial_results_ep100_pre300" adversarial_hpc_submit.pbs </dev/null
[2026-08-24 20:43:44] [OK] RegNetX_400MF/Cifar100/PGD/ALL
[2026-08-24 20:43:44] [OK] qsub output: Your job 6427568 ("adversarial_hpc_submit.pbs") has been submitted
[2026-08-24 20:43:45] [SUBMIT] RegNetX_400MF/Cifar100/FGSM/ALL
[2026-08-24 20:43:45] [CMD] qsub -q all.q -l ngpus=1 -v MODEL="RegNetX_400MF",DATASET="Cifar100",ATTACK="FGSM",KIND="ALL",PHASE="generate",OUTPUT_DIR="adversarial_results_ep200_pre200" adversarial_hpc_submit.pbs </dev/null
[2026-08-24 20:44:08] [OK] RegNetX_400MF/Cifar100/FGSM/ALL
[2026-08-24 20:44:08] [OK] qsub output: Your job 6427580 ("adversarial_hpc_submit.pbs") has been submitted
[2026-08-24 20:44:08] [SUBMIT] RegNetX_400MF/Cifar100/IFGSM/ALL
[2026-08-24 20:44:08] [CMD] qsub -q all.q -l ngpus=1 -v MODEL="RegNetX_400MF",DATASET="Cifar100",ATTACK="IFGSM",KIND="ALL",PHASE="generate",OUTPUT_DIR="adversarial_results_ep300_pre100" adversarial_hpc_submit.pbs </dev/null
[2026-08-24 20:44:17] [OK] RegNetX_400MF/Cifar100/FGSM/ALL
[2026-08-24 20:44:17] [OK] qsub output: Your job 6427583 ("adversarial_hpc_submit.pbs") has been submitted
[2026-08-24 20:44:17] [SUBMIT] RegNetX_400MF/Cifar100/IFGSM/ALL
[2026-08-24 20:44:17] [CMD] qsub -q all.q -l ngpus=1 -v MODEL="RegNetX_400MF",DATASET="Cifar100",ATTACK="IFGSM",KIND="ALL",PHASE="generate",OUTPUT_DIR="adversarial_results_ep200_pre200" adversarial_hpc_submit.pbs </dev/null
[2026-08-24 20:44:19] [OK] RegNetX_400MF/Cifar100/FGSM/ALL
[2026-08-24 20:44:19] [OK] qsub output: Your job 6427582 ("adversarial_hpc_submit.pbs") has been submitted
[2026-08-24 20:44:20] [SUBMIT] RegNetX_400MF/Cifar100/IFGSM/ALL
[2026-08-24 20:44:20] [CMD] qsub -q all.q -l ngpus=1 -v MODEL="RegNetX_400MF",DATASET="Cifar100",ATTACK="IFGSM",KIND="ALL",PHASE="generate",OUTPUT_DIR="adversarial_results_ep100_pre300" adversarial_hpc_submit.pbs </dev/null
[2026-08-24 20:44:54] [OK] RegNetX_400MF/Cifar100/IFGSM/ALL
[2026-08-24 20:44:54] [OK] qsub output: Your job 6427594 ("adversarial_hpc_submit.pbs") has been submitted
[2026-08-24 20:44:54] [SUBMIT] RegNetX_400MF/Cifar100/BIM/ALL
[2026-08-24 20:44:54] [CMD] qsub -q all.q -l ngpus=1 -v MODEL="RegNetX_400MF",DATASET="Cifar100",ATTACK="BIM",KIND="ALL",PHASE="generate",OUTPUT_DIR="adversarial_results_ep300_pre100" adversarial_hpc_submit.pbs </dev/null
[2026-08-24 20:45:02] [OK] RegNetX_400MF/Cifar100/IFGSM/ALL
[2026-08-24 20:45:02] [OK] qsub output: Your job 6427598 ("adversarial_hpc_submit.pbs") has been submitted
[2026-08-24 20:45:02] [SUBMIT] RegNetX_400MF/Cifar100/BIM/ALL
[2026-08-24 20:45:02] [CMD] qsub -q all.q -l ngpus=1 -v MODEL="RegNetX_400MF",DATASET="Cifar100",ATTACK="BIM",KIND="ALL",PHASE="generate",OUTPUT_DIR="adversarial_results_ep100_pre300" adversarial_hpc_submit.pbs </dev/null
[2026-08-24 20:45:02] [OK] RegNetX_400MF/Cifar100/IFGSM/ALL
[2026-08-24 20:45:02] [OK] qsub output: Your job 6427597 ("adversarial_hpc_submit.pbs") has been submitted
[2026-08-24 20:45:02] [SUBMIT] RegNetX_400MF/Cifar100/BIM/ALL
[2026-08-24 20:45:02] [CMD] qsub -q all.q -l ngpus=1 -v MODEL="RegNetX_400MF",DATASET="Cifar100",ATTACK="BIM",KIND="ALL",PHASE="generate",OUTPUT_DIR="adversarial_results_ep200_pre200" adversarial_hpc_submit.pbs </dev/null
[2026-08-24 20:45:47] [OK] RegNetX_400MF/Cifar100/BIM/ALL
[2026-08-24 20:45:48] [OK] qsub output: Your job 6427611 ("adversarial_hpc_submit.pbs") has been submitted
[2026-08-24 20:45:48] [SUBMIT] RegNetX_400MF/Cifar100/APGD/ALL
[2026-08-24 20:45:48] [CMD] qsub -q all.q -l ngpus=1 -v MODEL="RegNetX_400MF",DATASET="Cifar100",ATTACK="APGD",KIND="ALL",PHASE="generate",OUTPUT_DIR="adversarial_results_ep300_pre100" adversarial_hpc_submit.pbs </dev/null
[2026-08-24 20:45:48] [OK] RegNetX_400MF/Cifar100/BIM/ALL
[2026-08-24 20:45:48] [OK] qsub output: Your job 6427612 ("adversarial_hpc_submit.pbs") has been submitted
[2026-08-24 20:45:48] [SUBMIT] RegNetX_400MF/Cifar100/APGD/ALL
[2026-08-24 20:45:48] [CMD] qsub -q all.q -l ngpus=1 -v MODEL="RegNetX_400MF",DATASET="Cifar100",ATTACK="APGD",KIND="ALL",PHASE="generate",OUTPUT_DIR="adversarial_results_ep100_pre300" adversarial_hpc_submit.pbs </dev/null
[2026-08-24 20:45:50] [OK] RegNetX_400MF/Cifar100/BIM/ALL
[2026-08-24 20:45:50] [OK] qsub output: Your job 6427613 ("adversarial_hpc_submit.pbs") has been submitted
[2026-08-24 20:45:51] [SUBMIT] RegNetX_400MF/Cifar100/APGD/ALL
[2026-08-24 20:45:51] [CMD] qsub -q all.q -l ngpus=1 -v MODEL="RegNetX_400MF",DATASET="Cifar100",ATTACK="APGD",KIND="ALL",PHASE="generate",OUTPUT_DIR="adversarial_results_ep200_pre200" adversarial_hpc_submit.pbs </dev/null
[2026-08-24 20:46:32] [OK] RegNetX_400MF/Cifar100/APGD/ALL
[2026-08-24 20:46:32] [OK] qsub output: Your job 6427627 ("adversarial_hpc_submit.pbs") has been submitted
[2026-08-24 20:46:32] [SUBMIT] RegNetX_400MF/Cifar100/CW/ALL
[2026-08-24 20:46:32] [CMD] qsub -q all.q -l ngpus=1 -v MODEL="RegNetX_400MF",DATASET="Cifar100",ATTACK="CW",KIND="ALL",PHASE="generate",OUTPUT_DIR="adversarial_results_ep300_pre100" adversarial_hpc_submit.pbs </dev/null
[2026-08-24 20:46:35] [OK] RegNetX_400MF/Cifar100/APGD/ALL
[2026-08-24 20:46:35] [OK] qsub output: Your job 6427628 ("adversarial_hpc_submit.pbs") has been submitted
[2026-08-24 20:46:35] [SUBMIT] RegNetX_400MF/Cifar100/CW/ALL
[2026-08-24 20:46:35] [CMD] qsub -q all.q -l ngpus=1 -v MODEL="RegNetX_400MF",DATASET="Cifar100",ATTACK="CW",KIND="ALL",PHASE="generate",OUTPUT_DIR="adversarial_results_ep100_pre300" adversarial_hpc_submit.pbs </dev/null
[2026-08-24 20:46:41] [OK] RegNetX_400MF/Cifar100/APGD/ALL
[2026-08-24 20:46:41] [OK] qsub output: Your job 6427629 ("adversarial_hpc_submit.pbs") has been submitted
[2026-08-24 20:46:41] [SUBMIT] RegNetX_400MF/Cifar100/CW/ALL
[2026-08-24 20:46:41] [CMD] qsub -q all.q -l ngpus=1 -v MODEL="RegNetX_400MF",DATASET="Cifar100",ATTACK="CW",KIND="ALL",PHASE="generate",OUTPUT_DIR="adversarial_results_ep200_pre200" adversarial_hpc_submit.pbs </dev/null
[2026-08-24 20:47:07] [OK] RegNetX_400MF/Cifar100/CW/ALL
[2026-08-24 20:47:07] [OK] qsub output: Your job 6427642 ("adversarial_hpc_submit.pbs") has been submitted
[2026-08-24 20:47:07] [SUBMIT] RegNetX_400MF/Cifar100/DeepFool/ALL
[2026-08-24 20:47:07] [CMD] qsub -q all.q -l ngpus=1 -v MODEL="RegNetX_400MF",DATASET="Cifar100",ATTACK="DeepFool",KIND="ALL",PHASE="generate",OUTPUT_DIR="adversarial_results_ep300_pre100" adversarial_hpc_submit.pbs </dev/null
[2026-08-24 20:47:12] [OK] RegNetX_400MF/Cifar100/CW/ALL
[2026-08-24 20:47:13] [OK] qsub output: Your job 6427644 ("adversarial_hpc_submit.pbs") has been submitted
[2026-08-24 20:47:13] [SUBMIT] RegNetX_400MF/Cifar100/DeepFool/ALL
[2026-08-24 20:47:13] [CMD] qsub -q all.q -l ngpus=1 -v MODEL="RegNetX_400MF",DATASET="Cifar100",ATTACK="DeepFool",KIND="ALL",PHASE="generate",OUTPUT_DIR="adversarial_results_ep100_pre300" adversarial_hpc_submit.pbs </dev/null
[2026-08-24 20:47:22] [OK] RegNetX_400MF/Cifar100/CW/ALL
[2026-08-24 20:47:22] [OK] qsub output: Your job 6427646 ("adversarial_hpc_submit.pbs") has been submitted
[2026-08-24 20:47:22] [SUBMIT] RegNetX_400MF/Cifar100/DeepFool/ALL
[2026-08-24 20:47:22] [CMD] qsub -q all.q -l ngpus=1 -v MODEL="RegNetX_400MF",DATASET="Cifar100",ATTACK="DeepFool",KIND="ALL",PHASE="generate",OUTPUT_DIR="adversarial_results_ep200_pre200" adversarial_hpc_submit.pbs </dev/null
[2026-08-24 20:47:45] [OK] RegNetX_400MF/Cifar100/DeepFool/ALL
[2026-08-24 20:47:45] [OK] qsub output: Your job 6427659 ("adversarial_hpc_submit.pbs") has been submitted
[2026-08-24 20:47:45] [SUBMIT] InceptionNet/Cifar10/PGD/ALL
[2026-08-24 20:47:45] [CMD] qsub -q all.q -l ngpus=1 -v MODEL="InceptionNet",DATASET="Cifar10",ATTACK="PGD",KIND="ALL",PHASE="generate",OUTPUT_DIR="adversarial_results_ep300_pre100" adversarial_hpc_submit.pbs </dev/null
[2026-08-24 20:47:49] [OK] RegNetX_400MF/Cifar100/DeepFool/ALL
[2026-08-24 20:47:49] [OK] qsub output: Your job 6427661 ("adversarial_hpc_submit.pbs") has been submitted
[2026-08-24 20:47:49] [SUBMIT] InceptionNet/Cifar10/PGD/ALL
[2026-08-24 20:47:50] [CMD] qsub -q all.q -l ngpus=1 -v MODEL="InceptionNet",DATASET="Cifar10",ATTACK="PGD",KIND="ALL",PHASE="generate",OUTPUT_DIR="adversarial_results_ep100_pre300" adversarial_hpc_submit.pbs </dev/null
[2026-08-24 20:47:58] [OK] RegNetX_400MF/Cifar100/DeepFool/ALL
[2026-08-24 20:47:58] [OK] qsub output: Your job 6427665 ("adversarial_hpc_submit.pbs") has been submitted
[2026-08-24 20:47:59] [SUBMIT] InceptionNet/Cifar10/PGD/ALL
[2026-08-24 20:47:59] [CMD] qsub -q all.q -l ngpus=1 -v MODEL="InceptionNet",DATASET="Cifar10",ATTACK="PGD",KIND="ALL",PHASE="generate",OUTPUT_DIR="adversarial_results_ep200_pre200" adversarial_hpc_submit.pbs </dev/null
[2026-08-24 20:48:20] [OK] InceptionNet/Cifar10/PGD/ALL
[2026-08-24 20:48:20] [OK] qsub output: Your job 6427674 ("adversarial_hpc_submit.pbs") has been submitted
[2026-08-24 20:48:20] [SUBMIT] InceptionNet/Cifar10/FGSM/ALL
[2026-08-24 20:48:20] [CMD] qsub -q all.q -l ngpus=1 -v MODEL="InceptionNet",DATASET="Cifar10",ATTACK="FGSM",KIND="ALL",PHASE="generate",OUTPUT_DIR="adversarial_results_ep300_pre100" adversarial_hpc_submit.pbs </dev/null
[2026-08-24 20:48:30] [OK] InceptionNet/Cifar10/PGD/ALL
[2026-08-24 20:48:30] [OK] qsub output: Your job 6427676 ("adversarial_hpc_submit.pbs") has been submitted
[2026-08-24 20:48:30] [SUBMIT] InceptionNet/Cifar10/FGSM/ALL
[2026-08-24 20:48:30] [CMD] qsub -q all.q -l ngpus=1 -v MODEL="InceptionNet",DATASET="Cifar10",ATTACK="FGSM",KIND="ALL",PHASE="generate",OUTPUT_DIR="adversarial_results_ep100_pre300" adversarial_hpc_submit.pbs </dev/null
[2026-08-24 20:48:44] [OK] InceptionNet/Cifar10/PGD/ALL
[2026-08-24 20:48:44] [OK] qsub output: Your job 6427679 ("adversarial_hpc_submit.pbs") has been submitted
[2026-08-24 20:48:44] [SUBMIT] InceptionNet/Cifar10/FGSM/ALL
[2026-08-24 20:48:44] [CMD] qsub -q all.q -l ngpus=1 -v MODEL="InceptionNet",DATASET="Cifar10",ATTACK="FGSM",KIND="ALL",PHASE="generate",OUTPUT_DIR="adversarial_results_ep200_pre200" adversarial_hpc_submit.pbs </dev/null
[2026-08-24 20:49:11] [OK] InceptionNet/Cifar10/FGSM/ALL
[2026-08-24 20:49:11] [OK] qsub output: Your job 6427689 ("adversarial_hpc_submit.pbs") has been submitted
[2026-08-24 20:49:11] [SUBMIT] InceptionNet/Cifar10/IFGSM/ALL
[2026-08-24 20:49:11] [CMD] qsub -q all.q -l ngpus=1 -v MODEL="InceptionNet",DATASET="Cifar10",ATTACK="IFGSM",KIND="ALL",PHASE="generate",OUTPUT_DIR="adversarial_results_ep300_pre100" adversarial_hpc_submit.pbs </dev/null
[2026-08-24 20:49:19] [OK] InceptionNet/Cifar10/FGSM/ALL
[2026-08-24 20:49:19] [OK] qsub output: Your job 6427692 ("adversarial_hpc_submit.pbs") has been submitted
[2026-08-24 20:49:19] [SUBMIT] InceptionNet/Cifar10/IFGSM/ALL
[2026-08-24 20:49:19] [CMD] qsub -q all.q -l ngpus=1 -v MODEL="InceptionNet",DATASET="Cifar10",ATTACK="IFGSM",KIND="ALL",PHASE="generate",OUTPUT_DIR="adversarial_results_ep100_pre300" adversarial_hpc_submit.pbs </dev/null
[2026-08-24 20:49:35] [OK] InceptionNet/Cifar10/FGSM/ALL
[2026-08-24 20:49:35] [OK] qsub output: Your job 6427697 ("adversarial_hpc_submit.pbs") has been submitted
[2026-08-24 20:49:35] [SUBMIT] InceptionNet/Cifar10/IFGSM/ALL
[2026-08-24 20:49:35] [CMD] qsub -q all.q -l ngpus=1 -v MODEL="InceptionNet",DATASET="Cifar10",ATTACK="IFGSM",KIND="ALL",PHASE="generate",OUTPUT_DIR="adversarial_results_ep200_pre200" adversarial_hpc_submit.pbs </dev/null
[2026-08-24 20:50:05] [OK] InceptionNet/Cifar10/IFGSM/ALL
[2026-08-24 20:50:05] [OK] qsub output: Your job 6427706 ("adversarial_hpc_submit.pbs") has been submitted
[2026-08-24 20:50:05] [SUBMIT] InceptionNet/Cifar10/BIM/ALL
[2026-08-24 20:50:05] [CMD] qsub -q all.q -l ngpus=1 -v MODEL="InceptionNet",DATASET="Cifar10",ATTACK="BIM",KIND="ALL",PHASE="generate",OUTPUT_DIR="adversarial_results_ep300_pre100" adversarial_hpc_submit.pbs </dev/null
[2026-08-24 20:50:10] [OK] InceptionNet/Cifar10/IFGSM/ALL
[2026-08-24 20:50:11] [OK] qsub output: Your job 6427709 ("adversarial_hpc_submit.pbs") has been submitted
[2026-08-24 20:50:11] [SUBMIT] InceptionNet/Cifar10/BIM/ALL
[2026-08-24 20:50:11] [CMD] qsub -q all.q -l ngpus=1 -v MODEL="InceptionNet",DATASET="Cifar10",ATTACK="BIM",KIND="ALL",PHASE="generate",OUTPUT_DIR="adversarial_results_ep100_pre300" adversarial_hpc_submit.pbs </dev/null
[2026-08-24 20:50:19] [OK] InceptionNet/Cifar10/IFGSM/ALL
[2026-08-24 20:50:19] [OK] qsub output: Your job 6427712 ("adversarial_hpc_submit.pbs") has been submitted
[2026-08-24 20:50:19] [SUBMIT] InceptionNet/Cifar10/BIM/ALL
[2026-08-24 20:50:19] [CMD] qsub -q all.q -l ngpus=1 -v MODEL="InceptionNet",DATASET="Cifar10",ATTACK="BIM",KIND="ALL",PHASE="generate",OUTPUT_DIR="adversarial_results_ep200_pre200" adversarial_hpc_submit.pbs </dev/null
[2026-08-24 20:50:45] [OK] InceptionNet/Cifar10/BIM/ALL
[2026-08-24 20:50:45] [OK] qsub output: Your job 6427722 ("adversarial_hpc_submit.pbs") has been submitted
[2026-08-24 20:50:45] [SUBMIT] InceptionNet/Cifar10/APGD/ALL
[2026-08-24 20:50:45] [CMD] qsub -q all.q -l ngpus=1 -v MODEL="InceptionNet",DATASET="Cifar10",ATTACK="APGD",KIND="ALL",PHASE="generate",OUTPUT_DIR="adversarial_results_ep300_pre100" adversarial_hpc_submit.pbs </dev/null
[2026-08-24 20:50:54] [OK] InceptionNet/Cifar10/BIM/ALL
[2026-08-24 20:50:54] [OK] qsub output: Your job 6427724 ("adversarial_hpc_submit.pbs") has been submitted
[2026-08-24 20:50:54] [SUBMIT] InceptionNet/Cifar10/APGD/ALL
[2026-08-24 20:50:54] [CMD] qsub -q all.q -l ngpus=1 -v MODEL="InceptionNet",DATASET="Cifar10",ATTACK="APGD",KIND="ALL",PHASE="generate",OUTPUT_DIR="adversarial_results_ep100_pre300" adversarial_hpc_submit.pbs </dev/null
[2026-08-24 20:51:11] [OK] InceptionNet/Cifar10/BIM/ALL
[2026-08-24 20:51:11] [OK] qsub output: Your job 6427729 ("adversarial_hpc_submit.pbs") has been submitted
[2026-08-24 20:51:11] [SUBMIT] InceptionNet/Cifar10/APGD/ALL
[2026-08-24 20:51:11] [CMD] qsub -q all.q -l ngpus=1 -v MODEL="InceptionNet",DATASET="Cifar10",ATTACK="APGD",KIND="ALL",PHASE="generate",OUTPUT_DIR="adversarial_results_ep200_pre200" adversarial_hpc_submit.pbs </dev/null
[2026-08-24 20:51:32] [OK] InceptionNet/Cifar10/APGD/ALL
[2026-08-24 20:51:32] [OK] qsub output: Your job 6427737 ("adversarial_hpc_submit.pbs") has been submitted
[2026-08-24 20:51:32] [SUBMIT] InceptionNet/Cifar10/CW/ALL
[2026-08-24 20:51:32] [CMD] qsub -q all.q -l ngpus=1 -v MODEL="InceptionNet",DATASET="Cifar10",ATTACK="CW",KIND="ALL",PHASE="generate",OUTPUT_DIR="adversarial_results_ep300_pre100" adversarial_hpc_submit.pbs </dev/null
[2026-08-24 20:51:41] [OK] InceptionNet/Cifar10/APGD/ALL
[2026-08-24 20:51:41] [OK] qsub output: Your job 6427740 ("adversarial_hpc_submit.pbs") has been submitted
[2026-08-24 20:51:42] [SUBMIT] InceptionNet/Cifar10/CW/ALL
[2026-08-24 20:51:42] [CMD] qsub -q all.q -l ngpus=1 -v MODEL="InceptionNet",DATASET="Cifar10",ATTACK="CW",KIND="ALL",PHASE="generate",OUTPUT_DIR="adversarial_results_ep100_pre300" adversarial_hpc_submit.pbs </dev/null
[2026-08-24 20:51:52] [OK] InceptionNet/Cifar10/APGD/ALL
[2026-08-24 20:51:52] [OK] qsub output: Your job 6427745 ("adversarial_hpc_submit.pbs") has been submitted
[2026-08-24 20:51:53] [SUBMIT] InceptionNet/Cifar10/CW/ALL
[2026-08-24 20:51:53] [CMD] qsub -q all.q -l ngpus=1 -v MODEL="InceptionNet",DATASET="Cifar10",ATTACK="CW",KIND="ALL",PHASE="generate",OUTPUT_DIR="adversarial_results_ep200_pre200" adversarial_hpc_submit.pbs </dev/null
[2026-08-24 20:52:10] [OK] InceptionNet/Cifar10/CW/ALL
[2026-08-24 20:52:10] [OK] qsub output: Your job 6427751 ("adversarial_hpc_submit.pbs") has been submitted
[2026-08-24 20:52:10] [SUBMIT] InceptionNet/Cifar10/DeepFool/ALL
[2026-08-24 20:52:10] [CMD] qsub -q all.q -l ngpus=1 -v MODEL="InceptionNet",DATASET="Cifar10",ATTACK="DeepFool",KIND="ALL",PHASE="generate",OUTPUT_DIR="adversarial_results_ep300_pre100" adversarial_hpc_submit.pbs </dev/null
[2026-08-24 20:52:17] [OK] InceptionNet/Cifar10/CW/ALL
[2026-08-24 20:52:17] [OK] qsub output: Your job 6427755 ("adversarial_hpc_submit.pbs") has been submitted
[2026-08-24 20:52:17] [SUBMIT] InceptionNet/Cifar10/DeepFool/ALL
[2026-08-24 20:52:17] [CMD] qsub -q all.q -l ngpus=1 -v MODEL="InceptionNet",DATASET="Cifar10",ATTACK="DeepFool",KIND="ALL",PHASE="generate",OUTPUT_DIR="adversarial_results_ep100_pre300" adversarial_hpc_submit.pbs </dev/null
[2026-08-24 20:52:38] [OK] InceptionNet/Cifar10/CW/ALL
[2026-08-24 20:52:38] [OK] qsub output: Your job 6427761 ("adversarial_hpc_submit.pbs") has been submitted
[2026-08-24 20:52:38] [SUBMIT] InceptionNet/Cifar10/DeepFool/ALL
[2026-08-24 20:52:38] [CMD] qsub -q all.q -l ngpus=1 -v MODEL="InceptionNet",DATASET="Cifar10",ATTACK="DeepFool",KIND="ALL",PHASE="generate",OUTPUT_DIR="adversarial_results_ep200_pre200" adversarial_hpc_submit.pbs </dev/null
[2026-08-24 20:52:52] [OK] InceptionNet/Cifar10/DeepFool/ALL
[2026-08-24 20:52:53] [OK] qsub output: Your job 6427768 ("adversarial_hpc_submit.pbs") has been submitted
[2026-08-24 20:52:53] [SUBMIT] InceptionNet/Cifar100/PGD/ALL
[2026-08-24 20:52:53] [CMD] qsub -q all.q -l ngpus=1 -v MODEL="InceptionNet",DATASET="Cifar100",ATTACK="PGD",KIND="ALL",PHASE="generate",OUTPUT_DIR="adversarial_results_ep300_pre100" adversarial_hpc_submit.pbs </dev/null
[2026-08-24 20:53:05] [OK] InceptionNet/Cifar10/DeepFool/ALL
[2026-08-24 20:53:05] [OK] qsub output: Your job 6427772 ("adversarial_hpc_submit.pbs") has been submitted
[2026-08-24 20:53:05] [SUBMIT] InceptionNet/Cifar100/PGD/ALL
[2026-08-24 20:53:05] [CMD] qsub -q all.q -l ngpus=1 -v MODEL="InceptionNet",DATASET="Cifar100",ATTACK="PGD",KIND="ALL",PHASE="generate",OUTPUT_DIR="adversarial_results_ep100_pre300" adversarial_hpc_submit.pbs </dev/null
[2026-08-24 20:53:25] [OK] InceptionNet/Cifar10/DeepFool/ALL
[2026-08-24 20:53:25] [OK] qsub output: Your job 6427779 ("adversarial_hpc_submit.pbs") has been submitted
[2026-08-24 20:53:25] [SUBMIT] InceptionNet/Cifar100/PGD/ALL
[2026-08-24 20:53:25] [CMD] qsub -q all.q -l ngpus=1 -v MODEL="InceptionNet",DATASET="Cifar100",ATTACK="PGD",KIND="ALL",PHASE="generate",OUTPUT_DIR="adversarial_results_ep200_pre200" adversarial_hpc_submit.pbs </dev/null
[2026-08-24 20:53:33] [OK] InceptionNet/Cifar100/PGD/ALL
[2026-08-24 20:53:33] [OK] qsub output: Your job 6427784 ("adversarial_hpc_submit.pbs") has been submitted
[2026-08-24 20:53:33] [SUBMIT] InceptionNet/Cifar100/FGSM/ALL
[2026-08-24 20:53:33] [CMD] qsub -q all.q -l ngpus=1 -v MODEL="InceptionNet",DATASET="Cifar100",ATTACK="FGSM",KIND="ALL",PHASE="generate",OUTPUT_DIR="adversarial_results_ep300_pre100" adversarial_hpc_submit.pbs </dev/null
[2026-08-24 20:53:48] [OK] InceptionNet/Cifar100/PGD/ALL
[2026-08-24 20:53:48] [OK] qsub output: Your job 6427789 ("adversarial_hpc_submit.pbs") has been submitted
[2026-08-24 20:53:48] [SUBMIT] InceptionNet/Cifar100/FGSM/ALL
[2026-08-24 20:53:48] [CMD] qsub -q all.q -l ngpus=1 -v MODEL="InceptionNet",DATASET="Cifar100",ATTACK="FGSM",KIND="ALL",PHASE="generate",OUTPUT_DIR="adversarial_results_ep100_pre300" adversarial_hpc_submit.pbs </dev/null
[2026-08-24 20:54:02] [OK] InceptionNet/Cifar100/PGD/ALL
[2026-08-24 20:54:02] [OK] qsub output: Your job 6427795 ("adversarial_hpc_submit.pbs") has been submitted
[2026-08-24 20:54:02] [SUBMIT] InceptionNet/Cifar100/FGSM/ALL
[2026-08-24 20:54:02] [CMD] qsub -q all.q -l ngpus=1 -v MODEL="InceptionNet",DATASET="Cifar100",ATTACK="FGSM",KIND="ALL",PHASE="generate",OUTPUT_DIR="adversarial_results_ep200_pre200" adversarial_hpc_submit.pbs </dev/null
[2026-08-24 20:54:19] [OK] InceptionNet/Cifar100/FGSM/ALL
[2026-08-24 20:54:19] [OK] qsub output: Your job 6427802 ("adversarial_hpc_submit.pbs") has been submitted
[2026-08-24 20:54:20] [SUBMIT] InceptionNet/Cifar100/IFGSM/ALL
[2026-08-24 20:54:20] [CMD] qsub -q all.q -l ngpus=1 -v MODEL="InceptionNet",DATASET="Cifar100",ATTACK="IFGSM",KIND="ALL",PHASE="generate",OUTPUT_DIR="adversarial_results_ep300_pre100" adversarial_hpc_submit.pbs </dev/null
[2026-08-24 20:54:34] [OK] InceptionNet/Cifar100/FGSM/ALL
[2026-08-24 20:54:34] [OK] qsub output: Your job 6427806 ("adversarial_hpc_submit.pbs") has been submitted
[2026-08-24 20:54:34] [SUBMIT] InceptionNet/Cifar100/IFGSM/ALL
[2026-08-24 20:54:34] [CMD] qsub -q all.q -l ngpus=1 -v MODEL="InceptionNet",DATASET="Cifar100",ATTACK="IFGSM",KIND="ALL",PHASE="generate",OUTPUT_DIR="adversarial_results_ep100_pre300" adversarial_hpc_submit.pbs </dev/null
[2026-08-24 20:54:47] [OK] InceptionNet/Cifar100/FGSM/ALL
[2026-08-24 20:54:47] [OK] qsub output: Your job 6427811 ("adversarial_hpc_submit.pbs") has been submitted
[2026-08-24 20:54:47] [SUBMIT] InceptionNet/Cifar100/IFGSM/ALL
[2026-08-24 20:54:47] [CMD] qsub -q all.q -l ngpus=1 -v MODEL="InceptionNet",DATASET="Cifar100",ATTACK="IFGSM",KIND="ALL",PHASE="generate",OUTPUT_DIR="adversarial_results_ep200_pre200" adversarial_hpc_submit.pbs </dev/null
[2026-08-24 20:55:06] [OK] InceptionNet/Cifar100/IFGSM/ALL
[2026-08-24 20:55:06] [OK] qsub output: Your job 6427818 ("adversarial_hpc_submit.pbs") has been submitted
[2026-08-24 20:55:06] [SUBMIT] InceptionNet/Cifar100/BIM/ALL
[2026-08-24 20:55:06] [CMD] qsub -q all.q -l ngpus=1 -v MODEL="InceptionNet",DATASET="Cifar100",ATTACK="BIM",KIND="ALL",PHASE="generate",OUTPUT_DIR="adversarial_results_ep300_pre100" adversarial_hpc_submit.pbs </dev/null
[2026-08-24 20:55:11] [OK] InceptionNet/Cifar100/IFGSM/ALL
[2026-08-24 20:55:11] [OK] qsub output: Your job 6427821 ("adversarial_hpc_submit.pbs") has been submitted
[2026-08-24 20:55:11] [SUBMIT] InceptionNet/Cifar100/BIM/ALL
[2026-08-24 20:55:12] [CMD] qsub -q all.q -l ngpus=1 -v MODEL="InceptionNet",DATASET="Cifar100",ATTACK="BIM",KIND="ALL",PHASE="generate",OUTPUT_DIR="adversarial_results_ep100_pre300" adversarial_hpc_submit.pbs </dev/null
[2026-08-24 20:55:25] [OK] InceptionNet/Cifar100/IFGSM/ALL
[2026-08-24 20:55:25] [OK] qsub output: Your job 6427825 ("adversarial_hpc_submit.pbs") has been submitted
[2026-08-24 20:55:25] [SUBMIT] InceptionNet/Cifar100/BIM/ALL
[2026-08-24 20:55:25] [CMD] qsub -q all.q -l ngpus=1 -v MODEL="InceptionNet",DATASET="Cifar100",ATTACK="BIM",KIND="ALL",PHASE="generate",OUTPUT_DIR="adversarial_results_ep200_pre200" adversarial_hpc_submit.pbs </dev/null
[2026-08-24 20:55:39] [OK] InceptionNet/Cifar100/BIM/ALL
[2026-08-24 20:55:39] [OK] qsub output: Your job 6427833 ("adversarial_hpc_submit.pbs") has been submitted
[2026-08-24 20:55:40] [SUBMIT] InceptionNet/Cifar100/APGD/ALL
[2026-08-24 20:55:40] [CMD] qsub -q all.q -l ngpus=1 -v MODEL="InceptionNet",DATASET="Cifar100",ATTACK="APGD",KIND="ALL",PHASE="generate",OUTPUT_DIR="adversarial_results_ep300_pre100" adversarial_hpc_submit.pbs </dev/null
[2026-08-24 20:55:41] [OK] InceptionNet/Cifar100/BIM/ALL
[2026-08-24 20:55:41] [OK] qsub output: Your job 6427836 ("adversarial_hpc_submit.pbs") has been submitted
[2026-08-24 20:55:42] [SUBMIT] InceptionNet/Cifar100/APGD/ALL
[2026-08-24 20:55:42] [CMD] qsub -q all.q -l ngpus=1 -v MODEL="InceptionNet",DATASET="Cifar100",ATTACK="APGD",KIND="ALL",PHASE="generate",OUTPUT_DIR="adversarial_results_ep100_pre300" adversarial_hpc_submit.pbs </dev/null
[2026-08-24 20:56:04] [OK] InceptionNet/Cifar100/BIM/ALL
[2026-08-24 20:56:04] [OK] qsub output: Your job 6427840 ("adversarial_hpc_submit.pbs") has been submitted
[2026-08-24 20:56:04] [SUBMIT] InceptionNet/Cifar100/APGD/ALL
[2026-08-24 20:56:04] [CMD] qsub -q all.q -l ngpus=1 -v MODEL="InceptionNet",DATASET="Cifar100",ATTACK="APGD",KIND="ALL",PHASE="generate",OUTPUT_DIR="adversarial_results_ep200_pre200" adversarial_hpc_submit.pbs </dev/null
[2026-08-24 20:56:34] [OK] InceptionNet/Cifar100/APGD/ALL
[2026-08-24 20:56:34] [OK] qsub output: Your job 6427849 ("adversarial_hpc_submit.pbs") has been submitted
[2026-08-24 20:56:34] [SUBMIT] InceptionNet/Cifar100/CW/ALL
[2026-08-24 20:56:34] [CMD] qsub -q all.q -l ngpus=1 -v MODEL="InceptionNet",DATASET="Cifar100",ATTACK="CW",KIND="ALL",PHASE="generate",OUTPUT_DIR="adversarial_results_ep300_pre100" adversarial_hpc_submit.pbs </dev/null
[2026-08-24 20:56:36] [OK] InceptionNet/Cifar100/APGD/ALL
[2026-08-24 20:56:36] [OK] qsub output: Your job 6427850 ("adversarial_hpc_submit.pbs") has been submitted
[2026-08-24 20:56:36] [SUBMIT] InceptionNet/Cifar100/CW/ALL
[2026-08-24 20:56:36] [CMD] qsub -q all.q -l ngpus=1 -v MODEL="InceptionNet",DATASET="Cifar100",ATTACK="CW",KIND="ALL",PHASE="generate",OUTPUT_DIR="adversarial_results_ep100_pre300" adversarial_hpc_submit.pbs </dev/null
[2026-08-24 20:56:50] [OK] InceptionNet/Cifar100/APGD/ALL
[2026-08-24 20:56:50] [OK] qsub output: Your job 6427855 ("adversarial_hpc_submit.pbs") has been submitted
[2026-08-24 20:56:51] [SUBMIT] InceptionNet/Cifar100/CW/ALL
[2026-08-24 20:56:51] [CMD] qsub -q all.q -l ngpus=1 -v MODEL="InceptionNet",DATASET="Cifar100",ATTACK="CW",KIND="ALL",PHASE="generate",OUTPUT_DIR="adversarial_results_ep200_pre200" adversarial_hpc_submit.pbs </dev/null
[2026-08-24 20:57:11] [OK] InceptionNet/Cifar100/CW/ALL
[2026-08-24 20:57:11] [OK] qsub output: Your job 6427866 ("adversarial_hpc_submit.pbs") has been submitted
[2026-08-24 20:57:11] [SUBMIT] InceptionNet/Cifar100/DeepFool/ALL
[2026-08-24 20:57:11] [CMD] qsub -q all.q -l ngpus=1 -v MODEL="InceptionNet",DATASET="Cifar100",ATTACK="DeepFool",KIND="ALL",PHASE="generate",OUTPUT_DIR="adversarial_results_ep100_pre300" adversarial_hpc_submit.pbs </dev/null
[2026-08-24 20:57:14] [OK] InceptionNet/Cifar100/CW/ALL
[2026-08-24 20:57:14] [OK] qsub output: Your job 6427865 ("adversarial_hpc_submit.pbs") has been submitted
[2026-08-24 20:57:15] [SUBMIT] InceptionNet/Cifar100/DeepFool/ALL
[2026-08-24 20:57:15] [CMD] qsub -q all.q -l ngpus=1 -v MODEL="InceptionNet",DATASET="Cifar100",ATTACK="DeepFool",KIND="ALL",PHASE="generate",OUTPUT_DIR="adversarial_results_ep300_pre100" adversarial_hpc_submit.pbs </dev/null
[2026-08-24 20:57:27] [OK] InceptionNet/Cifar100/CW/ALL
[2026-08-24 20:57:27] [OK] qsub output: Your job 6427872 ("adversarial_hpc_submit.pbs") has been submitted
[2026-08-24 20:57:27] [SUBMIT] InceptionNet/Cifar100/DeepFool/ALL
[2026-08-24 20:57:27] [CMD] qsub -q all.q -l ngpus=1 -v MODEL="InceptionNet",DATASET="Cifar100",ATTACK="DeepFool",KIND="ALL",PHASE="generate",OUTPUT_DIR="adversarial_results_ep200_pre200" adversarial_hpc_submit.pbs </dev/null
[2026-08-24 20:57:45] [OK] InceptionNet/Cifar100/DeepFool/ALL
[2026-08-24 20:57:45] [OK] qsub output: Your job 6427880 ("adversarial_hpc_submit.pbs") has been submitted
[2026-08-24 20:57:45] [SUBMIT] MobileNet/Cifar10/PGD/ALL
[2026-08-24 20:57:45] [CMD] qsub -q all.q -l ngpus=1 -v MODEL="MobileNet",DATASET="Cifar10",ATTACK="PGD",KIND="ALL",PHASE="generate",OUTPUT_DIR="adversarial_results_ep100_pre300" adversarial_hpc_submit.pbs </dev/null
[2026-08-24 20:57:52] [OK] InceptionNet/Cifar100/DeepFool/ALL
[2026-08-24 20:57:52] [OK] qsub output: Your job 6427881 ("adversarial_hpc_submit.pbs") has been submitted
[2026-08-24 20:57:52] [SUBMIT] MobileNet/Cifar10/PGD/ALL
[2026-08-24 20:57:52] [CMD] qsub -q all.q -l ngpus=1 -v MODEL="MobileNet",DATASET="Cifar10",ATTACK="PGD",KIND="ALL",PHASE="generate",OUTPUT_DIR="adversarial_results_ep300_pre100" adversarial_hpc_submit.pbs </dev/null
[2026-08-24 20:57:58] [OK] InceptionNet/Cifar100/DeepFool/ALL
[2026-08-24 20:57:58] [OK] qsub output: Your job 6427887 ("adversarial_hpc_submit.pbs") has been submitted
[2026-08-24 20:57:58] [SUBMIT] MobileNet/Cifar10/PGD/ALL
[2026-08-24 20:57:58] [CMD] qsub -q all.q -l ngpus=1 -v MODEL="MobileNet",DATASET="Cifar10",ATTACK="PGD",KIND="ALL",PHASE="generate",OUTPUT_DIR="adversarial_results_ep200_pre200" adversarial_hpc_submit.pbs </dev/null
[2026-08-24 20:58:18] [OK] MobileNet/Cifar10/PGD/ALL
[2026-08-24 20:58:18] [OK] qsub output: Your job 6427895 ("adversarial_hpc_submit.pbs") has been submitted
[2026-08-24 20:58:18] [SUBMIT] MobileNet/Cifar10/FGSM/ALL
[2026-08-24 20:58:18] [CMD] qsub -q all.q -l ngpus=1 -v MODEL="MobileNet",DATASET="Cifar10",ATTACK="FGSM",KIND="ALL",PHASE="generate",OUTPUT_DIR="adversarial_results_ep100_pre300" adversarial_hpc_submit.pbs </dev/null
[2026-08-24 20:58:25] [OK] MobileNet/Cifar10/PGD/ALL
[2026-08-24 20:58:25] [OK] qsub output: Your job 6427897 ("adversarial_hpc_submit.pbs") has been submitted
[2026-08-24 20:58:26] [SUBMIT] MobileNet/Cifar10/FGSM/ALL
[2026-08-24 20:58:26] [CMD] qsub -q all.q -l ngpus=1 -v MODEL="MobileNet",DATASET="Cifar10",ATTACK="FGSM",KIND="ALL",PHASE="generate",OUTPUT_DIR="adversarial_results_ep300_pre100" adversarial_hpc_submit.pbs </dev/null
[2026-08-24 20:58:42] [OK] MobileNet/Cifar10/PGD/ALL
[2026-08-24 20:58:42] [OK] qsub output: Your job 6427902 ("adversarial_hpc_submit.pbs") has been submitted
[2026-08-24 20:58:42] [SUBMIT] MobileNet/Cifar10/FGSM/ALL
[2026-08-24 20:58:42] [CMD] qsub -q all.q -l ngpus=1 -v MODEL="MobileNet",DATASET="Cifar10",ATTACK="FGSM",KIND="ALL",PHASE="generate",OUTPUT_DIR="adversarial_results_ep200_pre200" adversarial_hpc_submit.pbs </dev/null
[2026-08-24 20:59:07] [OK] MobileNet/Cifar10/FGSM/ALL
[2026-08-24 20:59:07] [OK] qsub output: Your job 6427910 ("adversarial_hpc_submit.pbs") has been submitted
[2026-08-24 20:59:07] [SUBMIT] MobileNet/Cifar10/IFGSM/ALL
[2026-08-24 20:59:07] [CMD] qsub -q all.q -l ngpus=1 -v MODEL="MobileNet",DATASET="Cifar10",ATTACK="IFGSM",KIND="ALL",PHASE="generate",OUTPUT_DIR="adversarial_results_ep100_pre300" adversarial_hpc_submit.pbs </dev/null
[2026-08-24 20:59:09] [OK] MobileNet/Cifar10/FGSM/ALL
[2026-08-24 20:59:09] [OK] qsub output: Your job 6427913 ("adversarial_hpc_submit.pbs") has been submitted
[2026-08-24 20:59:09] [SUBMIT] MobileNet/Cifar10/IFGSM/ALL
[2026-08-24 20:59:09] [CMD] qsub -q all.q -l ngpus=1 -v MODEL="MobileNet",DATASET="Cifar10",ATTACK="IFGSM",KIND="ALL",PHASE="generate",OUTPUT_DIR="adversarial_results_ep300_pre100" adversarial_hpc_submit.pbs </dev/null
[2026-08-24 20:59:22] [OK] MobileNet/Cifar10/FGSM/ALL
[2026-08-24 20:59:22] [OK] qsub output: Your job 6427918 ("adversarial_hpc_submit.pbs") has been submitted
[2026-08-24 20:59:23] [SUBMIT] MobileNet/Cifar10/IFGSM/ALL
[2026-08-24 20:59:23] [CMD] qsub -q all.q -l ngpus=1 -v MODEL="MobileNet",DATASET="Cifar10",ATTACK="IFGSM",KIND="ALL",PHASE="generate",OUTPUT_DIR="adversarial_results_ep200_pre200" adversarial_hpc_submit.pbs </dev/null
[2026-08-24 20:59:57] [OK] MobileNet/Cifar10/IFGSM/ALL
[2026-08-24 20:59:57] [OK] qsub output: Your job 6427929 ("adversarial_hpc_submit.pbs") has been submitted
[2026-08-24 20:59:57] [OK] MobileNet/Cifar10/IFGSM/ALL
[2026-08-24 20:59:57] [SUBMIT] MobileNet/Cifar10/BIM/ALL
[2026-08-24 20:59:57] [OK] qsub output: Your job 6427928 ("adversarial_hpc_submit.pbs") has been submitted
[2026-08-24 20:59:57] [CMD] qsub -q all.q -l ngpus=1 -v MODEL="MobileNet",DATASET="Cifar10",ATTACK="BIM",KIND="ALL",PHASE="generate",OUTPUT_DIR="adversarial_results_ep300_pre100" adversarial_hpc_submit.pbs </dev/null
[2026-08-24 20:59:58] [SUBMIT] MobileNet/Cifar10/BIM/ALL
[2026-08-24 20:59:58] [CMD] qsub -q all.q -l ngpus=1 -v MODEL="MobileNet",DATASET="Cifar10",ATTACK="BIM",KIND="ALL",PHASE="generate",OUTPUT_DIR="adversarial_results_ep100_pre300" adversarial_hpc_submit.pbs </dev/null
[2026-08-24 21:00:13] [OK] MobileNet/Cifar10/IFGSM/ALL
[2026-08-24 21:00:13] [OK] qsub output: Your job 6427934 ("adversarial_hpc_submit.pbs") has been submitted
[2026-08-24 21:00:13] [SUBMIT] MobileNet/Cifar10/BIM/ALL
[2026-08-24 21:00:13] [CMD] qsub -q all.q -l ngpus=1 -v MODEL="MobileNet",DATASET="Cifar10",ATTACK="BIM",KIND="ALL",PHASE="generate",OUTPUT_DIR="adversarial_results_ep200_pre200" adversarial_hpc_submit.pbs </dev/null
[2026-08-24 21:00:54] [OK] MobileNet/Cifar10/BIM/ALL
[2026-08-24 21:00:54] [OK] qsub output: Your job 6427947 ("adversarial_hpc_submit.pbs") has been submitted
[2026-08-24 21:00:55] [SUBMIT] MobileNet/Cifar10/APGD/ALL
[2026-08-24 21:00:55] [CMD] qsub -q all.q -l ngpus=1 -v MODEL="MobileNet",DATASET="Cifar10",ATTACK="APGD",KIND="ALL",PHASE="generate",OUTPUT_DIR="adversarial_results_ep100_pre300" adversarial_hpc_submit.pbs </dev/null
[2026-08-24 21:00:56] [OK] MobileNet/Cifar10/BIM/ALL
[2026-08-24 21:00:56] [OK] qsub output: Your job 6427946 ("adversarial_hpc_submit.pbs") has been submitted
[2026-08-24 21:00:56] [SUBMIT] MobileNet/Cifar10/APGD/ALL
[2026-08-24 21:00:56] [CMD] qsub -q all.q -l ngpus=1 -v MODEL="MobileNet",DATASET="Cifar10",ATTACK="APGD",KIND="ALL",PHASE="generate",OUTPUT_DIR="adversarial_results_ep300_pre100" adversarial_hpc_submit.pbs </dev/null
[2026-08-24 21:01:02] [OK] MobileNet/Cifar10/BIM/ALL
[2026-08-24 21:01:02] [OK] qsub output: Your job 6427951 ("adversarial_hpc_submit.pbs") has been submitted
[2026-08-24 21:01:02] [SUBMIT] MobileNet/Cifar10/APGD/ALL
[2026-08-24 21:01:02] [CMD] qsub -q all.q -l ngpus=1 -v MODEL="MobileNet",DATASET="Cifar10",ATTACK="APGD",KIND="ALL",PHASE="generate",OUTPUT_DIR="adversarial_results_ep200_pre200" adversarial_hpc_submit.pbs </dev/null
[2026-08-24 21:01:40] [OK] MobileNet/Cifar10/APGD/ALL
[2026-08-24 21:01:40] [OK] qsub output: Your job 6427962 ("adversarial_hpc_submit.pbs") has been submitted
[2026-08-24 21:01:40] [SUBMIT] MobileNet/Cifar10/CW/ALL
[2026-08-24 21:01:40] [CMD] qsub -q all.q -l ngpus=1 -v MODEL="MobileNet",DATASET="Cifar10",ATTACK="CW",KIND="ALL",PHASE="generate",OUTPUT_DIR="adversarial_results_ep100_pre300" adversarial_hpc_submit.pbs </dev/null
[2026-08-24 21:01:47] [OK] MobileNet/Cifar10/APGD/ALL
[2026-08-24 21:01:47] [OK] qsub output: Your job 6427965 ("adversarial_hpc_submit.pbs") has been submitted
[2026-08-24 21:01:47] [SUBMIT] MobileNet/Cifar10/CW/ALL
[2026-08-24 21:01:47] [CMD] qsub -q all.q -l ngpus=1 -v MODEL="MobileNet",DATASET="Cifar10",ATTACK="CW",KIND="ALL",PHASE="generate",OUTPUT_DIR="adversarial_results_ep300_pre100" adversarial_hpc_submit.pbs </dev/null
[2026-08-24 21:01:52] [OK] MobileNet/Cifar10/APGD/ALL
[2026-08-24 21:01:52] [OK] qsub output: Your job 6427968 ("adversarial_hpc_submit.pbs") has been submitted
[2026-08-24 21:01:52] [SUBMIT] MobileNet/Cifar10/CW/ALL
[2026-08-24 21:01:52] [CMD] qsub -q all.q -l ngpus=1 -v MODEL="MobileNet",DATASET="Cifar10",ATTACK="CW",KIND="ALL",PHASE="generate",OUTPUT_DIR="adversarial_results_ep200_pre200" adversarial_hpc_submit.pbs </dev/null
[2026-08-24 21:02:27] [OK] MobileNet/Cifar10/CW/ALL
[2026-08-24 21:02:28] [OK] qsub output: Your job 6427980 ("adversarial_hpc_submit.pbs") has been submitted
[2026-08-24 21:02:28] [SUBMIT] MobileNet/Cifar10/DeepFool/ALL
[2026-08-24 21:02:28] [CMD] qsub -q all.q -l ngpus=1 -v MODEL="MobileNet",DATASET="Cifar10",ATTACK="DeepFool",KIND="ALL",PHASE="generate",OUTPUT_DIR="adversarial_results_ep100_pre300" adversarial_hpc_submit.pbs </dev/null
[2026-08-24 21:02:32] [OK] MobileNet/Cifar10/CW/ALL
[2026-08-24 21:02:32] [OK] qsub output: Your job 6427983 ("adversarial_hpc_submit.pbs") has been submitted
[2026-08-24 21:02:33] [SUBMIT] MobileNet/Cifar10/DeepFool/ALL
[2026-08-24 21:02:33] [CMD] qsub -q all.q -l ngpus=1 -v MODEL="MobileNet",DATASET="Cifar10",ATTACK="DeepFool",KIND="ALL",PHASE="generate",OUTPUT_DIR="adversarial_results_ep300_pre100" adversarial_hpc_submit.pbs </dev/null
[2026-08-24 21:02:41] [OK] MobileNet/Cifar10/CW/ALL
[2026-08-24 21:02:41] [OK] qsub output: Your job 6427986 ("adversarial_hpc_submit.pbs") has been submitted
[2026-08-24 21:02:41] [SUBMIT] MobileNet/Cifar10/DeepFool/ALL
[2026-08-24 21:02:41] [CMD] qsub -q all.q -l ngpus=1 -v MODEL="MobileNet",DATASET="Cifar10",ATTACK="DeepFool",KIND="ALL",PHASE="generate",OUTPUT_DIR="adversarial_results_ep200_pre200" adversarial_hpc_submit.pbs </dev/null
[2026-08-24 21:03:13] [OK] MobileNet/Cifar10/DeepFool/ALL
[2026-08-24 21:03:13] [OK] qsub output: Your job 6427997 ("adversarial_hpc_submit.pbs") has been submitted
[2026-08-24 21:03:13] [SUBMIT] MobileNet/Cifar100/PGD/ALL
[2026-08-24 21:03:13] [CMD] qsub -q all.q -l ngpus=1 -v MODEL="MobileNet",DATASET="Cifar100",ATTACK="PGD",KIND="ALL",PHASE="generate",OUTPUT_DIR="adversarial_results_ep100_pre300" adversarial_hpc_submit.pbs </dev/null
[2026-08-24 21:03:15] [OK] MobileNet/Cifar10/DeepFool/ALL
[2026-08-24 21:03:15] [OK] qsub output: Your job 6427999 ("adversarial_hpc_submit.pbs") has been submitted
[2026-08-24 21:03:15] [SUBMIT] MobileNet/Cifar100/PGD/ALL
[2026-08-24 21:03:15] [CMD] qsub -q all.q -l ngpus=1 -v MODEL="MobileNet",DATASET="Cifar100",ATTACK="PGD",KIND="ALL",PHASE="generate",OUTPUT_DIR="adversarial_results_ep300_pre100" adversarial_hpc_submit.pbs </dev/null
[2026-08-24 21:03:23] [OK] MobileNet/Cifar10/DeepFool/ALL
[2026-08-24 21:03:23] [OK] qsub output: Your job 6428002 ("adversarial_hpc_submit.pbs") has been submitted
[2026-08-24 21:03:23] [SUBMIT] MobileNet/Cifar100/PGD/ALL
[2026-08-24 21:03:23] [CMD] qsub -q all.q -l ngpus=1 -v MODEL="MobileNet",DATASET="Cifar100",ATTACK="PGD",KIND="ALL",PHASE="generate",OUTPUT_DIR="adversarial_results_ep200_pre200" adversarial_hpc_submit.pbs </dev/null
[2026-08-24 21:03:55] [OK] MobileNet/Cifar100/PGD/ALL
[2026-08-24 21:03:55] [OK] qsub output: Your job 6428012 ("adversarial_hpc_submit.pbs") has been submitted
[2026-08-24 21:03:55] [SUBMIT] MobileNet/Cifar100/FGSM/ALL
[2026-08-24 21:03:55] [CMD] qsub -q all.q -l ngpus=1 -v MODEL="MobileNet",DATASET="Cifar100",ATTACK="FGSM",KIND="ALL",PHASE="generate",OUTPUT_DIR="adversarial_results_ep100_pre300" adversarial_hpc_submit.pbs </dev/null
[2026-08-24 21:04:04] [OK] MobileNet/Cifar100/PGD/ALL
[2026-08-24 21:04:04] [OK] qsub output: Your job 6428014 ("adversarial_hpc_submit.pbs") has been submitted
[2026-08-24 21:04:04] [SUBMIT] MobileNet/Cifar100/FGSM/ALL
[2026-08-24 21:04:04] [CMD] qsub -q all.q -l ngpus=1 -v MODEL="MobileNet",DATASET="Cifar100",ATTACK="FGSM",KIND="ALL",PHASE="generate",OUTPUT_DIR="adversarial_results_ep300_pre100" adversarial_hpc_submit.pbs </dev/null
[2026-08-24 21:04:06] [OK] MobileNet/Cifar100/PGD/ALL
[2026-08-24 21:04:06] [OK] qsub output: Your job 6428016 ("adversarial_hpc_submit.pbs") has been submitted
[2026-08-24 21:04:07] [SUBMIT] MobileNet/Cifar100/FGSM/ALL
[2026-08-24 21:04:07] [CMD] qsub -q all.q -l ngpus=1 -v MODEL="MobileNet",DATASET="Cifar100",ATTACK="FGSM",KIND="ALL",PHASE="generate",OUTPUT_DIR="adversarial_results_ep200_pre200" adversarial_hpc_submit.pbs </dev/null
[2026-08-24 21:04:41] [OK] MobileNet/Cifar100/FGSM/ALL
[2026-08-24 21:04:41] [OK] qsub output: Your job 6428028 ("adversarial_hpc_submit.pbs") has been submitted
[2026-08-24 21:04:41] [SUBMIT] MobileNet/Cifar100/IFGSM/ALL
[2026-08-24 21:04:41] [CMD] qsub -q all.q -l ngpus=1 -v MODEL="MobileNet",DATASET="Cifar100",ATTACK="IFGSM",KIND="ALL",PHASE="generate",OUTPUT_DIR="adversarial_results_ep100_pre300" adversarial_hpc_submit.pbs </dev/null
[2026-08-24 21:04:45] [OK] MobileNet/Cifar100/FGSM/ALL
[2026-08-24 21:04:45] [OK] qsub output: Your job 6428031 ("adversarial_hpc_submit.pbs") has been submitted
[2026-08-24 21:04:45] [SUBMIT] MobileNet/Cifar100/IFGSM/ALL
[2026-08-24 21:04:45] [CMD] qsub -q all.q -l ngpus=1 -v MODEL="MobileNet",DATASET="Cifar100",ATTACK="IFGSM",KIND="ALL",PHASE="generate",OUTPUT_DIR="adversarial_results_ep300_pre100" adversarial_hpc_submit.pbs </dev/null
[2026-08-24 21:04:49] [OK] MobileNet/Cifar100/FGSM/ALL
[2026-08-24 21:04:49] [OK] qsub output: Your job 6428032 ("adversarial_hpc_submit.pbs") has been submitted
[2026-08-24 21:04:49] [SUBMIT] MobileNet/Cifar100/IFGSM/ALL
[2026-08-24 21:04:49] [CMD] qsub -q all.q -l ngpus=1 -v MODEL="MobileNet",DATASET="Cifar100",ATTACK="IFGSM",KIND="ALL",PHASE="generate",OUTPUT_DIR="adversarial_results_ep200_pre200" adversarial_hpc_submit.pbs </dev/null
[2026-08-24 21:05:18] [OK] MobileNet/Cifar100/IFGSM/ALL
[2026-08-24 21:05:18] [OK] qsub output: Your job 6428044 ("adversarial_hpc_submit.pbs") has been submitted
[2026-08-24 21:05:18] [SUBMIT] MobileNet/Cifar100/BIM/ALL
[2026-08-24 21:05:18] [CMD] qsub -q all.q -l ngpus=1 -v MODEL="MobileNet",DATASET="Cifar100",ATTACK="BIM",KIND="ALL",PHASE="generate",OUTPUT_DIR="adversarial_results_ep100_pre300" adversarial_hpc_submit.pbs </dev/null
[2026-08-24 21:05:26] [OK] MobileNet/Cifar100/IFGSM/ALL
[2026-08-24 21:05:26] [OK] qsub output: Your job 6428047 ("adversarial_hpc_submit.pbs") has been submitted
[2026-08-24 21:05:26] [SUBMIT] MobileNet/Cifar100/BIM/ALL
[2026-08-24 21:05:26] [CMD] qsub -q all.q -l ngpus=1 -v MODEL="MobileNet",DATASET="Cifar100",ATTACK="BIM",KIND="ALL",PHASE="generate",OUTPUT_DIR="adversarial_results_ep300_pre100" adversarial_hpc_submit.pbs </dev/null
[2026-08-24 21:05:40] [OK] MobileNet/Cifar100/IFGSM/ALL
[2026-08-24 21:05:40] [OK] qsub output: Your job 6428050 ("adversarial_hpc_submit.pbs") has been submitted
[2026-08-24 21:05:40] [SUBMIT] MobileNet/Cifar100/BIM/ALL
[2026-08-24 21:05:40] [CMD] qsub -q all.q -l ngpus=1 -v MODEL="MobileNet",DATASET="Cifar100",ATTACK="BIM",KIND="ALL",PHASE="generate",OUTPUT_DIR="adversarial_results_ep200_pre200" adversarial_hpc_submit.pbs </dev/null
[2026-08-24 21:06:03] [OK] MobileNet/Cifar100/BIM/ALL
[2026-08-24 21:06:03] [OK] qsub output: Your job 6428059 ("adversarial_hpc_submit.pbs") has been submitted
[2026-08-24 21:06:03] [SUBMIT] MobileNet/Cifar100/APGD/ALL
[2026-08-24 21:06:03] [CMD] qsub -q all.q -l ngpus=1 -v MODEL="MobileNet",DATASET="Cifar100",ATTACK="APGD",KIND="ALL",PHASE="generate",OUTPUT_DIR="adversarial_results_ep100_pre300" adversarial_hpc_submit.pbs </dev/null
[2026-08-24 21:06:15] [OK] MobileNet/Cifar100/BIM/ALL
[2026-08-24 21:06:15] [OK] qsub output: Your job 6428062 ("adversarial_hpc_submit.pbs") has been submitted
[2026-08-24 21:06:15] [SUBMIT] MobileNet/Cifar100/APGD/ALL
[2026-08-24 21:06:15] [CMD] qsub -q all.q -l ngpus=1 -v MODEL="MobileNet",DATASET="Cifar100",ATTACK="APGD",KIND="ALL",PHASE="generate",OUTPUT_DIR="adversarial_results_ep300_pre100" adversarial_hpc_submit.pbs </dev/null
[2026-08-24 21:06:24] [OK] MobileNet/Cifar100/BIM/ALL
[2026-08-24 21:06:24] [OK] qsub output: Your job 6428066 ("adversarial_hpc_submit.pbs") has been submitted
[2026-08-24 21:06:24] [SUBMIT] MobileNet/Cifar100/APGD/ALL
[2026-08-24 21:06:24] [CMD] qsub -q all.q -l ngpus=1 -v MODEL="MobileNet",DATASET="Cifar100",ATTACK="APGD",KIND="ALL",PHASE="generate",OUTPUT_DIR="adversarial_results_ep200_pre200" adversarial_hpc_submit.pbs </dev/null
[2026-08-24 21:06:45] [OK] MobileNet/Cifar100/APGD/ALL
[2026-08-24 21:06:45] [OK] qsub output: Your job 6428078 ("adversarial_hpc_submit.pbs") has been submitted
[2026-08-24 21:06:45] [SUBMIT] MobileNet/Cifar100/CW/ALL
[2026-08-24 21:06:45] [CMD] qsub -q all.q -l ngpus=1 -v MODEL="MobileNet",DATASET="Cifar100",ATTACK="CW",KIND="ALL",PHASE="generate",OUTPUT_DIR="adversarial_results_ep300_pre100" adversarial_hpc_submit.pbs </dev/null
[2026-08-24 21:06:46] [OK] MobileNet/Cifar100/APGD/ALL
[2026-08-24 21:06:46] [OK] qsub output: Your job 6428075 ("adversarial_hpc_submit.pbs") has been submitted
[2026-08-24 21:06:46] [SUBMIT] MobileNet/Cifar100/CW/ALL
[2026-08-24 21:06:46] [CMD] qsub -q all.q -l ngpus=1 -v MODEL="MobileNet",DATASET="Cifar100",ATTACK="CW",KIND="ALL",PHASE="generate",OUTPUT_DIR="adversarial_results_ep100_pre300" adversarial_hpc_submit.pbs </dev/null
[2026-08-24 21:07:02] [OK] MobileNet/Cifar100/APGD/ALL
[2026-08-24 21:07:02] [OK] qsub output: Your job 6428082 ("adversarial_hpc_submit.pbs") has been submitted
[2026-08-24 21:07:02] [SUBMIT] MobileNet/Cifar100/CW/ALL
[2026-08-24 21:07:02] [CMD] qsub -q all.q -l ngpus=1 -v MODEL="MobileNet",DATASET="Cifar100",ATTACK="CW",KIND="ALL",PHASE="generate",OUTPUT_DIR="adversarial_results_ep200_pre200" adversarial_hpc_submit.pbs </dev/null
[2026-08-24 21:07:41] [OK] MobileNet/Cifar100/CW/ALL
[2026-08-24 21:07:41] [OK] qsub output: Your job 6428093 ("adversarial_hpc_submit.pbs") has been submitted
[2026-08-24 21:07:41] [SUBMIT] MobileNet/Cifar100/DeepFool/ALL
[2026-08-24 21:07:41] [CMD] qsub -q all.q -l ngpus=1 -v MODEL="MobileNet",DATASET="Cifar100",ATTACK="DeepFool",KIND="ALL",PHASE="generate",OUTPUT_DIR="adversarial_results_ep300_pre100" adversarial_hpc_submit.pbs </dev/null
[2026-08-24 21:07:45] [OK] MobileNet/Cifar100/CW/ALL
[2026-08-24 21:07:45] [OK] qsub output: Your job 6428094 ("adversarial_hpc_submit.pbs") has been submitted
[2026-08-24 21:07:45] [SUBMIT] MobileNet/Cifar100/DeepFool/ALL
[2026-08-24 21:07:45] [CMD] qsub -q all.q -l ngpus=1 -v MODEL="MobileNet",DATASET="Cifar100",ATTACK="DeepFool",KIND="ALL",PHASE="generate",OUTPUT_DIR="adversarial_results_ep100_pre300" adversarial_hpc_submit.pbs </dev/null
[2026-08-24 21:07:49] [OK] MobileNet/Cifar100/CW/ALL
[2026-08-24 21:07:49] [OK] qsub output: Your job 6428098 ("adversarial_hpc_submit.pbs") has been submitted
[2026-08-24 21:07:49] [SUBMIT] MobileNet/Cifar100/DeepFool/ALL
[2026-08-24 21:07:49] [CMD] qsub -q all.q -l ngpus=1 -v MODEL="MobileNet",DATASET="Cifar100",ATTACK="DeepFool",KIND="ALL",PHASE="generate",OUTPUT_DIR="adversarial_results_ep200_pre200" adversarial_hpc_submit.pbs </dev/null
[2026-08-24 21:08:18] [OK] MobileNet/Cifar100/DeepFool/ALL
[2026-08-24 21:08:18] [OK] qsub output: Your job 6428110 ("adversarial_hpc_submit.pbs") has been submitted
[2026-08-24 21:08:18] [SUBMIT] XceptionNet/Cifar10/PGD/ALL
[2026-08-24 21:08:18] [CMD] qsub -q all.q -l ngpus=1 -v MODEL="XceptionNet",DATASET="Cifar10",ATTACK="PGD",KIND="ALL",PHASE="generate",OUTPUT_DIR="adversarial_results_ep100_pre300" adversarial_hpc_submit.pbs </dev/null
[2026-08-24 21:08:24] [OK] MobileNet/Cifar100/DeepFool/ALL
[2026-08-24 21:08:24] [OK] qsub output: Your job 6428109 ("adversarial_hpc_submit.pbs") has been submitted
[2026-08-24 21:08:24] [SUBMIT] XceptionNet/Cifar10/PGD/ALL
[2026-08-24 21:08:24] [CMD] qsub -q all.q -l ngpus=1 -v MODEL="XceptionNet",DATASET="Cifar10",ATTACK="PGD",KIND="ALL",PHASE="generate",OUTPUT_DIR="adversarial_results_ep300_pre100" adversarial_hpc_submit.pbs </dev/null
[2026-08-24 21:08:29] [OK] MobileNet/Cifar100/DeepFool/ALL
[2026-08-24 21:08:29] [OK] qsub output: Your job 6428113 ("adversarial_hpc_submit.pbs") has been submitted
[2026-08-24 21:08:29] [SUBMIT] XceptionNet/Cifar10/PGD/ALL
[2026-08-24 21:08:29] [CMD] qsub -q all.q -l ngpus=1 -v MODEL="XceptionNet",DATASET="Cifar10",ATTACK="PGD",KIND="ALL",PHASE="generate",OUTPUT_DIR="adversarial_results_ep200_pre200" adversarial_hpc_submit.pbs </dev/null
[2026-08-24 21:09:07] [OK] XceptionNet/Cifar10/PGD/ALL
[2026-08-24 21:09:07] [OK] qsub output: Your job 6428125 ("adversarial_hpc_submit.pbs") has been submitted
[2026-08-24 21:09:07] [SUBMIT] XceptionNet/Cifar10/FGSM/ALL
[2026-08-24 21:09:07] [CMD] qsub -q all.q -l ngpus=1 -v MODEL="XceptionNet",DATASET="Cifar10",ATTACK="FGSM",KIND="ALL",PHASE="generate",OUTPUT_DIR="adversarial_results_ep300_pre100" adversarial_hpc_submit.pbs </dev/null
[2026-08-24 21:09:07] [OK] XceptionNet/Cifar10/PGD/ALL
[2026-08-24 21:09:07] [OK] qsub output: Your job 6428124 ("adversarial_hpc_submit.pbs") has been submitted
[2026-08-24 21:09:07] [SUBMIT] XceptionNet/Cifar10/FGSM/ALL
[2026-08-24 21:09:07] [CMD] qsub -q all.q -l ngpus=1 -v MODEL="XceptionNet",DATASET="Cifar10",ATTACK="FGSM",KIND="ALL",PHASE="generate",OUTPUT_DIR="adversarial_results_ep100_pre300" adversarial_hpc_submit.pbs </dev/null
[2026-08-24 21:09:10] [OK] XceptionNet/Cifar10/PGD/ALL
[2026-08-24 21:09:11] [OK] qsub output: Your job 6428127 ("adversarial_hpc_submit.pbs") has been submitted
[2026-08-24 21:09:11] [SUBMIT] XceptionNet/Cifar10/FGSM/ALL
[2026-08-24 21:09:11] [CMD] qsub -q all.q -l ngpus=1 -v MODEL="XceptionNet",DATASET="Cifar10",ATTACK="FGSM",KIND="ALL",PHASE="generate",OUTPUT_DIR="adversarial_results_ep200_pre200" adversarial_hpc_submit.pbs </dev/null
[2026-08-24 21:09:39] [OK] XceptionNet/Cifar10/FGSM/ALL
[2026-08-24 21:09:39] [OK] qsub output: Your job 6428139 ("adversarial_hpc_submit.pbs") has been submitted
[2026-08-24 21:09:39] [SUBMIT] XceptionNet/Cifar10/IFGSM/ALL
[2026-08-24 21:09:39] [CMD] qsub -q all.q -l ngpus=1 -v MODEL="XceptionNet",DATASET="Cifar10",ATTACK="IFGSM",KIND="ALL",PHASE="generate",OUTPUT_DIR="adversarial_results_ep300_pre100" adversarial_hpc_submit.pbs </dev/null
[2026-08-24 21:09:45] [OK] XceptionNet/Cifar10/FGSM/ALL
[2026-08-24 21:09:45] [OK] qsub output: Your job 6428140 ("adversarial_hpc_submit.pbs") has been submitted
[2026-08-24 21:09:46] [SUBMIT] XceptionNet/Cifar10/IFGSM/ALL
[2026-08-24 21:09:46] [CMD] qsub -q all.q -l ngpus=1 -v MODEL="XceptionNet",DATASET="Cifar10",ATTACK="IFGSM",KIND="ALL",PHASE="generate",OUTPUT_DIR="adversarial_results_ep100_pre300" adversarial_hpc_submit.pbs </dev/null
[2026-08-24 21:09:48] [OK] XceptionNet/Cifar10/FGSM/ALL
[2026-08-24 21:09:48] [OK] qsub output: Your job 6428141 ("adversarial_hpc_submit.pbs") has been submitted
[2026-08-24 21:09:48] [SUBMIT] XceptionNet/Cifar10/IFGSM/ALL
[2026-08-24 21:09:48] [CMD] qsub -q all.q -l ngpus=1 -v MODEL="XceptionNet",DATASET="Cifar10",ATTACK="IFGSM",KIND="ALL",PHASE="generate",OUTPUT_DIR="adversarial_results_ep200_pre200" adversarial_hpc_submit.pbs </dev/null
[2026-08-24 21:10:32] [OK] XceptionNet/Cifar10/IFGSM/ALL
[2026-08-24 21:10:32] [OK] qsub output: Your job 6428155 ("adversarial_hpc_submit.pbs") has been submitted
[2026-08-24 21:10:32] [SUBMIT] XceptionNet/Cifar10/BIM/ALL
[2026-08-24 21:10:32] [CMD] qsub -q all.q -l ngpus=1 -v MODEL="XceptionNet",DATASET="Cifar10",ATTACK="BIM",KIND="ALL",PHASE="generate",OUTPUT_DIR="adversarial_results_ep100_pre300" adversarial_hpc_submit.pbs </dev/null
[2026-08-24 21:10:34] [OK] XceptionNet/Cifar10/IFGSM/ALL
[2026-08-24 21:10:34] [OK] qsub output: Your job 6428154 ("adversarial_hpc_submit.pbs") has been submitted
[2026-08-24 21:10:34] [SUBMIT] XceptionNet/Cifar10/BIM/ALL
[2026-08-24 21:10:34] [CMD] qsub -q all.q -l ngpus=1 -v MODEL="XceptionNet",DATASET="Cifar10",ATTACK="BIM",KIND="ALL",PHASE="generate",OUTPUT_DIR="adversarial_results_ep300_pre100" adversarial_hpc_submit.pbs </dev/null
[2026-08-24 21:10:41] [OK] XceptionNet/Cifar10/IFGSM/ALL
[2026-08-24 21:10:41] [OK] qsub output: Your job 6428156 ("adversarial_hpc_submit.pbs") has been submitted
[2026-08-24 21:10:41] [SUBMIT] XceptionNet/Cifar10/BIM/ALL
[2026-08-24 21:10:41] [CMD] qsub -q all.q -l ngpus=1 -v MODEL="XceptionNet",DATASET="Cifar10",ATTACK="BIM",KIND="ALL",PHASE="generate",OUTPUT_DIR="adversarial_results_ep200_pre200" adversarial_hpc_submit.pbs </dev/null
[2026-08-24 21:11:15] [OK] XceptionNet/Cifar10/BIM/ALL
[2026-08-24 21:11:15] [OK] qsub output: Your job 6428169 ("adversarial_hpc_submit.pbs") has been submitted
[2026-08-24 21:11:15] [SUBMIT] XceptionNet/Cifar10/APGD/ALL
[2026-08-24 21:11:15] [CMD] qsub -q all.q -l ngpus=1 -v MODEL="XceptionNet",DATASET="Cifar10",ATTACK="APGD",KIND="ALL",PHASE="generate",OUTPUT_DIR="adversarial_results_ep100_pre300" adversarial_hpc_submit.pbs </dev/null
[2026-08-24 21:11:17] [OK] XceptionNet/Cifar10/BIM/ALL
[2026-08-24 21:11:17] [OK] qsub output: Your job 6428171 ("adversarial_hpc_submit.pbs") has been submitted
[2026-08-24 21:11:17] [SUBMIT] XceptionNet/Cifar10/APGD/ALL
[2026-08-24 21:11:17] [CMD] qsub -q all.q -l ngpus=1 -v MODEL="XceptionNet",DATASET="Cifar10",ATTACK="APGD",KIND="ALL",PHASE="generate",OUTPUT_DIR="adversarial_results_ep200_pre200" adversarial_hpc_submit.pbs </dev/null
[2026-08-24 21:11:17] [OK] XceptionNet/Cifar10/BIM/ALL
[2026-08-24 21:11:17] [OK] qsub output: Your job 6428170 ("adversarial_hpc_submit.pbs") has been submitted
[2026-08-24 21:11:18] [SUBMIT] XceptionNet/Cifar10/APGD/ALL
[2026-08-24 21:11:18] [CMD] qsub -q all.q -l ngpus=1 -v MODEL="XceptionNet",DATASET="Cifar10",ATTACK="APGD",KIND="ALL",PHASE="generate",OUTPUT_DIR="adversarial_results_ep300_pre100" adversarial_hpc_submit.pbs </dev/null
[2026-08-24 21:11:49] [OK] XceptionNet/Cifar10/APGD/ALL
[2026-08-24 21:11:50] [OK] qsub output: Your job 6428185 ("adversarial_hpc_submit.pbs") has been submitted
[2026-08-24 21:11:50] [SUBMIT] XceptionNet/Cifar10/CW/ALL
[2026-08-24 21:11:50] [CMD] qsub -q all.q -l ngpus=1 -v MODEL="XceptionNet",DATASET="Cifar10",ATTACK="CW",KIND="ALL",PHASE="generate",OUTPUT_DIR="adversarial_results_ep100_pre300" adversarial_hpc_submit.pbs </dev/null
[2026-08-24 21:11:55] [OK] XceptionNet/Cifar10/APGD/ALL
[2026-08-24 21:11:55] [OK] qsub output: Your job 6428186 ("adversarial_hpc_submit.pbs") has been submitted
[2026-08-24 21:11:55] [SUBMIT] XceptionNet/Cifar10/CW/ALL
[2026-08-24 21:11:55] [CMD] qsub -q all.q -l ngpus=1 -v MODEL="XceptionNet",DATASET="Cifar10",ATTACK="CW",KIND="ALL",PHASE="generate",OUTPUT_DIR="adversarial_results_ep200_pre200" adversarial_hpc_submit.pbs </dev/null
[2026-08-24 21:11:59] [OK] XceptionNet/Cifar10/APGD/ALL
[2026-08-24 21:11:59] [OK] qsub output: Your job 6428187 ("adversarial_hpc_submit.pbs") has been submitted
[2026-08-24 21:11:59] [SUBMIT] XceptionNet/Cifar10/CW/ALL
[2026-08-24 21:11:59] [CMD] qsub -q all.q -l ngpus=1 -v MODEL="XceptionNet",DATASET="Cifar10",ATTACK="CW",KIND="ALL",PHASE="generate",OUTPUT_DIR="adversarial_results_ep300_pre100" adversarial_hpc_submit.pbs </dev/null
[2026-08-24 21:12:40] [OK] XceptionNet/Cifar10/CW/ALL
[2026-08-24 21:12:40] [OK] qsub output: Your job 6428200 ("adversarial_hpc_submit.pbs") has been submitted
[2026-08-24 21:12:40] [SUBMIT] XceptionNet/Cifar10/DeepFool/ALL
[2026-08-24 21:12:40] [CMD] qsub -q all.q -l ngpus=1 -v MODEL="XceptionNet",DATASET="Cifar10",ATTACK="DeepFool",KIND="ALL",PHASE="generate",OUTPUT_DIR="adversarial_results_ep100_pre300" adversarial_hpc_submit.pbs </dev/null
[2026-08-24 21:12:45] [OK] XceptionNet/Cifar10/CW/ALL
[2026-08-24 21:12:45] [OK] qsub output: Your job 6428201 ("adversarial_hpc_submit.pbs") has been submitted
[2026-08-24 21:12:45] [SUBMIT] XceptionNet/Cifar10/DeepFool/ALL
[2026-08-24 21:12:45] [CMD] qsub -q all.q -l ngpus=1 -v MODEL="XceptionNet",DATASET="Cifar10",ATTACK="DeepFool",KIND="ALL",PHASE="generate",OUTPUT_DIR="adversarial_results_ep200_pre200" adversarial_hpc_submit.pbs </dev/null
[2026-08-24 21:12:46] [OK] XceptionNet/Cifar10/CW/ALL
[2026-08-24 21:12:46] [OK] qsub output: Your job 6428203 ("adversarial_hpc_submit.pbs") has been submitted
[2026-08-24 21:12:46] [SUBMIT] XceptionNet/Cifar10/DeepFool/ALL
[2026-08-24 21:12:46] [CMD] qsub -q all.q -l ngpus=1 -v MODEL="XceptionNet",DATASET="Cifar10",ATTACK="DeepFool",KIND="ALL",PHASE="generate",OUTPUT_DIR="adversarial_results_ep300_pre100" adversarial_hpc_submit.pbs </dev/null
[2026-08-24 21:13:17] [OK] XceptionNet/Cifar10/DeepFool/ALL
[2026-08-24 21:13:17] [OK] qsub output: Your job 6428216 ("adversarial_hpc_submit.pbs") has been submitted
[2026-08-24 21:13:17] [SUBMIT] XceptionNet/Cifar100/PGD/ALL
[2026-08-24 21:13:18] [CMD] qsub -q all.q -l ngpus=1 -v MODEL="XceptionNet",DATASET="Cifar100",ATTACK="PGD",KIND="ALL",PHASE="generate",OUTPUT_DIR="adversarial_results_ep100_pre300" adversarial_hpc_submit.pbs </dev/null
[2026-08-24 21:13:25] [OK] XceptionNet/Cifar10/DeepFool/ALL
[2026-08-24 21:13:25] [OK] qsub output: Your job 6428219 ("adversarial_hpc_submit.pbs") has been submitted
[2026-08-24 21:13:25] [SUBMIT] XceptionNet/Cifar100/PGD/ALL
[2026-08-24 21:13:25] [CMD] qsub -q all.q -l ngpus=1 -v MODEL="XceptionNet",DATASET="Cifar100",ATTACK="PGD",KIND="ALL",PHASE="generate",OUTPUT_DIR="adversarial_results_ep300_pre100" adversarial_hpc_submit.pbs </dev/null
[2026-08-24 21:13:26] [OK] XceptionNet/Cifar10/DeepFool/ALL
[2026-08-24 21:13:26] [OK] qsub output: Your job 6428218 ("adversarial_hpc_submit.pbs") has been submitted
[2026-08-24 21:13:27] [SUBMIT] XceptionNet/Cifar100/PGD/ALL
[2026-08-24 21:13:27] [CMD] qsub -q all.q -l ngpus=1 -v MODEL="XceptionNet",DATASET="Cifar100",ATTACK="PGD",KIND="ALL",PHASE="generate",OUTPUT_DIR="adversarial_results_ep200_pre200" adversarial_hpc_submit.pbs </dev/null
[2026-08-24 21:13:59] [OK] XceptionNet/Cifar100/PGD/ALL
[2026-08-24 21:13:59] [OK] qsub output: Your job 6428231 ("adversarial_hpc_submit.pbs") has been submitted
[2026-08-24 21:13:59] [SUBMIT] XceptionNet/Cifar100/FGSM/ALL
[2026-08-24 21:13:59] [CMD] qsub -q all.q -l ngpus=1 -v MODEL="XceptionNet",DATASET="Cifar100",ATTACK="FGSM",KIND="ALL",PHASE="generate",OUTPUT_DIR="adversarial_results_ep100_pre300" adversarial_hpc_submit.pbs </dev/null
[2026-08-24 21:14:03] [OK] XceptionNet/Cifar100/PGD/ALL
[2026-08-24 21:14:03] [OK] qsub output: Your job 6428234 ("adversarial_hpc_submit.pbs") has been submitted
[2026-08-24 21:14:03] [SUBMIT] XceptionNet/Cifar100/FGSM/ALL
[2026-08-24 21:14:03] [CMD] qsub -q all.q -l ngpus=1 -v MODEL="XceptionNet",DATASET="Cifar100",ATTACK="FGSM",KIND="ALL",PHASE="generate",OUTPUT_DIR="adversarial_results_ep200_pre200" adversarial_hpc_submit.pbs </dev/null
[2026-08-24 21:14:07] [OK] XceptionNet/Cifar100/PGD/ALL
[2026-08-24 21:14:07] [OK] qsub output: Your job 6428233 ("adversarial_hpc_submit.pbs") has been submitted
[2026-08-24 21:14:07] [SUBMIT] XceptionNet/Cifar100/FGSM/ALL
[2026-08-24 21:14:07] [CMD] qsub -q all.q -l ngpus=1 -v MODEL="XceptionNet",DATASET="Cifar100",ATTACK="FGSM",KIND="ALL",PHASE="generate",OUTPUT_DIR="adversarial_results_ep300_pre100" adversarial_hpc_submit.pbs </dev/null
[2026-08-24 21:14:37] [OK] XceptionNet/Cifar100/FGSM/ALL
[2026-08-24 21:14:37] [OK] qsub output: Your job 6428246 ("adversarial_hpc_submit.pbs") has been submitted
[2026-08-24 21:14:37] [SUBMIT] XceptionNet/Cifar100/IFGSM/ALL
[2026-08-24 21:14:37] [CMD] qsub -q all.q -l ngpus=1 -v MODEL="XceptionNet",DATASET="Cifar100",ATTACK="IFGSM",KIND="ALL",PHASE="generate",OUTPUT_DIR="adversarial_results_ep100_pre300" adversarial_hpc_submit.pbs </dev/null
[2026-08-24 21:14:40] [OK] XceptionNet/Cifar100/FGSM/ALL
[2026-08-24 21:14:40] [OK] qsub output: Your job 6428248 ("adversarial_hpc_submit.pbs") has been submitted
[2026-08-24 21:14:40] [SUBMIT] XceptionNet/Cifar100/IFGSM/ALL
[2026-08-24 21:14:40] [CMD] qsub -q all.q -l ngpus=1 -v MODEL="XceptionNet",DATASET="Cifar100",ATTACK="IFGSM",KIND="ALL",PHASE="generate",OUTPUT_DIR="adversarial_results_ep200_pre200" adversarial_hpc_submit.pbs </dev/null
[2026-08-24 21:14:42] [OK] XceptionNet/Cifar100/FGSM/ALL
[2026-08-24 21:14:42] [OK] qsub output: Your job 6428249 ("adversarial_hpc_submit.pbs") has been submitted
[2026-08-24 21:14:42] [SUBMIT] XceptionNet/Cifar100/IFGSM/ALL
[2026-08-24 21:14:42] [CMD] qsub -q all.q -l ngpus=1 -v MODEL="XceptionNet",DATASET="Cifar100",ATTACK="IFGSM",KIND="ALL",PHASE="generate",OUTPUT_DIR="adversarial_results_ep300_pre100" adversarial_hpc_submit.pbs </dev/null
[2026-08-24 21:15:10] [OK] XceptionNet/Cifar100/IFGSM/ALL
[2026-08-24 21:15:10] [OK] qsub output: Your job 6428260 ("adversarial_hpc_submit.pbs") has been submitted
[2026-08-24 21:15:10] [SUBMIT] XceptionNet/Cifar100/BIM/ALL
[2026-08-24 21:15:10] [CMD] qsub -q all.q -l ngpus=1 -v MODEL="XceptionNet",DATASET="Cifar100",ATTACK="BIM",KIND="ALL",PHASE="generate",OUTPUT_DIR="adversarial_results_ep100_pre300" adversarial_hpc_submit.pbs </dev/null
[2026-08-24 21:15:17] [OK] XceptionNet/Cifar100/IFGSM/ALL
[2026-08-24 21:15:17] [OK] qsub output: Your job 6428262 ("adversarial_hpc_submit.pbs") has been submitted
[2026-08-24 21:15:17] [SUBMIT] XceptionNet/Cifar100/BIM/ALL
[2026-08-24 21:15:17] [CMD] qsub -q all.q -l ngpus=1 -v MODEL="XceptionNet",DATASET="Cifar100",ATTACK="BIM",KIND="ALL",PHASE="generate",OUTPUT_DIR="adversarial_results_ep200_pre200" adversarial_hpc_submit.pbs </dev/null
[2026-08-24 21:15:20] [OK] XceptionNet/Cifar100/IFGSM/ALL
[2026-08-24 21:15:20] [OK] qsub output: Your job 6428263 ("adversarial_hpc_submit.pbs") has been submitted
[2026-08-24 21:15:20] [SUBMIT] XceptionNet/Cifar100/BIM/ALL
[2026-08-24 21:15:20] [CMD] qsub -q all.q -l ngpus=1 -v MODEL="XceptionNet",DATASET="Cifar100",ATTACK="BIM",KIND="ALL",PHASE="generate",OUTPUT_DIR="adversarial_results_ep300_pre100" adversarial_hpc_submit.pbs </dev/null
[2026-08-24 21:15:44] [OK] XceptionNet/Cifar100/BIM/ALL
[2026-08-24 21:15:44] [OK] qsub output: Your job 6428274 ("adversarial_hpc_submit.pbs") has been submitted
[2026-08-24 21:15:45] [SUBMIT] XceptionNet/Cifar100/APGD/ALL
[2026-08-24 21:15:45] [CMD] qsub -q all.q -l ngpus=1 -v MODEL="XceptionNet",DATASET="Cifar100",ATTACK="APGD",KIND="ALL",PHASE="generate",OUTPUT_DIR="adversarial_results_ep100_pre300" adversarial_hpc_submit.pbs </dev/null
[2026-08-24 21:15:59] [OK] XceptionNet/Cifar100/BIM/ALL
[2026-08-24 21:15:59] [OK] qsub output: Your job 6428278 ("adversarial_hpc_submit.pbs") has been submitted
[2026-08-24 21:15:59] [SUBMIT] XceptionNet/Cifar100/APGD/ALL
[2026-08-24 21:15:59] [CMD] qsub -q all.q -l ngpus=1 -v MODEL="XceptionNet",DATASET="Cifar100",ATTACK="APGD",KIND="ALL",PHASE="generate",OUTPUT_DIR="adversarial_results_ep300_pre100" adversarial_hpc_submit.pbs </dev/null
[2026-08-24 21:16:01] [OK] XceptionNet/Cifar100/BIM/ALL
[2026-08-24 21:16:02] [OK] qsub output: Your job 6428277 ("adversarial_hpc_submit.pbs") has been submitted
[2026-08-24 21:16:02] [SUBMIT] XceptionNet/Cifar100/APGD/ALL
[2026-08-24 21:16:02] [CMD] qsub -q all.q -l ngpus=1 -v MODEL="XceptionNet",DATASET="Cifar100",ATTACK="APGD",KIND="ALL",PHASE="generate",OUTPUT_DIR="adversarial_results_ep200_pre200" adversarial_hpc_submit.pbs </dev/null
[2026-08-24 21:16:41] [OK] XceptionNet/Cifar100/APGD/ALL
[2026-08-24 21:16:41] [OK] qsub output: Your job 6428290 ("adversarial_hpc_submit.pbs") has been submitted
[2026-08-24 21:16:41] [SUBMIT] XceptionNet/Cifar100/CW/ALL
[2026-08-24 21:16:41] [CMD] qsub -q all.q -l ngpus=1 -v MODEL="XceptionNet",DATASET="Cifar100",ATTACK="CW",KIND="ALL",PHASE="generate",OUTPUT_DIR="adversarial_results_ep100_pre300" adversarial_hpc_submit.pbs </dev/null
[2026-08-24 21:16:49] [OK] XceptionNet/Cifar100/APGD/ALL
[2026-08-24 21:16:49] [OK] qsub output: Your job 6428294 ("adversarial_hpc_submit.pbs") has been submitted
[2026-08-24 21:16:49] [SUBMIT] XceptionNet/Cifar100/CW/ALL
[2026-08-24 21:16:49] [CMD] qsub -q all.q -l ngpus=1 -v MODEL="XceptionNet",DATASET="Cifar100",ATTACK="CW",KIND="ALL",PHASE="generate",OUTPUT_DIR="adversarial_results_ep300_pre100" adversarial_hpc_submit.pbs </dev/null
[2026-08-24 21:16:54] [OK] XceptionNet/Cifar100/APGD/ALL
[2026-08-24 21:16:54] [OK] qsub output: Your job 6428295 ("adversarial_hpc_submit.pbs") has been submitted
[2026-08-24 21:16:54] [SUBMIT] XceptionNet/Cifar100/CW/ALL
[2026-08-24 21:16:54] [CMD] qsub -q all.q -l ngpus=1 -v MODEL="XceptionNet",DATASET="Cifar100",ATTACK="CW",KIND="ALL",PHASE="generate",OUTPUT_DIR="adversarial_results_ep200_pre200" adversarial_hpc_submit.pbs </dev/null
[2026-08-24 21:17:19] [OK] XceptionNet/Cifar100/CW/ALL
[2026-08-24 21:17:19] [OK] qsub output: Your job 6428307 ("adversarial_hpc_submit.pbs") has been submitted
[2026-08-24 21:17:19] [SUBMIT] XceptionNet/Cifar100/DeepFool/ALL
[2026-08-24 21:17:19] [CMD] qsub -q all.q -l ngpus=1 -v MODEL="XceptionNet",DATASET="Cifar100",ATTACK="DeepFool",KIND="ALL",PHASE="generate",OUTPUT_DIR="adversarial_results_ep100_pre300" adversarial_hpc_submit.pbs </dev/null
[2026-08-24 21:17:28] [OK] XceptionNet/Cifar100/CW/ALL
[2026-08-24 21:17:28] [OK] qsub output: Your job 6428310 ("adversarial_hpc_submit.pbs") has been submitted
[2026-08-24 21:17:28] [SUBMIT] XceptionNet/Cifar100/DeepFool/ALL
[2026-08-24 21:17:28] [CMD] qsub -q all.q -l ngpus=1 -v MODEL="XceptionNet",DATASET="Cifar100",ATTACK="DeepFool",KIND="ALL",PHASE="generate",OUTPUT_DIR="adversarial_results_ep300_pre100" adversarial_hpc_submit.pbs </dev/null
[2026-08-24 21:17:36] [OK] XceptionNet/Cifar100/CW/ALL
[2026-08-24 21:17:36] [OK] qsub output: Your job 6428313 ("adversarial_hpc_submit.pbs") has been submitted
[2026-08-24 21:17:36] [SUBMIT] XceptionNet/Cifar100/DeepFool/ALL
[2026-08-24 21:17:36] [CMD] qsub -q all.q -l ngpus=1 -v MODEL="XceptionNet",DATASET="Cifar100",ATTACK="DeepFool",KIND="ALL",PHASE="generate",OUTPUT_DIR="adversarial_results_ep200_pre200" adversarial_hpc_submit.pbs </dev/null
[2026-08-24 21:18:08] [OK] XceptionNet/Cifar100/DeepFool/ALL
[2026-08-24 21:18:08] [OK] qsub output: Your job 6428323 ("adversarial_hpc_submit.pbs") has been submitted
[2026-08-24 21:18:08] [SUBMIT] ConvNeXt/Cifar10/PGD/ALL
[2026-08-24 21:18:08] [CMD] qsub -q all.q -l ngpus=1 -v MODEL="ConvNeXt",DATASET="Cifar10",ATTACK="PGD",KIND="ALL",PHASE="generate",OUTPUT_DIR="adversarial_results_ep100_pre300" adversarial_hpc_submit.pbs </dev/null
[2026-08-24 21:18:15] [OK] XceptionNet/Cifar100/DeepFool/ALL
[2026-08-24 21:18:15] [OK] qsub output: Your job 6428326 ("adversarial_hpc_submit.pbs") has been submitted
[2026-08-24 21:18:15] [SUBMIT] ConvNeXt/Cifar10/PGD/ALL
[2026-08-24 21:18:15] [CMD] qsub -q all.q -l ngpus=1 -v MODEL="ConvNeXt",DATASET="Cifar10",ATTACK="PGD",KIND="ALL",PHASE="generate",OUTPUT_DIR="adversarial_results_ep300_pre100" adversarial_hpc_submit.pbs </dev/null
[2026-08-24 21:18:20] [OK] XceptionNet/Cifar100/DeepFool/ALL
[2026-08-24 21:18:20] [OK] qsub output: Your job 6428329 ("adversarial_hpc_submit.pbs") has been submitted
[2026-08-24 21:18:20] [SUBMIT] ConvNeXt/Cifar10/PGD/ALL
[2026-08-24 21:18:20] [CMD] qsub -q all.q -l ngpus=1 -v MODEL="ConvNeXt",DATASET="Cifar10",ATTACK="PGD",KIND="ALL",PHASE="generate",OUTPUT_DIR="adversarial_results_ep200_pre200" adversarial_hpc_submit.pbs </dev/null
[2026-08-24 21:18:52] [OK] ConvNeXt/Cifar10/PGD/ALL
[2026-08-24 21:18:52] [OK] qsub output: Your job 6428338 ("adversarial_hpc_submit.pbs") has been submitted
[2026-08-24 21:18:52] [SUBMIT] ConvNeXt/Cifar10/FGSM/ALL
[2026-08-24 21:18:52] [CMD] qsub -q all.q -l ngpus=1 -v MODEL="ConvNeXt",DATASET="Cifar10",ATTACK="FGSM",KIND="ALL",PHASE="generate",OUTPUT_DIR="adversarial_results_ep100_pre300" adversarial_hpc_submit.pbs </dev/null
[2026-08-24 21:18:59] [OK] ConvNeXt/Cifar10/PGD/ALL
[2026-08-24 21:18:59] [OK] qsub output: Your job 6428341 ("adversarial_hpc_submit.pbs") has been submitted
[2026-08-24 21:18:59] [SUBMIT] ConvNeXt/Cifar10/FGSM/ALL
[2026-08-24 21:18:59] [CMD] qsub -q all.q -l ngpus=1 -v MODEL="ConvNeXt",DATASET="Cifar10",ATTACK="FGSM",KIND="ALL",PHASE="generate",OUTPUT_DIR="adversarial_results_ep300_pre100" adversarial_hpc_submit.pbs </dev/null
[2026-08-24 21:19:09] [OK] ConvNeXt/Cifar10/PGD/ALL
[2026-08-24 21:19:09] [OK] qsub output: Your job 6428344 ("adversarial_hpc_submit.pbs") has been submitted
[2026-08-24 21:19:10] [SUBMIT] ConvNeXt/Cifar10/FGSM/ALL
[2026-08-24 21:19:10] [CMD] qsub -q all.q -l ngpus=1 -v MODEL="ConvNeXt",DATASET="Cifar10",ATTACK="FGSM",KIND="ALL",PHASE="generate",OUTPUT_DIR="adversarial_results_ep200_pre200" adversarial_hpc_submit.pbs </dev/null
[2026-08-24 21:19:30] [OK] ConvNeXt/Cifar10/FGSM/ALL
[2026-08-24 21:19:30] [OK] qsub output: Your job 6428354 ("adversarial_hpc_submit.pbs") has been submitted
[2026-08-24 21:19:30] [SUBMIT] ConvNeXt/Cifar10/IFGSM/ALL
[2026-08-24 21:19:30] [CMD] qsub -q all.q -l ngpus=1 -v MODEL="ConvNeXt",DATASET="Cifar10",ATTACK="IFGSM",KIND="ALL",PHASE="generate",OUTPUT_DIR="adversarial_results_ep100_pre300" adversarial_hpc_submit.pbs </dev/null
[2026-08-24 21:19:39] [OK] ConvNeXt/Cifar10/FGSM/ALL
[2026-08-24 21:19:39] [OK] qsub output: Your job 6428356 ("adversarial_hpc_submit.pbs") has been submitted
[2026-08-24 21:19:40] [SUBMIT] ConvNeXt/Cifar10/IFGSM/ALL
[2026-08-24 21:19:40] [CMD] qsub -q all.q -l ngpus=1 -v MODEL="ConvNeXt",DATASET="Cifar10",ATTACK="IFGSM",KIND="ALL",PHASE="generate",OUTPUT_DIR="adversarial_results_ep300_pre100" adversarial_hpc_submit.pbs </dev/null
[2026-08-24 21:19:56] [OK] ConvNeXt/Cifar10/FGSM/ALL
[2026-08-24 21:19:56] [OK] qsub output: Your job 6428361 ("adversarial_hpc_submit.pbs") has been submitted
[2026-08-24 21:19:56] [SUBMIT] ConvNeXt/Cifar10/IFGSM/ALL
[2026-08-24 21:19:56] [CMD] qsub -q all.q -l ngpus=1 -v MODEL="ConvNeXt",DATASET="Cifar10",ATTACK="IFGSM",KIND="ALL",PHASE="generate",OUTPUT_DIR="adversarial_results_ep200_pre200" adversarial_hpc_submit.pbs </dev/null
[2026-08-24 21:20:17] [OK] ConvNeXt/Cifar10/IFGSM/ALL
[2026-08-24 21:20:17] [OK] qsub output: Your job 6428370 ("adversarial_hpc_submit.pbs") has been submitted
[2026-08-24 21:20:18] [SUBMIT] ConvNeXt/Cifar10/BIM/ALL
[2026-08-24 21:20:18] [CMD] qsub -q all.q -l ngpus=1 -v MODEL="ConvNeXt",DATASET="Cifar10",ATTACK="BIM",KIND="ALL",PHASE="generate",OUTPUT_DIR="adversarial_results_ep100_pre300" adversarial_hpc_submit.pbs </dev/null
[2026-08-24 21:20:22] [OK] ConvNeXt/Cifar10/IFGSM/ALL
[2026-08-24 21:20:22] [OK] qsub output: Your job 6428373 ("adversarial_hpc_submit.pbs") has been submitted
[2026-08-24 21:20:22] [SUBMIT] ConvNeXt/Cifar10/BIM/ALL
[2026-08-24 21:20:22] [CMD] qsub -q all.q -l ngpus=1 -v MODEL="ConvNeXt",DATASET="Cifar10",ATTACK="BIM",KIND="ALL",PHASE="generate",OUTPUT_DIR="adversarial_results_ep300_pre100" adversarial_hpc_submit.pbs </dev/null
[2026-08-24 21:20:37] [OK] ConvNeXt/Cifar10/IFGSM/ALL
[2026-08-24 21:20:37] [OK] qsub output: Your job 6428377 ("adversarial_hpc_submit.pbs") has been submitted
[2026-08-24 21:20:37] [SUBMIT] ConvNeXt/Cifar10/BIM/ALL
[2026-08-24 21:20:37] [CMD] qsub -q all.q -l ngpus=1 -v MODEL="ConvNeXt",DATASET="Cifar10",ATTACK="BIM",KIND="ALL",PHASE="generate",OUTPUT_DIR="adversarial_results_ep200_pre200" adversarial_hpc_submit.pbs </dev/null
[2026-08-24 21:20:48] [OK] ConvNeXt/Cifar10/BIM/ALL
[2026-08-24 21:20:48] [OK] qsub output: Your job 6428385 ("adversarial_hpc_submit.pbs") has been submitted
[2026-08-24 21:20:48] [SUBMIT] ConvNeXt/Cifar10/APGD/ALL
[2026-08-24 21:20:48] [CMD] qsub -q all.q -l ngpus=1 -v MODEL="ConvNeXt",DATASET="Cifar10",ATTACK="APGD",KIND="ALL",PHASE="generate",OUTPUT_DIR="adversarial_results_ep100_pre300" adversarial_hpc_submit.pbs </dev/null
[2026-08-24 21:20:55] [OK] ConvNeXt/Cifar10/BIM/ALL
[2026-08-24 21:20:55] [OK] qsub output: Your job 6428388 ("adversarial_hpc_submit.pbs") has been submitted
[2026-08-24 21:20:56] [SUBMIT] ConvNeXt/Cifar10/APGD/ALL
[2026-08-24 21:20:56] [CMD] qsub -q all.q -l ngpus=1 -v MODEL="ConvNeXt",DATASET="Cifar10",ATTACK="APGD",KIND="ALL",PHASE="generate",OUTPUT_DIR="adversarial_results_ep300_pre100" adversarial_hpc_submit.pbs </dev/null
[2026-08-24 21:21:20] [OK] ConvNeXt/Cifar10/BIM/ALL
[2026-08-24 21:21:20] [OK] qsub output: Your job 6428394 ("adversarial_hpc_submit.pbs") has been submitted
[2026-08-24 21:21:20] [SUBMIT] ConvNeXt/Cifar10/APGD/ALL
[2026-08-24 21:21:20] [CMD] qsub -q all.q -l ngpus=1 -v MODEL="ConvNeXt",DATASET="Cifar10",ATTACK="APGD",KIND="ALL",PHASE="generate",OUTPUT_DIR="adversarial_results_ep200_pre200" adversarial_hpc_submit.pbs </dev/null
[2026-08-24 21:21:30] [OK] ConvNeXt/Cifar10/APGD/ALL
[2026-08-24 21:21:30] [OK] qsub output: Your job 6428401 ("adversarial_hpc_submit.pbs") has been submitted
[2026-08-24 21:21:30] [SUBMIT] ConvNeXt/Cifar10/CW/ALL
[2026-08-24 21:21:30] [CMD] qsub -q all.q -l ngpus=1 -v MODEL="ConvNeXt",DATASET="Cifar10",ATTACK="CW",KIND="ALL",PHASE="generate",OUTPUT_DIR="adversarial_results_ep100_pre300" adversarial_hpc_submit.pbs </dev/null
[2026-08-24 21:21:43] [OK] ConvNeXt/Cifar10/APGD/ALL
[2026-08-24 21:21:43] [OK] qsub output: Your job 6428404 ("adversarial_hpc_submit.pbs") has been submitted
[2026-08-24 21:21:43] [SUBMIT] ConvNeXt/Cifar10/CW/ALL
[2026-08-24 21:21:43] [CMD] qsub -q all.q -l ngpus=1 -v MODEL="ConvNeXt",DATASET="Cifar10",ATTACK="CW",KIND="ALL",PHASE="generate",OUTPUT_DIR="adversarial_results_ep300_pre100" adversarial_hpc_submit.pbs </dev/null
[2026-08-24 21:21:59] [OK] ConvNeXt/Cifar10/APGD/ALL
[2026-08-24 21:21:59] [OK] qsub output: Your job 6428410 ("adversarial_hpc_submit.pbs") has been submitted
[2026-08-24 21:21:59] [SUBMIT] ConvNeXt/Cifar10/CW/ALL
[2026-08-24 21:21:59] [CMD] qsub -q all.q -l ngpus=1 -v MODEL="ConvNeXt",DATASET="Cifar10",ATTACK="CW",KIND="ALL",PHASE="generate",OUTPUT_DIR="adversarial_results_ep200_pre200" adversarial_hpc_submit.pbs </dev/null
[2026-08-24 21:22:17] [OK] ConvNeXt/Cifar10/CW/ALL
[2026-08-24 21:22:17] [OK] qsub output: Your job 6428416 ("adversarial_hpc_submit.pbs") has been submitted
[2026-08-24 21:22:17] [SUBMIT] ConvNeXt/Cifar10/DeepFool/ALL
[2026-08-24 21:22:17] [CMD] qsub -q all.q -l ngpus=1 -v MODEL="ConvNeXt",DATASET="Cifar10",ATTACK="DeepFool",KIND="ALL",PHASE="generate",OUTPUT_DIR="adversarial_results_ep100_pre300" adversarial_hpc_submit.pbs </dev/null
[2026-08-24 21:22:31] [OK] ConvNeXt/Cifar10/CW/ALL
[2026-08-24 21:22:31] [OK] qsub output: Your job 6428420 ("adversarial_hpc_submit.pbs") has been submitted
[2026-08-24 21:22:31] [SUBMIT] ConvNeXt/Cifar10/DeepFool/ALL
[2026-08-24 21:22:31] [CMD] qsub -q all.q -l ngpus=1 -v MODEL="ConvNeXt",DATASET="Cifar10",ATTACK="DeepFool",KIND="ALL",PHASE="generate",OUTPUT_DIR="adversarial_results_ep300_pre100" adversarial_hpc_submit.pbs </dev/null
[2026-08-24 21:22:47] [OK] ConvNeXt/Cifar10/CW/ALL
[2026-08-24 21:22:47] [OK] qsub output: Your job 6428427 ("adversarial_hpc_submit.pbs") has been submitted
[2026-08-24 21:22:47] [SUBMIT] ConvNeXt/Cifar10/DeepFool/ALL
[2026-08-24 21:22:47] [CMD] qsub -q all.q -l ngpus=1 -v MODEL="ConvNeXt",DATASET="Cifar10",ATTACK="DeepFool",KIND="ALL",PHASE="generate",OUTPUT_DIR="adversarial_results_ep200_pre200" adversarial_hpc_submit.pbs </dev/null
[2026-08-24 21:23:05] [OK] ConvNeXt/Cifar10/DeepFool/ALL
[2026-08-24 21:23:05] [OK] qsub output: Your job 6428432 ("adversarial_hpc_submit.pbs") has been submitted
[2026-08-24 21:23:05] [SUBMIT] ConvNeXt/Cifar100/PGD/ALL
[2026-08-24 21:23:05] [CMD] qsub -q all.q -l ngpus=1 -v MODEL="ConvNeXt",DATASET="Cifar100",ATTACK="PGD",KIND="ALL",PHASE="generate",OUTPUT_DIR="adversarial_results_ep100_pre300" adversarial_hpc_submit.pbs </dev/null
[2026-08-24 21:23:19] [OK] ConvNeXt/Cifar10/DeepFool/ALL
[2026-08-24 21:23:19] [OK] qsub output: Your job 6428437 ("adversarial_hpc_submit.pbs") has been submitted
[2026-08-24 21:23:19] [SUBMIT] ConvNeXt/Cifar100/PGD/ALL
[2026-08-24 21:23:19] [CMD] qsub -q all.q -l ngpus=1 -v MODEL="ConvNeXt",DATASET="Cifar100",ATTACK="PGD",KIND="ALL",PHASE="generate",OUTPUT_DIR="adversarial_results_ep300_pre100" adversarial_hpc_submit.pbs </dev/null
[2026-08-24 21:23:34] [OK] ConvNeXt/Cifar10/DeepFool/ALL
[2026-08-24 21:23:34] [OK] qsub output: Your job 6428442 ("adversarial_hpc_submit.pbs") has been submitted
[2026-08-24 21:23:34] [SUBMIT] ConvNeXt/Cifar100/PGD/ALL
[2026-08-24 21:23:34] [CMD] qsub -q all.q -l ngpus=1 -v MODEL="ConvNeXt",DATASET="Cifar100",ATTACK="PGD",KIND="ALL",PHASE="generate",OUTPUT_DIR="adversarial_results_ep200_pre200" adversarial_hpc_submit.pbs </dev/null
[2026-08-24 21:23:54] [OK] ConvNeXt/Cifar100/PGD/ALL
[2026-08-24 21:23:54] [OK] qsub output: Your job 6428449 ("adversarial_hpc_submit.pbs") has been submitted
[2026-08-24 21:23:54] [SUBMIT] ConvNeXt/Cifar100/FGSM/ALL
[2026-08-24 21:23:54] [CMD] qsub -q all.q -l ngpus=1 -v MODEL="ConvNeXt",DATASET="Cifar100",ATTACK="FGSM",KIND="ALL",PHASE="generate",OUTPUT_DIR="adversarial_results_ep100_pre300" adversarial_hpc_submit.pbs </dev/null
[2026-08-24 21:24:08] [OK] ConvNeXt/Cifar100/PGD/ALL
[2026-08-24 21:24:08] [OK] qsub output: Your job 6428453 ("adversarial_hpc_submit.pbs") has been submitted
[2026-08-24 21:24:08] [SUBMIT] ConvNeXt/Cifar100/FGSM/ALL
[2026-08-24 21:24:08] [CMD] qsub -q all.q -l ngpus=1 -v MODEL="ConvNeXt",DATASET="Cifar100",ATTACK="FGSM",KIND="ALL",PHASE="generate",OUTPUT_DIR="adversarial_results_ep300_pre100" adversarial_hpc_submit.pbs </dev/null
[2026-08-24 21:24:24] [OK] ConvNeXt/Cifar100/PGD/ALL
[2026-08-24 21:24:24] [OK] qsub output: Your job 6428459 ("adversarial_hpc_submit.pbs") has been submitted
[2026-08-24 21:24:24] [SUBMIT] ConvNeXt/Cifar100/FGSM/ALL
[2026-08-24 21:24:24] [CMD] qsub -q all.q -l ngpus=1 -v MODEL="ConvNeXt",DATASET="Cifar100",ATTACK="FGSM",KIND="ALL",PHASE="generate",OUTPUT_DIR="adversarial_results_ep200_pre200" adversarial_hpc_submit.pbs </dev/null
[2026-08-24 21:24:37] [OK] ConvNeXt/Cifar100/FGSM/ALL
[2026-08-24 21:24:37] [OK] qsub output: Your job 6428466 ("adversarial_hpc_submit.pbs") has been submitted
[2026-08-24 21:24:37] [SUBMIT] ConvNeXt/Cifar100/IFGSM/ALL
[2026-08-24 21:24:37] [CMD] qsub -q all.q -l ngpus=1 -v MODEL="ConvNeXt",DATASET="Cifar100",ATTACK="IFGSM",KIND="ALL",PHASE="generate",OUTPUT_DIR="adversarial_results_ep100_pre300" adversarial_hpc_submit.pbs </dev/null
[2026-08-24 21:24:41] [OK] ConvNeXt/Cifar100/FGSM/ALL
[2026-08-24 21:24:41] [OK] qsub output: Your job 6428470 ("adversarial_hpc_submit.pbs") has been submitted
[2026-08-24 21:24:41] [SUBMIT] ConvNeXt/Cifar100/IFGSM/ALL
[2026-08-24 21:24:41] [CMD] qsub -q all.q -l ngpus=1 -v MODEL="ConvNeXt",DATASET="Cifar100",ATTACK="IFGSM",KIND="ALL",PHASE="generate",OUTPUT_DIR="adversarial_results_ep300_pre100" adversarial_hpc_submit.pbs </dev/null
[2026-08-24 21:24:59] [OK] ConvNeXt/Cifar100/FGSM/ALL
[2026-08-24 21:24:59] [OK] qsub output: Your job 6428475 ("adversarial_hpc_submit.pbs") has been submitted
[2026-08-24 21:24:59] [SUBMIT] ConvNeXt/Cifar100/IFGSM/ALL
[2026-08-24 21:24:59] [CMD] qsub -q all.q -l ngpus=1 -v MODEL="ConvNeXt",DATASET="Cifar100",ATTACK="IFGSM",KIND="ALL",PHASE="generate",OUTPUT_DIR="adversarial_results_ep200_pre200" adversarial_hpc_submit.pbs </dev/null
[2026-08-24 21:25:18] [OK] ConvNeXt/Cifar100/IFGSM/ALL
[2026-08-24 21:25:18] [OK] qsub output: Your job 6428481 ("adversarial_hpc_submit.pbs") has been submitted
[2026-08-24 21:25:18] [SUBMIT] ConvNeXt/Cifar100/BIM/ALL
[2026-08-24 21:25:18] [CMD] qsub -q all.q -l ngpus=1 -v MODEL="ConvNeXt",DATASET="Cifar100",ATTACK="BIM",KIND="ALL",PHASE="generate",OUTPUT_DIR="adversarial_results_ep100_pre300" adversarial_hpc_submit.pbs </dev/null
[2026-08-24 21:25:30] [OK] ConvNeXt/Cifar100/IFGSM/ALL
[2026-08-24 21:25:30] [OK] qsub output: Your job 6428485 ("adversarial_hpc_submit.pbs") has been submitted
[2026-08-24 21:25:30] [SUBMIT] ConvNeXt/Cifar100/BIM/ALL
[2026-08-24 21:25:30] [CMD] qsub -q all.q -l ngpus=1 -v MODEL="ConvNeXt",DATASET="Cifar100",ATTACK="BIM",KIND="ALL",PHASE="generate",OUTPUT_DIR="adversarial_results_ep300_pre100" adversarial_hpc_submit.pbs </dev/null
[2026-08-24 21:25:48] [OK] ConvNeXt/Cifar100/IFGSM/ALL
[2026-08-24 21:25:48] [OK] qsub output: Your job 6428492 ("adversarial_hpc_submit.pbs") has been submitted
[2026-08-24 21:25:48] [SUBMIT] ConvNeXt/Cifar100/BIM/ALL
[2026-08-24 21:25:48] [CMD] qsub -q all.q -l ngpus=1 -v MODEL="ConvNeXt",DATASET="Cifar100",ATTACK="BIM",KIND="ALL",PHASE="generate",OUTPUT_DIR="adversarial_results_ep200_pre200" adversarial_hpc_submit.pbs </dev/null
[2026-08-24 21:25:59] [OK] ConvNeXt/Cifar100/BIM/ALL
[2026-08-24 21:25:59] [OK] qsub output: Your job 6428498 ("adversarial_hpc_submit.pbs") has been submitted
[2026-08-24 21:26:00] [SUBMIT] ConvNeXt/Cifar100/APGD/ALL
[2026-08-24 21:26:00] [CMD] qsub -q all.q -l ngpus=1 -v MODEL="ConvNeXt",DATASET="Cifar100",ATTACK="APGD",KIND="ALL",PHASE="generate",OUTPUT_DIR="adversarial_results_ep100_pre300" adversarial_hpc_submit.pbs </dev/null
[2026-08-24 21:26:10] [OK] ConvNeXt/Cifar100/BIM/ALL
[2026-08-24 21:26:11] [OK] qsub output: Your job 6428503 ("adversarial_hpc_submit.pbs") has been submitted
[2026-08-24 21:26:11] [SUBMIT] ConvNeXt/Cifar100/APGD/ALL
[2026-08-24 21:26:11] [CMD] qsub -q all.q -l ngpus=1 -v MODEL="ConvNeXt",DATASET="Cifar100",ATTACK="APGD",KIND="ALL",PHASE="generate",OUTPUT_DIR="adversarial_results_ep300_pre100" adversarial_hpc_submit.pbs </dev/null
[2026-08-24 21:26:27] [OK] ConvNeXt/Cifar100/BIM/ALL
[2026-08-24 21:26:27] [OK] qsub output: Your job 6428510 ("adversarial_hpc_submit.pbs") has been submitted
[2026-08-24 21:26:27] [SUBMIT] ConvNeXt/Cifar100/APGD/ALL
[2026-08-24 21:26:27] [CMD] qsub -q all.q -l ngpus=1 -v MODEL="ConvNeXt",DATASET="Cifar100",ATTACK="APGD",KIND="ALL",PHASE="generate",OUTPUT_DIR="adversarial_results_ep200_pre200" adversarial_hpc_submit.pbs </dev/null
[2026-08-24 21:26:45] [OK] ConvNeXt/Cifar100/APGD/ALL
[2026-08-24 21:26:45] [OK] qsub output: Your job 6428515 ("adversarial_hpc_submit.pbs") has been submitted
[2026-08-24 21:26:45] [SUBMIT] ConvNeXt/Cifar100/CW/ALL
[2026-08-24 21:26:45] [CMD] qsub -q all.q -l ngpus=1 -v MODEL="ConvNeXt",DATASET="Cifar100",ATTACK="CW",KIND="ALL",PHASE="generate",OUTPUT_DIR="adversarial_results_ep100_pre300" adversarial_hpc_submit.pbs </dev/null
[2026-08-24 21:26:59] [OK] ConvNeXt/Cifar100/APGD/ALL
[2026-08-24 21:26:59] [OK] qsub output: Your job 6428519 ("adversarial_hpc_submit.pbs") has been submitted
[2026-08-24 21:26:59] [SUBMIT] ConvNeXt/Cifar100/CW/ALL
[2026-08-24 21:26:59] [CMD] qsub -q all.q -l ngpus=1 -v MODEL="ConvNeXt",DATASET="Cifar100",ATTACK="CW",KIND="ALL",PHASE="generate",OUTPUT_DIR="adversarial_results_ep300_pre100" adversarial_hpc_submit.pbs </dev/null
[2026-08-24 21:27:14] [OK] ConvNeXt/Cifar100/APGD/ALL
[2026-08-24 21:27:15] [OK] qsub output: Your job 6428525 ("adversarial_hpc_submit.pbs") has been submitted
[2026-08-24 21:27:15] [SUBMIT] ConvNeXt/Cifar100/CW/ALL
[2026-08-24 21:27:15] [CMD] qsub -q all.q -l ngpus=1 -v MODEL="ConvNeXt",DATASET="Cifar100",ATTACK="CW",KIND="ALL",PHASE="generate",OUTPUT_DIR="adversarial_results_ep200_pre200" adversarial_hpc_submit.pbs </dev/null
[2026-08-24 21:27:24] [OK] ConvNeXt/Cifar100/CW/ALL
[2026-08-24 21:27:24] [OK] qsub output: Your job 6428530 ("adversarial_hpc_submit.pbs") has been submitted
[2026-08-24 21:27:24] [SUBMIT] ConvNeXt/Cifar100/DeepFool/ALL
[2026-08-24 21:27:24] [CMD] qsub -q all.q -l ngpus=1 -v MODEL="ConvNeXt",DATASET="Cifar100",ATTACK="DeepFool",KIND="ALL",PHASE="generate",OUTPUT_DIR="adversarial_results_ep100_pre300" adversarial_hpc_submit.pbs </dev/null
[2026-08-24 21:27:36] [OK] ConvNeXt/Cifar100/CW/ALL
[2026-08-24 21:27:36] [OK] qsub output: Your job 6428537 ("adversarial_hpc_submit.pbs") has been submitted
[2026-08-24 21:27:37] [SUBMIT] ConvNeXt/Cifar100/DeepFool/ALL
[2026-08-24 21:27:37] [CMD] qsub -q all.q -l ngpus=1 -v MODEL="ConvNeXt",DATASET="Cifar100",ATTACK="DeepFool",KIND="ALL",PHASE="generate",OUTPUT_DIR="adversarial_results_ep300_pre100" adversarial_hpc_submit.pbs </dev/null
[2026-08-24 21:27:55] [OK] ConvNeXt/Cifar100/CW/ALL
[2026-08-24 21:27:55] [OK] qsub output: Your job 6428543 ("adversarial_hpc_submit.pbs") has been submitted
[2026-08-24 21:27:55] [SUBMIT] ConvNeXt/Cifar100/DeepFool/ALL
[2026-08-24 21:27:55] [CMD] qsub -q all.q -l ngpus=1 -v MODEL="ConvNeXt",DATASET="Cifar100",ATTACK="DeepFool",KIND="ALL",PHASE="generate",OUTPUT_DIR="adversarial_results_ep200_pre200" adversarial_hpc_submit.pbs </dev/null
[2026-08-24 21:28:13] [OK] ConvNeXt/Cifar100/DeepFool/ALL
[2026-08-24 21:28:13] [OK] qsub output: Your job 6428548 ("adversarial_hpc_submit.pbs") has been submitted
[2026-08-24 21:28:14] [SUCCESS] Submitted 84 jobs
[2026-08-24 21:28:14] Monitor progress with: qstat
[2026-08-24 21:28:14] ============================================================================
[2026-08-24 21:28:14] Job submission complete. Check logs/ for details.
[2026-08-24 21:28:14] Run log saved to: /Users/jgafur/LTH/manuscript/Tranfer/logs/adversarial_orchestrate_generate_20260824_202743.log
[2026-08-24 21:28:14] ============================================================================
[2026-08-24 21:28:24] [OK] ConvNeXt/Cifar100/DeepFool/ALL
[2026-08-24 21:28:24] [OK] qsub output: Your job 6428553 ("adversarial_hpc_submit.pbs") has been submitted
[2026-08-24 21:28:24] [SUCCESS] Submitted 84 jobs
[2026-08-24 21:28:24] Monitor progress with: qstat
[2026-08-24 21:28:24] ============================================================================
[2026-08-24 21:28:24] Job submission complete. Check logs/ for details.
[2026-08-24 21:28:24] Run log saved to: /Users/jgafur/LTH/manuscript/Tranfer/logs/adversarial_orchestrate_generate_20260824_202743.log
[2026-08-24 21:28:24] ============================================================================
[2026-08-24 21:28:42] [OK] ConvNeXt/Cifar100/DeepFool/ALL
[2026-08-24 21:28:42] [OK] qsub output: Your job 6428560 ("adversarial_hpc_submit.pbs") has been submitted
[2026-08-24 21:28:42] [SUCCESS] Submitted 84 jobs
[2026-08-24 21:28:42] Monitor progress with: qstat
[2026-08-24 21:28:42] ============================================================================
[2026-08-24 21:28:42] Job submission complete. Check logs/ for details.
[2026-08-24 21:28:42] Run log saved to: /Users/jgafur/LTH/manuscript/Tranfer/logs/adversarial_orchestrate_generate_20260824_202743.log
[2026-08-24 21:28:42] ============================================================================
