[2026-09-03 17:30:26] Starting orchestration script
[2026-09-03 17:30:26] Starting orchestration script
[2026-09-03 17:30:26] Starting orchestration script
[2026-09-03 17:30:26] Script path: /Users/jgafur/LTH/manuscript/Tranfer
[2026-09-03 17:30:26] Script path: /Users/jgafur/LTH/manuscript/Tranfer
[2026-09-03 17:30:26] Script path: /Users/jgafur/LTH/manuscript/Tranfer
[2026-09-03 17:30:26] Current working directory: /Users/jgafur/LTH/manuscript/Tranfer
[2026-09-03 17:30:26] Current working directory: /Users/jgafur/LTH/manuscript/Tranfer
[2026-09-03 17:30:26] Current working directory: /Users/jgafur/LTH/manuscript/Tranfer
[2026-09-03 17:30:26] Phase: generate
[2026-09-03 17:30:26] Phase: generate
[2026-09-03 17:30:26] Phase: generate
[2026-09-03 17:30:26] Output directory: adversarial_results_ep100_pre300
[2026-09-03 17:30:26] Output directory: adversarial_results_ep200_pre200
[2026-09-03 17:30:26] Output directory: adversarial_results_ep300_pre100
[2026-09-03 17:30:26] Model filter: ALL
[2026-09-03 17:30:26] Model filter: ALL
[2026-09-03 17:30:26] Model filter: ALL
[2026-09-03 17:30:26] Dataset filter: ALL
[2026-09-03 17:30:26] Dataset filter: ALL
[2026-09-03 17:30:26] Dataset filter: ALL
[2026-09-03 17:30:26] Attack filter: ALL
[2026-09-03 17:30:26] Attack filter: ALL
[2026-09-03 17:30:26] Attack filter: ALL
[2026-09-03 17:30:26] Kind filter: ALL
[2026-09-03 17:30:26] Kind filter: ALL
[2026-09-03 17:30:26] Kind filter: ALL
[2026-09-03 17:30:26] Run log: /Users/jgafur/LTH/manuscript/Tranfer/logs/adversarial_orchestrate_generate_20260903_173026.log
[2026-09-03 17:30:26] Run log: /Users/jgafur/LTH/manuscript/Tranfer/logs/adversarial_orchestrate_generate_20260903_173026.log
[2026-09-03 17:30:26] Run log: /Users/jgafur/LTH/manuscript/Tranfer/logs/adversarial_orchestrate_generate_20260903_173026.log
[2026-09-03 17:30:26] qsub command found: /opt/sge/bin/lx-amd64/qsub
[2026-09-03 17:30:26] qsub command found: /opt/sge/bin/lx-amd64/qsub
[2026-09-03 17:30:26] qsub command found: /opt/sge/bin/lx-amd64/qsub
[2026-09-03 17:30:26] Found submission file: /Users/jgafur/LTH/manuscript/Tranfer/adversarial_hpc_submit.pbs
[2026-09-03 17:30:26] Found submission file: /Users/jgafur/LTH/manuscript/Tranfer/adversarial_hpc_submit.pbs
[2026-09-03 17:30:26] Found submission file: /Users/jgafur/LTH/manuscript/Tranfer/adversarial_hpc_submit.pbs
[2026-09-03 17:30:26] ============================================================================
[2026-09-03 17:30:26] ============================================================================
[2026-09-03 17:30:26] ============================================================================
[2026-09-03 17:30:26] Adversarial Analysis HPC Orchestration
[2026-09-03 17:30:26] Adversarial Analysis HPC Orchestration
[2026-09-03 17:30:26] Adversarial Analysis HPC Orchestration
[2026-09-03 17:30:26] ============================================================================
[2026-09-03 17:30:26] ============================================================================
[2026-09-03 17:30:26] Phase:       generate
[2026-09-03 17:30:26] ============================================================================
[2026-09-03 17:30:27] Phase:       generate
[2026-09-03 17:30:27] Output Dir:  adversarial_results_ep300_pre100
[2026-09-03 17:30:27] Phase:       generate
[2026-09-03 17:30:27] Output Dir:  adversarial_results_ep200_pre200
[2026-09-03 17:30:27] Models:      6 architectures
[2026-09-03 17:30:27] Output Dir:  adversarial_results_ep100_pre300
[2026-09-03 17:30:27] Models:      6 architectures
[2026-09-03 17:30:27] Datasets:    2 datasets
[2026-09-03 17:30:27] Models:      6 architectures
[2026-09-03 17:30:27] Datasets:    2 datasets
[2026-09-03 17:30:27] Attacks:     7 attack types
[2026-09-03 17:30:27] Datasets:    2 datasets
[2026-09-03 17:30:27] Attacks:     7 attack types
[2026-09-03 17:30:27] Total Jobs:  ~84
[2026-09-03 17:30:27] Attacks:     7 attack types
[2026-09-03 17:30:27] Total Jobs:  ~84
[2026-09-03 17:30:27] ============================================================================
[2026-09-03 17:30:27] Total Jobs:  ~84
[2026-09-03 17:30:27] ============================================================================
[2026-09-03 17:30:27] ============================================================================
[2026-09-03 17:30:27] Run outputs will be written as txt files in manuscript/Tranfer/
[2026-09-03 17:30:27] Run outputs will be written as txt files in manuscript/Tranfer/
[2026-09-03 17:30:27] Run outputs will be written as txt files in manuscript/Tranfer/
[2026-09-03 17:30:27]   - generate:      <MODEL>_<DATASET>_<ATTACK>_<KIND>_generate_run.txt
[2026-09-03 17:30:27]   - generate:      <MODEL>_<DATASET>_<ATTACK>_<KIND>_generate_run.txt
[2026-09-03 17:30:27]   - generate:      <MODEL>_<DATASET>_<ATTACK>_<KIND>_generate_run.txt
[2026-09-03 17:30:27]   - analyze:       adversarial_analyze_run.txt
[2026-09-03 17:30:27]   - analyze:       adversarial_analyze_run.txt
[2026-09-03 17:30:27]   - analyze:       adversarial_analyze_run.txt
[2026-09-03 17:30:27]   - plot:          adversarial_plot_run.txt
[2026-09-03 17:30:27]   - plot:          adversarial_plot_run.txt
[2026-09-03 17:30:27]   - plot:          adversarial_plot_run.txt
[2026-09-03 17:30:27]   - gradient_sim:  adversarial_gradient_sim_run.txt
[2026-09-03 17:30:27]   - gradient_sim:  adversarial_gradient_sim_run.txt
[2026-09-03 17:30:27]   - gradient_sim:  adversarial_gradient_sim_run.txt
[2026-09-03 17:30:27]   - epsilon_sweep: adversarial_epsilon_sweep_run.txt
[2026-09-03 17:30:27]   - epsilon_sweep: adversarial_epsilon_sweep_run.txt
[2026-09-03 17:30:27]   - epsilon_sweep: adversarial_epsilon_sweep_run.txt
[2026-09-03 17:30:27]   - statistics:    adversarial_statistics_run.txt
[2026-09-03 17:30:27]   - statistics:    adversarial_statistics_run.txt
[2026-09-03 17:30:27]   - statistics:    adversarial_statistics_run.txt
[2026-09-03 17:30:27]   - cka:           adversarial_cka_run.txt
[2026-09-03 17:30:27]   - cka:           adversarial_cka_run.txt
[2026-09-03 17:30:27]   - cka:           adversarial_cka_run.txt
[2026-09-03 17:30:27]   - compare:       adversarial_compare_run.txt
[2026-09-03 17:30:27]   - compare:       adversarial_compare_run.txt
[2026-09-03 17:30:27]   - compare:       adversarial_compare_run.txt
[2026-09-03 17:30:27]   - compute_tradeoff: adversarial_compute_tradeoff_run.txt
[2026-09-03 17:30:27]   - compute_tradeoff: adversarial_compute_tradeoff_run.txt
[2026-09-03 17:30:27]   - compute_tradeoff: adversarial_compute_tradeoff_run.txt
[2026-09-03 17:30:27]   - correlations:  adversarial_correlations_run.txt
[2026-09-03 17:30:27]   - correlations:  adversarial_correlations_run.txt
[2026-09-03 17:30:27]   - correlations:  adversarial_correlations_run.txt
[2026-09-03 17:30:27] [PHASE: GENERATE] Submitting attack generation jobs...
[2026-09-03 17:30:27] [PHASE: GENERATE] Submitting attack generation jobs...
[2026-09-03 17:30:27] [SUBMIT] VGG16/Cifar10/PGD/ALL
[2026-09-03 17:30:27] [PHASE: GENERATE] Submitting attack generation jobs...
[2026-09-03 17:30:27] [SUBMIT] VGG16/Cifar10/PGD/ALL
[2026-09-03 17:30:27] [CMD] qsub -q all.q -l ngpus=1 -v MODEL="VGG16",DATASET="Cifar10",ATTACK="PGD",KIND="ALL",PHASE="generate",OUTPUT_DIR="adversarial_results_ep300_pre100" adversarial_hpc_submit.pbs </dev/null
[2026-09-03 17:30:27] [SUBMIT] VGG16/Cifar10/PGD/ALL
[2026-09-03 17:30:27] [CMD] qsub -q all.q -l ngpus=1 -v MODEL="VGG16",DATASET="Cifar10",ATTACK="PGD",KIND="ALL",PHASE="generate",OUTPUT_DIR="adversarial_results_ep200_pre200" adversarial_hpc_submit.pbs </dev/null
[2026-09-03 17:30:27] [CMD] qsub -q all.q -l ngpus=1 -v MODEL="VGG16",DATASET="Cifar10",ATTACK="PGD",KIND="ALL",PHASE="generate",OUTPUT_DIR="adversarial_results_ep100_pre300" adversarial_hpc_submit.pbs </dev/null
[2026-09-03 17:30:31] [OK] VGG16/Cifar10/PGD/ALL
[2026-09-03 17:30:31] [OK] qsub output: Your job 6454784 ("adversarial_hpc_submit.pbs") has been submitted
[2026-09-03 17:30:31] [SUBMIT] VGG16/Cifar10/FGSM/ALL
[2026-09-03 17:30:31] [CMD] qsub -q all.q -l ngpus=1 -v MODEL="VGG16",DATASET="Cifar10",ATTACK="FGSM",KIND="ALL",PHASE="generate",OUTPUT_DIR="adversarial_results_ep300_pre100" adversarial_hpc_submit.pbs </dev/null
[2026-09-03 17:30:34] [OK] VGG16/Cifar10/PGD/ALL
[2026-09-03 17:30:34] [OK] qsub output: Your job 6454783 ("adversarial_hpc_submit.pbs") has been submitted
[2026-09-03 17:30:34] [SUBMIT] VGG16/Cifar10/FGSM/ALL
[2026-09-03 17:30:34] [CMD] qsub -q all.q -l ngpus=1 -v MODEL="VGG16",DATASET="Cifar10",ATTACK="FGSM",KIND="ALL",PHASE="generate",OUTPUT_DIR="adversarial_results_ep200_pre200" adversarial_hpc_submit.pbs </dev/null
[2026-09-03 17:30:36] [OK] VGG16/Cifar10/PGD/ALL
[2026-09-03 17:30:36] [OK] qsub output: Your job 6454785 ("adversarial_hpc_submit.pbs") has been submitted
[2026-09-03 17:30:37] [SUBMIT] VGG16/Cifar10/FGSM/ALL
[2026-09-03 17:30:37] [CMD] qsub -q all.q -l ngpus=1 -v MODEL="VGG16",DATASET="Cifar10",ATTACK="FGSM",KIND="ALL",PHASE="generate",OUTPUT_DIR="adversarial_results_ep100_pre300" adversarial_hpc_submit.pbs </dev/null
[2026-09-03 17:30:39] [OK] VGG16/Cifar10/FGSM/ALL
[2026-09-03 17:30:39] [OK] qsub output: Your job 6454787 ("adversarial_hpc_submit.pbs") has been submitted
[2026-09-03 17:30:39] [SUBMIT] VGG16/Cifar10/IFGSM/ALL
[2026-09-03 17:30:39] [CMD] qsub -q all.q -l ngpus=1 -v MODEL="VGG16",DATASET="Cifar10",ATTACK="IFGSM",KIND="ALL",PHASE="generate",OUTPUT_DIR="adversarial_results_ep200_pre200" adversarial_hpc_submit.pbs </dev/null
[2026-09-03 17:30:41] [OK] VGG16/Cifar10/FGSM/ALL
[2026-09-03 17:30:41] [OK] qsub output: Your job 6454788 ("adversarial_hpc_submit.pbs") has been submitted
[2026-09-03 17:30:42] [SUBMIT] VGG16/Cifar10/IFGSM/ALL
[2026-09-03 17:30:42] [CMD] qsub -q all.q -l ngpus=1 -v MODEL="VGG16",DATASET="Cifar10",ATTACK="IFGSM",KIND="ALL",PHASE="generate",OUTPUT_DIR="adversarial_results_ep100_pre300" adversarial_hpc_submit.pbs </dev/null
[2026-09-03 17:30:42] [OK] VGG16/Cifar10/FGSM/ALL
[2026-09-03 17:30:42] [OK] qsub output: Your job 6454786 ("adversarial_hpc_submit.pbs") has been submitted
[2026-09-03 17:30:42] [SUBMIT] VGG16/Cifar10/IFGSM/ALL
[2026-09-03 17:30:42] [CMD] qsub -q all.q -l ngpus=1 -v MODEL="VGG16",DATASET="Cifar10",ATTACK="IFGSM",KIND="ALL",PHASE="generate",OUTPUT_DIR="adversarial_results_ep300_pre100" adversarial_hpc_submit.pbs </dev/null
[2026-09-03 17:30:44] [OK] VGG16/Cifar10/IFGSM/ALL
[2026-09-03 17:30:44] [OK] qsub output: Your job 6454789 ("adversarial_hpc_submit.pbs") has been submitted
[2026-09-03 17:30:44] [SUBMIT] VGG16/Cifar10/BIM/ALL
[2026-09-03 17:30:44] [CMD] qsub -q all.q -l ngpus=1 -v MODEL="VGG16",DATASET="Cifar10",ATTACK="BIM",KIND="ALL",PHASE="generate",OUTPUT_DIR="adversarial_results_ep200_pre200" adversarial_hpc_submit.pbs </dev/null
[2026-09-03 17:30:45] [OK] VGG16/Cifar10/IFGSM/ALL
[2026-09-03 17:30:45] [OK] qsub output: Your job 6454790 ("adversarial_hpc_submit.pbs") has been submitted
[2026-09-03 17:30:45] [SUBMIT] VGG16/Cifar10/BIM/ALL
[2026-09-03 17:30:45] [CMD] qsub -q all.q -l ngpus=1 -v MODEL="VGG16",DATASET="Cifar10",ATTACK="BIM",KIND="ALL",PHASE="generate",OUTPUT_DIR="adversarial_results_ep100_pre300" adversarial_hpc_submit.pbs </dev/null
[2026-09-03 17:30:48] [OK] VGG16/Cifar10/BIM/ALL
[2026-09-03 17:30:48] [OK] qsub output: Your job 6454792 ("adversarial_hpc_submit.pbs") has been submitted
[2026-09-03 17:30:49] [SUBMIT] VGG16/Cifar10/APGD/ALL
[2026-09-03 17:30:49] [CMD] qsub -q all.q -l ngpus=1 -v MODEL="VGG16",DATASET="Cifar10",ATTACK="APGD",KIND="ALL",PHASE="generate",OUTPUT_DIR="adversarial_results_ep200_pre200" adversarial_hpc_submit.pbs </dev/null
[2026-09-03 17:30:54] [OK] VGG16/Cifar10/IFGSM/ALL
[2026-09-03 17:30:54] [OK] qsub output: Your job 6454791 ("adversarial_hpc_submit.pbs") has been submitted
[2026-09-03 17:30:54] [SUBMIT] VGG16/Cifar10/BIM/ALL
[2026-09-03 17:30:54] [CMD] qsub -q all.q -l ngpus=1 -v MODEL="VGG16",DATASET="Cifar10",ATTACK="BIM",KIND="ALL",PHASE="generate",OUTPUT_DIR="adversarial_results_ep300_pre100" adversarial_hpc_submit.pbs </dev/null
[2026-09-03 17:31:00] [OK] VGG16/Cifar10/APGD/ALL
[2026-09-03 17:31:00] [OK] qsub output: Your job 6454795 ("adversarial_hpc_submit.pbs") has been submitted
[2026-09-03 17:31:01] [SUBMIT] VGG16/Cifar10/CW/ALL
[2026-09-03 17:31:01] [CMD] qsub -q all.q -l ngpus=1 -v MODEL="VGG16",DATASET="Cifar10",ATTACK="CW",KIND="ALL",PHASE="generate",OUTPUT_DIR="adversarial_results_ep200_pre200" adversarial_hpc_submit.pbs </dev/null
[2026-09-03 17:31:04] [OK] VGG16/Cifar10/BIM/ALL
[2026-09-03 17:31:04] [OK] qsub output: Your job 6454794 ("adversarial_hpc_submit.pbs") has been submitted
[2026-09-03 17:31:04] [SUBMIT] VGG16/Cifar10/APGD/ALL
[2026-09-03 17:31:04] [CMD] qsub -q all.q -l ngpus=1 -v MODEL="VGG16",DATASET="Cifar10",ATTACK="APGD",KIND="ALL",PHASE="generate",OUTPUT_DIR="adversarial_results_ep100_pre300" adversarial_hpc_submit.pbs </dev/null
[2026-09-03 17:31:06] [OK] VGG16/Cifar10/BIM/ALL
[2026-09-03 17:31:06] [OK] qsub output: Your job 6454798 ("adversarial_hpc_submit.pbs") has been submitted
[2026-09-03 17:31:06] [SUBMIT] VGG16/Cifar10/APGD/ALL
[2026-09-03 17:31:06] [CMD] qsub -q all.q -l ngpus=1 -v MODEL="VGG16",DATASET="Cifar10",ATTACK="APGD",KIND="ALL",PHASE="generate",OUTPUT_DIR="adversarial_results_ep300_pre100" adversarial_hpc_submit.pbs </dev/null
[2026-09-03 17:31:14] [OK] VGG16/Cifar10/APGD/ALL
[2026-09-03 17:31:14] [OK] qsub output: Your job 6454801 ("adversarial_hpc_submit.pbs") has been submitted
[2026-09-03 17:31:14] [SUBMIT] VGG16/Cifar10/CW/ALL
[2026-09-03 17:31:14] [CMD] qsub -q all.q -l ngpus=1 -v MODEL="VGG16",DATASET="Cifar10",ATTACK="CW",KIND="ALL",PHASE="generate",OUTPUT_DIR="adversarial_results_ep100_pre300" adversarial_hpc_submit.pbs </dev/null
[2026-09-03 17:31:16] [OK] VGG16/Cifar10/CW/ALL
[2026-09-03 17:31:16] [OK] qsub output: Your job 6454800 ("adversarial_hpc_submit.pbs") has been submitted
[2026-09-03 17:31:16] [SUBMIT] VGG16/Cifar10/DeepFool/ALL
[2026-09-03 17:31:16] [CMD] qsub -q all.q -l ngpus=1 -v MODEL="VGG16",DATASET="Cifar10",ATTACK="DeepFool",KIND="ALL",PHASE="generate",OUTPUT_DIR="adversarial_results_ep200_pre200" adversarial_hpc_submit.pbs </dev/null
[2026-09-03 17:31:21] [OK] VGG16/Cifar10/APGD/ALL
[2026-09-03 17:31:21] [OK] qsub output: Your job 6454802 ("adversarial_hpc_submit.pbs") has been submitted
[2026-09-03 17:31:22] [SUBMIT] VGG16/Cifar10/CW/ALL
[2026-09-03 17:31:22] [CMD] qsub -q all.q -l ngpus=1 -v MODEL="VGG16",DATASET="Cifar10",ATTACK="CW",KIND="ALL",PHASE="generate",OUTPUT_DIR="adversarial_results_ep300_pre100" adversarial_hpc_submit.pbs </dev/null
[2026-09-03 17:31:22] [OK] VGG16/Cifar10/CW/ALL
[2026-09-03 17:31:22] [OK] qsub output: Your job 6454803 ("adversarial_hpc_submit.pbs") has been submitted
[2026-09-03 17:31:23] [SUBMIT] VGG16/Cifar10/DeepFool/ALL
[2026-09-03 17:31:23] [CMD] qsub -q all.q -l ngpus=1 -v MODEL="VGG16",DATASET="Cifar10",ATTACK="DeepFool",KIND="ALL",PHASE="generate",OUTPUT_DIR="adversarial_results_ep100_pre300" adversarial_hpc_submit.pbs </dev/null
[2026-09-03 17:31:28] [OK] VGG16/Cifar10/CW/ALL
[2026-09-03 17:31:28] [OK] qsub output: Your job 6454805 ("adversarial_hpc_submit.pbs") has been submitted
[2026-09-03 17:31:28] [SUBMIT] VGG16/Cifar10/DeepFool/ALL
[2026-09-03 17:31:28] [CMD] qsub -q all.q -l ngpus=1 -v MODEL="VGG16",DATASET="Cifar10",ATTACK="DeepFool",KIND="ALL",PHASE="generate",OUTPUT_DIR="adversarial_results_ep300_pre100" adversarial_hpc_submit.pbs </dev/null
[2026-09-03 17:31:31] [OK] VGG16/Cifar10/DeepFool/ALL
[2026-09-03 17:31:31] [OK] qsub output: Your job 6454804 ("adversarial_hpc_submit.pbs") has been submitted
[2026-09-03 17:31:31] [SUBMIT] VGG16/Cifar100/PGD/ALL
[2026-09-03 17:31:31] [CMD] qsub -q all.q -l ngpus=1 -v MODEL="VGG16",DATASET="Cifar100",ATTACK="PGD",KIND="ALL",PHASE="generate",OUTPUT_DIR="adversarial_results_ep200_pre200" adversarial_hpc_submit.pbs </dev/null
[2026-09-03 17:31:35] [OK] VGG16/Cifar10/DeepFool/ALL
[2026-09-03 17:31:35] [OK] qsub output: Your job 6454807 ("adversarial_hpc_submit.pbs") has been submitted
[2026-09-03 17:31:35] [SUBMIT] VGG16/Cifar100/PGD/ALL
[2026-09-03 17:31:35] [CMD] qsub -q all.q -l ngpus=1 -v MODEL="VGG16",DATASET="Cifar100",ATTACK="PGD",KIND="ALL",PHASE="generate",OUTPUT_DIR="adversarial_results_ep100_pre300" adversarial_hpc_submit.pbs </dev/null
[2026-09-03 17:31:36] [OK] VGG16/Cifar10/DeepFool/ALL
[2026-09-03 17:31:36] [OK] qsub output: Your job 6454808 ("adversarial_hpc_submit.pbs") has been submitted
[2026-09-03 17:31:36] [SUBMIT] VGG16/Cifar100/PGD/ALL
[2026-09-03 17:31:36] [CMD] qsub -q all.q -l ngpus=1 -v MODEL="VGG16",DATASET="Cifar100",ATTACK="PGD",KIND="ALL",PHASE="generate",OUTPUT_DIR="adversarial_results_ep300_pre100" adversarial_hpc_submit.pbs </dev/null
[2026-09-03 17:31:39] [OK] VGG16/Cifar100/PGD/ALL
[2026-09-03 17:31:39] [OK] qsub output: Your job 6454809 ("adversarial_hpc_submit.pbs") has been submitted
[2026-09-03 17:31:39] [SUBMIT] VGG16/Cifar100/FGSM/ALL
[2026-09-03 17:31:39] [CMD] qsub -q all.q -l ngpus=1 -v MODEL="VGG16",DATASET="Cifar100",ATTACK="FGSM",KIND="ALL",PHASE="generate",OUTPUT_DIR="adversarial_results_ep200_pre200" adversarial_hpc_submit.pbs </dev/null
[2026-09-03 17:31:41] [OK] VGG16/Cifar100/PGD/ALL
[2026-09-03 17:31:41] [OK] qsub output: Your job 6454810 ("adversarial_hpc_submit.pbs") has been submitted
[2026-09-03 17:31:41] [SUBMIT] VGG16/Cifar100/FGSM/ALL
[2026-09-03 17:31:41] [CMD] qsub -q all.q -l ngpus=1 -v MODEL="VGG16",DATASET="Cifar100",ATTACK="FGSM",KIND="ALL",PHASE="generate",OUTPUT_DIR="adversarial_results_ep100_pre300" adversarial_hpc_submit.pbs </dev/null
[2026-09-03 17:31:42] [OK] VGG16/Cifar100/FGSM/ALL
[2026-09-03 17:31:42] [OK] qsub output: Your job 6454812 ("adversarial_hpc_submit.pbs") has been submitted
[2026-09-03 17:31:43] [SUBMIT] VGG16/Cifar100/IFGSM/ALL
[2026-09-03 17:31:43] [CMD] qsub -q all.q -l ngpus=1 -v MODEL="VGG16",DATASET="Cifar100",ATTACK="IFGSM",KIND="ALL",PHASE="generate",OUTPUT_DIR="adversarial_results_ep200_pre200" adversarial_hpc_submit.pbs </dev/null
[2026-09-03 17:31:46] [OK] VGG16/Cifar100/PGD/ALL
[2026-09-03 17:31:46] [OK] qsub output: Your job 6454811 ("adversarial_hpc_submit.pbs") has been submitted
[2026-09-03 17:31:46] [SUBMIT] VGG16/Cifar100/FGSM/ALL
[2026-09-03 17:31:46] [CMD] qsub -q all.q -l ngpus=1 -v MODEL="VGG16",DATASET="Cifar100",ATTACK="FGSM",KIND="ALL",PHASE="generate",OUTPUT_DIR="adversarial_results_ep300_pre100" adversarial_hpc_submit.pbs </dev/null
[2026-09-03 17:31:47] [OK] VGG16/Cifar100/FGSM/ALL
[2026-09-03 17:31:47] [OK] qsub output: Your job 6454813 ("adversarial_hpc_submit.pbs") has been submitted
[2026-09-03 17:31:47] [SUBMIT] VGG16/Cifar100/IFGSM/ALL
[2026-09-03 17:31:47] [CMD] qsub -q all.q -l ngpus=1 -v MODEL="VGG16",DATASET="Cifar100",ATTACK="IFGSM",KIND="ALL",PHASE="generate",OUTPUT_DIR="adversarial_results_ep100_pre300" adversarial_hpc_submit.pbs </dev/null
[2026-09-03 17:31:53] [OK] VGG16/Cifar100/FGSM/ALL
[2026-09-03 17:31:53] [OK] qsub output: Your job 6454815 ("adversarial_hpc_submit.pbs") has been submitted
[2026-09-03 17:31:53] [SUBMIT] VGG16/Cifar100/IFGSM/ALL
[2026-09-03 17:31:53] [CMD] qsub -q all.q -l ngpus=1 -v MODEL="VGG16",DATASET="Cifar100",ATTACK="IFGSM",KIND="ALL",PHASE="generate",OUTPUT_DIR="adversarial_results_ep300_pre100" adversarial_hpc_submit.pbs </dev/null
[2026-09-03 17:31:53] [OK] VGG16/Cifar100/IFGSM/ALL
[2026-09-03 17:31:53] [OK] qsub output: Your job 6454814 ("adversarial_hpc_submit.pbs") has been submitted
[2026-09-03 17:31:53] [SUBMIT] VGG16/Cifar100/BIM/ALL
[2026-09-03 17:31:53] [CMD] qsub -q all.q -l ngpus=1 -v MODEL="VGG16",DATASET="Cifar100",ATTACK="BIM",KIND="ALL",PHASE="generate",OUTPUT_DIR="adversarial_results_ep200_pre200" adversarial_hpc_submit.pbs </dev/null
[2026-09-03 17:31:55] [OK] VGG16/Cifar100/IFGSM/ALL
[2026-09-03 17:31:55] [OK] qsub output: Your job 6454817 ("adversarial_hpc_submit.pbs") has been submitted
[2026-09-03 17:31:55] [SUBMIT] VGG16/Cifar100/BIM/ALL
[2026-09-03 17:31:55] [CMD] qsub -q all.q -l ngpus=1 -v MODEL="VGG16",DATASET="Cifar100",ATTACK="BIM",KIND="ALL",PHASE="generate",OUTPUT_DIR="adversarial_results_ep300_pre100" adversarial_hpc_submit.pbs </dev/null
[2026-09-03 17:32:00] [OK] VGG16/Cifar100/BIM/ALL
[2026-09-03 17:32:00] [OK] qsub output: Your job 6454818 ("adversarial_hpc_submit.pbs") has been submitted
[2026-09-03 17:32:00] [SUBMIT] VGG16/Cifar100/APGD/ALL
[2026-09-03 17:32:00] [CMD] qsub -q all.q -l ngpus=1 -v MODEL="VGG16",DATASET="Cifar100",ATTACK="APGD",KIND="ALL",PHASE="generate",OUTPUT_DIR="adversarial_results_ep200_pre200" adversarial_hpc_submit.pbs </dev/null
[2026-09-03 17:32:00] [OK] VGG16/Cifar100/IFGSM/ALL
[2026-09-03 17:32:00] [OK] qsub output: Your job 6454816 ("adversarial_hpc_submit.pbs") has been submitted
[2026-09-03 17:32:00] [SUBMIT] VGG16/Cifar100/BIM/ALL
[2026-09-03 17:32:00] [CMD] qsub -q all.q -l ngpus=1 -v MODEL="VGG16",DATASET="Cifar100",ATTACK="BIM",KIND="ALL",PHASE="generate",OUTPUT_DIR="adversarial_results_ep100_pre300" adversarial_hpc_submit.pbs </dev/null
[2026-09-03 17:32:07] [OK] VGG16/Cifar100/APGD/ALL
[2026-09-03 17:32:07] [OK] qsub output: Your job 6454821 ("adversarial_hpc_submit.pbs") has been submitted
[2026-09-03 17:32:07] [SUBMIT] VGG16/Cifar100/CW/ALL
[2026-09-03 17:32:07] [CMD] qsub -q all.q -l ngpus=1 -v MODEL="VGG16",DATASET="Cifar100",ATTACK="CW",KIND="ALL",PHASE="generate",OUTPUT_DIR="adversarial_results_ep200_pre200" adversarial_hpc_submit.pbs </dev/null
[2026-09-03 17:32:10] [OK] VGG16/Cifar100/BIM/ALL
[2026-09-03 17:32:10] [OK] qsub output: Your job 6454819 ("adversarial_hpc_submit.pbs") has been submitted
[2026-09-03 17:32:10] [SUBMIT] VGG16/Cifar100/APGD/ALL
[2026-09-03 17:32:10] [CMD] qsub -q all.q -l ngpus=1 -v MODEL="VGG16",DATASET="Cifar100",ATTACK="APGD",KIND="ALL",PHASE="generate",OUTPUT_DIR="adversarial_results_ep300_pre100" adversarial_hpc_submit.pbs </dev/null
[2026-09-03 17:32:14] [OK] VGG16/Cifar100/BIM/ALL
[2026-09-03 17:32:14] [OK] qsub output: Your job 6454822 ("adversarial_hpc_submit.pbs") has been submitted
[2026-09-03 17:32:15] [SUBMIT] VGG16/Cifar100/APGD/ALL
[2026-09-03 17:32:15] [CMD] qsub -q all.q -l ngpus=1 -v MODEL="VGG16",DATASET="Cifar100",ATTACK="APGD",KIND="ALL",PHASE="generate",OUTPUT_DIR="adversarial_results_ep100_pre300" adversarial_hpc_submit.pbs </dev/null
[2026-09-03 17:32:21] [OK] VGG16/Cifar100/CW/ALL
[2026-09-03 17:32:21] [OK] qsub output: Your job 6454824 ("adversarial_hpc_submit.pbs") has been submitted
[2026-09-03 17:32:21] [SUBMIT] VGG16/Cifar100/DeepFool/ALL
[2026-09-03 17:32:21] [CMD] qsub -q all.q -l ngpus=1 -v MODEL="VGG16",DATASET="Cifar100",ATTACK="DeepFool",KIND="ALL",PHASE="generate",OUTPUT_DIR="adversarial_results_ep200_pre200" adversarial_hpc_submit.pbs </dev/null
[2026-09-03 17:32:23] [OK] VGG16/Cifar100/APGD/ALL
[2026-09-03 17:32:24] [OK] qsub output: Your job 6454825 ("adversarial_hpc_submit.pbs") has been submitted
[2026-09-03 17:32:24] [SUBMIT] VGG16/Cifar100/CW/ALL
[2026-09-03 17:32:24] [CMD] qsub -q all.q -l ngpus=1 -v MODEL="VGG16",DATASET="Cifar100",ATTACK="CW",KIND="ALL",PHASE="generate",OUTPUT_DIR="adversarial_results_ep300_pre100" adversarial_hpc_submit.pbs </dev/null
[2026-09-03 17:32:26] [OK] VGG16/Cifar100/DeepFool/ALL
[2026-09-03 17:32:26] [OK] qsub output: Your job 6454827 ("adversarial_hpc_submit.pbs") has been submitted
[2026-09-03 17:32:26] [SUBMIT] RegNetX_400MF/Cifar10/PGD/ALL
[2026-09-03 17:32:26] [CMD] qsub -q all.q -l ngpus=1 -v MODEL="RegNetX_400MF",DATASET="Cifar10",ATTACK="PGD",KIND="ALL",PHASE="generate",OUTPUT_DIR="adversarial_results_ep200_pre200" adversarial_hpc_submit.pbs </dev/null
[2026-09-03 17:32:29] [OK] VGG16/Cifar100/APGD/ALL
[2026-09-03 17:32:29] [OK] qsub output: Your job 6454826 ("adversarial_hpc_submit.pbs") has been submitted
[2026-09-03 17:32:30] [SUBMIT] VGG16/Cifar100/CW/ALL
[2026-09-03 17:32:30] [CMD] qsub -q all.q -l ngpus=1 -v MODEL="VGG16",DATASET="Cifar100",ATTACK="CW",KIND="ALL",PHASE="generate",OUTPUT_DIR="adversarial_results_ep100_pre300" adversarial_hpc_submit.pbs </dev/null
[2026-09-03 17:32:37] [OK] VGG16/Cifar100/CW/ALL
[2026-09-03 17:32:37] [OK] qsub output: Your job 6454829 ("adversarial_hpc_submit.pbs") has been submitted
[2026-09-03 17:32:38] [SUBMIT] VGG16/Cifar100/DeepFool/ALL
[2026-09-03 17:32:38] [CMD] qsub -q all.q -l ngpus=1 -v MODEL="VGG16",DATASET="Cifar100",ATTACK="DeepFool",KIND="ALL",PHASE="generate",OUTPUT_DIR="adversarial_results_ep300_pre100" adversarial_hpc_submit.pbs </dev/null
[2026-09-03 17:32:41] [OK] RegNetX_400MF/Cifar10/PGD/ALL
[2026-09-03 17:32:41] [OK] qsub output: Your job 6454830 ("adversarial_hpc_submit.pbs") has been submitted
[2026-09-03 17:32:41] [SUBMIT] RegNetX_400MF/Cifar10/FGSM/ALL
[2026-09-03 17:32:41] [CMD] qsub -q all.q -l ngpus=1 -v MODEL="RegNetX_400MF",DATASET="Cifar10",ATTACK="FGSM",KIND="ALL",PHASE="generate",OUTPUT_DIR="adversarial_results_ep200_pre200" adversarial_hpc_submit.pbs </dev/null
[2026-09-03 17:32:42] [OK] VGG16/Cifar100/CW/ALL
[2026-09-03 17:32:42] [OK] qsub output: Your job 6454831 ("adversarial_hpc_submit.pbs") has been submitted
[2026-09-03 17:32:42] [SUBMIT] VGG16/Cifar100/DeepFool/ALL
[2026-09-03 17:32:42] [CMD] qsub -q all.q -l ngpus=1 -v MODEL="VGG16",DATASET="Cifar100",ATTACK="DeepFool",KIND="ALL",PHASE="generate",OUTPUT_DIR="adversarial_results_ep100_pre300" adversarial_hpc_submit.pbs </dev/null
[2026-09-03 17:32:43] [OK] RegNetX_400MF/Cifar10/FGSM/ALL
[2026-09-03 17:32:43] [OK] qsub output: Your job 6454834 ("adversarial_hpc_submit.pbs") has been submitted
[2026-09-03 17:32:44] [SUBMIT] RegNetX_400MF/Cifar10/IFGSM/ALL
[2026-09-03 17:32:44] [CMD] qsub -q all.q -l ngpus=1 -v MODEL="RegNetX_400MF",DATASET="Cifar10",ATTACK="IFGSM",KIND="ALL",PHASE="generate",OUTPUT_DIR="adversarial_results_ep200_pre200" adversarial_hpc_submit.pbs </dev/null
[2026-09-03 17:32:47] [OK] VGG16/Cifar100/DeepFool/ALL
[2026-09-03 17:32:47] [OK] qsub output: Your job 6454833 ("adversarial_hpc_submit.pbs") has been submitted
[2026-09-03 17:32:48] [SUBMIT] RegNetX_400MF/Cifar10/PGD/ALL
[2026-09-03 17:32:48] [CMD] qsub -q all.q -l ngpus=1 -v MODEL="RegNetX_400MF",DATASET="Cifar10",ATTACK="PGD",KIND="ALL",PHASE="generate",OUTPUT_DIR="adversarial_results_ep300_pre100" adversarial_hpc_submit.pbs </dev/null
[2026-09-03 17:32:49] [OK] VGG16/Cifar100/DeepFool/ALL
[2026-09-03 17:32:49] [OK] qsub output: Your job 6454835 ("adversarial_hpc_submit.pbs") has been submitted
[2026-09-03 17:32:49] [SUBMIT] RegNetX_400MF/Cifar10/PGD/ALL
[2026-09-03 17:32:49] [CMD] qsub -q all.q -l ngpus=1 -v MODEL="RegNetX_400MF",DATASET="Cifar10",ATTACK="PGD",KIND="ALL",PHASE="generate",OUTPUT_DIR="adversarial_results_ep100_pre300" adversarial_hpc_submit.pbs </dev/null
[2026-09-03 17:32:53] [OK] RegNetX_400MF/Cifar10/PGD/ALL
[2026-09-03 17:32:53] [OK] qsub output: Your job 6454837 ("adversarial_hpc_submit.pbs") has been submitted
[2026-09-03 17:32:53] [SUBMIT] RegNetX_400MF/Cifar10/FGSM/ALL
[2026-09-03 17:32:53] [CMD] qsub -q all.q -l ngpus=1 -v MODEL="RegNetX_400MF",DATASET="Cifar10",ATTACK="FGSM",KIND="ALL",PHASE="generate",OUTPUT_DIR="adversarial_results_ep300_pre100" adversarial_hpc_submit.pbs </dev/null
[2026-09-03 17:32:55] [OK] RegNetX_400MF/Cifar10/IFGSM/ALL
[2026-09-03 17:32:55] [OK] qsub output: Your job 6454836 ("adversarial_hpc_submit.pbs") has been submitted
[2026-09-03 17:32:55] [SUBMIT] RegNetX_400MF/Cifar10/BIM/ALL
[2026-09-03 17:32:55] [CMD] qsub -q all.q -l ngpus=1 -v MODEL="RegNetX_400MF",DATASET="Cifar10",ATTACK="BIM",KIND="ALL",PHASE="generate",OUTPUT_DIR="adversarial_results_ep200_pre200" adversarial_hpc_submit.pbs </dev/null
[2026-09-03 17:33:00] [OK] RegNetX_400MF/Cifar10/PGD/ALL
[2026-09-03 17:33:00] [OK] qsub output: Your job 6454838 ("adversarial_hpc_submit.pbs") has been submitted
[2026-09-03 17:33:00] [SUBMIT] RegNetX_400MF/Cifar10/FGSM/ALL
[2026-09-03 17:33:00] [CMD] qsub -q all.q -l ngpus=1 -v MODEL="RegNetX_400MF",DATASET="Cifar10",ATTACK="FGSM",KIND="ALL",PHASE="generate",OUTPUT_DIR="adversarial_results_ep100_pre300" adversarial_hpc_submit.pbs </dev/null
[2026-09-03 17:33:04] [OK] RegNetX_400MF/Cifar10/FGSM/ALL
[2026-09-03 17:33:04] [OK] qsub output: Your job 6454839 ("adversarial_hpc_submit.pbs") has been submitted
[2026-09-03 17:33:04] [SUBMIT] RegNetX_400MF/Cifar10/IFGSM/ALL
[2026-09-03 17:33:04] [CMD] qsub -q all.q -l ngpus=1 -v MODEL="RegNetX_400MF",DATASET="Cifar10",ATTACK="IFGSM",KIND="ALL",PHASE="generate",OUTPUT_DIR="adversarial_results_ep300_pre100" adversarial_hpc_submit.pbs </dev/null
[2026-09-03 17:33:09] [OK] RegNetX_400MF/Cifar10/BIM/ALL
[2026-09-03 17:33:09] [OK] qsub output: Your job 6454840 ("adversarial_hpc_submit.pbs") has been submitted
[2026-09-03 17:33:09] [SUBMIT] RegNetX_400MF/Cifar10/APGD/ALL
[2026-09-03 17:33:09] [CMD] qsub -q all.q -l ngpus=1 -v MODEL="RegNetX_400MF",DATASET="Cifar10",ATTACK="APGD",KIND="ALL",PHASE="generate",OUTPUT_DIR="adversarial_results_ep200_pre200" adversarial_hpc_submit.pbs </dev/null
[2026-09-03 17:33:14] [OK] RegNetX_400MF/Cifar10/FGSM/ALL
[2026-09-03 17:33:14] [OK] qsub output: Your job 6454842 ("adversarial_hpc_submit.pbs") has been submitted
[2026-09-03 17:33:14] [SUBMIT] RegNetX_400MF/Cifar10/IFGSM/ALL
[2026-09-03 17:33:14] [CMD] qsub -q all.q -l ngpus=1 -v MODEL="RegNetX_400MF",DATASET="Cifar10",ATTACK="IFGSM",KIND="ALL",PHASE="generate",OUTPUT_DIR="adversarial_results_ep100_pre300" adversarial_hpc_submit.pbs </dev/null
[2026-09-03 17:33:16] [OK] RegNetX_400MF/Cifar10/IFGSM/ALL
[2026-09-03 17:33:16] [OK] qsub output: Your job 6454843 ("adversarial_hpc_submit.pbs") has been submitted
[2026-09-03 17:33:16] [SUBMIT] RegNetX_400MF/Cifar10/BIM/ALL
[2026-09-03 17:33:16] [CMD] qsub -q all.q -l ngpus=1 -v MODEL="RegNetX_400MF",DATASET="Cifar10",ATTACK="BIM",KIND="ALL",PHASE="generate",OUTPUT_DIR="adversarial_results_ep300_pre100" adversarial_hpc_submit.pbs </dev/null
[2026-09-03 17:33:23] [OK] RegNetX_400MF/Cifar10/APGD/ALL
[2026-09-03 17:33:23] [OK] qsub output: Your job 6454844 ("adversarial_hpc_submit.pbs") has been submitted
[2026-09-03 17:33:23] [SUBMIT] RegNetX_400MF/Cifar10/CW/ALL
[2026-09-03 17:33:23] [CMD] qsub -q all.q -l ngpus=1 -v MODEL="RegNetX_400MF",DATASET="Cifar10",ATTACK="CW",KIND="ALL",PHASE="generate",OUTPUT_DIR="adversarial_results_ep200_pre200" adversarial_hpc_submit.pbs </dev/null
[2026-09-03 17:33:24] [OK] RegNetX_400MF/Cifar10/IFGSM/ALL
[2026-09-03 17:33:24] [OK] qsub output: Your job 6454845 ("adversarial_hpc_submit.pbs") has been submitted
[2026-09-03 17:33:24] [SUBMIT] RegNetX_400MF/Cifar10/BIM/ALL
[2026-09-03 17:33:24] [CMD] qsub -q all.q -l ngpus=1 -v MODEL="RegNetX_400MF",DATASET="Cifar10",ATTACK="BIM",KIND="ALL",PHASE="generate",OUTPUT_DIR="adversarial_results_ep100_pre300" adversarial_hpc_submit.pbs </dev/null
[2026-09-03 17:33:26] [OK] RegNetX_400MF/Cifar10/BIM/ALL
[2026-09-03 17:33:26] [OK] qsub output: Your job 6454846 ("adversarial_hpc_submit.pbs") has been submitted
[2026-09-03 17:33:26] [SUBMIT] RegNetX_400MF/Cifar10/APGD/ALL
[2026-09-03 17:33:26] [CMD] qsub -q all.q -l ngpus=1 -v MODEL="RegNetX_400MF",DATASET="Cifar10",ATTACK="APGD",KIND="ALL",PHASE="generate",OUTPUT_DIR="adversarial_results_ep300_pre100" adversarial_hpc_submit.pbs </dev/null
[2026-09-03 17:33:27] [OK] RegNetX_400MF/Cifar10/CW/ALL
[2026-09-03 17:33:27] [OK] qsub output: Your job 6454847 ("adversarial_hpc_submit.pbs") has been submitted
[2026-09-03 17:33:27] [SUBMIT] RegNetX_400MF/Cifar10/DeepFool/ALL
[2026-09-03 17:33:27] [CMD] qsub -q all.q -l ngpus=1 -v MODEL="RegNetX_400MF",DATASET="Cifar10",ATTACK="DeepFool",KIND="ALL",PHASE="generate",OUTPUT_DIR="adversarial_results_ep200_pre200" adversarial_hpc_submit.pbs </dev/null
[2026-09-03 17:33:28] [OK] RegNetX_400MF/Cifar10/BIM/ALL
[2026-09-03 17:33:28] [OK] qsub output: Your job 6454848 ("adversarial_hpc_submit.pbs") has been submitted
[2026-09-03 17:33:28] [SUBMIT] RegNetX_400MF/Cifar10/APGD/ALL
[2026-09-03 17:33:28] [CMD] qsub -q all.q -l ngpus=1 -v MODEL="RegNetX_400MF",DATASET="Cifar10",ATTACK="APGD",KIND="ALL",PHASE="generate",OUTPUT_DIR="adversarial_results_ep100_pre300" adversarial_hpc_submit.pbs </dev/null
[2026-09-03 17:33:29] [OK] RegNetX_400MF/Cifar10/APGD/ALL
[2026-09-03 17:33:29] [OK] qsub output: Your job 6454849 ("adversarial_hpc_submit.pbs") has been submitted
[2026-09-03 17:33:29] [SUBMIT] RegNetX_400MF/Cifar10/CW/ALL
[2026-09-03 17:33:29] [CMD] qsub -q all.q -l ngpus=1 -v MODEL="RegNetX_400MF",DATASET="Cifar10",ATTACK="CW",KIND="ALL",PHASE="generate",OUTPUT_DIR="adversarial_results_ep300_pre100" adversarial_hpc_submit.pbs </dev/null
[2026-09-03 17:33:32] [OK] RegNetX_400MF/Cifar10/DeepFool/ALL
[2026-09-03 17:33:32] [OK] qsub output: Your job 6454850 ("adversarial_hpc_submit.pbs") has been submitted
[2026-09-03 17:33:32] [SUBMIT] RegNetX_400MF/Cifar100/PGD/ALL
[2026-09-03 17:33:32] [CMD] qsub -q all.q -l ngpus=1 -v MODEL="RegNetX_400MF",DATASET="Cifar100",ATTACK="PGD",KIND="ALL",PHASE="generate",OUTPUT_DIR="adversarial_results_ep200_pre200" adversarial_hpc_submit.pbs </dev/null
[2026-09-03 17:33:35] [OK] RegNetX_400MF/Cifar10/APGD/ALL
[2026-09-03 17:33:35] [OK] qsub output: Your job 6454851 ("adversarial_hpc_submit.pbs") has been submitted
[2026-09-03 17:33:35] [SUBMIT] RegNetX_400MF/Cifar10/CW/ALL
[2026-09-03 17:33:35] [CMD] qsub -q all.q -l ngpus=1 -v MODEL="RegNetX_400MF",DATASET="Cifar10",ATTACK="CW",KIND="ALL",PHASE="generate",OUTPUT_DIR="adversarial_results_ep100_pre300" adversarial_hpc_submit.pbs </dev/null
[2026-09-03 17:33:35] [OK] RegNetX_400MF/Cifar10/CW/ALL
[2026-09-03 17:33:35] [OK] qsub output: Your job 6454852 ("adversarial_hpc_submit.pbs") has been submitted
[2026-09-03 17:33:35] [SUBMIT] RegNetX_400MF/Cifar10/DeepFool/ALL
[2026-09-03 17:33:35] [CMD] qsub -q all.q -l ngpus=1 -v MODEL="RegNetX_400MF",DATASET="Cifar10",ATTACK="DeepFool",KIND="ALL",PHASE="generate",OUTPUT_DIR="adversarial_results_ep300_pre100" adversarial_hpc_submit.pbs </dev/null
[2026-09-03 17:33:37] [OK] RegNetX_400MF/Cifar100/PGD/ALL
[2026-09-03 17:33:37] [OK] qsub output: Your job 6454853 ("adversarial_hpc_submit.pbs") has been submitted
[2026-09-03 17:33:37] [SUBMIT] RegNetX_400MF/Cifar100/FGSM/ALL
[2026-09-03 17:33:37] [CMD] qsub -q all.q -l ngpus=1 -v MODEL="RegNetX_400MF",DATASET="Cifar100",ATTACK="FGSM",KIND="ALL",PHASE="generate",OUTPUT_DIR="adversarial_results_ep200_pre200" adversarial_hpc_submit.pbs </dev/null
[2026-09-03 17:33:42] [OK] RegNetX_400MF/Cifar10/CW/ALL
[2026-09-03 17:33:42] [OK] qsub output: Your job 6454854 ("adversarial_hpc_submit.pbs") has been submitted
[2026-09-03 17:33:43] [SUBMIT] RegNetX_400MF/Cifar10/DeepFool/ALL
[2026-09-03 17:33:43] [CMD] qsub -q all.q -l ngpus=1 -v MODEL="RegNetX_400MF",DATASET="Cifar10",ATTACK="DeepFool",KIND="ALL",PHASE="generate",OUTPUT_DIR="adversarial_results_ep100_pre300" adversarial_hpc_submit.pbs </dev/null
[2026-09-03 17:33:44] [OK] RegNetX_400MF/Cifar100/FGSM/ALL
[2026-09-03 17:33:44] [OK] qsub output: Your job 6454856 ("adversarial_hpc_submit.pbs") has been submitted
[2026-09-03 17:33:44] [SUBMIT] RegNetX_400MF/Cifar100/IFGSM/ALL
[2026-09-03 17:33:44] [CMD] qsub -q all.q -l ngpus=1 -v MODEL="RegNetX_400MF",DATASET="Cifar100",ATTACK="IFGSM",KIND="ALL",PHASE="generate",OUTPUT_DIR="adversarial_results_ep200_pre200" adversarial_hpc_submit.pbs </dev/null
[2026-09-03 17:33:47] [OK] RegNetX_400MF/Cifar10/DeepFool/ALL
[2026-09-03 17:33:47] [OK] qsub output: Your job 6454855 ("adversarial_hpc_submit.pbs") has been submitted
[2026-09-03 17:33:47] [SUBMIT] RegNetX_400MF/Cifar100/PGD/ALL
[2026-09-03 17:33:47] [CMD] qsub -q all.q -l ngpus=1 -v MODEL="RegNetX_400MF",DATASET="Cifar100",ATTACK="PGD",KIND="ALL",PHASE="generate",OUTPUT_DIR="adversarial_results_ep300_pre100" adversarial_hpc_submit.pbs </dev/null
[2026-09-03 17:33:50] [OK] RegNetX_400MF/Cifar100/IFGSM/ALL
[2026-09-03 17:33:50] [OK] qsub output: Your job 6454858 ("adversarial_hpc_submit.pbs") has been submitted
[2026-09-03 17:33:50] [SUBMIT] RegNetX_400MF/Cifar100/BIM/ALL
[2026-09-03 17:33:50] [CMD] qsub -q all.q -l ngpus=1 -v MODEL="RegNetX_400MF",DATASET="Cifar100",ATTACK="BIM",KIND="ALL",PHASE="generate",OUTPUT_DIR="adversarial_results_ep200_pre200" adversarial_hpc_submit.pbs </dev/null
[2026-09-03 17:33:52] [OK] RegNetX_400MF/Cifar100/PGD/ALL
[2026-09-03 17:33:52] [OK] qsub output: Your job 6454859 ("adversarial_hpc_submit.pbs") has been submitted
[2026-09-03 17:33:52] [SUBMIT] RegNetX_400MF/Cifar100/FGSM/ALL
[2026-09-03 17:33:52] [CMD] qsub -q all.q -l ngpus=1 -v MODEL="RegNetX_400MF",DATASET="Cifar100",ATTACK="FGSM",KIND="ALL",PHASE="generate",OUTPUT_DIR="adversarial_results_ep300_pre100" adversarial_hpc_submit.pbs </dev/null
[2026-09-03 17:33:53] [OK] RegNetX_400MF/Cifar10/DeepFool/ALL
[2026-09-03 17:33:53] [OK] qsub output: Your job 6454857 ("adversarial_hpc_submit.pbs") has been submitted
[2026-09-03 17:33:53] [SUBMIT] RegNetX_400MF/Cifar100/PGD/ALL
[2026-09-03 17:33:53] [CMD] qsub -q all.q -l ngpus=1 -v MODEL="RegNetX_400MF",DATASET="Cifar100",ATTACK="PGD",KIND="ALL",PHASE="generate",OUTPUT_DIR="adversarial_results_ep100_pre300" adversarial_hpc_submit.pbs </dev/null
[2026-09-03 17:34:01] [OK] RegNetX_400MF/Cifar100/FGSM/ALL
[2026-09-03 17:34:01] [OK] qsub output: Your job 6454861 ("adversarial_hpc_submit.pbs") has been submitted
[2026-09-03 17:34:02] [SUBMIT] RegNetX_400MF/Cifar100/IFGSM/ALL
[2026-09-03 17:34:02] [CMD] qsub -q all.q -l ngpus=1 -v MODEL="RegNetX_400MF",DATASET="Cifar100",ATTACK="IFGSM",KIND="ALL",PHASE="generate",OUTPUT_DIR="adversarial_results_ep300_pre100" adversarial_hpc_submit.pbs </dev/null
[2026-09-03 17:34:02] [OK] RegNetX_400MF/Cifar100/BIM/ALL
[2026-09-03 17:34:02] [OK] qsub output: Your job 6454860 ("adversarial_hpc_submit.pbs") has been submitted
[2026-09-03 17:34:02] [SUBMIT] RegNetX_400MF/Cifar100/APGD/ALL
[2026-09-03 17:34:02] [CMD] qsub -q all.q -l ngpus=1 -v MODEL="RegNetX_400MF",DATASET="Cifar100",ATTACK="APGD",KIND="ALL",PHASE="generate",OUTPUT_DIR="adversarial_results_ep200_pre200" adversarial_hpc_submit.pbs </dev/null
[2026-09-03 17:34:04] [OK] RegNetX_400MF/Cifar100/PGD/ALL
[2026-09-03 17:34:04] [OK] qsub output: Your job 6454862 ("adversarial_hpc_submit.pbs") has been submitted
[2026-09-03 17:34:04] [SUBMIT] RegNetX_400MF/Cifar100/FGSM/ALL
[2026-09-03 17:34:04] [CMD] qsub -q all.q -l ngpus=1 -v MODEL="RegNetX_400MF",DATASET="Cifar100",ATTACK="FGSM",KIND="ALL",PHASE="generate",OUTPUT_DIR="adversarial_results_ep100_pre300" adversarial_hpc_submit.pbs </dev/null
[2026-09-03 17:34:07] [OK] RegNetX_400MF/Cifar100/APGD/ALL
[2026-09-03 17:34:07] [OK] qsub output: Your job 6454864 ("adversarial_hpc_submit.pbs") has been submitted
[2026-09-03 17:34:07] [SUBMIT] RegNetX_400MF/Cifar100/CW/ALL
[2026-09-03 17:34:07] [CMD] qsub -q all.q -l ngpus=1 -v MODEL="RegNetX_400MF",DATASET="Cifar100",ATTACK="CW",KIND="ALL",PHASE="generate",OUTPUT_DIR="adversarial_results_ep200_pre200" adversarial_hpc_submit.pbs </dev/null
[2026-09-03 17:34:10] [OK] RegNetX_400MF/Cifar100/IFGSM/ALL
[2026-09-03 17:34:10] [OK] qsub output: Your job 6454863 ("adversarial_hpc_submit.pbs") has been submitted
[2026-09-03 17:34:10] [SUBMIT] RegNetX_400MF/Cifar100/BIM/ALL
[2026-09-03 17:34:11] [CMD] qsub -q all.q -l ngpus=1 -v MODEL="RegNetX_400MF",DATASET="Cifar100",ATTACK="BIM",KIND="ALL",PHASE="generate",OUTPUT_DIR="adversarial_results_ep300_pre100" adversarial_hpc_submit.pbs </dev/null
[2026-09-03 17:34:16] [OK] RegNetX_400MF/Cifar100/FGSM/ALL
[2026-09-03 17:34:16] [OK] qsub output: Your job 6454865 ("adversarial_hpc_submit.pbs") has been submitted
[2026-09-03 17:34:16] [SUBMIT] RegNetX_400MF/Cifar100/IFGSM/ALL
[2026-09-03 17:34:16] [CMD] qsub -q all.q -l ngpus=1 -v MODEL="RegNetX_400MF",DATASET="Cifar100",ATTACK="IFGSM",KIND="ALL",PHASE="generate",OUTPUT_DIR="adversarial_results_ep100_pre300" adversarial_hpc_submit.pbs </dev/null
[2026-09-03 17:34:18] [OK] RegNetX_400MF/Cifar100/CW/ALL
[2026-09-03 17:34:18] [OK] qsub output: Your job 6454866 ("adversarial_hpc_submit.pbs") has been submitted
[2026-09-03 17:34:18] [SUBMIT] RegNetX_400MF/Cifar100/DeepFool/ALL
[2026-09-03 17:34:18] [CMD] qsub -q all.q -l ngpus=1 -v MODEL="RegNetX_400MF",DATASET="Cifar100",ATTACK="DeepFool",KIND="ALL",PHASE="generate",OUTPUT_DIR="adversarial_results_ep200_pre200" adversarial_hpc_submit.pbs </dev/null
[2026-09-03 17:34:22] [OK] RegNetX_400MF/Cifar100/BIM/ALL
[2026-09-03 17:34:22] [OK] qsub output: Your job 6454867 ("adversarial_hpc_submit.pbs") has been submitted
[2026-09-03 17:34:22] [SUBMIT] RegNetX_400MF/Cifar100/APGD/ALL
[2026-09-03 17:34:22] [CMD] qsub -q all.q -l ngpus=1 -v MODEL="RegNetX_400MF",DATASET="Cifar100",ATTACK="APGD",KIND="ALL",PHASE="generate",OUTPUT_DIR="adversarial_results_ep300_pre100" adversarial_hpc_submit.pbs </dev/null
[2026-09-03 17:34:23] [OK] RegNetX_400MF/Cifar100/IFGSM/ALL
[2026-09-03 17:34:24] [OK] qsub output: Your job 6454868 ("adversarial_hpc_submit.pbs") has been submitted
[2026-09-03 17:34:24] [OK] RegNetX_400MF/Cifar100/DeepFool/ALL
[2026-09-03 17:34:24] [OK] qsub output: Your job 6454869 ("adversarial_hpc_submit.pbs") has been submitted
[2026-09-03 17:34:24] [SUBMIT] RegNetX_400MF/Cifar100/BIM/ALL
[2026-09-03 17:34:24] [CMD] qsub -q all.q -l ngpus=1 -v MODEL="RegNetX_400MF",DATASET="Cifar100",ATTACK="BIM",KIND="ALL",PHASE="generate",OUTPUT_DIR="adversarial_results_ep100_pre300" adversarial_hpc_submit.pbs </dev/null
[2026-09-03 17:34:24] [SUBMIT] InceptionNet/Cifar10/PGD/ALL
[2026-09-03 17:34:24] [CMD] qsub -q all.q -l ngpus=1 -v MODEL="InceptionNet",DATASET="Cifar10",ATTACK="PGD",KIND="ALL",PHASE="generate",OUTPUT_DIR="adversarial_results_ep200_pre200" adversarial_hpc_submit.pbs </dev/null
[2026-09-03 17:34:26] [OK] RegNetX_400MF/Cifar100/APGD/ALL
[2026-09-03 17:34:27] [OK] RegNetX_400MF/Cifar100/BIM/ALL
[2026-09-03 17:34:28] [OK] qsub output: Your job 6454870 ("adversarial_hpc_submit.pbs") has been submitted
[2026-09-03 17:34:28] [OK] qsub output: Your job 6454871 ("adversarial_hpc_submit.pbs") has been submitted
[2026-09-03 17:34:29] [SUBMIT] RegNetX_400MF/Cifar100/CW/ALL
[2026-09-03 17:34:29] [CMD] qsub -q all.q -l ngpus=1 -v MODEL="RegNetX_400MF",DATASET="Cifar100",ATTACK="CW",KIND="ALL",PHASE="generate",OUTPUT_DIR="adversarial_results_ep300_pre100" adversarial_hpc_submit.pbs </dev/null
[2026-09-03 17:34:29] [SUBMIT] RegNetX_400MF/Cifar100/APGD/ALL
[2026-09-03 17:34:29] [CMD] qsub -q all.q -l ngpus=1 -v MODEL="RegNetX_400MF",DATASET="Cifar100",ATTACK="APGD",KIND="ALL",PHASE="generate",OUTPUT_DIR="adversarial_results_ep100_pre300" adversarial_hpc_submit.pbs </dev/null
[2026-09-03 17:34:29] [OK] InceptionNet/Cifar10/PGD/ALL
[2026-09-03 17:34:29] [OK] qsub output: Your job 6454872 ("adversarial_hpc_submit.pbs") has been submitted
[2026-09-03 17:34:30] [SUBMIT] InceptionNet/Cifar10/FGSM/ALL
[2026-09-03 17:34:30] [CMD] qsub -q all.q -l ngpus=1 -v MODEL="InceptionNet",DATASET="Cifar10",ATTACK="FGSM",KIND="ALL",PHASE="generate",OUTPUT_DIR="adversarial_results_ep200_pre200" adversarial_hpc_submit.pbs </dev/null
[2026-09-03 17:34:35] [OK] RegNetX_400MF/Cifar100/CW/ALL
[2026-09-03 17:34:35] [OK] qsub output: Your job 6454873 ("adversarial_hpc_submit.pbs") has been submitted
[2026-09-03 17:34:36] [SUBMIT] RegNetX_400MF/Cifar100/DeepFool/ALL
[2026-09-03 17:34:36] [CMD] qsub -q all.q -l ngpus=1 -v MODEL="RegNetX_400MF",DATASET="Cifar100",ATTACK="DeepFool",KIND="ALL",PHASE="generate",OUTPUT_DIR="adversarial_results_ep300_pre100" adversarial_hpc_submit.pbs </dev/null
[2026-09-03 17:34:36] [OK] RegNetX_400MF/Cifar100/APGD/ALL
[2026-09-03 17:34:36] [OK] qsub output: Your job 6454874 ("adversarial_hpc_submit.pbs") has been submitted
[2026-09-03 17:34:36] [SUBMIT] RegNetX_400MF/Cifar100/CW/ALL
[2026-09-03 17:34:36] [CMD] qsub -q all.q -l ngpus=1 -v MODEL="RegNetX_400MF",DATASET="Cifar100",ATTACK="CW",KIND="ALL",PHASE="generate",OUTPUT_DIR="adversarial_results_ep100_pre300" adversarial_hpc_submit.pbs </dev/null
[2026-09-03 17:34:39] [OK] RegNetX_400MF/Cifar100/DeepFool/ALL
[2026-09-03 17:34:39] [OK] qsub output: Your job 6454876 ("adversarial_hpc_submit.pbs") has been submitted
[2026-09-03 17:34:39] [SUBMIT] InceptionNet/Cifar10/PGD/ALL
[2026-09-03 17:34:40] [CMD] qsub -q all.q -l ngpus=1 -v MODEL="InceptionNet",DATASET="Cifar10",ATTACK="PGD",KIND="ALL",PHASE="generate",OUTPUT_DIR="adversarial_results_ep300_pre100" adversarial_hpc_submit.pbs </dev/null
[2026-09-03 17:34:40] [OK] InceptionNet/Cifar10/FGSM/ALL
[2026-09-03 17:34:40] [OK] qsub output: Your job 6454875 ("adversarial_hpc_submit.pbs") has been submitted
[2026-09-03 17:34:40] [SUBMIT] InceptionNet/Cifar10/IFGSM/ALL
[2026-09-03 17:34:40] [CMD] qsub -q all.q -l ngpus=1 -v MODEL="InceptionNet",DATASET="Cifar10",ATTACK="IFGSM",KIND="ALL",PHASE="generate",OUTPUT_DIR="adversarial_results_ep200_pre200" adversarial_hpc_submit.pbs </dev/null
[2026-09-03 17:34:44] [OK] RegNetX_400MF/Cifar100/CW/ALL
[2026-09-03 17:34:45] [OK] qsub output: Your job 6454877 ("adversarial_hpc_submit.pbs") has been submitted
[2026-09-03 17:34:48] [SUBMIT] RegNetX_400MF/Cifar100/DeepFool/ALL
[2026-09-03 17:34:48] [OK] InceptionNet/Cifar10/PGD/ALL
[2026-09-03 17:34:53] [OK] InceptionNet/Cifar10/IFGSM/ALL
[2026-09-03 17:34:54] [CMD] qsub -q all.q -l ngpus=1 -v MODEL="RegNetX_400MF",DATASET="Cifar100",ATTACK="DeepFool",KIND="ALL",PHASE="generate",OUTPUT_DIR="adversarial_results_ep100_pre300" adversarial_hpc_submit.pbs </dev/null
[2026-09-03 17:35:01] [OK] qsub output: Your job 6454878 ("adversarial_hpc_submit.pbs") has been submitted
[2026-09-03 17:35:02] [OK] qsub output: Your job 6454879 ("adversarial_hpc_submit.pbs") has been submitted
[2026-09-03 17:35:03] [SUBMIT] InceptionNet/Cifar10/FGSM/ALL
[2026-09-03 17:35:03] [SUBMIT] InceptionNet/Cifar10/BIM/ALL
[2026-09-03 17:35:03] [CMD] qsub -q all.q -l ngpus=1 -v MODEL="InceptionNet",DATASET="Cifar10",ATTACK="FGSM",KIND="ALL",PHASE="generate",OUTPUT_DIR="adversarial_results_ep300_pre100" adversarial_hpc_submit.pbs </dev/null
[2026-09-03 17:35:03] [CMD] qsub -q all.q -l ngpus=1 -v MODEL="InceptionNet",DATASET="Cifar10",ATTACK="BIM",KIND="ALL",PHASE="generate",OUTPUT_DIR="adversarial_results_ep200_pre200" adversarial_hpc_submit.pbs </dev/null
[2026-09-03 17:35:05] [OK] RegNetX_400MF/Cifar100/DeepFool/ALL
[2026-09-03 17:35:07] [OK] InceptionNet/Cifar10/FGSM/ALL
[2026-09-03 17:35:07] [OK] qsub output: Your job 6454880 ("adversarial_hpc_submit.pbs") has been submitted
[2026-09-03 17:35:09] [OK] qsub output: Your job 6454882 ("adversarial_hpc_submit.pbs") has been submitted
[2026-09-03 17:35:09] [SUBMIT] InceptionNet/Cifar10/PGD/ALL
[2026-09-03 17:35:09] [SUBMIT] InceptionNet/Cifar10/IFGSM/ALL
[2026-09-03 17:35:09] [CMD] qsub -q all.q -l ngpus=1 -v MODEL="InceptionNet",DATASET="Cifar10",ATTACK="PGD",KIND="ALL",PHASE="generate",OUTPUT_DIR="adversarial_results_ep100_pre300" adversarial_hpc_submit.pbs </dev/null
[2026-09-03 17:35:09] [CMD] qsub -q all.q -l ngpus=1 -v MODEL="InceptionNet",DATASET="Cifar10",ATTACK="IFGSM",KIND="ALL",PHASE="generate",OUTPUT_DIR="adversarial_results_ep300_pre100" adversarial_hpc_submit.pbs </dev/null
[2026-09-03 17:35:12] [OK] InceptionNet/Cifar10/BIM/ALL
[2026-09-03 17:35:12] [OK] qsub output: Your job 6454881 ("adversarial_hpc_submit.pbs") has been submitted
[2026-09-03 17:35:12] [SUBMIT] InceptionNet/Cifar10/APGD/ALL
[2026-09-03 17:35:12] [CMD] qsub -q all.q -l ngpus=1 -v MODEL="InceptionNet",DATASET="Cifar10",ATTACK="APGD",KIND="ALL",PHASE="generate",OUTPUT_DIR="adversarial_results_ep200_pre200" adversarial_hpc_submit.pbs </dev/null
[2026-09-03 17:35:16] [OK] InceptionNet/Cifar10/PGD/ALL
[2026-09-03 17:35:19] [OK] qsub output: Your job 6454883 ("adversarial_hpc_submit.pbs") has been submitted
[2026-09-03 17:35:19] [OK] InceptionNet/Cifar10/IFGSM/ALL
[2026-09-03 17:35:19] [OK] qsub output: Your job 6454884 ("adversarial_hpc_submit.pbs") has been submitted
[2026-09-03 17:35:19] [SUBMIT] InceptionNet/Cifar10/FGSM/ALL
[2026-09-03 17:35:19] [SUBMIT] InceptionNet/Cifar10/BIM/ALL
[2026-09-03 17:35:19] [CMD] qsub -q all.q -l ngpus=1 -v MODEL="InceptionNet",DATASET="Cifar10",ATTACK="FGSM",KIND="ALL",PHASE="generate",OUTPUT_DIR="adversarial_results_ep100_pre300" adversarial_hpc_submit.pbs </dev/null
[2026-09-03 17:35:19] [CMD] qsub -q all.q -l ngpus=1 -v MODEL="InceptionNet",DATASET="Cifar10",ATTACK="BIM",KIND="ALL",PHASE="generate",OUTPUT_DIR="adversarial_results_ep300_pre100" adversarial_hpc_submit.pbs </dev/null
[2026-09-03 17:35:19] [OK] InceptionNet/Cifar10/APGD/ALL
[2026-09-03 17:35:20] [OK] qsub output: Your job 6454885 ("adversarial_hpc_submit.pbs") has been submitted
[2026-09-03 17:35:20] [SUBMIT] InceptionNet/Cifar10/CW/ALL
[2026-09-03 17:35:20] [CMD] qsub -q all.q -l ngpus=1 -v MODEL="InceptionNet",DATASET="Cifar10",ATTACK="CW",KIND="ALL",PHASE="generate",OUTPUT_DIR="adversarial_results_ep200_pre200" adversarial_hpc_submit.pbs </dev/null
[2026-09-03 17:35:20] [OK] InceptionNet/Cifar10/BIM/ALL
[2026-09-03 17:35:20] [OK] qsub output: Your job 6454886 ("adversarial_hpc_submit.pbs") has been submitted
[2026-09-03 17:35:20] [SUBMIT] InceptionNet/Cifar10/APGD/ALL
[2026-09-03 17:35:20] [CMD] qsub -q all.q -l ngpus=1 -v MODEL="InceptionNet",DATASET="Cifar10",ATTACK="APGD",KIND="ALL",PHASE="generate",OUTPUT_DIR="adversarial_results_ep300_pre100" adversarial_hpc_submit.pbs </dev/null
[2026-09-03 17:35:25] [OK] InceptionNet/Cifar10/FGSM/ALL
[2026-09-03 17:35:25] [OK] qsub output: Your job 6454887 ("adversarial_hpc_submit.pbs") has been submitted
[2026-09-03 17:35:25] [SUBMIT] InceptionNet/Cifar10/IFGSM/ALL
[2026-09-03 17:35:25] [CMD] qsub -q all.q -l ngpus=1 -v MODEL="InceptionNet",DATASET="Cifar10",ATTACK="IFGSM",KIND="ALL",PHASE="generate",OUTPUT_DIR="adversarial_results_ep100_pre300" adversarial_hpc_submit.pbs </dev/null
[2026-09-03 17:35:26] [OK] InceptionNet/Cifar10/CW/ALL
[2026-09-03 17:35:26] [OK] qsub output: Your job 6454888 ("adversarial_hpc_submit.pbs") has been submitted
[2026-09-03 17:35:26] [SUBMIT] InceptionNet/Cifar10/DeepFool/ALL
[2026-09-03 17:35:26] [CMD] qsub -q all.q -l ngpus=1 -v MODEL="InceptionNet",DATASET="Cifar10",ATTACK="DeepFool",KIND="ALL",PHASE="generate",OUTPUT_DIR="adversarial_results_ep200_pre200" adversarial_hpc_submit.pbs </dev/null
[2026-09-03 17:35:30] [OK] InceptionNet/Cifar10/IFGSM/ALL
[2026-09-03 17:35:30] [OK] InceptionNet/Cifar10/APGD/ALL
[2026-09-03 17:35:31] [OK] qsub output: Your job 6454890 ("adversarial_hpc_submit.pbs") has been submitted
[2026-09-03 17:35:32] [OK] InceptionNet/Cifar10/DeepFool/ALL
[2026-09-03 17:35:33] [OK] qsub output: Your job 6454889 ("adversarial_hpc_submit.pbs") has been submitted
[2026-09-03 17:35:33] [OK] qsub output: Your job 6454891 ("adversarial_hpc_submit.pbs") has been submitted
[2026-09-03 17:35:33] [SUBMIT] InceptionNet/Cifar10/BIM/ALL
[2026-09-03 17:35:33] [SUBMIT] InceptionNet/Cifar10/CW/ALL
[2026-09-03 17:35:33] [SUBMIT] InceptionNet/Cifar100/PGD/ALL
[2026-09-03 17:35:33] [CMD] qsub -q all.q -l ngpus=1 -v MODEL="InceptionNet",DATASET="Cifar10",ATTACK="BIM",KIND="ALL",PHASE="generate",OUTPUT_DIR="adversarial_results_ep100_pre300" adversarial_hpc_submit.pbs </dev/null
[2026-09-03 17:35:33] [CMD] qsub -q all.q -l ngpus=1 -v MODEL="InceptionNet",DATASET="Cifar10",ATTACK="CW",KIND="ALL",PHASE="generate",OUTPUT_DIR="adversarial_results_ep300_pre100" adversarial_hpc_submit.pbs </dev/null
[2026-09-03 17:35:33] [CMD] qsub -q all.q -l ngpus=1 -v MODEL="InceptionNet",DATASET="Cifar100",ATTACK="PGD",KIND="ALL",PHASE="generate",OUTPUT_DIR="adversarial_results_ep200_pre200" adversarial_hpc_submit.pbs </dev/null
[2026-09-03 17:35:35] [OK] InceptionNet/Cifar10/BIM/ALL
[2026-09-03 17:35:35] [OK] qsub output: Your job 6454892 ("adversarial_hpc_submit.pbs") has been submitted
[2026-09-03 17:35:36] [SUBMIT] InceptionNet/Cifar10/APGD/ALL
[2026-09-03 17:35:36] [CMD] qsub -q all.q -l ngpus=1 -v MODEL="InceptionNet",DATASET="Cifar10",ATTACK="APGD",KIND="ALL",PHASE="generate",OUTPUT_DIR="adversarial_results_ep100_pre300" adversarial_hpc_submit.pbs </dev/null
[2026-09-03 17:35:43] [OK] InceptionNet/Cifar10/CW/ALL
[2026-09-03 17:35:44] [OK] qsub output: Your job 6454893 ("adversarial_hpc_submit.pbs") has been submitted
[2026-09-03 17:35:44] [SUBMIT] InceptionNet/Cifar10/DeepFool/ALL
[2026-09-03 17:35:44] [CMD] qsub -q all.q -l ngpus=1 -v MODEL="InceptionNet",DATASET="Cifar10",ATTACK="DeepFool",KIND="ALL",PHASE="generate",OUTPUT_DIR="adversarial_results_ep300_pre100" adversarial_hpc_submit.pbs </dev/null
[2026-09-03 17:35:44] [OK] InceptionNet/Cifar100/PGD/ALL
[2026-09-03 17:35:44] [OK] qsub output: Your job 6454894 ("adversarial_hpc_submit.pbs") has been submitted
[2026-09-03 17:35:44] [SUBMIT] InceptionNet/Cifar100/FGSM/ALL
[2026-09-03 17:35:44] [CMD] qsub -q all.q -l ngpus=1 -v MODEL="InceptionNet",DATASET="Cifar100",ATTACK="FGSM",KIND="ALL",PHASE="generate",OUTPUT_DIR="adversarial_results_ep200_pre200" adversarial_hpc_submit.pbs </dev/null
[2026-09-03 17:35:48] [OK] InceptionNet/Cifar10/APGD/ALL
[2026-09-03 17:35:48] [OK] qsub output: Your job 6454895 ("adversarial_hpc_submit.pbs") has been submitted
[2026-09-03 17:35:48] [SUBMIT] InceptionNet/Cifar10/CW/ALL
[2026-09-03 17:35:48] [CMD] qsub -q all.q -l ngpus=1 -v MODEL="InceptionNet",DATASET="Cifar10",ATTACK="CW",KIND="ALL",PHASE="generate",OUTPUT_DIR="adversarial_results_ep100_pre300" adversarial_hpc_submit.pbs </dev/null
[2026-09-03 17:35:48] [OK] InceptionNet/Cifar10/DeepFool/ALL
[2026-09-03 17:35:48] [OK] qsub output: Your job 6454896 ("adversarial_hpc_submit.pbs") has been submitted
[2026-09-03 17:35:49] [SUBMIT] InceptionNet/Cifar100/PGD/ALL
[2026-09-03 17:35:49] [CMD] qsub -q all.q -l ngpus=1 -v MODEL="InceptionNet",DATASET="Cifar100",ATTACK="PGD",KIND="ALL",PHASE="generate",OUTPUT_DIR="adversarial_results_ep300_pre100" adversarial_hpc_submit.pbs </dev/null
[2026-09-03 17:35:57] [OK] InceptionNet/Cifar10/CW/ALL
[2026-09-03 17:35:58] [OK] InceptionNet/Cifar100/FGSM/ALL
[2026-09-03 17:36:03] [OK] InceptionNet/Cifar100/PGD/ALL
[2026-09-03 17:36:12] [OK] qsub output: Your job 6454898 ("adversarial_hpc_submit.pbs") has been submitted
[2026-09-03 17:36:12] [OK] qsub output: Your job 6454899 ("adversarial_hpc_submit.pbs") has been submitted
[2026-09-03 17:36:12] [OK] qsub output: Your job 6454897 ("adversarial_hpc_submit.pbs") has been submitted
[2026-09-03 17:36:12] [SUBMIT] InceptionNet/Cifar10/DeepFool/ALL
[2026-09-03 17:36:12] [SUBMIT] InceptionNet/Cifar100/FGSM/ALL
[2026-09-03 17:36:12] [SUBMIT] InceptionNet/Cifar100/IFGSM/ALL
[2026-09-03 17:36:13] [CMD] qsub -q all.q -l ngpus=1 -v MODEL="InceptionNet",DATASET="Cifar10",ATTACK="DeepFool",KIND="ALL",PHASE="generate",OUTPUT_DIR="adversarial_results_ep100_pre300" adversarial_hpc_submit.pbs </dev/null
[2026-09-03 17:36:13] [CMD] qsub -q all.q -l ngpus=1 -v MODEL="InceptionNet",DATASET="Cifar100",ATTACK="FGSM",KIND="ALL",PHASE="generate",OUTPUT_DIR="adversarial_results_ep300_pre100" adversarial_hpc_submit.pbs </dev/null
[2026-09-03 17:36:13] [CMD] qsub -q all.q -l ngpus=1 -v MODEL="InceptionNet",DATASET="Cifar100",ATTACK="IFGSM",KIND="ALL",PHASE="generate",OUTPUT_DIR="adversarial_results_ep200_pre200" adversarial_hpc_submit.pbs </dev/null
[2026-09-03 17:36:17] [OK] InceptionNet/Cifar100/IFGSM/ALL
[2026-09-03 17:36:20] [OK] InceptionNet/Cifar10/DeepFool/ALL
[2026-09-03 17:36:22] [OK] qsub output: Your job 6454901 ("adversarial_hpc_submit.pbs") has been submitted
[2026-09-03 17:36:23] [OK] qsub output: Your job 6454903 ("adversarial_hpc_submit.pbs") has been submitted
[2026-09-03 17:36:24] [OK] InceptionNet/Cifar100/FGSM/ALL
[2026-09-03 17:36:24] [SUBMIT] InceptionNet/Cifar100/BIM/ALL
[2026-09-03 17:36:24] [OK] qsub output: Your job 6454902 ("adversarial_hpc_submit.pbs") has been submitted
[2026-09-03 17:36:24] [CMD] qsub -q all.q -l ngpus=1 -v MODEL="InceptionNet",DATASET="Cifar100",ATTACK="BIM",KIND="ALL",PHASE="generate",OUTPUT_DIR="adversarial_results_ep200_pre200" adversarial_hpc_submit.pbs </dev/null
[2026-09-03 17:36:24] [SUBMIT] InceptionNet/Cifar100/PGD/ALL
[2026-09-03 17:36:24] [SUBMIT] InceptionNet/Cifar100/IFGSM/ALL
[2026-09-03 17:36:24] [CMD] qsub -q all.q -l ngpus=1 -v MODEL="InceptionNet",DATASET="Cifar100",ATTACK="PGD",KIND="ALL",PHASE="generate",OUTPUT_DIR="adversarial_results_ep100_pre300" adversarial_hpc_submit.pbs </dev/null
[2026-09-03 17:36:24] [CMD] qsub -q all.q -l ngpus=1 -v MODEL="InceptionNet",DATASET="Cifar100",ATTACK="IFGSM",KIND="ALL",PHASE="generate",OUTPUT_DIR="adversarial_results_ep300_pre100" adversarial_hpc_submit.pbs </dev/null
[2026-09-03 17:36:27] [OK] InceptionNet/Cifar100/BIM/ALL
[2026-09-03 17:36:27] [OK] qsub output: Your job 6454904 ("adversarial_hpc_submit.pbs") has been submitted
[2026-09-03 17:36:27] [SUBMIT] InceptionNet/Cifar100/APGD/ALL
[2026-09-03 17:36:27] [CMD] qsub -q all.q -l ngpus=1 -v MODEL="InceptionNet",DATASET="Cifar100",ATTACK="APGD",KIND="ALL",PHASE="generate",OUTPUT_DIR="adversarial_results_ep200_pre200" adversarial_hpc_submit.pbs </dev/null
[2026-09-03 17:36:30] [OK] InceptionNet/Cifar100/IFGSM/ALL
[2026-09-03 17:36:30] [OK] qsub output: Your job 6454906 ("adversarial_hpc_submit.pbs") has been submitted
[2026-09-03 17:36:30] [SUBMIT] InceptionNet/Cifar100/BIM/ALL
[2026-09-03 17:36:30] [CMD] qsub -q all.q -l ngpus=1 -v MODEL="InceptionNet",DATASET="Cifar100",ATTACK="BIM",KIND="ALL",PHASE="generate",OUTPUT_DIR="adversarial_results_ep300_pre100" adversarial_hpc_submit.pbs </dev/null
[2026-09-03 17:36:33] [OK] InceptionNet/Cifar100/PGD/ALL
[2026-09-03 17:36:33] [OK] InceptionNet/Cifar100/APGD/ALL
[2026-09-03 17:36:33] [OK] qsub output: Your job 6454905 ("adversarial_hpc_submit.pbs") has been submitted
[2026-09-03 17:36:33] [OK] qsub output: Your job 6454907 ("adversarial_hpc_submit.pbs") has been submitted
[2026-09-03 17:36:34] [SUBMIT] InceptionNet/Cifar100/FGSM/ALL
[2026-09-03 17:36:34] [CMD] qsub -q all.q -l ngpus=1 -v MODEL="InceptionNet",DATASET="Cifar100",ATTACK="FGSM",KIND="ALL",PHASE="generate",OUTPUT_DIR="adversarial_results_ep100_pre300" adversarial_hpc_submit.pbs </dev/null
[2026-09-03 17:36:34] [SUBMIT] InceptionNet/Cifar100/CW/ALL
[2026-09-03 17:36:34] [CMD] qsub -q all.q -l ngpus=1 -v MODEL="InceptionNet",DATASET="Cifar100",ATTACK="CW",KIND="ALL",PHASE="generate",OUTPUT_DIR="adversarial_results_ep200_pre200" adversarial_hpc_submit.pbs </dev/null
[2026-09-03 17:36:37] [OK] InceptionNet/Cifar100/BIM/ALL
[2026-09-03 17:36:39] [OK] InceptionNet/Cifar100/CW/ALL
[2026-09-03 17:36:42] [OK] qsub output: Your job 6454908 ("adversarial_hpc_submit.pbs") has been submitted
[2026-09-03 17:36:42] [OK] InceptionNet/Cifar100/FGSM/ALL
[2026-09-03 17:36:42] [OK] qsub output: Your job 6454910 ("adversarial_hpc_submit.pbs") has been submitted
[2026-09-03 17:36:42] [OK] qsub output: Your job 6454909 ("adversarial_hpc_submit.pbs") has been submitted
[2026-09-03 17:36:42] [SUBMIT] InceptionNet/Cifar100/APGD/ALL
[2026-09-03 17:36:42] [CMD] qsub -q all.q -l ngpus=1 -v MODEL="InceptionNet",DATASET="Cifar100",ATTACK="APGD",KIND="ALL",PHASE="generate",OUTPUT_DIR="adversarial_results_ep300_pre100" adversarial_hpc_submit.pbs </dev/null
[2026-09-03 17:36:42] [SUBMIT] InceptionNet/Cifar100/DeepFool/ALL
[2026-09-03 17:36:42] [SUBMIT] InceptionNet/Cifar100/IFGSM/ALL
[2026-09-03 17:36:42] [CMD] qsub -q all.q -l ngpus=1 -v MODEL="InceptionNet",DATASET="Cifar100",ATTACK="DeepFool",KIND="ALL",PHASE="generate",OUTPUT_DIR="adversarial_results_ep200_pre200" adversarial_hpc_submit.pbs </dev/null
[2026-09-03 17:36:42] [CMD] qsub -q all.q -l ngpus=1 -v MODEL="InceptionNet",DATASET="Cifar100",ATTACK="IFGSM",KIND="ALL",PHASE="generate",OUTPUT_DIR="adversarial_results_ep100_pre300" adversarial_hpc_submit.pbs </dev/null
[2026-09-03 17:36:46] [OK] InceptionNet/Cifar100/DeepFool/ALL
[2026-09-03 17:36:48] [OK] qsub output: Your job 6454913 ("adversarial_hpc_submit.pbs") has been submitted
[2026-09-03 17:36:49] [SUBMIT] MobileNet/Cifar10/PGD/ALL
[2026-09-03 17:36:49] [CMD] qsub -q all.q -l ngpus=1 -v MODEL="MobileNet",DATASET="Cifar10",ATTACK="PGD",KIND="ALL",PHASE="generate",OUTPUT_DIR="adversarial_results_ep200_pre200" adversarial_hpc_submit.pbs </dev/null
[2026-09-03 17:36:54] [OK] InceptionNet/Cifar100/APGD/ALL
[2026-09-03 17:36:55] [OK] InceptionNet/Cifar100/IFGSM/ALL
[2026-09-03 17:37:00] [OK] qsub output: Your job 6454914 ("adversarial_hpc_submit.pbs") has been submitted
[2026-09-03 17:37:02] [OK] MobileNet/Cifar10/PGD/ALL
[2026-09-03 17:37:03] [OK] qsub output: Your job 6454915 ("adversarial_hpc_submit.pbs") has been submitted
[2026-09-03 17:37:07] [SUBMIT] InceptionNet/Cifar100/CW/ALL
[2026-09-03 17:37:16] [OK] qsub output: Your job 6454916 ("adversarial_hpc_submit.pbs") has been submitted
[2026-09-03 17:37:25] [SUBMIT] InceptionNet/Cifar100/BIM/ALL
[2026-09-03 17:37:30] [CMD] qsub -q all.q -l ngpus=1 -v MODEL="InceptionNet",DATASET="Cifar100",ATTACK="CW",KIND="ALL",PHASE="generate",OUTPUT_DIR="adversarial_results_ep300_pre100" adversarial_hpc_submit.pbs </dev/null
[2026-09-03 17:37:43] [SUBMIT] MobileNet/Cifar10/FGSM/ALL
[2026-09-03 17:37:52] [CMD] qsub -q all.q -l ngpus=1 -v MODEL="InceptionNet",DATASET="Cifar100",ATTACK="BIM",KIND="ALL",PHASE="generate",OUTPUT_DIR="adversarial_results_ep100_pre300" adversarial_hpc_submit.pbs </dev/null
[2026-09-03 17:37:54] [CMD] qsub -q all.q -l ngpus=1 -v MODEL="MobileNet",DATASET="Cifar10",ATTACK="FGSM",KIND="ALL",PHASE="generate",OUTPUT_DIR="adversarial_results_ep200_pre200" adversarial_hpc_submit.pbs </dev/null
[2026-09-03 17:37:58] [OK] InceptionNet/Cifar100/CW/ALL
[2026-09-03 17:38:15] [OK] InceptionNet/Cifar100/BIM/ALL
[2026-09-03 17:38:18] [OK] MobileNet/Cifar10/FGSM/ALL
[2026-09-03 17:38:21] [OK] qsub output: Your job 6454918 ("adversarial_hpc_submit.pbs") has been submitted
[2026-09-03 17:38:24] [OK] qsub output: Your job 6454920 ("adversarial_hpc_submit.pbs") has been submitted
[2026-09-03 17:38:24] [OK] qsub output: Your job 6454921 ("adversarial_hpc_submit.pbs") has been submitted
[2026-09-03 17:38:35] [SUBMIT] InceptionNet/Cifar100/DeepFool/ALL
[2026-09-03 17:38:42] [SUBMIT] InceptionNet/Cifar100/APGD/ALL
[2026-09-03 17:38:45] [CMD] qsub -q all.q -l ngpus=1 -v MODEL="InceptionNet",DATASET="Cifar100",ATTACK="DeepFool",KIND="ALL",PHASE="generate",OUTPUT_DIR="adversarial_results_ep300_pre100" adversarial_hpc_submit.pbs </dev/null
[2026-09-03 17:38:45] [CMD] qsub -q all.q -l ngpus=1 -v MODEL="InceptionNet",DATASET="Cifar100",ATTACK="APGD",KIND="ALL",PHASE="generate",OUTPUT_DIR="adversarial_results_ep100_pre300" adversarial_hpc_submit.pbs </dev/null
[2026-09-03 17:38:45] [SUBMIT] MobileNet/Cifar10/IFGSM/ALL
[2026-09-03 17:38:45] [CMD] qsub -q all.q -l ngpus=1 -v MODEL="MobileNet",DATASET="Cifar10",ATTACK="IFGSM",KIND="ALL",PHASE="generate",OUTPUT_DIR="adversarial_results_ep200_pre200" adversarial_hpc_submit.pbs </dev/null
[2026-09-03 17:38:47] [OK] InceptionNet/Cifar100/APGD/ALL
[2026-09-03 17:38:49] [OK] InceptionNet/Cifar100/DeepFool/ALL
[2026-09-03 17:39:04] [OK] qsub output: Your job 6454924 ("adversarial_hpc_submit.pbs") has been submitted
[2026-09-03 17:39:05] [OK] qsub output: Your job 6454923 ("adversarial_hpc_submit.pbs") has been submitted
[2026-09-03 17:39:06] [OK] MobileNet/Cifar10/IFGSM/ALL
[2026-09-03 17:39:23] [SUBMIT] InceptionNet/Cifar100/CW/ALL
[2026-09-03 17:39:29] [SUBMIT] MobileNet/Cifar10/PGD/ALL
[2026-09-03 17:39:29] [OK] qsub output: Your job 6454927 ("adversarial_hpc_submit.pbs") has been submitted
[2026-09-03 17:39:29] [CMD] qsub -q all.q -l ngpus=1 -v MODEL="InceptionNet",DATASET="Cifar100",ATTACK="CW",KIND="ALL",PHASE="generate",OUTPUT_DIR="adversarial_results_ep100_pre300" adversarial_hpc_submit.pbs </dev/null
[2026-09-03 17:39:29] [CMD] qsub -q all.q -l ngpus=1 -v MODEL="MobileNet",DATASET="Cifar10",ATTACK="PGD",KIND="ALL",PHASE="generate",OUTPUT_DIR="adversarial_results_ep300_pre100" adversarial_hpc_submit.pbs </dev/null
[2026-09-03 17:39:29] [SUBMIT] MobileNet/Cifar10/BIM/ALL
[2026-09-03 17:39:29] [CMD] qsub -q all.q -l ngpus=1 -v MODEL="MobileNet",DATASET="Cifar10",ATTACK="BIM",KIND="ALL",PHASE="generate",OUTPUT_DIR="adversarial_results_ep200_pre200" adversarial_hpc_submit.pbs </dev/null
[2026-09-03 17:39:34] [OK] InceptionNet/Cifar100/CW/ALL
[2026-09-03 17:39:39] [OK] MobileNet/Cifar10/BIM/ALL
[2026-09-03 17:39:42] [OK] MobileNet/Cifar10/PGD/ALL
[2026-09-03 17:39:49] [OK] qsub output: Your job 6454933 ("adversarial_hpc_submit.pbs") has been submitted
[2026-09-03 17:39:55] [OK] qsub output: Your job 6454935 ("adversarial_hpc_submit.pbs") has been submitted
[2026-09-03 17:39:59] [OK] qsub output: Your job 6454934 ("adversarial_hpc_submit.pbs") has been submitted
[2026-09-03 17:40:01] [SUBMIT] InceptionNet/Cifar100/DeepFool/ALL
[2026-09-03 17:40:13] [SUBMIT] MobileNet/Cifar10/APGD/ALL
[2026-09-03 17:40:18] [SUBMIT] MobileNet/Cifar10/FGSM/ALL
[2026-09-03 17:40:19] [CMD] qsub -q all.q -l ngpus=1 -v MODEL="InceptionNet",DATASET="Cifar100",ATTACK="DeepFool",KIND="ALL",PHASE="generate",OUTPUT_DIR="adversarial_results_ep100_pre300" adversarial_hpc_submit.pbs </dev/null
[2026-09-03 17:40:19] [CMD] qsub -q all.q -l ngpus=1 -v MODEL="MobileNet",DATASET="Cifar10",ATTACK="APGD",KIND="ALL",PHASE="generate",OUTPUT_DIR="adversarial_results_ep200_pre200" adversarial_hpc_submit.pbs </dev/null
[2026-09-03 17:40:20] [CMD] qsub -q all.q -l ngpus=1 -v MODEL="MobileNet",DATASET="Cifar10",ATTACK="FGSM",KIND="ALL",PHASE="generate",OUTPUT_DIR="adversarial_results_ep300_pre100" adversarial_hpc_submit.pbs </dev/null
[2026-09-03 17:40:32] [OK] InceptionNet/Cifar100/DeepFool/ALL
[2026-09-03 17:40:45] [OK] qsub output: Your job 6454944 ("adversarial_hpc_submit.pbs") has been submitted
[2026-09-03 17:40:45] [SUBMIT] MobileNet/Cifar10/PGD/ALL
[2026-09-03 17:40:45] [CMD] qsub -q all.q -l ngpus=1 -v MODEL="MobileNet",DATASET="Cifar10",ATTACK="PGD",KIND="ALL",PHASE="generate",OUTPUT_DIR="adversarial_results_ep100_pre300" adversarial_hpc_submit.pbs </dev/null
[2026-09-03 17:40:46] [OK] MobileNet/Cifar10/APGD/ALL
[2026-09-03 17:40:46] [OK] qsub output: Your job 6454948 ("adversarial_hpc_submit.pbs") has been submitted
[2026-09-03 17:40:46] [SUBMIT] MobileNet/Cifar10/CW/ALL
[2026-09-03 17:40:46] [CMD] qsub -q all.q -l ngpus=1 -v MODEL="MobileNet",DATASET="Cifar10",ATTACK="CW",KIND="ALL",PHASE="generate",OUTPUT_DIR="adversarial_results_ep200_pre200" adversarial_hpc_submit.pbs </dev/null
[2026-09-03 17:40:54] [OK] MobileNet/Cifar10/PGD/ALL
[2026-09-03 17:40:54] [OK] MobileNet/Cifar10/FGSM/ALL
[2026-09-03 17:40:57] [OK] MobileNet/Cifar10/CW/ALL
[2026-09-03 17:41:08] [OK] qsub output: Your job 6454950 ("adversarial_hpc_submit.pbs") has been submitted
[2026-09-03 17:41:09] [OK] qsub output: Your job 6454949 ("adversarial_hpc_submit.pbs") has been submitted
[2026-09-03 17:41:09] [OK] qsub output: Your job 6454951 ("adversarial_hpc_submit.pbs") has been submitted
[2026-09-03 17:41:09] [SUBMIT] MobileNet/Cifar10/FGSM/ALL
[2026-09-03 17:41:09] [SUBMIT] MobileNet/Cifar10/IFGSM/ALL
[2026-09-03 17:41:13] [SUBMIT] MobileNet/Cifar10/DeepFool/ALL
[2026-09-03 17:41:16] [CMD] qsub -q all.q -l ngpus=1 -v MODEL="MobileNet",DATASET="Cifar10",ATTACK="FGSM",KIND="ALL",PHASE="generate",OUTPUT_DIR="adversarial_results_ep100_pre300" adversarial_hpc_submit.pbs </dev/null
[2026-09-03 17:41:28] [CMD] qsub -q all.q -l ngpus=1 -v MODEL="MobileNet",DATASET="Cifar10",ATTACK="IFGSM",KIND="ALL",PHASE="generate",OUTPUT_DIR="adversarial_results_ep300_pre100" adversarial_hpc_submit.pbs </dev/null
[2026-09-03 17:41:36] [CMD] qsub -q all.q -l ngpus=1 -v MODEL="MobileNet",DATASET="Cifar10",ATTACK="DeepFool",KIND="ALL",PHASE="generate",OUTPUT_DIR="adversarial_results_ep200_pre200" adversarial_hpc_submit.pbs </dev/null
[2026-09-03 17:41:40] [OK] MobileNet/Cifar10/DeepFool/ALL
[2026-09-03 17:41:40] [OK] MobileNet/Cifar10/FGSM/ALL
[2026-09-03 17:41:42] [OK] MobileNet/Cifar10/IFGSM/ALL
[2026-09-03 17:41:56] [OK] qsub output: Your job 6454963 ("adversarial_hpc_submit.pbs") has been submitted
[2026-09-03 17:41:56] [OK] qsub output: Your job 6454962 ("adversarial_hpc_submit.pbs") has been submitted
[2026-09-03 17:42:03] [OK] qsub output: Your job 6454964 ("adversarial_hpc_submit.pbs") has been submitted
[2026-09-03 17:42:03] [SUBMIT] MobileNet/Cifar100/PGD/ALL
[2026-09-03 17:42:03] [CMD] qsub -q all.q -l ngpus=1 -v MODEL="MobileNet",DATASET="Cifar100",ATTACK="PGD",KIND="ALL",PHASE="generate",OUTPUT_DIR="adversarial_results_ep200_pre200" adversarial_hpc_submit.pbs </dev/null
[2026-09-03 17:42:03] [SUBMIT] MobileNet/Cifar10/IFGSM/ALL
[2026-09-03 17:42:03] [CMD] qsub -q all.q -l ngpus=1 -v MODEL="MobileNet",DATASET="Cifar10",ATTACK="IFGSM",KIND="ALL",PHASE="generate",OUTPUT_DIR="adversarial_results_ep100_pre300" adversarial_hpc_submit.pbs </dev/null
[2026-09-03 17:42:03] [SUBMIT] MobileNet/Cifar10/BIM/ALL
[2026-09-03 17:42:03] [CMD] qsub -q all.q -l ngpus=1 -v MODEL="MobileNet",DATASET="Cifar10",ATTACK="BIM",KIND="ALL",PHASE="generate",OUTPUT_DIR="adversarial_results_ep300_pre100" adversarial_hpc_submit.pbs </dev/null
[2026-09-03 17:42:06] [OK] MobileNet/Cifar100/PGD/ALL
[2026-09-03 17:42:06] [OK] qsub output: Your job 6454970 ("adversarial_hpc_submit.pbs") has been submitted
[2026-09-03 17:42:06] [SUBMIT] MobileNet/Cifar100/FGSM/ALL
[2026-09-03 17:42:06] [CMD] qsub -q all.q -l ngpus=1 -v MODEL="MobileNet",DATASET="Cifar100",ATTACK="FGSM",KIND="ALL",PHASE="generate",OUTPUT_DIR="adversarial_results_ep200_pre200" adversarial_hpc_submit.pbs </dev/null
[2026-09-03 17:42:10] [OK] MobileNet/Cifar10/BIM/ALL
[2026-09-03 17:42:10] [OK] qsub output: Your job 6454971 ("adversarial_hpc_submit.pbs") has been submitted
[2026-09-03 17:42:10] [SUBMIT] MobileNet/Cifar10/APGD/ALL
[2026-09-03 17:42:10] [CMD] qsub -q all.q -l ngpus=1 -v MODEL="MobileNet",DATASET="Cifar10",ATTACK="APGD",KIND="ALL",PHASE="generate",OUTPUT_DIR="adversarial_results_ep300_pre100" adversarial_hpc_submit.pbs </dev/null
[2026-09-03 17:42:13] [OK] MobileNet/Cifar10/IFGSM/ALL
[2026-09-03 17:42:13] [OK] qsub output: Your job 6454972 ("adversarial_hpc_submit.pbs") has been submitted
[2026-09-03 17:42:13] [SUBMIT] MobileNet/Cifar10/BIM/ALL
[2026-09-03 17:42:13] [CMD] qsub -q all.q -l ngpus=1 -v MODEL="MobileNet",DATASET="Cifar10",ATTACK="BIM",KIND="ALL",PHASE="generate",OUTPUT_DIR="adversarial_results_ep100_pre300" adversarial_hpc_submit.pbs </dev/null
[2026-09-03 17:42:15] [OK] MobileNet/Cifar100/FGSM/ALL
[2026-09-03 17:42:15] [OK] qsub output: Your job 6454973 ("adversarial_hpc_submit.pbs") has been submitted
[2026-09-03 17:42:15] [SUBMIT] MobileNet/Cifar100/IFGSM/ALL
[2026-09-03 17:42:15] [CMD] qsub -q all.q -l ngpus=1 -v MODEL="MobileNet",DATASET="Cifar100",ATTACK="IFGSM",KIND="ALL",PHASE="generate",OUTPUT_DIR="adversarial_results_ep200_pre200" adversarial_hpc_submit.pbs </dev/null
[2026-09-03 17:42:21] [OK] MobileNet/Cifar10/APGD/ALL
[2026-09-03 17:42:21] [OK] qsub output: Your job 6454974 ("adversarial_hpc_submit.pbs") has been submitted
[2026-09-03 17:42:21] [SUBMIT] MobileNet/Cifar10/CW/ALL
[2026-09-03 17:42:21] [CMD] qsub -q all.q -l ngpus=1 -v MODEL="MobileNet",DATASET="Cifar10",ATTACK="CW",KIND="ALL",PHASE="generate",OUTPUT_DIR="adversarial_results_ep300_pre100" adversarial_hpc_submit.pbs </dev/null
[2026-09-03 17:42:31] [OK] MobileNet/Cifar10/BIM/ALL
[2026-09-03 17:42:31] [OK] qsub output: Your job 6454976 ("adversarial_hpc_submit.pbs") has been submitted
[2026-09-03 17:42:31] [SUBMIT] MobileNet/Cifar10/APGD/ALL
[2026-09-03 17:42:31] [CMD] qsub -q all.q -l ngpus=1 -v MODEL="MobileNet",DATASET="Cifar10",ATTACK="APGD",KIND="ALL",PHASE="generate",OUTPUT_DIR="adversarial_results_ep100_pre300" adversarial_hpc_submit.pbs </dev/null
[2026-09-03 17:42:33] [OK] MobileNet/Cifar100/IFGSM/ALL
[2026-09-03 17:42:33] [OK] qsub output: Your job 6454977 ("adversarial_hpc_submit.pbs") has been submitted
[2026-09-03 17:42:33] [SUBMIT] MobileNet/Cifar100/BIM/ALL
[2026-09-03 17:42:33] [CMD] qsub -q all.q -l ngpus=1 -v MODEL="MobileNet",DATASET="Cifar100",ATTACK="BIM",KIND="ALL",PHASE="generate",OUTPUT_DIR="adversarial_results_ep200_pre200" adversarial_hpc_submit.pbs </dev/null
[2026-09-03 17:42:35] [OK] MobileNet/Cifar10/CW/ALL
[2026-09-03 17:42:35] [OK] qsub output: Your job 6454978 ("adversarial_hpc_submit.pbs") has been submitted
[2026-09-03 17:42:35] [SUBMIT] MobileNet/Cifar10/DeepFool/ALL
[2026-09-03 17:42:35] [CMD] qsub -q all.q -l ngpus=1 -v MODEL="MobileNet",DATASET="Cifar10",ATTACK="DeepFool",KIND="ALL",PHASE="generate",OUTPUT_DIR="adversarial_results_ep300_pre100" adversarial_hpc_submit.pbs </dev/null
[2026-09-03 17:42:41] [OK] MobileNet/Cifar100/BIM/ALL
[2026-09-03 17:42:41] [OK] qsub output: Your job 6454980 ("adversarial_hpc_submit.pbs") has been submitted
[2026-09-03 17:42:41] [SUBMIT] MobileNet/Cifar100/APGD/ALL
[2026-09-03 17:42:41] [CMD] qsub -q all.q -l ngpus=1 -v MODEL="MobileNet",DATASET="Cifar100",ATTACK="APGD",KIND="ALL",PHASE="generate",OUTPUT_DIR="adversarial_results_ep200_pre200" adversarial_hpc_submit.pbs </dev/null
[2026-09-03 17:42:41] [OK] MobileNet/Cifar10/APGD/ALL
[2026-09-03 17:42:41] [OK] qsub output: Your job 6454979 ("adversarial_hpc_submit.pbs") has been submitted
[2026-09-03 17:42:41] [SUBMIT] MobileNet/Cifar10/CW/ALL
[2026-09-03 17:42:41] [CMD] qsub -q all.q -l ngpus=1 -v MODEL="MobileNet",DATASET="Cifar10",ATTACK="CW",KIND="ALL",PHASE="generate",OUTPUT_DIR="adversarial_results_ep100_pre300" adversarial_hpc_submit.pbs </dev/null
[2026-09-03 17:42:46] [OK] MobileNet/Cifar10/DeepFool/ALL
[2026-09-03 17:42:46] [OK] qsub output: Your job 6454982 ("adversarial_hpc_submit.pbs") has been submitted
[2026-09-03 17:42:46] [SUBMIT] MobileNet/Cifar100/PGD/ALL
[2026-09-03 17:42:46] [CMD] qsub -q all.q -l ngpus=1 -v MODEL="MobileNet",DATASET="Cifar100",ATTACK="PGD",KIND="ALL",PHASE="generate",OUTPUT_DIR="adversarial_results_ep300_pre100" adversarial_hpc_submit.pbs </dev/null
[2026-09-03 17:42:48] [OK] MobileNet/Cifar10/CW/ALL
[2026-09-03 17:42:48] [OK] qsub output: Your job 6454984 ("adversarial_hpc_submit.pbs") has been submitted
[2026-09-03 17:42:48] [SUBMIT] MobileNet/Cifar10/DeepFool/ALL
[2026-09-03 17:42:48] [CMD] qsub -q all.q -l ngpus=1 -v MODEL="MobileNet",DATASET="Cifar10",ATTACK="DeepFool",KIND="ALL",PHASE="generate",OUTPUT_DIR="adversarial_results_ep100_pre300" adversarial_hpc_submit.pbs </dev/null
[2026-09-03 17:42:50] [OK] MobileNet/Cifar100/APGD/ALL
[2026-09-03 17:42:50] [OK] qsub output: Your job 6454983 ("adversarial_hpc_submit.pbs") has been submitted
[2026-09-03 17:42:50] [SUBMIT] MobileNet/Cifar100/CW/ALL
[2026-09-03 17:42:50] [CMD] qsub -q all.q -l ngpus=1 -v MODEL="MobileNet",DATASET="Cifar100",ATTACK="CW",KIND="ALL",PHASE="generate",OUTPUT_DIR="adversarial_results_ep200_pre200" adversarial_hpc_submit.pbs </dev/null
[2026-09-03 17:42:56] [OK] MobileNet/Cifar100/PGD/ALL
[2026-09-03 17:42:56] [OK] qsub output: Your job 6454986 ("adversarial_hpc_submit.pbs") has been submitted
[2026-09-03 17:42:56] [SUBMIT] MobileNet/Cifar100/FGSM/ALL
[2026-09-03 17:42:56] [CMD] qsub -q all.q -l ngpus=1 -v MODEL="MobileNet",DATASET="Cifar100",ATTACK="FGSM",KIND="ALL",PHASE="generate",OUTPUT_DIR="adversarial_results_ep300_pre100" adversarial_hpc_submit.pbs </dev/null
[2026-09-03 17:43:01] [OK] MobileNet/Cifar10/DeepFool/ALL
[2026-09-03 17:43:01] [OK] qsub output: Your job 6454987 ("adversarial_hpc_submit.pbs") has been submitted
[2026-09-03 17:43:01] [SUBMIT] MobileNet/Cifar100/PGD/ALL
[2026-09-03 17:43:01] [CMD] qsub -q all.q -l ngpus=1 -v MODEL="MobileNet",DATASET="Cifar100",ATTACK="PGD",KIND="ALL",PHASE="generate",OUTPUT_DIR="adversarial_results_ep100_pre300" adversarial_hpc_submit.pbs </dev/null
[2026-09-03 17:43:09] [OK] MobileNet/Cifar100/CW/ALL
[2026-09-03 17:43:09] [OK] qsub output: Your job 6454989 ("adversarial_hpc_submit.pbs") has been submitted
[2026-09-03 17:43:09] [SUBMIT] MobileNet/Cifar100/DeepFool/ALL
[2026-09-03 17:43:09] [CMD] qsub -q all.q -l ngpus=1 -v MODEL="MobileNet",DATASET="Cifar100",ATTACK="DeepFool",KIND="ALL",PHASE="generate",OUTPUT_DIR="adversarial_results_ep200_pre200" adversarial_hpc_submit.pbs </dev/null
[2026-09-03 17:43:11] [OK] MobileNet/Cifar100/FGSM/ALL
[2026-09-03 17:43:11] [OK] qsub output: Your job 6454990 ("adversarial_hpc_submit.pbs") has been submitted
[2026-09-03 17:43:11] [SUBMIT] MobileNet/Cifar100/IFGSM/ALL
[2026-09-03 17:43:11] [CMD] qsub -q all.q -l ngpus=1 -v MODEL="MobileNet",DATASET="Cifar100",ATTACK="IFGSM",KIND="ALL",PHASE="generate",OUTPUT_DIR="adversarial_results_ep300_pre100" adversarial_hpc_submit.pbs </dev/null
[2026-09-03 17:43:13] [OK] MobileNet/Cifar100/PGD/ALL
[2026-09-03 17:43:13] [OK] qsub output: Your job 6454992 ("adversarial_hpc_submit.pbs") has been submitted
[2026-09-03 17:43:14] [SUBMIT] MobileNet/Cifar100/FGSM/ALL
[2026-09-03 17:43:14] [CMD] qsub -q all.q -l ngpus=1 -v MODEL="MobileNet",DATASET="Cifar100",ATTACK="FGSM",KIND="ALL",PHASE="generate",OUTPUT_DIR="adversarial_results_ep100_pre300" adversarial_hpc_submit.pbs </dev/null
[2026-09-03 17:43:19] [OK] MobileNet/Cifar100/DeepFool/ALL
[2026-09-03 17:43:19] [OK] qsub output: Your job 6454993 ("adversarial_hpc_submit.pbs") has been submitted
[2026-09-03 17:43:19] [SUBMIT] XceptionNet/Cifar10/PGD/ALL
[2026-09-03 17:43:19] [CMD] qsub -q all.q -l ngpus=1 -v MODEL="XceptionNet",DATASET="Cifar10",ATTACK="PGD",KIND="ALL",PHASE="generate",OUTPUT_DIR="adversarial_results_ep200_pre200" adversarial_hpc_submit.pbs </dev/null
[2026-09-03 17:43:24] [OK] MobileNet/Cifar100/IFGSM/ALL
[2026-09-03 17:43:24] [OK] qsub output: Your job 6454995 ("adversarial_hpc_submit.pbs") has been submitted
[2026-09-03 17:43:24] [SUBMIT] MobileNet/Cifar100/BIM/ALL
[2026-09-03 17:43:24] [CMD] qsub -q all.q -l ngpus=1 -v MODEL="MobileNet",DATASET="Cifar100",ATTACK="BIM",KIND="ALL",PHASE="generate",OUTPUT_DIR="adversarial_results_ep300_pre100" adversarial_hpc_submit.pbs </dev/null
[2026-09-03 17:43:24] [OK] MobileNet/Cifar100/FGSM/ALL
[2026-09-03 17:43:24] [OK] qsub output: Your job 6454996 ("adversarial_hpc_submit.pbs") has been submitted
[2026-09-03 17:43:24] [SUBMIT] MobileNet/Cifar100/IFGSM/ALL
[2026-09-03 17:43:24] [CMD] qsub -q all.q -l ngpus=1 -v MODEL="MobileNet",DATASET="Cifar100",ATTACK="IFGSM",KIND="ALL",PHASE="generate",OUTPUT_DIR="adversarial_results_ep100_pre300" adversarial_hpc_submit.pbs </dev/null
[2026-09-03 17:43:27] [OK] MobileNet/Cifar100/BIM/ALL
[2026-09-03 17:43:27] [OK] qsub output: Your job 6454998 ("adversarial_hpc_submit.pbs") has been submitted
[2026-09-03 17:43:27] [SUBMIT] MobileNet/Cifar100/APGD/ALL
[2026-09-03 17:43:27] [CMD] qsub -q all.q -l ngpus=1 -v MODEL="MobileNet",DATASET="Cifar100",ATTACK="APGD",KIND="ALL",PHASE="generate",OUTPUT_DIR="adversarial_results_ep300_pre100" adversarial_hpc_submit.pbs </dev/null
[2026-09-03 17:43:30] [OK] XceptionNet/Cifar10/PGD/ALL
[2026-09-03 17:43:30] [OK] qsub output: Your job 6454997 ("adversarial_hpc_submit.pbs") has been submitted
[2026-09-03 17:43:30] [SUBMIT] XceptionNet/Cifar10/FGSM/ALL
[2026-09-03 17:43:30] [CMD] qsub -q all.q -l ngpus=1 -v MODEL="XceptionNet",DATASET="Cifar10",ATTACK="FGSM",KIND="ALL",PHASE="generate",OUTPUT_DIR="adversarial_results_ep200_pre200" adversarial_hpc_submit.pbs </dev/null
[2026-09-03 17:43:37] [OK] MobileNet/Cifar100/IFGSM/ALL
[2026-09-03 17:43:37] [OK] qsub output: Your job 6454999 ("adversarial_hpc_submit.pbs") has been submitted
[2026-09-03 17:43:37] [SUBMIT] MobileNet/Cifar100/BIM/ALL
[2026-09-03 17:43:37] [CMD] qsub -q all.q -l ngpus=1 -v MODEL="MobileNet",DATASET="Cifar100",ATTACK="BIM",KIND="ALL",PHASE="generate",OUTPUT_DIR="adversarial_results_ep100_pre300" adversarial_hpc_submit.pbs </dev/null
[2026-09-03 17:43:40] [OK] MobileNet/Cifar100/APGD/ALL
[2026-09-03 17:43:40] [OK] qsub output: Your job 6455001 ("adversarial_hpc_submit.pbs") has been submitted
[2026-09-03 17:43:40] [SUBMIT] MobileNet/Cifar100/CW/ALL
[2026-09-03 17:43:40] [CMD] qsub -q all.q -l ngpus=1 -v MODEL="MobileNet",DATASET="Cifar100",ATTACK="CW",KIND="ALL",PHASE="generate",OUTPUT_DIR="adversarial_results_ep300_pre100" adversarial_hpc_submit.pbs </dev/null
[2026-09-03 17:43:40] [OK] XceptionNet/Cifar10/FGSM/ALL
[2026-09-03 17:43:40] [OK] qsub output: Your job 6455002 ("adversarial_hpc_submit.pbs") has been submitted
[2026-09-03 17:43:40] [SUBMIT] XceptionNet/Cifar10/IFGSM/ALL
[2026-09-03 17:43:40] [CMD] qsub -q all.q -l ngpus=1 -v MODEL="XceptionNet",DATASET="Cifar10",ATTACK="IFGSM",KIND="ALL",PHASE="generate",OUTPUT_DIR="adversarial_results_ep200_pre200" adversarial_hpc_submit.pbs </dev/null
[2026-09-03 17:43:46] [OK] MobileNet/Cifar100/BIM/ALL
[2026-09-03 17:43:46] [OK] qsub output: Your job 6455003 ("adversarial_hpc_submit.pbs") has been submitted
[2026-09-03 17:43:46] [SUBMIT] MobileNet/Cifar100/APGD/ALL
[2026-09-03 17:43:46] [CMD] qsub -q all.q -l ngpus=1 -v MODEL="MobileNet",DATASET="Cifar100",ATTACK="APGD",KIND="ALL",PHASE="generate",OUTPUT_DIR="adversarial_results_ep100_pre300" adversarial_hpc_submit.pbs </dev/null
[2026-09-03 17:43:48] [OK] MobileNet/Cifar100/CW/ALL
[2026-09-03 17:43:48] [OK] qsub output: Your job 6455004 ("adversarial_hpc_submit.pbs") has been submitted
[2026-09-03 17:43:48] [SUBMIT] MobileNet/Cifar100/DeepFool/ALL
[2026-09-03 17:43:48] [CMD] qsub -q all.q -l ngpus=1 -v MODEL="MobileNet",DATASET="Cifar100",ATTACK="DeepFool",KIND="ALL",PHASE="generate",OUTPUT_DIR="adversarial_results_ep300_pre100" adversarial_hpc_submit.pbs </dev/null
[2026-09-03 17:43:51] [OK] XceptionNet/Cifar10/IFGSM/ALL
[2026-09-03 17:43:51] [OK] qsub output: Your job 6455005 ("adversarial_hpc_submit.pbs") has been submitted
[2026-09-03 17:43:51] [SUBMIT] XceptionNet/Cifar10/BIM/ALL
[2026-09-03 17:43:51] [CMD] qsub -q all.q -l ngpus=1 -v MODEL="XceptionNet",DATASET="Cifar10",ATTACK="BIM",KIND="ALL",PHASE="generate",OUTPUT_DIR="adversarial_results_ep200_pre200" adversarial_hpc_submit.pbs </dev/null
[2026-09-03 17:44:03] [OK] MobileNet/Cifar100/APGD/ALL
[2026-09-03 17:44:03] [OK] qsub output: Your job 6455008 ("adversarial_hpc_submit.pbs") has been submitted
[2026-09-03 17:44:03] [SUBMIT] MobileNet/Cifar100/CW/ALL
[2026-09-03 17:44:03] [CMD] qsub -q all.q -l ngpus=1 -v MODEL="MobileNet",DATASET="Cifar100",ATTACK="CW",KIND="ALL",PHASE="generate",OUTPUT_DIR="adversarial_results_ep100_pre300" adversarial_hpc_submit.pbs </dev/null
[2026-09-03 17:44:03] [OK] MobileNet/Cifar100/DeepFool/ALL
[2026-09-03 17:44:03] [OK] qsub output: Your job 6455009 ("adversarial_hpc_submit.pbs") has been submitted
[2026-09-03 17:44:03] [SUBMIT] XceptionNet/Cifar10/PGD/ALL
[2026-09-03 17:44:03] [CMD] qsub -q all.q -l ngpus=1 -v MODEL="XceptionNet",DATASET="Cifar10",ATTACK="PGD",KIND="ALL",PHASE="generate",OUTPUT_DIR="adversarial_results_ep300_pre100" adversarial_hpc_submit.pbs </dev/null
[2026-09-03 17:44:11] [OK] XceptionNet/Cifar10/BIM/ALL
[2026-09-03 17:44:11] [OK] qsub output: Your job 6455010 ("adversarial_hpc_submit.pbs") has been submitted
[2026-09-03 17:44:11] [SUBMIT] XceptionNet/Cifar10/APGD/ALL
[2026-09-03 17:44:11] [CMD] qsub -q all.q -l ngpus=1 -v MODEL="XceptionNet",DATASET="Cifar10",ATTACK="APGD",KIND="ALL",PHASE="generate",OUTPUT_DIR="adversarial_results_ep200_pre200" adversarial_hpc_submit.pbs </dev/null
[2026-09-03 17:44:12] [OK] MobileNet/Cifar100/CW/ALL
[2026-09-03 17:44:12] [OK] qsub output: Your job 6455011 ("adversarial_hpc_submit.pbs") has been submitted
[2026-09-03 17:44:12] [SUBMIT] MobileNet/Cifar100/DeepFool/ALL
[2026-09-03 17:44:12] [CMD] qsub -q all.q -l ngpus=1 -v MODEL="MobileNet",DATASET="Cifar100",ATTACK="DeepFool",KIND="ALL",PHASE="generate",OUTPUT_DIR="adversarial_results_ep100_pre300" adversarial_hpc_submit.pbs </dev/null
[2026-09-03 17:44:19] [OK] XceptionNet/Cifar10/PGD/ALL
[2026-09-03 17:44:19] [OK] qsub output: Your job 6455012 ("adversarial_hpc_submit.pbs") has been submitted
[2026-09-03 17:44:19] [SUBMIT] XceptionNet/Cifar10/FGSM/ALL
[2026-09-03 17:44:19] [CMD] qsub -q all.q -l ngpus=1 -v MODEL="XceptionNet",DATASET="Cifar10",ATTACK="FGSM",KIND="ALL",PHASE="generate",OUTPUT_DIR="adversarial_results_ep300_pre100" adversarial_hpc_submit.pbs </dev/null
[2026-09-03 17:44:21] [OK] XceptionNet/Cifar10/APGD/ALL
[2026-09-03 17:44:21] [OK] qsub output: Your job 6455014 ("adversarial_hpc_submit.pbs") has been submitted
[2026-09-03 17:44:21] [SUBMIT] XceptionNet/Cifar10/CW/ALL
[2026-09-03 17:44:21] [CMD] qsub -q all.q -l ngpus=1 -v MODEL="XceptionNet",DATASET="Cifar10",ATTACK="CW",KIND="ALL",PHASE="generate",OUTPUT_DIR="adversarial_results_ep200_pre200" adversarial_hpc_submit.pbs </dev/null
[2026-09-03 17:44:21] [OK] MobileNet/Cifar100/DeepFool/ALL
[2026-09-03 17:44:21] [OK] qsub output: Your job 6455015 ("adversarial_hpc_submit.pbs") has been submitted
[2026-09-03 17:44:21] [SUBMIT] XceptionNet/Cifar10/PGD/ALL
[2026-09-03 17:44:22] [CMD] qsub -q all.q -l ngpus=1 -v MODEL="XceptionNet",DATASET="Cifar10",ATTACK="PGD",KIND="ALL",PHASE="generate",OUTPUT_DIR="adversarial_results_ep100_pre300" adversarial_hpc_submit.pbs </dev/null
[2026-09-03 17:44:29] [OK] XceptionNet/Cifar10/CW/ALL
[2026-09-03 17:44:29] [OK] qsub output: Your job 6455018 ("adversarial_hpc_submit.pbs") has been submitted
[2026-09-03 17:44:29] [SUBMIT] XceptionNet/Cifar10/DeepFool/ALL
[2026-09-03 17:44:29] [CMD] qsub -q all.q -l ngpus=1 -v MODEL="XceptionNet",DATASET="Cifar10",ATTACK="DeepFool",KIND="ALL",PHASE="generate",OUTPUT_DIR="adversarial_results_ep200_pre200" adversarial_hpc_submit.pbs </dev/null
[2026-09-03 17:44:30] [OK] XceptionNet/Cifar10/FGSM/ALL
[2026-09-03 17:44:30] [OK] qsub output: Your job 6455016 ("adversarial_hpc_submit.pbs") has been submitted
[2026-09-03 17:44:30] [SUBMIT] XceptionNet/Cifar10/IFGSM/ALL
[2026-09-03 17:44:30] [CMD] qsub -q all.q -l ngpus=1 -v MODEL="XceptionNet",DATASET="Cifar10",ATTACK="IFGSM",KIND="ALL",PHASE="generate",OUTPUT_DIR="adversarial_results_ep300_pre100" adversarial_hpc_submit.pbs </dev/null
[2026-09-03 17:44:34] [OK] XceptionNet/Cifar10/PGD/ALL
[2026-09-03 17:44:35] [OK] qsub output: Your job 6455019 ("adversarial_hpc_submit.pbs") has been submitted
[2026-09-03 17:44:35] [SUBMIT] XceptionNet/Cifar10/FGSM/ALL
[2026-09-03 17:44:35] [CMD] qsub -q all.q -l ngpus=1 -v MODEL="XceptionNet",DATASET="Cifar10",ATTACK="FGSM",KIND="ALL",PHASE="generate",OUTPUT_DIR="adversarial_results_ep100_pre300" adversarial_hpc_submit.pbs </dev/null
[2026-09-03 17:44:38] [OK] XceptionNet/Cifar10/DeepFool/ALL
[2026-09-03 17:44:38] [OK] qsub output: Your job 6455020 ("adversarial_hpc_submit.pbs") has been submitted
[2026-09-03 17:44:38] [SUBMIT] XceptionNet/Cifar100/PGD/ALL
[2026-09-03 17:44:38] [CMD] qsub -q all.q -l ngpus=1 -v MODEL="XceptionNet",DATASET="Cifar100",ATTACK="PGD",KIND="ALL",PHASE="generate",OUTPUT_DIR="adversarial_results_ep200_pre200" adversarial_hpc_submit.pbs </dev/null
[2026-09-03 17:44:43] [OK] XceptionNet/Cifar10/IFGSM/ALL
[2026-09-03 17:44:43] [OK] qsub output: Your job 6455021 ("adversarial_hpc_submit.pbs") has been submitted
[2026-09-03 17:44:44] [SUBMIT] XceptionNet/Cifar10/BIM/ALL
[2026-09-03 17:44:44] [CMD] qsub -q all.q -l ngpus=1 -v MODEL="XceptionNet",DATASET="Cifar10",ATTACK="BIM",KIND="ALL",PHASE="generate",OUTPUT_DIR="adversarial_results_ep300_pre100" adversarial_hpc_submit.pbs </dev/null
[2026-09-03 17:44:45] [OK] XceptionNet/Cifar10/FGSM/ALL
[2026-09-03 17:44:45] [OK] qsub output: Your job 6455023 ("adversarial_hpc_submit.pbs") has been submitted
[2026-09-03 17:44:45] [SUBMIT] XceptionNet/Cifar10/IFGSM/ALL
[2026-09-03 17:44:45] [CMD] qsub -q all.q -l ngpus=1 -v MODEL="XceptionNet",DATASET="Cifar10",ATTACK="IFGSM",KIND="ALL",PHASE="generate",OUTPUT_DIR="adversarial_results_ep100_pre300" adversarial_hpc_submit.pbs </dev/null
[2026-09-03 17:44:54] [OK] XceptionNet/Cifar100/PGD/ALL
[2026-09-03 17:44:54] [OK] qsub output: Your job 6455024 ("adversarial_hpc_submit.pbs") has been submitted
[2026-09-03 17:44:54] [SUBMIT] XceptionNet/Cifar100/FGSM/ALL
[2026-09-03 17:44:54] [CMD] qsub -q all.q -l ngpus=1 -v MODEL="XceptionNet",DATASET="Cifar100",ATTACK="FGSM",KIND="ALL",PHASE="generate",OUTPUT_DIR="adversarial_results_ep200_pre200" adversarial_hpc_submit.pbs </dev/null
[2026-09-03 17:44:54] [OK] XceptionNet/Cifar10/BIM/ALL
[2026-09-03 17:44:54] [OK] qsub output: Your job 6455026 ("adversarial_hpc_submit.pbs") has been submitted
[2026-09-03 17:44:54] [SUBMIT] XceptionNet/Cifar10/APGD/ALL
[2026-09-03 17:44:54] [CMD] qsub -q all.q -l ngpus=1 -v MODEL="XceptionNet",DATASET="Cifar10",ATTACK="APGD",KIND="ALL",PHASE="generate",OUTPUT_DIR="adversarial_results_ep300_pre100" adversarial_hpc_submit.pbs </dev/null
[2026-09-03 17:44:57] [OK] XceptionNet/Cifar10/IFGSM/ALL
[2026-09-03 17:44:57] [OK] qsub output: Your job 6455027 ("adversarial_hpc_submit.pbs") has been submitted
[2026-09-03 17:44:57] [SUBMIT] XceptionNet/Cifar10/BIM/ALL
[2026-09-03 17:44:57] [CMD] qsub -q all.q -l ngpus=1 -v MODEL="XceptionNet",DATASET="Cifar10",ATTACK="BIM",KIND="ALL",PHASE="generate",OUTPUT_DIR="adversarial_results_ep100_pre300" adversarial_hpc_submit.pbs </dev/null
[2026-09-03 17:44:58] [OK] XceptionNet/Cifar100/FGSM/ALL
[2026-09-03 17:44:58] [OK] qsub output: Your job 6455029 ("adversarial_hpc_submit.pbs") has been submitted
[2026-09-03 17:44:58] [SUBMIT] XceptionNet/Cifar100/IFGSM/ALL
[2026-09-03 17:44:58] [CMD] qsub -q all.q -l ngpus=1 -v MODEL="XceptionNet",DATASET="Cifar100",ATTACK="IFGSM",KIND="ALL",PHASE="generate",OUTPUT_DIR="adversarial_results_ep200_pre200" adversarial_hpc_submit.pbs </dev/null
[2026-09-03 17:45:03] [OK] XceptionNet/Cifar10/APGD/ALL
[2026-09-03 17:45:03] [OK] qsub output: Your job 6455030 ("adversarial_hpc_submit.pbs") has been submitted
[2026-09-03 17:45:03] [SUBMIT] XceptionNet/Cifar10/CW/ALL
[2026-09-03 17:45:03] [CMD] qsub -q all.q -l ngpus=1 -v MODEL="XceptionNet",DATASET="Cifar10",ATTACK="CW",KIND="ALL",PHASE="generate",OUTPUT_DIR="adversarial_results_ep300_pre100" adversarial_hpc_submit.pbs </dev/null
[2026-09-03 17:45:11] [OK] XceptionNet/Cifar10/BIM/ALL
[2026-09-03 17:45:11] [OK] qsub output: Your job 6455032 ("adversarial_hpc_submit.pbs") has been submitted
[2026-09-03 17:45:11] [SUBMIT] XceptionNet/Cifar10/APGD/ALL
[2026-09-03 17:45:11] [CMD] qsub -q all.q -l ngpus=1 -v MODEL="XceptionNet",DATASET="Cifar10",ATTACK="APGD",KIND="ALL",PHASE="generate",OUTPUT_DIR="adversarial_results_ep100_pre300" adversarial_hpc_submit.pbs </dev/null
[2026-09-03 17:45:12] [OK] XceptionNet/Cifar100/IFGSM/ALL
[2026-09-03 17:45:12] [OK] qsub output: Your job 6455033 ("adversarial_hpc_submit.pbs") has been submitted
[2026-09-03 17:45:12] [SUBMIT] XceptionNet/Cifar100/BIM/ALL
[2026-09-03 17:45:12] [CMD] qsub -q all.q -l ngpus=1 -v MODEL="XceptionNet",DATASET="Cifar100",ATTACK="BIM",KIND="ALL",PHASE="generate",OUTPUT_DIR="adversarial_results_ep200_pre200" adversarial_hpc_submit.pbs </dev/null
[2026-09-03 17:45:13] [OK] XceptionNet/Cifar10/APGD/ALL
[2026-09-03 17:45:13] [OK] qsub output: Your job 6455035 ("adversarial_hpc_submit.pbs") has been submitted
[2026-09-03 17:45:14] [SUBMIT] XceptionNet/Cifar10/CW/ALL
[2026-09-03 17:45:14] [CMD] qsub -q all.q -l ngpus=1 -v MODEL="XceptionNet",DATASET="Cifar10",ATTACK="CW",KIND="ALL",PHASE="generate",OUTPUT_DIR="adversarial_results_ep100_pre300" adversarial_hpc_submit.pbs </dev/null
[2026-09-03 17:45:15] [OK] XceptionNet/Cifar10/CW/ALL
[2026-09-03 17:45:15] [OK] qsub output: Your job 6455034 ("adversarial_hpc_submit.pbs") has been submitted
[2026-09-03 17:45:15] [SUBMIT] XceptionNet/Cifar10/DeepFool/ALL
[2026-09-03 17:45:15] [CMD] qsub -q all.q -l ngpus=1 -v MODEL="XceptionNet",DATASET="Cifar10",ATTACK="DeepFool",KIND="ALL",PHASE="generate",OUTPUT_DIR="adversarial_results_ep300_pre100" adversarial_hpc_submit.pbs </dev/null
[2026-09-03 17:45:17] [OK] XceptionNet/Cifar100/BIM/ALL
[2026-09-03 17:45:17] [OK] qsub output: Your job 6455036 ("adversarial_hpc_submit.pbs") has been submitted
[2026-09-03 17:45:17] [SUBMIT] XceptionNet/Cifar100/APGD/ALL
[2026-09-03 17:45:17] [CMD] qsub -q all.q -l ngpus=1 -v MODEL="XceptionNet",DATASET="Cifar100",ATTACK="APGD",KIND="ALL",PHASE="generate",OUTPUT_DIR="adversarial_results_ep200_pre200" adversarial_hpc_submit.pbs </dev/null
[2026-09-03 17:45:19] [OK] XceptionNet/Cifar10/CW/ALL
[2026-09-03 17:45:19] [OK] qsub output: Your job 6455039 ("adversarial_hpc_submit.pbs") has been submitted
[2026-09-03 17:45:19] [SUBMIT] XceptionNet/Cifar10/DeepFool/ALL
[2026-09-03 17:45:19] [CMD] qsub -q all.q -l ngpus=1 -v MODEL="XceptionNet",DATASET="Cifar10",ATTACK="DeepFool",KIND="ALL",PHASE="generate",OUTPUT_DIR="adversarial_results_ep100_pre300" adversarial_hpc_submit.pbs </dev/null
[2026-09-03 17:45:27] [OK] XceptionNet/Cifar10/DeepFool/ALL
[2026-09-03 17:45:27] [OK] qsub output: Your job 6455040 ("adversarial_hpc_submit.pbs") has been submitted
[2026-09-03 17:45:27] [SUBMIT] XceptionNet/Cifar100/PGD/ALL
[2026-09-03 17:45:27] [CMD] qsub -q all.q -l ngpus=1 -v MODEL="XceptionNet",DATASET="Cifar100",ATTACK="PGD",KIND="ALL",PHASE="generate",OUTPUT_DIR="adversarial_results_ep300_pre100" adversarial_hpc_submit.pbs </dev/null
[2026-09-03 17:45:32] [OK] XceptionNet/Cifar100/APGD/ALL
[2026-09-03 17:45:32] [OK] qsub output: Your job 6455042 ("adversarial_hpc_submit.pbs") has been submitted
[2026-09-03 17:45:32] [SUBMIT] XceptionNet/Cifar100/CW/ALL
[2026-09-03 17:45:32] [CMD] qsub -q all.q -l ngpus=1 -v MODEL="XceptionNet",DATASET="Cifar100",ATTACK="CW",KIND="ALL",PHASE="generate",OUTPUT_DIR="adversarial_results_ep200_pre200" adversarial_hpc_submit.pbs </dev/null
[2026-09-03 17:45:34] [OK] XceptionNet/Cifar10/DeepFool/ALL
[2026-09-03 17:45:34] [OK] qsub output: Your job 6455043 ("adversarial_hpc_submit.pbs") has been submitted
[2026-09-03 17:45:34] [SUBMIT] XceptionNet/Cifar100/PGD/ALL
[2026-09-03 17:45:34] [CMD] qsub -q all.q -l ngpus=1 -v MODEL="XceptionNet",DATASET="Cifar100",ATTACK="PGD",KIND="ALL",PHASE="generate",OUTPUT_DIR="adversarial_results_ep100_pre300" adversarial_hpc_submit.pbs </dev/null
[2026-09-03 17:45:36] [OK] XceptionNet/Cifar100/PGD/ALL
[2026-09-03 17:45:36] [OK] qsub output: Your job 6455044 ("adversarial_hpc_submit.pbs") has been submitted
[2026-09-03 17:45:36] [SUBMIT] XceptionNet/Cifar100/FGSM/ALL
[2026-09-03 17:45:36] [CMD] qsub -q all.q -l ngpus=1 -v MODEL="XceptionNet",DATASET="Cifar100",ATTACK="FGSM",KIND="ALL",PHASE="generate",OUTPUT_DIR="adversarial_results_ep300_pre100" adversarial_hpc_submit.pbs </dev/null
[2026-09-03 17:45:43] [OK] XceptionNet/Cifar100/CW/ALL
[2026-09-03 17:45:43] [OK] qsub output: Your job 6455046 ("adversarial_hpc_submit.pbs") has been submitted
[2026-09-03 17:45:43] [SUBMIT] XceptionNet/Cifar100/DeepFool/ALL
[2026-09-03 17:45:43] [CMD] qsub -q all.q -l ngpus=1 -v MODEL="XceptionNet",DATASET="Cifar100",ATTACK="DeepFool",KIND="ALL",PHASE="generate",OUTPUT_DIR="adversarial_results_ep200_pre200" adversarial_hpc_submit.pbs </dev/null
[2026-09-03 17:45:55] [OK] XceptionNet/Cifar100/DeepFool/ALL
[2026-09-03 17:45:55] [OK] qsub output: Your job 6455050 ("adversarial_hpc_submit.pbs") has been submitted
[2026-09-03 17:45:55] [SUBMIT] ConvNeXt/Cifar10/PGD/ALL
[2026-09-03 17:45:55] [CMD] qsub -q all.q -l ngpus=1 -v MODEL="ConvNeXt",DATASET="Cifar10",ATTACK="PGD",KIND="ALL",PHASE="generate",OUTPUT_DIR="adversarial_results_ep200_pre200" adversarial_hpc_submit.pbs </dev/null
[2026-09-03 17:46:03] [OK] ConvNeXt/Cifar10/PGD/ALL
[2026-09-03 17:46:03] [OK] qsub output: Your job 6455052 ("adversarial_hpc_submit.pbs") has been submitted
[2026-09-03 17:46:03] [SUBMIT] ConvNeXt/Cifar10/FGSM/ALL
[2026-09-03 17:46:03] [CMD] qsub -q all.q -l ngpus=1 -v MODEL="ConvNeXt",DATASET="Cifar10",ATTACK="FGSM",KIND="ALL",PHASE="generate",OUTPUT_DIR="adversarial_results_ep200_pre200" adversarial_hpc_submit.pbs </dev/null
[2026-09-03 17:46:11] [OK] ConvNeXt/Cifar10/FGSM/ALL
[2026-09-03 17:46:11] [OK] qsub output: Your job 6455054 ("adversarial_hpc_submit.pbs") has been submitted
[2026-09-03 17:46:11] [SUBMIT] ConvNeXt/Cifar10/IFGSM/ALL
[2026-09-03 17:46:11] [CMD] qsub -q all.q -l ngpus=1 -v MODEL="ConvNeXt",DATASET="Cifar10",ATTACK="IFGSM",KIND="ALL",PHASE="generate",OUTPUT_DIR="adversarial_results_ep200_pre200" adversarial_hpc_submit.pbs </dev/null
[2026-09-03 17:46:14] [OK] ConvNeXt/Cifar10/IFGSM/ALL
[2026-09-03 17:46:14] [OK] qsub output: Your job 6455056 ("adversarial_hpc_submit.pbs") has been submitted
[2026-09-03 17:46:14] [SUBMIT] ConvNeXt/Cifar10/BIM/ALL
[2026-09-03 17:46:14] [CMD] qsub -q all.q -l ngpus=1 -v MODEL="ConvNeXt",DATASET="Cifar10",ATTACK="BIM",KIND="ALL",PHASE="generate",OUTPUT_DIR="adversarial_results_ep200_pre200" adversarial_hpc_submit.pbs </dev/null
[2026-09-03 17:46:25] [OK] ConvNeXt/Cifar10/BIM/ALL
[2026-09-03 17:46:25] [OK] qsub output: Your job 6455059 ("adversarial_hpc_submit.pbs") has been submitted
[2026-09-03 17:46:25] [SUBMIT] ConvNeXt/Cifar10/APGD/ALL
[2026-09-03 17:46:25] [CMD] qsub -q all.q -l ngpus=1 -v MODEL="ConvNeXt",DATASET="Cifar10",ATTACK="APGD",KIND="ALL",PHASE="generate",OUTPUT_DIR="adversarial_results_ep200_pre200" adversarial_hpc_submit.pbs </dev/null
[2026-09-03 17:46:31] [OK] ConvNeXt/Cifar10/APGD/ALL
[2026-09-03 17:46:31] [OK] qsub output: Your job 6455061 ("adversarial_hpc_submit.pbs") has been submitted
[2026-09-03 17:46:31] [SUBMIT] ConvNeXt/Cifar10/CW/ALL
[2026-09-03 17:46:31] [CMD] qsub -q all.q -l ngpus=1 -v MODEL="ConvNeXt",DATASET="Cifar10",ATTACK="CW",KIND="ALL",PHASE="generate",OUTPUT_DIR="adversarial_results_ep200_pre200" adversarial_hpc_submit.pbs </dev/null
[2026-09-03 17:46:44] [OK] ConvNeXt/Cifar10/CW/ALL
[2026-09-03 17:46:44] [OK] qsub output: Your job 6455065 ("adversarial_hpc_submit.pbs") has been submitted
[2026-09-03 17:46:44] [SUBMIT] ConvNeXt/Cifar10/DeepFool/ALL
[2026-09-03 17:46:44] [CMD] qsub -q all.q -l ngpus=1 -v MODEL="ConvNeXt",DATASET="Cifar10",ATTACK="DeepFool",KIND="ALL",PHASE="generate",OUTPUT_DIR="adversarial_results_ep200_pre200" adversarial_hpc_submit.pbs </dev/null
[2026-09-03 17:46:49] [OK] ConvNeXt/Cifar10/DeepFool/ALL
[2026-09-03 17:46:49] [OK] qsub output: Your job 6455068 ("adversarial_hpc_submit.pbs") has been submitted
[2026-09-03 17:46:50] [SUBMIT] ConvNeXt/Cifar100/PGD/ALL
[2026-09-03 17:46:50] [CMD] qsub -q all.q -l ngpus=1 -v MODEL="ConvNeXt",DATASET="Cifar100",ATTACK="PGD",KIND="ALL",PHASE="generate",OUTPUT_DIR="adversarial_results_ep200_pre200" adversarial_hpc_submit.pbs </dev/null
[2026-09-03 17:46:54] [OK] ConvNeXt/Cifar100/PGD/ALL
[2026-09-03 17:46:54] [OK] qsub output: Your job 6455070 ("adversarial_hpc_submit.pbs") has been submitted
[2026-09-03 17:46:54] [SUBMIT] ConvNeXt/Cifar100/FGSM/ALL
[2026-09-03 17:46:54] [CMD] qsub -q all.q -l ngpus=1 -v MODEL="ConvNeXt",DATASET="Cifar100",ATTACK="FGSM",KIND="ALL",PHASE="generate",OUTPUT_DIR="adversarial_results_ep200_pre200" adversarial_hpc_submit.pbs </dev/null
[2026-09-03 17:47:04] [OK] ConvNeXt/Cifar100/FGSM/ALL
[2026-09-03 17:47:04] [OK] qsub output: Your job 6455072 ("adversarial_hpc_submit.pbs") has been submitted
[2026-09-03 17:47:04] [SUBMIT] ConvNeXt/Cifar100/IFGSM/ALL
[2026-09-03 17:47:04] [CMD] qsub -q all.q -l ngpus=1 -v MODEL="ConvNeXt",DATASET="Cifar100",ATTACK="IFGSM",KIND="ALL",PHASE="generate",OUTPUT_DIR="adversarial_results_ep200_pre200" adversarial_hpc_submit.pbs </dev/null
[2026-09-03 17:47:21] [OK] ConvNeXt/Cifar100/IFGSM/ALL
[2026-09-03 17:47:21] [OK] qsub output: Your job 6455075 ("adversarial_hpc_submit.pbs") has been submitted
[2026-09-03 17:47:21] [SUBMIT] ConvNeXt/Cifar100/BIM/ALL
[2026-09-03 17:47:21] [CMD] qsub -q all.q -l ngpus=1 -v MODEL="ConvNeXt",DATASET="Cifar100",ATTACK="BIM",KIND="ALL",PHASE="generate",OUTPUT_DIR="adversarial_results_ep200_pre200" adversarial_hpc_submit.pbs </dev/null
[2026-09-03 17:47:23] [OK] ConvNeXt/Cifar100/BIM/ALL
[2026-09-03 17:47:23] [OK] qsub output: Your job 6455078 ("adversarial_hpc_submit.pbs") has been submitted
[2026-09-03 17:47:23] [SUBMIT] ConvNeXt/Cifar100/APGD/ALL
[2026-09-03 17:47:23] [CMD] qsub -q all.q -l ngpus=1 -v MODEL="ConvNeXt",DATASET="Cifar100",ATTACK="APGD",KIND="ALL",PHASE="generate",OUTPUT_DIR="adversarial_results_ep200_pre200" adversarial_hpc_submit.pbs </dev/null
[2026-09-03 17:47:31] [OK] ConvNeXt/Cifar100/APGD/ALL
[2026-09-03 17:47:31] [OK] qsub output: Your job 6455080 ("adversarial_hpc_submit.pbs") has been submitted
[2026-09-03 17:47:31] [SUBMIT] ConvNeXt/Cifar100/CW/ALL
[2026-09-03 17:47:31] [CMD] qsub -q all.q -l ngpus=1 -v MODEL="ConvNeXt",DATASET="Cifar100",ATTACK="CW",KIND="ALL",PHASE="generate",OUTPUT_DIR="adversarial_results_ep200_pre200" adversarial_hpc_submit.pbs </dev/null
[2026-09-03 17:47:35] [OK] ConvNeXt/Cifar100/CW/ALL
[2026-09-03 17:47:35] [OK] qsub output: Your job 6455082 ("adversarial_hpc_submit.pbs") has been submitted
[2026-09-03 17:47:35] [SUBMIT] ConvNeXt/Cifar100/DeepFool/ALL
[2026-09-03 17:47:35] [CMD] qsub -q all.q -l ngpus=1 -v MODEL="ConvNeXt",DATASET="Cifar100",ATTACK="DeepFool",KIND="ALL",PHASE="generate",OUTPUT_DIR="adversarial_results_ep200_pre200" adversarial_hpc_submit.pbs </dev/null
[2026-09-03 17:47:43] [OK] ConvNeXt/Cifar100/DeepFool/ALL
[2026-09-03 17:47:43] [OK] qsub output: Your job 6455083 ("adversarial_hpc_submit.pbs") has been submitted
[2026-09-03 17:47:43] [SUCCESS] Submitted 84 jobs
[2026-09-03 17:47:43] Monitor progress with: qstat
[2026-09-03 17:47:43] ============================================================================
[2026-09-03 17:47:43] Job submission complete. Check logs/ for details.
[2026-09-03 17:47:43] Run log saved to: /Users/jgafur/LTH/manuscript/Tranfer/logs/adversarial_orchestrate_generate_20260903_173026.log
[2026-09-03 17:47:43] ============================================================================
