[2026-09-12 06:36:16] Starting orchestration script
[2026-09-12 06:36:16] Starting orchestration script
[2026-09-12 06:36:16] Starting orchestration script
[2026-09-12 06:36:16] Script path: /Users/jgafur/LTH/manuscript/Tranfer
[2026-09-12 06:36:16] Script path: /Users/jgafur/LTH/manuscript/Tranfer
[2026-09-12 06:36:16] Script path: /Users/jgafur/LTH/manuscript/Tranfer
[2026-09-12 06:36:16] Current working directory: /Users/jgafur/LTH/manuscript/Tranfer
[2026-09-12 06:36:16] Current working directory: /Users/jgafur/LTH/manuscript/Tranfer
[2026-09-12 06:36:16] Current working directory: /Users/jgafur/LTH/manuscript/Tranfer
[2026-09-12 06:36:16] Phase: generate
[2026-09-12 06:36:16] Phase: generate
[2026-09-12 06:36:16] Phase: generate
[2026-09-12 06:36:16] Output directory: adversarial_results_ep200_pre200
[2026-09-12 06:36:16] Output directory: adversarial_results_ep300_pre100
[2026-09-12 06:36:16] Output directory: adversarial_results_ep100_pre300
[2026-09-12 06:36:16] Model filter: ALL
[2026-09-12 06:36:16] Model filter: ALL
[2026-09-12 06:36:16] Model filter: ALL
[2026-09-12 06:36:16] Dataset filter: ALL
[2026-09-12 06:36:16] Dataset filter: ALL
[2026-09-12 06:36:16] Dataset filter: ALL
[2026-09-12 06:36:16] Attack filter: ALL
[2026-09-12 06:36:16] Attack filter: ALL
[2026-09-12 06:36:16] Attack filter: ALL
[2026-09-12 06:36:16] Kind filter: ALL
[2026-09-12 06:36:16] Kind filter: ALL
[2026-09-12 06:36:16] Kind filter: ALL
[2026-09-12 06:36:16] Run log: /Users/jgafur/LTH/manuscript/Tranfer/logs/adversarial_orchestrate_generate_20260912_063616.log
[2026-09-12 06:36:16] Run log: /Users/jgafur/LTH/manuscript/Tranfer/logs/adversarial_orchestrate_generate_20260912_063616.log
[2026-09-12 06:36:16] Run log: /Users/jgafur/LTH/manuscript/Tranfer/logs/adversarial_orchestrate_generate_20260912_063616.log
[2026-09-12 06:36:16] qsub command found: /opt/sge/bin/lx-amd64/qsub
[2026-09-12 06:36:16] qsub command found: /opt/sge/bin/lx-amd64/qsub
[2026-09-12 06:36:16] qsub command found: /opt/sge/bin/lx-amd64/qsub
[2026-09-12 06:36:16] Found submission file: /Users/jgafur/LTH/manuscript/Tranfer/adversarial_hpc_submit.pbs
[2026-09-12 06:36:16] Found submission file: /Users/jgafur/LTH/manuscript/Tranfer/adversarial_hpc_submit.pbs
[2026-09-12 06:36:16] Found submission file: /Users/jgafur/LTH/manuscript/Tranfer/adversarial_hpc_submit.pbs
[2026-09-12 06:36:16] ============================================================================
[2026-09-12 06:36:16] ============================================================================
[2026-09-12 06:36:16] ============================================================================
[2026-09-12 06:36:16] Adversarial Analysis HPC Orchestration
[2026-09-12 06:36:16] Adversarial Analysis HPC Orchestration
[2026-09-12 06:36:16] Adversarial Analysis HPC Orchestration
[2026-09-12 06:36:16] ============================================================================
[2026-09-12 06:36:16] ============================================================================
[2026-09-12 06:36:16] ============================================================================
[2026-09-12 06:36:16] Phase:       generate
[2026-09-12 06:36:16] Phase:       generate
[2026-09-12 06:36:16] Phase:       generate
[2026-09-12 06:36:16] Output Dir:  adversarial_results_ep300_pre100
[2026-09-12 06:36:16] Output Dir:  adversarial_results_ep200_pre200
[2026-09-12 06:36:16] Models:      6 architectures
[2026-09-12 06:36:16] Models:      6 architectures
[2026-09-12 06:36:16] Output Dir:  adversarial_results_ep100_pre300
[2026-09-12 06:36:16] Datasets:    3 datasets
[2026-09-12 06:36:16] Datasets:    3 datasets
[2026-09-12 06:36:16] Models:      6 architectures
[2026-09-12 06:36:16] Attacks:     7 attack types
[2026-09-12 06:36:16] Attacks:     7 attack types
[2026-09-12 06:36:16] Datasets:    3 datasets
[2026-09-12 06:36:16] Total Jobs:  ~126
[2026-09-12 06:36:16] Total Jobs:  ~126
[2026-09-12 06:36:16] Attacks:     7 attack types
[2026-09-12 06:36:16] ============================================================================
[2026-09-12 06:36:16] ============================================================================
[2026-09-12 06:36:16] Total Jobs:  ~126
[2026-09-12 06:36:16] Run outputs will be written as txt files in manuscript/Tranfer/
[2026-09-12 06:36:16] ============================================================================
[2026-09-12 06:36:16] Run outputs will be written as txt files in manuscript/Tranfer/
[2026-09-12 06:36:16]   - generate:      <MODEL>_<DATASET>_<ATTACK>_<KIND>_generate_run.txt
[2026-09-12 06:36:16] Run outputs will be written as txt files in manuscript/Tranfer/
[2026-09-12 06:36:16]   - generate:      <MODEL>_<DATASET>_<ATTACK>_<KIND>_generate_run.txt
[2026-09-12 06:36:16]   - analyze:       adversarial_analyze_run.txt
[2026-09-12 06:36:16]   - analyze:       adversarial_analyze_run.txt
[2026-09-12 06:36:16]   - generate:      <MODEL>_<DATASET>_<ATTACK>_<KIND>_generate_run.txt
[2026-09-12 06:36:16]   - plot:          adversarial_plot_run.txt
[2026-09-12 06:36:16]   - plot:          adversarial_plot_run.txt
[2026-09-12 06:36:16]   - analyze:       adversarial_analyze_run.txt
[2026-09-12 06:36:16]   - gradient_sim:  adversarial_gradient_sim_run.txt
[2026-09-12 06:36:16]   - gradient_sim:  adversarial_gradient_sim_run.txt
[2026-09-12 06:36:16]   - plot:          adversarial_plot_run.txt
[2026-09-12 06:36:16]   - epsilon_sweep: adversarial_epsilon_sweep_run.txt
[2026-09-12 06:36:16]   - epsilon_sweep: adversarial_epsilon_sweep_run.txt
[2026-09-12 06:36:16]   - gradient_sim:  adversarial_gradient_sim_run.txt
[2026-09-12 06:36:16]   - statistics:    adversarial_statistics_run.txt
[2026-09-12 06:36:16]   - statistics:    adversarial_statistics_run.txt
[2026-09-12 06:36:16]   - epsilon_sweep: adversarial_epsilon_sweep_run.txt
[2026-09-12 06:36:16]   - cka:           adversarial_cka_run.txt
[2026-09-12 06:36:17]   - statistics:    adversarial_statistics_run.txt
[2026-09-12 06:36:17]   - compare:       adversarial_compare_run.txt
[2026-09-12 06:36:17]   - cka:           adversarial_cka_run.txt
[2026-09-12 06:36:17]   - cka:           adversarial_cka_run.txt
[2026-09-12 06:36:17]   - compute_tradeoff: adversarial_compute_tradeoff_run.txt
[2026-09-12 06:36:17]   - compare:       adversarial_compare_run.txt
[2026-09-12 06:36:17]   - compare:       adversarial_compare_run.txt
[2026-09-12 06:36:17]   - correlations:  adversarial_correlations_run.txt
[2026-09-12 06:36:17]   - compute_tradeoff: adversarial_compute_tradeoff_run.txt
[2026-09-12 06:36:17]   - compute_tradeoff: adversarial_compute_tradeoff_run.txt
[2026-09-12 06:36:17]   - correlations:  adversarial_correlations_run.txt
[2026-09-12 06:36:17] [PHASE: GENERATE] Submitting attack generation jobs...
[2026-09-12 06:36:17]   - correlations:  adversarial_correlations_run.txt
[2026-09-12 06:36:17] [PHASE: GENERATE] Submitting attack generation jobs...
[2026-09-12 06:36:17] [SUBMIT] VGG16/Cifar10/PGD/ALL
[2026-09-12 06:36:17] [PHASE: GENERATE] Submitting attack generation jobs...
[2026-09-12 06:36:17] [SUBMIT] VGG16/Cifar10/PGD/ALL
[2026-09-12 06:36:17] [SUBMIT] VGG16/Cifar10/PGD/ALL
[2026-09-12 06:36:17] [CMD] qsub -q all.q -l ngpus=1 -v MODEL="VGG16",DATASET="Cifar10",ATTACK="PGD",KIND="ALL",PHASE="generate",OUTPUT_DIR="adversarial_results_ep200_pre200",FORCE_RERUN="0" adversarial_hpc_submit.pbs </dev/null
[2026-09-12 06:36:17] [CMD] qsub -q all.q -l ngpus=1 -v MODEL="VGG16",DATASET="Cifar10",ATTACK="PGD",KIND="ALL",PHASE="generate",OUTPUT_DIR="adversarial_results_ep300_pre100",FORCE_RERUN="0" adversarial_hpc_submit.pbs </dev/null
[2026-09-12 06:36:17] [CMD] qsub -q all.q -l ngpus=1 -v MODEL="VGG16",DATASET="Cifar10",ATTACK="PGD",KIND="ALL",PHASE="generate",OUTPUT_DIR="adversarial_results_ep100_pre300",FORCE_RERUN="0" adversarial_hpc_submit.pbs </dev/null
[2026-09-12 06:36:22] [OK] VGG16/Cifar10/PGD/ALL
[2026-09-12 06:36:22] [OK] qsub output: Your job 6507185 ("adversarial_hpc_submit.pbs") has been submitted
[2026-09-12 06:36:23] [SUBMIT] VGG16/Cifar10/FGSM/ALL
[2026-09-12 06:36:23] [CMD] qsub -q all.q -l ngpus=1 -v MODEL="VGG16",DATASET="Cifar10",ATTACK="FGSM",KIND="ALL",PHASE="generate",OUTPUT_DIR="adversarial_results_ep200_pre200",FORCE_RERUN="0" adversarial_hpc_submit.pbs </dev/null
[2026-09-12 06:36:24] [OK] VGG16/Cifar10/PGD/ALL
[2026-09-12 06:36:24] [OK] qsub output: Your job 6507186 ("adversarial_hpc_submit.pbs") has been submitted
[2026-09-12 06:36:24] [SUBMIT] VGG16/Cifar10/FGSM/ALL
[2026-09-12 06:36:24] [CMD] qsub -q all.q -l ngpus=1 -v MODEL="VGG16",DATASET="Cifar10",ATTACK="FGSM",KIND="ALL",PHASE="generate",OUTPUT_DIR="adversarial_results_ep100_pre300",FORCE_RERUN="0" adversarial_hpc_submit.pbs </dev/null
[2026-09-12 06:36:31] [OK] VGG16/Cifar10/PGD/ALL
[2026-09-12 06:36:31] [OK] qsub output: Your job 6507187 ("adversarial_hpc_submit.pbs") has been submitted
[2026-09-12 06:36:31] [SUBMIT] VGG16/Cifar10/FGSM/ALL
[2026-09-12 06:36:31] [CMD] qsub -q all.q -l ngpus=1 -v MODEL="VGG16",DATASET="Cifar10",ATTACK="FGSM",KIND="ALL",PHASE="generate",OUTPUT_DIR="adversarial_results_ep300_pre100",FORCE_RERUN="0" adversarial_hpc_submit.pbs </dev/null
[2026-09-12 06:36:32] [OK] VGG16/Cifar10/FGSM/ALL
[2026-09-12 06:36:32] [OK] qsub output: Your job 6507189 ("adversarial_hpc_submit.pbs") has been submitted
[2026-09-12 06:36:33] [SUBMIT] VGG16/Cifar10/IFGSM/ALL
[2026-09-12 06:36:33] [CMD] qsub -q all.q -l ngpus=1 -v MODEL="VGG16",DATASET="Cifar10",ATTACK="IFGSM",KIND="ALL",PHASE="generate",OUTPUT_DIR="adversarial_results_ep100_pre300",FORCE_RERUN="0" adversarial_hpc_submit.pbs </dev/null
[2026-09-12 06:36:33] [OK] VGG16/Cifar10/FGSM/ALL
[2026-09-12 06:36:33] [OK] qsub output: Your job 6507188 ("adversarial_hpc_submit.pbs") has been submitted
[2026-09-12 06:36:33] [SUBMIT] VGG16/Cifar10/IFGSM/ALL
[2026-09-12 06:36:33] [CMD] qsub -q all.q -l ngpus=1 -v MODEL="VGG16",DATASET="Cifar10",ATTACK="IFGSM",KIND="ALL",PHASE="generate",OUTPUT_DIR="adversarial_results_ep200_pre200",FORCE_RERUN="0" adversarial_hpc_submit.pbs </dev/null
[2026-09-12 06:36:36] [OK] VGG16/Cifar10/FGSM/ALL
[2026-09-12 06:36:36] [OK] qsub output: Your job 6507190 ("adversarial_hpc_submit.pbs") has been submitted
[2026-09-12 06:36:36] [SUBMIT] VGG16/Cifar10/IFGSM/ALL
[2026-09-12 06:36:36] [CMD] qsub -q all.q -l ngpus=1 -v MODEL="VGG16",DATASET="Cifar10",ATTACK="IFGSM",KIND="ALL",PHASE="generate",OUTPUT_DIR="adversarial_results_ep300_pre100",FORCE_RERUN="0" adversarial_hpc_submit.pbs </dev/null
[2026-09-12 06:36:37] [OK] VGG16/Cifar10/IFGSM/ALL
[2026-09-12 06:36:37] [OK] qsub output: Your job 6507191 ("adversarial_hpc_submit.pbs") has been submitted
[2026-09-12 06:36:37] [SUBMIT] VGG16/Cifar10/BIM/ALL
[2026-09-12 06:36:37] [CMD] qsub -q all.q -l ngpus=1 -v MODEL="VGG16",DATASET="Cifar10",ATTACK="BIM",KIND="ALL",PHASE="generate",OUTPUT_DIR="adversarial_results_ep100_pre300",FORCE_RERUN="0" adversarial_hpc_submit.pbs </dev/null
[2026-09-12 06:36:44] [OK] VGG16/Cifar10/IFGSM/ALL
[2026-09-12 06:36:44] [OK] qsub output: Your job 6507192 ("adversarial_hpc_submit.pbs") has been submitted
[2026-09-12 06:36:44] [SUBMIT] VGG16/Cifar10/BIM/ALL
[2026-09-12 06:36:44] [CMD] qsub -q all.q -l ngpus=1 -v MODEL="VGG16",DATASET="Cifar10",ATTACK="BIM",KIND="ALL",PHASE="generate",OUTPUT_DIR="adversarial_results_ep200_pre200",FORCE_RERUN="0" adversarial_hpc_submit.pbs </dev/null
[2026-09-12 06:36:44] [OK] VGG16/Cifar10/IFGSM/ALL
[2026-09-12 06:36:44] [OK] qsub output: Your job 6507193 ("adversarial_hpc_submit.pbs") has been submitted
[2026-09-12 06:36:44] [SUBMIT] VGG16/Cifar10/BIM/ALL
[2026-09-12 06:36:44] [CMD] qsub -q all.q -l ngpus=1 -v MODEL="VGG16",DATASET="Cifar10",ATTACK="BIM",KIND="ALL",PHASE="generate",OUTPUT_DIR="adversarial_results_ep300_pre100",FORCE_RERUN="0" adversarial_hpc_submit.pbs </dev/null
[2026-09-12 06:36:46] [OK] VGG16/Cifar10/BIM/ALL
[2026-09-12 06:36:46] [OK] qsub output: Your job 6507195 ("adversarial_hpc_submit.pbs") has been submitted
[2026-09-12 06:36:46] [SUBMIT] VGG16/Cifar10/APGD/ALL
[2026-09-12 06:36:46] [CMD] qsub -q all.q -l ngpus=1 -v MODEL="VGG16",DATASET="Cifar10",ATTACK="APGD",KIND="ALL",PHASE="generate",OUTPUT_DIR="adversarial_results_ep200_pre200",FORCE_RERUN="0" adversarial_hpc_submit.pbs </dev/null
[2026-09-12 06:36:49] [OK] VGG16/Cifar10/BIM/ALL
[2026-09-12 06:36:49] [OK] qsub output: Your job 6507196 ("adversarial_hpc_submit.pbs") has been submitted
[2026-09-12 06:36:49] [SUBMIT] VGG16/Cifar10/APGD/ALL
[2026-09-12 06:36:49] [CMD] qsub -q all.q -l ngpus=1 -v MODEL="VGG16",DATASET="Cifar10",ATTACK="APGD",KIND="ALL",PHASE="generate",OUTPUT_DIR="adversarial_results_ep300_pre100",FORCE_RERUN="0" adversarial_hpc_submit.pbs </dev/null
[2026-09-12 06:36:52] [OK] VGG16/Cifar10/BIM/ALL
[2026-09-12 06:36:52] [OK] qsub output: Your job 6507194 ("adversarial_hpc_submit.pbs") has been submitted
[2026-09-12 06:36:52] [SUBMIT] VGG16/Cifar10/APGD/ALL
[2026-09-12 06:36:52] [CMD] qsub -q all.q -l ngpus=1 -v MODEL="VGG16",DATASET="Cifar10",ATTACK="APGD",KIND="ALL",PHASE="generate",OUTPUT_DIR="adversarial_results_ep100_pre300",FORCE_RERUN="0" adversarial_hpc_submit.pbs </dev/null
[2026-09-12 06:36:53] [OK] VGG16/Cifar10/APGD/ALL
[2026-09-12 06:36:53] [OK] qsub output: Your job 6507197 ("adversarial_hpc_submit.pbs") has been submitted
[2026-09-12 06:36:53] [SUBMIT] VGG16/Cifar10/CW/ALL
[2026-09-12 06:36:53] [CMD] qsub -q all.q -l ngpus=1 -v MODEL="VGG16",DATASET="Cifar10",ATTACK="CW",KIND="ALL",PHASE="generate",OUTPUT_DIR="adversarial_results_ep200_pre200",FORCE_RERUN="0" adversarial_hpc_submit.pbs </dev/null
[2026-09-12 06:36:57] [OK] VGG16/Cifar10/APGD/ALL
[2026-09-12 06:36:57] [OK] qsub output: Your job 6507199 ("adversarial_hpc_submit.pbs") has been submitted
[2026-09-12 06:36:57] [SUBMIT] VGG16/Cifar10/CW/ALL
[2026-09-12 06:36:57] [CMD] qsub -q all.q -l ngpus=1 -v MODEL="VGG16",DATASET="Cifar10",ATTACK="CW",KIND="ALL",PHASE="generate",OUTPUT_DIR="adversarial_results_ep100_pre300",FORCE_RERUN="0" adversarial_hpc_submit.pbs </dev/null
[2026-09-12 06:36:59] [OK] VGG16/Cifar10/APGD/ALL
[2026-09-12 06:36:59] [OK] qsub output: Your job 6507198 ("adversarial_hpc_submit.pbs") has been submitted
[2026-09-12 06:36:59] [SUBMIT] VGG16/Cifar10/CW/ALL
[2026-09-12 06:36:59] [CMD] qsub -q all.q -l ngpus=1 -v MODEL="VGG16",DATASET="Cifar10",ATTACK="CW",KIND="ALL",PHASE="generate",OUTPUT_DIR="adversarial_results_ep300_pre100",FORCE_RERUN="0" adversarial_hpc_submit.pbs </dev/null
[2026-09-12 06:36:59] [OK] VGG16/Cifar10/CW/ALL
[2026-09-12 06:36:59] [OK] qsub output: Your job 6507200 ("adversarial_hpc_submit.pbs") has been submitted
[2026-09-12 06:36:59] [SUBMIT] VGG16/Cifar10/DeepFool/ALL
[2026-09-12 06:36:59] [CMD] qsub -q all.q -l ngpus=1 -v MODEL="VGG16",DATASET="Cifar10",ATTACK="DeepFool",KIND="ALL",PHASE="generate",OUTPUT_DIR="adversarial_results_ep200_pre200",FORCE_RERUN="0" adversarial_hpc_submit.pbs </dev/null
[2026-09-12 06:37:04] [OK] VGG16/Cifar10/CW/ALL
[2026-09-12 06:37:04] [OK] qsub output: Your job 6507202 ("adversarial_hpc_submit.pbs") has been submitted
[2026-09-12 06:37:04] [SUBMIT] VGG16/Cifar10/DeepFool/ALL
[2026-09-12 06:37:04] [CMD] qsub -q all.q -l ngpus=1 -v MODEL="VGG16",DATASET="Cifar10",ATTACK="DeepFool",KIND="ALL",PHASE="generate",OUTPUT_DIR="adversarial_results_ep300_pre100",FORCE_RERUN="0" adversarial_hpc_submit.pbs </dev/null
[2026-09-12 06:37:08] [OK] VGG16/Cifar10/CW/ALL
[2026-09-12 06:37:08] [OK] qsub output: Your job 6507201 ("adversarial_hpc_submit.pbs") has been submitted
[2026-09-12 06:37:08] [SUBMIT] VGG16/Cifar10/DeepFool/ALL
[2026-09-12 06:37:08] [CMD] qsub -q all.q -l ngpus=1 -v MODEL="VGG16",DATASET="Cifar10",ATTACK="DeepFool",KIND="ALL",PHASE="generate",OUTPUT_DIR="adversarial_results_ep100_pre300",FORCE_RERUN="0" adversarial_hpc_submit.pbs </dev/null
[2026-09-12 06:37:13] [OK] VGG16/Cifar10/DeepFool/ALL
[2026-09-12 06:37:13] [OK] qsub output: Your job 6507203 ("adversarial_hpc_submit.pbs") has been submitted
[2026-09-12 06:37:13] [SUBMIT] VGG16/Cifar100/PGD/ALL
[2026-09-12 06:37:13] [CMD] qsub -q all.q -l ngpus=1 -v MODEL="VGG16",DATASET="Cifar100",ATTACK="PGD",KIND="ALL",PHASE="generate",OUTPUT_DIR="adversarial_results_ep200_pre200",FORCE_RERUN="0" adversarial_hpc_submit.pbs </dev/null
[2026-09-12 06:37:13] [OK] VGG16/Cifar10/DeepFool/ALL
[2026-09-12 06:37:13] [OK] qsub output: Your job 6507204 ("adversarial_hpc_submit.pbs") has been submitted
[2026-09-12 06:37:13] [SUBMIT] VGG16/Cifar100/PGD/ALL
[2026-09-12 06:37:13] [CMD] qsub -q all.q -l ngpus=1 -v MODEL="VGG16",DATASET="Cifar100",ATTACK="PGD",KIND="ALL",PHASE="generate",OUTPUT_DIR="adversarial_results_ep300_pre100",FORCE_RERUN="0" adversarial_hpc_submit.pbs </dev/null
[2026-09-12 06:37:16] [OK] VGG16/Cifar100/PGD/ALL
[2026-09-12 06:37:16] [OK] qsub output: Your job 6507206 ("adversarial_hpc_submit.pbs") has been submitted
[2026-09-12 06:37:16] [SUBMIT] VGG16/Cifar100/FGSM/ALL
[2026-09-12 06:37:16] [CMD] qsub -q all.q -l ngpus=1 -v MODEL="VGG16",DATASET="Cifar100",ATTACK="FGSM",KIND="ALL",PHASE="generate",OUTPUT_DIR="adversarial_results_ep200_pre200",FORCE_RERUN="0" adversarial_hpc_submit.pbs </dev/null
[2026-09-12 06:37:17] [OK] VGG16/Cifar10/DeepFool/ALL
[2026-09-12 06:37:17] [OK] qsub output: Your job 6507205 ("adversarial_hpc_submit.pbs") has been submitted
[2026-09-12 06:37:17] [SUBMIT] VGG16/Cifar100/PGD/ALL
[2026-09-12 06:37:17] [CMD] qsub -q all.q -l ngpus=1 -v MODEL="VGG16",DATASET="Cifar100",ATTACK="PGD",KIND="ALL",PHASE="generate",OUTPUT_DIR="adversarial_results_ep100_pre300",FORCE_RERUN="0" adversarial_hpc_submit.pbs </dev/null
[2026-09-12 06:37:21] [OK] VGG16/Cifar100/FGSM/ALL
[2026-09-12 06:37:21] [OK] qsub output: Your job 6507208 ("adversarial_hpc_submit.pbs") has been submitted
[2026-09-12 06:37:21] [SUBMIT] VGG16/Cifar100/IFGSM/ALL
[2026-09-12 06:37:21] [CMD] qsub -q all.q -l ngpus=1 -v MODEL="VGG16",DATASET="Cifar100",ATTACK="IFGSM",KIND="ALL",PHASE="generate",OUTPUT_DIR="adversarial_results_ep200_pre200",FORCE_RERUN="0" adversarial_hpc_submit.pbs </dev/null
[2026-09-12 06:37:23] [OK] VGG16/Cifar100/PGD/ALL
[2026-09-12 06:37:23] [OK] qsub output: Your job 6507207 ("adversarial_hpc_submit.pbs") has been submitted
[2026-09-12 06:37:23] [SUBMIT] VGG16/Cifar100/FGSM/ALL
[2026-09-12 06:37:23] [CMD] qsub -q all.q -l ngpus=1 -v MODEL="VGG16",DATASET="Cifar100",ATTACK="FGSM",KIND="ALL",PHASE="generate",OUTPUT_DIR="adversarial_results_ep300_pre100",FORCE_RERUN="0" adversarial_hpc_submit.pbs </dev/null
[2026-09-12 06:37:25] [OK] VGG16/Cifar100/PGD/ALL
[2026-09-12 06:37:25] [OK] qsub output: Your job 6507209 ("adversarial_hpc_submit.pbs") has been submitted
[2026-09-12 06:37:25] [SUBMIT] VGG16/Cifar100/FGSM/ALL
[2026-09-12 06:37:25] [CMD] qsub -q all.q -l ngpus=1 -v MODEL="VGG16",DATASET="Cifar100",ATTACK="FGSM",KIND="ALL",PHASE="generate",OUTPUT_DIR="adversarial_results_ep100_pre300",FORCE_RERUN="0" adversarial_hpc_submit.pbs </dev/null
[2026-09-12 06:37:31] [OK] VGG16/Cifar100/IFGSM/ALL
[2026-09-12 06:37:31] [OK] qsub output: Your job 6507210 ("adversarial_hpc_submit.pbs") has been submitted
[2026-09-12 06:37:31] [SUBMIT] VGG16/Cifar100/BIM/ALL
[2026-09-12 06:37:31] [CMD] qsub -q all.q -l ngpus=1 -v MODEL="VGG16",DATASET="Cifar100",ATTACK="BIM",KIND="ALL",PHASE="generate",OUTPUT_DIR="adversarial_results_ep200_pre200",FORCE_RERUN="0" adversarial_hpc_submit.pbs </dev/null
[2026-09-12 06:37:33] [OK] VGG16/Cifar100/FGSM/ALL
[2026-09-12 06:37:33] [OK] qsub output: Your job 6507211 ("adversarial_hpc_submit.pbs") has been submitted
[2026-09-12 06:37:33] [SUBMIT] VGG16/Cifar100/IFGSM/ALL
[2026-09-12 06:37:33] [CMD] qsub -q all.q -l ngpus=1 -v MODEL="VGG16",DATASET="Cifar100",ATTACK="IFGSM",KIND="ALL",PHASE="generate",OUTPUT_DIR="adversarial_results_ep300_pre100",FORCE_RERUN="0" adversarial_hpc_submit.pbs </dev/null
[2026-09-12 06:37:35] [OK] VGG16/Cifar100/FGSM/ALL
[2026-09-12 06:37:35] [OK] qsub output: Your job 6507212 ("adversarial_hpc_submit.pbs") has been submitted
[2026-09-12 06:37:35] [SUBMIT] VGG16/Cifar100/IFGSM/ALL
[2026-09-12 06:37:35] [CMD] qsub -q all.q -l ngpus=1 -v MODEL="VGG16",DATASET="Cifar100",ATTACK="IFGSM",KIND="ALL",PHASE="generate",OUTPUT_DIR="adversarial_results_ep100_pre300",FORCE_RERUN="0" adversarial_hpc_submit.pbs </dev/null
[2026-09-12 06:37:42] [OK] VGG16/Cifar100/IFGSM/ALL
[2026-09-12 06:37:42] [OK] qsub output: Your job 6507214 ("adversarial_hpc_submit.pbs") has been submitted
[2026-09-12 06:37:42] [SUBMIT] VGG16/Cifar100/BIM/ALL
[2026-09-12 06:37:42] [CMD] qsub -q all.q -l ngpus=1 -v MODEL="VGG16",DATASET="Cifar100",ATTACK="BIM",KIND="ALL",PHASE="generate",OUTPUT_DIR="adversarial_results_ep300_pre100",FORCE_RERUN="0" adversarial_hpc_submit.pbs </dev/null
[2026-09-12 06:37:42] [OK] VGG16/Cifar100/BIM/ALL
[2026-09-12 06:37:42] [OK] qsub output: Your job 6507213 ("adversarial_hpc_submit.pbs") has been submitted
[2026-09-12 06:37:43] [SUBMIT] VGG16/Cifar100/APGD/ALL
[2026-09-12 06:37:43] [CMD] qsub -q all.q -l ngpus=1 -v MODEL="VGG16",DATASET="Cifar100",ATTACK="APGD",KIND="ALL",PHASE="generate",OUTPUT_DIR="adversarial_results_ep200_pre200",FORCE_RERUN="0" adversarial_hpc_submit.pbs </dev/null
[2026-09-12 06:37:43] [OK] VGG16/Cifar100/IFGSM/ALL
[2026-09-12 06:37:43] [OK] qsub output: Your job 6507215 ("adversarial_hpc_submit.pbs") has been submitted
[2026-09-12 06:37:43] [SUBMIT] VGG16/Cifar100/BIM/ALL
[2026-09-12 06:37:43] [CMD] qsub -q all.q -l ngpus=1 -v MODEL="VGG16",DATASET="Cifar100",ATTACK="BIM",KIND="ALL",PHASE="generate",OUTPUT_DIR="adversarial_results_ep100_pre300",FORCE_RERUN="0" adversarial_hpc_submit.pbs </dev/null
[2026-09-12 06:37:46] [OK] VGG16/Cifar100/BIM/ALL
[2026-09-12 06:37:46] [OK] qsub output: Your job 6507216 ("adversarial_hpc_submit.pbs") has been submitted
[2026-09-12 06:37:47] [SUBMIT] VGG16/Cifar100/APGD/ALL
[2026-09-12 06:37:47] [CMD] qsub -q all.q -l ngpus=1 -v MODEL="VGG16",DATASET="Cifar100",ATTACK="APGD",KIND="ALL",PHASE="generate",OUTPUT_DIR="adversarial_results_ep300_pre100",FORCE_RERUN="0" adversarial_hpc_submit.pbs </dev/null
[2026-09-12 06:37:47] [OK] VGG16/Cifar100/APGD/ALL
[2026-09-12 06:37:47] [OK] qsub output: Your job 6507217 ("adversarial_hpc_submit.pbs") has been submitted
[2026-09-12 06:37:48] [SUBMIT] VGG16/Cifar100/CW/ALL
[2026-09-12 06:37:48] [CMD] qsub -q all.q -l ngpus=1 -v MODEL="VGG16",DATASET="Cifar100",ATTACK="CW",KIND="ALL",PHASE="generate",OUTPUT_DIR="adversarial_results_ep200_pre200",FORCE_RERUN="0" adversarial_hpc_submit.pbs </dev/null
[2026-09-12 06:37:50] [OK] VGG16/Cifar100/APGD/ALL
[2026-09-12 06:37:50] [OK] qsub output: Your job 6507219 ("adversarial_hpc_submit.pbs") has been submitted
[2026-09-12 06:37:50] [SUBMIT] VGG16/Cifar100/CW/ALL
[2026-09-12 06:37:50] [CMD] qsub -q all.q -l ngpus=1 -v MODEL="VGG16",DATASET="Cifar100",ATTACK="CW",KIND="ALL",PHASE="generate",OUTPUT_DIR="adversarial_results_ep300_pre100",FORCE_RERUN="0" adversarial_hpc_submit.pbs </dev/null
[2026-09-12 06:37:55] [OK] VGG16/Cifar100/BIM/ALL
[2026-09-12 06:37:55] [OK] qsub output: Your job 6507218 ("adversarial_hpc_submit.pbs") has been submitted
[2026-09-12 06:37:55] [SUBMIT] VGG16/Cifar100/APGD/ALL
[2026-09-12 06:37:55] [CMD] qsub -q all.q -l ngpus=1 -v MODEL="VGG16",DATASET="Cifar100",ATTACK="APGD",KIND="ALL",PHASE="generate",OUTPUT_DIR="adversarial_results_ep100_pre300",FORCE_RERUN="0" adversarial_hpc_submit.pbs </dev/null
[2026-09-12 06:37:57] [OK] VGG16/Cifar100/CW/ALL
[2026-09-12 06:37:57] [OK] qsub output: Your job 6507220 ("adversarial_hpc_submit.pbs") has been submitted
[2026-09-12 06:37:57] [SUBMIT] VGG16/Cifar100/DeepFool/ALL
[2026-09-12 06:37:57] [CMD] qsub -q all.q -l ngpus=1 -v MODEL="VGG16",DATASET="Cifar100",ATTACK="DeepFool",KIND="ALL",PHASE="generate",OUTPUT_DIR="adversarial_results_ep200_pre200",FORCE_RERUN="0" adversarial_hpc_submit.pbs </dev/null
[2026-09-12 06:38:03] [OK] VGG16/Cifar100/CW/ALL
[2026-09-12 06:38:03] [OK] qsub output: Your job 6507221 ("adversarial_hpc_submit.pbs") has been submitted
[2026-09-12 06:38:03] [SUBMIT] VGG16/Cifar100/DeepFool/ALL
[2026-09-12 06:38:03] [CMD] qsub -q all.q -l ngpus=1 -v MODEL="VGG16",DATASET="Cifar100",ATTACK="DeepFool",KIND="ALL",PHASE="generate",OUTPUT_DIR="adversarial_results_ep300_pre100",FORCE_RERUN="0" adversarial_hpc_submit.pbs </dev/null
[2026-09-12 06:38:03] [OK] VGG16/Cifar100/APGD/ALL
[2026-09-12 06:38:03] [OK] qsub output: Your job 6507222 ("adversarial_hpc_submit.pbs") has been submitted
[2026-09-12 06:38:03] [SUBMIT] VGG16/Cifar100/CW/ALL
[2026-09-12 06:38:03] [CMD] qsub -q all.q -l ngpus=1 -v MODEL="VGG16",DATASET="Cifar100",ATTACK="CW",KIND="ALL",PHASE="generate",OUTPUT_DIR="adversarial_results_ep100_pre300",FORCE_RERUN="0" adversarial_hpc_submit.pbs </dev/null
[2026-09-12 06:38:05] [OK] VGG16/Cifar100/DeepFool/ALL
[2026-09-12 06:38:05] [OK] qsub output: Your job 6507223 ("adversarial_hpc_submit.pbs") has been submitted
[2026-09-12 06:38:05] [SUBMIT] VGG16/TinyImageNet/PGD/ALL
[2026-09-12 06:38:05] [CMD] qsub -q all.q -l ngpus=1 -v MODEL="VGG16",DATASET="TinyImageNet",ATTACK="PGD",KIND="ALL",PHASE="generate",OUTPUT_DIR="adversarial_results_ep200_pre200",FORCE_RERUN="0" adversarial_hpc_submit.pbs </dev/null
[2026-09-12 06:38:07] [OK] VGG16/Cifar100/CW/ALL
[2026-09-12 06:38:07] [OK] qsub output: Your job 6507225 ("adversarial_hpc_submit.pbs") has been submitted
[2026-09-12 06:38:08] [SUBMIT] VGG16/Cifar100/DeepFool/ALL
[2026-09-12 06:38:08] [CMD] qsub -q all.q -l ngpus=1 -v MODEL="VGG16",DATASET="Cifar100",ATTACK="DeepFool",KIND="ALL",PHASE="generate",OUTPUT_DIR="adversarial_results_ep100_pre300",FORCE_RERUN="0" adversarial_hpc_submit.pbs </dev/null
[2026-09-12 06:38:10] [OK] VGG16/TinyImageNet/PGD/ALL
[2026-09-12 06:38:10] [OK] qsub output: Your job 6507226 ("adversarial_hpc_submit.pbs") has been submitted
[2026-09-12 06:38:10] [SUBMIT] VGG16/TinyImageNet/FGSM/ALL
[2026-09-12 06:38:10] [CMD] qsub -q all.q -l ngpus=1 -v MODEL="VGG16",DATASET="TinyImageNet",ATTACK="FGSM",KIND="ALL",PHASE="generate",OUTPUT_DIR="adversarial_results_ep200_pre200",FORCE_RERUN="0" adversarial_hpc_submit.pbs </dev/null
[2026-09-12 06:38:11] [OK] VGG16/Cifar100/DeepFool/ALL
[2026-09-12 06:38:11] [OK] qsub output: Your job 6507227 ("adversarial_hpc_submit.pbs") has been submitted
[2026-09-12 06:38:11] [SUBMIT] VGG16/TinyImageNet/PGD/ALL
[2026-09-12 06:38:11] [CMD] qsub -q all.q -l ngpus=1 -v MODEL="VGG16",DATASET="TinyImageNet",ATTACK="PGD",KIND="ALL",PHASE="generate",OUTPUT_DIR="adversarial_results_ep100_pre300",FORCE_RERUN="0" adversarial_hpc_submit.pbs </dev/null
[2026-09-12 06:38:13] [OK] VGG16/Cifar100/DeepFool/ALL
[2026-09-12 06:38:13] [OK] qsub output: Your job 6507224 ("adversarial_hpc_submit.pbs") has been submitted
[2026-09-12 06:38:13] [SUBMIT] VGG16/TinyImageNet/PGD/ALL
[2026-09-12 06:38:13] [CMD] qsub -q all.q -l ngpus=1 -v MODEL="VGG16",DATASET="TinyImageNet",ATTACK="PGD",KIND="ALL",PHASE="generate",OUTPUT_DIR="adversarial_results_ep300_pre100",FORCE_RERUN="0" adversarial_hpc_submit.pbs </dev/null
[2026-09-12 06:38:15] [OK] VGG16/TinyImageNet/FGSM/ALL
[2026-09-12 06:38:15] [OK] qsub output: Your job 6507228 ("adversarial_hpc_submit.pbs") has been submitted
[2026-09-12 06:38:15] [SUBMIT] VGG16/TinyImageNet/IFGSM/ALL
[2026-09-12 06:38:15] [CMD] qsub -q all.q -l ngpus=1 -v MODEL="VGG16",DATASET="TinyImageNet",ATTACK="IFGSM",KIND="ALL",PHASE="generate",OUTPUT_DIR="adversarial_results_ep200_pre200",FORCE_RERUN="0" adversarial_hpc_submit.pbs </dev/null
[2026-09-12 06:38:17] [OK] VGG16/TinyImageNet/PGD/ALL
[2026-09-12 06:38:17] [OK] qsub output: Your job 6507229 ("adversarial_hpc_submit.pbs") has been submitted
[2026-09-12 06:38:17] [SUBMIT] VGG16/TinyImageNet/FGSM/ALL
[2026-09-12 06:38:17] [CMD] qsub -q all.q -l ngpus=1 -v MODEL="VGG16",DATASET="TinyImageNet",ATTACK="FGSM",KIND="ALL",PHASE="generate",OUTPUT_DIR="adversarial_results_ep100_pre300",FORCE_RERUN="0" adversarial_hpc_submit.pbs </dev/null
[2026-09-12 06:38:18] [OK] VGG16/TinyImageNet/PGD/ALL
[2026-09-12 06:38:18] [OK] qsub output: Your job 6507230 ("adversarial_hpc_submit.pbs") has been submitted
[2026-09-12 06:38:18] [SUBMIT] VGG16/TinyImageNet/FGSM/ALL
[2026-09-12 06:38:18] [CMD] qsub -q all.q -l ngpus=1 -v MODEL="VGG16",DATASET="TinyImageNet",ATTACK="FGSM",KIND="ALL",PHASE="generate",OUTPUT_DIR="adversarial_results_ep300_pre100",FORCE_RERUN="0" adversarial_hpc_submit.pbs </dev/null
[2026-09-12 06:38:22] [OK] VGG16/TinyImageNet/IFGSM/ALL
[2026-09-12 06:38:22] [OK] qsub output: Your job 6507231 ("adversarial_hpc_submit.pbs") has been submitted
[2026-09-12 06:38:22] [OK] VGG16/TinyImageNet/FGSM/ALL
[2026-09-12 06:38:22] [OK] qsub output: Your job 6507232 ("adversarial_hpc_submit.pbs") has been submitted
[2026-09-12 06:38:22] [SUBMIT] VGG16/TinyImageNet/BIM/ALL
[2026-09-12 06:38:22] [CMD] qsub -q all.q -l ngpus=1 -v MODEL="VGG16",DATASET="TinyImageNet",ATTACK="BIM",KIND="ALL",PHASE="generate",OUTPUT_DIR="adversarial_results_ep200_pre200",FORCE_RERUN="0" adversarial_hpc_submit.pbs </dev/null
[2026-09-12 06:38:22] [SUBMIT] VGG16/TinyImageNet/IFGSM/ALL
[2026-09-12 06:38:22] [CMD] qsub -q all.q -l ngpus=1 -v MODEL="VGG16",DATASET="TinyImageNet",ATTACK="IFGSM",KIND="ALL",PHASE="generate",OUTPUT_DIR="adversarial_results_ep100_pre300",FORCE_RERUN="0" adversarial_hpc_submit.pbs </dev/null
[2026-09-12 06:38:24] [OK] VGG16/TinyImageNet/BIM/ALL
[2026-09-12 06:38:24] [OK] qsub output: Your job 6507234 ("adversarial_hpc_submit.pbs") has been submitted
[2026-09-12 06:38:24] [SUBMIT] VGG16/TinyImageNet/APGD/ALL
[2026-09-12 06:38:24] [CMD] qsub -q all.q -l ngpus=1 -v MODEL="VGG16",DATASET="TinyImageNet",ATTACK="APGD",KIND="ALL",PHASE="generate",OUTPUT_DIR="adversarial_results_ep200_pre200",FORCE_RERUN="0" adversarial_hpc_submit.pbs </dev/null
[2026-09-12 06:38:24] [OK] VGG16/TinyImageNet/FGSM/ALL
[2026-09-12 06:38:24] [OK] qsub output: Your job 6507233 ("adversarial_hpc_submit.pbs") has been submitted
[2026-09-12 06:38:24] [SUBMIT] VGG16/TinyImageNet/IFGSM/ALL
[2026-09-12 06:38:24] [CMD] qsub -q all.q -l ngpus=1 -v MODEL="VGG16",DATASET="TinyImageNet",ATTACK="IFGSM",KIND="ALL",PHASE="generate",OUTPUT_DIR="adversarial_results_ep300_pre100",FORCE_RERUN="0" adversarial_hpc_submit.pbs </dev/null
[2026-09-12 06:38:29] [OK] VGG16/TinyImageNet/APGD/ALL
[2026-09-12 06:38:29] [OK] qsub output: Your job 6507236 ("adversarial_hpc_submit.pbs") has been submitted
[2026-09-12 06:38:30] [SUBMIT] VGG16/TinyImageNet/CW/ALL
[2026-09-12 06:38:30] [CMD] qsub -q all.q -l ngpus=1 -v MODEL="VGG16",DATASET="TinyImageNet",ATTACK="CW",KIND="ALL",PHASE="generate",OUTPUT_DIR="adversarial_results_ep200_pre200",FORCE_RERUN="0" adversarial_hpc_submit.pbs </dev/null
[2026-09-12 06:38:32] [OK] VGG16/TinyImageNet/IFGSM/ALL
[2026-09-12 06:38:32] [OK] qsub output: Your job 6507235 ("adversarial_hpc_submit.pbs") has been submitted
[2026-09-12 06:38:32] [SUBMIT] VGG16/TinyImageNet/BIM/ALL
[2026-09-12 06:38:32] [CMD] qsub -q all.q -l ngpus=1 -v MODEL="VGG16",DATASET="TinyImageNet",ATTACK="BIM",KIND="ALL",PHASE="generate",OUTPUT_DIR="adversarial_results_ep100_pre300",FORCE_RERUN="0" adversarial_hpc_submit.pbs </dev/null
[2026-09-12 06:38:37] [OK] VGG16/TinyImageNet/IFGSM/ALL
[2026-09-12 06:38:37] [OK] qsub output: Your job 6507237 ("adversarial_hpc_submit.pbs") has been submitted
[2026-09-12 06:38:37] [SUBMIT] VGG16/TinyImageNet/BIM/ALL
[2026-09-12 06:38:37] [CMD] qsub -q all.q -l ngpus=1 -v MODEL="VGG16",DATASET="TinyImageNet",ATTACK="BIM",KIND="ALL",PHASE="generate",OUTPUT_DIR="adversarial_results_ep300_pre100",FORCE_RERUN="0" adversarial_hpc_submit.pbs </dev/null
[2026-09-12 06:38:38] [OK] VGG16/TinyImageNet/CW/ALL
[2026-09-12 06:38:38] [OK] qsub output: Your job 6507238 ("adversarial_hpc_submit.pbs") has been submitted
[2026-09-12 06:38:38] [SUBMIT] VGG16/TinyImageNet/DeepFool/ALL
[2026-09-12 06:38:38] [CMD] qsub -q all.q -l ngpus=1 -v MODEL="VGG16",DATASET="TinyImageNet",ATTACK="DeepFool",KIND="ALL",PHASE="generate",OUTPUT_DIR="adversarial_results_ep200_pre200",FORCE_RERUN="0" adversarial_hpc_submit.pbs </dev/null
[2026-09-12 06:38:41] [OK] VGG16/TinyImageNet/BIM/ALL
[2026-09-12 06:38:41] [OK] qsub output: Your job 6507239 ("adversarial_hpc_submit.pbs") has been submitted
[2026-09-12 06:38:41] [SUBMIT] VGG16/TinyImageNet/APGD/ALL
[2026-09-12 06:38:41] [CMD] qsub -q all.q -l ngpus=1 -v MODEL="VGG16",DATASET="TinyImageNet",ATTACK="APGD",KIND="ALL",PHASE="generate",OUTPUT_DIR="adversarial_results_ep100_pre300",FORCE_RERUN="0" adversarial_hpc_submit.pbs </dev/null
[2026-09-12 06:38:43] [OK] VGG16/TinyImageNet/BIM/ALL
[2026-09-12 06:38:43] [OK] qsub output: Your job 6507240 ("adversarial_hpc_submit.pbs") has been submitted
[2026-09-12 06:38:43] [SUBMIT] VGG16/TinyImageNet/APGD/ALL
[2026-09-12 06:38:43] [CMD] qsub -q all.q -l ngpus=1 -v MODEL="VGG16",DATASET="TinyImageNet",ATTACK="APGD",KIND="ALL",PHASE="generate",OUTPUT_DIR="adversarial_results_ep300_pre100",FORCE_RERUN="0" adversarial_hpc_submit.pbs </dev/null
[2026-09-12 06:38:48] [OK] VGG16/TinyImageNet/DeepFool/ALL
[2026-09-12 06:38:48] [OK] qsub output: Your job 6507241 ("adversarial_hpc_submit.pbs") has been submitted
[2026-09-12 06:38:48] [SUBMIT] RegNetX_400MF/Cifar10/PGD/ALL
[2026-09-12 06:38:48] [CMD] qsub -q all.q -l ngpus=1 -v MODEL="RegNetX_400MF",DATASET="Cifar10",ATTACK="PGD",KIND="ALL",PHASE="generate",OUTPUT_DIR="adversarial_results_ep200_pre200",FORCE_RERUN="0" adversarial_hpc_submit.pbs </dev/null
[2026-09-12 06:38:51] [OK] VGG16/TinyImageNet/APGD/ALL
[2026-09-12 06:38:51] [OK] qsub output: Your job 6507242 ("adversarial_hpc_submit.pbs") has been submitted
[2026-09-12 06:38:51] [SUBMIT] VGG16/TinyImageNet/CW/ALL
[2026-09-12 06:38:51] [OK] VGG16/TinyImageNet/APGD/ALL
[2026-09-12 06:38:51] [CMD] qsub -q all.q -l ngpus=1 -v MODEL="VGG16",DATASET="TinyImageNet",ATTACK="CW",KIND="ALL",PHASE="generate",OUTPUT_DIR="adversarial_results_ep100_pre300",FORCE_RERUN="0" adversarial_hpc_submit.pbs </dev/null
[2026-09-12 06:38:51] [OK] qsub output: Your job 6507243 ("adversarial_hpc_submit.pbs") has been submitted
[2026-09-12 06:38:51] [SUBMIT] VGG16/TinyImageNet/CW/ALL
[2026-09-12 06:38:51] [CMD] qsub -q all.q -l ngpus=1 -v MODEL="VGG16",DATASET="TinyImageNet",ATTACK="CW",KIND="ALL",PHASE="generate",OUTPUT_DIR="adversarial_results_ep300_pre100",FORCE_RERUN="0" adversarial_hpc_submit.pbs </dev/null
[2026-09-12 06:38:57] [OK] VGG16/TinyImageNet/CW/ALL
[2026-09-12 06:38:57] [OK] qsub output: Your job 6507245 ("adversarial_hpc_submit.pbs") has been submitted
[2026-09-12 06:38:58] [SUBMIT] VGG16/TinyImageNet/DeepFool/ALL
[2026-09-12 06:38:58] [CMD] qsub -q all.q -l ngpus=1 -v MODEL="VGG16",DATASET="TinyImageNet",ATTACK="DeepFool",KIND="ALL",PHASE="generate",OUTPUT_DIR="adversarial_results_ep100_pre300",FORCE_RERUN="0" adversarial_hpc_submit.pbs </dev/null
[2026-09-12 06:39:01] [OK] RegNetX_400MF/Cifar10/PGD/ALL
[2026-09-12 06:39:01] [OK] qsub output: Your job 6507244 ("adversarial_hpc_submit.pbs") has been submitted
[2026-09-12 06:39:01] [OK] VGG16/TinyImageNet/CW/ALL
[2026-09-12 06:39:01] [SUBMIT] RegNetX_400MF/Cifar10/FGSM/ALL
[2026-09-12 06:39:01] [OK] qsub output: Your job 6507246 ("adversarial_hpc_submit.pbs") has been submitted
[2026-09-12 06:39:01] [CMD] qsub -q all.q -l ngpus=1 -v MODEL="RegNetX_400MF",DATASET="Cifar10",ATTACK="FGSM",KIND="ALL",PHASE="generate",OUTPUT_DIR="adversarial_results_ep200_pre200",FORCE_RERUN="0" adversarial_hpc_submit.pbs </dev/null
[2026-09-12 06:39:01] [SUBMIT] VGG16/TinyImageNet/DeepFool/ALL
[2026-09-12 06:39:01] [CMD] qsub -q all.q -l ngpus=1 -v MODEL="VGG16",DATASET="TinyImageNet",ATTACK="DeepFool",KIND="ALL",PHASE="generate",OUTPUT_DIR="adversarial_results_ep300_pre100",FORCE_RERUN="0" adversarial_hpc_submit.pbs </dev/null
[2026-09-12 06:39:07] [OK] VGG16/TinyImageNet/DeepFool/ALL
[2026-09-12 06:39:07] [OK] qsub output: Your job 6507247 ("adversarial_hpc_submit.pbs") has been submitted
[2026-09-12 06:39:07] [SUBMIT] RegNetX_400MF/Cifar10/PGD/ALL
[2026-09-12 06:39:07] [CMD] qsub -q all.q -l ngpus=1 -v MODEL="RegNetX_400MF",DATASET="Cifar10",ATTACK="PGD",KIND="ALL",PHASE="generate",OUTPUT_DIR="adversarial_results_ep100_pre300",FORCE_RERUN="0" adversarial_hpc_submit.pbs </dev/null
[2026-09-12 06:39:09] [OK] RegNetX_400MF/Cifar10/FGSM/ALL
[2026-09-12 06:39:09] [OK] qsub output: Your job 6507248 ("adversarial_hpc_submit.pbs") has been submitted
[2026-09-12 06:39:09] [SUBMIT] RegNetX_400MF/Cifar10/IFGSM/ALL
[2026-09-12 06:39:09] [CMD] qsub -q all.q -l ngpus=1 -v MODEL="RegNetX_400MF",DATASET="Cifar10",ATTACK="IFGSM",KIND="ALL",PHASE="generate",OUTPUT_DIR="adversarial_results_ep200_pre200",FORCE_RERUN="0" adversarial_hpc_submit.pbs </dev/null
[2026-09-12 06:39:10] [OK] VGG16/TinyImageNet/DeepFool/ALL
[2026-09-12 06:39:10] [OK] qsub output: Your job 6507249 ("adversarial_hpc_submit.pbs") has been submitted
[2026-09-12 06:39:10] [SUBMIT] RegNetX_400MF/Cifar10/PGD/ALL
[2026-09-12 06:39:10] [CMD] qsub -q all.q -l ngpus=1 -v MODEL="RegNetX_400MF",DATASET="Cifar10",ATTACK="PGD",KIND="ALL",PHASE="generate",OUTPUT_DIR="adversarial_results_ep300_pre100",FORCE_RERUN="0" adversarial_hpc_submit.pbs </dev/null
[2026-09-12 06:39:11] [OK] RegNetX_400MF/Cifar10/PGD/ALL
[2026-09-12 06:39:11] [OK] qsub output: Your job 6507250 ("adversarial_hpc_submit.pbs") has been submitted
[2026-09-12 06:39:11] [SUBMIT] RegNetX_400MF/Cifar10/FGSM/ALL
[2026-09-12 06:39:11] [CMD] qsub -q all.q -l ngpus=1 -v MODEL="RegNetX_400MF",DATASET="Cifar10",ATTACK="FGSM",KIND="ALL",PHASE="generate",OUTPUT_DIR="adversarial_results_ep100_pre300",FORCE_RERUN="0" adversarial_hpc_submit.pbs </dev/null
[2026-09-12 06:39:16] [OK] RegNetX_400MF/Cifar10/PGD/ALL
[2026-09-12 06:39:16] [OK] qsub output: Your job 6507252 ("adversarial_hpc_submit.pbs") has been submitted
[2026-09-12 06:39:16] [SUBMIT] RegNetX_400MF/Cifar10/FGSM/ALL
[2026-09-12 06:39:16] [CMD] qsub -q all.q -l ngpus=1 -v MODEL="RegNetX_400MF",DATASET="Cifar10",ATTACK="FGSM",KIND="ALL",PHASE="generate",OUTPUT_DIR="adversarial_results_ep300_pre100",FORCE_RERUN="0" adversarial_hpc_submit.pbs </dev/null
[2026-09-12 06:39:20] [OK] RegNetX_400MF/Cifar10/IFGSM/ALL
[2026-09-12 06:39:20] [OK] qsub output: Your job 6507251 ("adversarial_hpc_submit.pbs") has been submitted
[2026-09-12 06:39:20] [SUBMIT] RegNetX_400MF/Cifar10/BIM/ALL
[2026-09-12 06:39:20] [CMD] qsub -q all.q -l ngpus=1 -v MODEL="RegNetX_400MF",DATASET="Cifar10",ATTACK="BIM",KIND="ALL",PHASE="generate",OUTPUT_DIR="adversarial_results_ep200_pre200",FORCE_RERUN="0" adversarial_hpc_submit.pbs </dev/null
[2026-09-12 06:39:22] [OK] RegNetX_400MF/Cifar10/FGSM/ALL
[2026-09-12 06:39:22] [OK] qsub output: Your job 6507254 ("adversarial_hpc_submit.pbs") has been submitted
[2026-09-12 06:39:22] [SUBMIT] RegNetX_400MF/Cifar10/IFGSM/ALL
[2026-09-12 06:39:22] [CMD] qsub -q all.q -l ngpus=1 -v MODEL="RegNetX_400MF",DATASET="Cifar10",ATTACK="IFGSM",KIND="ALL",PHASE="generate",OUTPUT_DIR="adversarial_results_ep100_pre300",FORCE_RERUN="0" adversarial_hpc_submit.pbs </dev/null
[2026-09-12 06:39:25] [OK] RegNetX_400MF/Cifar10/BIM/ALL
[2026-09-12 06:39:25] [OK] qsub output: Your job 6507256 ("adversarial_hpc_submit.pbs") has been submitted
[2026-09-12 06:39:25] [SUBMIT] RegNetX_400MF/Cifar10/APGD/ALL
[2026-09-12 06:39:25] [CMD] qsub -q all.q -l ngpus=1 -v MODEL="RegNetX_400MF",DATASET="Cifar10",ATTACK="APGD",KIND="ALL",PHASE="generate",OUTPUT_DIR="adversarial_results_ep200_pre200",FORCE_RERUN="0" adversarial_hpc_submit.pbs </dev/null
[2026-09-12 06:39:28] [OK] RegNetX_400MF/Cifar10/FGSM/ALL
[2026-09-12 06:39:28] [OK] qsub output: Your job 6507255 ("adversarial_hpc_submit.pbs") has been submitted
[2026-09-12 06:39:28] [SUBMIT] RegNetX_400MF/Cifar10/IFGSM/ALL
[2026-09-12 06:39:28] [CMD] qsub -q all.q -l ngpus=1 -v MODEL="RegNetX_400MF",DATASET="Cifar10",ATTACK="IFGSM",KIND="ALL",PHASE="generate",OUTPUT_DIR="adversarial_results_ep300_pre100",FORCE_RERUN="0" adversarial_hpc_submit.pbs </dev/null
[2026-09-12 06:39:31] [OK] RegNetX_400MF/Cifar10/IFGSM/ALL
[2026-09-12 06:39:31] [OK] qsub output: Your job 6507257 ("adversarial_hpc_submit.pbs") has been submitted
[2026-09-12 06:39:31] [OK] RegNetX_400MF/Cifar10/APGD/ALL
[2026-09-12 06:39:31] [OK] qsub output: Your job 6507258 ("adversarial_hpc_submit.pbs") has been submitted
[2026-09-12 06:39:31] [SUBMIT] RegNetX_400MF/Cifar10/BIM/ALL
[2026-09-12 06:39:31] [CMD] qsub -q all.q -l ngpus=1 -v MODEL="RegNetX_400MF",DATASET="Cifar10",ATTACK="BIM",KIND="ALL",PHASE="generate",OUTPUT_DIR="adversarial_results_ep100_pre300",FORCE_RERUN="0" adversarial_hpc_submit.pbs </dev/null
[2026-09-12 06:39:31] [SUBMIT] RegNetX_400MF/Cifar10/CW/ALL
[2026-09-12 06:39:31] [CMD] qsub -q all.q -l ngpus=1 -v MODEL="RegNetX_400MF",DATASET="Cifar10",ATTACK="CW",KIND="ALL",PHASE="generate",OUTPUT_DIR="adversarial_results_ep200_pre200",FORCE_RERUN="0" adversarial_hpc_submit.pbs </dev/null
[2026-09-12 06:39:37] [OK] RegNetX_400MF/Cifar10/BIM/ALL
[2026-09-12 06:39:37] [OK] qsub output: Your job 6507260 ("adversarial_hpc_submit.pbs") has been submitted
[2026-09-12 06:39:37] [SUBMIT] RegNetX_400MF/Cifar10/APGD/ALL
[2026-09-12 06:39:37] [CMD] qsub -q all.q -l ngpus=1 -v MODEL="RegNetX_400MF",DATASET="Cifar10",ATTACK="APGD",KIND="ALL",PHASE="generate",OUTPUT_DIR="adversarial_results_ep100_pre300",FORCE_RERUN="0" adversarial_hpc_submit.pbs </dev/null
[2026-09-12 06:39:39] [OK] RegNetX_400MF/Cifar10/CW/ALL
[2026-09-12 06:39:39] [OK] qsub output: Your job 6507261 ("adversarial_hpc_submit.pbs") has been submitted
[2026-09-12 06:39:39] [SUBMIT] RegNetX_400MF/Cifar10/DeepFool/ALL
[2026-09-12 06:39:39] [CMD] qsub -q all.q -l ngpus=1 -v MODEL="RegNetX_400MF",DATASET="Cifar10",ATTACK="DeepFool",KIND="ALL",PHASE="generate",OUTPUT_DIR="adversarial_results_ep200_pre200",FORCE_RERUN="0" adversarial_hpc_submit.pbs </dev/null
[2026-09-12 06:39:40] [OK] RegNetX_400MF/Cifar10/IFGSM/ALL
[2026-09-12 06:39:40] [OK] qsub output: Your job 6507259 ("adversarial_hpc_submit.pbs") has been submitted
[2026-09-12 06:39:40] [SUBMIT] RegNetX_400MF/Cifar10/BIM/ALL
[2026-09-12 06:39:40] [CMD] qsub -q all.q -l ngpus=1 -v MODEL="RegNetX_400MF",DATASET="Cifar10",ATTACK="BIM",KIND="ALL",PHASE="generate",OUTPUT_DIR="adversarial_results_ep300_pre100",FORCE_RERUN="0" adversarial_hpc_submit.pbs </dev/null
[2026-09-12 06:39:45] [OK] RegNetX_400MF/Cifar10/APGD/ALL
[2026-09-12 06:39:45] [OK] qsub output: Your job 6507262 ("adversarial_hpc_submit.pbs") has been submitted
[2026-09-12 06:39:45] [SUBMIT] RegNetX_400MF/Cifar10/CW/ALL
[2026-09-12 06:39:45] [CMD] qsub -q all.q -l ngpus=1 -v MODEL="RegNetX_400MF",DATASET="Cifar10",ATTACK="CW",KIND="ALL",PHASE="generate",OUTPUT_DIR="adversarial_results_ep100_pre300",FORCE_RERUN="0" adversarial_hpc_submit.pbs </dev/null
[2026-09-12 06:39:50] [OK] RegNetX_400MF/Cifar10/DeepFool/ALL
[2026-09-12 06:39:50] [OK] qsub output: Your job 6507263 ("adversarial_hpc_submit.pbs") has been submitted
[2026-09-12 06:39:50] [SUBMIT] RegNetX_400MF/Cifar100/PGD/ALL
[2026-09-12 06:39:50] [CMD] qsub -q all.q -l ngpus=1 -v MODEL="RegNetX_400MF",DATASET="Cifar100",ATTACK="PGD",KIND="ALL",PHASE="generate",OUTPUT_DIR="adversarial_results_ep200_pre200",FORCE_RERUN="0" adversarial_hpc_submit.pbs </dev/null
[2026-09-12 06:39:55] [OK] RegNetX_400MF/Cifar10/BIM/ALL
[2026-09-12 06:39:55] [OK] qsub output: Your job 6507264 ("adversarial_hpc_submit.pbs") has been submitted
[2026-09-12 06:39:55] [SUBMIT] RegNetX_400MF/Cifar10/APGD/ALL
[2026-09-12 06:39:55] [CMD] qsub -q all.q -l ngpus=1 -v MODEL="RegNetX_400MF",DATASET="Cifar10",ATTACK="APGD",KIND="ALL",PHASE="generate",OUTPUT_DIR="adversarial_results_ep300_pre100",FORCE_RERUN="0" adversarial_hpc_submit.pbs </dev/null
[2026-09-12 06:39:57] [OK] RegNetX_400MF/Cifar100/PGD/ALL
[2026-09-12 06:39:57] [OK] qsub output: Your job 6507266 ("adversarial_hpc_submit.pbs") has been submitted
[2026-09-12 06:39:57] [SUBMIT] RegNetX_400MF/Cifar100/FGSM/ALL
[2026-09-12 06:39:57] [CMD] qsub -q all.q -l ngpus=1 -v MODEL="RegNetX_400MF",DATASET="Cifar100",ATTACK="FGSM",KIND="ALL",PHASE="generate",OUTPUT_DIR="adversarial_results_ep200_pre200",FORCE_RERUN="0" adversarial_hpc_submit.pbs </dev/null
[2026-09-12 06:39:58] [OK] RegNetX_400MF/Cifar10/CW/ALL
[2026-09-12 06:39:58] [OK] qsub output: Your job 6507265 ("adversarial_hpc_submit.pbs") has been submitted
[2026-09-12 06:39:58] [SUBMIT] RegNetX_400MF/Cifar10/DeepFool/ALL
[2026-09-12 06:39:58] [CMD] qsub -q all.q -l ngpus=1 -v MODEL="RegNetX_400MF",DATASET="Cifar10",ATTACK="DeepFool",KIND="ALL",PHASE="generate",OUTPUT_DIR="adversarial_results_ep100_pre300",FORCE_RERUN="0" adversarial_hpc_submit.pbs </dev/null
[2026-09-12 06:40:03] [OK] RegNetX_400MF/Cifar100/FGSM/ALL
[2026-09-12 06:40:03] [OK] qsub output: Your job 6507268 ("adversarial_hpc_submit.pbs") has been submitted
[2026-09-12 06:40:03] [SUBMIT] RegNetX_400MF/Cifar100/IFGSM/ALL
[2026-09-12 06:40:03] [CMD] qsub -q all.q -l ngpus=1 -v MODEL="RegNetX_400MF",DATASET="Cifar100",ATTACK="IFGSM",KIND="ALL",PHASE="generate",OUTPUT_DIR="adversarial_results_ep200_pre200",FORCE_RERUN="0" adversarial_hpc_submit.pbs </dev/null
[2026-09-12 06:40:04] [OK] RegNetX_400MF/Cifar10/APGD/ALL
[2026-09-12 06:40:04] [OK] qsub output: Your job 6507267 ("adversarial_hpc_submit.pbs") has been submitted
[2026-09-12 06:40:05] [SUBMIT] RegNetX_400MF/Cifar10/CW/ALL
[2026-09-12 06:40:05] [CMD] qsub -q all.q -l ngpus=1 -v MODEL="RegNetX_400MF",DATASET="Cifar10",ATTACK="CW",KIND="ALL",PHASE="generate",OUTPUT_DIR="adversarial_results_ep300_pre100",FORCE_RERUN="0" adversarial_hpc_submit.pbs </dev/null
[2026-09-12 06:40:07] [OK] RegNetX_400MF/Cifar10/DeepFool/ALL
[2026-09-12 06:40:07] [OK] qsub output: Your job 6507269 ("adversarial_hpc_submit.pbs") has been submitted
[2026-09-12 06:40:07] [SUBMIT] RegNetX_400MF/Cifar100/PGD/ALL
[2026-09-12 06:40:07] [CMD] qsub -q all.q -l ngpus=1 -v MODEL="RegNetX_400MF",DATASET="Cifar100",ATTACK="PGD",KIND="ALL",PHASE="generate",OUTPUT_DIR="adversarial_results_ep100_pre300",FORCE_RERUN="0" adversarial_hpc_submit.pbs </dev/null
[2026-09-12 06:40:08] [OK] RegNetX_400MF/Cifar100/IFGSM/ALL
[2026-09-12 06:40:08] [OK] qsub output: Your job 6507270 ("adversarial_hpc_submit.pbs") has been submitted
[2026-09-12 06:40:08] [SUBMIT] RegNetX_400MF/Cifar100/BIM/ALL
[2026-09-12 06:40:08] [CMD] qsub -q all.q -l ngpus=1 -v MODEL="RegNetX_400MF",DATASET="Cifar100",ATTACK="BIM",KIND="ALL",PHASE="generate",OUTPUT_DIR="adversarial_results_ep200_pre200",FORCE_RERUN="0" adversarial_hpc_submit.pbs </dev/null
[2026-09-12 06:40:14] [OK] RegNetX_400MF/Cifar100/PGD/ALL
[2026-09-12 06:40:14] [OK] qsub output: Your job 6507272 ("adversarial_hpc_submit.pbs") has been submitted
[2026-09-12 06:40:14] [SUBMIT] RegNetX_400MF/Cifar100/FGSM/ALL
[2026-09-12 06:40:15] [CMD] qsub -q all.q -l ngpus=1 -v MODEL="RegNetX_400MF",DATASET="Cifar100",ATTACK="FGSM",KIND="ALL",PHASE="generate",OUTPUT_DIR="adversarial_results_ep100_pre300",FORCE_RERUN="0" adversarial_hpc_submit.pbs </dev/null
[2026-09-12 06:40:16] [OK] RegNetX_400MF/Cifar10/CW/ALL
[2026-09-12 06:40:16] [OK] qsub output: Your job 6507271 ("adversarial_hpc_submit.pbs") has been submitted
[2026-09-12 06:40:16] [SUBMIT] RegNetX_400MF/Cifar10/DeepFool/ALL
[2026-09-12 06:40:16] [CMD] qsub -q all.q -l ngpus=1 -v MODEL="RegNetX_400MF",DATASET="Cifar10",ATTACK="DeepFool",KIND="ALL",PHASE="generate",OUTPUT_DIR="adversarial_results_ep300_pre100",FORCE_RERUN="0" adversarial_hpc_submit.pbs </dev/null
[2026-09-12 06:40:19] [OK] RegNetX_400MF/Cifar100/BIM/ALL
[2026-09-12 06:40:19] [OK] qsub output: Your job 6507273 ("adversarial_hpc_submit.pbs") has been submitted
[2026-09-12 06:40:19] [SUBMIT] RegNetX_400MF/Cifar100/APGD/ALL
[2026-09-12 06:40:19] [CMD] qsub -q all.q -l ngpus=1 -v MODEL="RegNetX_400MF",DATASET="Cifar100",ATTACK="APGD",KIND="ALL",PHASE="generate",OUTPUT_DIR="adversarial_results_ep200_pre200",FORCE_RERUN="0" adversarial_hpc_submit.pbs </dev/null
[2026-09-12 06:40:21] [OK] RegNetX_400MF/Cifar10/DeepFool/ALL
[2026-09-12 06:40:21] [OK] qsub output: Your job 6507275 ("adversarial_hpc_submit.pbs") has been submitted
[2026-09-12 06:40:21] [SUBMIT] RegNetX_400MF/Cifar100/PGD/ALL
[2026-09-12 06:40:21] [CMD] qsub -q all.q -l ngpus=1 -v MODEL="RegNetX_400MF",DATASET="Cifar100",ATTACK="PGD",KIND="ALL",PHASE="generate",OUTPUT_DIR="adversarial_results_ep300_pre100",FORCE_RERUN="0" adversarial_hpc_submit.pbs </dev/null
[2026-09-12 06:40:22] [OK] RegNetX_400MF/Cifar100/FGSM/ALL
[2026-09-12 06:40:22] [OK] qsub output: Your job 6507274 ("adversarial_hpc_submit.pbs") has been submitted
[2026-09-12 06:40:22] [SUBMIT] RegNetX_400MF/Cifar100/IFGSM/ALL
[2026-09-12 06:40:22] [CMD] qsub -q all.q -l ngpus=1 -v MODEL="RegNetX_400MF",DATASET="Cifar100",ATTACK="IFGSM",KIND="ALL",PHASE="generate",OUTPUT_DIR="adversarial_results_ep100_pre300",FORCE_RERUN="0" adversarial_hpc_submit.pbs </dev/null
[2026-09-12 06:40:24] [OK] RegNetX_400MF/Cifar100/PGD/ALL
[2026-09-12 06:40:24] [OK] qsub output: Your job 6507277 ("adversarial_hpc_submit.pbs") has been submitted
[2026-09-12 06:40:24] [SUBMIT] RegNetX_400MF/Cifar100/FGSM/ALL
[2026-09-12 06:40:24] [CMD] qsub -q all.q -l ngpus=1 -v MODEL="RegNetX_400MF",DATASET="Cifar100",ATTACK="FGSM",KIND="ALL",PHASE="generate",OUTPUT_DIR="adversarial_results_ep300_pre100",FORCE_RERUN="0" adversarial_hpc_submit.pbs </dev/null
[2026-09-12 06:40:26] [OK] RegNetX_400MF/Cifar100/IFGSM/ALL
[2026-09-12 06:40:27] [OK] RegNetX_400MF/Cifar100/APGD/ALL
[2026-09-12 06:40:31] [OK] RegNetX_400MF/Cifar100/FGSM/ALL
[2026-09-12 06:40:31] [OK] qsub output: Your job 6507278 ("adversarial_hpc_submit.pbs") has been submitted
[2026-09-12 06:40:32] [OK] qsub output: Your job 6507276 ("adversarial_hpc_submit.pbs") has been submitted
[2026-09-12 06:40:32] [OK] qsub output: Your job 6507279 ("adversarial_hpc_submit.pbs") has been submitted
[2026-09-12 06:40:32] [SUBMIT] RegNetX_400MF/Cifar100/BIM/ALL
[2026-09-12 06:40:35] [SUBMIT] RegNetX_400MF/Cifar100/CW/ALL
[2026-09-12 06:40:35] [SUBMIT] RegNetX_400MF/Cifar100/IFGSM/ALL
[2026-09-12 06:40:35] [CMD] qsub -q all.q -l ngpus=1 -v MODEL="RegNetX_400MF",DATASET="Cifar100",ATTACK="BIM",KIND="ALL",PHASE="generate",OUTPUT_DIR="adversarial_results_ep100_pre300",FORCE_RERUN="0" adversarial_hpc_submit.pbs </dev/null
[2026-09-12 06:40:35] [CMD] qsub -q all.q -l ngpus=1 -v MODEL="RegNetX_400MF",DATASET="Cifar100",ATTACK="CW",KIND="ALL",PHASE="generate",OUTPUT_DIR="adversarial_results_ep200_pre200",FORCE_RERUN="0" adversarial_hpc_submit.pbs </dev/null
[2026-09-12 06:40:35] [CMD] qsub -q all.q -l ngpus=1 -v MODEL="RegNetX_400MF",DATASET="Cifar100",ATTACK="IFGSM",KIND="ALL",PHASE="generate",OUTPUT_DIR="adversarial_results_ep300_pre100",FORCE_RERUN="0" adversarial_hpc_submit.pbs </dev/null
[2026-09-12 06:40:40] [OK] RegNetX_400MF/Cifar100/BIM/ALL
[2026-09-12 06:40:40] [OK] qsub output: Your job 6507280 ("adversarial_hpc_submit.pbs") has been submitted
[2026-09-12 06:40:40] [SUBMIT] RegNetX_400MF/Cifar100/APGD/ALL
[2026-09-12 06:40:41] [CMD] qsub -q all.q -l ngpus=1 -v MODEL="RegNetX_400MF",DATASET="Cifar100",ATTACK="APGD",KIND="ALL",PHASE="generate",OUTPUT_DIR="adversarial_results_ep100_pre300",FORCE_RERUN="0" adversarial_hpc_submit.pbs </dev/null
[2026-09-12 06:40:41] [OK] RegNetX_400MF/Cifar100/IFGSM/ALL
[2026-09-12 06:40:42] [OK] qsub output: Your job 6507282 ("adversarial_hpc_submit.pbs") has been submitted
[2026-09-12 06:40:42] [SUBMIT] RegNetX_400MF/Cifar100/BIM/ALL
[2026-09-12 06:40:42] [CMD] qsub -q all.q -l ngpus=1 -v MODEL="RegNetX_400MF",DATASET="Cifar100",ATTACK="BIM",KIND="ALL",PHASE="generate",OUTPUT_DIR="adversarial_results_ep300_pre100",FORCE_RERUN="0" adversarial_hpc_submit.pbs </dev/null
[2026-09-12 06:40:43] [OK] RegNetX_400MF/Cifar100/APGD/ALL
[2026-09-12 06:40:43] [OK] qsub output: Your job 6507283 ("adversarial_hpc_submit.pbs") has been submitted
[2026-09-12 06:40:43] [SUBMIT] RegNetX_400MF/Cifar100/CW/ALL
[2026-09-12 06:40:43] [CMD] qsub -q all.q -l ngpus=1 -v MODEL="RegNetX_400MF",DATASET="Cifar100",ATTACK="CW",KIND="ALL",PHASE="generate",OUTPUT_DIR="adversarial_results_ep100_pre300",FORCE_RERUN="0" adversarial_hpc_submit.pbs </dev/null
[2026-09-12 06:40:43] [OK] RegNetX_400MF/Cifar100/CW/ALL
[2026-09-12 06:40:44] [OK] qsub output: Your job 6507281 ("adversarial_hpc_submit.pbs") has been submitted
[2026-09-12 06:40:44] [SUBMIT] RegNetX_400MF/Cifar100/DeepFool/ALL
[2026-09-12 06:40:44] [CMD] qsub -q all.q -l ngpus=1 -v MODEL="RegNetX_400MF",DATASET="Cifar100",ATTACK="DeepFool",KIND="ALL",PHASE="generate",OUTPUT_DIR="adversarial_results_ep200_pre200",FORCE_RERUN="0" adversarial_hpc_submit.pbs </dev/null
[2026-09-12 06:40:45] [OK] RegNetX_400MF/Cifar100/BIM/ALL
[2026-09-12 06:40:45] [OK] qsub output: Your job 6507284 ("adversarial_hpc_submit.pbs") has been submitted
[2026-09-12 06:40:45] [SUBMIT] RegNetX_400MF/Cifar100/APGD/ALL
[2026-09-12 06:40:46] [CMD] qsub -q all.q -l ngpus=1 -v MODEL="RegNetX_400MF",DATASET="Cifar100",ATTACK="APGD",KIND="ALL",PHASE="generate",OUTPUT_DIR="adversarial_results_ep300_pre100",FORCE_RERUN="0" adversarial_hpc_submit.pbs </dev/null
[2026-09-12 06:40:50] [OK] RegNetX_400MF/Cifar100/CW/ALL
[2026-09-12 06:40:50] [OK] qsub output: Your job 6507285 ("adversarial_hpc_submit.pbs") has been submitted
[2026-09-12 06:40:50] [SUBMIT] RegNetX_400MF/Cifar100/DeepFool/ALL
[2026-09-12 06:40:50] [CMD] qsub -q all.q -l ngpus=1 -v MODEL="RegNetX_400MF",DATASET="Cifar100",ATTACK="DeepFool",KIND="ALL",PHASE="generate",OUTPUT_DIR="adversarial_results_ep100_pre300",FORCE_RERUN="0" adversarial_hpc_submit.pbs </dev/null
[2026-09-12 06:40:52] [OK] RegNetX_400MF/Cifar100/DeepFool/ALL
[2026-09-12 06:40:52] [OK] qsub output: Your job 6507286 ("adversarial_hpc_submit.pbs") has been submitted
[2026-09-12 06:40:52] [SUBMIT] RegNetX_400MF/TinyImageNet/PGD/ALL
[2026-09-12 06:40:52] [CMD] qsub -q all.q -l ngpus=1 -v MODEL="RegNetX_400MF",DATASET="TinyImageNet",ATTACK="PGD",KIND="ALL",PHASE="generate",OUTPUT_DIR="adversarial_results_ep200_pre200",FORCE_RERUN="0" adversarial_hpc_submit.pbs </dev/null
[2026-09-12 06:40:55] [OK] RegNetX_400MF/Cifar100/APGD/ALL
[2026-09-12 06:40:56] [OK] qsub output: Your job 6507287 ("adversarial_hpc_submit.pbs") has been submitted
[2026-09-12 06:40:56] [SUBMIT] RegNetX_400MF/Cifar100/CW/ALL
[2026-09-12 06:40:56] [CMD] qsub -q all.q -l ngpus=1 -v MODEL="RegNetX_400MF",DATASET="Cifar100",ATTACK="CW",KIND="ALL",PHASE="generate",OUTPUT_DIR="adversarial_results_ep300_pre100",FORCE_RERUN="0" adversarial_hpc_submit.pbs </dev/null
[2026-09-12 06:40:56] [OK] RegNetX_400MF/Cifar100/DeepFool/ALL
[2026-09-12 06:40:56] [OK] qsub output: Your job 6507288 ("adversarial_hpc_submit.pbs") has been submitted
[2026-09-12 06:40:56] [SUBMIT] RegNetX_400MF/TinyImageNet/PGD/ALL
[2026-09-12 06:40:56] [CMD] qsub -q all.q -l ngpus=1 -v MODEL="RegNetX_400MF",DATASET="TinyImageNet",ATTACK="PGD",KIND="ALL",PHASE="generate",OUTPUT_DIR="adversarial_results_ep100_pre300",FORCE_RERUN="0" adversarial_hpc_submit.pbs </dev/null
[2026-09-12 06:41:01] [OK] RegNetX_400MF/TinyImageNet/PGD/ALL
[2026-09-12 06:41:01] [OK] qsub output: Your job 6507289 ("adversarial_hpc_submit.pbs") has been submitted
[2026-09-12 06:41:01] [SUBMIT] RegNetX_400MF/TinyImageNet/FGSM/ALL
[2026-09-12 06:41:01] [CMD] qsub -q all.q -l ngpus=1 -v MODEL="RegNetX_400MF",DATASET="TinyImageNet",ATTACK="FGSM",KIND="ALL",PHASE="generate",OUTPUT_DIR="adversarial_results_ep200_pre200",FORCE_RERUN="0" adversarial_hpc_submit.pbs </dev/null
[2026-09-12 06:41:02] [OK] RegNetX_400MF/Cifar100/CW/ALL
[2026-09-12 06:41:02] [OK] qsub output: Your job 6507290 ("adversarial_hpc_submit.pbs") has been submitted
[2026-09-12 06:41:02] [SUBMIT] RegNetX_400MF/Cifar100/DeepFool/ALL
[2026-09-12 06:41:02] [CMD] qsub -q all.q -l ngpus=1 -v MODEL="RegNetX_400MF",DATASET="Cifar100",ATTACK="DeepFool",KIND="ALL",PHASE="generate",OUTPUT_DIR="adversarial_results_ep300_pre100",FORCE_RERUN="0" adversarial_hpc_submit.pbs </dev/null
[2026-09-12 06:41:09] [OK] RegNetX_400MF/TinyImageNet/PGD/ALL
[2026-09-12 06:41:09] [OK] qsub output: Your job 6507291 ("adversarial_hpc_submit.pbs") has been submitted
[2026-09-12 06:41:09] [SUBMIT] RegNetX_400MF/TinyImageNet/FGSM/ALL
[2026-09-12 06:41:09] [CMD] qsub -q all.q -l ngpus=1 -v MODEL="RegNetX_400MF",DATASET="TinyImageNet",ATTACK="FGSM",KIND="ALL",PHASE="generate",OUTPUT_DIR="adversarial_results_ep100_pre300",FORCE_RERUN="0" adversarial_hpc_submit.pbs </dev/null
[2026-09-12 06:41:11] [OK] RegNetX_400MF/TinyImageNet/FGSM/ALL
[2026-09-12 06:41:11] [OK] qsub output: Your job 6507292 ("adversarial_hpc_submit.pbs") has been submitted
[2026-09-12 06:41:11] [SUBMIT] RegNetX_400MF/TinyImageNet/IFGSM/ALL
[2026-09-12 06:41:11] [CMD] qsub -q all.q -l ngpus=1 -v MODEL="RegNetX_400MF",DATASET="TinyImageNet",ATTACK="IFGSM",KIND="ALL",PHASE="generate",OUTPUT_DIR="adversarial_results_ep200_pre200",FORCE_RERUN="0" adversarial_hpc_submit.pbs </dev/null
[2026-09-12 06:41:16] [OK] RegNetX_400MF/Cifar100/DeepFool/ALL
[2026-09-12 06:41:16] [OK] qsub output: Your job 6507293 ("adversarial_hpc_submit.pbs") has been submitted
[2026-09-12 06:41:16] [SUBMIT] RegNetX_400MF/TinyImageNet/PGD/ALL
[2026-09-12 06:41:16] [CMD] qsub -q all.q -l ngpus=1 -v MODEL="RegNetX_400MF",DATASET="TinyImageNet",ATTACK="PGD",KIND="ALL",PHASE="generate",OUTPUT_DIR="adversarial_results_ep300_pre100",FORCE_RERUN="0" adversarial_hpc_submit.pbs </dev/null
[2026-09-12 06:41:18] [OK] RegNetX_400MF/TinyImageNet/FGSM/ALL
[2026-09-12 06:41:18] [OK] qsub output: Your job 6507294 ("adversarial_hpc_submit.pbs") has been submitted
[2026-09-12 06:41:18] [SUBMIT] RegNetX_400MF/TinyImageNet/IFGSM/ALL
[2026-09-12 06:41:18] [CMD] qsub -q all.q -l ngpus=1 -v MODEL="RegNetX_400MF",DATASET="TinyImageNet",ATTACK="IFGSM",KIND="ALL",PHASE="generate",OUTPUT_DIR="adversarial_results_ep100_pre300",FORCE_RERUN="0" adversarial_hpc_submit.pbs </dev/null
[2026-09-12 06:41:20] [OK] RegNetX_400MF/TinyImageNet/IFGSM/ALL
[2026-09-12 06:41:20] [OK] qsub output: Your job 6507295 ("adversarial_hpc_submit.pbs") has been submitted
[2026-09-12 06:41:20] [SUBMIT] RegNetX_400MF/TinyImageNet/BIM/ALL
[2026-09-12 06:41:20] [CMD] qsub -q all.q -l ngpus=1 -v MODEL="RegNetX_400MF",DATASET="TinyImageNet",ATTACK="BIM",KIND="ALL",PHASE="generate",OUTPUT_DIR="adversarial_results_ep200_pre200",FORCE_RERUN="0" adversarial_hpc_submit.pbs </dev/null
[2026-09-12 06:41:27] [OK] RegNetX_400MF/TinyImageNet/PGD/ALL
[2026-09-12 06:41:27] [OK] qsub output: Your job 6507296 ("adversarial_hpc_submit.pbs") has been submitted
[2026-09-12 06:41:27] [SUBMIT] RegNetX_400MF/TinyImageNet/FGSM/ALL
[2026-09-12 06:41:27] [CMD] qsub -q all.q -l ngpus=1 -v MODEL="RegNetX_400MF",DATASET="TinyImageNet",ATTACK="FGSM",KIND="ALL",PHASE="generate",OUTPUT_DIR="adversarial_results_ep300_pre100",FORCE_RERUN="0" adversarial_hpc_submit.pbs </dev/null
[2026-09-12 06:41:29] [OK] RegNetX_400MF/TinyImageNet/BIM/ALL
[2026-09-12 06:41:29] [OK] qsub output: Your job 6507298 ("adversarial_hpc_submit.pbs") has been submitted
[2026-09-12 06:41:29] [SUBMIT] RegNetX_400MF/TinyImageNet/APGD/ALL
[2026-09-12 06:41:29] [CMD] qsub -q all.q -l ngpus=1 -v MODEL="RegNetX_400MF",DATASET="TinyImageNet",ATTACK="APGD",KIND="ALL",PHASE="generate",OUTPUT_DIR="adversarial_results_ep200_pre200",FORCE_RERUN="0" adversarial_hpc_submit.pbs </dev/null
[2026-09-12 06:41:29] [OK] RegNetX_400MF/TinyImageNet/IFGSM/ALL
[2026-09-12 06:41:29] [OK] qsub output: Your job 6507297 ("adversarial_hpc_submit.pbs") has been submitted
[2026-09-12 06:41:29] [SUBMIT] RegNetX_400MF/TinyImageNet/BIM/ALL
[2026-09-12 06:41:29] [CMD] qsub -q all.q -l ngpus=1 -v MODEL="RegNetX_400MF",DATASET="TinyImageNet",ATTACK="BIM",KIND="ALL",PHASE="generate",OUTPUT_DIR="adversarial_results_ep100_pre300",FORCE_RERUN="0" adversarial_hpc_submit.pbs </dev/null
[2026-09-12 06:41:35] [OK] RegNetX_400MF/TinyImageNet/APGD/ALL
[2026-09-12 06:41:35] [OK] qsub output: Your job 6507300 ("adversarial_hpc_submit.pbs") has been submitted
[2026-09-12 06:41:36] [SUBMIT] RegNetX_400MF/TinyImageNet/CW/ALL
[2026-09-12 06:41:36] [CMD] qsub -q all.q -l ngpus=1 -v MODEL="RegNetX_400MF",DATASET="TinyImageNet",ATTACK="CW",KIND="ALL",PHASE="generate",OUTPUT_DIR="adversarial_results_ep200_pre200",FORCE_RERUN="0" adversarial_hpc_submit.pbs </dev/null
[2026-09-12 06:41:36] [OK] RegNetX_400MF/TinyImageNet/FGSM/ALL
[2026-09-12 06:41:36] [OK] qsub output: Your job 6507299 ("adversarial_hpc_submit.pbs") has been submitted
[2026-09-12 06:41:36] [SUBMIT] RegNetX_400MF/TinyImageNet/IFGSM/ALL
[2026-09-12 06:41:36] [CMD] qsub -q all.q -l ngpus=1 -v MODEL="RegNetX_400MF",DATASET="TinyImageNet",ATTACK="IFGSM",KIND="ALL",PHASE="generate",OUTPUT_DIR="adversarial_results_ep300_pre100",FORCE_RERUN="0" adversarial_hpc_submit.pbs </dev/null
[2026-09-12 06:41:38] [OK] RegNetX_400MF/TinyImageNet/BIM/ALL
[2026-09-12 06:41:38] [OK] qsub output: Your job 6507301 ("adversarial_hpc_submit.pbs") has been submitted
[2026-09-12 06:41:38] [SUBMIT] RegNetX_400MF/TinyImageNet/APGD/ALL
[2026-09-12 06:41:39] [CMD] qsub -q all.q -l ngpus=1 -v MODEL="RegNetX_400MF",DATASET="TinyImageNet",ATTACK="APGD",KIND="ALL",PHASE="generate",OUTPUT_DIR="adversarial_results_ep100_pre300",FORCE_RERUN="0" adversarial_hpc_submit.pbs </dev/null
[2026-09-12 06:41:42] [OK] RegNetX_400MF/TinyImageNet/CW/ALL
[2026-09-12 06:41:42] [OK] qsub output: Your job 6507303 ("adversarial_hpc_submit.pbs") has been submitted
[2026-09-12 06:41:42] [SUBMIT] RegNetX_400MF/TinyImageNet/DeepFool/ALL
[2026-09-12 06:41:42] [CMD] qsub -q all.q -l ngpus=1 -v MODEL="RegNetX_400MF",DATASET="TinyImageNet",ATTACK="DeepFool",KIND="ALL",PHASE="generate",OUTPUT_DIR="adversarial_results_ep200_pre200",FORCE_RERUN="0" adversarial_hpc_submit.pbs </dev/null
[2026-09-12 06:41:51] [OK] RegNetX_400MF/TinyImageNet/APGD/ALL
[2026-09-12 06:41:51] [OK] qsub output: Your job 6507305 ("adversarial_hpc_submit.pbs") has been submitted
[2026-09-12 06:41:51] [SUBMIT] RegNetX_400MF/TinyImageNet/CW/ALL
[2026-09-12 06:41:51] [CMD] qsub -q all.q -l ngpus=1 -v MODEL="RegNetX_400MF",DATASET="TinyImageNet",ATTACK="CW",KIND="ALL",PHASE="generate",OUTPUT_DIR="adversarial_results_ep100_pre300",FORCE_RERUN="0" adversarial_hpc_submit.pbs </dev/null
[2026-09-12 06:41:52] [OK] RegNetX_400MF/TinyImageNet/IFGSM/ALL
[2026-09-12 06:41:52] [OK] qsub output: Your job 6507304 ("adversarial_hpc_submit.pbs") has been submitted
[2026-09-12 06:41:52] [SUBMIT] RegNetX_400MF/TinyImageNet/BIM/ALL
[2026-09-12 06:41:52] [CMD] qsub -q all.q -l ngpus=1 -v MODEL="RegNetX_400MF",DATASET="TinyImageNet",ATTACK="BIM",KIND="ALL",PHASE="generate",OUTPUT_DIR="adversarial_results_ep300_pre100",FORCE_RERUN="0" adversarial_hpc_submit.pbs </dev/null
[2026-09-12 06:41:55] [OK] RegNetX_400MF/TinyImageNet/CW/ALL
[2026-09-12 06:41:55] [OK] qsub output: Your job 6507307 ("adversarial_hpc_submit.pbs") has been submitted
[2026-09-12 06:41:55] [SUBMIT] RegNetX_400MF/TinyImageNet/DeepFool/ALL
[2026-09-12 06:41:55] [CMD] qsub -q all.q -l ngpus=1 -v MODEL="RegNetX_400MF",DATASET="TinyImageNet",ATTACK="DeepFool",KIND="ALL",PHASE="generate",OUTPUT_DIR="adversarial_results_ep100_pre300",FORCE_RERUN="0" adversarial_hpc_submit.pbs </dev/null
[2026-09-12 06:41:56] [OK] RegNetX_400MF/TinyImageNet/DeepFool/ALL
[2026-09-12 06:41:56] [OK] qsub output: Your job 6507306 ("adversarial_hpc_submit.pbs") has been submitted
[2026-09-12 06:41:56] [SUBMIT] InceptionNet/Cifar10/PGD/ALL
[2026-09-12 06:41:56] [CMD] qsub -q all.q -l ngpus=1 -v MODEL="InceptionNet",DATASET="Cifar10",ATTACK="PGD",KIND="ALL",PHASE="generate",OUTPUT_DIR="adversarial_results_ep200_pre200",FORCE_RERUN="0" adversarial_hpc_submit.pbs </dev/null
[2026-09-12 06:41:57] [OK] RegNetX_400MF/TinyImageNet/BIM/ALL
[2026-09-12 06:41:57] [OK] qsub output: Your job 6507308 ("adversarial_hpc_submit.pbs") has been submitted
[2026-09-12 06:41:57] [SUBMIT] RegNetX_400MF/TinyImageNet/APGD/ALL
[2026-09-12 06:41:57] [CMD] qsub -q all.q -l ngpus=1 -v MODEL="RegNetX_400MF",DATASET="TinyImageNet",ATTACK="APGD",KIND="ALL",PHASE="generate",OUTPUT_DIR="adversarial_results_ep300_pre100",FORCE_RERUN="0" adversarial_hpc_submit.pbs </dev/null
[2026-09-12 06:42:00] [OK] RegNetX_400MF/TinyImageNet/DeepFool/ALL
[2026-09-12 06:42:01] [OK] qsub output: Your job 6507310 ("adversarial_hpc_submit.pbs") has been submitted
[2026-09-12 06:42:01] [SUBMIT] InceptionNet/Cifar10/PGD/ALL
[2026-09-12 06:42:01] [CMD] qsub -q all.q -l ngpus=1 -v MODEL="InceptionNet",DATASET="Cifar10",ATTACK="PGD",KIND="ALL",PHASE="generate",OUTPUT_DIR="adversarial_results_ep100_pre300",FORCE_RERUN="0" adversarial_hpc_submit.pbs </dev/null
[2026-09-12 06:42:02] [OK] RegNetX_400MF/TinyImageNet/APGD/ALL
[2026-09-12 06:42:02] [OK] qsub output: Your job 6507312 ("adversarial_hpc_submit.pbs") has been submitted
[2026-09-12 06:42:02] [SUBMIT] RegNetX_400MF/TinyImageNet/CW/ALL
[2026-09-12 06:42:02] [CMD] qsub -q all.q -l ngpus=1 -v MODEL="RegNetX_400MF",DATASET="TinyImageNet",ATTACK="CW",KIND="ALL",PHASE="generate",OUTPUT_DIR="adversarial_results_ep300_pre100",FORCE_RERUN="0" adversarial_hpc_submit.pbs </dev/null
[2026-09-12 06:42:05] [OK] InceptionNet/Cifar10/PGD/ALL
[2026-09-12 06:42:05] [OK] qsub output: Your job 6507311 ("adversarial_hpc_submit.pbs") has been submitted
[2026-09-12 06:42:05] [SUBMIT] InceptionNet/Cifar10/FGSM/ALL
[2026-09-12 06:42:05] [CMD] qsub -q all.q -l ngpus=1 -v MODEL="InceptionNet",DATASET="Cifar10",ATTACK="FGSM",KIND="ALL",PHASE="generate",OUTPUT_DIR="adversarial_results_ep200_pre200",FORCE_RERUN="0" adversarial_hpc_submit.pbs </dev/null
[2026-09-12 06:42:07] [OK] InceptionNet/Cifar10/PGD/ALL
[2026-09-12 06:42:08] [OK] qsub output: Your job 6507313 ("adversarial_hpc_submit.pbs") has been submitted
[2026-09-12 06:42:08] [SUBMIT] InceptionNet/Cifar10/FGSM/ALL
[2026-09-12 06:42:08] [CMD] qsub -q all.q -l ngpus=1 -v MODEL="InceptionNet",DATASET="Cifar10",ATTACK="FGSM",KIND="ALL",PHASE="generate",OUTPUT_DIR="adversarial_results_ep100_pre300",FORCE_RERUN="0" adversarial_hpc_submit.pbs </dev/null
[2026-09-12 06:42:08] [OK] RegNetX_400MF/TinyImageNet/CW/ALL
[2026-09-12 06:42:08] [OK] qsub output: Your job 6507314 ("adversarial_hpc_submit.pbs") has been submitted
[2026-09-12 06:42:08] [SUBMIT] RegNetX_400MF/TinyImageNet/DeepFool/ALL
[2026-09-12 06:42:08] [CMD] qsub -q all.q -l ngpus=1 -v MODEL="RegNetX_400MF",DATASET="TinyImageNet",ATTACK="DeepFool",KIND="ALL",PHASE="generate",OUTPUT_DIR="adversarial_results_ep300_pre100",FORCE_RERUN="0" adversarial_hpc_submit.pbs </dev/null
[2026-09-12 06:42:09] [OK] InceptionNet/Cifar10/FGSM/ALL
[2026-09-12 06:42:09] [OK] qsub output: Your job 6507316 ("adversarial_hpc_submit.pbs") has been submitted
[2026-09-12 06:42:10] [SUBMIT] InceptionNet/Cifar10/IFGSM/ALL
[2026-09-12 06:42:10] [CMD] qsub -q all.q -l ngpus=1 -v MODEL="InceptionNet",DATASET="Cifar10",ATTACK="IFGSM",KIND="ALL",PHASE="generate",OUTPUT_DIR="adversarial_results_ep100_pre300",FORCE_RERUN="0" adversarial_hpc_submit.pbs </dev/null
[2026-09-12 06:42:13] [OK] InceptionNet/Cifar10/FGSM/ALL
[2026-09-12 06:42:13] [OK] qsub output: Your job 6507315 ("adversarial_hpc_submit.pbs") has been submitted
[2026-09-12 06:42:14] [SUBMIT] InceptionNet/Cifar10/IFGSM/ALL
[2026-09-12 06:42:14] [CMD] qsub -q all.q -l ngpus=1 -v MODEL="InceptionNet",DATASET="Cifar10",ATTACK="IFGSM",KIND="ALL",PHASE="generate",OUTPUT_DIR="adversarial_results_ep200_pre200",FORCE_RERUN="0" adversarial_hpc_submit.pbs </dev/null
[2026-09-12 06:42:17] [OK] RegNetX_400MF/TinyImageNet/DeepFool/ALL
[2026-09-12 06:42:17] [OK] qsub output: Your job 6507317 ("adversarial_hpc_submit.pbs") has been submitted
[2026-09-12 06:42:17] [SUBMIT] InceptionNet/Cifar10/PGD/ALL
[2026-09-12 06:42:17] [CMD] qsub -q all.q -l ngpus=1 -v MODEL="InceptionNet",DATASET="Cifar10",ATTACK="PGD",KIND="ALL",PHASE="generate",OUTPUT_DIR="adversarial_results_ep300_pre100",FORCE_RERUN="0" adversarial_hpc_submit.pbs </dev/null
[2026-09-12 06:42:23] [OK] InceptionNet/Cifar10/IFGSM/ALL
[2026-09-12 06:42:23] [OK] qsub output: Your job 6507318 ("adversarial_hpc_submit.pbs") has been submitted
[2026-09-12 06:42:23] [SUBMIT] InceptionNet/Cifar10/BIM/ALL
[2026-09-12 06:42:23] [CMD] qsub -q all.q -l ngpus=1 -v MODEL="InceptionNet",DATASET="Cifar10",ATTACK="BIM",KIND="ALL",PHASE="generate",OUTPUT_DIR="adversarial_results_ep100_pre300",FORCE_RERUN="0" adversarial_hpc_submit.pbs </dev/null
[2026-09-12 06:42:27] [OK] InceptionNet/Cifar10/IFGSM/ALL
[2026-09-12 06:42:27] [OK] qsub output: Your job 6507319 ("adversarial_hpc_submit.pbs") has been submitted
[2026-09-12 06:42:27] [SUBMIT] InceptionNet/Cifar10/BIM/ALL
[2026-09-12 06:42:27] [CMD] qsub -q all.q -l ngpus=1 -v MODEL="InceptionNet",DATASET="Cifar10",ATTACK="BIM",KIND="ALL",PHASE="generate",OUTPUT_DIR="adversarial_results_ep200_pre200",FORCE_RERUN="0" adversarial_hpc_submit.pbs </dev/null
[2026-09-12 06:42:28] [OK] InceptionNet/Cifar10/BIM/ALL
[2026-09-12 06:42:28] [OK] qsub output: Your job 6507321 ("adversarial_hpc_submit.pbs") has been submitted
[2026-09-12 06:42:28] [SUBMIT] InceptionNet/Cifar10/APGD/ALL
[2026-09-12 06:42:28] [CMD] qsub -q all.q -l ngpus=1 -v MODEL="InceptionNet",DATASET="Cifar10",ATTACK="APGD",KIND="ALL",PHASE="generate",OUTPUT_DIR="adversarial_results_ep100_pre300",FORCE_RERUN="0" adversarial_hpc_submit.pbs </dev/null
[2026-09-12 06:42:32] [OK] InceptionNet/Cifar10/PGD/ALL
[2026-09-12 06:42:33] [OK] qsub output: Your job 6507320 ("adversarial_hpc_submit.pbs") has been submitted
[2026-09-12 06:42:33] [SUBMIT] InceptionNet/Cifar10/FGSM/ALL
[2026-09-12 06:42:33] [CMD] qsub -q all.q -l ngpus=1 -v MODEL="InceptionNet",DATASET="Cifar10",ATTACK="FGSM",KIND="ALL",PHASE="generate",OUTPUT_DIR="adversarial_results_ep300_pre100",FORCE_RERUN="0" adversarial_hpc_submit.pbs </dev/null
[2026-09-12 06:42:35] [OK] InceptionNet/Cifar10/BIM/ALL
[2026-09-12 06:42:36] [OK] qsub output: Your job 6507322 ("adversarial_hpc_submit.pbs") has been submitted
[2026-09-12 06:42:36] [SUBMIT] InceptionNet/Cifar10/APGD/ALL
[2026-09-12 06:42:36] [CMD] qsub -q all.q -l ngpus=1 -v MODEL="InceptionNet",DATASET="Cifar10",ATTACK="APGD",KIND="ALL",PHASE="generate",OUTPUT_DIR="adversarial_results_ep200_pre200",FORCE_RERUN="0" adversarial_hpc_submit.pbs </dev/null
[2026-09-12 06:42:38] [OK] InceptionNet/Cifar10/APGD/ALL
[2026-09-12 06:42:38] [OK] qsub output: Your job 6507323 ("adversarial_hpc_submit.pbs") has been submitted
[2026-09-12 06:42:38] [SUBMIT] InceptionNet/Cifar10/CW/ALL
[2026-09-12 06:42:38] [CMD] qsub -q all.q -l ngpus=1 -v MODEL="InceptionNet",DATASET="Cifar10",ATTACK="CW",KIND="ALL",PHASE="generate",OUTPUT_DIR="adversarial_results_ep100_pre300",FORCE_RERUN="0" adversarial_hpc_submit.pbs </dev/null
[2026-09-12 06:42:38] [OK] InceptionNet/Cifar10/FGSM/ALL
[2026-09-12 06:42:38] [OK] qsub output: Your job 6507324 ("adversarial_hpc_submit.pbs") has been submitted
[2026-09-12 06:42:38] [SUBMIT] InceptionNet/Cifar10/IFGSM/ALL
[2026-09-12 06:42:38] [CMD] qsub -q all.q -l ngpus=1 -v MODEL="InceptionNet",DATASET="Cifar10",ATTACK="IFGSM",KIND="ALL",PHASE="generate",OUTPUT_DIR="adversarial_results_ep300_pre100",FORCE_RERUN="0" adversarial_hpc_submit.pbs </dev/null
[2026-09-12 06:42:41] [OK] InceptionNet/Cifar10/APGD/ALL
[2026-09-12 06:42:41] [OK] qsub output: Your job 6507325 ("adversarial_hpc_submit.pbs") has been submitted
[2026-09-12 06:42:42] [SUBMIT] InceptionNet/Cifar10/CW/ALL
[2026-09-12 06:42:42] [CMD] qsub -q all.q -l ngpus=1 -v MODEL="InceptionNet",DATASET="Cifar10",ATTACK="CW",KIND="ALL",PHASE="generate",OUTPUT_DIR="adversarial_results_ep200_pre200",FORCE_RERUN="0" adversarial_hpc_submit.pbs </dev/null
[2026-09-12 06:42:44] [OK] InceptionNet/Cifar10/CW/ALL
[2026-09-12 06:42:44] [OK] qsub output: Your job 6507326 ("adversarial_hpc_submit.pbs") has been submitted
[2026-09-12 06:42:44] [SUBMIT] InceptionNet/Cifar10/DeepFool/ALL
[2026-09-12 06:42:44] [CMD] qsub -q all.q -l ngpus=1 -v MODEL="InceptionNet",DATASET="Cifar10",ATTACK="DeepFool",KIND="ALL",PHASE="generate",OUTPUT_DIR="adversarial_results_ep100_pre300",FORCE_RERUN="0" adversarial_hpc_submit.pbs </dev/null
[2026-09-12 06:42:47] [OK] InceptionNet/Cifar10/IFGSM/ALL
[2026-09-12 06:42:47] [OK] qsub output: Your job 6507327 ("adversarial_hpc_submit.pbs") has been submitted
[2026-09-12 06:42:48] [SUBMIT] InceptionNet/Cifar10/BIM/ALL
[2026-09-12 06:42:48] [CMD] qsub -q all.q -l ngpus=1 -v MODEL="InceptionNet",DATASET="Cifar10",ATTACK="BIM",KIND="ALL",PHASE="generate",OUTPUT_DIR="adversarial_results_ep300_pre100",FORCE_RERUN="0" adversarial_hpc_submit.pbs </dev/null
[2026-09-12 06:42:51] [OK] InceptionNet/Cifar10/DeepFool/ALL
[2026-09-12 06:42:54] [OK] InceptionNet/Cifar10/CW/ALL
[2026-09-12 06:42:54] [OK] qsub output: Your job 6507329 ("adversarial_hpc_submit.pbs") has been submitted
[2026-09-12 06:42:54] [OK] qsub output: Your job 6507328 ("adversarial_hpc_submit.pbs") has been submitted
[2026-09-12 06:42:54] [SUBMIT] InceptionNet/Cifar100/PGD/ALL
[2026-09-12 06:42:54] [SUBMIT] InceptionNet/Cifar10/DeepFool/ALL
[2026-09-12 06:42:54] [CMD] qsub -q all.q -l ngpus=1 -v MODEL="InceptionNet",DATASET="Cifar100",ATTACK="PGD",KIND="ALL",PHASE="generate",OUTPUT_DIR="adversarial_results_ep100_pre300",FORCE_RERUN="0" adversarial_hpc_submit.pbs </dev/null
[2026-09-12 06:42:54] [CMD] qsub -q all.q -l ngpus=1 -v MODEL="InceptionNet",DATASET="Cifar10",ATTACK="DeepFool",KIND="ALL",PHASE="generate",OUTPUT_DIR="adversarial_results_ep200_pre200",FORCE_RERUN="0" adversarial_hpc_submit.pbs </dev/null
[2026-09-12 06:42:56] [OK] InceptionNet/Cifar10/BIM/ALL
[2026-09-12 06:42:56] [OK] qsub output: Your job 6507330 ("adversarial_hpc_submit.pbs") has been submitted
[2026-09-12 06:42:57] [SUBMIT] InceptionNet/Cifar10/APGD/ALL
[2026-09-12 06:42:57] [CMD] qsub -q all.q -l ngpus=1 -v MODEL="InceptionNet",DATASET="Cifar10",ATTACK="APGD",KIND="ALL",PHASE="generate",OUTPUT_DIR="adversarial_results_ep300_pre100",FORCE_RERUN="0" adversarial_hpc_submit.pbs </dev/null
[2026-09-12 06:42:59] [OK] InceptionNet/Cifar10/DeepFool/ALL
[2026-09-12 06:42:59] [OK] qsub output: Your job 6507332 ("adversarial_hpc_submit.pbs") has been submitted
[2026-09-12 06:42:59] [SUBMIT] InceptionNet/Cifar100/PGD/ALL
[2026-09-12 06:42:59] [CMD] qsub -q all.q -l ngpus=1 -v MODEL="InceptionNet",DATASET="Cifar100",ATTACK="PGD",KIND="ALL",PHASE="generate",OUTPUT_DIR="adversarial_results_ep200_pre200",FORCE_RERUN="0" adversarial_hpc_submit.pbs </dev/null
[2026-09-12 06:43:01] [OK] InceptionNet/Cifar100/PGD/ALL
[2026-09-12 06:43:01] [OK] qsub output: Your job 6507331 ("adversarial_hpc_submit.pbs") has been submitted
[2026-09-12 06:43:01] [SUBMIT] InceptionNet/Cifar100/FGSM/ALL
[2026-09-12 06:43:01] [CMD] qsub -q all.q -l ngpus=1 -v MODEL="InceptionNet",DATASET="Cifar100",ATTACK="FGSM",KIND="ALL",PHASE="generate",OUTPUT_DIR="adversarial_results_ep100_pre300",FORCE_RERUN="0" adversarial_hpc_submit.pbs </dev/null
[2026-09-12 06:43:01] [OK] InceptionNet/Cifar10/APGD/ALL
[2026-09-12 06:43:01] [OK] qsub output: Your job 6507333 ("adversarial_hpc_submit.pbs") has been submitted
[2026-09-12 06:43:01] [SUBMIT] InceptionNet/Cifar10/CW/ALL
[2026-09-12 06:43:01] [CMD] qsub -q all.q -l ngpus=1 -v MODEL="InceptionNet",DATASET="Cifar10",ATTACK="CW",KIND="ALL",PHASE="generate",OUTPUT_DIR="adversarial_results_ep300_pre100",FORCE_RERUN="0" adversarial_hpc_submit.pbs </dev/null
[2026-09-12 06:43:04] [OK] InceptionNet/Cifar100/FGSM/ALL
[2026-09-12 06:43:04] [OK] qsub output: Your job 6507335 ("adversarial_hpc_submit.pbs") has been submitted
[2026-09-12 06:43:04] [SUBMIT] InceptionNet/Cifar100/IFGSM/ALL
[2026-09-12 06:43:04] [CMD] qsub -q all.q -l ngpus=1 -v MODEL="InceptionNet",DATASET="Cifar100",ATTACK="IFGSM",KIND="ALL",PHASE="generate",OUTPUT_DIR="adversarial_results_ep100_pre300",FORCE_RERUN="0" adversarial_hpc_submit.pbs </dev/null
[2026-09-12 06:43:06] [OK] InceptionNet/Cifar10/CW/ALL
[2026-09-12 06:43:06] [OK] qsub output: Your job 6507336 ("adversarial_hpc_submit.pbs") has been submitted
[2026-09-12 06:43:06] [SUBMIT] InceptionNet/Cifar10/DeepFool/ALL
[2026-09-12 06:43:06] [CMD] qsub -q all.q -l ngpus=1 -v MODEL="InceptionNet",DATASET="Cifar10",ATTACK="DeepFool",KIND="ALL",PHASE="generate",OUTPUT_DIR="adversarial_results_ep300_pre100",FORCE_RERUN="0" adversarial_hpc_submit.pbs </dev/null
[2026-09-12 06:43:07] [OK] InceptionNet/Cifar100/PGD/ALL
[2026-09-12 06:43:07] [OK] qsub output: Your job 6507334 ("adversarial_hpc_submit.pbs") has been submitted
[2026-09-12 06:43:07] [SUBMIT] InceptionNet/Cifar100/FGSM/ALL
[2026-09-12 06:43:07] [CMD] qsub -q all.q -l ngpus=1 -v MODEL="InceptionNet",DATASET="Cifar100",ATTACK="FGSM",KIND="ALL",PHASE="generate",OUTPUT_DIR="adversarial_results_ep200_pre200",FORCE_RERUN="0" adversarial_hpc_submit.pbs </dev/null
[2026-09-12 06:43:09] [OK] InceptionNet/Cifar100/IFGSM/ALL
[2026-09-12 06:43:09] [OK] qsub output: Your job 6507337 ("adversarial_hpc_submit.pbs") has been submitted
[2026-09-12 06:43:09] [SUBMIT] InceptionNet/Cifar100/BIM/ALL
[2026-09-12 06:43:10] [CMD] qsub -q all.q -l ngpus=1 -v MODEL="InceptionNet",DATASET="Cifar100",ATTACK="BIM",KIND="ALL",PHASE="generate",OUTPUT_DIR="adversarial_results_ep100_pre300",FORCE_RERUN="0" adversarial_hpc_submit.pbs </dev/null
[2026-09-12 06:43:13] [OK] InceptionNet/Cifar10/DeepFool/ALL
[2026-09-12 06:43:13] [OK] qsub output: Your job 6507338 ("adversarial_hpc_submit.pbs") has been submitted
[2026-09-12 06:43:14] [SUBMIT] InceptionNet/Cifar100/PGD/ALL
[2026-09-12 06:43:14] [CMD] qsub -q all.q -l ngpus=1 -v MODEL="InceptionNet",DATASET="Cifar100",ATTACK="PGD",KIND="ALL",PHASE="generate",OUTPUT_DIR="adversarial_results_ep300_pre100",FORCE_RERUN="0" adversarial_hpc_submit.pbs </dev/null
[2026-09-12 06:43:14] [OK] InceptionNet/Cifar100/FGSM/ALL
[2026-09-12 06:43:14] [OK] qsub output: Your job 6507339 ("adversarial_hpc_submit.pbs") has been submitted
[2026-09-12 06:43:15] [SUBMIT] InceptionNet/Cifar100/IFGSM/ALL
[2026-09-12 06:43:15] [CMD] qsub -q all.q -l ngpus=1 -v MODEL="InceptionNet",DATASET="Cifar100",ATTACK="IFGSM",KIND="ALL",PHASE="generate",OUTPUT_DIR="adversarial_results_ep200_pre200",FORCE_RERUN="0" adversarial_hpc_submit.pbs </dev/null
[2026-09-12 06:43:19] [OK] InceptionNet/Cifar100/BIM/ALL
[2026-09-12 06:43:20] [OK] qsub output: Your job 6507340 ("adversarial_hpc_submit.pbs") has been submitted
[2026-09-12 06:43:20] [SUBMIT] InceptionNet/Cifar100/APGD/ALL
[2026-09-12 06:43:20] [CMD] qsub -q all.q -l ngpus=1 -v MODEL="InceptionNet",DATASET="Cifar100",ATTACK="APGD",KIND="ALL",PHASE="generate",OUTPUT_DIR="adversarial_results_ep100_pre300",FORCE_RERUN="0" adversarial_hpc_submit.pbs </dev/null
[2026-09-12 06:43:23] [OK] InceptionNet/Cifar100/PGD/ALL
[2026-09-12 06:43:23] [OK] qsub output: Your job 6507341 ("adversarial_hpc_submit.pbs") has been submitted
[2026-09-12 06:43:23] [SUBMIT] InceptionNet/Cifar100/FGSM/ALL
[2026-09-12 06:43:23] [CMD] qsub -q all.q -l ngpus=1 -v MODEL="InceptionNet",DATASET="Cifar100",ATTACK="FGSM",KIND="ALL",PHASE="generate",OUTPUT_DIR="adversarial_results_ep300_pre100",FORCE_RERUN="0" adversarial_hpc_submit.pbs </dev/null
[2026-09-12 06:43:29] [OK] InceptionNet/Cifar100/IFGSM/ALL
[2026-09-12 06:43:29] [OK] qsub output: Your job 6507342 ("adversarial_hpc_submit.pbs") has been submitted
[2026-09-12 06:43:29] [SUBMIT] InceptionNet/Cifar100/BIM/ALL
[2026-09-12 06:43:29] [CMD] qsub -q all.q -l ngpus=1 -v MODEL="InceptionNet",DATASET="Cifar100",ATTACK="BIM",KIND="ALL",PHASE="generate",OUTPUT_DIR="adversarial_results_ep200_pre200",FORCE_RERUN="0" adversarial_hpc_submit.pbs </dev/null
[2026-09-12 06:43:33] [OK] InceptionNet/Cifar100/APGD/ALL
[2026-09-12 06:43:33] [OK] qsub output: Your job 6507343 ("adversarial_hpc_submit.pbs") has been submitted
[2026-09-12 06:43:33] [SUBMIT] InceptionNet/Cifar100/CW/ALL
[2026-09-12 06:43:33] [CMD] qsub -q all.q -l ngpus=1 -v MODEL="InceptionNet",DATASET="Cifar100",ATTACK="CW",KIND="ALL",PHASE="generate",OUTPUT_DIR="adversarial_results_ep100_pre300",FORCE_RERUN="0" adversarial_hpc_submit.pbs </dev/null
[2026-09-12 06:43:34] [OK] InceptionNet/Cifar100/FGSM/ALL
[2026-09-12 06:43:34] [OK] qsub output: Your job 6507344 ("adversarial_hpc_submit.pbs") has been submitted
[2026-09-12 06:43:34] [SUBMIT] InceptionNet/Cifar100/IFGSM/ALL
[2026-09-12 06:43:35] [CMD] qsub -q all.q -l ngpus=1 -v MODEL="InceptionNet",DATASET="Cifar100",ATTACK="IFGSM",KIND="ALL",PHASE="generate",OUTPUT_DIR="adversarial_results_ep300_pre100",FORCE_RERUN="0" adversarial_hpc_submit.pbs </dev/null
[2026-09-12 06:43:35] [OK] InceptionNet/Cifar100/BIM/ALL
[2026-09-12 06:43:37] [OK] qsub output: Your job 6507345 ("adversarial_hpc_submit.pbs") has been submitted
[2026-09-12 06:43:37] [SUBMIT] InceptionNet/Cifar100/APGD/ALL
[2026-09-12 06:43:37] [CMD] qsub -q all.q -l ngpus=1 -v MODEL="InceptionNet",DATASET="Cifar100",ATTACK="APGD",KIND="ALL",PHASE="generate",OUTPUT_DIR="adversarial_results_ep200_pre200",FORCE_RERUN="0" adversarial_hpc_submit.pbs </dev/null
[2026-09-12 06:43:43] [OK] InceptionNet/Cifar100/IFGSM/ALL
[2026-09-12 06:43:43] [OK] qsub output: Your job 6507347 ("adversarial_hpc_submit.pbs") has been submitted
[2026-09-12 06:43:43] [SUBMIT] InceptionNet/Cifar100/BIM/ALL
[2026-09-12 06:43:44] [CMD] qsub -q all.q -l ngpus=1 -v MODEL="InceptionNet",DATASET="Cifar100",ATTACK="BIM",KIND="ALL",PHASE="generate",OUTPUT_DIR="adversarial_results_ep300_pre100",FORCE_RERUN="0" adversarial_hpc_submit.pbs </dev/null
[2026-09-12 06:43:44] [OK] InceptionNet/Cifar100/CW/ALL
[2026-09-12 06:43:45] [OK] qsub output: Your job 6507346 ("adversarial_hpc_submit.pbs") has been submitted
[2026-09-12 06:43:46] [SUBMIT] InceptionNet/Cifar100/DeepFool/ALL
[2026-09-12 06:43:46] [OK] InceptionNet/Cifar100/APGD/ALL
[2026-09-12 06:43:46] [CMD] qsub -q all.q -l ngpus=1 -v MODEL="InceptionNet",DATASET="Cifar100",ATTACK="DeepFool",KIND="ALL",PHASE="generate",OUTPUT_DIR="adversarial_results_ep100_pre300",FORCE_RERUN="0" adversarial_hpc_submit.pbs </dev/null
[2026-09-12 06:43:46] [OK] qsub output: Your job 6507348 ("adversarial_hpc_submit.pbs") has been submitted
[2026-09-12 06:43:46] [SUBMIT] InceptionNet/Cifar100/CW/ALL
[2026-09-12 06:43:46] [CMD] qsub -q all.q -l ngpus=1 -v MODEL="InceptionNet",DATASET="Cifar100",ATTACK="CW",KIND="ALL",PHASE="generate",OUTPUT_DIR="adversarial_results_ep200_pre200",FORCE_RERUN="0" adversarial_hpc_submit.pbs </dev/null
[2026-09-12 06:43:51] [OK] InceptionNet/Cifar100/BIM/ALL
[2026-09-12 06:43:51] [OK] qsub output: Your job 6507349 ("adversarial_hpc_submit.pbs") has been submitted
[2026-09-12 06:43:51] [SUBMIT] InceptionNet/Cifar100/APGD/ALL
[2026-09-12 06:43:51] [CMD] qsub -q all.q -l ngpus=1 -v MODEL="InceptionNet",DATASET="Cifar100",ATTACK="APGD",KIND="ALL",PHASE="generate",OUTPUT_DIR="adversarial_results_ep300_pre100",FORCE_RERUN="0" adversarial_hpc_submit.pbs </dev/null
[2026-09-12 06:43:53] [OK] InceptionNet/Cifar100/DeepFool/ALL
[2026-09-12 06:43:53] [OK] qsub output: Your job 6507350 ("adversarial_hpc_submit.pbs") has been submitted
[2026-09-12 06:43:53] [SUBMIT] InceptionNet/TinyImageNet/PGD/ALL
[2026-09-12 06:43:53] [CMD] qsub -q all.q -l ngpus=1 -v MODEL="InceptionNet",DATASET="TinyImageNet",ATTACK="PGD",KIND="ALL",PHASE="generate",OUTPUT_DIR="adversarial_results_ep100_pre300",FORCE_RERUN="0" adversarial_hpc_submit.pbs </dev/null
[2026-09-12 06:43:54] [OK] InceptionNet/Cifar100/CW/ALL
[2026-09-12 06:43:54] [OK] qsub output: Your job 6507351 ("adversarial_hpc_submit.pbs") has been submitted
[2026-09-12 06:43:54] [SUBMIT] InceptionNet/Cifar100/DeepFool/ALL
[2026-09-12 06:43:54] [CMD] qsub -q all.q -l ngpus=1 -v MODEL="InceptionNet",DATASET="Cifar100",ATTACK="DeepFool",KIND="ALL",PHASE="generate",OUTPUT_DIR="adversarial_results_ep200_pre200",FORCE_RERUN="0" adversarial_hpc_submit.pbs </dev/null
[2026-09-12 06:43:57] [OK] InceptionNet/Cifar100/APGD/ALL
[2026-09-12 06:43:57] [OK] qsub output: Your job 6507352 ("adversarial_hpc_submit.pbs") has been submitted
[2026-09-12 06:43:58] [SUBMIT] InceptionNet/Cifar100/CW/ALL
[2026-09-12 06:43:58] [CMD] qsub -q all.q -l ngpus=1 -v MODEL="InceptionNet",DATASET="Cifar100",ATTACK="CW",KIND="ALL",PHASE="generate",OUTPUT_DIR="adversarial_results_ep300_pre100",FORCE_RERUN="0" adversarial_hpc_submit.pbs </dev/null
[2026-09-12 06:43:59] [OK] InceptionNet/TinyImageNet/PGD/ALL
[2026-09-12 06:43:59] [OK] qsub output: Your job 6507353 ("adversarial_hpc_submit.pbs") has been submitted
[2026-09-12 06:43:59] [SUBMIT] InceptionNet/TinyImageNet/FGSM/ALL
[2026-09-12 06:43:59] [CMD] qsub -q all.q -l ngpus=1 -v MODEL="InceptionNet",DATASET="TinyImageNet",ATTACK="FGSM",KIND="ALL",PHASE="generate",OUTPUT_DIR="adversarial_results_ep100_pre300",FORCE_RERUN="0" adversarial_hpc_submit.pbs </dev/null
[2026-09-12 06:44:00] [OK] InceptionNet/Cifar100/DeepFool/ALL
[2026-09-12 06:44:00] [OK] qsub output: Your job 6507354 ("adversarial_hpc_submit.pbs") has been submitted
[2026-09-12 06:44:00] [SUBMIT] InceptionNet/TinyImageNet/PGD/ALL
[2026-09-12 06:44:00] [CMD] qsub -q all.q -l ngpus=1 -v MODEL="InceptionNet",DATASET="TinyImageNet",ATTACK="PGD",KIND="ALL",PHASE="generate",OUTPUT_DIR="adversarial_results_ep200_pre200",FORCE_RERUN="0" adversarial_hpc_submit.pbs </dev/null
[2026-09-12 06:44:02] [OK] InceptionNet/TinyImageNet/FGSM/ALL
[2026-09-12 06:44:02] [OK] qsub output: Your job 6507356 ("adversarial_hpc_submit.pbs") has been submitted
[2026-09-12 06:44:02] [SUBMIT] InceptionNet/TinyImageNet/IFGSM/ALL
[2026-09-12 06:44:02] [CMD] qsub -q all.q -l ngpus=1 -v MODEL="InceptionNet",DATASET="TinyImageNet",ATTACK="IFGSM",KIND="ALL",PHASE="generate",OUTPUT_DIR="adversarial_results_ep100_pre300",FORCE_RERUN="0" adversarial_hpc_submit.pbs </dev/null
[2026-09-12 06:44:03] [OK] InceptionNet/Cifar100/CW/ALL
[2026-09-12 06:44:03] [OK] qsub output: Your job 6507355 ("adversarial_hpc_submit.pbs") has been submitted
[2026-09-12 06:44:03] [SUBMIT] InceptionNet/Cifar100/DeepFool/ALL
[2026-09-12 06:44:03] [CMD] qsub -q all.q -l ngpus=1 -v MODEL="InceptionNet",DATASET="Cifar100",ATTACK="DeepFool",KIND="ALL",PHASE="generate",OUTPUT_DIR="adversarial_results_ep300_pre100",FORCE_RERUN="0" adversarial_hpc_submit.pbs </dev/null
[2026-09-12 06:44:03] [OK] InceptionNet/TinyImageNet/PGD/ALL
[2026-09-12 06:44:03] [OK] qsub output: Your job 6507357 ("adversarial_hpc_submit.pbs") has been submitted
[2026-09-12 06:44:03] [SUBMIT] InceptionNet/TinyImageNet/FGSM/ALL
[2026-09-12 06:44:03] [CMD] qsub -q all.q -l ngpus=1 -v MODEL="InceptionNet",DATASET="TinyImageNet",ATTACK="FGSM",KIND="ALL",PHASE="generate",OUTPUT_DIR="adversarial_results_ep200_pre200",FORCE_RERUN="0" adversarial_hpc_submit.pbs </dev/null
[2026-09-12 06:44:08] [OK] InceptionNet/TinyImageNet/IFGSM/ALL
[2026-09-12 06:44:09] [OK] qsub output: Your job 6507358 ("adversarial_hpc_submit.pbs") has been submitted
[2026-09-12 06:44:09] [SUBMIT] InceptionNet/TinyImageNet/BIM/ALL
[2026-09-12 06:44:09] [CMD] qsub -q all.q -l ngpus=1 -v MODEL="InceptionNet",DATASET="TinyImageNet",ATTACK="BIM",KIND="ALL",PHASE="generate",OUTPUT_DIR="adversarial_results_ep100_pre300",FORCE_RERUN="0" adversarial_hpc_submit.pbs </dev/null
[2026-09-12 06:44:11] [OK] InceptionNet/Cifar100/DeepFool/ALL
[2026-09-12 06:44:11] [OK] qsub output: Your job 6507359 ("adversarial_hpc_submit.pbs") has been submitted
[2026-09-12 06:44:11] [OK] InceptionNet/TinyImageNet/FGSM/ALL
[2026-09-12 06:44:11] [OK] qsub output: Your job 6507360 ("adversarial_hpc_submit.pbs") has been submitted
[2026-09-12 06:44:11] [SUBMIT] InceptionNet/TinyImageNet/PGD/ALL
[2026-09-12 06:44:11] [CMD] qsub -q all.q -l ngpus=1 -v MODEL="InceptionNet",DATASET="TinyImageNet",ATTACK="PGD",KIND="ALL",PHASE="generate",OUTPUT_DIR="adversarial_results_ep300_pre100",FORCE_RERUN="0" adversarial_hpc_submit.pbs </dev/null
[2026-09-12 06:44:11] [SUBMIT] InceptionNet/TinyImageNet/IFGSM/ALL
[2026-09-12 06:44:11] [CMD] qsub -q all.q -l ngpus=1 -v MODEL="InceptionNet",DATASET="TinyImageNet",ATTACK="IFGSM",KIND="ALL",PHASE="generate",OUTPUT_DIR="adversarial_results_ep200_pre200",FORCE_RERUN="0" adversarial_hpc_submit.pbs </dev/null
[2026-09-12 06:44:16] [OK] InceptionNet/TinyImageNet/PGD/ALL
[2026-09-12 06:44:16] [OK] qsub output: Your job 6507362 ("adversarial_hpc_submit.pbs") has been submitted
[2026-09-12 06:44:16] [SUBMIT] InceptionNet/TinyImageNet/FGSM/ALL
[2026-09-12 06:44:16] [CMD] qsub -q all.q -l ngpus=1 -v MODEL="InceptionNet",DATASET="TinyImageNet",ATTACK="FGSM",KIND="ALL",PHASE="generate",OUTPUT_DIR="adversarial_results_ep300_pre100",FORCE_RERUN="0" adversarial_hpc_submit.pbs </dev/null
[2026-09-12 06:44:17] [OK] InceptionNet/TinyImageNet/BIM/ALL
[2026-09-12 06:44:17] [OK] qsub output: Your job 6507361 ("adversarial_hpc_submit.pbs") has been submitted
[2026-09-12 06:44:17] [SUBMIT] InceptionNet/TinyImageNet/APGD/ALL
[2026-09-12 06:44:18] [CMD] qsub -q all.q -l ngpus=1 -v MODEL="InceptionNet",DATASET="TinyImageNet",ATTACK="APGD",KIND="ALL",PHASE="generate",OUTPUT_DIR="adversarial_results_ep100_pre300",FORCE_RERUN="0" adversarial_hpc_submit.pbs </dev/null
[2026-09-12 06:44:21] [OK] InceptionNet/TinyImageNet/FGSM/ALL
[2026-09-12 06:44:21] [OK] qsub output: Your job 6507364 ("adversarial_hpc_submit.pbs") has been submitted
[2026-09-12 06:44:21] [SUBMIT] InceptionNet/TinyImageNet/IFGSM/ALL
[2026-09-12 06:44:21] [CMD] qsub -q all.q -l ngpus=1 -v MODEL="InceptionNet",DATASET="TinyImageNet",ATTACK="IFGSM",KIND="ALL",PHASE="generate",OUTPUT_DIR="adversarial_results_ep300_pre100",FORCE_RERUN="0" adversarial_hpc_submit.pbs </dev/null
[2026-09-12 06:44:21] [OK] InceptionNet/TinyImageNet/IFGSM/ALL
[2026-09-12 06:44:21] [OK] qsub output: Your job 6507363 ("adversarial_hpc_submit.pbs") has been submitted
[2026-09-12 06:44:22] [SUBMIT] InceptionNet/TinyImageNet/BIM/ALL
[2026-09-12 06:44:22] [CMD] qsub -q all.q -l ngpus=1 -v MODEL="InceptionNet",DATASET="TinyImageNet",ATTACK="BIM",KIND="ALL",PHASE="generate",OUTPUT_DIR="adversarial_results_ep200_pre200",FORCE_RERUN="0" adversarial_hpc_submit.pbs </dev/null
[2026-09-12 06:44:25] [OK] InceptionNet/TinyImageNet/IFGSM/ALL
[2026-09-12 06:44:25] [OK] qsub output: Your job 6507367 ("adversarial_hpc_submit.pbs") has been submitted
[2026-09-12 06:44:25] [SUBMIT] InceptionNet/TinyImageNet/BIM/ALL
[2026-09-12 06:44:25] [CMD] qsub -q all.q -l ngpus=1 -v MODEL="InceptionNet",DATASET="TinyImageNet",ATTACK="BIM",KIND="ALL",PHASE="generate",OUTPUT_DIR="adversarial_results_ep300_pre100",FORCE_RERUN="0" adversarial_hpc_submit.pbs </dev/null
[2026-09-12 06:44:29] [OK] InceptionNet/TinyImageNet/APGD/ALL
[2026-09-12 06:44:29] [OK] qsub output: Your job 6507365 ("adversarial_hpc_submit.pbs") has been submitted
[2026-09-12 06:44:30] [SUBMIT] InceptionNet/TinyImageNet/CW/ALL
[2026-09-12 06:44:30] [CMD] qsub -q all.q -l ngpus=1 -v MODEL="InceptionNet",DATASET="TinyImageNet",ATTACK="CW",KIND="ALL",PHASE="generate",OUTPUT_DIR="adversarial_results_ep100_pre300",FORCE_RERUN="0" adversarial_hpc_submit.pbs </dev/null
[2026-09-12 06:44:32] [OK] InceptionNet/TinyImageNet/BIM/ALL
[2026-09-12 06:44:33] [OK] qsub output: Your job 6507368 ("adversarial_hpc_submit.pbs") has been submitted
[2026-09-12 06:44:33] [SUBMIT] InceptionNet/TinyImageNet/APGD/ALL
[2026-09-12 06:44:33] [CMD] qsub -q all.q -l ngpus=1 -v MODEL="InceptionNet",DATASET="TinyImageNet",ATTACK="APGD",KIND="ALL",PHASE="generate",OUTPUT_DIR="adversarial_results_ep200_pre200",FORCE_RERUN="0" adversarial_hpc_submit.pbs </dev/null
[2026-09-12 06:44:33] [OK] InceptionNet/TinyImageNet/BIM/ALL
[2026-09-12 06:44:33] [OK] qsub output: Your job 6507369 ("adversarial_hpc_submit.pbs") has been submitted
[2026-09-12 06:44:33] [SUBMIT] InceptionNet/TinyImageNet/APGD/ALL
[2026-09-12 06:44:33] [CMD] qsub -q all.q -l ngpus=1 -v MODEL="InceptionNet",DATASET="TinyImageNet",ATTACK="APGD",KIND="ALL",PHASE="generate",OUTPUT_DIR="adversarial_results_ep300_pre100",FORCE_RERUN="0" adversarial_hpc_submit.pbs </dev/null
[2026-09-12 06:44:39] [OK] InceptionNet/TinyImageNet/CW/ALL
[2026-09-12 06:44:39] [OK] InceptionNet/TinyImageNet/APGD/ALL
[2026-09-12 06:44:40] [OK] qsub output: Your job 6507370 ("adversarial_hpc_submit.pbs") has been submitted
[2026-09-12 06:44:40] [OK] qsub output: Your job 6507371 ("adversarial_hpc_submit.pbs") has been submitted
[2026-09-12 06:44:40] [SUBMIT] InceptionNet/TinyImageNet/DeepFool/ALL
[2026-09-12 06:44:40] [SUBMIT] InceptionNet/TinyImageNet/CW/ALL
[2026-09-12 06:44:40] [CMD] qsub -q all.q -l ngpus=1 -v MODEL="InceptionNet",DATASET="TinyImageNet",ATTACK="DeepFool",KIND="ALL",PHASE="generate",OUTPUT_DIR="adversarial_results_ep100_pre300",FORCE_RERUN="0" adversarial_hpc_submit.pbs </dev/null
[2026-09-12 06:44:40] [CMD] qsub -q all.q -l ngpus=1 -v MODEL="InceptionNet",DATASET="TinyImageNet",ATTACK="CW",KIND="ALL",PHASE="generate",OUTPUT_DIR="adversarial_results_ep200_pre200",FORCE_RERUN="0" adversarial_hpc_submit.pbs </dev/null
[2026-09-12 06:44:46] [OK] InceptionNet/TinyImageNet/DeepFool/ALL
[2026-09-12 06:44:46] [OK] qsub output: Your job 6507373 ("adversarial_hpc_submit.pbs") has been submitted
[2026-09-12 06:44:46] [SUBMIT] MobileNet/Cifar10/PGD/ALL
[2026-09-12 06:44:46] [CMD] qsub -q all.q -l ngpus=1 -v MODEL="MobileNet",DATASET="Cifar10",ATTACK="PGD",KIND="ALL",PHASE="generate",OUTPUT_DIR="adversarial_results_ep100_pre300",FORCE_RERUN="0" adversarial_hpc_submit.pbs </dev/null
[2026-09-12 06:44:48] [OK] InceptionNet/TinyImageNet/APGD/ALL
[2026-09-12 06:44:49] [OK] qsub output: Your job 6507372 ("adversarial_hpc_submit.pbs") has been submitted
[2026-09-12 06:44:49] [SUBMIT] InceptionNet/TinyImageNet/CW/ALL
[2026-09-12 06:44:51] [CMD] qsub -q all.q -l ngpus=1 -v MODEL="InceptionNet",DATASET="TinyImageNet",ATTACK="CW",KIND="ALL",PHASE="generate",OUTPUT_DIR="adversarial_results_ep300_pre100",FORCE_RERUN="0" adversarial_hpc_submit.pbs </dev/null
[2026-09-12 06:44:55] [OK] MobileNet/Cifar10/PGD/ALL
[2026-09-12 06:44:55] [OK] qsub output: Your job 6507375 ("adversarial_hpc_submit.pbs") has been submitted
[2026-09-12 06:44:55] [SUBMIT] MobileNet/Cifar10/FGSM/ALL
[2026-09-12 06:44:55] [CMD] qsub -q all.q -l ngpus=1 -v MODEL="MobileNet",DATASET="Cifar10",ATTACK="FGSM",KIND="ALL",PHASE="generate",OUTPUT_DIR="adversarial_results_ep100_pre300",FORCE_RERUN="0" adversarial_hpc_submit.pbs </dev/null
[2026-09-12 06:44:56] [OK] InceptionNet/TinyImageNet/CW/ALL
[2026-09-12 06:44:56] [OK] qsub output: Your job 6507374 ("adversarial_hpc_submit.pbs") has been submitted
[2026-09-12 06:44:56] [SUBMIT] InceptionNet/TinyImageNet/DeepFool/ALL
[2026-09-12 06:44:56] [CMD] qsub -q all.q -l ngpus=1 -v MODEL="InceptionNet",DATASET="TinyImageNet",ATTACK="DeepFool",KIND="ALL",PHASE="generate",OUTPUT_DIR="adversarial_results_ep200_pre200",FORCE_RERUN="0" adversarial_hpc_submit.pbs </dev/null
[2026-09-12 06:45:01] [OK] MobileNet/Cifar10/FGSM/ALL
[2026-09-12 06:45:01] [OK] qsub output: Your job 6507377 ("adversarial_hpc_submit.pbs") has been submitted
[2026-09-12 06:45:01] [SUBMIT] MobileNet/Cifar10/IFGSM/ALL
[2026-09-12 06:45:01] [CMD] qsub -q all.q -l ngpus=1 -v MODEL="MobileNet",DATASET="Cifar10",ATTACK="IFGSM",KIND="ALL",PHASE="generate",OUTPUT_DIR="adversarial_results_ep100_pre300",FORCE_RERUN="0" adversarial_hpc_submit.pbs </dev/null
[2026-09-12 06:45:03] [OK] InceptionNet/TinyImageNet/DeepFool/ALL
[2026-09-12 06:45:03] [OK] qsub output: Your job 6507378 ("adversarial_hpc_submit.pbs") has been submitted
[2026-09-12 06:45:03] [SUBMIT] MobileNet/Cifar10/PGD/ALL
[2026-09-12 06:45:03] [CMD] qsub -q all.q -l ngpus=1 -v MODEL="MobileNet",DATASET="Cifar10",ATTACK="PGD",KIND="ALL",PHASE="generate",OUTPUT_DIR="adversarial_results_ep200_pre200",FORCE_RERUN="0" adversarial_hpc_submit.pbs </dev/null
[2026-09-12 06:45:05] [OK] InceptionNet/TinyImageNet/CW/ALL
[2026-09-12 06:45:05] [OK] qsub output: Your job 6507376 ("adversarial_hpc_submit.pbs") has been submitted
[2026-09-12 06:45:05] [SUBMIT] InceptionNet/TinyImageNet/DeepFool/ALL
[2026-09-12 06:45:05] [CMD] qsub -q all.q -l ngpus=1 -v MODEL="InceptionNet",DATASET="TinyImageNet",ATTACK="DeepFool",KIND="ALL",PHASE="generate",OUTPUT_DIR="adversarial_results_ep300_pre100",FORCE_RERUN="0" adversarial_hpc_submit.pbs </dev/null
[2026-09-12 06:45:07] [OK] MobileNet/Cifar10/PGD/ALL
[2026-09-12 06:45:07] [OK] qsub output: Your job 6507380 ("adversarial_hpc_submit.pbs") has been submitted
[2026-09-12 06:45:07] [SUBMIT] MobileNet/Cifar10/FGSM/ALL
[2026-09-12 06:45:07] [CMD] qsub -q all.q -l ngpus=1 -v MODEL="MobileNet",DATASET="Cifar10",ATTACK="FGSM",KIND="ALL",PHASE="generate",OUTPUT_DIR="adversarial_results_ep200_pre200",FORCE_RERUN="0" adversarial_hpc_submit.pbs </dev/null
[2026-09-12 06:45:08] [OK] MobileNet/Cifar10/IFGSM/ALL
[2026-09-12 06:45:08] [OK] qsub output: Your job 6507379 ("adversarial_hpc_submit.pbs") has been submitted
[2026-09-12 06:45:08] [SUBMIT] MobileNet/Cifar10/BIM/ALL
[2026-09-12 06:45:08] [CMD] qsub -q all.q -l ngpus=1 -v MODEL="MobileNet",DATASET="Cifar10",ATTACK="BIM",KIND="ALL",PHASE="generate",OUTPUT_DIR="adversarial_results_ep100_pre300",FORCE_RERUN="0" adversarial_hpc_submit.pbs </dev/null
[2026-09-12 06:45:10] [OK] InceptionNet/TinyImageNet/DeepFool/ALL
[2026-09-12 06:45:11] [OK] qsub output: Your job 6507382 ("adversarial_hpc_submit.pbs") has been submitted
[2026-09-12 06:45:11] [SUBMIT] MobileNet/Cifar10/PGD/ALL
[2026-09-12 06:45:11] [CMD] qsub -q all.q -l ngpus=1 -v MODEL="MobileNet",DATASET="Cifar10",ATTACK="PGD",KIND="ALL",PHASE="generate",OUTPUT_DIR="adversarial_results_ep300_pre100",FORCE_RERUN="0" adversarial_hpc_submit.pbs </dev/null
[2026-09-12 06:45:15] [OK] MobileNet/Cifar10/FGSM/ALL
[2026-09-12 06:45:15] [OK] qsub output: Your job 6507383 ("adversarial_hpc_submit.pbs") has been submitted
[2026-09-12 06:45:15] [SUBMIT] MobileNet/Cifar10/IFGSM/ALL
[2026-09-12 06:45:15] [CMD] qsub -q all.q -l ngpus=1 -v MODEL="MobileNet",DATASET="Cifar10",ATTACK="IFGSM",KIND="ALL",PHASE="generate",OUTPUT_DIR="adversarial_results_ep200_pre200",FORCE_RERUN="0" adversarial_hpc_submit.pbs </dev/null
[2026-09-12 06:45:16] [OK] MobileNet/Cifar10/BIM/ALL
[2026-09-12 06:45:16] [OK] qsub output: Your job 6507384 ("adversarial_hpc_submit.pbs") has been submitted
[2026-09-12 06:45:16] [SUBMIT] MobileNet/Cifar10/APGD/ALL
[2026-09-12 06:45:16] [CMD] qsub -q all.q -l ngpus=1 -v MODEL="MobileNet",DATASET="Cifar10",ATTACK="APGD",KIND="ALL",PHASE="generate",OUTPUT_DIR="adversarial_results_ep100_pre300",FORCE_RERUN="0" adversarial_hpc_submit.pbs </dev/null
[2026-09-12 06:45:22] [OK] MobileNet/Cifar10/IFGSM/ALL
[2026-09-12 06:45:22] [OK] qsub output: Your job 6507387 ("adversarial_hpc_submit.pbs") has been submitted
[2026-09-12 06:45:22] [SUBMIT] MobileNet/Cifar10/BIM/ALL
[2026-09-12 06:45:22] [CMD] qsub -q all.q -l ngpus=1 -v MODEL="MobileNet",DATASET="Cifar10",ATTACK="BIM",KIND="ALL",PHASE="generate",OUTPUT_DIR="adversarial_results_ep200_pre200",FORCE_RERUN="0" adversarial_hpc_submit.pbs </dev/null
[2026-09-12 06:45:24] [OK] MobileNet/Cifar10/PGD/ALL
[2026-09-12 06:45:24] [OK] qsub output: Your job 6507386 ("adversarial_hpc_submit.pbs") has been submitted
[2026-09-12 06:45:24] [SUBMIT] MobileNet/Cifar10/FGSM/ALL
[2026-09-12 06:45:24] [CMD] qsub -q all.q -l ngpus=1 -v MODEL="MobileNet",DATASET="Cifar10",ATTACK="FGSM",KIND="ALL",PHASE="generate",OUTPUT_DIR="adversarial_results_ep300_pre100",FORCE_RERUN="0" adversarial_hpc_submit.pbs </dev/null
[2026-09-12 06:45:29] [OK] MobileNet/Cifar10/APGD/ALL
[2026-09-12 06:45:29] [OK] qsub output: Your job 6507388 ("adversarial_hpc_submit.pbs") has been submitted
[2026-09-12 06:45:29] [SUBMIT] MobileNet/Cifar10/CW/ALL
[2026-09-12 06:45:29] [CMD] qsub -q all.q -l ngpus=1 -v MODEL="MobileNet",DATASET="Cifar10",ATTACK="CW",KIND="ALL",PHASE="generate",OUTPUT_DIR="adversarial_results_ep100_pre300",FORCE_RERUN="0" adversarial_hpc_submit.pbs </dev/null
[2026-09-12 06:45:35] [OK] MobileNet/Cifar10/BIM/ALL
[2026-09-12 06:45:36] [OK] qsub output: Your job 6507391 ("adversarial_hpc_submit.pbs") has been submitted
[2026-09-12 06:45:36] [SUBMIT] MobileNet/Cifar10/APGD/ALL
[2026-09-12 06:45:36] [CMD] qsub -q all.q -l ngpus=1 -v MODEL="MobileNet",DATASET="Cifar10",ATTACK="APGD",KIND="ALL",PHASE="generate",OUTPUT_DIR="adversarial_results_ep200_pre200",FORCE_RERUN="0" adversarial_hpc_submit.pbs </dev/null
[2026-09-12 06:45:38] [OK] MobileNet/Cifar10/FGSM/ALL
[2026-09-12 06:45:38] [OK] qsub output: Your job 6507392 ("adversarial_hpc_submit.pbs") has been submitted
[2026-09-12 06:45:38] [SUBMIT] MobileNet/Cifar10/IFGSM/ALL
[2026-09-12 06:45:38] [CMD] qsub -q all.q -l ngpus=1 -v MODEL="MobileNet",DATASET="Cifar10",ATTACK="IFGSM",KIND="ALL",PHASE="generate",OUTPUT_DIR="adversarial_results_ep300_pre100",FORCE_RERUN="0" adversarial_hpc_submit.pbs </dev/null
[2026-09-12 06:45:40] [OK] MobileNet/Cifar10/APGD/ALL
[2026-09-12 06:45:40] [OK] qsub output: Your job 6507394 ("adversarial_hpc_submit.pbs") has been submitted
[2026-09-12 06:45:40] [SUBMIT] MobileNet/Cifar10/CW/ALL
[2026-09-12 06:45:40] [CMD] qsub -q all.q -l ngpus=1 -v MODEL="MobileNet",DATASET="Cifar10",ATTACK="CW",KIND="ALL",PHASE="generate",OUTPUT_DIR="adversarial_results_ep200_pre200",FORCE_RERUN="0" adversarial_hpc_submit.pbs </dev/null
[2026-09-12 06:45:42] [OK] MobileNet/Cifar10/CW/ALL
[2026-09-12 06:45:42] [OK] MobileNet/Cifar10/IFGSM/ALL
[2026-09-12 06:45:42] [OK] qsub output: Your job 6507393 ("adversarial_hpc_submit.pbs") has been submitted
[2026-09-12 06:45:42] [OK] qsub output: Your job 6507395 ("adversarial_hpc_submit.pbs") has been submitted
[2026-09-12 06:45:42] [SUBMIT] MobileNet/Cifar10/DeepFool/ALL
[2026-09-12 06:45:42] [SUBMIT] MobileNet/Cifar10/BIM/ALL
[2026-09-12 06:45:42] [CMD] qsub -q all.q -l ngpus=1 -v MODEL="MobileNet",DATASET="Cifar10",ATTACK="DeepFool",KIND="ALL",PHASE="generate",OUTPUT_DIR="adversarial_results_ep100_pre300",FORCE_RERUN="0" adversarial_hpc_submit.pbs </dev/null
[2026-09-12 06:45:42] [CMD] qsub -q all.q -l ngpus=1 -v MODEL="MobileNet",DATASET="Cifar10",ATTACK="BIM",KIND="ALL",PHASE="generate",OUTPUT_DIR="adversarial_results_ep300_pre100",FORCE_RERUN="0" adversarial_hpc_submit.pbs </dev/null
[2026-09-12 06:45:47] [OK] MobileNet/Cifar10/CW/ALL
[2026-09-12 06:45:49] [OK] MobileNet/Cifar10/BIM/ALL
[2026-09-12 06:45:49] [OK] qsub output: Your job 6507396 ("adversarial_hpc_submit.pbs") has been submitted
[2026-09-12 06:45:49] [OK] qsub output: Your job 6507397 ("adversarial_hpc_submit.pbs") has been submitted
[2026-09-12 06:45:50] [SUBMIT] MobileNet/Cifar10/DeepFool/ALL
[2026-09-12 06:45:50] [CMD] qsub -q all.q -l ngpus=1 -v MODEL="MobileNet",DATASET="Cifar10",ATTACK="DeepFool",KIND="ALL",PHASE="generate",OUTPUT_DIR="adversarial_results_ep200_pre200",FORCE_RERUN="0" adversarial_hpc_submit.pbs </dev/null
[2026-09-12 06:45:50] [SUBMIT] MobileNet/Cifar10/APGD/ALL
[2026-09-12 06:45:50] [CMD] qsub -q all.q -l ngpus=1 -v MODEL="MobileNet",DATASET="Cifar10",ATTACK="APGD",KIND="ALL",PHASE="generate",OUTPUT_DIR="adversarial_results_ep300_pre100",FORCE_RERUN="0" adversarial_hpc_submit.pbs </dev/null
[2026-09-12 06:45:52] [OK] MobileNet/Cifar10/DeepFool/ALL
[2026-09-12 06:45:53] [OK] qsub output: Your job 6507398 ("adversarial_hpc_submit.pbs") has been submitted
[2026-09-12 06:45:53] [SUBMIT] MobileNet/Cifar100/PGD/ALL
[2026-09-12 06:45:54] [CMD] qsub -q all.q -l ngpus=1 -v MODEL="MobileNet",DATASET="Cifar100",ATTACK="PGD",KIND="ALL",PHASE="generate",OUTPUT_DIR="adversarial_results_ep100_pre300",FORCE_RERUN="0" adversarial_hpc_submit.pbs </dev/null
[2026-09-12 06:45:54] [OK] MobileNet/Cifar10/DeepFool/ALL
[2026-09-12 06:45:54] [OK] qsub output: Your job 6507400 ("adversarial_hpc_submit.pbs") has been submitted
[2026-09-12 06:45:55] [SUBMIT] MobileNet/Cifar100/PGD/ALL
[2026-09-12 06:45:55] [CMD] qsub -q all.q -l ngpus=1 -v MODEL="MobileNet",DATASET="Cifar100",ATTACK="PGD",KIND="ALL",PHASE="generate",OUTPUT_DIR="adversarial_results_ep200_pre200",FORCE_RERUN="0" adversarial_hpc_submit.pbs </dev/null
[2026-09-12 06:45:56] [OK] MobileNet/Cifar10/APGD/ALL
[2026-09-12 06:45:58] [OK] qsub output: Your job 6507399 ("adversarial_hpc_submit.pbs") has been submitted
[2026-09-12 06:45:58] [SUBMIT] MobileNet/Cifar10/CW/ALL
[2026-09-12 06:45:58] [CMD] qsub -q all.q -l ngpus=1 -v MODEL="MobileNet",DATASET="Cifar10",ATTACK="CW",KIND="ALL",PHASE="generate",OUTPUT_DIR="adversarial_results_ep300_pre100",FORCE_RERUN="0" adversarial_hpc_submit.pbs </dev/null
[2026-09-12 06:46:01] [OK] MobileNet/Cifar100/PGD/ALL
[2026-09-12 06:46:01] [OK] qsub output: Your job 6507402 ("adversarial_hpc_submit.pbs") has been submitted
[2026-09-12 06:46:01] [SUBMIT] MobileNet/Cifar100/FGSM/ALL
[2026-09-12 06:46:01] [CMD] qsub -q all.q -l ngpus=1 -v MODEL="MobileNet",DATASET="Cifar100",ATTACK="FGSM",KIND="ALL",PHASE="generate",OUTPUT_DIR="adversarial_results_ep200_pre200",FORCE_RERUN="0" adversarial_hpc_submit.pbs </dev/null
[2026-09-12 06:46:03] [OK] MobileNet/Cifar100/PGD/ALL
[2026-09-12 06:46:03] [OK] qsub output: Your job 6507401 ("adversarial_hpc_submit.pbs") has been submitted
[2026-09-12 06:46:03] [SUBMIT] MobileNet/Cifar100/FGSM/ALL
[2026-09-12 06:46:03] [CMD] qsub -q all.q -l ngpus=1 -v MODEL="MobileNet",DATASET="Cifar100",ATTACK="FGSM",KIND="ALL",PHASE="generate",OUTPUT_DIR="adversarial_results_ep100_pre300",FORCE_RERUN="0" adversarial_hpc_submit.pbs </dev/null
[2026-09-12 06:46:04] [OK] MobileNet/Cifar10/CW/ALL
[2026-09-12 06:46:04] [OK] qsub output: Your job 6507403 ("adversarial_hpc_submit.pbs") has been submitted
[2026-09-12 06:46:04] [SUBMIT] MobileNet/Cifar10/DeepFool/ALL
[2026-09-12 06:46:04] [CMD] qsub -q all.q -l ngpus=1 -v MODEL="MobileNet",DATASET="Cifar10",ATTACK="DeepFool",KIND="ALL",PHASE="generate",OUTPUT_DIR="adversarial_results_ep300_pre100",FORCE_RERUN="0" adversarial_hpc_submit.pbs </dev/null
[2026-09-12 06:46:06] [OK] MobileNet/Cifar100/FGSM/ALL
[2026-09-12 06:46:06] [OK] qsub output: Your job 6507404 ("adversarial_hpc_submit.pbs") has been submitted
[2026-09-12 06:46:06] [SUBMIT] MobileNet/Cifar100/IFGSM/ALL
[2026-09-12 06:46:06] [CMD] qsub -q all.q -l ngpus=1 -v MODEL="MobileNet",DATASET="Cifar100",ATTACK="IFGSM",KIND="ALL",PHASE="generate",OUTPUT_DIR="adversarial_results_ep200_pre200",FORCE_RERUN="0" adversarial_hpc_submit.pbs </dev/null
[2026-09-12 06:46:08] [OK] MobileNet/Cifar100/FGSM/ALL
[2026-09-12 06:46:09] [OK] MobileNet/Cifar10/DeepFool/ALL
[2026-09-12 06:46:10] [OK] qsub output: Your job 6507405 ("adversarial_hpc_submit.pbs") has been submitted
[2026-09-12 06:46:10] [OK] qsub output: Your job 6507406 ("adversarial_hpc_submit.pbs") has been submitted
[2026-09-12 06:46:10] [OK] MobileNet/Cifar100/IFGSM/ALL
[2026-09-12 06:46:10] [OK] qsub output: Your job 6507407 ("adversarial_hpc_submit.pbs") has been submitted
[2026-09-12 06:46:10] [SUBMIT] MobileNet/Cifar100/IFGSM/ALL
[2026-09-12 06:46:10] [CMD] qsub -q all.q -l ngpus=1 -v MODEL="MobileNet",DATASET="Cifar100",ATTACK="IFGSM",KIND="ALL",PHASE="generate",OUTPUT_DIR="adversarial_results_ep100_pre300",FORCE_RERUN="0" adversarial_hpc_submit.pbs </dev/null
[2026-09-12 06:46:10] [SUBMIT] MobileNet/Cifar100/PGD/ALL
[2026-09-12 06:46:10] [CMD] qsub -q all.q -l ngpus=1 -v MODEL="MobileNet",DATASET="Cifar100",ATTACK="PGD",KIND="ALL",PHASE="generate",OUTPUT_DIR="adversarial_results_ep300_pre100",FORCE_RERUN="0" adversarial_hpc_submit.pbs </dev/null
[2026-09-12 06:46:10] [SUBMIT] MobileNet/Cifar100/BIM/ALL
[2026-09-12 06:46:10] [CMD] qsub -q all.q -l ngpus=1 -v MODEL="MobileNet",DATASET="Cifar100",ATTACK="BIM",KIND="ALL",PHASE="generate",OUTPUT_DIR="adversarial_results_ep200_pre200",FORCE_RERUN="0" adversarial_hpc_submit.pbs </dev/null
[2026-09-12 06:46:19] [OK] MobileNet/Cifar100/IFGSM/ALL
[2026-09-12 06:46:19] [OK] qsub output: Your job 6507408 ("adversarial_hpc_submit.pbs") has been submitted
[2026-09-12 06:46:19] [SUBMIT] MobileNet/Cifar100/BIM/ALL
[2026-09-12 06:46:19] [CMD] qsub -q all.q -l ngpus=1 -v MODEL="MobileNet",DATASET="Cifar100",ATTACK="BIM",KIND="ALL",PHASE="generate",OUTPUT_DIR="adversarial_results_ep100_pre300",FORCE_RERUN="0" adversarial_hpc_submit.pbs </dev/null
[2026-09-12 06:46:20] [OK] MobileNet/Cifar100/PGD/ALL
[2026-09-12 06:46:20] [OK] qsub output: Your job 6507409 ("adversarial_hpc_submit.pbs") has been submitted
[2026-09-12 06:46:20] [SUBMIT] MobileNet/Cifar100/FGSM/ALL
[2026-09-12 06:46:20] [CMD] qsub -q all.q -l ngpus=1 -v MODEL="MobileNet",DATASET="Cifar100",ATTACK="FGSM",KIND="ALL",PHASE="generate",OUTPUT_DIR="adversarial_results_ep300_pre100",FORCE_RERUN="0" adversarial_hpc_submit.pbs </dev/null
[2026-09-12 06:46:24] [OK] MobileNet/Cifar100/BIM/ALL
[2026-09-12 06:46:24] [OK] qsub output: Your job 6507411 ("adversarial_hpc_submit.pbs") has been submitted
[2026-09-12 06:46:24] [SUBMIT] MobileNet/Cifar100/APGD/ALL
[2026-09-12 06:46:24] [CMD] qsub -q all.q -l ngpus=1 -v MODEL="MobileNet",DATASET="Cifar100",ATTACK="APGD",KIND="ALL",PHASE="generate",OUTPUT_DIR="adversarial_results_ep100_pre300",FORCE_RERUN="0" adversarial_hpc_submit.pbs </dev/null
[2026-09-12 06:46:25] [OK] MobileNet/Cifar100/BIM/ALL
[2026-09-12 06:46:27] [OK] qsub output: Your job 6507410 ("adversarial_hpc_submit.pbs") has been submitted
[2026-09-12 06:46:27] [SUBMIT] MobileNet/Cifar100/APGD/ALL
[2026-09-12 06:46:27] [CMD] qsub -q all.q -l ngpus=1 -v MODEL="MobileNet",DATASET="Cifar100",ATTACK="APGD",KIND="ALL",PHASE="generate",OUTPUT_DIR="adversarial_results_ep200_pre200",FORCE_RERUN="0" adversarial_hpc_submit.pbs </dev/null
[2026-09-12 06:46:27] [OK] MobileNet/Cifar100/FGSM/ALL
[2026-09-12 06:46:27] [OK] qsub output: Your job 6507412 ("adversarial_hpc_submit.pbs") has been submitted
[2026-09-12 06:46:27] [SUBMIT] MobileNet/Cifar100/IFGSM/ALL
[2026-09-12 06:46:27] [CMD] qsub -q all.q -l ngpus=1 -v MODEL="MobileNet",DATASET="Cifar100",ATTACK="IFGSM",KIND="ALL",PHASE="generate",OUTPUT_DIR="adversarial_results_ep300_pre100",FORCE_RERUN="0" adversarial_hpc_submit.pbs </dev/null
[2026-09-12 06:46:35] [OK] MobileNet/Cifar100/APGD/ALL
[2026-09-12 06:46:35] [OK] qsub output: Your job 6507413 ("adversarial_hpc_submit.pbs") has been submitted
[2026-09-12 06:46:35] [SUBMIT] MobileNet/Cifar100/CW/ALL
[2026-09-12 06:46:35] [CMD] qsub -q all.q -l ngpus=1 -v MODEL="MobileNet",DATASET="Cifar100",ATTACK="CW",KIND="ALL",PHASE="generate",OUTPUT_DIR="adversarial_results_ep100_pre300",FORCE_RERUN="0" adversarial_hpc_submit.pbs </dev/null
[2026-09-12 06:46:37] [OK] MobileNet/Cifar100/APGD/ALL
[2026-09-12 06:46:37] [OK] qsub output: Your job 6507415 ("adversarial_hpc_submit.pbs") has been submitted
[2026-09-12 06:46:37] [SUBMIT] MobileNet/Cifar100/CW/ALL
[2026-09-12 06:46:37] [CMD] qsub -q all.q -l ngpus=1 -v MODEL="MobileNet",DATASET="Cifar100",ATTACK="CW",KIND="ALL",PHASE="generate",OUTPUT_DIR="adversarial_results_ep200_pre200",FORCE_RERUN="0" adversarial_hpc_submit.pbs </dev/null
[2026-09-12 06:46:39] [OK] MobileNet/Cifar100/IFGSM/ALL
[2026-09-12 06:46:40] [OK] qsub output: Your job 6507416 ("adversarial_hpc_submit.pbs") has been submitted
[2026-09-12 06:46:41] [SUBMIT] MobileNet/Cifar100/BIM/ALL
[2026-09-12 06:46:41] [CMD] qsub -q all.q -l ngpus=1 -v MODEL="MobileNet",DATASET="Cifar100",ATTACK="BIM",KIND="ALL",PHASE="generate",OUTPUT_DIR="adversarial_results_ep300_pre100",FORCE_RERUN="0" adversarial_hpc_submit.pbs </dev/null
[2026-09-12 06:46:41] [OK] MobileNet/Cifar100/CW/ALL
[2026-09-12 06:46:41] [OK] qsub output: Your job 6507418 ("adversarial_hpc_submit.pbs") has been submitted
[2026-09-12 06:46:42] [OK] MobileNet/Cifar100/CW/ALL
[2026-09-12 06:46:42] [OK] qsub output: Your job 6507417 ("adversarial_hpc_submit.pbs") has been submitted
[2026-09-12 06:46:42] [SUBMIT] MobileNet/Cifar100/DeepFool/ALL
[2026-09-12 06:46:42] [CMD] qsub -q all.q -l ngpus=1 -v MODEL="MobileNet",DATASET="Cifar100",ATTACK="DeepFool",KIND="ALL",PHASE="generate",OUTPUT_DIR="adversarial_results_ep200_pre200",FORCE_RERUN="0" adversarial_hpc_submit.pbs </dev/null
[2026-09-12 06:46:42] [SUBMIT] MobileNet/Cifar100/DeepFool/ALL
[2026-09-12 06:46:42] [CMD] qsub -q all.q -l ngpus=1 -v MODEL="MobileNet",DATASET="Cifar100",ATTACK="DeepFool",KIND="ALL",PHASE="generate",OUTPUT_DIR="adversarial_results_ep100_pre300",FORCE_RERUN="0" adversarial_hpc_submit.pbs </dev/null
[2026-09-12 06:46:46] [OK] MobileNet/Cifar100/DeepFool/ALL
[2026-09-12 06:46:46] [OK] qsub output: Your job 6507420 ("adversarial_hpc_submit.pbs") has been submitted
[2026-09-12 06:46:46] [SUBMIT] MobileNet/TinyImageNet/PGD/ALL
[2026-09-12 06:46:46] [CMD] qsub -q all.q -l ngpus=1 -v MODEL="MobileNet",DATASET="TinyImageNet",ATTACK="PGD",KIND="ALL",PHASE="generate",OUTPUT_DIR="adversarial_results_ep200_pre200",FORCE_RERUN="0" adversarial_hpc_submit.pbs </dev/null
[2026-09-12 06:46:47] [OK] MobileNet/Cifar100/DeepFool/ALL
[2026-09-12 06:46:47] [OK] qsub output: Your job 6507421 ("adversarial_hpc_submit.pbs") has been submitted
[2026-09-12 06:46:47] [SUBMIT] MobileNet/TinyImageNet/PGD/ALL
[2026-09-12 06:46:47] [CMD] qsub -q all.q -l ngpus=1 -v MODEL="MobileNet",DATASET="TinyImageNet",ATTACK="PGD",KIND="ALL",PHASE="generate",OUTPUT_DIR="adversarial_results_ep100_pre300",FORCE_RERUN="0" adversarial_hpc_submit.pbs </dev/null
[2026-09-12 06:46:50] [OK] MobileNet/Cifar100/BIM/ALL
[2026-09-12 06:46:50] [OK] qsub output: Your job 6507419 ("adversarial_hpc_submit.pbs") has been submitted
[2026-09-12 06:46:50] [SUBMIT] MobileNet/Cifar100/APGD/ALL
[2026-09-12 06:46:50] [CMD] qsub -q all.q -l ngpus=1 -v MODEL="MobileNet",DATASET="Cifar100",ATTACK="APGD",KIND="ALL",PHASE="generate",OUTPUT_DIR="adversarial_results_ep300_pre100",FORCE_RERUN="0" adversarial_hpc_submit.pbs </dev/null
[2026-09-12 06:46:56] [OK] MobileNet/TinyImageNet/PGD/ALL
[2026-09-12 06:46:56] [OK] qsub output: Your job 6507422 ("adversarial_hpc_submit.pbs") has been submitted
[2026-09-12 06:46:57] [SUBMIT] MobileNet/TinyImageNet/FGSM/ALL
[2026-09-12 06:46:57] [CMD] qsub -q all.q -l ngpus=1 -v MODEL="MobileNet",DATASET="TinyImageNet",ATTACK="FGSM",KIND="ALL",PHASE="generate",OUTPUT_DIR="adversarial_results_ep200_pre200",FORCE_RERUN="0" adversarial_hpc_submit.pbs </dev/null
[2026-09-12 06:46:59] [OK] MobileNet/TinyImageNet/PGD/ALL
[2026-09-12 06:47:00] [OK] qsub output: Your job 6507423 ("adversarial_hpc_submit.pbs") has been submitted
[2026-09-12 06:47:00] [SUBMIT] MobileNet/TinyImageNet/FGSM/ALL
[2026-09-12 06:47:00] [CMD] qsub -q all.q -l ngpus=1 -v MODEL="MobileNet",DATASET="TinyImageNet",ATTACK="FGSM",KIND="ALL",PHASE="generate",OUTPUT_DIR="adversarial_results_ep100_pre300",FORCE_RERUN="0" adversarial_hpc_submit.pbs </dev/null
[2026-09-12 06:47:01] [OK] MobileNet/Cifar100/APGD/ALL
[2026-09-12 06:47:01] [OK] qsub output: Your job 6507424 ("adversarial_hpc_submit.pbs") has been submitted
[2026-09-12 06:47:01] [SUBMIT] MobileNet/Cifar100/CW/ALL
[2026-09-12 06:47:01] [CMD] qsub -q all.q -l ngpus=1 -v MODEL="MobileNet",DATASET="Cifar100",ATTACK="CW",KIND="ALL",PHASE="generate",OUTPUT_DIR="adversarial_results_ep300_pre100",FORCE_RERUN="0" adversarial_hpc_submit.pbs </dev/null
[2026-09-12 06:47:01] [OK] MobileNet/TinyImageNet/FGSM/ALL
[2026-09-12 06:47:01] [OK] qsub output: Your job 6507425 ("adversarial_hpc_submit.pbs") has been submitted
[2026-09-12 06:47:02] [SUBMIT] MobileNet/TinyImageNet/IFGSM/ALL
[2026-09-12 06:47:02] [CMD] qsub -q all.q -l ngpus=1 -v MODEL="MobileNet",DATASET="TinyImageNet",ATTACK="IFGSM",KIND="ALL",PHASE="generate",OUTPUT_DIR="adversarial_results_ep200_pre200",FORCE_RERUN="0" adversarial_hpc_submit.pbs </dev/null
[2026-09-12 06:47:06] [OK] MobileNet/Cifar100/CW/ALL
[2026-09-12 06:47:06] [OK] qsub output: Your job 6507427 ("adversarial_hpc_submit.pbs") has been submitted
[2026-09-12 06:47:07] [OK] MobileNet/TinyImageNet/FGSM/ALL
[2026-09-12 06:47:07] [OK] qsub output: Your job 6507426 ("adversarial_hpc_submit.pbs") has been submitted
[2026-09-12 06:47:07] [SUBMIT] MobileNet/Cifar100/DeepFool/ALL
[2026-09-12 06:47:07] [CMD] qsub -q all.q -l ngpus=1 -v MODEL="MobileNet",DATASET="Cifar100",ATTACK="DeepFool",KIND="ALL",PHASE="generate",OUTPUT_DIR="adversarial_results_ep300_pre100",FORCE_RERUN="0" adversarial_hpc_submit.pbs </dev/null
[2026-09-12 06:47:07] [SUBMIT] MobileNet/TinyImageNet/IFGSM/ALL
[2026-09-12 06:47:07] [CMD] qsub -q all.q -l ngpus=1 -v MODEL="MobileNet",DATASET="TinyImageNet",ATTACK="IFGSM",KIND="ALL",PHASE="generate",OUTPUT_DIR="adversarial_results_ep100_pre300",FORCE_RERUN="0" adversarial_hpc_submit.pbs </dev/null
[2026-09-12 06:47:08] [OK] MobileNet/TinyImageNet/IFGSM/ALL
[2026-09-12 06:47:08] [OK] qsub output: Your job 6507428 ("adversarial_hpc_submit.pbs") has been submitted
[2026-09-12 06:47:08] [SUBMIT] MobileNet/TinyImageNet/BIM/ALL
[2026-09-12 06:47:08] [CMD] qsub -q all.q -l ngpus=1 -v MODEL="MobileNet",DATASET="TinyImageNet",ATTACK="BIM",KIND="ALL",PHASE="generate",OUTPUT_DIR="adversarial_results_ep200_pre200",FORCE_RERUN="0" adversarial_hpc_submit.pbs </dev/null
[2026-09-12 06:47:08] [OK] MobileNet/Cifar100/DeepFool/ALL
[2026-09-12 06:47:10] [OK] qsub output: Your job 6507429 ("adversarial_hpc_submit.pbs") has been submitted
[2026-09-12 06:47:10] [SUBMIT] MobileNet/TinyImageNet/PGD/ALL
[2026-09-12 06:47:10] [CMD] qsub -q all.q -l ngpus=1 -v MODEL="MobileNet",DATASET="TinyImageNet",ATTACK="PGD",KIND="ALL",PHASE="generate",OUTPUT_DIR="adversarial_results_ep300_pre100",FORCE_RERUN="0" adversarial_hpc_submit.pbs </dev/null
[2026-09-12 06:47:15] [OK] MobileNet/TinyImageNet/IFGSM/ALL
[2026-09-12 06:47:15] [OK] qsub output: Your job 6507430 ("adversarial_hpc_submit.pbs") has been submitted
[2026-09-12 06:47:15] [SUBMIT] MobileNet/TinyImageNet/BIM/ALL
[2026-09-12 06:47:15] [CMD] qsub -q all.q -l ngpus=1 -v MODEL="MobileNet",DATASET="TinyImageNet",ATTACK="BIM",KIND="ALL",PHASE="generate",OUTPUT_DIR="adversarial_results_ep100_pre300",FORCE_RERUN="0" adversarial_hpc_submit.pbs </dev/null
[2026-09-12 06:47:17] [OK] MobileNet/TinyImageNet/BIM/ALL
[2026-09-12 06:47:18] [OK] qsub output: Your job 6507431 ("adversarial_hpc_submit.pbs") has been submitted
[2026-09-12 06:47:18] [SUBMIT] MobileNet/TinyImageNet/APGD/ALL
[2026-09-12 06:47:19] [CMD] qsub -q all.q -l ngpus=1 -v MODEL="MobileNet",DATASET="TinyImageNet",ATTACK="APGD",KIND="ALL",PHASE="generate",OUTPUT_DIR="adversarial_results_ep200_pre200",FORCE_RERUN="0" adversarial_hpc_submit.pbs </dev/null
[2026-09-12 06:47:21] [OK] MobileNet/TinyImageNet/BIM/ALL
[2026-09-12 06:47:21] [OK] MobileNet/TinyImageNet/PGD/ALL
[2026-09-12 06:47:21] [OK] qsub output: Your job 6507433 ("adversarial_hpc_submit.pbs") has been submitted
[2026-09-12 06:47:21] [OK] qsub output: Your job 6507432 ("adversarial_hpc_submit.pbs") has been submitted
[2026-09-12 06:47:21] [SUBMIT] MobileNet/TinyImageNet/APGD/ALL
[2026-09-12 06:47:21] [SUBMIT] MobileNet/TinyImageNet/FGSM/ALL
[2026-09-12 06:47:21] [CMD] qsub -q all.q -l ngpus=1 -v MODEL="MobileNet",DATASET="TinyImageNet",ATTACK="APGD",KIND="ALL",PHASE="generate",OUTPUT_DIR="adversarial_results_ep100_pre300",FORCE_RERUN="0" adversarial_hpc_submit.pbs </dev/null
[2026-09-12 06:47:21] [CMD] qsub -q all.q -l ngpus=1 -v MODEL="MobileNet",DATASET="TinyImageNet",ATTACK="FGSM",KIND="ALL",PHASE="generate",OUTPUT_DIR="adversarial_results_ep300_pre100",FORCE_RERUN="0" adversarial_hpc_submit.pbs </dev/null
[2026-09-12 06:47:22] [OK] MobileNet/TinyImageNet/APGD/ALL
[2026-09-12 06:47:22] [OK] qsub output: Your job 6507434 ("adversarial_hpc_submit.pbs") has been submitted
[2026-09-12 06:47:23] [SUBMIT] MobileNet/TinyImageNet/CW/ALL
[2026-09-12 06:47:23] [CMD] qsub -q all.q -l ngpus=1 -v MODEL="MobileNet",DATASET="TinyImageNet",ATTACK="CW",KIND="ALL",PHASE="generate",OUTPUT_DIR="adversarial_results_ep200_pre200",FORCE_RERUN="0" adversarial_hpc_submit.pbs </dev/null
[2026-09-12 06:47:25] [OK] MobileNet/TinyImageNet/APGD/ALL
[2026-09-12 06:47:26] [OK] qsub output: Your job 6507435 ("adversarial_hpc_submit.pbs") has been submitted
[2026-09-12 06:47:26] [SUBMIT] MobileNet/TinyImageNet/CW/ALL
[2026-09-12 06:47:26] [CMD] qsub -q all.q -l ngpus=1 -v MODEL="MobileNet",DATASET="TinyImageNet",ATTACK="CW",KIND="ALL",PHASE="generate",OUTPUT_DIR="adversarial_results_ep100_pre300",FORCE_RERUN="0" adversarial_hpc_submit.pbs </dev/null
[2026-09-12 06:47:29] [OK] MobileNet/TinyImageNet/FGSM/ALL
[2026-09-12 06:47:29] [OK] qsub output: Your job 6507436 ("adversarial_hpc_submit.pbs") has been submitted
[2026-09-12 06:47:31] [SUBMIT] MobileNet/TinyImageNet/IFGSM/ALL
[2026-09-12 06:47:31] [OK] MobileNet/TinyImageNet/CW/ALL
[2026-09-12 06:47:31] [CMD] qsub -q all.q -l ngpus=1 -v MODEL="MobileNet",DATASET="TinyImageNet",ATTACK="IFGSM",KIND="ALL",PHASE="generate",OUTPUT_DIR="adversarial_results_ep300_pre100",FORCE_RERUN="0" adversarial_hpc_submit.pbs </dev/null
[2026-09-12 06:47:31] [OK] qsub output: Your job 6507437 ("adversarial_hpc_submit.pbs") has been submitted
[2026-09-12 06:47:31] [SUBMIT] MobileNet/TinyImageNet/DeepFool/ALL
[2026-09-12 06:47:31] [CMD] qsub -q all.q -l ngpus=1 -v MODEL="MobileNet",DATASET="TinyImageNet",ATTACK="DeepFool",KIND="ALL",PHASE="generate",OUTPUT_DIR="adversarial_results_ep200_pre200",FORCE_RERUN="0" adversarial_hpc_submit.pbs </dev/null
[2026-09-12 06:47:34] [OK] MobileNet/TinyImageNet/CW/ALL
[2026-09-12 06:47:35] [OK] qsub output: Your job 6507438 ("adversarial_hpc_submit.pbs") has been submitted
[2026-09-12 06:47:35] [OK] MobileNet/TinyImageNet/IFGSM/ALL
[2026-09-12 06:47:35] [OK] qsub output: Your job 6507439 ("adversarial_hpc_submit.pbs") has been submitted
[2026-09-12 06:47:35] [SUBMIT] MobileNet/TinyImageNet/DeepFool/ALL
[2026-09-12 06:47:35] [CMD] qsub -q all.q -l ngpus=1 -v MODEL="MobileNet",DATASET="TinyImageNet",ATTACK="DeepFool",KIND="ALL",PHASE="generate",OUTPUT_DIR="adversarial_results_ep100_pre300",FORCE_RERUN="0" adversarial_hpc_submit.pbs </dev/null
[2026-09-12 06:47:35] [SUBMIT] MobileNet/TinyImageNet/BIM/ALL
[2026-09-12 06:47:35] [CMD] qsub -q all.q -l ngpus=1 -v MODEL="MobileNet",DATASET="TinyImageNet",ATTACK="BIM",KIND="ALL",PHASE="generate",OUTPUT_DIR="adversarial_results_ep300_pre100",FORCE_RERUN="0" adversarial_hpc_submit.pbs </dev/null
[2026-09-12 06:47:41] [OK] MobileNet/TinyImageNet/DeepFool/ALL
[2026-09-12 06:47:42] [OK] qsub output: Your job 6507440 ("adversarial_hpc_submit.pbs") has been submitted
[2026-09-12 06:47:42] [SUBMIT] XceptionNet/Cifar10/PGD/ALL
[2026-09-12 06:47:42] [CMD] qsub -q all.q -l ngpus=1 -v MODEL="XceptionNet",DATASET="Cifar10",ATTACK="PGD",KIND="ALL",PHASE="generate",OUTPUT_DIR="adversarial_results_ep200_pre200",FORCE_RERUN="0" adversarial_hpc_submit.pbs </dev/null
[2026-09-12 06:47:42] [OK] MobileNet/TinyImageNet/DeepFool/ALL
[2026-09-12 06:47:42] [OK] qsub output: Your job 6507441 ("adversarial_hpc_submit.pbs") has been submitted
[2026-09-12 06:47:42] [SUBMIT] XceptionNet/Cifar10/PGD/ALL
[2026-09-12 06:47:42] [CMD] qsub -q all.q -l ngpus=1 -v MODEL="XceptionNet",DATASET="Cifar10",ATTACK="PGD",KIND="ALL",PHASE="generate",OUTPUT_DIR="adversarial_results_ep100_pre300",FORCE_RERUN="0" adversarial_hpc_submit.pbs </dev/null
[2026-09-12 06:47:47] [OK] MobileNet/TinyImageNet/BIM/ALL
[2026-09-12 06:47:47] [OK] qsub output: Your job 6507442 ("adversarial_hpc_submit.pbs") has been submitted
[2026-09-12 06:47:47] [SUBMIT] MobileNet/TinyImageNet/APGD/ALL
[2026-09-12 06:47:47] [CMD] qsub -q all.q -l ngpus=1 -v MODEL="MobileNet",DATASET="TinyImageNet",ATTACK="APGD",KIND="ALL",PHASE="generate",OUTPUT_DIR="adversarial_results_ep300_pre100",FORCE_RERUN="0" adversarial_hpc_submit.pbs </dev/null
[2026-09-12 06:47:52] [OK] XceptionNet/Cifar10/PGD/ALL
[2026-09-12 06:47:52] [OK] qsub output: Your job 6507444 ("adversarial_hpc_submit.pbs") has been submitted
[2026-09-12 06:47:52] [SUBMIT] XceptionNet/Cifar10/FGSM/ALL
[2026-09-12 06:47:52] [CMD] qsub -q all.q -l ngpus=1 -v MODEL="XceptionNet",DATASET="Cifar10",ATTACK="FGSM",KIND="ALL",PHASE="generate",OUTPUT_DIR="adversarial_results_ep100_pre300",FORCE_RERUN="0" adversarial_hpc_submit.pbs </dev/null
[2026-09-12 06:47:52] [OK] XceptionNet/Cifar10/PGD/ALL
[2026-09-12 06:47:52] [OK] qsub output: Your job 6507443 ("adversarial_hpc_submit.pbs") has been submitted
[2026-09-12 06:47:52] [SUBMIT] XceptionNet/Cifar10/FGSM/ALL
[2026-09-12 06:47:52] [CMD] qsub -q all.q -l ngpus=1 -v MODEL="XceptionNet",DATASET="Cifar10",ATTACK="FGSM",KIND="ALL",PHASE="generate",OUTPUT_DIR="adversarial_results_ep200_pre200",FORCE_RERUN="0" adversarial_hpc_submit.pbs </dev/null
[2026-09-12 06:47:56] [OK] MobileNet/TinyImageNet/APGD/ALL
[2026-09-12 06:47:56] [OK] qsub output: Your job 6507445 ("adversarial_hpc_submit.pbs") has been submitted
[2026-09-12 06:47:57] [SUBMIT] MobileNet/TinyImageNet/CW/ALL
[2026-09-12 06:47:57] [CMD] qsub -q all.q -l ngpus=1 -v MODEL="MobileNet",DATASET="TinyImageNet",ATTACK="CW",KIND="ALL",PHASE="generate",OUTPUT_DIR="adversarial_results_ep300_pre100",FORCE_RERUN="0" adversarial_hpc_submit.pbs </dev/null
[2026-09-12 06:48:00] [OK] XceptionNet/Cifar10/FGSM/ALL
[2026-09-12 06:48:03] [OK] qsub output: Your job 6507446 ("adversarial_hpc_submit.pbs") has been submitted
[2026-09-12 06:48:03] [SUBMIT] XceptionNet/Cifar10/IFGSM/ALL
[2026-09-12 06:48:03] [CMD] qsub -q all.q -l ngpus=1 -v MODEL="XceptionNet",DATASET="Cifar10",ATTACK="IFGSM",KIND="ALL",PHASE="generate",OUTPUT_DIR="adversarial_results_ep100_pre300",FORCE_RERUN="0" adversarial_hpc_submit.pbs </dev/null
[2026-09-12 06:48:04] [OK] XceptionNet/Cifar10/FGSM/ALL
[2026-09-12 06:48:05] [OK] qsub output: Your job 6507447 ("adversarial_hpc_submit.pbs") has been submitted
[2026-09-12 06:48:05] [OK] MobileNet/TinyImageNet/CW/ALL
[2026-09-12 06:48:07] [OK] qsub output: Your job 6507448 ("adversarial_hpc_submit.pbs") has been submitted
[2026-09-12 06:48:07] [SUBMIT] XceptionNet/Cifar10/IFGSM/ALL
[2026-09-12 06:48:07] [CMD] qsub -q all.q -l ngpus=1 -v MODEL="XceptionNet",DATASET="Cifar10",ATTACK="IFGSM",KIND="ALL",PHASE="generate",OUTPUT_DIR="adversarial_results_ep200_pre200",FORCE_RERUN="0" adversarial_hpc_submit.pbs </dev/null
[2026-09-12 06:48:07] [SUBMIT] MobileNet/TinyImageNet/DeepFool/ALL
[2026-09-12 06:48:07] [CMD] qsub -q all.q -l ngpus=1 -v MODEL="MobileNet",DATASET="TinyImageNet",ATTACK="DeepFool",KIND="ALL",PHASE="generate",OUTPUT_DIR="adversarial_results_ep300_pre100",FORCE_RERUN="0" adversarial_hpc_submit.pbs </dev/null
[2026-09-12 06:48:10] [OK] XceptionNet/Cifar10/IFGSM/ALL
[2026-09-12 06:48:10] [OK] qsub output: Your job 6507449 ("adversarial_hpc_submit.pbs") has been submitted
[2026-09-12 06:48:11] [SUBMIT] XceptionNet/Cifar10/BIM/ALL
[2026-09-12 06:48:11] [CMD] qsub -q all.q -l ngpus=1 -v MODEL="XceptionNet",DATASET="Cifar10",ATTACK="BIM",KIND="ALL",PHASE="generate",OUTPUT_DIR="adversarial_results_ep100_pre300",FORCE_RERUN="0" adversarial_hpc_submit.pbs </dev/null
[2026-09-12 06:48:12] [OK] XceptionNet/Cifar10/IFGSM/ALL
[2026-09-12 06:48:14] [OK] qsub output: Your job 6507451 ("adversarial_hpc_submit.pbs") has been submitted
[2026-09-12 06:48:15] [SUBMIT] XceptionNet/Cifar10/BIM/ALL
[2026-09-12 06:48:15] [CMD] qsub -q all.q -l ngpus=1 -v MODEL="XceptionNet",DATASET="Cifar10",ATTACK="BIM",KIND="ALL",PHASE="generate",OUTPUT_DIR="adversarial_results_ep200_pre200",FORCE_RERUN="0" adversarial_hpc_submit.pbs </dev/null
[2026-09-12 06:48:19] [OK] MobileNet/TinyImageNet/DeepFool/ALL
[2026-09-12 06:48:19] [OK] qsub output: Your job 6507452 ("adversarial_hpc_submit.pbs") has been submitted
[2026-09-12 06:48:19] [SUBMIT] XceptionNet/Cifar10/PGD/ALL
[2026-09-12 06:48:19] [CMD] qsub -q all.q -l ngpus=1 -v MODEL="XceptionNet",DATASET="Cifar10",ATTACK="PGD",KIND="ALL",PHASE="generate",OUTPUT_DIR="adversarial_results_ep300_pre100",FORCE_RERUN="0" adversarial_hpc_submit.pbs </dev/null
[2026-09-12 06:48:20] [OK] XceptionNet/Cifar10/BIM/ALL
[2026-09-12 06:48:20] [OK] qsub output: Your job 6507453 ("adversarial_hpc_submit.pbs") has been submitted
[2026-09-12 06:48:20] [SUBMIT] XceptionNet/Cifar10/APGD/ALL
[2026-09-12 06:48:21] [CMD] qsub -q all.q -l ngpus=1 -v MODEL="XceptionNet",DATASET="Cifar10",ATTACK="APGD",KIND="ALL",PHASE="generate",OUTPUT_DIR="adversarial_results_ep100_pre300",FORCE_RERUN="0" adversarial_hpc_submit.pbs </dev/null
[2026-09-12 06:48:25] [OK] XceptionNet/Cifar10/PGD/ALL
[2026-09-12 06:48:25] [OK] qsub output: Your job 6507455 ("adversarial_hpc_submit.pbs") has been submitted
[2026-09-12 06:48:25] [SUBMIT] XceptionNet/Cifar10/FGSM/ALL
[2026-09-12 06:48:25] [CMD] qsub -q all.q -l ngpus=1 -v MODEL="XceptionNet",DATASET="Cifar10",ATTACK="FGSM",KIND="ALL",PHASE="generate",OUTPUT_DIR="adversarial_results_ep300_pre100",FORCE_RERUN="0" adversarial_hpc_submit.pbs </dev/null
[2026-09-12 06:48:28] [OK] XceptionNet/Cifar10/BIM/ALL
[2026-09-12 06:48:28] [OK] qsub output: Your job 6507454 ("adversarial_hpc_submit.pbs") has been submitted
[2026-09-12 06:48:28] [SUBMIT] XceptionNet/Cifar10/APGD/ALL
[2026-09-12 06:48:28] [CMD] qsub -q all.q -l ngpus=1 -v MODEL="XceptionNet",DATASET="Cifar10",ATTACK="APGD",KIND="ALL",PHASE="generate",OUTPUT_DIR="adversarial_results_ep200_pre200",FORCE_RERUN="0" adversarial_hpc_submit.pbs </dev/null
[2026-09-12 06:48:32] [OK] XceptionNet/Cifar10/FGSM/ALL
[2026-09-12 06:48:32] [OK] qsub output: Your job 6507457 ("adversarial_hpc_submit.pbs") has been submitted
[2026-09-12 06:48:32] [SUBMIT] XceptionNet/Cifar10/IFGSM/ALL
[2026-09-12 06:48:32] [CMD] qsub -q all.q -l ngpus=1 -v MODEL="XceptionNet",DATASET="Cifar10",ATTACK="IFGSM",KIND="ALL",PHASE="generate",OUTPUT_DIR="adversarial_results_ep300_pre100",FORCE_RERUN="0" adversarial_hpc_submit.pbs </dev/null
[2026-09-12 06:48:33] [OK] XceptionNet/Cifar10/APGD/ALL
[2026-09-12 06:48:33] [OK] qsub output: Your job 6507456 ("adversarial_hpc_submit.pbs") has been submitted
[2026-09-12 06:48:33] [SUBMIT] XceptionNet/Cifar10/CW/ALL
[2026-09-12 06:48:34] [CMD] qsub -q all.q -l ngpus=1 -v MODEL="XceptionNet",DATASET="Cifar10",ATTACK="CW",KIND="ALL",PHASE="generate",OUTPUT_DIR="adversarial_results_ep100_pre300",FORCE_RERUN="0" adversarial_hpc_submit.pbs </dev/null
[2026-09-12 06:48:35] [OK] XceptionNet/Cifar10/IFGSM/ALL
[2026-09-12 06:48:37] [OK] qsub output: Your job 6507459 ("adversarial_hpc_submit.pbs") has been submitted
[2026-09-12 06:48:37] [SUBMIT] XceptionNet/Cifar10/BIM/ALL
[2026-09-12 06:48:37] [CMD] qsub -q all.q -l ngpus=1 -v MODEL="XceptionNet",DATASET="Cifar10",ATTACK="BIM",KIND="ALL",PHASE="generate",OUTPUT_DIR="adversarial_results_ep300_pre100",FORCE_RERUN="0" adversarial_hpc_submit.pbs </dev/null
[2026-09-12 06:48:40] [OK] XceptionNet/Cifar10/APGD/ALL
[2026-09-12 06:48:40] [OK] qsub output: Your job 6507458 ("adversarial_hpc_submit.pbs") has been submitted
[2026-09-12 06:48:41] [SUBMIT] XceptionNet/Cifar10/CW/ALL
[2026-09-12 06:48:43] [CMD] qsub -q all.q -l ngpus=1 -v MODEL="XceptionNet",DATASET="Cifar10",ATTACK="CW",KIND="ALL",PHASE="generate",OUTPUT_DIR="adversarial_results_ep200_pre200",FORCE_RERUN="0" adversarial_hpc_submit.pbs </dev/null
[2026-09-12 06:48:45] [OK] XceptionNet/Cifar10/BIM/ALL
[2026-09-12 06:48:45] [OK] qsub output: Your job 6507461 ("adversarial_hpc_submit.pbs") has been submitted
[2026-09-12 06:48:45] [SUBMIT] XceptionNet/Cifar10/APGD/ALL
[2026-09-12 06:48:45] [CMD] qsub -q all.q -l ngpus=1 -v MODEL="XceptionNet",DATASET="Cifar10",ATTACK="APGD",KIND="ALL",PHASE="generate",OUTPUT_DIR="adversarial_results_ep300_pre100",FORCE_RERUN="0" adversarial_hpc_submit.pbs </dev/null
[2026-09-12 06:48:45] [OK] XceptionNet/Cifar10/CW/ALL
[2026-09-12 06:48:45] [OK] qsub output: Your job 6507460 ("adversarial_hpc_submit.pbs") has been submitted
[2026-09-12 06:48:46] [SUBMIT] XceptionNet/Cifar10/DeepFool/ALL
[2026-09-12 06:48:46] [CMD] qsub -q all.q -l ngpus=1 -v MODEL="XceptionNet",DATASET="Cifar10",ATTACK="DeepFool",KIND="ALL",PHASE="generate",OUTPUT_DIR="adversarial_results_ep100_pre300",FORCE_RERUN="0" adversarial_hpc_submit.pbs </dev/null
[2026-09-12 06:48:47] [OK] XceptionNet/Cifar10/APGD/ALL
[2026-09-12 06:48:47] [OK] qsub output: Your job 6507463 ("adversarial_hpc_submit.pbs") has been submitted
[2026-09-12 06:48:47] [SUBMIT] XceptionNet/Cifar10/CW/ALL
[2026-09-12 06:48:47] [CMD] qsub -q all.q -l ngpus=1 -v MODEL="XceptionNet",DATASET="Cifar10",ATTACK="CW",KIND="ALL",PHASE="generate",OUTPUT_DIR="adversarial_results_ep300_pre100",FORCE_RERUN="0" adversarial_hpc_submit.pbs </dev/null
[2026-09-12 06:48:53] [OK] XceptionNet/Cifar10/CW/ALL
[2026-09-12 06:48:53] [OK] qsub output: Your job 6507462 ("adversarial_hpc_submit.pbs") has been submitted
[2026-09-12 06:48:53] [SUBMIT] XceptionNet/Cifar10/DeepFool/ALL
[2026-09-12 06:48:53] [CMD] qsub -q all.q -l ngpus=1 -v MODEL="XceptionNet",DATASET="Cifar10",ATTACK="DeepFool",KIND="ALL",PHASE="generate",OUTPUT_DIR="adversarial_results_ep200_pre200",FORCE_RERUN="0" adversarial_hpc_submit.pbs </dev/null
[2026-09-12 06:48:54] [OK] XceptionNet/Cifar10/CW/ALL
[2026-09-12 06:48:54] [OK] qsub output: Your job 6507465 ("adversarial_hpc_submit.pbs") has been submitted
[2026-09-12 06:48:55] [SUBMIT] XceptionNet/Cifar10/DeepFool/ALL
[2026-09-12 06:48:55] [CMD] qsub -q all.q -l ngpus=1 -v MODEL="XceptionNet",DATASET="Cifar10",ATTACK="DeepFool",KIND="ALL",PHASE="generate",OUTPUT_DIR="adversarial_results_ep300_pre100",FORCE_RERUN="0" adversarial_hpc_submit.pbs </dev/null
[2026-09-12 06:48:56] [OK] XceptionNet/Cifar10/DeepFool/ALL
[2026-09-12 06:48:56] [OK] qsub output: Your job 6507464 ("adversarial_hpc_submit.pbs") has been submitted
[2026-09-12 06:48:56] [SUBMIT] XceptionNet/Cifar100/PGD/ALL
[2026-09-12 06:48:56] [CMD] qsub -q all.q -l ngpus=1 -v MODEL="XceptionNet",DATASET="Cifar100",ATTACK="PGD",KIND="ALL",PHASE="generate",OUTPUT_DIR="adversarial_results_ep100_pre300",FORCE_RERUN="0" adversarial_hpc_submit.pbs </dev/null
[2026-09-12 06:49:04] [OK] XceptionNet/Cifar10/DeepFool/ALL
[2026-09-12 06:49:04] [OK] qsub output: Your job 6507466 ("adversarial_hpc_submit.pbs") has been submitted
[2026-09-12 06:49:04] [SUBMIT] XceptionNet/Cifar100/PGD/ALL
[2026-09-12 06:49:04] [CMD] qsub -q all.q -l ngpus=1 -v MODEL="XceptionNet",DATASET="Cifar100",ATTACK="PGD",KIND="ALL",PHASE="generate",OUTPUT_DIR="adversarial_results_ep200_pre200",FORCE_RERUN="0" adversarial_hpc_submit.pbs </dev/null
[2026-09-12 06:49:04] [OK] XceptionNet/Cifar10/DeepFool/ALL
[2026-09-12 06:49:04] [OK] qsub output: Your job 6507467 ("adversarial_hpc_submit.pbs") has been submitted
[2026-09-12 06:49:04] [SUBMIT] XceptionNet/Cifar100/PGD/ALL
[2026-09-12 06:49:04] [CMD] qsub -q all.q -l ngpus=1 -v MODEL="XceptionNet",DATASET="Cifar100",ATTACK="PGD",KIND="ALL",PHASE="generate",OUTPUT_DIR="adversarial_results_ep300_pre100",FORCE_RERUN="0" adversarial_hpc_submit.pbs </dev/null
[2026-09-12 06:49:11] [OK] XceptionNet/Cifar100/PGD/ALL
[2026-09-12 06:49:11] [OK] qsub output: Your job 6507468 ("adversarial_hpc_submit.pbs") has been submitted
[2026-09-12 06:49:11] [SUBMIT] XceptionNet/Cifar100/FGSM/ALL
[2026-09-12 06:49:11] [CMD] qsub -q all.q -l ngpus=1 -v MODEL="XceptionNet",DATASET="Cifar100",ATTACK="FGSM",KIND="ALL",PHASE="generate",OUTPUT_DIR="adversarial_results_ep100_pre300",FORCE_RERUN="0" adversarial_hpc_submit.pbs </dev/null
[2026-09-12 06:49:13] [OK] XceptionNet/Cifar100/PGD/ALL
[2026-09-12 06:49:13] [OK] qsub output: Your job 6507469 ("adversarial_hpc_submit.pbs") has been submitted
[2026-09-12 06:49:13] [SUBMIT] XceptionNet/Cifar100/FGSM/ALL
[2026-09-12 06:49:13] [CMD] qsub -q all.q -l ngpus=1 -v MODEL="XceptionNet",DATASET="Cifar100",ATTACK="FGSM",KIND="ALL",PHASE="generate",OUTPUT_DIR="adversarial_results_ep200_pre200",FORCE_RERUN="0" adversarial_hpc_submit.pbs </dev/null
[2026-09-12 06:49:17] [OK] XceptionNet/Cifar100/FGSM/ALL
[2026-09-12 06:49:18] [OK] XceptionNet/Cifar100/PGD/ALL
[2026-09-12 06:49:19] [OK] qsub output: Your job 6507471 ("adversarial_hpc_submit.pbs") has been submitted
[2026-09-12 06:49:20] [OK] qsub output: Your job 6507470 ("adversarial_hpc_submit.pbs") has been submitted
[2026-09-12 06:49:20] [SUBMIT] XceptionNet/Cifar100/IFGSM/ALL
[2026-09-12 06:49:20] [SUBMIT] XceptionNet/Cifar100/FGSM/ALL
[2026-09-12 06:49:20] [CMD] qsub -q all.q -l ngpus=1 -v MODEL="XceptionNet",DATASET="Cifar100",ATTACK="IFGSM",KIND="ALL",PHASE="generate",OUTPUT_DIR="adversarial_results_ep100_pre300",FORCE_RERUN="0" adversarial_hpc_submit.pbs </dev/null
[2026-09-12 06:49:20] [CMD] qsub -q all.q -l ngpus=1 -v MODEL="XceptionNet",DATASET="Cifar100",ATTACK="FGSM",KIND="ALL",PHASE="generate",OUTPUT_DIR="adversarial_results_ep300_pre100",FORCE_RERUN="0" adversarial_hpc_submit.pbs </dev/null
[2026-09-12 06:49:34] [OK] XceptionNet/Cifar100/FGSM/ALL
[2026-09-12 06:49:28] [OK] XceptionNet/Cifar100/IFGSM/ALL
[2026-09-12 06:49:33] [OK] XceptionNet/Cifar100/FGSM/ALL
[2026-09-12 06:49:35] [OK] qsub output: Your job 6507472 ("adversarial_hpc_submit.pbs") has been submitted
[2026-09-12 06:49:38] [OK] qsub output: Your job 6507473 ("adversarial_hpc_submit.pbs") has been submitted
[2026-09-12 06:49:40] [OK] qsub output: Your job 6507474 ("adversarial_hpc_submit.pbs") has been submitted
[2026-09-12 06:49:40] [SUBMIT] XceptionNet/Cifar100/IFGSM/ALL
[2026-09-12 06:49:40] [SUBMIT] XceptionNet/Cifar100/BIM/ALL
[2026-09-12 06:49:40] [CMD] qsub -q all.q -l ngpus=1 -v MODEL="XceptionNet",DATASET="Cifar100",ATTACK="IFGSM",KIND="ALL",PHASE="generate",OUTPUT_DIR="adversarial_results_ep200_pre200",FORCE_RERUN="0" adversarial_hpc_submit.pbs </dev/null
[2026-09-12 06:49:40] [CMD] qsub -q all.q -l ngpus=1 -v MODEL="XceptionNet",DATASET="Cifar100",ATTACK="BIM",KIND="ALL",PHASE="generate",OUTPUT_DIR="adversarial_results_ep100_pre300",FORCE_RERUN="0" adversarial_hpc_submit.pbs </dev/null
[2026-09-12 06:49:40] [SUBMIT] XceptionNet/Cifar100/IFGSM/ALL
[2026-09-12 06:49:40] [CMD] qsub -q all.q -l ngpus=1 -v MODEL="XceptionNet",DATASET="Cifar100",ATTACK="IFGSM",KIND="ALL",PHASE="generate",OUTPUT_DIR="adversarial_results_ep300_pre100",FORCE_RERUN="0" adversarial_hpc_submit.pbs </dev/null
[2026-09-12 06:49:44] [OK] XceptionNet/Cifar100/IFGSM/ALL
[2026-09-12 06:49:44] [OK] qsub output: Your job 6507475 ("adversarial_hpc_submit.pbs") has been submitted
[2026-09-12 06:49:44] [SUBMIT] XceptionNet/Cifar100/BIM/ALL
[2026-09-12 06:49:44] [CMD] qsub -q all.q -l ngpus=1 -v MODEL="XceptionNet",DATASET="Cifar100",ATTACK="BIM",KIND="ALL",PHASE="generate",OUTPUT_DIR="adversarial_results_ep200_pre200",FORCE_RERUN="0" adversarial_hpc_submit.pbs </dev/null
[2026-09-12 06:49:49] [OK] XceptionNet/Cifar100/IFGSM/ALL
[2026-09-12 06:49:49] [OK] qsub output: Your job 6507477 ("adversarial_hpc_submit.pbs") has been submitted
[2026-09-12 06:49:49] [OK] XceptionNet/Cifar100/BIM/ALL
[2026-09-12 06:49:49] [OK] qsub output: Your job 6507476 ("adversarial_hpc_submit.pbs") has been submitted
[2026-09-12 06:49:49] [SUBMIT] XceptionNet/Cifar100/BIM/ALL
[2026-09-12 06:49:49] [CMD] qsub -q all.q -l ngpus=1 -v MODEL="XceptionNet",DATASET="Cifar100",ATTACK="BIM",KIND="ALL",PHASE="generate",OUTPUT_DIR="adversarial_results_ep300_pre100",FORCE_RERUN="0" adversarial_hpc_submit.pbs </dev/null
[2026-09-12 06:49:49] [SUBMIT] XceptionNet/Cifar100/APGD/ALL
[2026-09-12 06:49:49] [CMD] qsub -q all.q -l ngpus=1 -v MODEL="XceptionNet",DATASET="Cifar100",ATTACK="APGD",KIND="ALL",PHASE="generate",OUTPUT_DIR="adversarial_results_ep100_pre300",FORCE_RERUN="0" adversarial_hpc_submit.pbs </dev/null
[2026-09-12 06:49:54] [OK] XceptionNet/Cifar100/BIM/ALL
[2026-09-12 06:49:54] [OK] qsub output: Your job 6507479 ("adversarial_hpc_submit.pbs") has been submitted
[2026-09-12 06:49:54] [OK] XceptionNet/Cifar100/BIM/ALL
[2026-09-12 06:49:54] [OK] qsub output: Your job 6507478 ("adversarial_hpc_submit.pbs") has been submitted
[2026-09-12 06:49:54] [SUBMIT] XceptionNet/Cifar100/APGD/ALL
[2026-09-12 06:49:54] [CMD] qsub -q all.q -l ngpus=1 -v MODEL="XceptionNet",DATASET="Cifar100",ATTACK="APGD",KIND="ALL",PHASE="generate",OUTPUT_DIR="adversarial_results_ep300_pre100",FORCE_RERUN="0" adversarial_hpc_submit.pbs </dev/null
[2026-09-12 06:49:54] [SUBMIT] XceptionNet/Cifar100/APGD/ALL
[2026-09-12 06:49:54] [CMD] qsub -q all.q -l ngpus=1 -v MODEL="XceptionNet",DATASET="Cifar100",ATTACK="APGD",KIND="ALL",PHASE="generate",OUTPUT_DIR="adversarial_results_ep200_pre200",FORCE_RERUN="0" adversarial_hpc_submit.pbs </dev/null
[2026-09-12 06:50:00] [OK] XceptionNet/Cifar100/APGD/ALL
[2026-09-12 06:50:00] [OK] qsub output: Your job 6507480 ("adversarial_hpc_submit.pbs") has been submitted
[2026-09-12 06:50:01] [SUBMIT] XceptionNet/Cifar100/CW/ALL
[2026-09-12 06:50:01] [CMD] qsub -q all.q -l ngpus=1 -v MODEL="XceptionNet",DATASET="Cifar100",ATTACK="CW",KIND="ALL",PHASE="generate",OUTPUT_DIR="adversarial_results_ep100_pre300",FORCE_RERUN="0" adversarial_hpc_submit.pbs </dev/null
[2026-09-12 06:50:02] [OK] XceptionNet/Cifar100/APGD/ALL
[2026-09-12 06:50:02] [OK] qsub output: Your job 6507482 ("adversarial_hpc_submit.pbs") has been submitted
[2026-09-12 06:50:02] [SUBMIT] XceptionNet/Cifar100/CW/ALL
[2026-09-12 06:50:02] [CMD] qsub -q all.q -l ngpus=1 -v MODEL="XceptionNet",DATASET="Cifar100",ATTACK="CW",KIND="ALL",PHASE="generate",OUTPUT_DIR="adversarial_results_ep200_pre200",FORCE_RERUN="0" adversarial_hpc_submit.pbs </dev/null
[2026-09-12 06:50:03] [OK] XceptionNet/Cifar100/APGD/ALL
[2026-09-12 06:50:03] [OK] qsub output: Your job 6507481 ("adversarial_hpc_submit.pbs") has been submitted
[2026-09-12 06:50:03] [SUBMIT] XceptionNet/Cifar100/CW/ALL
[2026-09-12 06:50:03] [CMD] qsub -q all.q -l ngpus=1 -v MODEL="XceptionNet",DATASET="Cifar100",ATTACK="CW",KIND="ALL",PHASE="generate",OUTPUT_DIR="adversarial_results_ep300_pre100",FORCE_RERUN="0" adversarial_hpc_submit.pbs </dev/null
[2026-09-12 06:50:05] [OK] XceptionNet/Cifar100/CW/ALL
[2026-09-12 06:50:05] [OK] qsub output: Your job 6507484 ("adversarial_hpc_submit.pbs") has been submitted
[2026-09-12 06:50:05] [SUBMIT] XceptionNet/Cifar100/DeepFool/ALL
[2026-09-12 06:50:05] [CMD] qsub -q all.q -l ngpus=1 -v MODEL="XceptionNet",DATASET="Cifar100",ATTACK="DeepFool",KIND="ALL",PHASE="generate",OUTPUT_DIR="adversarial_results_ep200_pre200",FORCE_RERUN="0" adversarial_hpc_submit.pbs </dev/null
[2026-09-12 06:50:11] [OK] XceptionNet/Cifar100/CW/ALL
[2026-09-12 06:50:11] [OK] qsub output: Your job 6507483 ("adversarial_hpc_submit.pbs") has been submitted
[2026-09-12 06:50:11] [SUBMIT] XceptionNet/Cifar100/DeepFool/ALL
[2026-09-12 06:50:11] [CMD] qsub -q all.q -l ngpus=1 -v MODEL="XceptionNet",DATASET="Cifar100",ATTACK="DeepFool",KIND="ALL",PHASE="generate",OUTPUT_DIR="adversarial_results_ep100_pre300",FORCE_RERUN="0" adversarial_hpc_submit.pbs </dev/null
[2026-09-12 06:50:11] [OK] XceptionNet/Cifar100/CW/ALL
[2026-09-12 06:50:11] [OK] qsub output: Your job 6507485 ("adversarial_hpc_submit.pbs") has been submitted
[2026-09-12 06:50:11] [SUBMIT] XceptionNet/Cifar100/DeepFool/ALL
[2026-09-12 06:50:12] [CMD] qsub -q all.q -l ngpus=1 -v MODEL="XceptionNet",DATASET="Cifar100",ATTACK="DeepFool",KIND="ALL",PHASE="generate",OUTPUT_DIR="adversarial_results_ep300_pre100",FORCE_RERUN="0" adversarial_hpc_submit.pbs </dev/null
[2026-09-12 06:50:19] [OK] XceptionNet/Cifar100/DeepFool/ALL
[2026-09-12 06:50:19] [OK] qsub output: Your job 6507486 ("adversarial_hpc_submit.pbs") has been submitted
[2026-09-12 06:50:19] [SUBMIT] XceptionNet/TinyImageNet/PGD/ALL
[2026-09-12 06:50:19] [CMD] qsub -q all.q -l ngpus=1 -v MODEL="XceptionNet",DATASET="TinyImageNet",ATTACK="PGD",KIND="ALL",PHASE="generate",OUTPUT_DIR="adversarial_results_ep200_pre200",FORCE_RERUN="0" adversarial_hpc_submit.pbs </dev/null
[2026-09-12 06:50:21] [OK] XceptionNet/Cifar100/DeepFool/ALL
[2026-09-12 06:50:21] [OK] qsub output: Your job 6507487 ("adversarial_hpc_submit.pbs") has been submitted
[2026-09-12 06:50:21] [SUBMIT] XceptionNet/TinyImageNet/PGD/ALL
[2026-09-12 06:50:21] [CMD] qsub -q all.q -l ngpus=1 -v MODEL="XceptionNet",DATASET="TinyImageNet",ATTACK="PGD",KIND="ALL",PHASE="generate",OUTPUT_DIR="adversarial_results_ep100_pre300",FORCE_RERUN="0" adversarial_hpc_submit.pbs </dev/null
[2026-09-12 06:50:25] [OK] XceptionNet/Cifar100/DeepFool/ALL
[2026-09-12 06:50:25] [OK] qsub output: Your job 6507488 ("adversarial_hpc_submit.pbs") has been submitted
[2026-09-12 06:50:26] [SUBMIT] XceptionNet/TinyImageNet/PGD/ALL
[2026-09-12 06:50:26] [CMD] qsub -q all.q -l ngpus=1 -v MODEL="XceptionNet",DATASET="TinyImageNet",ATTACK="PGD",KIND="ALL",PHASE="generate",OUTPUT_DIR="adversarial_results_ep300_pre100",FORCE_RERUN="0" adversarial_hpc_submit.pbs </dev/null
[2026-09-12 06:50:27] [OK] XceptionNet/TinyImageNet/PGD/ALL
[2026-09-12 06:50:27] [OK] qsub output: Your job 6507489 ("adversarial_hpc_submit.pbs") has been submitted
[2026-09-12 06:50:28] [SUBMIT] XceptionNet/TinyImageNet/FGSM/ALL
[2026-09-12 06:50:28] [CMD] qsub -q all.q -l ngpus=1 -v MODEL="XceptionNet",DATASET="TinyImageNet",ATTACK="FGSM",KIND="ALL",PHASE="generate",OUTPUT_DIR="adversarial_results_ep200_pre200",FORCE_RERUN="0" adversarial_hpc_submit.pbs </dev/null
[2026-09-12 06:50:29] [OK] XceptionNet/TinyImageNet/PGD/ALL
[2026-09-12 06:50:29] [OK] qsub output: Your job 6507491 ("adversarial_hpc_submit.pbs") has been submitted
[2026-09-12 06:50:29] [SUBMIT] XceptionNet/TinyImageNet/FGSM/ALL
[2026-09-12 06:50:29] [CMD] qsub -q all.q -l ngpus=1 -v MODEL="XceptionNet",DATASET="TinyImageNet",ATTACK="FGSM",KIND="ALL",PHASE="generate",OUTPUT_DIR="adversarial_results_ep300_pre100",FORCE_RERUN="0" adversarial_hpc_submit.pbs </dev/null
[2026-09-12 06:50:33] [OK] XceptionNet/TinyImageNet/FGSM/ALL
[2026-09-12 06:50:33] [OK] qsub output: Your job 6507492 ("adversarial_hpc_submit.pbs") has been submitted
[2026-09-12 06:50:33] [SUBMIT] XceptionNet/TinyImageNet/IFGSM/ALL
[2026-09-12 06:50:33] [CMD] qsub -q all.q -l ngpus=1 -v MODEL="XceptionNet",DATASET="TinyImageNet",ATTACK="IFGSM",KIND="ALL",PHASE="generate",OUTPUT_DIR="adversarial_results_ep200_pre200",FORCE_RERUN="0" adversarial_hpc_submit.pbs </dev/null
[2026-09-12 06:50:33] [OK] XceptionNet/TinyImageNet/PGD/ALL
[2026-09-12 06:50:34] [OK] qsub output: Your job 6507490 ("adversarial_hpc_submit.pbs") has been submitted
[2026-09-12 06:50:34] [SUBMIT] XceptionNet/TinyImageNet/FGSM/ALL
[2026-09-12 06:50:34] [CMD] qsub -q all.q -l ngpus=1 -v MODEL="XceptionNet",DATASET="TinyImageNet",ATTACK="FGSM",KIND="ALL",PHASE="generate",OUTPUT_DIR="adversarial_results_ep100_pre300",FORCE_RERUN="0" adversarial_hpc_submit.pbs </dev/null
[2026-09-12 06:50:42] [OK] XceptionNet/TinyImageNet/IFGSM/ALL
[2026-09-12 06:50:42] [OK] qsub output: Your job 6507494 ("adversarial_hpc_submit.pbs") has been submitted
[2026-09-12 06:50:42] [OK] XceptionNet/TinyImageNet/FGSM/ALL
[2026-09-12 06:50:42] [OK] qsub output: Your job 6507493 ("adversarial_hpc_submit.pbs") has been submitted
[2026-09-12 06:50:42] [SUBMIT] XceptionNet/TinyImageNet/BIM/ALL
[2026-09-12 06:50:42] [CMD] qsub -q all.q -l ngpus=1 -v MODEL="XceptionNet",DATASET="TinyImageNet",ATTACK="BIM",KIND="ALL",PHASE="generate",OUTPUT_DIR="adversarial_results_ep200_pre200",FORCE_RERUN="0" adversarial_hpc_submit.pbs </dev/null
[2026-09-12 06:50:42] [SUBMIT] XceptionNet/TinyImageNet/IFGSM/ALL
[2026-09-12 06:50:42] [CMD] qsub -q all.q -l ngpus=1 -v MODEL="XceptionNet",DATASET="TinyImageNet",ATTACK="IFGSM",KIND="ALL",PHASE="generate",OUTPUT_DIR="adversarial_results_ep300_pre100",FORCE_RERUN="0" adversarial_hpc_submit.pbs </dev/null
[2026-09-12 06:50:46] [OK] XceptionNet/TinyImageNet/FGSM/ALL
[2026-09-12 06:50:46] [OK] qsub output: Your job 6507495 ("adversarial_hpc_submit.pbs") has been submitted
[2026-09-12 06:50:46] [SUBMIT] XceptionNet/TinyImageNet/IFGSM/ALL
[2026-09-12 06:50:46] [CMD] qsub -q all.q -l ngpus=1 -v MODEL="XceptionNet",DATASET="TinyImageNet",ATTACK="IFGSM",KIND="ALL",PHASE="generate",OUTPUT_DIR="adversarial_results_ep100_pre300",FORCE_RERUN="0" adversarial_hpc_submit.pbs </dev/null
[2026-09-12 06:50:50] [OK] XceptionNet/TinyImageNet/BIM/ALL
[2026-09-12 06:50:50] [OK] qsub output: Your job 6507496 ("adversarial_hpc_submit.pbs") has been submitted
[2026-09-12 06:50:50] [SUBMIT] XceptionNet/TinyImageNet/APGD/ALL
[2026-09-12 06:50:50] [CMD] qsub -q all.q -l ngpus=1 -v MODEL="XceptionNet",DATASET="TinyImageNet",ATTACK="APGD",KIND="ALL",PHASE="generate",OUTPUT_DIR="adversarial_results_ep200_pre200",FORCE_RERUN="0" adversarial_hpc_submit.pbs </dev/null
[2026-09-12 06:50:52] [OK] XceptionNet/TinyImageNet/IFGSM/ALL
[2026-09-12 06:50:52] [OK] qsub output: Your job 6507497 ("adversarial_hpc_submit.pbs") has been submitted
[2026-09-12 06:50:52] [SUBMIT] XceptionNet/TinyImageNet/BIM/ALL
[2026-09-12 06:50:52] [CMD] qsub -q all.q -l ngpus=1 -v MODEL="XceptionNet",DATASET="TinyImageNet",ATTACK="BIM",KIND="ALL",PHASE="generate",OUTPUT_DIR="adversarial_results_ep300_pre100",FORCE_RERUN="0" adversarial_hpc_submit.pbs </dev/null
[2026-09-12 06:50:56] [OK] XceptionNet/TinyImageNet/APGD/ALL
[2026-09-12 06:50:56] [OK] qsub output: Your job 6507499 ("adversarial_hpc_submit.pbs") has been submitted
[2026-09-12 06:50:56] [SUBMIT] XceptionNet/TinyImageNet/CW/ALL
[2026-09-12 06:50:56] [CMD] qsub -q all.q -l ngpus=1 -v MODEL="XceptionNet",DATASET="TinyImageNet",ATTACK="CW",KIND="ALL",PHASE="generate",OUTPUT_DIR="adversarial_results_ep200_pre200",FORCE_RERUN="0" adversarial_hpc_submit.pbs </dev/null
[2026-09-12 06:50:59] [OK] XceptionNet/TinyImageNet/IFGSM/ALL
[2026-09-12 06:50:59] [OK] qsub output: Your job 6507498 ("adversarial_hpc_submit.pbs") has been submitted
[2026-09-12 06:50:59] [SUBMIT] XceptionNet/TinyImageNet/BIM/ALL
[2026-09-12 06:50:59] [CMD] qsub -q all.q -l ngpus=1 -v MODEL="XceptionNet",DATASET="TinyImageNet",ATTACK="BIM",KIND="ALL",PHASE="generate",OUTPUT_DIR="adversarial_results_ep100_pre300",FORCE_RERUN="0" adversarial_hpc_submit.pbs </dev/null
[2026-09-12 06:51:04] [OK] XceptionNet/TinyImageNet/BIM/ALL
[2026-09-12 06:51:04] [OK] qsub output: Your job 6507500 ("adversarial_hpc_submit.pbs") has been submitted
[2026-09-12 06:51:04] [SUBMIT] XceptionNet/TinyImageNet/APGD/ALL
[2026-09-12 06:51:04] [CMD] qsub -q all.q -l ngpus=1 -v MODEL="XceptionNet",DATASET="TinyImageNet",ATTACK="APGD",KIND="ALL",PHASE="generate",OUTPUT_DIR="adversarial_results_ep300_pre100",FORCE_RERUN="0" adversarial_hpc_submit.pbs </dev/null
[2026-09-12 06:51:05] [OK] XceptionNet/TinyImageNet/CW/ALL
[2026-09-12 06:51:05] [OK] qsub output: Your job 6507501 ("adversarial_hpc_submit.pbs") has been submitted
[2026-09-12 06:51:05] [SUBMIT] XceptionNet/TinyImageNet/DeepFool/ALL
[2026-09-12 06:51:05] [CMD] qsub -q all.q -l ngpus=1 -v MODEL="XceptionNet",DATASET="TinyImageNet",ATTACK="DeepFool",KIND="ALL",PHASE="generate",OUTPUT_DIR="adversarial_results_ep200_pre200",FORCE_RERUN="0" adversarial_hpc_submit.pbs </dev/null
[2026-09-12 06:51:09] [OK] XceptionNet/TinyImageNet/BIM/ALL
[2026-09-12 06:51:09] [OK] qsub output: Your job 6507502 ("adversarial_hpc_submit.pbs") has been submitted
[2026-09-12 06:51:09] [SUBMIT] XceptionNet/TinyImageNet/APGD/ALL
[2026-09-12 06:51:09] [CMD] qsub -q all.q -l ngpus=1 -v MODEL="XceptionNet",DATASET="TinyImageNet",ATTACK="APGD",KIND="ALL",PHASE="generate",OUTPUT_DIR="adversarial_results_ep100_pre300",FORCE_RERUN="0" adversarial_hpc_submit.pbs </dev/null
[2026-09-12 06:51:14] [OK] XceptionNet/TinyImageNet/APGD/ALL
[2026-09-12 06:51:14] [OK] qsub output: Your job 6507503 ("adversarial_hpc_submit.pbs") has been submitted
[2026-09-12 06:51:14] [SUBMIT] XceptionNet/TinyImageNet/CW/ALL
[2026-09-12 06:51:14] [CMD] qsub -q all.q -l ngpus=1 -v MODEL="XceptionNet",DATASET="TinyImageNet",ATTACK="CW",KIND="ALL",PHASE="generate",OUTPUT_DIR="adversarial_results_ep300_pre100",FORCE_RERUN="0" adversarial_hpc_submit.pbs </dev/null
[2026-09-12 06:51:18] [OK] XceptionNet/TinyImageNet/APGD/ALL
[2026-09-12 06:51:18] [OK] qsub output: Your job 6507505 ("adversarial_hpc_submit.pbs") has been submitted
[2026-09-12 06:51:18] [SUBMIT] XceptionNet/TinyImageNet/CW/ALL
[2026-09-12 06:51:18] [CMD] qsub -q all.q -l ngpus=1 -v MODEL="XceptionNet",DATASET="TinyImageNet",ATTACK="CW",KIND="ALL",PHASE="generate",OUTPUT_DIR="adversarial_results_ep100_pre300",FORCE_RERUN="0" adversarial_hpc_submit.pbs </dev/null
[2026-09-12 06:51:19] [OK] XceptionNet/TinyImageNet/DeepFool/ALL
[2026-09-12 06:51:19] [OK] qsub output: Your job 6507504 ("adversarial_hpc_submit.pbs") has been submitted
[2026-09-12 06:51:19] [SUBMIT] ConvNeXt/Cifar10/PGD/ALL
[2026-09-12 06:51:19] [CMD] qsub -q all.q -l ngpus=1 -v MODEL="ConvNeXt",DATASET="Cifar10",ATTACK="PGD",KIND="ALL",PHASE="generate",OUTPUT_DIR="adversarial_results_ep200_pre200",FORCE_RERUN="0" adversarial_hpc_submit.pbs </dev/null
[2026-09-12 06:51:20] [OK] XceptionNet/TinyImageNet/CW/ALL
[2026-09-12 06:51:20] [OK] qsub output: Your job 6507506 ("adversarial_hpc_submit.pbs") has been submitted
[2026-09-12 06:51:20] [SUBMIT] XceptionNet/TinyImageNet/DeepFool/ALL
[2026-09-12 06:51:20] [CMD] qsub -q all.q -l ngpus=1 -v MODEL="XceptionNet",DATASET="TinyImageNet",ATTACK="DeepFool",KIND="ALL",PHASE="generate",OUTPUT_DIR="adversarial_results_ep300_pre100",FORCE_RERUN="0" adversarial_hpc_submit.pbs </dev/null
[2026-09-12 06:51:23] [OK] XceptionNet/TinyImageNet/CW/ALL
[2026-09-12 06:51:23] [OK] qsub output: Your job 6507507 ("adversarial_hpc_submit.pbs") has been submitted
[2026-09-12 06:51:23] [SUBMIT] XceptionNet/TinyImageNet/DeepFool/ALL
[2026-09-12 06:51:23] [CMD] qsub -q all.q -l ngpus=1 -v MODEL="XceptionNet",DATASET="TinyImageNet",ATTACK="DeepFool",KIND="ALL",PHASE="generate",OUTPUT_DIR="adversarial_results_ep100_pre300",FORCE_RERUN="0" adversarial_hpc_submit.pbs </dev/null
[2026-09-12 06:51:28] [OK] ConvNeXt/Cifar10/PGD/ALL
[2026-09-12 06:51:28] [OK] qsub output: Your job 6507508 ("adversarial_hpc_submit.pbs") has been submitted
[2026-09-12 06:51:28] [SUBMIT] ConvNeXt/Cifar10/FGSM/ALL
[2026-09-12 06:51:28] [CMD] qsub -q all.q -l ngpus=1 -v MODEL="ConvNeXt",DATASET="Cifar10",ATTACK="FGSM",KIND="ALL",PHASE="generate",OUTPUT_DIR="adversarial_results_ep200_pre200",FORCE_RERUN="0" adversarial_hpc_submit.pbs </dev/null
[2026-09-12 06:51:30] [OK] XceptionNet/TinyImageNet/DeepFool/ALL
[2026-09-12 06:51:30] [OK] qsub output: Your job 6507510 ("adversarial_hpc_submit.pbs") has been submitted
[2026-09-12 06:51:30] [SUBMIT] ConvNeXt/Cifar10/PGD/ALL
[2026-09-12 06:51:30] [CMD] qsub -q all.q -l ngpus=1 -v MODEL="ConvNeXt",DATASET="Cifar10",ATTACK="PGD",KIND="ALL",PHASE="generate",OUTPUT_DIR="adversarial_results_ep100_pre300",FORCE_RERUN="0" adversarial_hpc_submit.pbs </dev/null
[2026-09-12 06:51:32] [OK] XceptionNet/TinyImageNet/DeepFool/ALL
[2026-09-12 06:51:33] [OK] qsub output: Your job 6507509 ("adversarial_hpc_submit.pbs") has been submitted
[2026-09-12 06:51:33] [SUBMIT] ConvNeXt/Cifar10/PGD/ALL
[2026-09-12 06:51:33] [CMD] qsub -q all.q -l ngpus=1 -v MODEL="ConvNeXt",DATASET="Cifar10",ATTACK="PGD",KIND="ALL",PHASE="generate",OUTPUT_DIR="adversarial_results_ep300_pre100",FORCE_RERUN="0" adversarial_hpc_submit.pbs </dev/null
[2026-09-12 06:51:35] [OK] ConvNeXt/Cifar10/FGSM/ALL
[2026-09-12 06:51:35] [OK] qsub output: Your job 6507511 ("adversarial_hpc_submit.pbs") has been submitted
[2026-09-12 06:51:35] [SUBMIT] ConvNeXt/Cifar10/IFGSM/ALL
[2026-09-12 06:51:35] [CMD] qsub -q all.q -l ngpus=1 -v MODEL="ConvNeXt",DATASET="Cifar10",ATTACK="IFGSM",KIND="ALL",PHASE="generate",OUTPUT_DIR="adversarial_results_ep200_pre200",FORCE_RERUN="0" adversarial_hpc_submit.pbs </dev/null
[2026-09-12 06:51:39] [OK] ConvNeXt/Cifar10/PGD/ALL
[2026-09-12 06:51:39] [OK] qsub output: Your job 6507512 ("adversarial_hpc_submit.pbs") has been submitted
[2026-09-12 06:51:39] [SUBMIT] ConvNeXt/Cifar10/FGSM/ALL
[2026-09-12 06:51:39] [CMD] qsub -q all.q -l ngpus=1 -v MODEL="ConvNeXt",DATASET="Cifar10",ATTACK="FGSM",KIND="ALL",PHASE="generate",OUTPUT_DIR="adversarial_results_ep100_pre300",FORCE_RERUN="0" adversarial_hpc_submit.pbs </dev/null
[2026-09-12 06:51:42] [OK] ConvNeXt/Cifar10/PGD/ALL
[2026-09-12 06:51:43] [OK] qsub output: Your job 6507513 ("adversarial_hpc_submit.pbs") has been submitted
[2026-09-12 06:51:43] [SUBMIT] ConvNeXt/Cifar10/FGSM/ALL
[2026-09-12 06:51:43] [CMD] qsub -q all.q -l ngpus=1 -v MODEL="ConvNeXt",DATASET="Cifar10",ATTACK="FGSM",KIND="ALL",PHASE="generate",OUTPUT_DIR="adversarial_results_ep300_pre100",FORCE_RERUN="0" adversarial_hpc_submit.pbs </dev/null
[2026-09-12 06:51:46] [OK] ConvNeXt/Cifar10/IFGSM/ALL
[2026-09-12 06:51:46] [OK] qsub output: Your job 6507514 ("adversarial_hpc_submit.pbs") has been submitted
[2026-09-12 06:51:46] [SUBMIT] ConvNeXt/Cifar10/BIM/ALL
[2026-09-12 06:51:46] [CMD] qsub -q all.q -l ngpus=1 -v MODEL="ConvNeXt",DATASET="Cifar10",ATTACK="BIM",KIND="ALL",PHASE="generate",OUTPUT_DIR="adversarial_results_ep200_pre200",FORCE_RERUN="0" adversarial_hpc_submit.pbs </dev/null
[2026-09-12 06:51:47] [OK] ConvNeXt/Cifar10/FGSM/ALL
[2026-09-12 06:51:47] [OK] qsub output: Your job 6507516 ("adversarial_hpc_submit.pbs") has been submitted
[2026-09-12 06:51:47] [SUBMIT] ConvNeXt/Cifar10/IFGSM/ALL
[2026-09-12 06:51:47] [CMD] qsub -q all.q -l ngpus=1 -v MODEL="ConvNeXt",DATASET="Cifar10",ATTACK="IFGSM",KIND="ALL",PHASE="generate",OUTPUT_DIR="adversarial_results_ep300_pre100",FORCE_RERUN="0" adversarial_hpc_submit.pbs </dev/null
[2026-09-12 06:51:49] [OK] ConvNeXt/Cifar10/FGSM/ALL
[2026-09-12 06:51:49] [OK] qsub output: Your job 6507515 ("adversarial_hpc_submit.pbs") has been submitted
[2026-09-12 06:51:49] [SUBMIT] ConvNeXt/Cifar10/IFGSM/ALL
[2026-09-12 06:51:49] [CMD] qsub -q all.q -l ngpus=1 -v MODEL="ConvNeXt",DATASET="Cifar10",ATTACK="IFGSM",KIND="ALL",PHASE="generate",OUTPUT_DIR="adversarial_results_ep100_pre300",FORCE_RERUN="0" adversarial_hpc_submit.pbs </dev/null
[2026-09-12 06:51:50] [OK] ConvNeXt/Cifar10/BIM/ALL
[2026-09-12 06:51:50] [OK] qsub output: Your job 6507517 ("adversarial_hpc_submit.pbs") has been submitted
[2026-09-12 06:51:50] [SUBMIT] ConvNeXt/Cifar10/APGD/ALL
[2026-09-12 06:51:50] [CMD] qsub -q all.q -l ngpus=1 -v MODEL="ConvNeXt",DATASET="Cifar10",ATTACK="APGD",KIND="ALL",PHASE="generate",OUTPUT_DIR="adversarial_results_ep200_pre200",FORCE_RERUN="0" adversarial_hpc_submit.pbs </dev/null
[2026-09-12 06:51:55] [OK] ConvNeXt/Cifar10/IFGSM/ALL
[2026-09-12 06:51:55] [OK] qsub output: Your job 6507519 ("adversarial_hpc_submit.pbs") has been submitted
[2026-09-12 06:51:55] [SUBMIT] ConvNeXt/Cifar10/BIM/ALL
[2026-09-12 06:51:55] [CMD] qsub -q all.q -l ngpus=1 -v MODEL="ConvNeXt",DATASET="Cifar10",ATTACK="BIM",KIND="ALL",PHASE="generate",OUTPUT_DIR="adversarial_results_ep100_pre300",FORCE_RERUN="0" adversarial_hpc_submit.pbs </dev/null
[2026-09-12 06:51:56] [OK] ConvNeXt/Cifar10/IFGSM/ALL
[2026-09-12 06:51:56] [OK] qsub output: Your job 6507518 ("adversarial_hpc_submit.pbs") has been submitted
[2026-09-12 06:51:57] [SUBMIT] ConvNeXt/Cifar10/BIM/ALL
[2026-09-12 06:52:01] [CMD] qsub -q all.q -l ngpus=1 -v MODEL="ConvNeXt",DATASET="Cifar10",ATTACK="BIM",KIND="ALL",PHASE="generate",OUTPUT_DIR="adversarial_results_ep300_pre100",FORCE_RERUN="0" adversarial_hpc_submit.pbs </dev/null
[2026-09-12 06:52:02] [OK] ConvNeXt/Cifar10/APGD/ALL
[2026-09-12 06:52:02] [OK] qsub output: Your job 6507521 ("adversarial_hpc_submit.pbs") has been submitted
[2026-09-12 06:52:02] [SUBMIT] ConvNeXt/Cifar10/CW/ALL
[2026-09-12 06:52:02] [CMD] qsub -q all.q -l ngpus=1 -v MODEL="ConvNeXt",DATASET="Cifar10",ATTACK="CW",KIND="ALL",PHASE="generate",OUTPUT_DIR="adversarial_results_ep200_pre200",FORCE_RERUN="0" adversarial_hpc_submit.pbs </dev/null
[2026-09-12 06:52:06] [OK] ConvNeXt/Cifar10/BIM/ALL
[2026-09-12 06:52:06] [OK] qsub output: Your job 6507523 ("adversarial_hpc_submit.pbs") has been submitted
[2026-09-12 06:52:06] [SUBMIT] ConvNeXt/Cifar10/APGD/ALL
[2026-09-12 06:52:06] [CMD] qsub -q all.q -l ngpus=1 -v MODEL="ConvNeXt",DATASET="Cifar10",ATTACK="APGD",KIND="ALL",PHASE="generate",OUTPUT_DIR="adversarial_results_ep300_pre100",FORCE_RERUN="0" adversarial_hpc_submit.pbs </dev/null
[2026-09-12 06:52:08] [OK] ConvNeXt/Cifar10/BIM/ALL
[2026-09-12 06:52:08] [OK] qsub output: Your job 6507522 ("adversarial_hpc_submit.pbs") has been submitted
[2026-09-12 06:52:08] [SUBMIT] ConvNeXt/Cifar10/APGD/ALL
[2026-09-12 06:52:08] [CMD] qsub -q all.q -l ngpus=1 -v MODEL="ConvNeXt",DATASET="Cifar10",ATTACK="APGD",KIND="ALL",PHASE="generate",OUTPUT_DIR="adversarial_results_ep100_pre300",FORCE_RERUN="0" adversarial_hpc_submit.pbs </dev/null
[2026-09-12 06:52:13] [OK] ConvNeXt/Cifar10/CW/ALL
[2026-09-12 06:52:15] [OK] ConvNeXt/Cifar10/APGD/ALL
[2026-09-12 06:52:15] [OK] qsub output: Your job 6507524 ("adversarial_hpc_submit.pbs") has been submitted
[2026-09-12 06:52:15] [OK] qsub output: Your job 6507525 ("adversarial_hpc_submit.pbs") has been submitted
[2026-09-12 06:52:15] [SUBMIT] ConvNeXt/Cifar10/DeepFool/ALL
[2026-09-12 06:52:15] [CMD] qsub -q all.q -l ngpus=1 -v MODEL="ConvNeXt",DATASET="Cifar10",ATTACK="DeepFool",KIND="ALL",PHASE="generate",OUTPUT_DIR="adversarial_results_ep200_pre200",FORCE_RERUN="0" adversarial_hpc_submit.pbs </dev/null
[2026-09-12 06:52:15] [SUBMIT] ConvNeXt/Cifar10/CW/ALL
[2026-09-12 06:52:15] [CMD] qsub -q all.q -l ngpus=1 -v MODEL="ConvNeXt",DATASET="Cifar10",ATTACK="CW",KIND="ALL",PHASE="generate",OUTPUT_DIR="adversarial_results_ep300_pre100",FORCE_RERUN="0" adversarial_hpc_submit.pbs </dev/null
[2026-09-12 06:52:22] [OK] ConvNeXt/Cifar10/APGD/ALL
[2026-09-12 06:52:23] [OK] ConvNeXt/Cifar10/DeepFool/ALL
[2026-09-12 06:52:28] [OK] qsub output: Your job 6507526 ("adversarial_hpc_submit.pbs") has been submitted
[2026-09-12 06:52:31] [OK] qsub output: Your job 6507528 ("adversarial_hpc_submit.pbs") has been submitted
[2026-09-12 06:52:31] [SUBMIT] ConvNeXt/Cifar10/CW/ALL
[2026-09-12 06:52:32] [OK] ConvNeXt/Cifar10/CW/ALL
[2026-09-12 06:52:32] [CMD] qsub -q all.q -l ngpus=1 -v MODEL="ConvNeXt",DATASET="Cifar10",ATTACK="CW",KIND="ALL",PHASE="generate",OUTPUT_DIR="adversarial_results_ep100_pre300",FORCE_RERUN="0" adversarial_hpc_submit.pbs </dev/null
[2026-09-12 06:52:32] [OK] qsub output: Your job 6507529 ("adversarial_hpc_submit.pbs") has been submitted
[2026-09-12 06:52:32] [SUBMIT] ConvNeXt/Cifar100/PGD/ALL
[2026-09-12 06:52:32] [CMD] qsub -q all.q -l ngpus=1 -v MODEL="ConvNeXt",DATASET="Cifar100",ATTACK="PGD",KIND="ALL",PHASE="generate",OUTPUT_DIR="adversarial_results_ep200_pre200",FORCE_RERUN="0" adversarial_hpc_submit.pbs </dev/null
[2026-09-12 06:52:32] [SUBMIT] ConvNeXt/Cifar10/DeepFool/ALL
[2026-09-12 06:52:32] [CMD] qsub -q all.q -l ngpus=1 -v MODEL="ConvNeXt",DATASET="Cifar10",ATTACK="DeepFool",KIND="ALL",PHASE="generate",OUTPUT_DIR="adversarial_results_ep300_pre100",FORCE_RERUN="0" adversarial_hpc_submit.pbs </dev/null
[2026-09-12 06:52:33] [OK] ConvNeXt/Cifar100/PGD/ALL
[2026-09-12 06:52:33] [OK] qsub output: Your job 6507531 ("adversarial_hpc_submit.pbs") has been submitted
[2026-09-12 06:52:34] [SUBMIT] ConvNeXt/Cifar100/FGSM/ALL
[2026-09-12 06:52:34] [CMD] qsub -q all.q -l ngpus=1 -v MODEL="ConvNeXt",DATASET="Cifar100",ATTACK="FGSM",KIND="ALL",PHASE="generate",OUTPUT_DIR="adversarial_results_ep200_pre200",FORCE_RERUN="0" adversarial_hpc_submit.pbs </dev/null
[2026-09-12 06:52:38] [OK] ConvNeXt/Cifar10/CW/ALL
[2026-09-12 06:52:39] [OK] ConvNeXt/Cifar100/FGSM/ALL
[2026-09-12 06:52:40] [OK] ConvNeXt/Cifar10/DeepFool/ALL
[2026-09-12 06:52:54] [OK] qsub output: Your job 6507530 ("adversarial_hpc_submit.pbs") has been submitted
[2026-09-12 06:53:05] [OK] qsub output: Your job 6507533 ("adversarial_hpc_submit.pbs") has been submitted
[2026-09-12 06:53:05] [OK] qsub output: Your job 6507532 ("adversarial_hpc_submit.pbs") has been submitted
[2026-09-12 06:53:06] [SUBMIT] ConvNeXt/Cifar10/DeepFool/ALL
[2026-09-12 06:53:06] [CMD] qsub -q all.q -l ngpus=1 -v MODEL="ConvNeXt",DATASET="Cifar10",ATTACK="DeepFool",KIND="ALL",PHASE="generate",OUTPUT_DIR="adversarial_results_ep100_pre300",FORCE_RERUN="0" adversarial_hpc_submit.pbs </dev/null
[2026-09-12 06:53:06] [SUBMIT] ConvNeXt/Cifar100/IFGSM/ALL
[2026-09-12 06:53:06] [SUBMIT] ConvNeXt/Cifar100/PGD/ALL
[2026-09-12 06:53:06] [CMD] qsub -q all.q -l ngpus=1 -v MODEL="ConvNeXt",DATASET="Cifar100",ATTACK="IFGSM",KIND="ALL",PHASE="generate",OUTPUT_DIR="adversarial_results_ep200_pre200",FORCE_RERUN="0" adversarial_hpc_submit.pbs </dev/null
[2026-09-12 06:53:06] [CMD] qsub -q all.q -l ngpus=1 -v MODEL="ConvNeXt",DATASET="Cifar100",ATTACK="PGD",KIND="ALL",PHASE="generate",OUTPUT_DIR="adversarial_results_ep300_pre100",FORCE_RERUN="0" adversarial_hpc_submit.pbs </dev/null
[2026-09-12 06:53:10] [OK] ConvNeXt/Cifar100/IFGSM/ALL
[2026-09-12 06:53:13] [OK] qsub output: Your job 6507535 ("adversarial_hpc_submit.pbs") has been submitted
[2026-09-12 06:53:13] [SUBMIT] ConvNeXt/Cifar100/BIM/ALL
[2026-09-12 06:53:13] [CMD] qsub -q all.q -l ngpus=1 -v MODEL="ConvNeXt",DATASET="Cifar100",ATTACK="BIM",KIND="ALL",PHASE="generate",OUTPUT_DIR="adversarial_results_ep200_pre200",FORCE_RERUN="0" adversarial_hpc_submit.pbs </dev/null
[2026-09-12 06:53:16] [OK] ConvNeXt/Cifar10/DeepFool/ALL
[2026-09-12 06:53:16] [OK] qsub output: Your job 6507534 ("adversarial_hpc_submit.pbs") has been submitted
[2026-09-12 06:53:16] [OK] ConvNeXt/Cifar100/PGD/ALL
[2026-09-12 06:53:16] [OK] qsub output: Your job 6507536 ("adversarial_hpc_submit.pbs") has been submitted
[2026-09-12 06:53:16] [SUBMIT] ConvNeXt/Cifar100/PGD/ALL
[2026-09-12 06:53:16] [CMD] qsub -q all.q -l ngpus=1 -v MODEL="ConvNeXt",DATASET="Cifar100",ATTACK="PGD",KIND="ALL",PHASE="generate",OUTPUT_DIR="adversarial_results_ep100_pre300",FORCE_RERUN="0" adversarial_hpc_submit.pbs </dev/null
[2026-09-12 06:53:16] [SUBMIT] ConvNeXt/Cifar100/FGSM/ALL
[2026-09-12 06:53:16] [CMD] qsub -q all.q -l ngpus=1 -v MODEL="ConvNeXt",DATASET="Cifar100",ATTACK="FGSM",KIND="ALL",PHASE="generate",OUTPUT_DIR="adversarial_results_ep300_pre100",FORCE_RERUN="0" adversarial_hpc_submit.pbs </dev/null
[2026-09-12 06:53:23] [OK] ConvNeXt/Cifar100/PGD/ALL
[2026-09-12 06:53:23] [OK] qsub output: Your job 6507538 ("adversarial_hpc_submit.pbs") has been submitted
[2026-09-12 06:53:23] [SUBMIT] ConvNeXt/Cifar100/FGSM/ALL
[2026-09-12 06:53:23] [CMD] qsub -q all.q -l ngpus=1 -v MODEL="ConvNeXt",DATASET="Cifar100",ATTACK="FGSM",KIND="ALL",PHASE="generate",OUTPUT_DIR="adversarial_results_ep100_pre300",FORCE_RERUN="0" adversarial_hpc_submit.pbs </dev/null
[2026-09-12 06:53:25] [OK] ConvNeXt/Cifar100/BIM/ALL
[2026-09-12 06:53:25] [OK] qsub output: Your job 6507537 ("adversarial_hpc_submit.pbs") has been submitted
[2026-09-12 06:53:25] [SUBMIT] ConvNeXt/Cifar100/APGD/ALL
[2026-09-12 06:53:25] [CMD] qsub -q all.q -l ngpus=1 -v MODEL="ConvNeXt",DATASET="Cifar100",ATTACK="APGD",KIND="ALL",PHASE="generate",OUTPUT_DIR="adversarial_results_ep200_pre200",FORCE_RERUN="0" adversarial_hpc_submit.pbs </dev/null
[2026-09-12 06:53:26] [OK] ConvNeXt/Cifar100/FGSM/ALL
[2026-09-12 06:53:26] [OK] qsub output: Your job 6507539 ("adversarial_hpc_submit.pbs") has been submitted
[2026-09-12 06:53:27] [SUBMIT] ConvNeXt/Cifar100/IFGSM/ALL
[2026-09-12 06:53:27] [CMD] qsub -q all.q -l ngpus=1 -v MODEL="ConvNeXt",DATASET="Cifar100",ATTACK="IFGSM",KIND="ALL",PHASE="generate",OUTPUT_DIR="adversarial_results_ep300_pre100",FORCE_RERUN="0" adversarial_hpc_submit.pbs </dev/null
[2026-09-12 06:53:31] [OK] ConvNeXt/Cifar100/FGSM/ALL
[2026-09-12 06:53:32] [OK] qsub output: Your job 6507540 ("adversarial_hpc_submit.pbs") has been submitted
[2026-09-12 06:53:33] [SUBMIT] ConvNeXt/Cifar100/IFGSM/ALL
[2026-09-12 06:53:33] [CMD] qsub -q all.q -l ngpus=1 -v MODEL="ConvNeXt",DATASET="Cifar100",ATTACK="IFGSM",KIND="ALL",PHASE="generate",OUTPUT_DIR="adversarial_results_ep100_pre300",FORCE_RERUN="0" adversarial_hpc_submit.pbs </dev/null
[2026-09-12 06:53:36] [OK] ConvNeXt/Cifar100/APGD/ALL
[2026-09-12 06:53:40] [OK] ConvNeXt/Cifar100/IFGSM/ALL
[2026-09-12 06:53:44] [OK] qsub output: Your job 6507541 ("adversarial_hpc_submit.pbs") has been submitted
[2026-09-12 06:53:44] [OK] qsub output: Your job 6507542 ("adversarial_hpc_submit.pbs") has been submitted
[2026-09-12 06:53:44] [SUBMIT] ConvNeXt/Cifar100/BIM/ALL
[2026-09-12 06:53:44] [SUBMIT] ConvNeXt/Cifar100/CW/ALL
[2026-09-12 06:53:44] [CMD] qsub -q all.q -l ngpus=1 -v MODEL="ConvNeXt",DATASET="Cifar100",ATTACK="BIM",KIND="ALL",PHASE="generate",OUTPUT_DIR="adversarial_results_ep300_pre100",FORCE_RERUN="0" adversarial_hpc_submit.pbs </dev/null
[2026-09-12 06:53:44] [CMD] qsub -q all.q -l ngpus=1 -v MODEL="ConvNeXt",DATASET="Cifar100",ATTACK="CW",KIND="ALL",PHASE="generate",OUTPUT_DIR="adversarial_results_ep200_pre200",FORCE_RERUN="0" adversarial_hpc_submit.pbs </dev/null
[2026-09-12 06:53:48] [OK] ConvNeXt/Cifar100/IFGSM/ALL
[2026-09-12 06:53:49] [OK] ConvNeXt/Cifar100/CW/ALL
[2026-09-12 06:53:49] [OK] qsub output: Your job 6507545 ("adversarial_hpc_submit.pbs") has been submitted
[2026-09-12 06:53:49] [OK] qsub output: Your job 6507547 ("adversarial_hpc_submit.pbs") has been submitted
[2026-09-12 06:53:49] [SUBMIT] ConvNeXt/Cifar100/BIM/ALL
[2026-09-12 06:53:49] [CMD] qsub -q all.q -l ngpus=1 -v MODEL="ConvNeXt",DATASET="Cifar100",ATTACK="BIM",KIND="ALL",PHASE="generate",OUTPUT_DIR="adversarial_results_ep100_pre300",FORCE_RERUN="0" adversarial_hpc_submit.pbs </dev/null
[2026-09-12 06:53:49] [SUBMIT] ConvNeXt/Cifar100/DeepFool/ALL
[2026-09-12 06:53:49] [CMD] qsub -q all.q -l ngpus=1 -v MODEL="ConvNeXt",DATASET="Cifar100",ATTACK="DeepFool",KIND="ALL",PHASE="generate",OUTPUT_DIR="adversarial_results_ep200_pre200",FORCE_RERUN="0" adversarial_hpc_submit.pbs </dev/null
[2026-09-12 06:53:52] [OK] ConvNeXt/Cifar100/DeepFool/ALL
[2026-09-12 06:53:52] [OK] qsub output: Your job 6507548 ("adversarial_hpc_submit.pbs") has been submitted
[2026-09-12 06:53:52] [SUBMIT] ConvNeXt/TinyImageNet/PGD/ALL
[2026-09-12 06:53:52] [CMD] qsub -q all.q -l ngpus=1 -v MODEL="ConvNeXt",DATASET="TinyImageNet",ATTACK="PGD",KIND="ALL",PHASE="generate",OUTPUT_DIR="adversarial_results_ep200_pre200",FORCE_RERUN="0" adversarial_hpc_submit.pbs </dev/null
[2026-09-12 06:53:53] [OK] ConvNeXt/Cifar100/BIM/ALL
[2026-09-12 06:53:53] [OK] qsub output: Your job 6507546 ("adversarial_hpc_submit.pbs") has been submitted
[2026-09-12 06:53:53] [SUBMIT] ConvNeXt/Cifar100/APGD/ALL
[2026-09-12 06:53:53] [CMD] qsub -q all.q -l ngpus=1 -v MODEL="ConvNeXt",DATASET="Cifar100",ATTACK="APGD",KIND="ALL",PHASE="generate",OUTPUT_DIR="adversarial_results_ep300_pre100",FORCE_RERUN="0" adversarial_hpc_submit.pbs </dev/null
[2026-09-12 06:53:55] [OK] ConvNeXt/TinyImageNet/PGD/ALL
[2026-09-12 06:53:55] [OK] qsub output: Your job 6507550 ("adversarial_hpc_submit.pbs") has been submitted
[2026-09-12 06:53:55] [SUBMIT] ConvNeXt/TinyImageNet/FGSM/ALL
[2026-09-12 06:53:55] [CMD] qsub -q all.q -l ngpus=1 -v MODEL="ConvNeXt",DATASET="TinyImageNet",ATTACK="FGSM",KIND="ALL",PHASE="generate",OUTPUT_DIR="adversarial_results_ep200_pre200",FORCE_RERUN="0" adversarial_hpc_submit.pbs </dev/null
[2026-09-12 06:53:56] [OK] ConvNeXt/Cifar100/APGD/ALL
[2026-09-12 06:53:56] [OK] qsub output: Your job 6507551 ("adversarial_hpc_submit.pbs") has been submitted
[2026-09-12 06:53:56] [SUBMIT] ConvNeXt/Cifar100/CW/ALL
[2026-09-12 06:53:56] [CMD] qsub -q all.q -l ngpus=1 -v MODEL="ConvNeXt",DATASET="Cifar100",ATTACK="CW",KIND="ALL",PHASE="generate",OUTPUT_DIR="adversarial_results_ep300_pre100",FORCE_RERUN="0" adversarial_hpc_submit.pbs </dev/null
[2026-09-12 06:53:58] [OK] ConvNeXt/Cifar100/BIM/ALL
[2026-09-12 06:53:58] [OK] qsub output: Your job 6507549 ("adversarial_hpc_submit.pbs") has been submitted
[2026-09-12 06:53:58] [SUBMIT] ConvNeXt/Cifar100/APGD/ALL
[2026-09-12 06:53:58] [CMD] qsub -q all.q -l ngpus=1 -v MODEL="ConvNeXt",DATASET="Cifar100",ATTACK="APGD",KIND="ALL",PHASE="generate",OUTPUT_DIR="adversarial_results_ep100_pre300",FORCE_RERUN="0" adversarial_hpc_submit.pbs </dev/null
[2026-09-12 06:54:01] [OK] ConvNeXt/Cifar100/CW/ALL
[2026-09-12 06:54:03] [OK] qsub output: Your job 6507553 ("adversarial_hpc_submit.pbs") has been submitted
[2026-09-12 06:54:03] [SUBMIT] ConvNeXt/Cifar100/DeepFool/ALL
[2026-09-12 06:54:03] [CMD] qsub -q all.q -l ngpus=1 -v MODEL="ConvNeXt",DATASET="Cifar100",ATTACK="DeepFool",KIND="ALL",PHASE="generate",OUTPUT_DIR="adversarial_results_ep300_pre100",FORCE_RERUN="0" adversarial_hpc_submit.pbs </dev/null
[2026-09-12 06:54:06] [OK] ConvNeXt/TinyImageNet/FGSM/ALL
[2026-09-12 06:54:06] [OK] qsub output: Your job 6507552 ("adversarial_hpc_submit.pbs") has been submitted
[2026-09-12 06:54:06] [OK] ConvNeXt/Cifar100/APGD/ALL
[2026-09-12 06:54:06] [OK] qsub output: Your job 6507554 ("adversarial_hpc_submit.pbs") has been submitted
[2026-09-12 06:54:06] [SUBMIT] ConvNeXt/TinyImageNet/IFGSM/ALL
[2026-09-12 06:54:06] [CMD] qsub -q all.q -l ngpus=1 -v MODEL="ConvNeXt",DATASET="TinyImageNet",ATTACK="IFGSM",KIND="ALL",PHASE="generate",OUTPUT_DIR="adversarial_results_ep200_pre200",FORCE_RERUN="0" adversarial_hpc_submit.pbs </dev/null
[2026-09-12 06:54:06] [SUBMIT] ConvNeXt/Cifar100/CW/ALL
[2026-09-12 06:54:06] [CMD] qsub -q all.q -l ngpus=1 -v MODEL="ConvNeXt",DATASET="Cifar100",ATTACK="CW",KIND="ALL",PHASE="generate",OUTPUT_DIR="adversarial_results_ep100_pre300",FORCE_RERUN="0" adversarial_hpc_submit.pbs </dev/null
[2026-09-12 06:54:09] [OK] ConvNeXt/TinyImageNet/IFGSM/ALL
[2026-09-12 06:54:09] [OK] qsub output: Your job 6507556 ("adversarial_hpc_submit.pbs") has been submitted
[2026-09-12 06:54:09] [SUBMIT] ConvNeXt/TinyImageNet/BIM/ALL
[2026-09-12 06:54:09] [CMD] qsub -q all.q -l ngpus=1 -v MODEL="ConvNeXt",DATASET="TinyImageNet",ATTACK="BIM",KIND="ALL",PHASE="generate",OUTPUT_DIR="adversarial_results_ep200_pre200",FORCE_RERUN="0" adversarial_hpc_submit.pbs </dev/null
[2026-09-12 06:54:10] [OK] ConvNeXt/Cifar100/DeepFool/ALL
[2026-09-12 06:54:10] [OK] qsub output: Your job 6507555 ("adversarial_hpc_submit.pbs") has been submitted
[2026-09-12 06:54:11] [SUBMIT] ConvNeXt/TinyImageNet/PGD/ALL
[2026-09-12 06:54:11] [OK] ConvNeXt/Cifar100/CW/ALL
[2026-09-12 06:54:11] [CMD] qsub -q all.q -l ngpus=1 -v MODEL="ConvNeXt",DATASET="TinyImageNet",ATTACK="PGD",KIND="ALL",PHASE="generate",OUTPUT_DIR="adversarial_results_ep300_pre100",FORCE_RERUN="0" adversarial_hpc_submit.pbs </dev/null
[2026-09-12 06:54:12] [OK] qsub output: Your job 6507557 ("adversarial_hpc_submit.pbs") has been submitted
[2026-09-12 06:54:13] [OK] ConvNeXt/TinyImageNet/BIM/ALL
[2026-09-12 06:54:14] [OK] qsub output: Your job 6507558 ("adversarial_hpc_submit.pbs") has been submitted
[2026-09-12 06:54:14] [SUBMIT] ConvNeXt/Cifar100/DeepFool/ALL
[2026-09-12 06:54:14] [CMD] qsub -q all.q -l ngpus=1 -v MODEL="ConvNeXt",DATASET="Cifar100",ATTACK="DeepFool",KIND="ALL",PHASE="generate",OUTPUT_DIR="adversarial_results_ep100_pre300",FORCE_RERUN="0" adversarial_hpc_submit.pbs </dev/null
[2026-09-12 06:54:14] [SUBMIT] ConvNeXt/TinyImageNet/APGD/ALL
[2026-09-12 06:54:14] [CMD] qsub -q all.q -l ngpus=1 -v MODEL="ConvNeXt",DATASET="TinyImageNet",ATTACK="APGD",KIND="ALL",PHASE="generate",OUTPUT_DIR="adversarial_results_ep200_pre200",FORCE_RERUN="0" adversarial_hpc_submit.pbs </dev/null
[2026-09-12 06:54:21] [OK] ConvNeXt/TinyImageNet/PGD/ALL
[2026-09-12 06:54:21] [OK] qsub output: Your job 6507559 ("adversarial_hpc_submit.pbs") has been submitted
[2026-09-12 06:54:21] [SUBMIT] ConvNeXt/TinyImageNet/FGSM/ALL
[2026-09-12 06:54:21] [CMD] qsub -q all.q -l ngpus=1 -v MODEL="ConvNeXt",DATASET="TinyImageNet",ATTACK="FGSM",KIND="ALL",PHASE="generate",OUTPUT_DIR="adversarial_results_ep300_pre100",FORCE_RERUN="0" adversarial_hpc_submit.pbs </dev/null
[2026-09-12 06:54:22] [OK] ConvNeXt/Cifar100/DeepFool/ALL
[2026-09-12 06:54:26] [OK] qsub output: Your job 6507560 ("adversarial_hpc_submit.pbs") has been submitted
[2026-09-12 06:54:28] [SUBMIT] ConvNeXt/TinyImageNet/PGD/ALL
[2026-09-12 06:54:28] [CMD] qsub -q all.q -l ngpus=1 -v MODEL="ConvNeXt",DATASET="TinyImageNet",ATTACK="PGD",KIND="ALL",PHASE="generate",OUTPUT_DIR="adversarial_results_ep100_pre300",FORCE_RERUN="0" adversarial_hpc_submit.pbs </dev/null
[2026-09-12 06:54:29] [OK] ConvNeXt/TinyImageNet/APGD/ALL
[2026-09-12 06:54:29] [OK] qsub output: Your job 6507561 ("adversarial_hpc_submit.pbs") has been submitted
[2026-09-12 06:54:29] [OK] ConvNeXt/TinyImageNet/FGSM/ALL
[2026-09-12 06:54:29] [SUBMIT] ConvNeXt/TinyImageNet/CW/ALL
[2026-09-12 06:54:31] [OK] qsub output: Your job 6507562 ("adversarial_hpc_submit.pbs") has been submitted
[2026-09-12 06:54:31] [CMD] qsub -q all.q -l ngpus=1 -v MODEL="ConvNeXt",DATASET="TinyImageNet",ATTACK="CW",KIND="ALL",PHASE="generate",OUTPUT_DIR="adversarial_results_ep200_pre200",FORCE_RERUN="0" adversarial_hpc_submit.pbs </dev/null
[2026-09-12 06:54:31] [SUBMIT] ConvNeXt/TinyImageNet/IFGSM/ALL
[2026-09-12 06:54:31] [CMD] qsub -q all.q -l ngpus=1 -v MODEL="ConvNeXt",DATASET="TinyImageNet",ATTACK="IFGSM",KIND="ALL",PHASE="generate",OUTPUT_DIR="adversarial_results_ep300_pre100",FORCE_RERUN="0" adversarial_hpc_submit.pbs </dev/null
[2026-09-12 06:54:32] [OK] ConvNeXt/TinyImageNet/PGD/ALL
[2026-09-12 06:54:32] [OK] qsub output: Your job 6507563 ("adversarial_hpc_submit.pbs") has been submitted
[2026-09-12 06:54:32] [SUBMIT] ConvNeXt/TinyImageNet/FGSM/ALL
[2026-09-12 06:54:32] [CMD] qsub -q all.q -l ngpus=1 -v MODEL="ConvNeXt",DATASET="TinyImageNet",ATTACK="FGSM",KIND="ALL",PHASE="generate",OUTPUT_DIR="adversarial_results_ep100_pre300",FORCE_RERUN="0" adversarial_hpc_submit.pbs </dev/null
[2026-09-12 06:54:37] [OK] ConvNeXt/TinyImageNet/IFGSM/ALL
[2026-09-12 06:54:37] [OK] qsub output: Your job 6507565 ("adversarial_hpc_submit.pbs") has been submitted
[2026-09-12 06:54:37] [SUBMIT] ConvNeXt/TinyImageNet/BIM/ALL
[2026-09-12 06:54:37] [CMD] qsub -q all.q -l ngpus=1 -v MODEL="ConvNeXt",DATASET="TinyImageNet",ATTACK="BIM",KIND="ALL",PHASE="generate",OUTPUT_DIR="adversarial_results_ep300_pre100",FORCE_RERUN="0" adversarial_hpc_submit.pbs </dev/null
[2026-09-12 06:54:39] [OK] ConvNeXt/TinyImageNet/FGSM/ALL
[2026-09-12 06:54:39] [OK] qsub output: Your job 6507566 ("adversarial_hpc_submit.pbs") has been submitted
[2026-09-12 06:54:39] [SUBMIT] ConvNeXt/TinyImageNet/IFGSM/ALL
[2026-09-12 06:54:39] [CMD] qsub -q all.q -l ngpus=1 -v MODEL="ConvNeXt",DATASET="TinyImageNet",ATTACK="IFGSM",KIND="ALL",PHASE="generate",OUTPUT_DIR="adversarial_results_ep100_pre300",FORCE_RERUN="0" adversarial_hpc_submit.pbs </dev/null
[2026-09-12 06:54:41] [OK] ConvNeXt/TinyImageNet/CW/ALL
[2026-09-12 06:54:41] [OK] ConvNeXt/TinyImageNet/BIM/ALL
[2026-09-12 06:54:41] [OK] qsub output: Your job 6507564 ("adversarial_hpc_submit.pbs") has been submitted
[2026-09-12 06:54:41] [OK] qsub output: Your job 6507567 ("adversarial_hpc_submit.pbs") has been submitted
[2026-09-12 06:54:42] [SUBMIT] ConvNeXt/TinyImageNet/DeepFool/ALL
[2026-09-12 06:54:42] [CMD] qsub -q all.q -l ngpus=1 -v MODEL="ConvNeXt",DATASET="TinyImageNet",ATTACK="DeepFool",KIND="ALL",PHASE="generate",OUTPUT_DIR="adversarial_results_ep200_pre200",FORCE_RERUN="0" adversarial_hpc_submit.pbs </dev/null
[2026-09-12 06:54:42] [SUBMIT] ConvNeXt/TinyImageNet/APGD/ALL
[2026-09-12 06:54:42] [CMD] qsub -q all.q -l ngpus=1 -v MODEL="ConvNeXt",DATASET="TinyImageNet",ATTACK="APGD",KIND="ALL",PHASE="generate",OUTPUT_DIR="adversarial_results_ep300_pre100",FORCE_RERUN="0" adversarial_hpc_submit.pbs </dev/null
[2026-09-12 06:54:49] [OK] ConvNeXt/TinyImageNet/DeepFool/ALL
[2026-09-12 06:54:50] [OK] ConvNeXt/TinyImageNet/IFGSM/ALL
[2026-09-12 06:54:51] [OK] qsub output: Your job 6507569 ("adversarial_hpc_submit.pbs") has been submitted
[2026-09-12 06:54:51] [OK] qsub output: Your job 6507568 ("adversarial_hpc_submit.pbs") has been submitted
[2026-09-12 06:54:51] [SUBMIT] ConvNeXt/TinyImageNet/BIM/ALL
[2026-09-12 06:54:51] [INFO] Saved 126 generate job IDs to: adversarial_results_ep200_pre200/generate_job_ids.txt
[2026-09-12 06:54:51] [CMD] qsub -q all.q -l ngpus=1 -v MODEL="ConvNeXt",DATASET="TinyImageNet",ATTACK="BIM",KIND="ALL",PHASE="generate",OUTPUT_DIR="adversarial_results_ep100_pre300",FORCE_RERUN="0" adversarial_hpc_submit.pbs </dev/null
[2026-09-12 06:54:51] [SUCCESS] Submitted 126 jobs
[2026-09-12 06:54:51] Monitor progress with: qstat
[2026-09-12 06:54:51] ============================================================================
[2026-09-12 06:54:51] Job submission complete. Check logs/ for details.
[2026-09-12 06:54:51] Run log saved to: /Users/jgafur/LTH/manuscript/Tranfer/logs/adversarial_orchestrate_generate_20260912_063616.log
[2026-09-12 06:54:51] ============================================================================
[2026-09-12 06:54:51] [OK] ConvNeXt/TinyImageNet/APGD/ALL
[2026-09-12 06:54:51] [OK] qsub output: Your job 6507570 ("adversarial_hpc_submit.pbs") has been submitted
[2026-09-12 06:54:51] [SUBMIT] ConvNeXt/TinyImageNet/CW/ALL
[2026-09-12 06:54:51] [CMD] qsub -q all.q -l ngpus=1 -v MODEL="ConvNeXt",DATASET="TinyImageNet",ATTACK="CW",KIND="ALL",PHASE="generate",OUTPUT_DIR="adversarial_results_ep300_pre100",FORCE_RERUN="0" adversarial_hpc_submit.pbs </dev/null
[2026-09-12 06:54:57] [OK] ConvNeXt/TinyImageNet/BIM/ALL
[2026-09-12 06:54:58] [OK] qsub output: Your job 6507571 ("adversarial_hpc_submit.pbs") has been submitted
[2026-09-12 06:54:58] [SUBMIT] ConvNeXt/TinyImageNet/APGD/ALL
[2026-09-12 06:54:58] [CMD] qsub -q all.q -l ngpus=1 -v MODEL="ConvNeXt",DATASET="TinyImageNet",ATTACK="APGD",KIND="ALL",PHASE="generate",OUTPUT_DIR="adversarial_results_ep100_pre300",FORCE_RERUN="0" adversarial_hpc_submit.pbs </dev/null
[2026-09-12 06:55:06] [OK] ConvNeXt/TinyImageNet/CW/ALL
[2026-09-12 06:55:06] [OK] qsub output: Your job 6507573 ("adversarial_hpc_submit.pbs") has been submitted
[2026-09-12 06:55:06] [SUBMIT] ConvNeXt/TinyImageNet/DeepFool/ALL
[2026-09-12 06:55:06] [CMD] qsub -q all.q -l ngpus=1 -v MODEL="ConvNeXt",DATASET="TinyImageNet",ATTACK="DeepFool",KIND="ALL",PHASE="generate",OUTPUT_DIR="adversarial_results_ep300_pre100",FORCE_RERUN="0" adversarial_hpc_submit.pbs </dev/null
[2026-09-12 06:55:10] [OK] ConvNeXt/TinyImageNet/APGD/ALL
[2026-09-12 06:55:10] [OK] qsub output: Your job 6507574 ("adversarial_hpc_submit.pbs") has been submitted
[2026-09-12 06:55:10] [SUBMIT] ConvNeXt/TinyImageNet/CW/ALL
[2026-09-12 06:55:10] [CMD] qsub -q all.q -l ngpus=1 -v MODEL="ConvNeXt",DATASET="TinyImageNet",ATTACK="CW",KIND="ALL",PHASE="generate",OUTPUT_DIR="adversarial_results_ep100_pre300",FORCE_RERUN="0" adversarial_hpc_submit.pbs </dev/null
[2026-09-12 06:55:11] [OK] ConvNeXt/TinyImageNet/DeepFool/ALL
[2026-09-12 06:55:11] [OK] qsub output: Your job 6507576 ("adversarial_hpc_submit.pbs") has been submitted
[2026-09-12 06:55:11] [INFO] Saved 126 generate job IDs to: adversarial_results_ep300_pre100/generate_job_ids.txt
[2026-09-12 06:55:11] [SUCCESS] Submitted 126 jobs
[2026-09-12 06:55:11] Monitor progress with: qstat
[2026-09-12 06:55:11] ============================================================================
[2026-09-12 06:55:11] Job submission complete. Check logs/ for details.
[2026-09-12 06:55:11] Run log saved to: /Users/jgafur/LTH/manuscript/Tranfer/logs/adversarial_orchestrate_generate_20260912_063616.log
[2026-09-12 06:55:11] ============================================================================
[2026-09-12 06:55:26] [OK] ConvNeXt/TinyImageNet/CW/ALL
[2026-09-12 06:55:26] [OK] qsub output: Your job 6507579 ("adversarial_hpc_submit.pbs") has been submitted
[2026-09-12 06:55:27] [SUBMIT] ConvNeXt/TinyImageNet/DeepFool/ALL
[2026-09-12 06:55:27] [CMD] qsub -q all.q -l ngpus=1 -v MODEL="ConvNeXt",DATASET="TinyImageNet",ATTACK="DeepFool",KIND="ALL",PHASE="generate",OUTPUT_DIR="adversarial_results_ep100_pre300",FORCE_RERUN="0" adversarial_hpc_submit.pbs </dev/null
[2026-09-12 06:55:36] [OK] ConvNeXt/TinyImageNet/DeepFool/ALL
[2026-09-12 06:55:46] [OK] qsub output: Your job 6507583 ("adversarial_hpc_submit.pbs") has been submitted
[2026-09-12 06:55:49] [INFO] Saved 126 generate job IDs to: adversarial_results_ep100_pre300/generate_job_ids.txt
[2026-09-12 06:55:49] [SUCCESS] Submitted 126 jobs
[2026-09-12 06:55:49] Monitor progress with: qstat
[2026-09-12 06:55:49] ============================================================================
[2026-09-12 06:55:49] Job submission complete. Check logs/ for details.
[2026-09-12 06:55:49] Run log saved to: /Users/jgafur/LTH/manuscript/Tranfer/logs/adversarial_orchestrate_generate_20260912_063616.log
[2026-09-12 06:55:49] ============================================================================
