[2026-09-11 08:01:08] Starting orchestration script
[2026-09-11 08:01:08] Starting orchestration script
[2026-09-11 08:01:08] Starting orchestration script
[2026-09-11 08:01:08] Script path: /Users/jgafur/LTH/manuscript/Tranfer
[2026-09-11 08:01:08] Script path: /Users/jgafur/LTH/manuscript/Tranfer
[2026-09-11 08:01:08] Script path: /Users/jgafur/LTH/manuscript/Tranfer
[2026-09-11 08:01:08] Current working directory: /Users/jgafur/LTH/manuscript/Tranfer
[2026-09-11 08:01:08] Current working directory: /Users/jgafur/LTH/manuscript/Tranfer
[2026-09-11 08:01:08] Current working directory: /Users/jgafur/LTH/manuscript/Tranfer
[2026-09-11 08:01:08] Phase: generate
[2026-09-11 08:01:08] Phase: generate
[2026-09-11 08:01:08] Phase: generate
[2026-09-11 08:01:08] Output directory: adversarial_results_ep300_pre100
[2026-09-11 08:01:08] Output directory: adversarial_results_ep200_pre200
[2026-09-11 08:01:08] Output directory: adversarial_results_ep100_pre300
[2026-09-11 08:01:08] Model filter: ALL
[2026-09-11 08:01:08] Model filter: ALL
[2026-09-11 08:01:08] Model filter: ALL
[2026-09-11 08:01:08] Dataset filter: ALL
[2026-09-11 08:01:08] Dataset filter: ALL
[2026-09-11 08:01:08] Dataset filter: ALL
[2026-09-11 08:01:08] Attack filter: ALL
[2026-09-11 08:01:08] Attack filter: ALL
[2026-09-11 08:01:08] Attack filter: ALL
[2026-09-11 08:01:08] Kind filter: ALL
[2026-09-11 08:01:08] Kind filter: ALL
[2026-09-11 08:01:08] Run log: /Users/jgafur/LTH/manuscript/Tranfer/logs/adversarial_orchestrate_generate_20260911_080108.log
[2026-09-11 08:01:08] Kind filter: ALL
[2026-09-11 08:01:08] Run log: /Users/jgafur/LTH/manuscript/Tranfer/logs/adversarial_orchestrate_generate_20260911_080108.log
[2026-09-11 08:01:08] Run log: /Users/jgafur/LTH/manuscript/Tranfer/logs/adversarial_orchestrate_generate_20260911_080108.log
[2026-09-11 08:01:08] qsub command found: /opt/sge/bin/lx-amd64/qsub
[2026-09-11 08:01:08] qsub command found: /opt/sge/bin/lx-amd64/qsub
[2026-09-11 08:01:08] qsub command found: /opt/sge/bin/lx-amd64/qsub
[2026-09-11 08:01:08] Found submission file: /Users/jgafur/LTH/manuscript/Tranfer/adversarial_hpc_submit.pbs
[2026-09-11 08:01:08] Found submission file: /Users/jgafur/LTH/manuscript/Tranfer/adversarial_hpc_submit.pbs
[2026-09-11 08:01:08] Found submission file: /Users/jgafur/LTH/manuscript/Tranfer/adversarial_hpc_submit.pbs
[2026-09-11 08:01:08] ============================================================================
[2026-09-11 08:01:08] ============================================================================
[2026-09-11 08:01:08] ============================================================================
[2026-09-11 08:01:08] Adversarial Analysis HPC Orchestration
[2026-09-11 08:01:08] Adversarial Analysis HPC Orchestration
[2026-09-11 08:01:08] Adversarial Analysis HPC Orchestration
[2026-09-11 08:01:08] ============================================================================
[2026-09-11 08:01:08] ============================================================================
[2026-09-11 08:01:08] ============================================================================
[2026-09-11 08:01:08] Phase:       generate
[2026-09-11 08:01:08] Phase:       generate
[2026-09-11 08:01:08] Phase:       generate
[2026-09-11 08:01:08] Output Dir:  adversarial_results_ep200_pre200
[2026-09-11 08:01:08] Output Dir:  adversarial_results_ep300_pre100
[2026-09-11 08:01:08] Output Dir:  adversarial_results_ep100_pre300
[2026-09-11 08:01:08] Models:      6 architectures
[2026-09-11 08:01:08] Models:      6 architectures
[2026-09-11 08:01:08] Datasets:    3 datasets
[2026-09-11 08:01:08] Datasets:    3 datasets
[2026-09-11 08:01:08] Models:      6 architectures
[2026-09-11 08:01:08] Attacks:     7 attack types
[2026-09-11 08:01:08] Attacks:     7 attack types
[2026-09-11 08:01:08] Datasets:    3 datasets
[2026-09-11 08:01:08] Total Jobs:  ~126
[2026-09-11 08:01:08] Total Jobs:  ~126
[2026-09-11 08:01:08] Attacks:     7 attack types
[2026-09-11 08:01:08] ============================================================================
[2026-09-11 08:01:08] Total Jobs:  ~126
[2026-09-11 08:01:08] ============================================================================
[2026-09-11 08:01:08] Run outputs will be written as txt files in manuscript/Tranfer/
[2026-09-11 08:01:08] ============================================================================
[2026-09-11 08:01:08]   - generate:      <MODEL>_<DATASET>_<ATTACK>_<KIND>_generate_run.txt
[2026-09-11 08:01:08] Run outputs will be written as txt files in manuscript/Tranfer/
[2026-09-11 08:01:08]   - analyze:       adversarial_analyze_run.txt
[2026-09-11 08:01:08] Run outputs will be written as txt files in manuscript/Tranfer/
[2026-09-11 08:01:08]   - generate:      <MODEL>_<DATASET>_<ATTACK>_<KIND>_generate_run.txt
[2026-09-11 08:01:08]   - plot:          adversarial_plot_run.txt
[2026-09-11 08:01:08]   - analyze:       adversarial_analyze_run.txt
[2026-09-11 08:01:08]   - generate:      <MODEL>_<DATASET>_<ATTACK>_<KIND>_generate_run.txt
[2026-09-11 08:01:08]   - gradient_sim:  adversarial_gradient_sim_run.txt
[2026-09-11 08:01:08]   - plot:          adversarial_plot_run.txt
[2026-09-11 08:01:08]   - analyze:       adversarial_analyze_run.txt
[2026-09-11 08:01:08]   - epsilon_sweep: adversarial_epsilon_sweep_run.txt
[2026-09-11 08:01:08]   - gradient_sim:  adversarial_gradient_sim_run.txt
[2026-09-11 08:01:08]   - plot:          adversarial_plot_run.txt
[2026-09-11 08:01:08]   - statistics:    adversarial_statistics_run.txt
[2026-09-11 08:01:08]   - gradient_sim:  adversarial_gradient_sim_run.txt
[2026-09-11 08:01:08]   - epsilon_sweep: adversarial_epsilon_sweep_run.txt
[2026-09-11 08:01:08]   - epsilon_sweep: adversarial_epsilon_sweep_run.txt
[2026-09-11 08:01:08]   - cka:           adversarial_cka_run.txt
[2026-09-11 08:01:08]   - statistics:    adversarial_statistics_run.txt
[2026-09-11 08:01:08]   - compare:       adversarial_compare_run.txt
[2026-09-11 08:01:08]   - statistics:    adversarial_statistics_run.txt
[2026-09-11 08:01:08]   - cka:           adversarial_cka_run.txt
[2026-09-11 08:01:08]   - compute_tradeoff: adversarial_compute_tradeoff_run.txt
[2026-09-11 08:01:08]   - compare:       adversarial_compare_run.txt
[2026-09-11 08:01:09]   - cka:           adversarial_cka_run.txt
[2026-09-11 08:01:09]   - correlations:  adversarial_correlations_run.txt
[2026-09-11 08:01:09]   - compute_tradeoff: adversarial_compute_tradeoff_run.txt
[2026-09-11 08:01:09]   - compare:       adversarial_compare_run.txt
[2026-09-11 08:01:09] [PHASE: GENERATE] Submitting attack generation jobs...
[2026-09-11 08:01:09]   - correlations:  adversarial_correlations_run.txt
[2026-09-11 08:01:09]   - compute_tradeoff: adversarial_compute_tradeoff_run.txt
[2026-09-11 08:01:09] [SUBMIT] VGG16/Cifar10/PGD/ALL
[2026-09-11 08:01:09] [PHASE: GENERATE] Submitting attack generation jobs...
[2026-09-11 08:01:09] [CMD] qsub -q all.q -l ngpus=1 -v MODEL="VGG16",DATASET="Cifar10",ATTACK="PGD",KIND="ALL",PHASE="generate",OUTPUT_DIR="adversarial_results_ep200_pre200" adversarial_hpc_submit.pbs </dev/null
[2026-09-11 08:01:09]   - correlations:  adversarial_correlations_run.txt
[2026-09-11 08:01:09] [SUBMIT] VGG16/Cifar10/PGD/ALL
[2026-09-11 08:01:09] [CMD] qsub -q all.q -l ngpus=1 -v MODEL="VGG16",DATASET="Cifar10",ATTACK="PGD",KIND="ALL",PHASE="generate",OUTPUT_DIR="adversarial_results_ep300_pre100" adversarial_hpc_submit.pbs </dev/null
[2026-09-11 08:01:09] [PHASE: GENERATE] Submitting attack generation jobs...
[2026-09-11 08:01:09] [SUBMIT] VGG16/Cifar10/PGD/ALL
[2026-09-11 08:01:09] [CMD] qsub -q all.q -l ngpus=1 -v MODEL="VGG16",DATASET="Cifar10",ATTACK="PGD",KIND="ALL",PHASE="generate",OUTPUT_DIR="adversarial_results_ep100_pre300" adversarial_hpc_submit.pbs </dev/null
[2026-09-11 08:01:16] [OK] VGG16/Cifar10/PGD/ALL
[2026-09-11 08:01:16] [OK] qsub output: Your job 6503168 ("adversarial_hpc_submit.pbs") has been submitted
[2026-09-11 08:01:16] [SUBMIT] VGG16/Cifar10/FGSM/ALL
[2026-09-11 08:01:16] [CMD] qsub -q all.q -l ngpus=1 -v MODEL="VGG16",DATASET="Cifar10",ATTACK="FGSM",KIND="ALL",PHASE="generate",OUTPUT_DIR="adversarial_results_ep300_pre100" adversarial_hpc_submit.pbs </dev/null
[2026-09-11 08:01:17] [OK] VGG16/Cifar10/PGD/ALL
[2026-09-11 08:01:17] [OK] qsub output: Your job 6503169 ("adversarial_hpc_submit.pbs") has been submitted
[2026-09-11 08:01:17] [SUBMIT] VGG16/Cifar10/FGSM/ALL
[2026-09-11 08:01:17] [CMD] qsub -q all.q -l ngpus=1 -v MODEL="VGG16",DATASET="Cifar10",ATTACK="FGSM",KIND="ALL",PHASE="generate",OUTPUT_DIR="adversarial_results_ep200_pre200" adversarial_hpc_submit.pbs </dev/null
[2026-09-11 08:01:21] [OK] VGG16/Cifar10/PGD/ALL
[2026-09-11 08:01:21] [OK] qsub output: Your job 6503170 ("adversarial_hpc_submit.pbs") has been submitted
[2026-09-11 08:01:22] [SUBMIT] VGG16/Cifar10/FGSM/ALL
[2026-09-11 08:01:22] [CMD] qsub -q all.q -l ngpus=1 -v MODEL="VGG16",DATASET="Cifar10",ATTACK="FGSM",KIND="ALL",PHASE="generate",OUTPUT_DIR="adversarial_results_ep100_pre300" adversarial_hpc_submit.pbs </dev/null
[2026-09-11 08:01:23] [OK] VGG16/Cifar10/FGSM/ALL
[2026-09-11 08:01:23] [OK] qsub output: Your job 6503172 ("adversarial_hpc_submit.pbs") has been submitted
[2026-09-11 08:01:23] [SUBMIT] VGG16/Cifar10/IFGSM/ALL
[2026-09-11 08:01:23] [CMD] qsub -q all.q -l ngpus=1 -v MODEL="VGG16",DATASET="Cifar10",ATTACK="IFGSM",KIND="ALL",PHASE="generate",OUTPUT_DIR="adversarial_results_ep200_pre200" adversarial_hpc_submit.pbs </dev/null
[2026-09-11 08:01:25] [OK] VGG16/Cifar10/FGSM/ALL
[2026-09-11 08:01:25] [OK] qsub output: Your job 6503171 ("adversarial_hpc_submit.pbs") has been submitted
[2026-09-11 08:01:25] [SUBMIT] VGG16/Cifar10/IFGSM/ALL
[2026-09-11 08:01:25] [CMD] qsub -q all.q -l ngpus=1 -v MODEL="VGG16",DATASET="Cifar10",ATTACK="IFGSM",KIND="ALL",PHASE="generate",OUTPUT_DIR="adversarial_results_ep300_pre100" adversarial_hpc_submit.pbs </dev/null
[2026-09-11 08:01:29] [OK] VGG16/Cifar10/FGSM/ALL
[2026-09-11 08:01:29] [OK] qsub output: Your job 6503173 ("adversarial_hpc_submit.pbs") has been submitted
[2026-09-11 08:01:29] [SUBMIT] VGG16/Cifar10/IFGSM/ALL
[2026-09-11 08:01:29] [CMD] qsub -q all.q -l ngpus=1 -v MODEL="VGG16",DATASET="Cifar10",ATTACK="IFGSM",KIND="ALL",PHASE="generate",OUTPUT_DIR="adversarial_results_ep100_pre300" adversarial_hpc_submit.pbs </dev/null
[2026-09-11 08:01:30] [OK] VGG16/Cifar10/IFGSM/ALL
[2026-09-11 08:01:30] [OK] qsub output: Your job 6503174 ("adversarial_hpc_submit.pbs") has been submitted
[2026-09-11 08:01:30] [SUBMIT] VGG16/Cifar10/BIM/ALL
[2026-09-11 08:01:30] [CMD] qsub -q all.q -l ngpus=1 -v MODEL="VGG16",DATASET="Cifar10",ATTACK="BIM",KIND="ALL",PHASE="generate",OUTPUT_DIR="adversarial_results_ep200_pre200" adversarial_hpc_submit.pbs </dev/null
[2026-09-11 08:01:32] [OK] VGG16/Cifar10/IFGSM/ALL
[2026-09-11 08:01:32] [OK] qsub output: Your job 6503175 ("adversarial_hpc_submit.pbs") has been submitted
[2026-09-11 08:01:32] [SUBMIT] VGG16/Cifar10/BIM/ALL
[2026-09-11 08:01:32] [CMD] qsub -q all.q -l ngpus=1 -v MODEL="VGG16",DATASET="Cifar10",ATTACK="BIM",KIND="ALL",PHASE="generate",OUTPUT_DIR="adversarial_results_ep300_pre100" adversarial_hpc_submit.pbs </dev/null
[2026-09-11 08:01:35] [OK] VGG16/Cifar10/IFGSM/ALL
[2026-09-11 08:01:35] [OK] qsub output: Your job 6503176 ("adversarial_hpc_submit.pbs") has been submitted
[2026-09-11 08:01:35] [SUBMIT] VGG16/Cifar10/BIM/ALL
[2026-09-11 08:01:35] [CMD] qsub -q all.q -l ngpus=1 -v MODEL="VGG16",DATASET="Cifar10",ATTACK="BIM",KIND="ALL",PHASE="generate",OUTPUT_DIR="adversarial_results_ep100_pre300" adversarial_hpc_submit.pbs </dev/null
[2026-09-11 08:01:36] [OK] VGG16/Cifar10/BIM/ALL
[2026-09-11 08:01:36] [OK] qsub output: Your job 6503177 ("adversarial_hpc_submit.pbs") has been submitted
[2026-09-11 08:01:36] [SUBMIT] VGG16/Cifar10/APGD/ALL
[2026-09-11 08:01:36] [CMD] qsub -q all.q -l ngpus=1 -v MODEL="VGG16",DATASET="Cifar10",ATTACK="APGD",KIND="ALL",PHASE="generate",OUTPUT_DIR="adversarial_results_ep200_pre200" adversarial_hpc_submit.pbs </dev/null
[2026-09-11 08:01:37] [OK] VGG16/Cifar10/BIM/ALL
[2026-09-11 08:01:37] [OK] qsub output: Your job 6503178 ("adversarial_hpc_submit.pbs") has been submitted
[2026-09-11 08:01:37] [SUBMIT] VGG16/Cifar10/APGD/ALL
[2026-09-11 08:01:37] [CMD] qsub -q all.q -l ngpus=1 -v MODEL="VGG16",DATASET="Cifar10",ATTACK="APGD",KIND="ALL",PHASE="generate",OUTPUT_DIR="adversarial_results_ep300_pre100" adversarial_hpc_submit.pbs </dev/null
[2026-09-11 08:01:40] [OK] VGG16/Cifar10/BIM/ALL
[2026-09-11 08:01:40] [OK] qsub output: Your job 6503179 ("adversarial_hpc_submit.pbs") has been submitted
[2026-09-11 08:01:40] [SUBMIT] VGG16/Cifar10/APGD/ALL
[2026-09-11 08:01:40] [CMD] qsub -q all.q -l ngpus=1 -v MODEL="VGG16",DATASET="Cifar10",ATTACK="APGD",KIND="ALL",PHASE="generate",OUTPUT_DIR="adversarial_results_ep100_pre300" adversarial_hpc_submit.pbs </dev/null
[2026-09-11 08:01:41] [OK] VGG16/Cifar10/APGD/ALL
[2026-09-11 08:01:41] [OK] qsub output: Your job 6503181 ("adversarial_hpc_submit.pbs") has been submitted
[2026-09-11 08:01:41] [SUBMIT] VGG16/Cifar10/CW/ALL
[2026-09-11 08:01:41] [CMD] qsub -q all.q -l ngpus=1 -v MODEL="VGG16",DATASET="Cifar10",ATTACK="CW",KIND="ALL",PHASE="generate",OUTPUT_DIR="adversarial_results_ep300_pre100" adversarial_hpc_submit.pbs </dev/null
[2026-09-11 08:01:43] [OK] VGG16/Cifar10/APGD/ALL
[2026-09-11 08:01:43] [OK] qsub output: Your job 6503180 ("adversarial_hpc_submit.pbs") has been submitted
[2026-09-11 08:01:43] [SUBMIT] VGG16/Cifar10/CW/ALL
[2026-09-11 08:01:43] [CMD] qsub -q all.q -l ngpus=1 -v MODEL="VGG16",DATASET="Cifar10",ATTACK="CW",KIND="ALL",PHASE="generate",OUTPUT_DIR="adversarial_results_ep200_pre200" adversarial_hpc_submit.pbs </dev/null
[2026-09-11 08:01:45] [OK] VGG16/Cifar10/CW/ALL
[2026-09-11 08:01:45] [OK] qsub output: Your job 6503183 ("adversarial_hpc_submit.pbs") has been submitted
[2026-09-11 08:01:45] [SUBMIT] VGG16/Cifar10/DeepFool/ALL
[2026-09-11 08:01:45] [CMD] qsub -q all.q -l ngpus=1 -v MODEL="VGG16",DATASET="Cifar10",ATTACK="DeepFool",KIND="ALL",PHASE="generate",OUTPUT_DIR="adversarial_results_ep300_pre100" adversarial_hpc_submit.pbs </dev/null
[2026-09-11 08:01:48] [OK] VGG16/Cifar10/APGD/ALL
[2026-09-11 08:01:48] [OK] qsub output: Your job 6503182 ("adversarial_hpc_submit.pbs") has been submitted
[2026-09-11 08:01:48] [SUBMIT] VGG16/Cifar10/CW/ALL
[2026-09-11 08:01:48] [CMD] qsub -q all.q -l ngpus=1 -v MODEL="VGG16",DATASET="Cifar10",ATTACK="CW",KIND="ALL",PHASE="generate",OUTPUT_DIR="adversarial_results_ep100_pre300" adversarial_hpc_submit.pbs </dev/null
[2026-09-11 08:01:53] [OK] VGG16/Cifar10/DeepFool/ALL
[2026-09-11 08:01:53] [OK] qsub output: Your job 6503185 ("adversarial_hpc_submit.pbs") has been submitted
[2026-09-11 08:01:54] [SUBMIT] VGG16/Cifar100/PGD/ALL
[2026-09-11 08:01:54] [CMD] qsub -q all.q -l ngpus=1 -v MODEL="VGG16",DATASET="Cifar100",ATTACK="PGD",KIND="ALL",PHASE="generate",OUTPUT_DIR="adversarial_results_ep300_pre100" adversarial_hpc_submit.pbs </dev/null
[2026-09-11 08:01:54] [OK] VGG16/Cifar10/CW/ALL
[2026-09-11 08:01:54] [OK] qsub output: Your job 6503184 ("adversarial_hpc_submit.pbs") has been submitted
[2026-09-11 08:01:54] [SUBMIT] VGG16/Cifar10/DeepFool/ALL
[2026-09-11 08:01:54] [CMD] qsub -q all.q -l ngpus=1 -v MODEL="VGG16",DATASET="Cifar10",ATTACK="DeepFool",KIND="ALL",PHASE="generate",OUTPUT_DIR="adversarial_results_ep200_pre200" adversarial_hpc_submit.pbs </dev/null
[2026-09-11 08:02:00] [OK] VGG16/Cifar10/CW/ALL
[2026-09-11 08:02:00] [OK] qsub output: Your job 6503186 ("adversarial_hpc_submit.pbs") has been submitted
[2026-09-11 08:02:00] [SUBMIT] VGG16/Cifar10/DeepFool/ALL
[2026-09-11 08:02:00] [CMD] qsub -q all.q -l ngpus=1 -v MODEL="VGG16",DATASET="Cifar10",ATTACK="DeepFool",KIND="ALL",PHASE="generate",OUTPUT_DIR="adversarial_results_ep100_pre300" adversarial_hpc_submit.pbs </dev/null
[2026-09-11 08:02:01] [OK] VGG16/Cifar100/PGD/ALL
[2026-09-11 08:02:01] [OK] qsub output: Your job 6503188 ("adversarial_hpc_submit.pbs") has been submitted
[2026-09-11 08:02:01] [SUBMIT] VGG16/Cifar100/FGSM/ALL
[2026-09-11 08:02:01] [CMD] qsub -q all.q -l ngpus=1 -v MODEL="VGG16",DATASET="Cifar100",ATTACK="FGSM",KIND="ALL",PHASE="generate",OUTPUT_DIR="adversarial_results_ep300_pre100" adversarial_hpc_submit.pbs </dev/null
[2026-09-11 08:02:10] [OK] VGG16/Cifar10/DeepFool/ALL
[2026-09-11 08:02:10] [OK] qsub output: Your job 6503189 ("adversarial_hpc_submit.pbs") has been submitted
[2026-09-11 08:02:10] [SUBMIT] VGG16/Cifar100/PGD/ALL
[2026-09-11 08:02:10] [CMD] qsub -q all.q -l ngpus=1 -v MODEL="VGG16",DATASET="Cifar100",ATTACK="PGD",KIND="ALL",PHASE="generate",OUTPUT_DIR="adversarial_results_ep200_pre200" adversarial_hpc_submit.pbs </dev/null
[2026-09-11 08:02:12] [OK] VGG16/Cifar10/DeepFool/ALL
[2026-09-11 08:02:12] [OK] qsub output: Your job 6503191 ("adversarial_hpc_submit.pbs") has been submitted
[2026-09-11 08:02:12] [SUBMIT] VGG16/Cifar100/PGD/ALL
[2026-09-11 08:02:12] [CMD] qsub -q all.q -l ngpus=1 -v MODEL="VGG16",DATASET="Cifar100",ATTACK="PGD",KIND="ALL",PHASE="generate",OUTPUT_DIR="adversarial_results_ep100_pre300" adversarial_hpc_submit.pbs </dev/null
[2026-09-11 08:02:13] [OK] VGG16/Cifar100/FGSM/ALL
[2026-09-11 08:02:13] [OK] qsub output: Your job 6503192 ("adversarial_hpc_submit.pbs") has been submitted
[2026-09-11 08:02:13] [SUBMIT] VGG16/Cifar100/IFGSM/ALL
[2026-09-11 08:02:13] [CMD] qsub -q all.q -l ngpus=1 -v MODEL="VGG16",DATASET="Cifar100",ATTACK="IFGSM",KIND="ALL",PHASE="generate",OUTPUT_DIR="adversarial_results_ep300_pre100" adversarial_hpc_submit.pbs </dev/null
[2026-09-11 08:02:16] [OK] VGG16/Cifar100/PGD/ALL
[2026-09-11 08:02:16] [OK] qsub output: Your job 6503193 ("adversarial_hpc_submit.pbs") has been submitted
[2026-09-11 08:02:17] [SUBMIT] VGG16/Cifar100/FGSM/ALL
[2026-09-11 08:02:17] [CMD] qsub -q all.q -l ngpus=1 -v MODEL="VGG16",DATASET="Cifar100",ATTACK="FGSM",KIND="ALL",PHASE="generate",OUTPUT_DIR="adversarial_results_ep200_pre200" adversarial_hpc_submit.pbs </dev/null
[2026-09-11 08:02:17] [OK] VGG16/Cifar100/PGD/ALL
[2026-09-11 08:02:17] [OK] qsub output: Your job 6503194 ("adversarial_hpc_submit.pbs") has been submitted
[2026-09-11 08:02:17] [SUBMIT] VGG16/Cifar100/FGSM/ALL
[2026-09-11 08:02:17] [CMD] qsub -q all.q -l ngpus=1 -v MODEL="VGG16",DATASET="Cifar100",ATTACK="FGSM",KIND="ALL",PHASE="generate",OUTPUT_DIR="adversarial_results_ep100_pre300" adversarial_hpc_submit.pbs </dev/null
[2026-09-11 08:02:20] [OK] VGG16/Cifar100/IFGSM/ALL
[2026-09-11 08:02:20] [OK] qsub output: Your job 6503195 ("adversarial_hpc_submit.pbs") has been submitted
[2026-09-11 08:02:20] [SUBMIT] VGG16/Cifar100/BIM/ALL
[2026-09-11 08:02:20] [CMD] qsub -q all.q -l ngpus=1 -v MODEL="VGG16",DATASET="Cifar100",ATTACK="BIM",KIND="ALL",PHASE="generate",OUTPUT_DIR="adversarial_results_ep300_pre100" adversarial_hpc_submit.pbs </dev/null
[2026-09-11 08:02:22] [OK] VGG16/Cifar100/FGSM/ALL
[2026-09-11 08:02:22] [OK] qsub output: Your job 6503196 ("adversarial_hpc_submit.pbs") has been submitted
[2026-09-11 08:02:22] [SUBMIT] VGG16/Cifar100/IFGSM/ALL
[2026-09-11 08:02:22] [CMD] qsub -q all.q -l ngpus=1 -v MODEL="VGG16",DATASET="Cifar100",ATTACK="IFGSM",KIND="ALL",PHASE="generate",OUTPUT_DIR="adversarial_results_ep200_pre200" adversarial_hpc_submit.pbs </dev/null
[2026-09-11 08:02:23] [OK] VGG16/Cifar100/FGSM/ALL
[2026-09-11 08:02:23] [OK] qsub output: Your job 6503197 ("adversarial_hpc_submit.pbs") has been submitted
[2026-09-11 08:02:23] [SUBMIT] VGG16/Cifar100/IFGSM/ALL
[2026-09-11 08:02:23] [CMD] qsub -q all.q -l ngpus=1 -v MODEL="VGG16",DATASET="Cifar100",ATTACK="IFGSM",KIND="ALL",PHASE="generate",OUTPUT_DIR="adversarial_results_ep100_pre300" adversarial_hpc_submit.pbs </dev/null
[2026-09-11 08:02:26] [OK] VGG16/Cifar100/BIM/ALL
[2026-09-11 08:02:26] [OK] qsub output: Your job 6503198 ("adversarial_hpc_submit.pbs") has been submitted
[2026-09-11 08:02:27] [SUBMIT] VGG16/Cifar100/APGD/ALL
[2026-09-11 08:02:27] [CMD] qsub -q all.q -l ngpus=1 -v MODEL="VGG16",DATASET="Cifar100",ATTACK="APGD",KIND="ALL",PHASE="generate",OUTPUT_DIR="adversarial_results_ep300_pre100" adversarial_hpc_submit.pbs </dev/null
[2026-09-11 08:02:29] [OK] VGG16/Cifar100/IFGSM/ALL
[2026-09-11 08:02:29] [OK] qsub output: Your job 6503199 ("adversarial_hpc_submit.pbs") has been submitted
[2026-09-11 08:02:29] [SUBMIT] VGG16/Cifar100/BIM/ALL
[2026-09-11 08:02:29] [CMD] qsub -q all.q -l ngpus=1 -v MODEL="VGG16",DATASET="Cifar100",ATTACK="BIM",KIND="ALL",PHASE="generate",OUTPUT_DIR="adversarial_results_ep200_pre200" adversarial_hpc_submit.pbs </dev/null
[2026-09-11 08:02:31] [OK] VGG16/Cifar100/APGD/ALL
[2026-09-11 08:02:31] [OK] qsub output: Your job 6503201 ("adversarial_hpc_submit.pbs") has been submitted
[2026-09-11 08:02:31] [SUBMIT] VGG16/Cifar100/CW/ALL
[2026-09-11 08:02:31] [CMD] qsub -q all.q -l ngpus=1 -v MODEL="VGG16",DATASET="Cifar100",ATTACK="CW",KIND="ALL",PHASE="generate",OUTPUT_DIR="adversarial_results_ep300_pre100" adversarial_hpc_submit.pbs </dev/null
[2026-09-11 08:02:32] [OK] VGG16/Cifar100/IFGSM/ALL
[2026-09-11 08:02:32] [OK] qsub output: Your job 6503200 ("adversarial_hpc_submit.pbs") has been submitted
[2026-09-11 08:02:32] [SUBMIT] VGG16/Cifar100/BIM/ALL
[2026-09-11 08:02:32] [CMD] qsub -q all.q -l ngpus=1 -v MODEL="VGG16",DATASET="Cifar100",ATTACK="BIM",KIND="ALL",PHASE="generate",OUTPUT_DIR="adversarial_results_ep100_pre300" adversarial_hpc_submit.pbs </dev/null
[2026-09-11 08:02:33] [OK] VGG16/Cifar100/CW/ALL
[2026-09-11 08:02:33] [OK] qsub output: Your job 6503203 ("adversarial_hpc_submit.pbs") has been submitted
[2026-09-11 08:02:34] [SUBMIT] VGG16/Cifar100/DeepFool/ALL
[2026-09-11 08:02:34] [CMD] qsub -q all.q -l ngpus=1 -v MODEL="VGG16",DATASET="Cifar100",ATTACK="DeepFool",KIND="ALL",PHASE="generate",OUTPUT_DIR="adversarial_results_ep300_pre100" adversarial_hpc_submit.pbs </dev/null
[2026-09-11 08:02:34] [OK] VGG16/Cifar100/BIM/ALL
[2026-09-11 08:02:34] [OK] qsub output: Your job 6503202 ("adversarial_hpc_submit.pbs") has been submitted
[2026-09-11 08:02:34] [SUBMIT] VGG16/Cifar100/APGD/ALL
[2026-09-11 08:02:34] [CMD] qsub -q all.q -l ngpus=1 -v MODEL="VGG16",DATASET="Cifar100",ATTACK="APGD",KIND="ALL",PHASE="generate",OUTPUT_DIR="adversarial_results_ep200_pre200" adversarial_hpc_submit.pbs </dev/null
[2026-09-11 08:02:42] [OK] VGG16/Cifar100/DeepFool/ALL
[2026-09-11 08:02:42] [OK] qsub output: Your job 6503205 ("adversarial_hpc_submit.pbs") has been submitted
[2026-09-11 08:02:42] [SUBMIT] VGG16/TinyImageNet/PGD/ALL
[2026-09-11 08:02:42] [CMD] qsub -q all.q -l ngpus=1 -v MODEL="VGG16",DATASET="TinyImageNet",ATTACK="PGD",KIND="ALL",PHASE="generate",OUTPUT_DIR="adversarial_results_ep300_pre100" adversarial_hpc_submit.pbs </dev/null
[2026-09-11 08:02:43] [OK] VGG16/Cifar100/BIM/ALL
[2026-09-11 08:02:43] [OK] qsub output: Your job 6503204 ("adversarial_hpc_submit.pbs") has been submitted
[2026-09-11 08:02:43] [SUBMIT] VGG16/Cifar100/APGD/ALL
[2026-09-11 08:02:43] [CMD] qsub -q all.q -l ngpus=1 -v MODEL="VGG16",DATASET="Cifar100",ATTACK="APGD",KIND="ALL",PHASE="generate",OUTPUT_DIR="adversarial_results_ep100_pre300" adversarial_hpc_submit.pbs </dev/null
[2026-09-11 08:02:49] [OK] VGG16/Cifar100/APGD/ALL
[2026-09-11 08:02:49] [OK] qsub output: Your job 6503207 ("adversarial_hpc_submit.pbs") has been submitted
[2026-09-11 08:02:49] [SUBMIT] VGG16/Cifar100/CW/ALL
[2026-09-11 08:02:49] [CMD] qsub -q all.q -l ngpus=1 -v MODEL="VGG16",DATASET="Cifar100",ATTACK="CW",KIND="ALL",PHASE="generate",OUTPUT_DIR="adversarial_results_ep200_pre200" adversarial_hpc_submit.pbs </dev/null
[2026-09-11 08:02:55] [OK] VGG16/Cifar100/APGD/ALL
[2026-09-11 08:02:55] [OK] qsub output: Your job 6503209 ("adversarial_hpc_submit.pbs") has been submitted
[2026-09-11 08:02:55] [SUBMIT] VGG16/Cifar100/CW/ALL
[2026-09-11 08:02:55] [CMD] qsub -q all.q -l ngpus=1 -v MODEL="VGG16",DATASET="Cifar100",ATTACK="CW",KIND="ALL",PHASE="generate",OUTPUT_DIR="adversarial_results_ep100_pre300" adversarial_hpc_submit.pbs </dev/null
[2026-09-11 08:02:57] [OK] VGG16/TinyImageNet/PGD/ALL
[2026-09-11 08:02:57] [OK] qsub output: Your job 6503208 ("adversarial_hpc_submit.pbs") has been submitted
[2026-09-11 08:02:57] [SUBMIT] VGG16/TinyImageNet/FGSM/ALL
[2026-09-11 08:02:57] [CMD] qsub -q all.q -l ngpus=1 -v MODEL="VGG16",DATASET="TinyImageNet",ATTACK="FGSM",KIND="ALL",PHASE="generate",OUTPUT_DIR="adversarial_results_ep300_pre100" adversarial_hpc_submit.pbs </dev/null
[2026-09-11 08:02:59] [OK] VGG16/Cifar100/CW/ALL
[2026-09-11 08:02:59] [OK] qsub output: Your job 6503211 ("adversarial_hpc_submit.pbs") has been submitted
[2026-09-11 08:02:59] [SUBMIT] VGG16/Cifar100/DeepFool/ALL
[2026-09-11 08:02:59] [CMD] qsub -q all.q -l ngpus=1 -v MODEL="VGG16",DATASET="Cifar100",ATTACK="DeepFool",KIND="ALL",PHASE="generate",OUTPUT_DIR="adversarial_results_ep100_pre300" adversarial_hpc_submit.pbs </dev/null
[2026-09-11 08:03:03] [OK] VGG16/TinyImageNet/FGSM/ALL
[2026-09-11 08:03:03] [OK] qsub output: Your job 6503212 ("adversarial_hpc_submit.pbs") has been submitted
[2026-09-11 08:03:03] [SUBMIT] VGG16/TinyImageNet/IFGSM/ALL
[2026-09-11 08:03:03] [CMD] qsub -q all.q -l ngpus=1 -v MODEL="VGG16",DATASET="TinyImageNet",ATTACK="IFGSM",KIND="ALL",PHASE="generate",OUTPUT_DIR="adversarial_results_ep300_pre100" adversarial_hpc_submit.pbs </dev/null
[2026-09-11 08:03:04] [OK] VGG16/Cifar100/CW/ALL
[2026-09-11 08:03:04] [OK] qsub output: Your job 6503210 ("adversarial_hpc_submit.pbs") has been submitted
[2026-09-11 08:03:04] [SUBMIT] VGG16/Cifar100/DeepFool/ALL
[2026-09-11 08:03:04] [CMD] qsub -q all.q -l ngpus=1 -v MODEL="VGG16",DATASET="Cifar100",ATTACK="DeepFool",KIND="ALL",PHASE="generate",OUTPUT_DIR="adversarial_results_ep200_pre200" adversarial_hpc_submit.pbs </dev/null
[2026-09-11 08:03:04] [OK] VGG16/Cifar100/DeepFool/ALL
[2026-09-11 08:03:04] [OK] qsub output: Your job 6503213 ("adversarial_hpc_submit.pbs") has been submitted
[2026-09-11 08:03:04] [SUBMIT] VGG16/TinyImageNet/PGD/ALL
[2026-09-11 08:03:04] [CMD] qsub -q all.q -l ngpus=1 -v MODEL="VGG16",DATASET="TinyImageNet",ATTACK="PGD",KIND="ALL",PHASE="generate",OUTPUT_DIR="adversarial_results_ep100_pre300" adversarial_hpc_submit.pbs </dev/null
[2026-09-11 08:03:06] [OK] VGG16/Cifar100/DeepFool/ALL
[2026-09-11 08:03:06] [OK] qsub output: Your job 6503215 ("adversarial_hpc_submit.pbs") has been submitted
[2026-09-11 08:03:06] [SUBMIT] VGG16/TinyImageNet/PGD/ALL
[2026-09-11 08:03:06] [CMD] qsub -q all.q -l ngpus=1 -v MODEL="VGG16",DATASET="TinyImageNet",ATTACK="PGD",KIND="ALL",PHASE="generate",OUTPUT_DIR="adversarial_results_ep200_pre200" adversarial_hpc_submit.pbs </dev/null
[2026-09-11 08:03:13] [OK] VGG16/TinyImageNet/PGD/ALL
[2026-09-11 08:03:13] [OK] qsub output: Your job 6503216 ("adversarial_hpc_submit.pbs") has been submitted
[2026-09-11 08:03:13] [SUBMIT] VGG16/TinyImageNet/FGSM/ALL
[2026-09-11 08:03:13] [CMD] qsub -q all.q -l ngpus=1 -v MODEL="VGG16",DATASET="TinyImageNet",ATTACK="FGSM",KIND="ALL",PHASE="generate",OUTPUT_DIR="adversarial_results_ep100_pre300" adversarial_hpc_submit.pbs </dev/null
[2026-09-11 08:03:13] [OK] VGG16/TinyImageNet/IFGSM/ALL
[2026-09-11 08:03:13] [OK] qsub output: Your job 6503214 ("adversarial_hpc_submit.pbs") has been submitted
[2026-09-11 08:03:13] [SUBMIT] VGG16/TinyImageNet/BIM/ALL
[2026-09-11 08:03:13] [CMD] qsub -q all.q -l ngpus=1 -v MODEL="VGG16",DATASET="TinyImageNet",ATTACK="BIM",KIND="ALL",PHASE="generate",OUTPUT_DIR="adversarial_results_ep300_pre100" adversarial_hpc_submit.pbs </dev/null
[2026-09-11 08:03:14] [OK] VGG16/TinyImageNet/PGD/ALL
[2026-09-11 08:03:14] [OK] qsub output: Your job 6503217 ("adversarial_hpc_submit.pbs") has been submitted
[2026-09-11 08:03:14] [SUBMIT] VGG16/TinyImageNet/FGSM/ALL
[2026-09-11 08:03:14] [CMD] qsub -q all.q -l ngpus=1 -v MODEL="VGG16",DATASET="TinyImageNet",ATTACK="FGSM",KIND="ALL",PHASE="generate",OUTPUT_DIR="adversarial_results_ep200_pre200" adversarial_hpc_submit.pbs </dev/null
[2026-09-11 08:03:17] [OK] VGG16/TinyImageNet/BIM/ALL
[2026-09-11 08:03:17] [OK] qsub output: Your job 6503219 ("adversarial_hpc_submit.pbs") has been submitted
[2026-09-11 08:03:17] [SUBMIT] VGG16/TinyImageNet/APGD/ALL
[2026-09-11 08:03:17] [CMD] qsub -q all.q -l ngpus=1 -v MODEL="VGG16",DATASET="TinyImageNet",ATTACK="APGD",KIND="ALL",PHASE="generate",OUTPUT_DIR="adversarial_results_ep300_pre100" adversarial_hpc_submit.pbs </dev/null
[2026-09-11 08:03:22] [OK] VGG16/TinyImageNet/FGSM/ALL
[2026-09-11 08:03:22] [OK] qsub output: Your job 6503220 ("adversarial_hpc_submit.pbs") has been submitted
[2026-09-11 08:03:23] [SUBMIT] VGG16/TinyImageNet/IFGSM/ALL
[2026-09-11 08:03:23] [CMD] qsub -q all.q -l ngpus=1 -v MODEL="VGG16",DATASET="TinyImageNet",ATTACK="IFGSM",KIND="ALL",PHASE="generate",OUTPUT_DIR="adversarial_results_ep200_pre200" adversarial_hpc_submit.pbs </dev/null
[2026-09-11 08:03:23] [OK] VGG16/TinyImageNet/FGSM/ALL
[2026-09-11 08:03:23] [OK] qsub output: Your job 6503218 ("adversarial_hpc_submit.pbs") has been submitted
[2026-09-11 08:03:23] [SUBMIT] VGG16/TinyImageNet/IFGSM/ALL
[2026-09-11 08:03:23] [CMD] qsub -q all.q -l ngpus=1 -v MODEL="VGG16",DATASET="TinyImageNet",ATTACK="IFGSM",KIND="ALL",PHASE="generate",OUTPUT_DIR="adversarial_results_ep100_pre300" adversarial_hpc_submit.pbs </dev/null
[2026-09-11 08:03:31] [OK] VGG16/TinyImageNet/APGD/ALL
[2026-09-11 08:03:31] [OK] qsub output: Your job 6503221 ("adversarial_hpc_submit.pbs") has been submitted
[2026-09-11 08:03:31] [SUBMIT] VGG16/TinyImageNet/CW/ALL
[2026-09-11 08:03:31] [CMD] qsub -q all.q -l ngpus=1 -v MODEL="VGG16",DATASET="TinyImageNet",ATTACK="CW",KIND="ALL",PHASE="generate",OUTPUT_DIR="adversarial_results_ep300_pre100" adversarial_hpc_submit.pbs </dev/null
[2026-09-11 08:03:33] [OK] VGG16/TinyImageNet/IFGSM/ALL
[2026-09-11 08:03:33] [OK] qsub output: Your job 6503222 ("adversarial_hpc_submit.pbs") has been submitted
[2026-09-11 08:03:33] [SUBMIT] VGG16/TinyImageNet/BIM/ALL
[2026-09-11 08:03:33] [CMD] qsub -q all.q -l ngpus=1 -v MODEL="VGG16",DATASET="TinyImageNet",ATTACK="BIM",KIND="ALL",PHASE="generate",OUTPUT_DIR="adversarial_results_ep200_pre200" adversarial_hpc_submit.pbs </dev/null
[2026-09-11 08:03:43] [OK] VGG16/TinyImageNet/IFGSM/ALL
[2026-09-11 08:03:43] [OK] qsub output: Your job 6503224 ("adversarial_hpc_submit.pbs") has been submitted
[2026-09-11 08:03:43] [SUBMIT] VGG16/TinyImageNet/BIM/ALL
[2026-09-11 08:03:43] [CMD] qsub -q all.q -l ngpus=1 -v MODEL="VGG16",DATASET="TinyImageNet",ATTACK="BIM",KIND="ALL",PHASE="generate",OUTPUT_DIR="adversarial_results_ep100_pre300" adversarial_hpc_submit.pbs </dev/null
[2026-09-11 08:03:47] [OK] VGG16/TinyImageNet/CW/ALL
[2026-09-11 08:03:47] [OK] qsub output: Your job 6503225 ("adversarial_hpc_submit.pbs") has been submitted
[2026-09-11 08:03:47] [SUBMIT] VGG16/TinyImageNet/DeepFool/ALL
[2026-09-11 08:03:47] [CMD] qsub -q all.q -l ngpus=1 -v MODEL="VGG16",DATASET="TinyImageNet",ATTACK="DeepFool",KIND="ALL",PHASE="generate",OUTPUT_DIR="adversarial_results_ep300_pre100" adversarial_hpc_submit.pbs </dev/null
[2026-09-11 08:03:50] [OK] VGG16/TinyImageNet/BIM/ALL
[2026-09-11 08:03:50] [OK] qsub output: Your job 6503226 ("adversarial_hpc_submit.pbs") has been submitted
[2026-09-11 08:03:50] [SUBMIT] VGG16/TinyImageNet/APGD/ALL
[2026-09-11 08:03:50] [CMD] qsub -q all.q -l ngpus=1 -v MODEL="VGG16",DATASET="TinyImageNet",ATTACK="APGD",KIND="ALL",PHASE="generate",OUTPUT_DIR="adversarial_results_ep200_pre200" adversarial_hpc_submit.pbs </dev/null
[2026-09-11 08:03:52] [OK] VGG16/TinyImageNet/BIM/ALL
[2026-09-11 08:03:52] [OK] qsub output: Your job 6503227 ("adversarial_hpc_submit.pbs") has been submitted
[2026-09-11 08:03:52] [SUBMIT] VGG16/TinyImageNet/APGD/ALL
[2026-09-11 08:03:52] [CMD] qsub -q all.q -l ngpus=1 -v MODEL="VGG16",DATASET="TinyImageNet",ATTACK="APGD",KIND="ALL",PHASE="generate",OUTPUT_DIR="adversarial_results_ep100_pre300" adversarial_hpc_submit.pbs </dev/null
[2026-09-11 08:03:53] [OK] VGG16/TinyImageNet/DeepFool/ALL
[2026-09-11 08:03:53] [OK] qsub output: Your job 6503228 ("adversarial_hpc_submit.pbs") has been submitted
[2026-09-11 08:03:53] [SUBMIT] RegNetX_400MF/Cifar10/PGD/ALL
[2026-09-11 08:03:53] [CMD] qsub -q all.q -l ngpus=1 -v MODEL="RegNetX_400MF",DATASET="Cifar10",ATTACK="PGD",KIND="ALL",PHASE="generate",OUTPUT_DIR="adversarial_results_ep300_pre100" adversarial_hpc_submit.pbs </dev/null
[2026-09-11 08:03:54] [OK] VGG16/TinyImageNet/APGD/ALL
[2026-09-11 08:03:54] [OK] qsub output: Your job 6503230 ("adversarial_hpc_submit.pbs") has been submitted
[2026-09-11 08:03:54] [SUBMIT] VGG16/TinyImageNet/CW/ALL
[2026-09-11 08:03:54] [CMD] qsub -q all.q -l ngpus=1 -v MODEL="VGG16",DATASET="TinyImageNet",ATTACK="CW",KIND="ALL",PHASE="generate",OUTPUT_DIR="adversarial_results_ep100_pre300" adversarial_hpc_submit.pbs </dev/null
[2026-09-11 08:03:57] [OK] VGG16/TinyImageNet/APGD/ALL
[2026-09-11 08:03:57] [OK] qsub output: Your job 6503229 ("adversarial_hpc_submit.pbs") has been submitted
[2026-09-11 08:03:57] [SUBMIT] VGG16/TinyImageNet/CW/ALL
[2026-09-11 08:03:57] [CMD] qsub -q all.q -l ngpus=1 -v MODEL="VGG16",DATASET="TinyImageNet",ATTACK="CW",KIND="ALL",PHASE="generate",OUTPUT_DIR="adversarial_results_ep200_pre200" adversarial_hpc_submit.pbs </dev/null
[2026-09-11 08:04:05] [OK] VGG16/TinyImageNet/CW/ALL
[2026-09-11 08:04:05] [OK] qsub output: Your job 6503233 ("adversarial_hpc_submit.pbs") has been submitted
[2026-09-11 08:04:05] [SUBMIT] VGG16/TinyImageNet/DeepFool/ALL
[2026-09-11 08:04:05] [CMD] qsub -q all.q -l ngpus=1 -v MODEL="VGG16",DATASET="TinyImageNet",ATTACK="DeepFool",KIND="ALL",PHASE="generate",OUTPUT_DIR="adversarial_results_ep100_pre300" adversarial_hpc_submit.pbs </dev/null
[2026-09-11 08:04:06] [OK] RegNetX_400MF/Cifar10/PGD/ALL
[2026-09-11 08:04:06] [OK] qsub output: Your job 6503232 ("adversarial_hpc_submit.pbs") has been submitted
[2026-09-11 08:04:06] [SUBMIT] RegNetX_400MF/Cifar10/FGSM/ALL
[2026-09-11 08:04:06] [CMD] qsub -q all.q -l ngpus=1 -v MODEL="RegNetX_400MF",DATASET="Cifar10",ATTACK="FGSM",KIND="ALL",PHASE="generate",OUTPUT_DIR="adversarial_results_ep300_pre100" adversarial_hpc_submit.pbs </dev/null
[2026-09-11 08:04:08] [OK] VGG16/TinyImageNet/CW/ALL
[2026-09-11 08:04:08] [OK] qsub output: Your job 6503235 ("adversarial_hpc_submit.pbs") has been submitted
[2026-09-11 08:04:08] [SUBMIT] VGG16/TinyImageNet/DeepFool/ALL
[2026-09-11 08:04:08] [CMD] qsub -q all.q -l ngpus=1 -v MODEL="VGG16",DATASET="TinyImageNet",ATTACK="DeepFool",KIND="ALL",PHASE="generate",OUTPUT_DIR="adversarial_results_ep200_pre200" adversarial_hpc_submit.pbs </dev/null
[2026-09-11 08:04:14] [OK] VGG16/TinyImageNet/DeepFool/ALL
[2026-09-11 08:04:14] [OK] qsub output: Your job 6503236 ("adversarial_hpc_submit.pbs") has been submitted
[2026-09-11 08:04:14] [SUBMIT] RegNetX_400MF/Cifar10/PGD/ALL
[2026-09-11 08:04:14] [CMD] qsub -q all.q -l ngpus=1 -v MODEL="RegNetX_400MF",DATASET="Cifar10",ATTACK="PGD",KIND="ALL",PHASE="generate",OUTPUT_DIR="adversarial_results_ep100_pre300" adversarial_hpc_submit.pbs </dev/null
[2026-09-11 08:04:17] [OK] RegNetX_400MF/Cifar10/FGSM/ALL
[2026-09-11 08:04:17] [OK] qsub output: Your job 6503237 ("adversarial_hpc_submit.pbs") has been submitted
[2026-09-11 08:04:17] [SUBMIT] RegNetX_400MF/Cifar10/IFGSM/ALL
[2026-09-11 08:04:17] [CMD] qsub -q all.q -l ngpus=1 -v MODEL="RegNetX_400MF",DATASET="Cifar10",ATTACK="IFGSM",KIND="ALL",PHASE="generate",OUTPUT_DIR="adversarial_results_ep300_pre100" adversarial_hpc_submit.pbs </dev/null
[2026-09-11 08:04:21] [OK] VGG16/TinyImageNet/DeepFool/ALL
[2026-09-11 08:04:21] [OK] qsub output: Your job 6503238 ("adversarial_hpc_submit.pbs") has been submitted
[2026-09-11 08:04:21] [SUBMIT] RegNetX_400MF/Cifar10/PGD/ALL
[2026-09-11 08:04:21] [CMD] qsub -q all.q -l ngpus=1 -v MODEL="RegNetX_400MF",DATASET="Cifar10",ATTACK="PGD",KIND="ALL",PHASE="generate",OUTPUT_DIR="adversarial_results_ep200_pre200" adversarial_hpc_submit.pbs </dev/null
[2026-09-11 08:04:22] [OK] RegNetX_400MF/Cifar10/PGD/ALL
[2026-09-11 08:04:22] [OK] qsub output: Your job 6503239 ("adversarial_hpc_submit.pbs") has been submitted
[2026-09-11 08:04:22] [SUBMIT] RegNetX_400MF/Cifar10/FGSM/ALL
[2026-09-11 08:04:22] [CMD] qsub -q all.q -l ngpus=1 -v MODEL="RegNetX_400MF",DATASET="Cifar10",ATTACK="FGSM",KIND="ALL",PHASE="generate",OUTPUT_DIR="adversarial_results_ep100_pre300" adversarial_hpc_submit.pbs </dev/null
[2026-09-11 08:04:27] [OK] RegNetX_400MF/Cifar10/IFGSM/ALL
[2026-09-11 08:04:27] [OK] qsub output: Your job 6503241 ("adversarial_hpc_submit.pbs") has been submitted
[2026-09-11 08:04:27] [SUBMIT] RegNetX_400MF/Cifar10/BIM/ALL
[2026-09-11 08:04:27] [CMD] qsub -q all.q -l ngpus=1 -v MODEL="RegNetX_400MF",DATASET="Cifar10",ATTACK="BIM",KIND="ALL",PHASE="generate",OUTPUT_DIR="adversarial_results_ep300_pre100" adversarial_hpc_submit.pbs </dev/null
[2026-09-11 08:04:37] [OK] RegNetX_400MF/Cifar10/PGD/ALL
[2026-09-11 08:04:37] [OK] qsub output: Your job 6503242 ("adversarial_hpc_submit.pbs") has been submitted
[2026-09-11 08:04:37] [SUBMIT] RegNetX_400MF/Cifar10/FGSM/ALL
[2026-09-11 08:04:37] [CMD] qsub -q all.q -l ngpus=1 -v MODEL="RegNetX_400MF",DATASET="Cifar10",ATTACK="FGSM",KIND="ALL",PHASE="generate",OUTPUT_DIR="adversarial_results_ep200_pre200" adversarial_hpc_submit.pbs </dev/null
[2026-09-11 08:04:38] [OK] RegNetX_400MF/Cifar10/FGSM/ALL
[2026-09-11 08:04:38] [OK] qsub output: Your job 6503243 ("adversarial_hpc_submit.pbs") has been submitted
[2026-09-11 08:04:38] [SUBMIT] RegNetX_400MF/Cifar10/IFGSM/ALL
[2026-09-11 08:04:38] [CMD] qsub -q all.q -l ngpus=1 -v MODEL="RegNetX_400MF",DATASET="Cifar10",ATTACK="IFGSM",KIND="ALL",PHASE="generate",OUTPUT_DIR="adversarial_results_ep100_pre300" adversarial_hpc_submit.pbs </dev/null
[2026-09-11 08:04:42] [OK] RegNetX_400MF/Cifar10/BIM/ALL
[2026-09-11 08:04:42] [OK] qsub output: Your job 6503244 ("adversarial_hpc_submit.pbs") has been submitted
[2026-09-11 08:04:42] [SUBMIT] RegNetX_400MF/Cifar10/APGD/ALL
[2026-09-11 08:04:42] [CMD] qsub -q all.q -l ngpus=1 -v MODEL="RegNetX_400MF",DATASET="Cifar10",ATTACK="APGD",KIND="ALL",PHASE="generate",OUTPUT_DIR="adversarial_results_ep300_pre100" adversarial_hpc_submit.pbs </dev/null
[2026-09-11 08:04:42] [OK] RegNetX_400MF/Cifar10/FGSM/ALL
[2026-09-11 08:04:42] [OK] qsub output: Your job 6503245 ("adversarial_hpc_submit.pbs") has been submitted
[2026-09-11 08:04:43] [SUBMIT] RegNetX_400MF/Cifar10/IFGSM/ALL
[2026-09-11 08:04:43] [CMD] qsub -q all.q -l ngpus=1 -v MODEL="RegNetX_400MF",DATASET="Cifar10",ATTACK="IFGSM",KIND="ALL",PHASE="generate",OUTPUT_DIR="adversarial_results_ep200_pre200" adversarial_hpc_submit.pbs </dev/null
[2026-09-11 08:04:46] [OK] RegNetX_400MF/Cifar10/APGD/ALL
[2026-09-11 08:04:46] [OK] qsub output: Your job 6503247 ("adversarial_hpc_submit.pbs") has been submitted
[2026-09-11 08:04:46] [SUBMIT] RegNetX_400MF/Cifar10/CW/ALL
[2026-09-11 08:04:46] [CMD] qsub -q all.q -l ngpus=1 -v MODEL="RegNetX_400MF",DATASET="Cifar10",ATTACK="CW",KIND="ALL",PHASE="generate",OUTPUT_DIR="adversarial_results_ep300_pre100" adversarial_hpc_submit.pbs </dev/null
[2026-09-11 08:04:47] [OK] RegNetX_400MF/Cifar10/IFGSM/ALL
[2026-09-11 08:04:47] [OK] qsub output: Your job 6503246 ("adversarial_hpc_submit.pbs") has been submitted
[2026-09-11 08:04:47] [SUBMIT] RegNetX_400MF/Cifar10/BIM/ALL
[2026-09-11 08:04:47] [CMD] qsub -q all.q -l ngpus=1 -v MODEL="RegNetX_400MF",DATASET="Cifar10",ATTACK="BIM",KIND="ALL",PHASE="generate",OUTPUT_DIR="adversarial_results_ep100_pre300" adversarial_hpc_submit.pbs </dev/null
[2026-09-11 08:04:49] [OK] RegNetX_400MF/Cifar10/CW/ALL
[2026-09-11 08:04:49] [OK] qsub output: Your job 6503249 ("adversarial_hpc_submit.pbs") has been submitted
[2026-09-11 08:04:49] [SUBMIT] RegNetX_400MF/Cifar10/DeepFool/ALL
[2026-09-11 08:04:49] [CMD] qsub -q all.q -l ngpus=1 -v MODEL="RegNetX_400MF",DATASET="Cifar10",ATTACK="DeepFool",KIND="ALL",PHASE="generate",OUTPUT_DIR="adversarial_results_ep300_pre100" adversarial_hpc_submit.pbs </dev/null
[2026-09-11 08:04:53] [OK] RegNetX_400MF/Cifar10/IFGSM/ALL
[2026-09-11 08:04:53] [OK] qsub output: Your job 6503248 ("adversarial_hpc_submit.pbs") has been submitted
[2026-09-11 08:04:53] [SUBMIT] RegNetX_400MF/Cifar10/BIM/ALL
[2026-09-11 08:04:53] [CMD] qsub -q all.q -l ngpus=1 -v MODEL="RegNetX_400MF",DATASET="Cifar10",ATTACK="BIM",KIND="ALL",PHASE="generate",OUTPUT_DIR="adversarial_results_ep200_pre200" adversarial_hpc_submit.pbs </dev/null
[2026-09-11 08:04:56] [OK] RegNetX_400MF/Cifar10/BIM/ALL
[2026-09-11 08:04:56] [OK] qsub output: Your job 6503250 ("adversarial_hpc_submit.pbs") has been submitted
[2026-09-11 08:04:56] [SUBMIT] RegNetX_400MF/Cifar10/APGD/ALL
[2026-09-11 08:04:56] [CMD] qsub -q all.q -l ngpus=1 -v MODEL="RegNetX_400MF",DATASET="Cifar10",ATTACK="APGD",KIND="ALL",PHASE="generate",OUTPUT_DIR="adversarial_results_ep100_pre300" adversarial_hpc_submit.pbs </dev/null
[2026-09-11 08:05:03] [OK] RegNetX_400MF/Cifar10/DeepFool/ALL
[2026-09-11 08:05:03] [OK] qsub output: Your job 6503252 ("adversarial_hpc_submit.pbs") has been submitted
[2026-09-11 08:05:03] [SUBMIT] RegNetX_400MF/Cifar100/PGD/ALL
[2026-09-11 08:05:03] [CMD] qsub -q all.q -l ngpus=1 -v MODEL="RegNetX_400MF",DATASET="Cifar100",ATTACK="PGD",KIND="ALL",PHASE="generate",OUTPUT_DIR="adversarial_results_ep300_pre100" adversarial_hpc_submit.pbs </dev/null
[2026-09-11 08:05:05] [OK] RegNetX_400MF/Cifar10/BIM/ALL
[2026-09-11 08:05:05] [OK] qsub output: Your job 6503254 ("adversarial_hpc_submit.pbs") has been submitted
[2026-09-11 08:05:05] [SUBMIT] RegNetX_400MF/Cifar10/APGD/ALL
[2026-09-11 08:05:05] [CMD] qsub -q all.q -l ngpus=1 -v MODEL="RegNetX_400MF",DATASET="Cifar10",ATTACK="APGD",KIND="ALL",PHASE="generate",OUTPUT_DIR="adversarial_results_ep200_pre200" adversarial_hpc_submit.pbs </dev/null
[2026-09-11 08:05:07] [OK] RegNetX_400MF/Cifar10/APGD/ALL
[2026-09-11 08:05:07] [OK] qsub output: Your job 6503255 ("adversarial_hpc_submit.pbs") has been submitted
[2026-09-11 08:05:07] [SUBMIT] RegNetX_400MF/Cifar10/CW/ALL
[2026-09-11 08:05:07] [CMD] qsub -q all.q -l ngpus=1 -v MODEL="RegNetX_400MF",DATASET="Cifar10",ATTACK="CW",KIND="ALL",PHASE="generate",OUTPUT_DIR="adversarial_results_ep100_pre300" adversarial_hpc_submit.pbs </dev/null
[2026-09-11 08:05:17] [OK] RegNetX_400MF/Cifar100/PGD/ALL
[2026-09-11 08:05:17] [OK] qsub output: Your job 6503257 ("adversarial_hpc_submit.pbs") has been submitted
[2026-09-11 08:05:17] [SUBMIT] RegNetX_400MF/Cifar100/FGSM/ALL
[2026-09-11 08:05:17] [CMD] qsub -q all.q -l ngpus=1 -v MODEL="RegNetX_400MF",DATASET="Cifar100",ATTACK="FGSM",KIND="ALL",PHASE="generate",OUTPUT_DIR="adversarial_results_ep300_pre100" adversarial_hpc_submit.pbs </dev/null
[2026-09-11 08:05:18] [OK] RegNetX_400MF/Cifar10/CW/ALL
[2026-09-11 08:05:18] [OK] qsub output: Your job 6503259 ("adversarial_hpc_submit.pbs") has been submitted
[2026-09-11 08:05:18] [SUBMIT] RegNetX_400MF/Cifar10/DeepFool/ALL
[2026-09-11 08:05:18] [CMD] qsub -q all.q -l ngpus=1 -v MODEL="RegNetX_400MF",DATASET="Cifar10",ATTACK="DeepFool",KIND="ALL",PHASE="generate",OUTPUT_DIR="adversarial_results_ep100_pre300" adversarial_hpc_submit.pbs </dev/null
[2026-09-11 08:05:23] [OK] RegNetX_400MF/Cifar10/APGD/ALL
[2026-09-11 08:05:23] [OK] qsub output: Your job 6503258 ("adversarial_hpc_submit.pbs") has been submitted
[2026-09-11 08:05:23] [SUBMIT] RegNetX_400MF/Cifar10/CW/ALL
[2026-09-11 08:05:23] [CMD] qsub -q all.q -l ngpus=1 -v MODEL="RegNetX_400MF",DATASET="Cifar10",ATTACK="CW",KIND="ALL",PHASE="generate",OUTPUT_DIR="adversarial_results_ep200_pre200" adversarial_hpc_submit.pbs </dev/null
[2026-09-11 08:05:24] [OK] RegNetX_400MF/Cifar100/FGSM/ALL
[2026-09-11 08:05:24] [OK] qsub output: Your job 6503261 ("adversarial_hpc_submit.pbs") has been submitted
[2026-09-11 08:05:24] [SUBMIT] RegNetX_400MF/Cifar100/IFGSM/ALL
[2026-09-11 08:05:24] [CMD] qsub -q all.q -l ngpus=1 -v MODEL="RegNetX_400MF",DATASET="Cifar100",ATTACK="IFGSM",KIND="ALL",PHASE="generate",OUTPUT_DIR="adversarial_results_ep300_pre100" adversarial_hpc_submit.pbs </dev/null
[2026-09-11 08:05:29] [OK] RegNetX_400MF/Cifar10/DeepFool/ALL
[2026-09-11 08:05:29] [OK] qsub output: Your job 6503262 ("adversarial_hpc_submit.pbs") has been submitted
[2026-09-11 08:05:29] [SUBMIT] RegNetX_400MF/Cifar100/PGD/ALL
[2026-09-11 08:05:29] [CMD] qsub -q all.q -l ngpus=1 -v MODEL="RegNetX_400MF",DATASET="Cifar100",ATTACK="PGD",KIND="ALL",PHASE="generate",OUTPUT_DIR="adversarial_results_ep100_pre300" adversarial_hpc_submit.pbs </dev/null
[2026-09-11 08:05:30] [OK] RegNetX_400MF/Cifar10/CW/ALL
[2026-09-11 08:05:30] [OK] qsub output: Your job 6503263 ("adversarial_hpc_submit.pbs") has been submitted
[2026-09-11 08:05:30] [SUBMIT] RegNetX_400MF/Cifar10/DeepFool/ALL
[2026-09-11 08:05:30] [CMD] qsub -q all.q -l ngpus=1 -v MODEL="RegNetX_400MF",DATASET="Cifar10",ATTACK="DeepFool",KIND="ALL",PHASE="generate",OUTPUT_DIR="adversarial_results_ep200_pre200" adversarial_hpc_submit.pbs </dev/null
[2026-09-11 08:05:34] [OK] RegNetX_400MF/Cifar100/PGD/ALL
[2026-09-11 08:05:34] [OK] qsub output: Your job 6503265 ("adversarial_hpc_submit.pbs") has been submitted
[2026-09-11 08:05:34] [SUBMIT] RegNetX_400MF/Cifar100/FGSM/ALL
[2026-09-11 08:05:34] [CMD] qsub -q all.q -l ngpus=1 -v MODEL="RegNetX_400MF",DATASET="Cifar100",ATTACK="FGSM",KIND="ALL",PHASE="generate",OUTPUT_DIR="adversarial_results_ep100_pre300" adversarial_hpc_submit.pbs </dev/null
[2026-09-11 08:05:36] [OK] RegNetX_400MF/Cifar100/IFGSM/ALL
[2026-09-11 08:05:36] [OK] qsub output: Your job 6503264 ("adversarial_hpc_submit.pbs") has been submitted
[2026-09-11 08:05:36] [SUBMIT] RegNetX_400MF/Cifar100/BIM/ALL
[2026-09-11 08:05:36] [CMD] qsub -q all.q -l ngpus=1 -v MODEL="RegNetX_400MF",DATASET="Cifar100",ATTACK="BIM",KIND="ALL",PHASE="generate",OUTPUT_DIR="adversarial_results_ep300_pre100" adversarial_hpc_submit.pbs </dev/null
[2026-09-11 08:05:42] [OK] RegNetX_400MF/Cifar10/DeepFool/ALL
[2026-09-11 08:05:42] [OK] qsub output: Your job 6503266 ("adversarial_hpc_submit.pbs") has been submitted
[2026-09-11 08:05:43] [SUBMIT] RegNetX_400MF/Cifar100/PGD/ALL
[2026-09-11 08:05:43] [CMD] qsub -q all.q -l ngpus=1 -v MODEL="RegNetX_400MF",DATASET="Cifar100",ATTACK="PGD",KIND="ALL",PHASE="generate",OUTPUT_DIR="adversarial_results_ep200_pre200" adversarial_hpc_submit.pbs </dev/null
[2026-09-11 08:05:43] [OK] RegNetX_400MF/Cifar100/FGSM/ALL
[2026-09-11 08:05:43] [OK] qsub output: Your job 6503268 ("adversarial_hpc_submit.pbs") has been submitted
[2026-09-11 08:05:43] [SUBMIT] RegNetX_400MF/Cifar100/IFGSM/ALL
[2026-09-11 08:05:43] [CMD] qsub -q all.q -l ngpus=1 -v MODEL="RegNetX_400MF",DATASET="Cifar100",ATTACK="IFGSM",KIND="ALL",PHASE="generate",OUTPUT_DIR="adversarial_results_ep100_pre300" adversarial_hpc_submit.pbs </dev/null
[2026-09-11 08:05:48] [OK] RegNetX_400MF/Cifar100/BIM/ALL
[2026-09-11 08:05:48] [OK] qsub output: Your job 6503269 ("adversarial_hpc_submit.pbs") has been submitted
[2026-09-11 08:05:48] [SUBMIT] RegNetX_400MF/Cifar100/APGD/ALL
[2026-09-11 08:05:48] [CMD] qsub -q all.q -l ngpus=1 -v MODEL="RegNetX_400MF",DATASET="Cifar100",ATTACK="APGD",KIND="ALL",PHASE="generate",OUTPUT_DIR="adversarial_results_ep300_pre100" adversarial_hpc_submit.pbs </dev/null
[2026-09-11 08:05:50] [OK] RegNetX_400MF/Cifar100/PGD/ALL
[2026-09-11 08:05:50] [OK] qsub output: Your job 6503270 ("adversarial_hpc_submit.pbs") has been submitted
[2026-09-11 08:05:50] [SUBMIT] RegNetX_400MF/Cifar100/FGSM/ALL
[2026-09-11 08:05:50] [CMD] qsub -q all.q -l ngpus=1 -v MODEL="RegNetX_400MF",DATASET="Cifar100",ATTACK="FGSM",KIND="ALL",PHASE="generate",OUTPUT_DIR="adversarial_results_ep200_pre200" adversarial_hpc_submit.pbs </dev/null
[2026-09-11 08:05:52] [OK] RegNetX_400MF/Cifar100/IFGSM/ALL
[2026-09-11 08:05:52] [OK] qsub output: Your job 6503271 ("adversarial_hpc_submit.pbs") has been submitted
[2026-09-11 08:05:52] [SUBMIT] RegNetX_400MF/Cifar100/BIM/ALL
[2026-09-11 08:05:52] [CMD] qsub -q all.q -l ngpus=1 -v MODEL="RegNetX_400MF",DATASET="Cifar100",ATTACK="BIM",KIND="ALL",PHASE="generate",OUTPUT_DIR="adversarial_results_ep100_pre300" adversarial_hpc_submit.pbs </dev/null
[2026-09-11 08:05:56] [OK] RegNetX_400MF/Cifar100/APGD/ALL
[2026-09-11 08:05:56] [OK] qsub output: Your job 6503272 ("adversarial_hpc_submit.pbs") has been submitted
[2026-09-11 08:05:56] [SUBMIT] RegNetX_400MF/Cifar100/CW/ALL
[2026-09-11 08:05:56] [CMD] qsub -q all.q -l ngpus=1 -v MODEL="RegNetX_400MF",DATASET="Cifar100",ATTACK="CW",KIND="ALL",PHASE="generate",OUTPUT_DIR="adversarial_results_ep300_pre100" adversarial_hpc_submit.pbs </dev/null
[2026-09-11 08:06:04] [OK] RegNetX_400MF/Cifar100/FGSM/ALL
[2026-09-11 08:06:04] [OK] qsub output: Your job 6503274 ("adversarial_hpc_submit.pbs") has been submitted
[2026-09-11 08:06:04] [SUBMIT] RegNetX_400MF/Cifar100/IFGSM/ALL
[2026-09-11 08:06:04] [CMD] qsub -q all.q -l ngpus=1 -v MODEL="RegNetX_400MF",DATASET="Cifar100",ATTACK="IFGSM",KIND="ALL",PHASE="generate",OUTPUT_DIR="adversarial_results_ep200_pre200" adversarial_hpc_submit.pbs </dev/null
[2026-09-11 08:06:05] [OK] RegNetX_400MF/Cifar100/CW/ALL
[2026-09-11 08:06:05] [OK] qsub output: Your job 6503276 ("adversarial_hpc_submit.pbs") has been submitted
[2026-09-11 08:06:05] [SUBMIT] RegNetX_400MF/Cifar100/DeepFool/ALL
[2026-09-11 08:06:05] [CMD] qsub -q all.q -l ngpus=1 -v MODEL="RegNetX_400MF",DATASET="Cifar100",ATTACK="DeepFool",KIND="ALL",PHASE="generate",OUTPUT_DIR="adversarial_results_ep300_pre100" adversarial_hpc_submit.pbs </dev/null
[2026-09-11 08:06:05] [OK] RegNetX_400MF/Cifar100/BIM/ALL
[2026-09-11 08:06:05] [OK] qsub output: Your job 6503275 ("adversarial_hpc_submit.pbs") has been submitted
[2026-09-11 08:06:05] [SUBMIT] RegNetX_400MF/Cifar100/APGD/ALL
[2026-09-11 08:06:05] [CMD] qsub -q all.q -l ngpus=1 -v MODEL="RegNetX_400MF",DATASET="Cifar100",ATTACK="APGD",KIND="ALL",PHASE="generate",OUTPUT_DIR="adversarial_results_ep100_pre300" adversarial_hpc_submit.pbs </dev/null
[2026-09-11 08:06:09] [OK] RegNetX_400MF/Cifar100/IFGSM/ALL
[2026-09-11 08:06:09] [OK] qsub output: Your job 6503277 ("adversarial_hpc_submit.pbs") has been submitted
[2026-09-11 08:06:09] [SUBMIT] RegNetX_400MF/Cifar100/BIM/ALL
[2026-09-11 08:06:09] [CMD] qsub -q all.q -l ngpus=1 -v MODEL="RegNetX_400MF",DATASET="Cifar100",ATTACK="BIM",KIND="ALL",PHASE="generate",OUTPUT_DIR="adversarial_results_ep200_pre200" adversarial_hpc_submit.pbs </dev/null
[2026-09-11 08:06:14] [OK] RegNetX_400MF/Cifar100/DeepFool/ALL
[2026-09-11 08:06:14] [OK] qsub output: Your job 6503278 ("adversarial_hpc_submit.pbs") has been submitted
[2026-09-11 08:06:14] [SUBMIT] RegNetX_400MF/TinyImageNet/PGD/ALL
[2026-09-11 08:06:14] [CMD] qsub -q all.q -l ngpus=1 -v MODEL="RegNetX_400MF",DATASET="TinyImageNet",ATTACK="PGD",KIND="ALL",PHASE="generate",OUTPUT_DIR="adversarial_results_ep300_pre100" adversarial_hpc_submit.pbs </dev/null
[2026-09-11 08:06:14] [OK] RegNetX_400MF/Cifar100/APGD/ALL
[2026-09-11 08:06:14] [OK] qsub output: Your job 6503279 ("adversarial_hpc_submit.pbs") has been submitted
[2026-09-11 08:06:15] [SUBMIT] RegNetX_400MF/Cifar100/CW/ALL
[2026-09-11 08:06:15] [CMD] qsub -q all.q -l ngpus=1 -v MODEL="RegNetX_400MF",DATASET="Cifar100",ATTACK="CW",KIND="ALL",PHASE="generate",OUTPUT_DIR="adversarial_results_ep100_pre300" adversarial_hpc_submit.pbs </dev/null
[2026-09-11 08:06:18] [OK] RegNetX_400MF/TinyImageNet/PGD/ALL
[2026-09-11 08:06:18] [OK] qsub output: Your job 6503281 ("adversarial_hpc_submit.pbs") has been submitted
[2026-09-11 08:06:18] [SUBMIT] RegNetX_400MF/TinyImageNet/FGSM/ALL
[2026-09-11 08:06:18] [CMD] qsub -q all.q -l ngpus=1 -v MODEL="RegNetX_400MF",DATASET="TinyImageNet",ATTACK="FGSM",KIND="ALL",PHASE="generate",OUTPUT_DIR="adversarial_results_ep300_pre100" adversarial_hpc_submit.pbs </dev/null
[2026-09-11 08:06:24] [OK] RegNetX_400MF/Cifar100/BIM/ALL
[2026-09-11 08:06:24] [OK] qsub output: Your job 6503280 ("adversarial_hpc_submit.pbs") has been submitted
[2026-09-11 08:06:24] [SUBMIT] RegNetX_400MF/Cifar100/APGD/ALL
[2026-09-11 08:06:24] [CMD] qsub -q all.q -l ngpus=1 -v MODEL="RegNetX_400MF",DATASET="Cifar100",ATTACK="APGD",KIND="ALL",PHASE="generate",OUTPUT_DIR="adversarial_results_ep200_pre200" adversarial_hpc_submit.pbs </dev/null
[2026-09-11 08:06:25] [OK] RegNetX_400MF/Cifar100/CW/ALL
[2026-09-11 08:06:25] [OK] qsub output: Your job 6503282 ("adversarial_hpc_submit.pbs") has been submitted
[2026-09-11 08:06:25] [SUBMIT] RegNetX_400MF/Cifar100/DeepFool/ALL
[2026-09-11 08:06:25] [CMD] qsub -q all.q -l ngpus=1 -v MODEL="RegNetX_400MF",DATASET="Cifar100",ATTACK="DeepFool",KIND="ALL",PHASE="generate",OUTPUT_DIR="adversarial_results_ep100_pre300" adversarial_hpc_submit.pbs </dev/null
[2026-09-11 08:06:26] [OK] RegNetX_400MF/TinyImageNet/FGSM/ALL
[2026-09-11 08:06:26] [OK] qsub output: Your job 6503283 ("adversarial_hpc_submit.pbs") has been submitted
[2026-09-11 08:06:26] [SUBMIT] RegNetX_400MF/TinyImageNet/IFGSM/ALL
[2026-09-11 08:06:26] [CMD] qsub -q all.q -l ngpus=1 -v MODEL="RegNetX_400MF",DATASET="TinyImageNet",ATTACK="IFGSM",KIND="ALL",PHASE="generate",OUTPUT_DIR="adversarial_results_ep300_pre100" adversarial_hpc_submit.pbs </dev/null
[2026-09-11 08:06:27] [OK] RegNetX_400MF/Cifar100/DeepFool/ALL
[2026-09-11 08:06:27] [OK] qsub output: Your job 6503285 ("adversarial_hpc_submit.pbs") has been submitted
[2026-09-11 08:06:28] [SUBMIT] RegNetX_400MF/TinyImageNet/PGD/ALL
[2026-09-11 08:06:28] [CMD] qsub -q all.q -l ngpus=1 -v MODEL="RegNetX_400MF",DATASET="TinyImageNet",ATTACK="PGD",KIND="ALL",PHASE="generate",OUTPUT_DIR="adversarial_results_ep100_pre300" adversarial_hpc_submit.pbs </dev/null
[2026-09-11 08:06:33] [OK] RegNetX_400MF/Cifar100/APGD/ALL
[2026-09-11 08:06:33] [OK] qsub output: Your job 6503284 ("adversarial_hpc_submit.pbs") has been submitted
[2026-09-11 08:06:33] [SUBMIT] RegNetX_400MF/Cifar100/CW/ALL
[2026-09-11 08:06:33] [CMD] qsub -q all.q -l ngpus=1 -v MODEL="RegNetX_400MF",DATASET="Cifar100",ATTACK="CW",KIND="ALL",PHASE="generate",OUTPUT_DIR="adversarial_results_ep200_pre200" adversarial_hpc_submit.pbs </dev/null
[2026-09-11 08:06:34] [OK] RegNetX_400MF/TinyImageNet/IFGSM/ALL
[2026-09-11 08:06:34] [OK] qsub output: Your job 6503286 ("adversarial_hpc_submit.pbs") has been submitted
[2026-09-11 08:06:34] [SUBMIT] RegNetX_400MF/TinyImageNet/BIM/ALL
[2026-09-11 08:06:34] [CMD] qsub -q all.q -l ngpus=1 -v MODEL="RegNetX_400MF",DATASET="TinyImageNet",ATTACK="BIM",KIND="ALL",PHASE="generate",OUTPUT_DIR="adversarial_results_ep300_pre100" adversarial_hpc_submit.pbs </dev/null
[2026-09-11 08:06:37] [OK] RegNetX_400MF/TinyImageNet/PGD/ALL
[2026-09-11 08:06:37] [OK] qsub output: Your job 6503287 ("adversarial_hpc_submit.pbs") has been submitted
[2026-09-11 08:06:37] [SUBMIT] RegNetX_400MF/TinyImageNet/FGSM/ALL
[2026-09-11 08:06:37] [CMD] qsub -q all.q -l ngpus=1 -v MODEL="RegNetX_400MF",DATASET="TinyImageNet",ATTACK="FGSM",KIND="ALL",PHASE="generate",OUTPUT_DIR="adversarial_results_ep100_pre300" adversarial_hpc_submit.pbs </dev/null
[2026-09-11 08:06:43] [OK] RegNetX_400MF/Cifar100/CW/ALL
[2026-09-11 08:06:43] [OK] qsub output: Your job 6503288 ("adversarial_hpc_submit.pbs") has been submitted
[2026-09-11 08:06:43] [SUBMIT] RegNetX_400MF/Cifar100/DeepFool/ALL
[2026-09-11 08:06:43] [CMD] qsub -q all.q -l ngpus=1 -v MODEL="RegNetX_400MF",DATASET="Cifar100",ATTACK="DeepFool",KIND="ALL",PHASE="generate",OUTPUT_DIR="adversarial_results_ep200_pre200" adversarial_hpc_submit.pbs </dev/null
[2026-09-11 08:06:44] [OK] RegNetX_400MF/TinyImageNet/BIM/ALL
[2026-09-11 08:06:44] [OK] qsub output: Your job 6503289 ("adversarial_hpc_submit.pbs") has been submitted
[2026-09-11 08:06:44] [SUBMIT] RegNetX_400MF/TinyImageNet/APGD/ALL
[2026-09-11 08:06:44] [CMD] qsub -q all.q -l ngpus=1 -v MODEL="RegNetX_400MF",DATASET="TinyImageNet",ATTACK="APGD",KIND="ALL",PHASE="generate",OUTPUT_DIR="adversarial_results_ep300_pre100" adversarial_hpc_submit.pbs </dev/null
[2026-09-11 08:06:46] [OK] RegNetX_400MF/TinyImageNet/FGSM/ALL
[2026-09-11 08:06:46] [OK] qsub output: Your job 6503291 ("adversarial_hpc_submit.pbs") has been submitted
[2026-09-11 08:06:46] [SUBMIT] RegNetX_400MF/TinyImageNet/IFGSM/ALL
[2026-09-11 08:06:46] [CMD] qsub -q all.q -l ngpus=1 -v MODEL="RegNetX_400MF",DATASET="TinyImageNet",ATTACK="IFGSM",KIND="ALL",PHASE="generate",OUTPUT_DIR="adversarial_results_ep100_pre300" adversarial_hpc_submit.pbs </dev/null
[2026-09-11 08:06:49] [OK] RegNetX_400MF/Cifar100/DeepFool/ALL
[2026-09-11 08:06:49] [OK] qsub output: Your job 6503292 ("adversarial_hpc_submit.pbs") has been submitted
[2026-09-11 08:06:49] [SUBMIT] RegNetX_400MF/TinyImageNet/PGD/ALL
[2026-09-11 08:06:49] [CMD] qsub -q all.q -l ngpus=1 -v MODEL="RegNetX_400MF",DATASET="TinyImageNet",ATTACK="PGD",KIND="ALL",PHASE="generate",OUTPUT_DIR="adversarial_results_ep200_pre200" adversarial_hpc_submit.pbs </dev/null
[2026-09-11 08:06:51] [OK] RegNetX_400MF/TinyImageNet/IFGSM/ALL
[2026-09-11 08:06:51] [OK] qsub output: Your job 6503294 ("adversarial_hpc_submit.pbs") has been submitted
[2026-09-11 08:06:51] [SUBMIT] RegNetX_400MF/TinyImageNet/BIM/ALL
[2026-09-11 08:06:51] [CMD] qsub -q all.q -l ngpus=1 -v MODEL="RegNetX_400MF",DATASET="TinyImageNet",ATTACK="BIM",KIND="ALL",PHASE="generate",OUTPUT_DIR="adversarial_results_ep100_pre300" adversarial_hpc_submit.pbs </dev/null
[2026-09-11 08:06:51] [OK] RegNetX_400MF/TinyImageNet/APGD/ALL
[2026-09-11 08:06:51] [OK] qsub output: Your job 6503293 ("adversarial_hpc_submit.pbs") has been submitted
[2026-09-11 08:06:51] [SUBMIT] RegNetX_400MF/TinyImageNet/CW/ALL
[2026-09-11 08:06:51] [CMD] qsub -q all.q -l ngpus=1 -v MODEL="RegNetX_400MF",DATASET="TinyImageNet",ATTACK="CW",KIND="ALL",PHASE="generate",OUTPUT_DIR="adversarial_results_ep300_pre100" adversarial_hpc_submit.pbs </dev/null
[2026-09-11 08:06:55] [OK] RegNetX_400MF/TinyImageNet/PGD/ALL
[2026-09-11 08:06:55] [OK] qsub output: Your job 6503295 ("adversarial_hpc_submit.pbs") has been submitted
[2026-09-11 08:06:55] [SUBMIT] RegNetX_400MF/TinyImageNet/FGSM/ALL
[2026-09-11 08:06:55] [CMD] qsub -q all.q -l ngpus=1 -v MODEL="RegNetX_400MF",DATASET="TinyImageNet",ATTACK="FGSM",KIND="ALL",PHASE="generate",OUTPUT_DIR="adversarial_results_ep200_pre200" adversarial_hpc_submit.pbs </dev/null
[2026-09-11 08:06:58] [OK] RegNetX_400MF/TinyImageNet/BIM/ALL
[2026-09-11 08:06:58] [OK] qsub output: Your job 6503296 ("adversarial_hpc_submit.pbs") has been submitted
[2026-09-11 08:06:58] [SUBMIT] RegNetX_400MF/TinyImageNet/APGD/ALL
[2026-09-11 08:06:58] [CMD] qsub -q all.q -l ngpus=1 -v MODEL="RegNetX_400MF",DATASET="TinyImageNet",ATTACK="APGD",KIND="ALL",PHASE="generate",OUTPUT_DIR="adversarial_results_ep100_pre300" adversarial_hpc_submit.pbs </dev/null
[2026-09-11 08:07:02] [OK] RegNetX_400MF/TinyImageNet/CW/ALL
[2026-09-11 08:07:02] [OK] qsub output: Your job 6503297 ("adversarial_hpc_submit.pbs") has been submitted
[2026-09-11 08:07:02] [SUBMIT] RegNetX_400MF/TinyImageNet/DeepFool/ALL
[2026-09-11 08:07:02] [CMD] qsub -q all.q -l ngpus=1 -v MODEL="RegNetX_400MF",DATASET="TinyImageNet",ATTACK="DeepFool",KIND="ALL",PHASE="generate",OUTPUT_DIR="adversarial_results_ep300_pre100" adversarial_hpc_submit.pbs </dev/null
[2026-09-11 08:07:05] [OK] RegNetX_400MF/TinyImageNet/FGSM/ALL
[2026-09-11 08:07:05] [OK] qsub output: Your job 6503298 ("adversarial_hpc_submit.pbs") has been submitted
[2026-09-11 08:07:05] [SUBMIT] RegNetX_400MF/TinyImageNet/IFGSM/ALL
[2026-09-11 08:07:05] [CMD] qsub -q all.q -l ngpus=1 -v MODEL="RegNetX_400MF",DATASET="TinyImageNet",ATTACK="IFGSM",KIND="ALL",PHASE="generate",OUTPUT_DIR="adversarial_results_ep200_pre200" adversarial_hpc_submit.pbs </dev/null
[2026-09-11 08:07:07] [OK] RegNetX_400MF/TinyImageNet/DeepFool/ALL
[2026-09-11 08:07:07] [OK] qsub output: Your job 6503300 ("adversarial_hpc_submit.pbs") has been submitted
[2026-09-11 08:07:07] [SUBMIT] InceptionNet/Cifar10/PGD/ALL
[2026-09-11 08:07:07] [CMD] qsub -q all.q -l ngpus=1 -v MODEL="InceptionNet",DATASET="Cifar10",ATTACK="PGD",KIND="ALL",PHASE="generate",OUTPUT_DIR="adversarial_results_ep300_pre100" adversarial_hpc_submit.pbs </dev/null
[2026-09-11 08:07:10] [OK] RegNetX_400MF/TinyImageNet/APGD/ALL
[2026-09-11 08:07:10] [OK] qsub output: Your job 6503299 ("adversarial_hpc_submit.pbs") has been submitted
[2026-09-11 08:07:10] [SUBMIT] RegNetX_400MF/TinyImageNet/CW/ALL
[2026-09-11 08:07:10] [CMD] qsub -q all.q -l ngpus=1 -v MODEL="RegNetX_400MF",DATASET="TinyImageNet",ATTACK="CW",KIND="ALL",PHASE="generate",OUTPUT_DIR="adversarial_results_ep100_pre300" adversarial_hpc_submit.pbs </dev/null
[2026-09-11 08:07:15] [OK] InceptionNet/Cifar10/PGD/ALL
[2026-09-11 08:07:15] [OK] qsub output: Your job 6503302 ("adversarial_hpc_submit.pbs") has been submitted
[2026-09-11 08:07:15] [SUBMIT] InceptionNet/Cifar10/FGSM/ALL
[2026-09-11 08:07:15] [CMD] qsub -q all.q -l ngpus=1 -v MODEL="InceptionNet",DATASET="Cifar10",ATTACK="FGSM",KIND="ALL",PHASE="generate",OUTPUT_DIR="adversarial_results_ep300_pre100" adversarial_hpc_submit.pbs </dev/null
[2026-09-11 08:07:15] [OK] RegNetX_400MF/TinyImageNet/IFGSM/ALL
[2026-09-11 08:07:15] [OK] qsub output: Your job 6503301 ("adversarial_hpc_submit.pbs") has been submitted
[2026-09-11 08:07:15] [SUBMIT] RegNetX_400MF/TinyImageNet/BIM/ALL
[2026-09-11 08:07:15] [CMD] qsub -q all.q -l ngpus=1 -v MODEL="RegNetX_400MF",DATASET="TinyImageNet",ATTACK="BIM",KIND="ALL",PHASE="generate",OUTPUT_DIR="adversarial_results_ep200_pre200" adversarial_hpc_submit.pbs </dev/null
[2026-09-11 08:07:19] [OK] RegNetX_400MF/TinyImageNet/CW/ALL
[2026-09-11 08:07:19] [OK] qsub output: Your job 6503303 ("adversarial_hpc_submit.pbs") has been submitted
[2026-09-11 08:07:19] [SUBMIT] RegNetX_400MF/TinyImageNet/DeepFool/ALL
[2026-09-11 08:07:19] [CMD] qsub -q all.q -l ngpus=1 -v MODEL="RegNetX_400MF",DATASET="TinyImageNet",ATTACK="DeepFool",KIND="ALL",PHASE="generate",OUTPUT_DIR="adversarial_results_ep100_pre300" adversarial_hpc_submit.pbs </dev/null
[2026-09-11 08:07:23] [OK] InceptionNet/Cifar10/FGSM/ALL
[2026-09-11 08:07:23] [OK] qsub output: Your job 6503304 ("adversarial_hpc_submit.pbs") has been submitted
[2026-09-11 08:07:23] [SUBMIT] InceptionNet/Cifar10/IFGSM/ALL
[2026-09-11 08:07:23] [CMD] qsub -q all.q -l ngpus=1 -v MODEL="InceptionNet",DATASET="Cifar10",ATTACK="IFGSM",KIND="ALL",PHASE="generate",OUTPUT_DIR="adversarial_results_ep300_pre100" adversarial_hpc_submit.pbs </dev/null
[2026-09-11 08:07:24] [OK] RegNetX_400MF/TinyImageNet/BIM/ALL
[2026-09-11 08:07:24] [OK] qsub output: Your job 6503305 ("adversarial_hpc_submit.pbs") has been submitted
[2026-09-11 08:07:24] [SUBMIT] RegNetX_400MF/TinyImageNet/APGD/ALL
[2026-09-11 08:07:24] [CMD] qsub -q all.q -l ngpus=1 -v MODEL="RegNetX_400MF",DATASET="TinyImageNet",ATTACK="APGD",KIND="ALL",PHASE="generate",OUTPUT_DIR="adversarial_results_ep200_pre200" adversarial_hpc_submit.pbs </dev/null
[2026-09-11 08:07:28] [OK] RegNetX_400MF/TinyImageNet/DeepFool/ALL
[2026-09-11 08:07:28] [OK] qsub output: Your job 6503307 ("adversarial_hpc_submit.pbs") has been submitted
[2026-09-11 08:07:28] [SUBMIT] InceptionNet/Cifar10/PGD/ALL
[2026-09-11 08:07:28] [CMD] qsub -q all.q -l ngpus=1 -v MODEL="InceptionNet",DATASET="Cifar10",ATTACK="PGD",KIND="ALL",PHASE="generate",OUTPUT_DIR="adversarial_results_ep100_pre300" adversarial_hpc_submit.pbs </dev/null
[2026-09-11 08:07:31] [OK] RegNetX_400MF/TinyImageNet/APGD/ALL
[2026-09-11 08:07:31] [OK] qsub output: Your job 6503309 ("adversarial_hpc_submit.pbs") has been submitted
[2026-09-11 08:07:31] [SUBMIT] RegNetX_400MF/TinyImageNet/CW/ALL
[2026-09-11 08:07:31] [CMD] qsub -q all.q -l ngpus=1 -v MODEL="RegNetX_400MF",DATASET="TinyImageNet",ATTACK="CW",KIND="ALL",PHASE="generate",OUTPUT_DIR="adversarial_results_ep200_pre200" adversarial_hpc_submit.pbs </dev/null
[2026-09-11 08:07:35] [OK] InceptionNet/Cifar10/IFGSM/ALL
[2026-09-11 08:07:35] [OK] qsub output: Your job 6503308 ("adversarial_hpc_submit.pbs") has been submitted
[2026-09-11 08:07:36] [SUBMIT] InceptionNet/Cifar10/BIM/ALL
[2026-09-11 08:07:36] [CMD] qsub -q all.q -l ngpus=1 -v MODEL="InceptionNet",DATASET="Cifar10",ATTACK="BIM",KIND="ALL",PHASE="generate",OUTPUT_DIR="adversarial_results_ep300_pre100" adversarial_hpc_submit.pbs </dev/null
[2026-09-11 08:07:39] [OK] RegNetX_400MF/TinyImageNet/CW/ALL
[2026-09-11 08:07:39] [OK] qsub output: Your job 6503311 ("adversarial_hpc_submit.pbs") has been submitted
[2026-09-11 08:07:39] [SUBMIT] RegNetX_400MF/TinyImageNet/DeepFool/ALL
[2026-09-11 08:07:39] [CMD] qsub -q all.q -l ngpus=1 -v MODEL="RegNetX_400MF",DATASET="TinyImageNet",ATTACK="DeepFool",KIND="ALL",PHASE="generate",OUTPUT_DIR="adversarial_results_ep200_pre200" adversarial_hpc_submit.pbs </dev/null
[2026-09-11 08:07:39] [OK] InceptionNet/Cifar10/PGD/ALL
[2026-09-11 08:07:39] [OK] qsub output: Your job 6503310 ("adversarial_hpc_submit.pbs") has been submitted
[2026-09-11 08:07:39] [SUBMIT] InceptionNet/Cifar10/FGSM/ALL
[2026-09-11 08:07:39] [CMD] qsub -q all.q -l ngpus=1 -v MODEL="InceptionNet",DATASET="Cifar10",ATTACK="FGSM",KIND="ALL",PHASE="generate",OUTPUT_DIR="adversarial_results_ep100_pre300" adversarial_hpc_submit.pbs </dev/null
[2026-09-11 08:07:41] [OK] RegNetX_400MF/TinyImageNet/DeepFool/ALL
[2026-09-11 08:07:41] [OK] qsub output: Your job 6503313 ("adversarial_hpc_submit.pbs") has been submitted
[2026-09-11 08:07:41] [SUBMIT] InceptionNet/Cifar10/PGD/ALL
[2026-09-11 08:07:41] [CMD] qsub -q all.q -l ngpus=1 -v MODEL="InceptionNet",DATASET="Cifar10",ATTACK="PGD",KIND="ALL",PHASE="generate",OUTPUT_DIR="adversarial_results_ep200_pre200" adversarial_hpc_submit.pbs </dev/null
[2026-09-11 08:07:44] [OK] InceptionNet/Cifar10/FGSM/ALL
[2026-09-11 08:07:44] [OK] qsub output: Your job 6503314 ("adversarial_hpc_submit.pbs") has been submitted
[2026-09-11 08:07:44] [SUBMIT] InceptionNet/Cifar10/IFGSM/ALL
[2026-09-11 08:07:44] [CMD] qsub -q all.q -l ngpus=1 -v MODEL="InceptionNet",DATASET="Cifar10",ATTACK="IFGSM",KIND="ALL",PHASE="generate",OUTPUT_DIR="adversarial_results_ep100_pre300" adversarial_hpc_submit.pbs </dev/null
[2026-09-11 08:07:48] [OK] InceptionNet/Cifar10/BIM/ALL
[2026-09-11 08:07:48] [OK] qsub output: Your job 6503312 ("adversarial_hpc_submit.pbs") has been submitted
[2026-09-11 08:07:48] [SUBMIT] InceptionNet/Cifar10/APGD/ALL
[2026-09-11 08:07:48] [CMD] qsub -q all.q -l ngpus=1 -v MODEL="InceptionNet",DATASET="Cifar10",ATTACK="APGD",KIND="ALL",PHASE="generate",OUTPUT_DIR="adversarial_results_ep300_pre100" adversarial_hpc_submit.pbs </dev/null
[2026-09-11 08:07:50] [OK] InceptionNet/Cifar10/PGD/ALL
[2026-09-11 08:07:50] [OK] qsub output: Your job 6503315 ("adversarial_hpc_submit.pbs") has been submitted
[2026-09-11 08:07:51] [SUBMIT] InceptionNet/Cifar10/FGSM/ALL
[2026-09-11 08:07:51] [CMD] qsub -q all.q -l ngpus=1 -v MODEL="InceptionNet",DATASET="Cifar10",ATTACK="FGSM",KIND="ALL",PHASE="generate",OUTPUT_DIR="adversarial_results_ep200_pre200" adversarial_hpc_submit.pbs </dev/null
[2026-09-11 08:07:53] [OK] InceptionNet/Cifar10/APGD/ALL
[2026-09-11 08:07:53] [OK] qsub output: Your job 6503317 ("adversarial_hpc_submit.pbs") has been submitted
[2026-09-11 08:07:53] [SUBMIT] InceptionNet/Cifar10/CW/ALL
[2026-09-11 08:07:53] [CMD] qsub -q all.q -l ngpus=1 -v MODEL="InceptionNet",DATASET="Cifar10",ATTACK="CW",KIND="ALL",PHASE="generate",OUTPUT_DIR="adversarial_results_ep300_pre100" adversarial_hpc_submit.pbs </dev/null
[2026-09-11 08:07:56] [OK] InceptionNet/Cifar10/IFGSM/ALL
[2026-09-11 08:07:56] [OK] qsub output: Your job 6503316 ("adversarial_hpc_submit.pbs") has been submitted
[2026-09-11 08:07:56] [SUBMIT] InceptionNet/Cifar10/BIM/ALL
[2026-09-11 08:07:56] [CMD] qsub -q all.q -l ngpus=1 -v MODEL="InceptionNet",DATASET="Cifar10",ATTACK="BIM",KIND="ALL",PHASE="generate",OUTPUT_DIR="adversarial_results_ep100_pre300" adversarial_hpc_submit.pbs </dev/null
[2026-09-11 08:07:57] [OK] InceptionNet/Cifar10/FGSM/ALL
[2026-09-11 08:07:57] [OK] qsub output: Your job 6503318 ("adversarial_hpc_submit.pbs") has been submitted
[2026-09-11 08:07:57] [OK] InceptionNet/Cifar10/CW/ALL
[2026-09-11 08:07:57] [OK] qsub output: Your job 6503319 ("adversarial_hpc_submit.pbs") has been submitted
[2026-09-11 08:07:57] [SUBMIT] InceptionNet/Cifar10/IFGSM/ALL
[2026-09-11 08:07:57] [CMD] qsub -q all.q -l ngpus=1 -v MODEL="InceptionNet",DATASET="Cifar10",ATTACK="IFGSM",KIND="ALL",PHASE="generate",OUTPUT_DIR="adversarial_results_ep200_pre200" adversarial_hpc_submit.pbs </dev/null
[2026-09-11 08:07:57] [SUBMIT] InceptionNet/Cifar10/DeepFool/ALL
[2026-09-11 08:07:57] [CMD] qsub -q all.q -l ngpus=1 -v MODEL="InceptionNet",DATASET="Cifar10",ATTACK="DeepFool",KIND="ALL",PHASE="generate",OUTPUT_DIR="adversarial_results_ep300_pre100" adversarial_hpc_submit.pbs </dev/null
[2026-09-11 08:08:04] [OK] InceptionNet/Cifar10/IFGSM/ALL
[2026-09-11 08:08:04] [OK] qsub output: Your job 6503321 ("adversarial_hpc_submit.pbs") has been submitted
[2026-09-11 08:08:04] [SUBMIT] InceptionNet/Cifar10/BIM/ALL
[2026-09-11 08:08:04] [CMD] qsub -q all.q -l ngpus=1 -v MODEL="InceptionNet",DATASET="Cifar10",ATTACK="BIM",KIND="ALL",PHASE="generate",OUTPUT_DIR="adversarial_results_ep200_pre200" adversarial_hpc_submit.pbs </dev/null
[2026-09-11 08:08:04] [OK] InceptionNet/Cifar10/BIM/ALL
[2026-09-11 08:08:04] [OK] qsub output: Your job 6503320 ("adversarial_hpc_submit.pbs") has been submitted
[2026-09-11 08:08:04] [SUBMIT] InceptionNet/Cifar10/APGD/ALL
[2026-09-11 08:08:04] [CMD] qsub -q all.q -l ngpus=1 -v MODEL="InceptionNet",DATASET="Cifar10",ATTACK="APGD",KIND="ALL",PHASE="generate",OUTPUT_DIR="adversarial_results_ep100_pre300" adversarial_hpc_submit.pbs </dev/null
[2026-09-11 08:08:09] [OK] InceptionNet/Cifar10/DeepFool/ALL
[2026-09-11 08:08:09] [OK] qsub output: Your job 6503322 ("adversarial_hpc_submit.pbs") has been submitted
[2026-09-11 08:08:09] [SUBMIT] InceptionNet/Cifar100/PGD/ALL
[2026-09-11 08:08:09] [CMD] qsub -q all.q -l ngpus=1 -v MODEL="InceptionNet",DATASET="Cifar100",ATTACK="PGD",KIND="ALL",PHASE="generate",OUTPUT_DIR="adversarial_results_ep300_pre100" adversarial_hpc_submit.pbs </dev/null
[2026-09-11 08:08:11] [OK] InceptionNet/Cifar10/BIM/ALL
[2026-09-11 08:08:11] [OK] qsub output: Your job 6503324 ("adversarial_hpc_submit.pbs") has been submitted
[2026-09-11 08:08:11] [SUBMIT] InceptionNet/Cifar10/APGD/ALL
[2026-09-11 08:08:11] [CMD] qsub -q all.q -l ngpus=1 -v MODEL="InceptionNet",DATASET="Cifar10",ATTACK="APGD",KIND="ALL",PHASE="generate",OUTPUT_DIR="adversarial_results_ep200_pre200" adversarial_hpc_submit.pbs </dev/null
[2026-09-11 08:08:18] [OK] InceptionNet/Cifar10/APGD/ALL
[2026-09-11 08:08:18] [OK] qsub output: Your job 6503325 ("adversarial_hpc_submit.pbs") has been submitted
[2026-09-11 08:08:18] [SUBMIT] InceptionNet/Cifar10/CW/ALL
[2026-09-11 08:08:18] [CMD] qsub -q all.q -l ngpus=1 -v MODEL="InceptionNet",DATASET="Cifar10",ATTACK="CW",KIND="ALL",PHASE="generate",OUTPUT_DIR="adversarial_results_ep100_pre300" adversarial_hpc_submit.pbs </dev/null
[2026-09-11 08:08:18] [OK] InceptionNet/Cifar100/PGD/ALL
[2026-09-11 08:08:18] [OK] qsub output: Your job 6503326 ("adversarial_hpc_submit.pbs") has been submitted
[2026-09-11 08:08:18] [SUBMIT] InceptionNet/Cifar100/FGSM/ALL
[2026-09-11 08:08:18] [CMD] qsub -q all.q -l ngpus=1 -v MODEL="InceptionNet",DATASET="Cifar100",ATTACK="FGSM",KIND="ALL",PHASE="generate",OUTPUT_DIR="adversarial_results_ep300_pre100" adversarial_hpc_submit.pbs </dev/null
[2026-09-11 08:08:25] [OK] InceptionNet/Cifar10/APGD/ALL
[2026-09-11 08:08:25] [OK] qsub output: Your job 6503327 ("adversarial_hpc_submit.pbs") has been submitted
[2026-09-11 08:08:25] [SUBMIT] InceptionNet/Cifar10/CW/ALL
[2026-09-11 08:08:25] [CMD] qsub -q all.q -l ngpus=1 -v MODEL="InceptionNet",DATASET="Cifar10",ATTACK="CW",KIND="ALL",PHASE="generate",OUTPUT_DIR="adversarial_results_ep200_pre200" adversarial_hpc_submit.pbs </dev/null
[2026-09-11 08:08:28] [OK] InceptionNet/Cifar10/CW/ALL
[2026-09-11 08:08:28] [OK] qsub output: Your job 6503328 ("adversarial_hpc_submit.pbs") has been submitted
[2026-09-11 08:08:28] [SUBMIT] InceptionNet/Cifar10/DeepFool/ALL
[2026-09-11 08:08:28] [CMD] qsub -q all.q -l ngpus=1 -v MODEL="InceptionNet",DATASET="Cifar10",ATTACK="DeepFool",KIND="ALL",PHASE="generate",OUTPUT_DIR="adversarial_results_ep100_pre300" adversarial_hpc_submit.pbs </dev/null
[2026-09-11 08:08:28] [OK] InceptionNet/Cifar100/FGSM/ALL
[2026-09-11 08:08:28] [OK] qsub output: Your job 6503329 ("adversarial_hpc_submit.pbs") has been submitted
[2026-09-11 08:08:28] [SUBMIT] InceptionNet/Cifar100/IFGSM/ALL
[2026-09-11 08:08:28] [CMD] qsub -q all.q -l ngpus=1 -v MODEL="InceptionNet",DATASET="Cifar100",ATTACK="IFGSM",KIND="ALL",PHASE="generate",OUTPUT_DIR="adversarial_results_ep300_pre100" adversarial_hpc_submit.pbs </dev/null
[2026-09-11 08:08:31] [OK] InceptionNet/Cifar10/CW/ALL
[2026-09-11 08:08:31] [OK] qsub output: Your job 6503331 ("adversarial_hpc_submit.pbs") has been submitted
[2026-09-11 08:08:31] [SUBMIT] InceptionNet/Cifar10/DeepFool/ALL
[2026-09-11 08:08:31] [CMD] qsub -q all.q -l ngpus=1 -v MODEL="InceptionNet",DATASET="Cifar10",ATTACK="DeepFool",KIND="ALL",PHASE="generate",OUTPUT_DIR="adversarial_results_ep200_pre200" adversarial_hpc_submit.pbs </dev/null
[2026-09-11 08:08:33] [OK] InceptionNet/Cifar10/DeepFool/ALL
[2026-09-11 08:08:33] [OK] qsub output: Your job 6503332 ("adversarial_hpc_submit.pbs") has been submitted
[2026-09-11 08:08:33] [SUBMIT] InceptionNet/Cifar100/PGD/ALL
[2026-09-11 08:08:33] [CMD] qsub -q all.q -l ngpus=1 -v MODEL="InceptionNet",DATASET="Cifar100",ATTACK="PGD",KIND="ALL",PHASE="generate",OUTPUT_DIR="adversarial_results_ep100_pre300" adversarial_hpc_submit.pbs </dev/null
[2026-09-11 08:08:36] [OK] InceptionNet/Cifar100/IFGSM/ALL
[2026-09-11 08:08:36] [OK] qsub output: Your job 6503333 ("adversarial_hpc_submit.pbs") has been submitted
[2026-09-11 08:08:36] [SUBMIT] InceptionNet/Cifar100/BIM/ALL
[2026-09-11 08:08:36] [CMD] qsub -q all.q -l ngpus=1 -v MODEL="InceptionNet",DATASET="Cifar100",ATTACK="BIM",KIND="ALL",PHASE="generate",OUTPUT_DIR="adversarial_results_ep300_pre100" adversarial_hpc_submit.pbs </dev/null
[2026-09-11 08:08:40] [OK] InceptionNet/Cifar10/DeepFool/ALL
[2026-09-11 08:08:40] [OK] qsub output: Your job 6503334 ("adversarial_hpc_submit.pbs") has been submitted
[2026-09-11 08:08:40] [SUBMIT] InceptionNet/Cifar100/PGD/ALL
[2026-09-11 08:08:40] [CMD] qsub -q all.q -l ngpus=1 -v MODEL="InceptionNet",DATASET="Cifar100",ATTACK="PGD",KIND="ALL",PHASE="generate",OUTPUT_DIR="adversarial_results_ep200_pre200" adversarial_hpc_submit.pbs </dev/null
[2026-09-11 08:08:44] [OK] InceptionNet/Cifar100/PGD/ALL
[2026-09-11 08:08:44] [OK] qsub output: Your job 6503335 ("adversarial_hpc_submit.pbs") has been submitted
[2026-09-11 08:08:44] [SUBMIT] InceptionNet/Cifar100/FGSM/ALL
[2026-09-11 08:08:44] [CMD] qsub -q all.q -l ngpus=1 -v MODEL="InceptionNet",DATASET="Cifar100",ATTACK="FGSM",KIND="ALL",PHASE="generate",OUTPUT_DIR="adversarial_results_ep100_pre300" adversarial_hpc_submit.pbs </dev/null
[2026-09-11 08:08:48] [OK] InceptionNet/Cifar100/BIM/ALL
[2026-09-11 08:08:48] [OK] qsub output: Your job 6503336 ("adversarial_hpc_submit.pbs") has been submitted
[2026-09-11 08:08:49] [SUBMIT] InceptionNet/Cifar100/APGD/ALL
[2026-09-11 08:08:49] [CMD] qsub -q all.q -l ngpus=1 -v MODEL="InceptionNet",DATASET="Cifar100",ATTACK="APGD",KIND="ALL",PHASE="generate",OUTPUT_DIR="adversarial_results_ep300_pre100" adversarial_hpc_submit.pbs </dev/null
[2026-09-11 08:08:49] [OK] InceptionNet/Cifar100/PGD/ALL
[2026-09-11 08:08:49] [OK] qsub output: Your job 6503337 ("adversarial_hpc_submit.pbs") has been submitted
[2026-09-11 08:08:49] [SUBMIT] InceptionNet/Cifar100/FGSM/ALL
[2026-09-11 08:08:49] [CMD] qsub -q all.q -l ngpus=1 -v MODEL="InceptionNet",DATASET="Cifar100",ATTACK="FGSM",KIND="ALL",PHASE="generate",OUTPUT_DIR="adversarial_results_ep200_pre200" adversarial_hpc_submit.pbs </dev/null
[2026-09-11 08:08:53] [OK] InceptionNet/Cifar100/APGD/ALL
[2026-09-11 08:08:53] [OK] qsub output: Your job 6503339 ("adversarial_hpc_submit.pbs") has been submitted
[2026-09-11 08:08:53] [SUBMIT] InceptionNet/Cifar100/CW/ALL
[2026-09-11 08:08:53] [CMD] qsub -q all.q -l ngpus=1 -v MODEL="InceptionNet",DATASET="Cifar100",ATTACK="CW",KIND="ALL",PHASE="generate",OUTPUT_DIR="adversarial_results_ep300_pre100" adversarial_hpc_submit.pbs </dev/null
[2026-09-11 08:08:54] [OK] InceptionNet/Cifar100/FGSM/ALL
[2026-09-11 08:08:54] [OK] qsub output: Your job 6503338 ("adversarial_hpc_submit.pbs") has been submitted
[2026-09-11 08:08:55] [SUBMIT] InceptionNet/Cifar100/IFGSM/ALL
[2026-09-11 08:08:55] [CMD] qsub -q all.q -l ngpus=1 -v MODEL="InceptionNet",DATASET="Cifar100",ATTACK="IFGSM",KIND="ALL",PHASE="generate",OUTPUT_DIR="adversarial_results_ep100_pre300" adversarial_hpc_submit.pbs </dev/null
[2026-09-11 08:08:59] [OK] InceptionNet/Cifar100/FGSM/ALL
[2026-09-11 08:08:59] [OK] qsub output: Your job 6503340 ("adversarial_hpc_submit.pbs") has been submitted
[2026-09-11 08:08:59] [SUBMIT] InceptionNet/Cifar100/IFGSM/ALL
[2026-09-11 08:08:59] [CMD] qsub -q all.q -l ngpus=1 -v MODEL="InceptionNet",DATASET="Cifar100",ATTACK="IFGSM",KIND="ALL",PHASE="generate",OUTPUT_DIR="adversarial_results_ep200_pre200" adversarial_hpc_submit.pbs </dev/null
[2026-09-11 08:09:02] [OK] InceptionNet/Cifar100/IFGSM/ALL
[2026-09-11 08:09:02] [OK] qsub output: Your job 6503342 ("adversarial_hpc_submit.pbs") has been submitted
[2026-09-11 08:09:02] [SUBMIT] InceptionNet/Cifar100/BIM/ALL
[2026-09-11 08:09:02] [CMD] qsub -q all.q -l ngpus=1 -v MODEL="InceptionNet",DATASET="Cifar100",ATTACK="BIM",KIND="ALL",PHASE="generate",OUTPUT_DIR="adversarial_results_ep100_pre300" adversarial_hpc_submit.pbs </dev/null
[2026-09-11 08:09:02] [OK] InceptionNet/Cifar100/CW/ALL
[2026-09-11 08:09:02] [OK] qsub output: Your job 6503341 ("adversarial_hpc_submit.pbs") has been submitted
[2026-09-11 08:09:02] [SUBMIT] InceptionNet/Cifar100/DeepFool/ALL
[2026-09-11 08:09:02] [CMD] qsub -q all.q -l ngpus=1 -v MODEL="InceptionNet",DATASET="Cifar100",ATTACK="DeepFool",KIND="ALL",PHASE="generate",OUTPUT_DIR="adversarial_results_ep300_pre100" adversarial_hpc_submit.pbs </dev/null
[2026-09-11 08:09:05] [OK] InceptionNet/Cifar100/IFGSM/ALL
[2026-09-11 08:09:05] [OK] qsub output: Your job 6503343 ("adversarial_hpc_submit.pbs") has been submitted
[2026-09-11 08:09:05] [SUBMIT] InceptionNet/Cifar100/BIM/ALL
[2026-09-11 08:09:05] [CMD] qsub -q all.q -l ngpus=1 -v MODEL="InceptionNet",DATASET="Cifar100",ATTACK="BIM",KIND="ALL",PHASE="generate",OUTPUT_DIR="adversarial_results_ep200_pre200" adversarial_hpc_submit.pbs </dev/null
[2026-09-11 08:09:09] [OK] InceptionNet/Cifar100/DeepFool/ALL
[2026-09-11 08:09:09] [OK] qsub output: Your job 6503345 ("adversarial_hpc_submit.pbs") has been submitted
[2026-09-11 08:09:09] [SUBMIT] InceptionNet/TinyImageNet/PGD/ALL
[2026-09-11 08:09:09] [CMD] qsub -q all.q -l ngpus=1 -v MODEL="InceptionNet",DATASET="TinyImageNet",ATTACK="PGD",KIND="ALL",PHASE="generate",OUTPUT_DIR="adversarial_results_ep300_pre100" adversarial_hpc_submit.pbs </dev/null
[2026-09-11 08:09:10] [OK] InceptionNet/Cifar100/BIM/ALL
[2026-09-11 08:09:10] [OK] qsub output: Your job 6503344 ("adversarial_hpc_submit.pbs") has been submitted
[2026-09-11 08:09:10] [SUBMIT] InceptionNet/Cifar100/APGD/ALL
[2026-09-11 08:09:10] [CMD] qsub -q all.q -l ngpus=1 -v MODEL="InceptionNet",DATASET="Cifar100",ATTACK="APGD",KIND="ALL",PHASE="generate",OUTPUT_DIR="adversarial_results_ep100_pre300" adversarial_hpc_submit.pbs </dev/null
[2026-09-11 08:09:18] [OK] InceptionNet/Cifar100/BIM/ALL
[2026-09-11 08:09:18] [OK] qsub output: Your job 6503347 ("adversarial_hpc_submit.pbs") has been submitted
[2026-09-11 08:09:18] [SUBMIT] InceptionNet/Cifar100/APGD/ALL
[2026-09-11 08:09:18] [CMD] qsub -q all.q -l ngpus=1 -v MODEL="InceptionNet",DATASET="Cifar100",ATTACK="APGD",KIND="ALL",PHASE="generate",OUTPUT_DIR="adversarial_results_ep200_pre200" adversarial_hpc_submit.pbs </dev/null
[2026-09-11 08:09:19] [OK] InceptionNet/TinyImageNet/PGD/ALL
[2026-09-11 08:09:19] [OK] qsub output: Your job 6503348 ("adversarial_hpc_submit.pbs") has been submitted
[2026-09-11 08:09:19] [SUBMIT] InceptionNet/TinyImageNet/FGSM/ALL
[2026-09-11 08:09:19] [CMD] qsub -q all.q -l ngpus=1 -v MODEL="InceptionNet",DATASET="TinyImageNet",ATTACK="FGSM",KIND="ALL",PHASE="generate",OUTPUT_DIR="adversarial_results_ep300_pre100" adversarial_hpc_submit.pbs </dev/null
[2026-09-11 08:09:20] [OK] InceptionNet/Cifar100/APGD/ALL
[2026-09-11 08:09:20] [OK] qsub output: Your job 6503349 ("adversarial_hpc_submit.pbs") has been submitted
[2026-09-11 08:09:20] [SUBMIT] InceptionNet/Cifar100/CW/ALL
[2026-09-11 08:09:20] [CMD] qsub -q all.q -l ngpus=1 -v MODEL="InceptionNet",DATASET="Cifar100",ATTACK="CW",KIND="ALL",PHASE="generate",OUTPUT_DIR="adversarial_results_ep100_pre300" adversarial_hpc_submit.pbs </dev/null
[2026-09-11 08:09:24] [OK] InceptionNet/Cifar100/APGD/ALL
[2026-09-11 08:09:24] [OK] qsub output: Your job 6503350 ("adversarial_hpc_submit.pbs") has been submitted
[2026-09-11 08:09:24] [SUBMIT] InceptionNet/Cifar100/CW/ALL
[2026-09-11 08:09:24] [CMD] qsub -q all.q -l ngpus=1 -v MODEL="InceptionNet",DATASET="Cifar100",ATTACK="CW",KIND="ALL",PHASE="generate",OUTPUT_DIR="adversarial_results_ep200_pre200" adversarial_hpc_submit.pbs </dev/null
[2026-09-11 08:09:28] [OK] InceptionNet/TinyImageNet/FGSM/ALL
[2026-09-11 08:09:28] [OK] qsub output: Your job 6503351 ("adversarial_hpc_submit.pbs") has been submitted
[2026-09-11 08:09:28] [SUBMIT] InceptionNet/TinyImageNet/IFGSM/ALL
[2026-09-11 08:09:28] [CMD] qsub -q all.q -l ngpus=1 -v MODEL="InceptionNet",DATASET="TinyImageNet",ATTACK="IFGSM",KIND="ALL",PHASE="generate",OUTPUT_DIR="adversarial_results_ep300_pre100" adversarial_hpc_submit.pbs </dev/null
[2026-09-11 08:09:33] [OK] InceptionNet/Cifar100/CW/ALL
[2026-09-11 08:09:33] [OK] qsub output: Your job 6503353 ("adversarial_hpc_submit.pbs") has been submitted
[2026-09-11 08:09:33] [SUBMIT] InceptionNet/Cifar100/DeepFool/ALL
[2026-09-11 08:09:33] [CMD] qsub -q all.q -l ngpus=1 -v MODEL="InceptionNet",DATASET="Cifar100",ATTACK="DeepFool",KIND="ALL",PHASE="generate",OUTPUT_DIR="adversarial_results_ep200_pre200" adversarial_hpc_submit.pbs </dev/null
[2026-09-11 08:09:33] [OK] InceptionNet/Cifar100/CW/ALL
[2026-09-11 08:09:33] [OK] qsub output: Your job 6503352 ("adversarial_hpc_submit.pbs") has been submitted
[2026-09-11 08:09:33] [SUBMIT] InceptionNet/Cifar100/DeepFool/ALL
[2026-09-11 08:09:33] [CMD] qsub -q all.q -l ngpus=1 -v MODEL="InceptionNet",DATASET="Cifar100",ATTACK="DeepFool",KIND="ALL",PHASE="generate",OUTPUT_DIR="adversarial_results_ep100_pre300" adversarial_hpc_submit.pbs </dev/null
[2026-09-11 08:09:38] [OK] InceptionNet/TinyImageNet/IFGSM/ALL
[2026-09-11 08:09:38] [OK] qsub output: Your job 6503354 ("adversarial_hpc_submit.pbs") has been submitted
[2026-09-11 08:09:38] [SUBMIT] InceptionNet/TinyImageNet/BIM/ALL
[2026-09-11 08:09:38] [CMD] qsub -q all.q -l ngpus=1 -v MODEL="InceptionNet",DATASET="TinyImageNet",ATTACK="BIM",KIND="ALL",PHASE="generate",OUTPUT_DIR="adversarial_results_ep300_pre100" adversarial_hpc_submit.pbs </dev/null
[2026-09-11 08:09:42] [OK] InceptionNet/Cifar100/DeepFool/ALL
[2026-09-11 08:09:42] [OK] qsub output: Your job 6503355 ("adversarial_hpc_submit.pbs") has been submitted
[2026-09-11 08:09:43] [SUBMIT] InceptionNet/TinyImageNet/PGD/ALL
[2026-09-11 08:09:43] [CMD] qsub -q all.q -l ngpus=1 -v MODEL="InceptionNet",DATASET="TinyImageNet",ATTACK="PGD",KIND="ALL",PHASE="generate",OUTPUT_DIR="adversarial_results_ep200_pre200" adversarial_hpc_submit.pbs </dev/null
[2026-09-11 08:09:43] [OK] InceptionNet/Cifar100/DeepFool/ALL
[2026-09-11 08:09:43] [OK] qsub output: Your job 6503356 ("adversarial_hpc_submit.pbs") has been submitted
[2026-09-11 08:09:43] [SUBMIT] InceptionNet/TinyImageNet/PGD/ALL
[2026-09-11 08:09:43] [CMD] qsub -q all.q -l ngpus=1 -v MODEL="InceptionNet",DATASET="TinyImageNet",ATTACK="PGD",KIND="ALL",PHASE="generate",OUTPUT_DIR="adversarial_results_ep100_pre300" adversarial_hpc_submit.pbs </dev/null
[2026-09-11 08:09:49] [OK] InceptionNet/TinyImageNet/PGD/ALL
[2026-09-11 08:09:49] [OK] qsub output: Your job 6503359 ("adversarial_hpc_submit.pbs") has been submitted
[2026-09-11 08:09:49] [SUBMIT] InceptionNet/TinyImageNet/FGSM/ALL
[2026-09-11 08:09:49] [CMD] qsub -q all.q -l ngpus=1 -v MODEL="InceptionNet",DATASET="TinyImageNet",ATTACK="FGSM",KIND="ALL",PHASE="generate",OUTPUT_DIR="adversarial_results_ep200_pre200" adversarial_hpc_submit.pbs </dev/null
[2026-09-11 08:09:52] [OK] InceptionNet/TinyImageNet/BIM/ALL
[2026-09-11 08:09:52] [OK] qsub output: Your job 6503357 ("adversarial_hpc_submit.pbs") has been submitted
[2026-09-11 08:09:52] [SUBMIT] InceptionNet/TinyImageNet/APGD/ALL
[2026-09-11 08:09:52] [CMD] qsub -q all.q -l ngpus=1 -v MODEL="InceptionNet",DATASET="TinyImageNet",ATTACK="APGD",KIND="ALL",PHASE="generate",OUTPUT_DIR="adversarial_results_ep300_pre100" adversarial_hpc_submit.pbs </dev/null
[2026-09-11 08:09:54] [OK] InceptionNet/TinyImageNet/PGD/ALL
[2026-09-11 08:09:54] [OK] qsub output: Your job 6503360 ("adversarial_hpc_submit.pbs") has been submitted
[2026-09-11 08:09:54] [SUBMIT] InceptionNet/TinyImageNet/FGSM/ALL
[2026-09-11 08:09:54] [CMD] qsub -q all.q -l ngpus=1 -v MODEL="InceptionNet",DATASET="TinyImageNet",ATTACK="FGSM",KIND="ALL",PHASE="generate",OUTPUT_DIR="adversarial_results_ep100_pre300" adversarial_hpc_submit.pbs </dev/null
[2026-09-11 08:10:01] [OK] InceptionNet/TinyImageNet/FGSM/ALL
[2026-09-11 08:10:01] [OK] qsub output: Your job 6503362 ("adversarial_hpc_submit.pbs") has been submitted
[2026-09-11 08:10:01] [SUBMIT] InceptionNet/TinyImageNet/IFGSM/ALL
[2026-09-11 08:10:01] [CMD] qsub -q all.q -l ngpus=1 -v MODEL="InceptionNet",DATASET="TinyImageNet",ATTACK="IFGSM",KIND="ALL",PHASE="generate",OUTPUT_DIR="adversarial_results_ep200_pre200" adversarial_hpc_submit.pbs </dev/null
[2026-09-11 08:10:05] [OK] InceptionNet/TinyImageNet/APGD/ALL
[2026-09-11 08:10:05] [OK] qsub output: Your job 6503363 ("adversarial_hpc_submit.pbs") has been submitted
[2026-09-11 08:10:05] [SUBMIT] InceptionNet/TinyImageNet/CW/ALL
[2026-09-11 08:10:05] [CMD] qsub -q all.q -l ngpus=1 -v MODEL="InceptionNet",DATASET="TinyImageNet",ATTACK="CW",KIND="ALL",PHASE="generate",OUTPUT_DIR="adversarial_results_ep300_pre100" adversarial_hpc_submit.pbs </dev/null
[2026-09-11 08:10:06] [OK] InceptionNet/TinyImageNet/FGSM/ALL
[2026-09-11 08:10:06] [OK] qsub output: Your job 6503364 ("adversarial_hpc_submit.pbs") has been submitted
[2026-09-11 08:10:06] [SUBMIT] InceptionNet/TinyImageNet/IFGSM/ALL
[2026-09-11 08:10:06] [CMD] qsub -q all.q -l ngpus=1 -v MODEL="InceptionNet",DATASET="TinyImageNet",ATTACK="IFGSM",KIND="ALL",PHASE="generate",OUTPUT_DIR="adversarial_results_ep100_pre300" adversarial_hpc_submit.pbs </dev/null
[2026-09-11 08:10:12] [OK] InceptionNet/TinyImageNet/IFGSM/ALL
[2026-09-11 08:10:12] [OK] qsub output: Your job 6503366 ("adversarial_hpc_submit.pbs") has been submitted
[2026-09-11 08:10:12] [SUBMIT] InceptionNet/TinyImageNet/BIM/ALL
[2026-09-11 08:10:12] [CMD] qsub -q all.q -l ngpus=1 -v MODEL="InceptionNet",DATASET="TinyImageNet",ATTACK="BIM",KIND="ALL",PHASE="generate",OUTPUT_DIR="adversarial_results_ep200_pre200" adversarial_hpc_submit.pbs </dev/null
[2026-09-11 08:10:14] [OK] InceptionNet/TinyImageNet/CW/ALL
[2026-09-11 08:10:14] [OK] qsub output: Your job 6503367 ("adversarial_hpc_submit.pbs") has been submitted
[2026-09-11 08:10:14] [SUBMIT] InceptionNet/TinyImageNet/DeepFool/ALL
[2026-09-11 08:10:14] [CMD] qsub -q all.q -l ngpus=1 -v MODEL="InceptionNet",DATASET="TinyImageNet",ATTACK="DeepFool",KIND="ALL",PHASE="generate",OUTPUT_DIR="adversarial_results_ep300_pre100" adversarial_hpc_submit.pbs </dev/null
[2026-09-11 08:10:19] [OK] InceptionNet/TinyImageNet/IFGSM/ALL
[2026-09-11 08:10:19] [OK] qsub output: Your job 6503368 ("adversarial_hpc_submit.pbs") has been submitted
[2026-09-11 08:10:19] [SUBMIT] InceptionNet/TinyImageNet/BIM/ALL
[2026-09-11 08:10:19] [CMD] qsub -q all.q -l ngpus=1 -v MODEL="InceptionNet",DATASET="TinyImageNet",ATTACK="BIM",KIND="ALL",PHASE="generate",OUTPUT_DIR="adversarial_results_ep100_pre300" adversarial_hpc_submit.pbs </dev/null
[2026-09-11 08:10:21] [OK] InceptionNet/TinyImageNet/DeepFool/ALL
[2026-09-11 08:10:21] [OK] qsub output: Your job 6503371 ("adversarial_hpc_submit.pbs") has been submitted
[2026-09-11 08:10:21] [SUBMIT] MobileNet/Cifar10/PGD/ALL
[2026-09-11 08:10:21] [CMD] qsub -q all.q -l ngpus=1 -v MODEL="MobileNet",DATASET="Cifar10",ATTACK="PGD",KIND="ALL",PHASE="generate",OUTPUT_DIR="adversarial_results_ep300_pre100" adversarial_hpc_submit.pbs </dev/null
[2026-09-11 08:10:27] [OK] InceptionNet/TinyImageNet/BIM/ALL
[2026-09-11 08:10:27] [OK] qsub output: Your job 6503370 ("adversarial_hpc_submit.pbs") has been submitted
[2026-09-11 08:10:27] [SUBMIT] InceptionNet/TinyImageNet/APGD/ALL
[2026-09-11 08:10:27] [CMD] qsub -q all.q -l ngpus=1 -v MODEL="InceptionNet",DATASET="TinyImageNet",ATTACK="APGD",KIND="ALL",PHASE="generate",OUTPUT_DIR="adversarial_results_ep200_pre200" adversarial_hpc_submit.pbs </dev/null
[2026-09-11 08:10:30] [OK] InceptionNet/TinyImageNet/BIM/ALL
[2026-09-11 08:10:30] [OK] qsub output: Your job 6503374 ("adversarial_hpc_submit.pbs") has been submitted
[2026-09-11 08:10:30] [SUBMIT] InceptionNet/TinyImageNet/APGD/ALL
[2026-09-11 08:10:30] [CMD] qsub -q all.q -l ngpus=1 -v MODEL="InceptionNet",DATASET="TinyImageNet",ATTACK="APGD",KIND="ALL",PHASE="generate",OUTPUT_DIR="adversarial_results_ep100_pre300" adversarial_hpc_submit.pbs </dev/null
[2026-09-11 08:10:36] [OK] MobileNet/Cifar10/PGD/ALL
[2026-09-11 08:10:36] [OK] qsub output: Your job 6503375 ("adversarial_hpc_submit.pbs") has been submitted
[2026-09-11 08:10:36] [SUBMIT] MobileNet/Cifar10/FGSM/ALL
[2026-09-11 08:10:36] [CMD] qsub -q all.q -l ngpus=1 -v MODEL="MobileNet",DATASET="Cifar10",ATTACK="FGSM",KIND="ALL",PHASE="generate",OUTPUT_DIR="adversarial_results_ep300_pre100" adversarial_hpc_submit.pbs </dev/null
[2026-09-11 08:10:44] [OK] InceptionNet/TinyImageNet/APGD/ALL
[2026-09-11 08:10:44] [OK] qsub output: Your job 6503378 ("adversarial_hpc_submit.pbs") has been submitted
[2026-09-11 08:10:44] [SUBMIT] InceptionNet/TinyImageNet/CW/ALL
[2026-09-11 08:10:44] [CMD] qsub -q all.q -l ngpus=1 -v MODEL="InceptionNet",DATASET="TinyImageNet",ATTACK="CW",KIND="ALL",PHASE="generate",OUTPUT_DIR="adversarial_results_ep100_pre300" adversarial_hpc_submit.pbs </dev/null
[2026-09-11 08:10:45] [OK] InceptionNet/TinyImageNet/APGD/ALL
[2026-09-11 08:10:45] [OK] qsub output: Your job 6503377 ("adversarial_hpc_submit.pbs") has been submitted
[2026-09-11 08:10:45] [SUBMIT] InceptionNet/TinyImageNet/CW/ALL
[2026-09-11 08:10:45] [CMD] qsub -q all.q -l ngpus=1 -v MODEL="InceptionNet",DATASET="TinyImageNet",ATTACK="CW",KIND="ALL",PHASE="generate",OUTPUT_DIR="adversarial_results_ep200_pre200" adversarial_hpc_submit.pbs </dev/null
[2026-09-11 08:10:49] [OK] InceptionNet/TinyImageNet/CW/ALL
[2026-09-11 08:10:49] [OK] qsub output: Your job 6503380 ("adversarial_hpc_submit.pbs") has been submitted
[2026-09-11 08:10:49] [SUBMIT] InceptionNet/TinyImageNet/DeepFool/ALL
[2026-09-11 08:10:49] [CMD] qsub -q all.q -l ngpus=1 -v MODEL="InceptionNet",DATASET="TinyImageNet",ATTACK="DeepFool",KIND="ALL",PHASE="generate",OUTPUT_DIR="adversarial_results_ep100_pre300" adversarial_hpc_submit.pbs </dev/null
[2026-09-11 08:10:49] [OK] MobileNet/Cifar10/FGSM/ALL
[2026-09-11 08:10:49] [OK] qsub output: Your job 6503379 ("adversarial_hpc_submit.pbs") has been submitted
[2026-09-11 08:10:49] [SUBMIT] MobileNet/Cifar10/IFGSM/ALL
[2026-09-11 08:10:49] [CMD] qsub -q all.q -l ngpus=1 -v MODEL="MobileNet",DATASET="Cifar10",ATTACK="IFGSM",KIND="ALL",PHASE="generate",OUTPUT_DIR="adversarial_results_ep300_pre100" adversarial_hpc_submit.pbs </dev/null
[2026-09-11 08:10:52] [OK] InceptionNet/TinyImageNet/DeepFool/ALL
[2026-09-11 08:10:52] [OK] qsub output: Your job 6503382 ("adversarial_hpc_submit.pbs") has been submitted
[2026-09-11 08:10:52] [SUBMIT] MobileNet/Cifar10/PGD/ALL
[2026-09-11 08:10:52] [CMD] qsub -q all.q -l ngpus=1 -v MODEL="MobileNet",DATASET="Cifar10",ATTACK="PGD",KIND="ALL",PHASE="generate",OUTPUT_DIR="adversarial_results_ep100_pre300" adversarial_hpc_submit.pbs </dev/null
[2026-09-11 08:10:52] [OK] InceptionNet/TinyImageNet/CW/ALL
[2026-09-11 08:10:52] [OK] qsub output: Your job 6503381 ("adversarial_hpc_submit.pbs") has been submitted
[2026-09-11 08:10:52] [SUBMIT] InceptionNet/TinyImageNet/DeepFool/ALL
[2026-09-11 08:10:52] [CMD] qsub -q all.q -l ngpus=1 -v MODEL="InceptionNet",DATASET="TinyImageNet",ATTACK="DeepFool",KIND="ALL",PHASE="generate",OUTPUT_DIR="adversarial_results_ep200_pre200" adversarial_hpc_submit.pbs </dev/null
[2026-09-11 08:10:55] [OK] MobileNet/Cifar10/IFGSM/ALL
[2026-09-11 08:10:55] [OK] qsub output: Your job 6503383 ("adversarial_hpc_submit.pbs") has been submitted
[2026-09-11 08:10:55] [SUBMIT] MobileNet/Cifar10/BIM/ALL
[2026-09-11 08:10:55] [CMD] qsub -q all.q -l ngpus=1 -v MODEL="MobileNet",DATASET="Cifar10",ATTACK="BIM",KIND="ALL",PHASE="generate",OUTPUT_DIR="adversarial_results_ep300_pre100" adversarial_hpc_submit.pbs </dev/null
[2026-09-11 08:11:00] [OK] MobileNet/Cifar10/PGD/ALL
[2026-09-11 08:11:00] [OK] qsub output: Your job 6503384 ("adversarial_hpc_submit.pbs") has been submitted
[2026-09-11 08:11:00] [SUBMIT] MobileNet/Cifar10/FGSM/ALL
[2026-09-11 08:11:00] [CMD] qsub -q all.q -l ngpus=1 -v MODEL="MobileNet",DATASET="Cifar10",ATTACK="FGSM",KIND="ALL",PHASE="generate",OUTPUT_DIR="adversarial_results_ep100_pre300" adversarial_hpc_submit.pbs </dev/null
[2026-09-11 08:11:00] [OK] InceptionNet/TinyImageNet/DeepFool/ALL
[2026-09-11 08:11:00] [OK] qsub output: Your job 6503385 ("adversarial_hpc_submit.pbs") has been submitted
[2026-09-11 08:11:00] [SUBMIT] MobileNet/Cifar10/PGD/ALL
[2026-09-11 08:11:00] [CMD] qsub -q all.q -l ngpus=1 -v MODEL="MobileNet",DATASET="Cifar10",ATTACK="PGD",KIND="ALL",PHASE="generate",OUTPUT_DIR="adversarial_results_ep200_pre200" adversarial_hpc_submit.pbs </dev/null
[2026-09-11 08:11:07] [OK] MobileNet/Cifar10/BIM/ALL
[2026-09-11 08:11:07] [OK] qsub output: Your job 6503386 ("adversarial_hpc_submit.pbs") has been submitted
[2026-09-11 08:11:07] [SUBMIT] MobileNet/Cifar10/APGD/ALL
[2026-09-11 08:11:07] [CMD] qsub -q all.q -l ngpus=1 -v MODEL="MobileNet",DATASET="Cifar10",ATTACK="APGD",KIND="ALL",PHASE="generate",OUTPUT_DIR="adversarial_results_ep300_pre100" adversarial_hpc_submit.pbs </dev/null
[2026-09-11 08:11:08] [OK] MobileNet/Cifar10/FGSM/ALL
[2026-09-11 08:11:08] [OK] qsub output: Your job 6503387 ("adversarial_hpc_submit.pbs") has been submitted
[2026-09-11 08:11:09] [SUBMIT] MobileNet/Cifar10/IFGSM/ALL
[2026-09-11 08:11:09] [CMD] qsub -q all.q -l ngpus=1 -v MODEL="MobileNet",DATASET="Cifar10",ATTACK="IFGSM",KIND="ALL",PHASE="generate",OUTPUT_DIR="adversarial_results_ep100_pre300" adversarial_hpc_submit.pbs </dev/null
[2026-09-11 08:11:16] [OK] MobileNet/Cifar10/PGD/ALL
[2026-09-11 08:11:16] [OK] qsub output: Your job 6503388 ("adversarial_hpc_submit.pbs") has been submitted
[2026-09-11 08:11:16] [SUBMIT] MobileNet/Cifar10/FGSM/ALL
[2026-09-11 08:11:16] [CMD] qsub -q all.q -l ngpus=1 -v MODEL="MobileNet",DATASET="Cifar10",ATTACK="FGSM",KIND="ALL",PHASE="generate",OUTPUT_DIR="adversarial_results_ep200_pre200" adversarial_hpc_submit.pbs </dev/null
[2026-09-11 08:11:16] [OK] MobileNet/Cifar10/APGD/ALL
[2026-09-11 08:11:16] [OK] qsub output: Your job 6503389 ("adversarial_hpc_submit.pbs") has been submitted
[2026-09-11 08:11:16] [SUBMIT] MobileNet/Cifar10/CW/ALL
[2026-09-11 08:11:16] [CMD] qsub -q all.q -l ngpus=1 -v MODEL="MobileNet",DATASET="Cifar10",ATTACK="CW",KIND="ALL",PHASE="generate",OUTPUT_DIR="adversarial_results_ep300_pre100" adversarial_hpc_submit.pbs </dev/null
[2026-09-11 08:11:24] [OK] MobileNet/Cifar10/IFGSM/ALL
[2026-09-11 08:11:24] [OK] qsub output: Your job 6503390 ("adversarial_hpc_submit.pbs") has been submitted
[2026-09-11 08:11:25] [SUBMIT] MobileNet/Cifar10/BIM/ALL
[2026-09-11 08:11:25] [CMD] qsub -q all.q -l ngpus=1 -v MODEL="MobileNet",DATASET="Cifar10",ATTACK="BIM",KIND="ALL",PHASE="generate",OUTPUT_DIR="adversarial_results_ep100_pre300" adversarial_hpc_submit.pbs </dev/null
[2026-09-11 08:11:25] [OK] MobileNet/Cifar10/FGSM/ALL
[2026-09-11 08:11:25] [OK] qsub output: Your job 6503392 ("adversarial_hpc_submit.pbs") has been submitted
[2026-09-11 08:11:25] [SUBMIT] MobileNet/Cifar10/IFGSM/ALL
[2026-09-11 08:11:25] [CMD] qsub -q all.q -l ngpus=1 -v MODEL="MobileNet",DATASET="Cifar10",ATTACK="IFGSM",KIND="ALL",PHASE="generate",OUTPUT_DIR="adversarial_results_ep200_pre200" adversarial_hpc_submit.pbs </dev/null
[2026-09-11 08:11:27] [OK] MobileNet/Cifar10/BIM/ALL
[2026-09-11 08:11:27] [OK] qsub output: Your job 6503394 ("adversarial_hpc_submit.pbs") has been submitted
[2026-09-11 08:11:27] [SUBMIT] MobileNet/Cifar10/APGD/ALL
[2026-09-11 08:11:27] [CMD] qsub -q all.q -l ngpus=1 -v MODEL="MobileNet",DATASET="Cifar10",ATTACK="APGD",KIND="ALL",PHASE="generate",OUTPUT_DIR="adversarial_results_ep100_pre300" adversarial_hpc_submit.pbs </dev/null
[2026-09-11 08:11:31] [OK] MobileNet/Cifar10/IFGSM/ALL
[2026-09-11 08:11:31] [OK] qsub output: Your job 6503395 ("adversarial_hpc_submit.pbs") has been submitted
[2026-09-11 08:11:31] [SUBMIT] MobileNet/Cifar10/BIM/ALL
[2026-09-11 08:11:31] [CMD] qsub -q all.q -l ngpus=1 -v MODEL="MobileNet",DATASET="Cifar10",ATTACK="BIM",KIND="ALL",PHASE="generate",OUTPUT_DIR="adversarial_results_ep200_pre200" adversarial_hpc_submit.pbs </dev/null
[2026-09-11 08:11:33] [OK] MobileNet/Cifar10/CW/ALL
[2026-09-11 08:11:33] [OK] qsub output: Your job 6503393 ("adversarial_hpc_submit.pbs") has been submitted
[2026-09-11 08:11:33] [SUBMIT] MobileNet/Cifar10/DeepFool/ALL
[2026-09-11 08:11:33] [CMD] qsub -q all.q -l ngpus=1 -v MODEL="MobileNet",DATASET="Cifar10",ATTACK="DeepFool",KIND="ALL",PHASE="generate",OUTPUT_DIR="adversarial_results_ep300_pre100" adversarial_hpc_submit.pbs </dev/null
[2026-09-11 08:11:37] [OK] MobileNet/Cifar10/BIM/ALL
[2026-09-11 08:11:37] [OK] qsub output: Your job 6503397 ("adversarial_hpc_submit.pbs") has been submitted
[2026-09-11 08:11:37] [SUBMIT] MobileNet/Cifar10/APGD/ALL
[2026-09-11 08:11:37] [CMD] qsub -q all.q -l ngpus=1 -v MODEL="MobileNet",DATASET="Cifar10",ATTACK="APGD",KIND="ALL",PHASE="generate",OUTPUT_DIR="adversarial_results_ep200_pre200" adversarial_hpc_submit.pbs </dev/null
[2026-09-11 08:11:40] [OK] MobileNet/Cifar10/APGD/ALL
[2026-09-11 08:11:40] [OK] qsub output: Your job 6503396 ("adversarial_hpc_submit.pbs") has been submitted
[2026-09-11 08:11:40] [SUBMIT] MobileNet/Cifar10/CW/ALL
[2026-09-11 08:11:40] [CMD] qsub -q all.q -l ngpus=1 -v MODEL="MobileNet",DATASET="Cifar10",ATTACK="CW",KIND="ALL",PHASE="generate",OUTPUT_DIR="adversarial_results_ep100_pre300" adversarial_hpc_submit.pbs </dev/null
[2026-09-11 08:11:44] [OK] MobileNet/Cifar10/DeepFool/ALL
[2026-09-11 08:11:44] [OK] qsub output: Your job 6503398 ("adversarial_hpc_submit.pbs") has been submitted
[2026-09-11 08:11:44] [SUBMIT] MobileNet/Cifar100/PGD/ALL
[2026-09-11 08:11:44] [CMD] qsub -q all.q -l ngpus=1 -v MODEL="MobileNet",DATASET="Cifar100",ATTACK="PGD",KIND="ALL",PHASE="generate",OUTPUT_DIR="adversarial_results_ep300_pre100" adversarial_hpc_submit.pbs </dev/null
[2026-09-11 08:11:47] [OK] MobileNet/Cifar10/APGD/ALL
[2026-09-11 08:11:47] [OK] qsub output: Your job 6503399 ("adversarial_hpc_submit.pbs") has been submitted
[2026-09-11 08:11:48] [SUBMIT] MobileNet/Cifar10/CW/ALL
[2026-09-11 08:11:48] [CMD] qsub -q all.q -l ngpus=1 -v MODEL="MobileNet",DATASET="Cifar10",ATTACK="CW",KIND="ALL",PHASE="generate",OUTPUT_DIR="adversarial_results_ep200_pre200" adversarial_hpc_submit.pbs </dev/null
[2026-09-11 08:11:48] [OK] MobileNet/Cifar10/CW/ALL
[2026-09-11 08:11:48] [OK] qsub output: Your job 6503400 ("adversarial_hpc_submit.pbs") has been submitted
[2026-09-11 08:11:48] [SUBMIT] MobileNet/Cifar10/DeepFool/ALL
[2026-09-11 08:11:48] [CMD] qsub -q all.q -l ngpus=1 -v MODEL="MobileNet",DATASET="Cifar10",ATTACK="DeepFool",KIND="ALL",PHASE="generate",OUTPUT_DIR="adversarial_results_ep100_pre300" adversarial_hpc_submit.pbs </dev/null
[2026-09-11 08:11:51] [OK] MobileNet/Cifar10/CW/ALL
[2026-09-11 08:11:51] [OK] qsub output: Your job 6503402 ("adversarial_hpc_submit.pbs") has been submitted
[2026-09-11 08:11:51] [SUBMIT] MobileNet/Cifar10/DeepFool/ALL
[2026-09-11 08:11:51] [CMD] qsub -q all.q -l ngpus=1 -v MODEL="MobileNet",DATASET="Cifar10",ATTACK="DeepFool",KIND="ALL",PHASE="generate",OUTPUT_DIR="adversarial_results_ep200_pre200" adversarial_hpc_submit.pbs </dev/null
[2026-09-11 08:11:53] [OK] MobileNet/Cifar100/PGD/ALL
[2026-09-11 08:11:53] [OK] qsub output: Your job 6503401 ("adversarial_hpc_submit.pbs") has been submitted
[2026-09-11 08:11:53] [SUBMIT] MobileNet/Cifar100/FGSM/ALL
[2026-09-11 08:11:53] [CMD] qsub -q all.q -l ngpus=1 -v MODEL="MobileNet",DATASET="Cifar100",ATTACK="FGSM",KIND="ALL",PHASE="generate",OUTPUT_DIR="adversarial_results_ep300_pre100" adversarial_hpc_submit.pbs </dev/null
[2026-09-11 08:11:57] [OK] MobileNet/Cifar10/DeepFool/ALL
[2026-09-11 08:11:57] [OK] qsub output: Your job 6503403 ("adversarial_hpc_submit.pbs") has been submitted
[2026-09-11 08:11:57] [SUBMIT] MobileNet/Cifar100/PGD/ALL
[2026-09-11 08:11:57] [CMD] qsub -q all.q -l ngpus=1 -v MODEL="MobileNet",DATASET="Cifar100",ATTACK="PGD",KIND="ALL",PHASE="generate",OUTPUT_DIR="adversarial_results_ep100_pre300" adversarial_hpc_submit.pbs </dev/null
[2026-09-11 08:11:59] [OK] MobileNet/Cifar100/FGSM/ALL
[2026-09-11 08:11:59] [OK] qsub output: Your job 6503405 ("adversarial_hpc_submit.pbs") has been submitted
[2026-09-11 08:11:59] [SUBMIT] MobileNet/Cifar100/IFGSM/ALL
[2026-09-11 08:11:59] [CMD] qsub -q all.q -l ngpus=1 -v MODEL="MobileNet",DATASET="Cifar100",ATTACK="IFGSM",KIND="ALL",PHASE="generate",OUTPUT_DIR="adversarial_results_ep300_pre100" adversarial_hpc_submit.pbs </dev/null
[2026-09-11 08:12:01] [OK] MobileNet/Cifar100/PGD/ALL
[2026-09-11 08:12:01] [OK] qsub output: Your job 6503406 ("adversarial_hpc_submit.pbs") has been submitted
[2026-09-11 08:12:01] [SUBMIT] MobileNet/Cifar100/FGSM/ALL
[2026-09-11 08:12:01] [CMD] qsub -q all.q -l ngpus=1 -v MODEL="MobileNet",DATASET="Cifar100",ATTACK="FGSM",KIND="ALL",PHASE="generate",OUTPUT_DIR="adversarial_results_ep100_pre300" adversarial_hpc_submit.pbs </dev/null
[2026-09-11 08:12:02] [OK] MobileNet/Cifar10/DeepFool/ALL
[2026-09-11 08:12:02] [OK] qsub output: Your job 6503404 ("adversarial_hpc_submit.pbs") has been submitted
[2026-09-11 08:12:02] [SUBMIT] MobileNet/Cifar100/PGD/ALL
[2026-09-11 08:12:02] [CMD] qsub -q all.q -l ngpus=1 -v MODEL="MobileNet",DATASET="Cifar100",ATTACK="PGD",KIND="ALL",PHASE="generate",OUTPUT_DIR="adversarial_results_ep200_pre200" adversarial_hpc_submit.pbs </dev/null
[2026-09-11 08:12:10] [OK] MobileNet/Cifar100/IFGSM/ALL
[2026-09-11 08:12:10] [OK] qsub output: Your job 6503407 ("adversarial_hpc_submit.pbs") has been submitted
[2026-09-11 08:12:10] [SUBMIT] MobileNet/Cifar100/BIM/ALL
[2026-09-11 08:12:10] [CMD] qsub -q all.q -l ngpus=1 -v MODEL="MobileNet",DATASET="Cifar100",ATTACK="BIM",KIND="ALL",PHASE="generate",OUTPUT_DIR="adversarial_results_ep300_pre100" adversarial_hpc_submit.pbs </dev/null
[2026-09-11 08:12:10] [OK] MobileNet/Cifar100/FGSM/ALL
[2026-09-11 08:12:10] [OK] qsub output: Your job 6503408 ("adversarial_hpc_submit.pbs") has been submitted
[2026-09-11 08:12:10] [SUBMIT] MobileNet/Cifar100/IFGSM/ALL
[2026-09-11 08:12:10] [CMD] qsub -q all.q -l ngpus=1 -v MODEL="MobileNet",DATASET="Cifar100",ATTACK="IFGSM",KIND="ALL",PHASE="generate",OUTPUT_DIR="adversarial_results_ep100_pre300" adversarial_hpc_submit.pbs </dev/null
[2026-09-11 08:12:13] [OK] MobileNet/Cifar100/BIM/ALL
[2026-09-11 08:12:13] [OK] qsub output: Your job 6503410 ("adversarial_hpc_submit.pbs") has been submitted
[2026-09-11 08:12:13] [SUBMIT] MobileNet/Cifar100/APGD/ALL
[2026-09-11 08:12:13] [CMD] qsub -q all.q -l ngpus=1 -v MODEL="MobileNet",DATASET="Cifar100",ATTACK="APGD",KIND="ALL",PHASE="generate",OUTPUT_DIR="adversarial_results_ep300_pre100" adversarial_hpc_submit.pbs </dev/null
[2026-09-11 08:12:17] [OK] MobileNet/Cifar100/IFGSM/ALL
[2026-09-11 08:12:17] [OK] qsub output: Your job 6503411 ("adversarial_hpc_submit.pbs") has been submitted
[2026-09-11 08:12:17] [SUBMIT] MobileNet/Cifar100/BIM/ALL
[2026-09-11 08:12:17] [CMD] qsub -q all.q -l ngpus=1 -v MODEL="MobileNet",DATASET="Cifar100",ATTACK="BIM",KIND="ALL",PHASE="generate",OUTPUT_DIR="adversarial_results_ep100_pre300" adversarial_hpc_submit.pbs </dev/null
[2026-09-11 08:12:19] [OK] MobileNet/Cifar100/PGD/ALL
[2026-09-11 08:12:19] [OK] qsub output: Your job 6503409 ("adversarial_hpc_submit.pbs") has been submitted
[2026-09-11 08:12:19] [SUBMIT] MobileNet/Cifar100/FGSM/ALL
[2026-09-11 08:12:19] [CMD] qsub -q all.q -l ngpus=1 -v MODEL="MobileNet",DATASET="Cifar100",ATTACK="FGSM",KIND="ALL",PHASE="generate",OUTPUT_DIR="adversarial_results_ep200_pre200" adversarial_hpc_submit.pbs </dev/null
[2026-09-11 08:12:25] [OK] MobileNet/Cifar100/APGD/ALL
[2026-09-11 08:12:25] [OK] qsub output: Your job 6503412 ("adversarial_hpc_submit.pbs") has been submitted
[2026-09-11 08:12:25] [SUBMIT] MobileNet/Cifar100/CW/ALL
[2026-09-11 08:12:25] [CMD] qsub -q all.q -l ngpus=1 -v MODEL="MobileNet",DATASET="Cifar100",ATTACK="CW",KIND="ALL",PHASE="generate",OUTPUT_DIR="adversarial_results_ep300_pre100" adversarial_hpc_submit.pbs </dev/null
[2026-09-11 08:12:26] [OK] MobileNet/Cifar100/BIM/ALL
[2026-09-11 08:12:26] [OK] qsub output: Your job 6503413 ("adversarial_hpc_submit.pbs") has been submitted
[2026-09-11 08:12:26] [SUBMIT] MobileNet/Cifar100/APGD/ALL
[2026-09-11 08:12:26] [CMD] qsub -q all.q -l ngpus=1 -v MODEL="MobileNet",DATASET="Cifar100",ATTACK="APGD",KIND="ALL",PHASE="generate",OUTPUT_DIR="adversarial_results_ep100_pre300" adversarial_hpc_submit.pbs </dev/null
[2026-09-11 08:12:33] [OK] MobileNet/Cifar100/CW/ALL
[2026-09-11 08:12:33] [OK] qsub output: Your job 6503415 ("adversarial_hpc_submit.pbs") has been submitted
[2026-09-11 08:12:33] [SUBMIT] MobileNet/Cifar100/DeepFool/ALL
[2026-09-11 08:12:33] [CMD] qsub -q all.q -l ngpus=1 -v MODEL="MobileNet",DATASET="Cifar100",ATTACK="DeepFool",KIND="ALL",PHASE="generate",OUTPUT_DIR="adversarial_results_ep300_pre100" adversarial_hpc_submit.pbs </dev/null
[2026-09-11 08:12:34] [OK] MobileNet/Cifar100/APGD/ALL
[2026-09-11 08:12:34] [OK] qsub output: Your job 6503416 ("adversarial_hpc_submit.pbs") has been submitted
[2026-09-11 08:12:34] [SUBMIT] MobileNet/Cifar100/CW/ALL
[2026-09-11 08:12:34] [CMD] qsub -q all.q -l ngpus=1 -v MODEL="MobileNet",DATASET="Cifar100",ATTACK="CW",KIND="ALL",PHASE="generate",OUTPUT_DIR="adversarial_results_ep100_pre300" adversarial_hpc_submit.pbs </dev/null
[2026-09-11 08:12:35] [OK] MobileNet/Cifar100/FGSM/ALL
[2026-09-11 08:12:35] [OK] qsub output: Your job 6503414 ("adversarial_hpc_submit.pbs") has been submitted
[2026-09-11 08:12:35] [SUBMIT] MobileNet/Cifar100/IFGSM/ALL
[2026-09-11 08:12:35] [CMD] qsub -q all.q -l ngpus=1 -v MODEL="MobileNet",DATASET="Cifar100",ATTACK="IFGSM",KIND="ALL",PHASE="generate",OUTPUT_DIR="adversarial_results_ep200_pre200" adversarial_hpc_submit.pbs </dev/null
[2026-09-11 08:12:37] [OK] MobileNet/Cifar100/CW/ALL
[2026-09-11 08:12:37] [OK] qsub output: Your job 6503418 ("adversarial_hpc_submit.pbs") has been submitted
[2026-09-11 08:12:37] [SUBMIT] MobileNet/Cifar100/DeepFool/ALL
[2026-09-11 08:12:37] [CMD] qsub -q all.q -l ngpus=1 -v MODEL="MobileNet",DATASET="Cifar100",ATTACK="DeepFool",KIND="ALL",PHASE="generate",OUTPUT_DIR="adversarial_results_ep100_pre300" adversarial_hpc_submit.pbs </dev/null
[2026-09-11 08:12:39] [OK] MobileNet/Cifar100/IFGSM/ALL
[2026-09-11 08:12:39] [OK] qsub output: Your job 6503419 ("adversarial_hpc_submit.pbs") has been submitted
[2026-09-11 08:12:39] [SUBMIT] MobileNet/Cifar100/BIM/ALL
[2026-09-11 08:12:39] [CMD] qsub -q all.q -l ngpus=1 -v MODEL="MobileNet",DATASET="Cifar100",ATTACK="BIM",KIND="ALL",PHASE="generate",OUTPUT_DIR="adversarial_results_ep200_pre200" adversarial_hpc_submit.pbs </dev/null
[2026-09-11 08:12:43] [OK] MobileNet/Cifar100/DeepFool/ALL
[2026-09-11 08:12:43] [OK] qsub output: Your job 6503417 ("adversarial_hpc_submit.pbs") has been submitted
[2026-09-11 08:12:43] [SUBMIT] MobileNet/TinyImageNet/PGD/ALL
[2026-09-11 08:12:43] [CMD] qsub -q all.q -l ngpus=1 -v MODEL="MobileNet",DATASET="TinyImageNet",ATTACK="PGD",KIND="ALL",PHASE="generate",OUTPUT_DIR="adversarial_results_ep300_pre100" adversarial_hpc_submit.pbs </dev/null
[2026-09-11 08:12:53] [OK] MobileNet/Cifar100/DeepFool/ALL
[2026-09-11 08:12:53] [OK] qsub output: Your job 6503421 ("adversarial_hpc_submit.pbs") has been submitted
[2026-09-11 08:12:53] [SUBMIT] MobileNet/TinyImageNet/PGD/ALL
[2026-09-11 08:12:53] [CMD] qsub -q all.q -l ngpus=1 -v MODEL="MobileNet",DATASET="TinyImageNet",ATTACK="PGD",KIND="ALL",PHASE="generate",OUTPUT_DIR="adversarial_results_ep100_pre300" adversarial_hpc_submit.pbs </dev/null
[2026-09-11 08:12:53] [OK] MobileNet/Cifar100/BIM/ALL
[2026-09-11 08:12:53] [OK] qsub output: Your job 6503422 ("adversarial_hpc_submit.pbs") has been submitted
[2026-09-11 08:12:53] [SUBMIT] MobileNet/Cifar100/APGD/ALL
[2026-09-11 08:12:53] [CMD] qsub -q all.q -l ngpus=1 -v MODEL="MobileNet",DATASET="Cifar100",ATTACK="APGD",KIND="ALL",PHASE="generate",OUTPUT_DIR="adversarial_results_ep200_pre200" adversarial_hpc_submit.pbs </dev/null
[2026-09-11 08:12:55] [OK] MobileNet/TinyImageNet/PGD/ALL
[2026-09-11 08:12:55] [OK] qsub output: Your job 6503423 ("adversarial_hpc_submit.pbs") has been submitted
[2026-09-11 08:12:56] [SUBMIT] MobileNet/TinyImageNet/FGSM/ALL
[2026-09-11 08:12:56] [CMD] qsub -q all.q -l ngpus=1 -v MODEL="MobileNet",DATASET="TinyImageNet",ATTACK="FGSM",KIND="ALL",PHASE="generate",OUTPUT_DIR="adversarial_results_ep300_pre100" adversarial_hpc_submit.pbs </dev/null
[2026-09-11 08:12:56] [OK] MobileNet/TinyImageNet/PGD/ALL
[2026-09-11 08:12:56] [OK] qsub output: Your job 6503424 ("adversarial_hpc_submit.pbs") has been submitted
[2026-09-11 08:12:56] [SUBMIT] MobileNet/TinyImageNet/FGSM/ALL
[2026-09-11 08:12:56] [CMD] qsub -q all.q -l ngpus=1 -v MODEL="MobileNet",DATASET="TinyImageNet",ATTACK="FGSM",KIND="ALL",PHASE="generate",OUTPUT_DIR="adversarial_results_ep100_pre300" adversarial_hpc_submit.pbs </dev/null
[2026-09-11 08:12:59] [OK] MobileNet/Cifar100/APGD/ALL
[2026-09-11 08:12:59] [OK] qsub output: Your job 6503425 ("adversarial_hpc_submit.pbs") has been submitted
[2026-09-11 08:12:59] [SUBMIT] MobileNet/Cifar100/CW/ALL
[2026-09-11 08:12:59] [CMD] qsub -q all.q -l ngpus=1 -v MODEL="MobileNet",DATASET="Cifar100",ATTACK="CW",KIND="ALL",PHASE="generate",OUTPUT_DIR="adversarial_results_ep200_pre200" adversarial_hpc_submit.pbs </dev/null
[2026-09-11 08:13:02] [OK] MobileNet/TinyImageNet/FGSM/ALL
[2026-09-11 08:13:02] [OK] qsub output: Your job 6503426 ("adversarial_hpc_submit.pbs") has been submitted
[2026-09-11 08:13:02] [SUBMIT] MobileNet/TinyImageNet/IFGSM/ALL
[2026-09-11 08:13:02] [CMD] qsub -q all.q -l ngpus=1 -v MODEL="MobileNet",DATASET="TinyImageNet",ATTACK="IFGSM",KIND="ALL",PHASE="generate",OUTPUT_DIR="adversarial_results_ep300_pre100" adversarial_hpc_submit.pbs </dev/null
[2026-09-11 08:13:04] [OK] MobileNet/Cifar100/CW/ALL
[2026-09-11 08:13:04] [OK] qsub output: Your job 6503428 ("adversarial_hpc_submit.pbs") has been submitted
[2026-09-11 08:13:04] [SUBMIT] MobileNet/Cifar100/DeepFool/ALL
[2026-09-11 08:13:04] [CMD] qsub -q all.q -l ngpus=1 -v MODEL="MobileNet",DATASET="Cifar100",ATTACK="DeepFool",KIND="ALL",PHASE="generate",OUTPUT_DIR="adversarial_results_ep200_pre200" adversarial_hpc_submit.pbs </dev/null
[2026-09-11 08:13:06] [OK] MobileNet/TinyImageNet/IFGSM/ALL
[2026-09-11 08:13:06] [OK] qsub output: Your job 6503429 ("adversarial_hpc_submit.pbs") has been submitted
[2026-09-11 08:13:06] [SUBMIT] MobileNet/TinyImageNet/BIM/ALL
[2026-09-11 08:13:06] [CMD] qsub -q all.q -l ngpus=1 -v MODEL="MobileNet",DATASET="TinyImageNet",ATTACK="BIM",KIND="ALL",PHASE="generate",OUTPUT_DIR="adversarial_results_ep300_pre100" adversarial_hpc_submit.pbs </dev/null
[2026-09-11 08:13:07] [OK] MobileNet/TinyImageNet/FGSM/ALL
[2026-09-11 08:13:07] [OK] qsub output: Your job 6503427 ("adversarial_hpc_submit.pbs") has been submitted
[2026-09-11 08:13:07] [SUBMIT] MobileNet/TinyImageNet/IFGSM/ALL
[2026-09-11 08:13:07] [CMD] qsub -q all.q -l ngpus=1 -v MODEL="MobileNet",DATASET="TinyImageNet",ATTACK="IFGSM",KIND="ALL",PHASE="generate",OUTPUT_DIR="adversarial_results_ep100_pre300" adversarial_hpc_submit.pbs </dev/null
[2026-09-11 08:13:12] [OK] MobileNet/Cifar100/DeepFool/ALL
[2026-09-11 08:13:12] [OK] qsub output: Your job 6503431 ("adversarial_hpc_submit.pbs") has been submitted
[2026-09-11 08:13:12] [SUBMIT] MobileNet/TinyImageNet/PGD/ALL
[2026-09-11 08:13:12] [CMD] qsub -q all.q -l ngpus=1 -v MODEL="MobileNet",DATASET="TinyImageNet",ATTACK="PGD",KIND="ALL",PHASE="generate",OUTPUT_DIR="adversarial_results_ep200_pre200" adversarial_hpc_submit.pbs </dev/null
[2026-09-11 08:13:15] [OK] MobileNet/TinyImageNet/BIM/ALL
[2026-09-11 08:13:15] [OK] qsub output: Your job 6503432 ("adversarial_hpc_submit.pbs") has been submitted
[2026-09-11 08:13:16] [SUBMIT] MobileNet/TinyImageNet/APGD/ALL
[2026-09-11 08:13:16] [CMD] qsub -q all.q -l ngpus=1 -v MODEL="MobileNet",DATASET="TinyImageNet",ATTACK="APGD",KIND="ALL",PHASE="generate",OUTPUT_DIR="adversarial_results_ep300_pre100" adversarial_hpc_submit.pbs </dev/null
[2026-09-11 08:13:19] [OK] MobileNet/TinyImageNet/IFGSM/ALL
[2026-09-11 08:13:19] [OK] qsub output: Your job 6503433 ("adversarial_hpc_submit.pbs") has been submitted
[2026-09-11 08:13:19] [SUBMIT] MobileNet/TinyImageNet/BIM/ALL
[2026-09-11 08:13:19] [CMD] qsub -q all.q -l ngpus=1 -v MODEL="MobileNet",DATASET="TinyImageNet",ATTACK="BIM",KIND="ALL",PHASE="generate",OUTPUT_DIR="adversarial_results_ep100_pre300" adversarial_hpc_submit.pbs </dev/null
[2026-09-11 08:13:19] [OK] MobileNet/TinyImageNet/PGD/ALL
[2026-09-11 08:13:19] [OK] qsub output: Your job 6503434 ("adversarial_hpc_submit.pbs") has been submitted
[2026-09-11 08:13:19] [SUBMIT] MobileNet/TinyImageNet/FGSM/ALL
[2026-09-11 08:13:19] [CMD] qsub -q all.q -l ngpus=1 -v MODEL="MobileNet",DATASET="TinyImageNet",ATTACK="FGSM",KIND="ALL",PHASE="generate",OUTPUT_DIR="adversarial_results_ep200_pre200" adversarial_hpc_submit.pbs </dev/null
[2026-09-11 08:13:25] [OK] MobileNet/TinyImageNet/APGD/ALL
[2026-09-11 08:13:25] [OK] qsub output: Your job 6503435 ("adversarial_hpc_submit.pbs") has been submitted
[2026-09-11 08:13:25] [OK] MobileNet/TinyImageNet/BIM/ALL
[2026-09-11 08:13:25] [OK] qsub output: Your job 6503436 ("adversarial_hpc_submit.pbs") has been submitted
[2026-09-11 08:13:25] [SUBMIT] MobileNet/TinyImageNet/CW/ALL
[2026-09-11 08:13:25] [CMD] qsub -q all.q -l ngpus=1 -v MODEL="MobileNet",DATASET="TinyImageNet",ATTACK="CW",KIND="ALL",PHASE="generate",OUTPUT_DIR="adversarial_results_ep300_pre100" adversarial_hpc_submit.pbs </dev/null
[2026-09-11 08:13:25] [SUBMIT] MobileNet/TinyImageNet/APGD/ALL
[2026-09-11 08:13:25] [CMD] qsub -q all.q -l ngpus=1 -v MODEL="MobileNet",DATASET="TinyImageNet",ATTACK="APGD",KIND="ALL",PHASE="generate",OUTPUT_DIR="adversarial_results_ep100_pre300" adversarial_hpc_submit.pbs </dev/null
[2026-09-11 08:13:33] [OK] MobileNet/TinyImageNet/CW/ALL
[2026-09-11 08:13:33] [OK] qsub output: Your job 6503438 ("adversarial_hpc_submit.pbs") has been submitted
[2026-09-11 08:13:33] [SUBMIT] MobileNet/TinyImageNet/DeepFool/ALL
[2026-09-11 08:13:33] [CMD] qsub -q all.q -l ngpus=1 -v MODEL="MobileNet",DATASET="TinyImageNet",ATTACK="DeepFool",KIND="ALL",PHASE="generate",OUTPUT_DIR="adversarial_results_ep300_pre100" adversarial_hpc_submit.pbs </dev/null
[2026-09-11 08:13:34] [OK] MobileNet/TinyImageNet/FGSM/ALL
[2026-09-11 08:13:34] [OK] qsub output: Your job 6503437 ("adversarial_hpc_submit.pbs") has been submitted
[2026-09-11 08:13:34] [SUBMIT] MobileNet/TinyImageNet/IFGSM/ALL
[2026-09-11 08:13:34] [CMD] qsub -q all.q -l ngpus=1 -v MODEL="MobileNet",DATASET="TinyImageNet",ATTACK="IFGSM",KIND="ALL",PHASE="generate",OUTPUT_DIR="adversarial_results_ep200_pre200" adversarial_hpc_submit.pbs </dev/null
[2026-09-11 08:13:38] [OK] MobileNet/TinyImageNet/APGD/ALL
[2026-09-11 08:13:38] [OK] qsub output: Your job 6503439 ("adversarial_hpc_submit.pbs") has been submitted
[2026-09-11 08:13:39] [SUBMIT] MobileNet/TinyImageNet/CW/ALL
[2026-09-11 08:13:39] [CMD] qsub -q all.q -l ngpus=1 -v MODEL="MobileNet",DATASET="TinyImageNet",ATTACK="CW",KIND="ALL",PHASE="generate",OUTPUT_DIR="adversarial_results_ep100_pre300" adversarial_hpc_submit.pbs </dev/null
[2026-09-11 08:13:39] [OK] MobileNet/TinyImageNet/DeepFool/ALL
[2026-09-11 08:13:39] [OK] qsub output: Your job 6503440 ("adversarial_hpc_submit.pbs") has been submitted
[2026-09-11 08:13:39] [SUBMIT] XceptionNet/Cifar10/PGD/ALL
[2026-09-11 08:13:39] [CMD] qsub -q all.q -l ngpus=1 -v MODEL="XceptionNet",DATASET="Cifar10",ATTACK="PGD",KIND="ALL",PHASE="generate",OUTPUT_DIR="adversarial_results_ep300_pre100" adversarial_hpc_submit.pbs </dev/null
[2026-09-11 08:13:43] [OK] MobileNet/TinyImageNet/IFGSM/ALL
[2026-09-11 08:13:43] [OK] qsub output: Your job 6503441 ("adversarial_hpc_submit.pbs") has been submitted
[2026-09-11 08:13:43] [SUBMIT] MobileNet/TinyImageNet/BIM/ALL
[2026-09-11 08:13:43] [CMD] qsub -q all.q -l ngpus=1 -v MODEL="MobileNet",DATASET="TinyImageNet",ATTACK="BIM",KIND="ALL",PHASE="generate",OUTPUT_DIR="adversarial_results_ep200_pre200" adversarial_hpc_submit.pbs </dev/null
[2026-09-11 08:13:46] [OK] MobileNet/TinyImageNet/CW/ALL
[2026-09-11 08:13:47] [OK] qsub output: Your job 6503443 ("adversarial_hpc_submit.pbs") has been submitted
[2026-09-11 08:13:47] [SUBMIT] MobileNet/TinyImageNet/DeepFool/ALL
[2026-09-11 08:13:47] [CMD] qsub -q all.q -l ngpus=1 -v MODEL="MobileNet",DATASET="TinyImageNet",ATTACK="DeepFool",KIND="ALL",PHASE="generate",OUTPUT_DIR="adversarial_results_ep100_pre300" adversarial_hpc_submit.pbs </dev/null
[2026-09-11 08:13:48] [OK] XceptionNet/Cifar10/PGD/ALL
[2026-09-11 08:13:48] [OK] qsub output: Your job 6503444 ("adversarial_hpc_submit.pbs") has been submitted
[2026-09-11 08:13:48] [SUBMIT] XceptionNet/Cifar10/FGSM/ALL
[2026-09-11 08:13:48] [CMD] qsub -q all.q -l ngpus=1 -v MODEL="XceptionNet",DATASET="Cifar10",ATTACK="FGSM",KIND="ALL",PHASE="generate",OUTPUT_DIR="adversarial_results_ep300_pre100" adversarial_hpc_submit.pbs </dev/null
[2026-09-11 08:13:49] [OK] MobileNet/TinyImageNet/BIM/ALL
[2026-09-11 08:13:49] [OK] qsub output: Your job 6503445 ("adversarial_hpc_submit.pbs") has been submitted
[2026-09-11 08:13:49] [SUBMIT] MobileNet/TinyImageNet/APGD/ALL
[2026-09-11 08:13:49] [CMD] qsub -q all.q -l ngpus=1 -v MODEL="MobileNet",DATASET="TinyImageNet",ATTACK="APGD",KIND="ALL",PHASE="generate",OUTPUT_DIR="adversarial_results_ep200_pre200" adversarial_hpc_submit.pbs </dev/null
[2026-09-11 08:13:53] [OK] XceptionNet/Cifar10/FGSM/ALL
[2026-09-11 08:13:53] [OK] qsub output: Your job 6503447 ("adversarial_hpc_submit.pbs") has been submitted
[2026-09-11 08:13:53] [SUBMIT] XceptionNet/Cifar10/IFGSM/ALL
[2026-09-11 08:13:53] [CMD] qsub -q all.q -l ngpus=1 -v MODEL="XceptionNet",DATASET="Cifar10",ATTACK="IFGSM",KIND="ALL",PHASE="generate",OUTPUT_DIR="adversarial_results_ep300_pre100" adversarial_hpc_submit.pbs </dev/null
[2026-09-11 08:13:57] [OK] MobileNet/TinyImageNet/DeepFool/ALL
[2026-09-11 08:13:57] [OK] qsub output: Your job 6503446 ("adversarial_hpc_submit.pbs") has been submitted
[2026-09-11 08:13:57] [SUBMIT] XceptionNet/Cifar10/PGD/ALL
[2026-09-11 08:13:57] [CMD] qsub -q all.q -l ngpus=1 -v MODEL="XceptionNet",DATASET="Cifar10",ATTACK="PGD",KIND="ALL",PHASE="generate",OUTPUT_DIR="adversarial_results_ep100_pre300" adversarial_hpc_submit.pbs </dev/null
[2026-09-11 08:13:58] [OK] MobileNet/TinyImageNet/APGD/ALL
[2026-09-11 08:13:58] [OK] qsub output: Your job 6503448 ("adversarial_hpc_submit.pbs") has been submitted
[2026-09-11 08:13:59] [SUBMIT] MobileNet/TinyImageNet/CW/ALL
[2026-09-11 08:13:59] [CMD] qsub -q all.q -l ngpus=1 -v MODEL="MobileNet",DATASET="TinyImageNet",ATTACK="CW",KIND="ALL",PHASE="generate",OUTPUT_DIR="adversarial_results_ep200_pre200" adversarial_hpc_submit.pbs </dev/null
[2026-09-11 08:14:01] [OK] XceptionNet/Cifar10/IFGSM/ALL
[2026-09-11 08:14:01] [OK] qsub output: Your job 6503450 ("adversarial_hpc_submit.pbs") has been submitted
[2026-09-11 08:14:02] [SUBMIT] XceptionNet/Cifar10/BIM/ALL
[2026-09-11 08:14:02] [CMD] qsub -q all.q -l ngpus=1 -v MODEL="XceptionNet",DATASET="Cifar10",ATTACK="BIM",KIND="ALL",PHASE="generate",OUTPUT_DIR="adversarial_results_ep300_pre100" adversarial_hpc_submit.pbs </dev/null
[2026-09-11 08:14:03] [OK] XceptionNet/Cifar10/PGD/ALL
[2026-09-11 08:14:03] [OK] qsub output: Your job 6503451 ("adversarial_hpc_submit.pbs") has been submitted
[2026-09-11 08:14:03] [SUBMIT] XceptionNet/Cifar10/FGSM/ALL
[2026-09-11 08:14:04] [CMD] qsub -q all.q -l ngpus=1 -v MODEL="XceptionNet",DATASET="Cifar10",ATTACK="FGSM",KIND="ALL",PHASE="generate",OUTPUT_DIR="adversarial_results_ep100_pre300" adversarial_hpc_submit.pbs </dev/null
[2026-09-11 08:14:05] [OK] MobileNet/TinyImageNet/CW/ALL
[2026-09-11 08:14:05] [OK] qsub output: Your job 6503452 ("adversarial_hpc_submit.pbs") has been submitted
[2026-09-11 08:14:05] [SUBMIT] MobileNet/TinyImageNet/DeepFool/ALL
[2026-09-11 08:14:05] [CMD] qsub -q all.q -l ngpus=1 -v MODEL="MobileNet",DATASET="TinyImageNet",ATTACK="DeepFool",KIND="ALL",PHASE="generate",OUTPUT_DIR="adversarial_results_ep200_pre200" adversarial_hpc_submit.pbs </dev/null
[2026-09-11 08:14:06] [OK] XceptionNet/Cifar10/BIM/ALL
[2026-09-11 08:14:06] [OK] qsub output: Your job 6503453 ("adversarial_hpc_submit.pbs") has been submitted
[2026-09-11 08:14:06] [SUBMIT] XceptionNet/Cifar10/APGD/ALL
[2026-09-11 08:14:06] [CMD] qsub -q all.q -l ngpus=1 -v MODEL="XceptionNet",DATASET="Cifar10",ATTACK="APGD",KIND="ALL",PHASE="generate",OUTPUT_DIR="adversarial_results_ep300_pre100" adversarial_hpc_submit.pbs </dev/null
[2026-09-11 08:14:10] [OK] XceptionNet/Cifar10/FGSM/ALL
[2026-09-11 08:14:10] [OK] qsub output: Your job 6503455 ("adversarial_hpc_submit.pbs") has been submitted
[2026-09-11 08:14:10] [SUBMIT] XceptionNet/Cifar10/IFGSM/ALL
[2026-09-11 08:14:10] [CMD] qsub -q all.q -l ngpus=1 -v MODEL="XceptionNet",DATASET="Cifar10",ATTACK="IFGSM",KIND="ALL",PHASE="generate",OUTPUT_DIR="adversarial_results_ep100_pre300" adversarial_hpc_submit.pbs </dev/null
[2026-09-11 08:14:13] [OK] MobileNet/TinyImageNet/DeepFool/ALL
[2026-09-11 08:14:13] [OK] qsub output: Your job 6503456 ("adversarial_hpc_submit.pbs") has been submitted
[2026-09-11 08:14:13] [SUBMIT] XceptionNet/Cifar10/PGD/ALL
[2026-09-11 08:14:13] [CMD] qsub -q all.q -l ngpus=1 -v MODEL="XceptionNet",DATASET="Cifar10",ATTACK="PGD",KIND="ALL",PHASE="generate",OUTPUT_DIR="adversarial_results_ep200_pre200" adversarial_hpc_submit.pbs </dev/null
[2026-09-11 08:14:19] [OK] XceptionNet/Cifar10/APGD/ALL
[2026-09-11 08:14:19] [OK] qsub output: Your job 6503457 ("adversarial_hpc_submit.pbs") has been submitted
[2026-09-11 08:14:20] [SUBMIT] XceptionNet/Cifar10/CW/ALL
[2026-09-11 08:14:20] [CMD] qsub -q all.q -l ngpus=1 -v MODEL="XceptionNet",DATASET="Cifar10",ATTACK="CW",KIND="ALL",PHASE="generate",OUTPUT_DIR="adversarial_results_ep300_pre100" adversarial_hpc_submit.pbs </dev/null
[2026-09-11 08:14:21] [OK] XceptionNet/Cifar10/PGD/ALL
[2026-09-11 08:14:21] [OK] qsub output: Your job 6503459 ("adversarial_hpc_submit.pbs") has been submitted
[2026-09-11 08:14:21] [SUBMIT] XceptionNet/Cifar10/FGSM/ALL
[2026-09-11 08:14:21] [CMD] qsub -q all.q -l ngpus=1 -v MODEL="XceptionNet",DATASET="Cifar10",ATTACK="FGSM",KIND="ALL",PHASE="generate",OUTPUT_DIR="adversarial_results_ep200_pre200" adversarial_hpc_submit.pbs </dev/null
[2026-09-11 08:14:22] [OK] XceptionNet/Cifar10/IFGSM/ALL
[2026-09-11 08:14:22] [OK] qsub output: Your job 6503458 ("adversarial_hpc_submit.pbs") has been submitted
[2026-09-11 08:14:22] [SUBMIT] XceptionNet/Cifar10/BIM/ALL
[2026-09-11 08:14:22] [CMD] qsub -q all.q -l ngpus=1 -v MODEL="XceptionNet",DATASET="Cifar10",ATTACK="BIM",KIND="ALL",PHASE="generate",OUTPUT_DIR="adversarial_results_ep100_pre300" adversarial_hpc_submit.pbs </dev/null
[2026-09-11 08:14:27] [OK] XceptionNet/Cifar10/FGSM/ALL
[2026-09-11 08:14:27] [OK] qsub output: Your job 6503461 ("adversarial_hpc_submit.pbs") has been submitted
[2026-09-11 08:14:27] [SUBMIT] XceptionNet/Cifar10/IFGSM/ALL
[2026-09-11 08:14:28] [CMD] qsub -q all.q -l ngpus=1 -v MODEL="XceptionNet",DATASET="Cifar10",ATTACK="IFGSM",KIND="ALL",PHASE="generate",OUTPUT_DIR="adversarial_results_ep200_pre200" adversarial_hpc_submit.pbs </dev/null
[2026-09-11 08:14:30] [OK] XceptionNet/Cifar10/CW/ALL
[2026-09-11 08:14:32] [OK] qsub output: Your job 6503460 ("adversarial_hpc_submit.pbs") has been submitted
[2026-09-11 08:14:32] [SUBMIT] XceptionNet/Cifar10/DeepFool/ALL
[2026-09-11 08:14:32] [CMD] qsub -q all.q -l ngpus=1 -v MODEL="XceptionNet",DATASET="Cifar10",ATTACK="DeepFool",KIND="ALL",PHASE="generate",OUTPUT_DIR="adversarial_results_ep300_pre100" adversarial_hpc_submit.pbs </dev/null
[2026-09-11 08:14:32] [OK] XceptionNet/Cifar10/BIM/ALL
[2026-09-11 08:14:32] [OK] qsub output: Your job 6503462 ("adversarial_hpc_submit.pbs") has been submitted
[2026-09-11 08:14:33] [SUBMIT] XceptionNet/Cifar10/APGD/ALL
[2026-09-11 08:14:33] [CMD] qsub -q all.q -l ngpus=1 -v MODEL="XceptionNet",DATASET="Cifar10",ATTACK="APGD",KIND="ALL",PHASE="generate",OUTPUT_DIR="adversarial_results_ep100_pre300" adversarial_hpc_submit.pbs </dev/null
[2026-09-11 08:14:36] [OK] XceptionNet/Cifar10/IFGSM/ALL
[2026-09-11 08:14:36] [OK] qsub output: Your job 6503464 ("adversarial_hpc_submit.pbs") has been submitted
[2026-09-11 08:14:36] [SUBMIT] XceptionNet/Cifar10/BIM/ALL
[2026-09-11 08:14:36] [CMD] qsub -q all.q -l ngpus=1 -v MODEL="XceptionNet",DATASET="Cifar10",ATTACK="BIM",KIND="ALL",PHASE="generate",OUTPUT_DIR="adversarial_results_ep200_pre200" adversarial_hpc_submit.pbs </dev/null
[2026-09-11 08:14:43] [OK] XceptionNet/Cifar10/DeepFool/ALL
[2026-09-11 08:14:43] [OK] qsub output: Your job 6503465 ("adversarial_hpc_submit.pbs") has been submitted
[2026-09-11 08:14:43] [SUBMIT] XceptionNet/Cifar100/PGD/ALL
[2026-09-11 08:14:43] [CMD] qsub -q all.q -l ngpus=1 -v MODEL="XceptionNet",DATASET="Cifar100",ATTACK="PGD",KIND="ALL",PHASE="generate",OUTPUT_DIR="adversarial_results_ep300_pre100" adversarial_hpc_submit.pbs </dev/null
[2026-09-11 08:14:46] [OK] XceptionNet/Cifar10/APGD/ALL
[2026-09-11 08:14:47] [OK] qsub output: Your job 6503466 ("adversarial_hpc_submit.pbs") has been submitted
[2026-09-11 08:14:49] [OK] XceptionNet/Cifar10/BIM/ALL
[2026-09-11 08:14:50] [SUBMIT] XceptionNet/Cifar10/CW/ALL
[2026-09-11 08:14:51] [OK] qsub output: Your job 6503467 ("adversarial_hpc_submit.pbs") has been submitted
[2026-09-11 08:14:51] [OK] XceptionNet/Cifar100/PGD/ALL
[2026-09-11 08:14:53] [CMD] qsub -q all.q -l ngpus=1 -v MODEL="XceptionNet",DATASET="Cifar10",ATTACK="CW",KIND="ALL",PHASE="generate",OUTPUT_DIR="adversarial_results_ep100_pre300" adversarial_hpc_submit.pbs </dev/null
[2026-09-11 08:14:58] [SUBMIT] XceptionNet/Cifar10/APGD/ALL
[2026-09-11 08:15:19] [OK] qsub output: Your job 6503469 ("adversarial_hpc_submit.pbs") has been submitted
[2026-09-11 08:15:38] [CMD] qsub -q all.q -l ngpus=1 -v MODEL="XceptionNet",DATASET="Cifar10",ATTACK="APGD",KIND="ALL",PHASE="generate",OUTPUT_DIR="adversarial_results_ep200_pre200" adversarial_hpc_submit.pbs </dev/null
[2026-09-11 08:15:39] [OK] XceptionNet/Cifar10/CW/ALL
[2026-09-11 08:15:47] [SUBMIT] XceptionNet/Cifar100/FGSM/ALL
[2026-09-11 08:16:02] [OK] XceptionNet/Cifar10/APGD/ALL
[2026-09-11 08:17:11] [OK] qsub output: Your job 6503477 ("adversarial_hpc_submit.pbs") has been submitted
[2026-09-11 08:17:12] [CMD] qsub -q all.q -l ngpus=1 -v MODEL="XceptionNet",DATASET="Cifar100",ATTACK="FGSM",KIND="ALL",PHASE="generate",OUTPUT_DIR="adversarial_results_ep300_pre100" adversarial_hpc_submit.pbs </dev/null
[2026-09-11 08:17:12] [OK] qsub output: Your job 6503479 ("adversarial_hpc_submit.pbs") has been submitted
[2026-09-11 08:17:12] [SUBMIT] XceptionNet/Cifar10/DeepFool/ALL
[2026-09-11 08:17:12] [CMD] qsub -q all.q -l ngpus=1 -v MODEL="XceptionNet",DATASET="Cifar10",ATTACK="DeepFool",KIND="ALL",PHASE="generate",OUTPUT_DIR="adversarial_results_ep100_pre300" adversarial_hpc_submit.pbs </dev/null
[2026-09-11 08:17:12] [SUBMIT] XceptionNet/Cifar10/CW/ALL
[2026-09-11 08:17:12] [CMD] qsub -q all.q -l ngpus=1 -v MODEL="XceptionNet",DATASET="Cifar10",ATTACK="CW",KIND="ALL",PHASE="generate",OUTPUT_DIR="adversarial_results_ep200_pre200" adversarial_hpc_submit.pbs </dev/null
[2026-09-11 08:17:15] [OK] XceptionNet/Cifar100/FGSM/ALL
[2026-09-11 08:17:15] [OK] qsub output: Your job 6503483 ("adversarial_hpc_submit.pbs") has been submitted
[2026-09-11 08:17:16] [OK] XceptionNet/Cifar10/DeepFool/ALL
[2026-09-11 08:17:16] [SUBMIT] XceptionNet/Cifar100/IFGSM/ALL
[2026-09-11 08:17:16] [OK] qsub output: Your job 6503484 ("adversarial_hpc_submit.pbs") has been submitted
[2026-09-11 08:17:16] [CMD] qsub -q all.q -l ngpus=1 -v MODEL="XceptionNet",DATASET="Cifar100",ATTACK="IFGSM",KIND="ALL",PHASE="generate",OUTPUT_DIR="adversarial_results_ep300_pre100" adversarial_hpc_submit.pbs </dev/null
[2026-09-11 08:17:16] [SUBMIT] XceptionNet/Cifar100/PGD/ALL
[2026-09-11 08:17:17] [CMD] qsub -q all.q -l ngpus=1 -v MODEL="XceptionNet",DATASET="Cifar100",ATTACK="PGD",KIND="ALL",PHASE="generate",OUTPUT_DIR="adversarial_results_ep100_pre300" adversarial_hpc_submit.pbs </dev/null
[2026-09-11 08:17:17] [OK] XceptionNet/Cifar10/CW/ALL
[2026-09-11 08:17:17] [OK] qsub output: Your job 6503485 ("adversarial_hpc_submit.pbs") has been submitted
[2026-09-11 08:17:17] [SUBMIT] XceptionNet/Cifar10/DeepFool/ALL
[2026-09-11 08:17:17] [CMD] qsub -q all.q -l ngpus=1 -v MODEL="XceptionNet",DATASET="Cifar10",ATTACK="DeepFool",KIND="ALL",PHASE="generate",OUTPUT_DIR="adversarial_results_ep200_pre200" adversarial_hpc_submit.pbs </dev/null
[2026-09-11 08:17:20] [OK] XceptionNet/Cifar100/PGD/ALL
[2026-09-11 08:17:26] [OK] qsub output: Your job 6503487 ("adversarial_hpc_submit.pbs") has been submitted
[2026-09-11 08:17:26] [OK] XceptionNet/Cifar100/IFGSM/ALL
[2026-09-11 08:17:26] [OK] qsub output: Your job 6503486 ("adversarial_hpc_submit.pbs") has been submitted
[2026-09-11 08:17:26] [SUBMIT] XceptionNet/Cifar100/FGSM/ALL
[2026-09-11 08:17:26] [CMD] qsub -q all.q -l ngpus=1 -v MODEL="XceptionNet",DATASET="Cifar100",ATTACK="FGSM",KIND="ALL",PHASE="generate",OUTPUT_DIR="adversarial_results_ep100_pre300" adversarial_hpc_submit.pbs </dev/null
[2026-09-11 08:17:26] [SUBMIT] XceptionNet/Cifar100/BIM/ALL
[2026-09-11 08:17:26] [CMD] qsub -q all.q -l ngpus=1 -v MODEL="XceptionNet",DATASET="Cifar100",ATTACK="BIM",KIND="ALL",PHASE="generate",OUTPUT_DIR="adversarial_results_ep300_pre100" adversarial_hpc_submit.pbs </dev/null
[2026-09-11 08:17:28] [OK] XceptionNet/Cifar10/DeepFool/ALL
[2026-09-11 08:17:28] [OK] qsub output: Your job 6503488 ("adversarial_hpc_submit.pbs") has been submitted
[2026-09-11 08:17:28] [SUBMIT] XceptionNet/Cifar100/PGD/ALL
[2026-09-11 08:17:28] [CMD] qsub -q all.q -l ngpus=1 -v MODEL="XceptionNet",DATASET="Cifar100",ATTACK="PGD",KIND="ALL",PHASE="generate",OUTPUT_DIR="adversarial_results_ep200_pre200" adversarial_hpc_submit.pbs </dev/null
[2026-09-11 08:17:35] [OK] XceptionNet/Cifar100/BIM/ALL
[2026-09-11 08:17:35] [OK] XceptionNet/Cifar100/FGSM/ALL
[2026-09-11 08:17:35] [OK] qsub output: Your job 6503490 ("adversarial_hpc_submit.pbs") has been submitted
[2026-09-11 08:17:35] [OK] qsub output: Your job 6503489 ("adversarial_hpc_submit.pbs") has been submitted
[2026-09-11 08:17:36] [OK] XceptionNet/Cifar100/PGD/ALL
[2026-09-11 08:17:36] [OK] qsub output: Your job 6503491 ("adversarial_hpc_submit.pbs") has been submitted
[2026-09-11 08:17:36] [SUBMIT] XceptionNet/Cifar100/IFGSM/ALL
[2026-09-11 08:17:36] [SUBMIT] XceptionNet/Cifar100/APGD/ALL
[2026-09-11 08:17:36] [CMD] qsub -q all.q -l ngpus=1 -v MODEL="XceptionNet",DATASET="Cifar100",ATTACK="IFGSM",KIND="ALL",PHASE="generate",OUTPUT_DIR="adversarial_results_ep100_pre300" adversarial_hpc_submit.pbs </dev/null
[2026-09-11 08:17:36] [CMD] qsub -q all.q -l ngpus=1 -v MODEL="XceptionNet",DATASET="Cifar100",ATTACK="APGD",KIND="ALL",PHASE="generate",OUTPUT_DIR="adversarial_results_ep300_pre100" adversarial_hpc_submit.pbs </dev/null
[2026-09-11 08:17:36] [SUBMIT] XceptionNet/Cifar100/FGSM/ALL
[2026-09-11 08:17:36] [CMD] qsub -q all.q -l ngpus=1 -v MODEL="XceptionNet",DATASET="Cifar100",ATTACK="FGSM",KIND="ALL",PHASE="generate",OUTPUT_DIR="adversarial_results_ep200_pre200" adversarial_hpc_submit.pbs </dev/null
[2026-09-11 08:17:45] [OK] XceptionNet/Cifar100/IFGSM/ALL
[2026-09-11 08:17:46] [OK] qsub output: Your job 6503492 ("adversarial_hpc_submit.pbs") has been submitted
[2026-09-11 08:17:46] [OK] XceptionNet/Cifar100/APGD/ALL
[2026-09-11 08:17:46] [OK] qsub output: Your job 6503493 ("adversarial_hpc_submit.pbs") has been submitted
[2026-09-11 08:17:46] [SUBMIT] XceptionNet/Cifar100/BIM/ALL
[2026-09-11 08:17:53] [OK] XceptionNet/Cifar100/FGSM/ALL
[2026-09-11 08:17:54] [SUBMIT] XceptionNet/Cifar100/CW/ALL
[2026-09-11 08:17:55] [CMD] qsub -q all.q -l ngpus=1 -v MODEL="XceptionNet",DATASET="Cifar100",ATTACK="BIM",KIND="ALL",PHASE="generate",OUTPUT_DIR="adversarial_results_ep100_pre300" adversarial_hpc_submit.pbs </dev/null
[2026-09-11 08:17:55] [OK] qsub output: Your job 6503494 ("adversarial_hpc_submit.pbs") has been submitted
[2026-09-11 08:18:02] [CMD] qsub -q all.q -l ngpus=1 -v MODEL="XceptionNet",DATASET="Cifar100",ATTACK="CW",KIND="ALL",PHASE="generate",OUTPUT_DIR="adversarial_results_ep300_pre100" adversarial_hpc_submit.pbs </dev/null
[2026-09-11 08:18:21] [SUBMIT] XceptionNet/Cifar100/IFGSM/ALL
[2026-09-11 08:18:24] [OK] XceptionNet/Cifar100/BIM/ALL
[2026-09-11 08:18:41] [CMD] qsub -q all.q -l ngpus=1 -v MODEL="XceptionNet",DATASET="Cifar100",ATTACK="IFGSM",KIND="ALL",PHASE="generate",OUTPUT_DIR="adversarial_results_ep200_pre200" adversarial_hpc_submit.pbs </dev/null
[2026-09-11 08:18:46] [OK] XceptionNet/Cifar100/CW/ALL
[2026-09-11 08:18:54] [OK] qsub output: Your job 6503495 ("adversarial_hpc_submit.pbs") has been submitted
[2026-09-11 08:19:09] [OK] qsub output: Your job 6503496 ("adversarial_hpc_submit.pbs") has been submitted
[2026-09-11 08:19:12] [SUBMIT] XceptionNet/Cifar100/APGD/ALL
[2026-09-11 08:19:12] [SUBMIT] XceptionNet/Cifar100/DeepFool/ALL
[2026-09-11 08:19:12] [CMD] qsub -q all.q -l ngpus=1 -v MODEL="XceptionNet",DATASET="Cifar100",ATTACK="APGD",KIND="ALL",PHASE="generate",OUTPUT_DIR="adversarial_results_ep100_pre300" adversarial_hpc_submit.pbs </dev/null
[2026-09-11 08:19:12] [CMD] qsub -q all.q -l ngpus=1 -v MODEL="XceptionNet",DATASET="Cifar100",ATTACK="DeepFool",KIND="ALL",PHASE="generate",OUTPUT_DIR="adversarial_results_ep300_pre100" adversarial_hpc_submit.pbs </dev/null
[2026-09-11 08:19:16] [OK] XceptionNet/Cifar100/IFGSM/ALL
[2026-09-11 08:19:17] [OK] qsub output: Your job 6503498 ("adversarial_hpc_submit.pbs") has been submitted
[2026-09-11 08:19:17] [SUBMIT] XceptionNet/Cifar100/BIM/ALL
[2026-09-11 08:19:17] [CMD] qsub -q all.q -l ngpus=1 -v MODEL="XceptionNet",DATASET="Cifar100",ATTACK="BIM",KIND="ALL",PHASE="generate",OUTPUT_DIR="adversarial_results_ep200_pre200" adversarial_hpc_submit.pbs </dev/null
[2026-09-11 08:19:21] [OK] XceptionNet/Cifar100/APGD/ALL
[2026-09-11 08:19:21] [OK] qsub output: Your job 6503499 ("adversarial_hpc_submit.pbs") has been submitted
[2026-09-11 08:19:21] [SUBMIT] XceptionNet/Cifar100/CW/ALL
[2026-09-11 08:19:21] [CMD] qsub -q all.q -l ngpus=1 -v MODEL="XceptionNet",DATASET="Cifar100",ATTACK="CW",KIND="ALL",PHASE="generate",OUTPUT_DIR="adversarial_results_ep100_pre300" adversarial_hpc_submit.pbs </dev/null
[2026-09-11 08:19:21] [OK] XceptionNet/Cifar100/DeepFool/ALL
[2026-09-11 08:19:21] [OK] qsub output: Your job 6503500 ("adversarial_hpc_submit.pbs") has been submitted
[2026-09-11 08:19:21] [SUBMIT] XceptionNet/TinyImageNet/PGD/ALL
[2026-09-11 08:19:21] [CMD] qsub -q all.q -l ngpus=1 -v MODEL="XceptionNet",DATASET="TinyImageNet",ATTACK="PGD",KIND="ALL",PHASE="generate",OUTPUT_DIR="adversarial_results_ep300_pre100" adversarial_hpc_submit.pbs </dev/null
[2026-09-11 08:19:22] [OK] XceptionNet/Cifar100/BIM/ALL
[2026-09-11 08:19:22] [OK] qsub output: Your job 6503501 ("adversarial_hpc_submit.pbs") has been submitted
[2026-09-11 08:19:22] [SUBMIT] XceptionNet/Cifar100/APGD/ALL
[2026-09-11 08:19:22] [CMD] qsub -q all.q -l ngpus=1 -v MODEL="XceptionNet",DATASET="Cifar100",ATTACK="APGD",KIND="ALL",PHASE="generate",OUTPUT_DIR="adversarial_results_ep200_pre200" adversarial_hpc_submit.pbs </dev/null
[2026-09-11 08:19:28] [OK] XceptionNet/Cifar100/CW/ALL
[2026-09-11 08:19:28] [OK] qsub output: Your job 6503502 ("adversarial_hpc_submit.pbs") has been submitted
[2026-09-11 08:19:28] [SUBMIT] XceptionNet/Cifar100/DeepFool/ALL
[2026-09-11 08:19:28] [CMD] qsub -q all.q -l ngpus=1 -v MODEL="XceptionNet",DATASET="Cifar100",ATTACK="DeepFool",KIND="ALL",PHASE="generate",OUTPUT_DIR="adversarial_results_ep100_pre300" adversarial_hpc_submit.pbs </dev/null
[2026-09-11 08:19:32] [OK] XceptionNet/TinyImageNet/PGD/ALL
[2026-09-11 08:19:32] [OK] qsub output: Your job 6503503 ("adversarial_hpc_submit.pbs") has been submitted
[2026-09-11 08:19:32] [SUBMIT] XceptionNet/TinyImageNet/FGSM/ALL
[2026-09-11 08:19:32] [CMD] qsub -q all.q -l ngpus=1 -v MODEL="XceptionNet",DATASET="TinyImageNet",ATTACK="FGSM",KIND="ALL",PHASE="generate",OUTPUT_DIR="adversarial_results_ep300_pre100" adversarial_hpc_submit.pbs </dev/null
[2026-09-11 08:19:33] [OK] XceptionNet/Cifar100/DeepFool/ALL
[2026-09-11 08:19:33] [OK] qsub output: Your job 6503505 ("adversarial_hpc_submit.pbs") has been submitted
[2026-09-11 08:19:34] [SUBMIT] XceptionNet/TinyImageNet/PGD/ALL
[2026-09-11 08:19:34] [CMD] qsub -q all.q -l ngpus=1 -v MODEL="XceptionNet",DATASET="TinyImageNet",ATTACK="PGD",KIND="ALL",PHASE="generate",OUTPUT_DIR="adversarial_results_ep100_pre300" adversarial_hpc_submit.pbs </dev/null
[2026-09-11 08:19:36] [OK] XceptionNet/Cifar100/APGD/ALL
[2026-09-11 08:19:40] [OK] qsub output: Your job 6503504 ("adversarial_hpc_submit.pbs") has been submitted
[2026-09-11 08:19:40] [OK] XceptionNet/TinyImageNet/PGD/ALL
[2026-09-11 08:19:40] [OK] XceptionNet/TinyImageNet/FGSM/ALL
[2026-09-11 08:19:44] [SUBMIT] XceptionNet/Cifar100/CW/ALL
[2026-09-11 08:19:47] [OK] qsub output: Your job 6503507 ("adversarial_hpc_submit.pbs") has been submitted
[2026-09-11 08:19:50] [OK] qsub output: Your job 6503506 ("adversarial_hpc_submit.pbs") has been submitted
[2026-09-11 08:19:51] [CMD] qsub -q all.q -l ngpus=1 -v MODEL="XceptionNet",DATASET="Cifar100",ATTACK="CW",KIND="ALL",PHASE="generate",OUTPUT_DIR="adversarial_results_ep200_pre200" adversarial_hpc_submit.pbs </dev/null
[2026-09-11 08:19:53] [SUBMIT] XceptionNet/TinyImageNet/FGSM/ALL
[2026-09-11 08:19:54] [SUBMIT] XceptionNet/TinyImageNet/IFGSM/ALL
[2026-09-11 08:20:14] [CMD] qsub -q all.q -l ngpus=1 -v MODEL="XceptionNet",DATASET="TinyImageNet",ATTACK="FGSM",KIND="ALL",PHASE="generate",OUTPUT_DIR="adversarial_results_ep100_pre300" adversarial_hpc_submit.pbs </dev/null
[2026-09-11 08:20:14] [CMD] qsub -q all.q -l ngpus=1 -v MODEL="XceptionNet",DATASET="TinyImageNet",ATTACK="IFGSM",KIND="ALL",PHASE="generate",OUTPUT_DIR="adversarial_results_ep300_pre100" adversarial_hpc_submit.pbs </dev/null
[2026-09-11 08:20:23] [OK] XceptionNet/TinyImageNet/FGSM/ALL
[2026-09-11 08:20:23] [OK] XceptionNet/Cifar100/CW/ALL
[2026-09-11 08:20:24] [OK] qsub output: Your job 6503509 ("adversarial_hpc_submit.pbs") has been submitted
[2026-09-11 08:20:25] [OK] XceptionNet/TinyImageNet/IFGSM/ALL
[2026-09-11 08:20:26] [OK] qsub output: Your job 6503508 ("adversarial_hpc_submit.pbs") has been submitted
[2026-09-11 08:20:27] [SUBMIT] XceptionNet/TinyImageNet/IFGSM/ALL
[2026-09-11 08:20:27] [OK] qsub output: Your job 6503510 ("adversarial_hpc_submit.pbs") has been submitted
[2026-09-11 08:20:27] [SUBMIT] XceptionNet/Cifar100/DeepFool/ALL
[2026-09-11 08:20:29] [CMD] qsub -q all.q -l ngpus=1 -v MODEL="XceptionNet",DATASET="TinyImageNet",ATTACK="IFGSM",KIND="ALL",PHASE="generate",OUTPUT_DIR="adversarial_results_ep100_pre300" adversarial_hpc_submit.pbs </dev/null
[2026-09-11 08:20:29] [CMD] qsub -q all.q -l ngpus=1 -v MODEL="XceptionNet",DATASET="Cifar100",ATTACK="DeepFool",KIND="ALL",PHASE="generate",OUTPUT_DIR="adversarial_results_ep200_pre200" adversarial_hpc_submit.pbs </dev/null
[2026-09-11 08:20:29] [SUBMIT] XceptionNet/TinyImageNet/BIM/ALL
[2026-09-11 08:20:30] [CMD] qsub -q all.q -l ngpus=1 -v MODEL="XceptionNet",DATASET="TinyImageNet",ATTACK="BIM",KIND="ALL",PHASE="generate",OUTPUT_DIR="adversarial_results_ep300_pre100" adversarial_hpc_submit.pbs </dev/null
[2026-09-11 08:20:38] [OK] XceptionNet/Cifar100/DeepFool/ALL
[2026-09-11 08:20:38] [OK] qsub output: Your job 6503512 ("adversarial_hpc_submit.pbs") has been submitted
[2026-09-11 08:20:39] [SUBMIT] XceptionNet/TinyImageNet/PGD/ALL
[2026-09-11 08:20:39] [CMD] qsub -q all.q -l ngpus=1 -v MODEL="XceptionNet",DATASET="TinyImageNet",ATTACK="PGD",KIND="ALL",PHASE="generate",OUTPUT_DIR="adversarial_results_ep200_pre200" adversarial_hpc_submit.pbs </dev/null
[2026-09-11 08:20:39] [OK] XceptionNet/TinyImageNet/IFGSM/ALL
[2026-09-11 08:20:39] [OK] qsub output: Your job 6503511 ("adversarial_hpc_submit.pbs") has been submitted
[2026-09-11 08:20:40] [SUBMIT] XceptionNet/TinyImageNet/BIM/ALL
[2026-09-11 08:20:40] [CMD] qsub -q all.q -l ngpus=1 -v MODEL="XceptionNet",DATASET="TinyImageNet",ATTACK="BIM",KIND="ALL",PHASE="generate",OUTPUT_DIR="adversarial_results_ep100_pre300" adversarial_hpc_submit.pbs </dev/null
[2026-09-11 08:20:43] [OK] XceptionNet/TinyImageNet/PGD/ALL
[2026-09-11 08:20:43] [OK] qsub output: Your job 6503514 ("adversarial_hpc_submit.pbs") has been submitted
[2026-09-11 08:20:43] [SUBMIT] XceptionNet/TinyImageNet/FGSM/ALL
[2026-09-11 08:20:43] [CMD] qsub -q all.q -l ngpus=1 -v MODEL="XceptionNet",DATASET="TinyImageNet",ATTACK="FGSM",KIND="ALL",PHASE="generate",OUTPUT_DIR="adversarial_results_ep200_pre200" adversarial_hpc_submit.pbs </dev/null
[2026-09-11 08:20:46] [OK] XceptionNet/TinyImageNet/BIM/ALL
[2026-09-11 08:20:46] [OK] qsub output: Your job 6503513 ("adversarial_hpc_submit.pbs") has been submitted
[2026-09-11 08:20:46] [SUBMIT] XceptionNet/TinyImageNet/APGD/ALL
[2026-09-11 08:20:46] [CMD] qsub -q all.q -l ngpus=1 -v MODEL="XceptionNet",DATASET="TinyImageNet",ATTACK="APGD",KIND="ALL",PHASE="generate",OUTPUT_DIR="adversarial_results_ep300_pre100" adversarial_hpc_submit.pbs </dev/null
[2026-09-11 08:20:52] [OK] XceptionNet/TinyImageNet/BIM/ALL
[2026-09-11 08:20:52] [OK] qsub output: Your job 6503515 ("adversarial_hpc_submit.pbs") has been submitted
[2026-09-11 08:20:53] [SUBMIT] XceptionNet/TinyImageNet/APGD/ALL
[2026-09-11 08:20:53] [CMD] qsub -q all.q -l ngpus=1 -v MODEL="XceptionNet",DATASET="TinyImageNet",ATTACK="APGD",KIND="ALL",PHASE="generate",OUTPUT_DIR="adversarial_results_ep100_pre300" adversarial_hpc_submit.pbs </dev/null
[2026-09-11 08:20:54] [OK] XceptionNet/TinyImageNet/APGD/ALL
[2026-09-11 08:20:54] [OK] qsub output: Your job 6503517 ("adversarial_hpc_submit.pbs") has been submitted
[2026-09-11 08:20:54] [SUBMIT] XceptionNet/TinyImageNet/CW/ALL
[2026-09-11 08:20:54] [CMD] qsub -q all.q -l ngpus=1 -v MODEL="XceptionNet",DATASET="TinyImageNet",ATTACK="CW",KIND="ALL",PHASE="generate",OUTPUT_DIR="adversarial_results_ep300_pre100" adversarial_hpc_submit.pbs </dev/null
[2026-09-11 08:20:54] [OK] XceptionNet/TinyImageNet/FGSM/ALL
[2026-09-11 08:20:54] [OK] qsub output: Your job 6503516 ("adversarial_hpc_submit.pbs") has been submitted
[2026-09-11 08:20:54] [SUBMIT] XceptionNet/TinyImageNet/IFGSM/ALL
[2026-09-11 08:20:54] [CMD] qsub -q all.q -l ngpus=1 -v MODEL="XceptionNet",DATASET="TinyImageNet",ATTACK="IFGSM",KIND="ALL",PHASE="generate",OUTPUT_DIR="adversarial_results_ep200_pre200" adversarial_hpc_submit.pbs </dev/null
[2026-09-11 08:21:01] [OK] XceptionNet/TinyImageNet/APGD/ALL
[2026-09-11 08:21:01] [OK] qsub output: Your job 6503519 ("adversarial_hpc_submit.pbs") has been submitted
[2026-09-11 08:21:01] [SUBMIT] XceptionNet/TinyImageNet/CW/ALL
[2026-09-11 08:21:01] [CMD] qsub -q all.q -l ngpus=1 -v MODEL="XceptionNet",DATASET="TinyImageNet",ATTACK="CW",KIND="ALL",PHASE="generate",OUTPUT_DIR="adversarial_results_ep100_pre300" adversarial_hpc_submit.pbs </dev/null
[2026-09-11 08:21:09] [OK] XceptionNet/TinyImageNet/IFGSM/ALL
[2026-09-11 08:21:09] [OK] qsub output: Your job 6503521 ("adversarial_hpc_submit.pbs") has been submitted
[2026-09-11 08:21:09] [SUBMIT] XceptionNet/TinyImageNet/BIM/ALL
[2026-09-11 08:21:09] [CMD] qsub -q all.q -l ngpus=1 -v MODEL="XceptionNet",DATASET="TinyImageNet",ATTACK="BIM",KIND="ALL",PHASE="generate",OUTPUT_DIR="adversarial_results_ep200_pre200" adversarial_hpc_submit.pbs </dev/null
[2026-09-11 08:21:09] [OK] XceptionNet/TinyImageNet/CW/ALL
[2026-09-11 08:21:09] [OK] qsub output: Your job 6503520 ("adversarial_hpc_submit.pbs") has been submitted
[2026-09-11 08:21:10] [SUBMIT] XceptionNet/TinyImageNet/DeepFool/ALL
[2026-09-11 08:21:10] [CMD] qsub -q all.q -l ngpus=1 -v MODEL="XceptionNet",DATASET="TinyImageNet",ATTACK="DeepFool",KIND="ALL",PHASE="generate",OUTPUT_DIR="adversarial_results_ep300_pre100" adversarial_hpc_submit.pbs </dev/null
[2026-09-11 08:21:15] [OK] XceptionNet/TinyImageNet/BIM/ALL
[2026-09-11 08:21:15] [OK] qsub output: Your job 6503523 ("adversarial_hpc_submit.pbs") has been submitted
[2026-09-11 08:21:15] [SUBMIT] XceptionNet/TinyImageNet/APGD/ALL
[2026-09-11 08:21:15] [CMD] qsub -q all.q -l ngpus=1 -v MODEL="XceptionNet",DATASET="TinyImageNet",ATTACK="APGD",KIND="ALL",PHASE="generate",OUTPUT_DIR="adversarial_results_ep200_pre200" adversarial_hpc_submit.pbs </dev/null
[2026-09-11 08:21:18] [OK] XceptionNet/TinyImageNet/CW/ALL
[2026-09-11 08:21:18] [OK] qsub output: Your job 6503522 ("adversarial_hpc_submit.pbs") has been submitted
[2026-09-11 08:21:18] [SUBMIT] XceptionNet/TinyImageNet/DeepFool/ALL
[2026-09-11 08:21:18] [CMD] qsub -q all.q -l ngpus=1 -v MODEL="XceptionNet",DATASET="TinyImageNet",ATTACK="DeepFool",KIND="ALL",PHASE="generate",OUTPUT_DIR="adversarial_results_ep100_pre300" adversarial_hpc_submit.pbs </dev/null
[2026-09-11 08:21:23] [OK] XceptionNet/TinyImageNet/DeepFool/ALL
[2026-09-11 08:21:23] [OK] qsub output: Your job 6503524 ("adversarial_hpc_submit.pbs") has been submitted
[2026-09-11 08:21:23] [SUBMIT] ConvNeXt/Cifar10/PGD/ALL
[2026-09-11 08:21:23] [CMD] qsub -q all.q -l ngpus=1 -v MODEL="ConvNeXt",DATASET="Cifar10",ATTACK="PGD",KIND="ALL",PHASE="generate",OUTPUT_DIR="adversarial_results_ep300_pre100" adversarial_hpc_submit.pbs </dev/null
[2026-09-11 08:21:28] [OK] XceptionNet/TinyImageNet/DeepFool/ALL
[2026-09-11 08:21:28] [OK] qsub output: Your job 6503527 ("adversarial_hpc_submit.pbs") has been submitted
[2026-09-11 08:21:28] [SUBMIT] ConvNeXt/Cifar10/PGD/ALL
[2026-09-11 08:21:28] [CMD] qsub -q all.q -l ngpus=1 -v MODEL="ConvNeXt",DATASET="Cifar10",ATTACK="PGD",KIND="ALL",PHASE="generate",OUTPUT_DIR="adversarial_results_ep100_pre300" adversarial_hpc_submit.pbs </dev/null
[2026-09-11 08:21:28] [OK] XceptionNet/TinyImageNet/APGD/ALL
[2026-09-11 08:21:29] [OK] qsub output: Your job 6503526 ("adversarial_hpc_submit.pbs") has been submitted
[2026-09-11 08:21:29] [SUBMIT] XceptionNet/TinyImageNet/CW/ALL
[2026-09-11 08:21:29] [CMD] qsub -q all.q -l ngpus=1 -v MODEL="XceptionNet",DATASET="TinyImageNet",ATTACK="CW",KIND="ALL",PHASE="generate",OUTPUT_DIR="adversarial_results_ep200_pre200" adversarial_hpc_submit.pbs </dev/null
[2026-09-11 08:21:33] [OK] ConvNeXt/Cifar10/PGD/ALL
[2026-09-11 08:21:33] [OK] qsub output: Your job 6503529 ("adversarial_hpc_submit.pbs") has been submitted
[2026-09-11 08:21:33] [SUBMIT] ConvNeXt/Cifar10/FGSM/ALL
[2026-09-11 08:21:33] [CMD] qsub -q all.q -l ngpus=1 -v MODEL="ConvNeXt",DATASET="Cifar10",ATTACK="FGSM",KIND="ALL",PHASE="generate",OUTPUT_DIR="adversarial_results_ep100_pre300" adversarial_hpc_submit.pbs </dev/null
[2026-09-11 08:21:35] [OK] XceptionNet/TinyImageNet/CW/ALL
[2026-09-11 08:21:35] [OK] qsub output: Your job 6503530 ("adversarial_hpc_submit.pbs") has been submitted
[2026-09-11 08:21:35] [OK] ConvNeXt/Cifar10/PGD/ALL
[2026-09-11 08:21:35] [OK] qsub output: Your job 6503528 ("adversarial_hpc_submit.pbs") has been submitted
[2026-09-11 08:21:35] [SUBMIT] XceptionNet/TinyImageNet/DeepFool/ALL
[2026-09-11 08:21:35] [CMD] qsub -q all.q -l ngpus=1 -v MODEL="XceptionNet",DATASET="TinyImageNet",ATTACK="DeepFool",KIND="ALL",PHASE="generate",OUTPUT_DIR="adversarial_results_ep200_pre200" adversarial_hpc_submit.pbs </dev/null
[2026-09-11 08:21:35] [SUBMIT] ConvNeXt/Cifar10/FGSM/ALL
[2026-09-11 08:21:35] [CMD] qsub -q all.q -l ngpus=1 -v MODEL="ConvNeXt",DATASET="Cifar10",ATTACK="FGSM",KIND="ALL",PHASE="generate",OUTPUT_DIR="adversarial_results_ep300_pre100" adversarial_hpc_submit.pbs </dev/null
[2026-09-11 08:21:38] [OK] ConvNeXt/Cifar10/FGSM/ALL
[2026-09-11 08:21:38] [OK] qsub output: Your job 6503531 ("adversarial_hpc_submit.pbs") has been submitted
[2026-09-11 08:21:38] [SUBMIT] ConvNeXt/Cifar10/IFGSM/ALL
[2026-09-11 08:21:38] [CMD] qsub -q all.q -l ngpus=1 -v MODEL="ConvNeXt",DATASET="Cifar10",ATTACK="IFGSM",KIND="ALL",PHASE="generate",OUTPUT_DIR="adversarial_results_ep100_pre300" adversarial_hpc_submit.pbs </dev/null
[2026-09-11 08:21:44] [OK] XceptionNet/TinyImageNet/DeepFool/ALL
[2026-09-11 08:21:44] [OK] qsub output: Your job 6503532 ("adversarial_hpc_submit.pbs") has been submitted
[2026-09-11 08:21:44] [SUBMIT] ConvNeXt/Cifar10/PGD/ALL
[2026-09-11 08:21:44] [CMD] qsub -q all.q -l ngpus=1 -v MODEL="ConvNeXt",DATASET="Cifar10",ATTACK="PGD",KIND="ALL",PHASE="generate",OUTPUT_DIR="adversarial_results_ep200_pre200" adversarial_hpc_submit.pbs </dev/null
[2026-09-11 08:21:47] [OK] ConvNeXt/Cifar10/FGSM/ALL
[2026-09-11 08:21:47] [OK] qsub output: Your job 6503533 ("adversarial_hpc_submit.pbs") has been submitted
[2026-09-11 08:21:49] [OK] ConvNeXt/Cifar10/PGD/ALL
[2026-09-11 08:21:51] [OK] ConvNeXt/Cifar10/IFGSM/ALL
[2026-09-11 08:21:52] [OK] qsub output: Your job 6503535 ("adversarial_hpc_submit.pbs") has been submitted
[2026-09-11 08:21:53] [SUBMIT] ConvNeXt/Cifar10/IFGSM/ALL
[2026-09-11 08:21:53] [OK] qsub output: Your job 6503534 ("adversarial_hpc_submit.pbs") has been submitted
[2026-09-11 08:21:53] [CMD] qsub -q all.q -l ngpus=1 -v MODEL="ConvNeXt",DATASET="Cifar10",ATTACK="IFGSM",KIND="ALL",PHASE="generate",OUTPUT_DIR="adversarial_results_ep300_pre100" adversarial_hpc_submit.pbs </dev/null
[2026-09-11 08:21:53] [SUBMIT] ConvNeXt/Cifar10/FGSM/ALL
[2026-09-11 08:21:53] [SUBMIT] ConvNeXt/Cifar10/BIM/ALL
[2026-09-11 08:21:53] [CMD] qsub -q all.q -l ngpus=1 -v MODEL="ConvNeXt",DATASET="Cifar10",ATTACK="FGSM",KIND="ALL",PHASE="generate",OUTPUT_DIR="adversarial_results_ep200_pre200" adversarial_hpc_submit.pbs </dev/null
[2026-09-11 08:21:53] [CMD] qsub -q all.q -l ngpus=1 -v MODEL="ConvNeXt",DATASET="Cifar10",ATTACK="BIM",KIND="ALL",PHASE="generate",OUTPUT_DIR="adversarial_results_ep100_pre300" adversarial_hpc_submit.pbs </dev/null
[2026-09-11 08:21:54] [OK] ConvNeXt/Cifar10/IFGSM/ALL
[2026-09-11 08:21:59] [OK] qsub output: Your job 6503536 ("adversarial_hpc_submit.pbs") has been submitted
[2026-09-11 08:21:59] [OK] ConvNeXt/Cifar10/BIM/ALL
[2026-09-11 08:22:01] [OK] ConvNeXt/Cifar10/FGSM/ALL
[2026-09-11 08:22:06] [SUBMIT] ConvNeXt/Cifar10/BIM/ALL
[2026-09-11 08:22:10] [OK] qsub output: Your job 6503538 ("adversarial_hpc_submit.pbs") has been submitted
[2026-09-11 08:22:12] [OK] qsub output: Your job 6503537 ("adversarial_hpc_submit.pbs") has been submitted
[2026-09-11 08:22:13] [CMD] qsub -q all.q -l ngpus=1 -v MODEL="ConvNeXt",DATASET="Cifar10",ATTACK="BIM",KIND="ALL",PHASE="generate",OUTPUT_DIR="adversarial_results_ep300_pre100" adversarial_hpc_submit.pbs </dev/null
[2026-09-11 08:22:13] [SUBMIT] ConvNeXt/Cifar10/APGD/ALL
[2026-09-11 08:22:14] [SUBMIT] ConvNeXt/Cifar10/IFGSM/ALL
[2026-09-11 08:22:22] [OK] ConvNeXt/Cifar10/BIM/ALL
[2026-09-11 08:22:30] [CMD] qsub -q all.q -l ngpus=1 -v MODEL="ConvNeXt",DATASET="Cifar10",ATTACK="APGD",KIND="ALL",PHASE="generate",OUTPUT_DIR="adversarial_results_ep100_pre300" adversarial_hpc_submit.pbs </dev/null
[2026-09-11 08:22:36] [CMD] qsub -q all.q -l ngpus=1 -v MODEL="ConvNeXt",DATASET="Cifar10",ATTACK="IFGSM",KIND="ALL",PHASE="generate",OUTPUT_DIR="adversarial_results_ep200_pre200" adversarial_hpc_submit.pbs </dev/null
[2026-09-11 08:22:40] [OK] qsub output: Your job 6503541 ("adversarial_hpc_submit.pbs") has been submitted
[2026-09-11 08:23:19] [OK] ConvNeXt/Cifar10/APGD/ALL
[2026-09-11 08:23:21] [OK] ConvNeXt/Cifar10/IFGSM/ALL
[2026-09-11 08:24:11] [OK] qsub output: Your job 6503544 ("adversarial_hpc_submit.pbs") has been submitted
[2026-09-11 08:24:11] [SUBMIT] ConvNeXt/Cifar10/APGD/ALL
[2026-09-11 08:24:11] [OK] qsub output: Your job 6503543 ("adversarial_hpc_submit.pbs") has been submitted
[2026-09-11 08:24:16] [SUBMIT] ConvNeXt/Cifar10/BIM/ALL
[2026-09-11 08:24:59] [CMD] qsub -q all.q -l ngpus=1 -v MODEL="ConvNeXt",DATASET="Cifar10",ATTACK="APGD",KIND="ALL",PHASE="generate",OUTPUT_DIR="adversarial_results_ep300_pre100" adversarial_hpc_submit.pbs </dev/null
[2026-09-11 08:25:04] [SUBMIT] ConvNeXt/Cifar10/CW/ALL
[2026-09-11 08:25:07] [CMD] qsub -q all.q -l ngpus=1 -v MODEL="ConvNeXt",DATASET="Cifar10",ATTACK="BIM",KIND="ALL",PHASE="generate",OUTPUT_DIR="adversarial_results_ep200_pre200" adversarial_hpc_submit.pbs </dev/null
[2026-09-11 08:25:14] [OK] ConvNeXt/Cifar10/APGD/ALL
[2026-09-11 08:25:40] [CMD] qsub -q all.q -l ngpus=1 -v MODEL="ConvNeXt",DATASET="Cifar10",ATTACK="CW",KIND="ALL",PHASE="generate",OUTPUT_DIR="adversarial_results_ep100_pre300" adversarial_hpc_submit.pbs </dev/null
[2026-09-11 08:25:48] [OK] qsub output: Your job 6503548 ("adversarial_hpc_submit.pbs") has been submitted
[2026-09-11 08:25:48] [OK] ConvNeXt/Cifar10/BIM/ALL
[2026-09-11 08:25:50] [SUBMIT] ConvNeXt/Cifar10/CW/ALL
[2026-09-11 08:25:52] [OK] qsub output: Your job 6503549 ("adversarial_hpc_submit.pbs") has been submitted
[2026-09-11 08:25:54] [CMD] qsub -q all.q -l ngpus=1 -v MODEL="ConvNeXt",DATASET="Cifar10",ATTACK="CW",KIND="ALL",PHASE="generate",OUTPUT_DIR="adversarial_results_ep300_pre100" adversarial_hpc_submit.pbs </dev/null
[2026-09-11 08:25:54] [SUBMIT] ConvNeXt/Cifar10/APGD/ALL
[2026-09-11 08:25:55] [CMD] qsub -q all.q -l ngpus=1 -v MODEL="ConvNeXt",DATASET="Cifar10",ATTACK="APGD",KIND="ALL",PHASE="generate",OUTPUT_DIR="adversarial_results_ep200_pre200" adversarial_hpc_submit.pbs </dev/null
[2026-09-11 08:25:56] [OK] ConvNeXt/Cifar10/CW/ALL
[2026-09-11 08:25:56] [OK] qsub output: Your job 6503551 ("adversarial_hpc_submit.pbs") has been submitted
[2026-09-11 08:25:57] [SUBMIT] ConvNeXt/Cifar10/DeepFool/ALL
[2026-09-11 08:25:57] [CMD] qsub -q all.q -l ngpus=1 -v MODEL="ConvNeXt",DATASET="Cifar10",ATTACK="DeepFool",KIND="ALL",PHASE="generate",OUTPUT_DIR="adversarial_results_ep300_pre100" adversarial_hpc_submit.pbs </dev/null
[2026-09-11 08:25:57] [OK] ConvNeXt/Cifar10/CW/ALL
[2026-09-11 08:25:58] [OK] qsub output: Your job 6503550 ("adversarial_hpc_submit.pbs") has been submitted
[2026-09-11 08:25:58] [SUBMIT] ConvNeXt/Cifar10/DeepFool/ALL
[2026-09-11 08:25:58] [CMD] qsub -q all.q -l ngpus=1 -v MODEL="ConvNeXt",DATASET="Cifar10",ATTACK="DeepFool",KIND="ALL",PHASE="generate",OUTPUT_DIR="adversarial_results_ep100_pre300" adversarial_hpc_submit.pbs </dev/null
[2026-09-11 08:25:59] [OK] ConvNeXt/Cifar10/APGD/ALL
[2026-09-11 08:25:59] [OK] qsub output: Your job 6503552 ("adversarial_hpc_submit.pbs") has been submitted
[2026-09-11 08:25:59] [SUBMIT] ConvNeXt/Cifar10/CW/ALL
[2026-09-11 08:25:59] [CMD] qsub -q all.q -l ngpus=1 -v MODEL="ConvNeXt",DATASET="Cifar10",ATTACK="CW",KIND="ALL",PHASE="generate",OUTPUT_DIR="adversarial_results_ep200_pre200" adversarial_hpc_submit.pbs </dev/null
[2026-09-11 08:26:04] [OK] ConvNeXt/Cifar10/DeepFool/ALL
[2026-09-11 08:26:04] [OK] ConvNeXt/Cifar10/DeepFool/ALL
[2026-09-11 08:26:11] [OK] ConvNeXt/Cifar10/CW/ALL
[2026-09-11 08:26:24] [OK] qsub output: Your job 6503554 ("adversarial_hpc_submit.pbs") has been submitted
[2026-09-11 08:26:30] [OK] qsub output: Your job 6503553 ("adversarial_hpc_submit.pbs") has been submitted
[2026-09-11 08:26:30] [OK] qsub output: Your job 6503555 ("adversarial_hpc_submit.pbs") has been submitted
[2026-09-11 08:26:31] [SUBMIT] ConvNeXt/Cifar100/PGD/ALL
[2026-09-11 08:26:31] [SUBMIT] ConvNeXt/Cifar10/DeepFool/ALL
[2026-09-11 08:26:31] [SUBMIT] ConvNeXt/Cifar100/PGD/ALL
[2026-09-11 08:26:31] [CMD] qsub -q all.q -l ngpus=1 -v MODEL="ConvNeXt",DATASET="Cifar100",ATTACK="PGD",KIND="ALL",PHASE="generate",OUTPUT_DIR="adversarial_results_ep100_pre300" adversarial_hpc_submit.pbs </dev/null
[2026-09-11 08:26:31] [CMD] qsub -q all.q -l ngpus=1 -v MODEL="ConvNeXt",DATASET="Cifar10",ATTACK="DeepFool",KIND="ALL",PHASE="generate",OUTPUT_DIR="adversarial_results_ep200_pre200" adversarial_hpc_submit.pbs </dev/null
[2026-09-11 08:26:31] [CMD] qsub -q all.q -l ngpus=1 -v MODEL="ConvNeXt",DATASET="Cifar100",ATTACK="PGD",KIND="ALL",PHASE="generate",OUTPUT_DIR="adversarial_results_ep300_pre100" adversarial_hpc_submit.pbs </dev/null
[2026-09-11 08:26:38] [OK] ConvNeXt/Cifar10/DeepFool/ALL
[2026-09-11 08:26:40] [OK] ConvNeXt/Cifar100/PGD/ALL
[2026-09-11 08:26:56] [OK] ConvNeXt/Cifar100/PGD/ALL
[2026-09-11 08:27:34] [OK] qsub output: Your job 6503557 ("adversarial_hpc_submit.pbs") has been submitted
[2026-09-11 08:27:34] [OK] qsub output: Your job 6503556 ("adversarial_hpc_submit.pbs") has been submitted
[2026-09-11 08:27:38] [OK] qsub output: Your job 6503558 ("adversarial_hpc_submit.pbs") has been submitted
[2026-09-11 08:27:51] [SUBMIT] ConvNeXt/Cifar100/PGD/ALL
[2026-09-11 08:27:55] [SUBMIT] ConvNeXt/Cifar100/FGSM/ALL
[2026-09-11 08:28:16] [SUBMIT] ConvNeXt/Cifar100/FGSM/ALL
[2026-09-11 08:28:26] [CMD] qsub -q all.q -l ngpus=1 -v MODEL="ConvNeXt",DATASET="Cifar100",ATTACK="PGD",KIND="ALL",PHASE="generate",OUTPUT_DIR="adversarial_results_ep200_pre200" adversarial_hpc_submit.pbs </dev/null
[2026-09-11 08:28:26] [CMD] qsub -q all.q -l ngpus=1 -v MODEL="ConvNeXt",DATASET="Cifar100",ATTACK="FGSM",KIND="ALL",PHASE="generate",OUTPUT_DIR="adversarial_results_ep100_pre300" adversarial_hpc_submit.pbs </dev/null
[2026-09-11 08:28:26] [CMD] qsub -q all.q -l ngpus=1 -v MODEL="ConvNeXt",DATASET="Cifar100",ATTACK="FGSM",KIND="ALL",PHASE="generate",OUTPUT_DIR="adversarial_results_ep300_pre100" adversarial_hpc_submit.pbs </dev/null
[2026-09-11 08:28:30] [OK] ConvNeXt/Cifar100/PGD/ALL
[2026-09-11 08:28:33] [OK] ConvNeXt/Cifar100/FGSM/ALL
[2026-09-11 08:28:38] [OK] ConvNeXt/Cifar100/FGSM/ALL
[2026-09-11 08:28:48] [OK] qsub output: Your job 6503563 ("adversarial_hpc_submit.pbs") has been submitted
[2026-09-11 08:28:53] [OK] qsub output: Your job 6503565 ("adversarial_hpc_submit.pbs") has been submitted
[2026-09-11 08:28:53] [OK] qsub output: Your job 6503564 ("adversarial_hpc_submit.pbs") has been submitted
[2026-09-11 08:28:53] [SUBMIT] ConvNeXt/Cifar100/FGSM/ALL
[2026-09-11 08:28:53] [CMD] qsub -q all.q -l ngpus=1 -v MODEL="ConvNeXt",DATASET="Cifar100",ATTACK="FGSM",KIND="ALL",PHASE="generate",OUTPUT_DIR="adversarial_results_ep200_pre200" adversarial_hpc_submit.pbs </dev/null
[2026-09-11 08:28:53] [SUBMIT] ConvNeXt/Cifar100/IFGSM/ALL
[2026-09-11 08:28:53] [CMD] qsub -q all.q -l ngpus=1 -v MODEL="ConvNeXt",DATASET="Cifar100",ATTACK="IFGSM",KIND="ALL",PHASE="generate",OUTPUT_DIR="adversarial_results_ep100_pre300" adversarial_hpc_submit.pbs </dev/null
[2026-09-11 08:28:53] [SUBMIT] ConvNeXt/Cifar100/IFGSM/ALL
[2026-09-11 08:28:53] [CMD] qsub -q all.q -l ngpus=1 -v MODEL="ConvNeXt",DATASET="Cifar100",ATTACK="IFGSM",KIND="ALL",PHASE="generate",OUTPUT_DIR="adversarial_results_ep300_pre100" adversarial_hpc_submit.pbs </dev/null
[2026-09-11 08:28:57] [OK] ConvNeXt/Cifar100/FGSM/ALL
[2026-09-11 08:28:57] [OK] qsub output: Your job 6503566 ("adversarial_hpc_submit.pbs") has been submitted
[2026-09-11 08:28:57] [SUBMIT] ConvNeXt/Cifar100/IFGSM/ALL
[2026-09-11 08:28:57] [CMD] qsub -q all.q -l ngpus=1 -v MODEL="ConvNeXt",DATASET="Cifar100",ATTACK="IFGSM",KIND="ALL",PHASE="generate",OUTPUT_DIR="adversarial_results_ep200_pre200" adversarial_hpc_submit.pbs </dev/null
[2026-09-11 08:29:01] [OK] ConvNeXt/Cifar100/IFGSM/ALL
[2026-09-11 08:29:01] [OK] qsub output: Your job 6503567 ("adversarial_hpc_submit.pbs") has been submitted
[2026-09-11 08:29:01] [SUBMIT] ConvNeXt/Cifar100/BIM/ALL
[2026-09-11 08:29:01] [CMD] qsub -q all.q -l ngpus=1 -v MODEL="ConvNeXt",DATASET="Cifar100",ATTACK="BIM",KIND="ALL",PHASE="generate",OUTPUT_DIR="adversarial_results_ep100_pre300" adversarial_hpc_submit.pbs </dev/null
[2026-09-11 08:29:05] [OK] ConvNeXt/Cifar100/IFGSM/ALL
[2026-09-11 08:29:05] [OK] qsub output: Your job 6503568 ("adversarial_hpc_submit.pbs") has been submitted
[2026-09-11 08:29:05] [SUBMIT] ConvNeXt/Cifar100/BIM/ALL
[2026-09-11 08:29:05] [CMD] qsub -q all.q -l ngpus=1 -v MODEL="ConvNeXt",DATASET="Cifar100",ATTACK="BIM",KIND="ALL",PHASE="generate",OUTPUT_DIR="adversarial_results_ep300_pre100" adversarial_hpc_submit.pbs </dev/null
[2026-09-11 08:29:08] [OK] ConvNeXt/Cifar100/IFGSM/ALL
[2026-09-11 08:29:08] [OK] qsub output: Your job 6503569 ("adversarial_hpc_submit.pbs") has been submitted
[2026-09-11 08:29:08] [SUBMIT] ConvNeXt/Cifar100/BIM/ALL
[2026-09-11 08:29:08] [CMD] qsub -q all.q -l ngpus=1 -v MODEL="ConvNeXt",DATASET="Cifar100",ATTACK="BIM",KIND="ALL",PHASE="generate",OUTPUT_DIR="adversarial_results_ep200_pre200" adversarial_hpc_submit.pbs </dev/null
[2026-09-11 08:29:11] [OK] ConvNeXt/Cifar100/BIM/ALL
[2026-09-11 08:29:11] [OK] qsub output: Your job 6503570 ("adversarial_hpc_submit.pbs") has been submitted
[2026-09-11 08:29:11] [SUBMIT] ConvNeXt/Cifar100/APGD/ALL
[2026-09-11 08:29:11] [CMD] qsub -q all.q -l ngpus=1 -v MODEL="ConvNeXt",DATASET="Cifar100",ATTACK="APGD",KIND="ALL",PHASE="generate",OUTPUT_DIR="adversarial_results_ep100_pre300" adversarial_hpc_submit.pbs </dev/null
[2026-09-11 08:29:20] [OK] ConvNeXt/Cifar100/BIM/ALL
[2026-09-11 08:29:21] [OK] qsub output: Your job 6503572 ("adversarial_hpc_submit.pbs") has been submitted
[2026-09-11 08:29:21] [SUBMIT] ConvNeXt/Cifar100/APGD/ALL
[2026-09-11 08:29:21] [CMD] qsub -q all.q -l ngpus=1 -v MODEL="ConvNeXt",DATASET="Cifar100",ATTACK="APGD",KIND="ALL",PHASE="generate",OUTPUT_DIR="adversarial_results_ep300_pre100" adversarial_hpc_submit.pbs </dev/null
[2026-09-11 08:29:21] [OK] ConvNeXt/Cifar100/BIM/ALL
[2026-09-11 08:29:21] [OK] qsub output: Your job 6503573 ("adversarial_hpc_submit.pbs") has been submitted
[2026-09-11 08:29:21] [SUBMIT] ConvNeXt/Cifar100/APGD/ALL
[2026-09-11 08:29:21] [CMD] qsub -q all.q -l ngpus=1 -v MODEL="ConvNeXt",DATASET="Cifar100",ATTACK="APGD",KIND="ALL",PHASE="generate",OUTPUT_DIR="adversarial_results_ep200_pre200" adversarial_hpc_submit.pbs </dev/null
[2026-09-11 08:29:24] [OK] ConvNeXt/Cifar100/APGD/ALL
[2026-09-11 08:29:26] [OK] qsub output: Your job 6503575 ("adversarial_hpc_submit.pbs") has been submitted
[2026-09-11 08:29:27] [OK] ConvNeXt/Cifar100/APGD/ALL
[2026-09-11 08:29:27] [SUBMIT] ConvNeXt/Cifar100/CW/ALL
[2026-09-11 08:29:29] [OK] qsub output: Your job 6503574 ("adversarial_hpc_submit.pbs") has been submitted
[2026-09-11 08:29:31] [OK] ConvNeXt/Cifar100/APGD/ALL
[2026-09-11 08:29:33] [CMD] qsub -q all.q -l ngpus=1 -v MODEL="ConvNeXt",DATASET="Cifar100",ATTACK="CW",KIND="ALL",PHASE="generate",OUTPUT_DIR="adversarial_results_ep300_pre100" adversarial_hpc_submit.pbs </dev/null
[2026-09-11 08:29:42] [SUBMIT] ConvNeXt/Cifar100/CW/ALL
[2026-09-11 08:29:46] [OK] qsub output: Your job 6503577 ("adversarial_hpc_submit.pbs") has been submitted
[2026-09-11 08:29:57] [OK] ConvNeXt/Cifar100/CW/ALL
[2026-09-11 08:29:59] [CMD] qsub -q all.q -l ngpus=1 -v MODEL="ConvNeXt",DATASET="Cifar100",ATTACK="CW",KIND="ALL",PHASE="generate",OUTPUT_DIR="adversarial_results_ep100_pre300" adversarial_hpc_submit.pbs </dev/null
[2026-09-11 08:30:01] [OK] qsub output: Your job 6503579 ("adversarial_hpc_submit.pbs") has been submitted
[2026-09-11 08:30:01] [SUBMIT] ConvNeXt/Cifar100/CW/ALL
[2026-09-11 08:30:26] [CMD] qsub -q all.q -l ngpus=1 -v MODEL="ConvNeXt",DATASET="Cifar100",ATTACK="CW",KIND="ALL",PHASE="generate",OUTPUT_DIR="adversarial_results_ep200_pre200" adversarial_hpc_submit.pbs </dev/null
[2026-09-11 08:30:26] [OK] ConvNeXt/Cifar100/CW/ALL
[2026-09-11 08:30:26] [SUBMIT] ConvNeXt/Cifar100/DeepFool/ALL
[2026-09-11 08:30:34] [OK] qsub output: Your job 6503582 ("adversarial_hpc_submit.pbs") has been submitted
[2026-09-11 08:30:41] [CMD] qsub -q all.q -l ngpus=1 -v MODEL="ConvNeXt",DATASET="Cifar100",ATTACK="DeepFool",KIND="ALL",PHASE="generate",OUTPUT_DIR="adversarial_results_ep300_pre100" adversarial_hpc_submit.pbs </dev/null
[2026-09-11 08:30:48] [OK] ConvNeXt/Cifar100/CW/ALL
[2026-09-11 08:30:52] [SUBMIT] ConvNeXt/Cifar100/DeepFool/ALL
[2026-09-11 08:30:58] [OK] qsub output: Your job 6503586 ("adversarial_hpc_submit.pbs") has been submitted
[2026-09-11 08:30:58] [CMD] qsub -q all.q -l ngpus=1 -v MODEL="ConvNeXt",DATASET="Cifar100",ATTACK="DeepFool",KIND="ALL",PHASE="generate",OUTPUT_DIR="adversarial_results_ep100_pre300" adversarial_hpc_submit.pbs </dev/null
[2026-09-11 08:30:59] [SUBMIT] ConvNeXt/Cifar100/DeepFool/ALL
[2026-09-11 08:30:59] [CMD] qsub -q all.q -l ngpus=1 -v MODEL="ConvNeXt",DATASET="Cifar100",ATTACK="DeepFool",KIND="ALL",PHASE="generate",OUTPUT_DIR="adversarial_results_ep200_pre200" adversarial_hpc_submit.pbs </dev/null
[2026-09-11 08:31:03] [OK] ConvNeXt/Cifar100/DeepFool/ALL
[2026-09-11 08:31:06] [OK] ConvNeXt/Cifar100/DeepFool/ALL
[2026-09-11 08:31:13] [OK] ConvNeXt/Cifar100/DeepFool/ALL
[2026-09-11 08:31:33] [OK] qsub output: Your job 6503587 ("adversarial_hpc_submit.pbs") has been submitted
[2026-09-11 08:31:39] [OK] qsub output: Your job 6503588 ("adversarial_hpc_submit.pbs") has been submitted
[2026-09-11 08:31:46] [OK] qsub output: Your job 6503589 ("adversarial_hpc_submit.pbs") has been submitted
[2026-09-11 08:32:06] [SUBMIT] ConvNeXt/TinyImageNet/PGD/ALL
[2026-09-11 08:32:11] [SUBMIT] ConvNeXt/TinyImageNet/PGD/ALL
[2026-09-11 08:32:29] [SUBMIT] ConvNeXt/TinyImageNet/PGD/ALL
[2026-09-11 08:33:43] [CMD] qsub -q all.q -l ngpus=1 -v MODEL="ConvNeXt",DATASET="TinyImageNet",ATTACK="PGD",KIND="ALL",PHASE="generate",OUTPUT_DIR="adversarial_results_ep300_pre100" adversarial_hpc_submit.pbs </dev/null
[2026-09-11 08:33:47] [CMD] qsub -q all.q -l ngpus=1 -v MODEL="ConvNeXt",DATASET="TinyImageNet",ATTACK="PGD",KIND="ALL",PHASE="generate",OUTPUT_DIR="adversarial_results_ep100_pre300" adversarial_hpc_submit.pbs </dev/null
[2026-09-11 08:33:49] [CMD] qsub -q all.q -l ngpus=1 -v MODEL="ConvNeXt",DATASET="TinyImageNet",ATTACK="PGD",KIND="ALL",PHASE="generate",OUTPUT_DIR="adversarial_results_ep200_pre200" adversarial_hpc_submit.pbs </dev/null
[2026-09-11 08:34:04] [OK] ConvNeXt/TinyImageNet/PGD/ALL
[2026-09-11 08:34:20] [OK] qsub output: Your job 6503596 ("adversarial_hpc_submit.pbs") has been submitted
[2026-09-11 08:34:20] [SUBMIT] ConvNeXt/TinyImageNet/FGSM/ALL
[2026-09-11 08:34:20] [CMD] qsub -q all.q -l ngpus=1 -v MODEL="ConvNeXt",DATASET="TinyImageNet",ATTACK="FGSM",KIND="ALL",PHASE="generate",OUTPUT_DIR="adversarial_results_ep300_pre100" adversarial_hpc_submit.pbs </dev/null
[2026-09-11 08:34:22] [OK] ConvNeXt/TinyImageNet/PGD/ALL
[2026-09-11 08:34:22] [OK] qsub output: Your job 6503599 ("adversarial_hpc_submit.pbs") has been submitted
[2026-09-11 08:34:22] [SUBMIT] ConvNeXt/TinyImageNet/FGSM/ALL
[2026-09-11 08:34:22] [CMD] qsub -q all.q -l ngpus=1 -v MODEL="ConvNeXt",DATASET="TinyImageNet",ATTACK="FGSM",KIND="ALL",PHASE="generate",OUTPUT_DIR="adversarial_results_ep200_pre200" adversarial_hpc_submit.pbs </dev/null
[2026-09-11 08:34:22] [OK] ConvNeXt/TinyImageNet/PGD/ALL
[2026-09-11 08:34:23] [OK] qsub output: Your job 6503598 ("adversarial_hpc_submit.pbs") has been submitted
[2026-09-11 08:34:23] [SUBMIT] ConvNeXt/TinyImageNet/FGSM/ALL
[2026-09-11 08:34:23] [CMD] qsub -q all.q -l ngpus=1 -v MODEL="ConvNeXt",DATASET="TinyImageNet",ATTACK="FGSM",KIND="ALL",PHASE="generate",OUTPUT_DIR="adversarial_results_ep100_pre300" adversarial_hpc_submit.pbs </dev/null
[2026-09-11 08:34:29] [OK] ConvNeXt/TinyImageNet/FGSM/ALL
[2026-09-11 08:34:29] [OK] qsub output: Your job 6503600 ("adversarial_hpc_submit.pbs") has been submitted
[2026-09-11 08:34:29] [SUBMIT] ConvNeXt/TinyImageNet/IFGSM/ALL
[2026-09-11 08:34:29] [CMD] qsub -q all.q -l ngpus=1 -v MODEL="ConvNeXt",DATASET="TinyImageNet",ATTACK="IFGSM",KIND="ALL",PHASE="generate",OUTPUT_DIR="adversarial_results_ep300_pre100" adversarial_hpc_submit.pbs </dev/null
[2026-09-11 08:34:30] [OK] ConvNeXt/TinyImageNet/FGSM/ALL
[2026-09-11 08:34:30] [OK] qsub output: Your job 6503601 ("adversarial_hpc_submit.pbs") has been submitted
[2026-09-11 08:34:30] [SUBMIT] ConvNeXt/TinyImageNet/IFGSM/ALL
[2026-09-11 08:34:30] [CMD] qsub -q all.q -l ngpus=1 -v MODEL="ConvNeXt",DATASET="TinyImageNet",ATTACK="IFGSM",KIND="ALL",PHASE="generate",OUTPUT_DIR="adversarial_results_ep200_pre200" adversarial_hpc_submit.pbs </dev/null
[2026-09-11 08:34:32] [OK] ConvNeXt/TinyImageNet/IFGSM/ALL
[2026-09-11 08:34:32] [OK] qsub output: Your job 6503603 ("adversarial_hpc_submit.pbs") has been submitted
[2026-09-11 08:34:32] [SUBMIT] ConvNeXt/TinyImageNet/BIM/ALL
[2026-09-11 08:34:32] [CMD] qsub -q all.q -l ngpus=1 -v MODEL="ConvNeXt",DATASET="TinyImageNet",ATTACK="BIM",KIND="ALL",PHASE="generate",OUTPUT_DIR="adversarial_results_ep300_pre100" adversarial_hpc_submit.pbs </dev/null
[2026-09-11 08:34:33] [OK] ConvNeXt/TinyImageNet/FGSM/ALL
[2026-09-11 08:34:37] [OK] ConvNeXt/TinyImageNet/BIM/ALL
[2026-09-11 08:34:40] [OK] ConvNeXt/TinyImageNet/IFGSM/ALL
[2026-09-11 08:34:45] [OK] qsub output: Your job 6503602 ("adversarial_hpc_submit.pbs") has been submitted
[2026-09-11 08:34:47] [OK] qsub output: Your job 6503605 ("adversarial_hpc_submit.pbs") has been submitted
[2026-09-11 08:34:47] [OK] qsub output: Your job 6503604 ("adversarial_hpc_submit.pbs") has been submitted
[2026-09-11 08:34:47] [SUBMIT] ConvNeXt/TinyImageNet/APGD/ALL
[2026-09-11 08:34:47] [SUBMIT] ConvNeXt/TinyImageNet/IFGSM/ALL
[2026-09-11 08:34:47] [SUBMIT] ConvNeXt/TinyImageNet/BIM/ALL
[2026-09-11 08:34:47] [CMD] qsub -q all.q -l ngpus=1 -v MODEL="ConvNeXt",DATASET="TinyImageNet",ATTACK="APGD",KIND="ALL",PHASE="generate",OUTPUT_DIR="adversarial_results_ep300_pre100" adversarial_hpc_submit.pbs </dev/null
[2026-09-11 08:34:56] [CMD] qsub -q all.q -l ngpus=1 -v MODEL="ConvNeXt",DATASET="TinyImageNet",ATTACK="IFGSM",KIND="ALL",PHASE="generate",OUTPUT_DIR="adversarial_results_ep100_pre300" adversarial_hpc_submit.pbs </dev/null
[2026-09-11 08:35:06] [CMD] qsub -q all.q -l ngpus=1 -v MODEL="ConvNeXt",DATASET="TinyImageNet",ATTACK="BIM",KIND="ALL",PHASE="generate",OUTPUT_DIR="adversarial_results_ep200_pre200" adversarial_hpc_submit.pbs </dev/null
[2026-09-11 08:35:10] [OK] ConvNeXt/TinyImageNet/APGD/ALL
[2026-09-11 08:35:12] [OK] ConvNeXt/TinyImageNet/BIM/ALL
[2026-09-11 08:35:16] [OK] ConvNeXt/TinyImageNet/IFGSM/ALL
[2026-09-11 08:35:26] [OK] qsub output: Your job 6503607 ("adversarial_hpc_submit.pbs") has been submitted
[2026-09-11 08:36:01] [OK] qsub output: Your job 6503609 ("adversarial_hpc_submit.pbs") has been submitted
[2026-09-11 08:36:01] [OK] qsub output: Your job 6503608 ("adversarial_hpc_submit.pbs") has been submitted
[2026-09-11 08:36:01] [SUBMIT] ConvNeXt/TinyImageNet/CW/ALL
[2026-09-11 08:36:01] [CMD] qsub -q all.q -l ngpus=1 -v MODEL="ConvNeXt",DATASET="TinyImageNet",ATTACK="CW",KIND="ALL",PHASE="generate",OUTPUT_DIR="adversarial_results_ep300_pre100" adversarial_hpc_submit.pbs </dev/null
[2026-09-11 08:36:01] [SUBMIT] ConvNeXt/TinyImageNet/APGD/ALL
[2026-09-11 08:36:01] [CMD] qsub -q all.q -l ngpus=1 -v MODEL="ConvNeXt",DATASET="TinyImageNet",ATTACK="APGD",KIND="ALL",PHASE="generate",OUTPUT_DIR="adversarial_results_ep200_pre200" adversarial_hpc_submit.pbs </dev/null
[2026-09-11 08:36:01] [SUBMIT] ConvNeXt/TinyImageNet/BIM/ALL
[2026-09-11 08:36:01] [CMD] qsub -q all.q -l ngpus=1 -v MODEL="ConvNeXt",DATASET="TinyImageNet",ATTACK="BIM",KIND="ALL",PHASE="generate",OUTPUT_DIR="adversarial_results_ep100_pre300" adversarial_hpc_submit.pbs </dev/null
[2026-09-11 08:36:06] [OK] ConvNeXt/TinyImageNet/APGD/ALL
[2026-09-11 08:36:06] [OK] qsub output: Your job 6503612 ("adversarial_hpc_submit.pbs") has been submitted
[2026-09-11 08:36:07] [SUBMIT] ConvNeXt/TinyImageNet/CW/ALL
[2026-09-11 08:36:07] [CMD] qsub -q all.q -l ngpus=1 -v MODEL="ConvNeXt",DATASET="TinyImageNet",ATTACK="CW",KIND="ALL",PHASE="generate",OUTPUT_DIR="adversarial_results_ep200_pre200" adversarial_hpc_submit.pbs </dev/null
[2026-09-11 08:36:07] [OK] ConvNeXt/TinyImageNet/CW/ALL
[2026-09-11 08:36:07] [OK] qsub output: Your job 6503611 ("adversarial_hpc_submit.pbs") has been submitted
[2026-09-11 08:36:07] [SUBMIT] ConvNeXt/TinyImageNet/DeepFool/ALL
[2026-09-11 08:36:07] [CMD] qsub -q all.q -l ngpus=1 -v MODEL="ConvNeXt",DATASET="TinyImageNet",ATTACK="DeepFool",KIND="ALL",PHASE="generate",OUTPUT_DIR="adversarial_results_ep300_pre100" adversarial_hpc_submit.pbs </dev/null
[2026-09-11 08:36:13] [OK] ConvNeXt/TinyImageNet/BIM/ALL
[2026-09-11 08:36:14] [OK] ConvNeXt/TinyImageNet/CW/ALL
[2026-09-11 08:36:16] [OK] qsub output: Your job 6503613 ("adversarial_hpc_submit.pbs") has been submitted
[2026-09-11 08:36:16] [OK] qsub output: Your job 6503614 ("adversarial_hpc_submit.pbs") has been submitted
[2026-09-11 08:36:16] [SUBMIT] ConvNeXt/TinyImageNet/APGD/ALL
[2026-09-11 08:36:16] [SUBMIT] ConvNeXt/TinyImageNet/DeepFool/ALL
[2026-09-11 08:36:16] [CMD] qsub -q all.q -l ngpus=1 -v MODEL="ConvNeXt",DATASET="TinyImageNet",ATTACK="APGD",KIND="ALL",PHASE="generate",OUTPUT_DIR="adversarial_results_ep100_pre300" adversarial_hpc_submit.pbs </dev/null
[2026-09-11 08:36:16] [CMD] qsub -q all.q -l ngpus=1 -v MODEL="ConvNeXt",DATASET="TinyImageNet",ATTACK="DeepFool",KIND="ALL",PHASE="generate",OUTPUT_DIR="adversarial_results_ep200_pre200" adversarial_hpc_submit.pbs </dev/null
[2026-09-11 08:36:17] [OK] ConvNeXt/TinyImageNet/DeepFool/ALL
[2026-09-11 08:36:18] [OK] qsub output: Your job 6503615 ("adversarial_hpc_submit.pbs") has been submitted
[2026-09-11 08:36:18] [SUCCESS] Submitted 126 jobs
[2026-09-11 08:36:21] [OK] ConvNeXt/TinyImageNet/APGD/ALL
[2026-09-11 08:36:22] [OK] ConvNeXt/TinyImageNet/DeepFool/ALL
[2026-09-11 08:36:26] Monitor progress with: qstat
[2026-09-11 08:36:33] [OK] qsub output: Your job 6503617 ("adversarial_hpc_submit.pbs") has been submitted
[2026-09-11 08:36:33] [OK] qsub output: Your job 6503618 ("adversarial_hpc_submit.pbs") has been submitted
[2026-09-11 08:36:39] ============================================================================
[2026-09-11 08:36:51] [SUBMIT] ConvNeXt/TinyImageNet/CW/ALL
[2026-09-11 08:36:58] [SUCCESS] Submitted 126 jobs
[2026-09-11 08:37:05] Job submission complete. Check logs/ for details.
[2026-09-11 08:37:06] [CMD] qsub -q all.q -l ngpus=1 -v MODEL="ConvNeXt",DATASET="TinyImageNet",ATTACK="CW",KIND="ALL",PHASE="generate",OUTPUT_DIR="adversarial_results_ep100_pre300" adversarial_hpc_submit.pbs </dev/null
[2026-09-11 08:37:07] Monitor progress with: qstat
[2026-09-11 08:37:21] Run log saved to: /Users/jgafur/LTH/manuscript/Tranfer/logs/adversarial_orchestrate_generate_20260911_080108.log
[2026-09-11 08:37:25] ============================================================================
[2026-09-11 08:37:34] [OK] ConvNeXt/TinyImageNet/CW/ALL
[2026-09-11 08:37:41] ============================================================================
[2026-09-11 08:37:46] Job submission complete. Check logs/ for details.
[2026-09-11 08:37:46] [OK] qsub output: Your job 6503623 ("adversarial_hpc_submit.pbs") has been submitted
[2026-09-11 08:38:01] Run log saved to: /Users/jgafur/LTH/manuscript/Tranfer/logs/adversarial_orchestrate_generate_20260911_080108.log
[2026-09-11 08:38:12] [SUBMIT] ConvNeXt/TinyImageNet/DeepFool/ALL
[2026-09-11 08:38:18] ============================================================================
[2026-09-11 08:38:32] [CMD] qsub -q all.q -l ngpus=1 -v MODEL="ConvNeXt",DATASET="TinyImageNet",ATTACK="DeepFool",KIND="ALL",PHASE="generate",OUTPUT_DIR="adversarial_results_ep100_pre300" adversarial_hpc_submit.pbs </dev/null
[2026-09-11 08:38:37] [OK] ConvNeXt/TinyImageNet/DeepFool/ALL
[2026-09-11 08:38:55] [OK] qsub output: Your job 6503624 ("adversarial_hpc_submit.pbs") has been submitted
[2026-09-11 08:39:00] [SUCCESS] Submitted 126 jobs
[2026-09-11 08:39:19] Monitor progress with: qstat
[2026-09-11 08:39:28] ============================================================================
[2026-09-11 08:39:37] Job submission complete. Check logs/ for details.
[2026-09-11 08:39:51] Run log saved to: /Users/jgafur/LTH/manuscript/Tranfer/logs/adversarial_orchestrate_generate_20260911_080108.log
[2026-09-11 08:40:09] ============================================================================
