[2026-09-04 17:05:32] Starting orchestration script
[2026-09-04 17:05:32] Starting orchestration script
[2026-09-04 17:05:32] Starting orchestration script
[2026-09-04 17:05:32] Script path: /Users/jgafur/LTH/manuscript/Tranfer
[2026-09-04 17:05:32] Script path: /Users/jgafur/LTH/manuscript/Tranfer
[2026-09-04 17:05:32] Script path: /Users/jgafur/LTH/manuscript/Tranfer
[2026-09-04 17:05:32] Current working directory: /Users/jgafur/LTH/manuscript/Tranfer
[2026-09-04 17:05:32] Current working directory: /Users/jgafur/LTH/manuscript/Tranfer
[2026-09-04 17:05:32] Current working directory: /Users/jgafur/LTH/manuscript/Tranfer
[2026-09-04 17:05:32] Phase: generate
[2026-09-04 17:05:32] Phase: generate
[2026-09-04 17:05:32] Phase: generate
[2026-09-04 17:05:32] Output directory: adversarial_results_ep100_pre300
[2026-09-04 17:05:32] Output directory: adversarial_results_ep300_pre100
[2026-09-04 17:05:32] Output directory: adversarial_results_ep200_pre200
[2026-09-04 17:05:32] Model filter: ALL
[2026-09-04 17:05:32] Model filter: ALL
[2026-09-04 17:05:32] Model filter: ALL
[2026-09-04 17:05:32] Dataset filter: ALL
[2026-09-04 17:05:32] Dataset filter: ALL
[2026-09-04 17:05:32] Dataset filter: ALL
[2026-09-04 17:05:32] Attack filter: ALL
[2026-09-04 17:05:32] Attack filter: ALL
[2026-09-04 17:05:32] Kind filter: ALL
[2026-09-04 17:05:32] Attack filter: ALL
[2026-09-04 17:05:32] Kind filter: ALL
[2026-09-04 17:05:32] Run log: /Users/jgafur/LTH/manuscript/Tranfer/logs/adversarial_orchestrate_generate_20260904_170532.log
[2026-09-04 17:05:32] Kind filter: ALL
[2026-09-04 17:05:32] Run log: /Users/jgafur/LTH/manuscript/Tranfer/logs/adversarial_orchestrate_generate_20260904_170532.log
[2026-09-04 17:05:32] Run log: /Users/jgafur/LTH/manuscript/Tranfer/logs/adversarial_orchestrate_generate_20260904_170532.log
[2026-09-04 17:05:32] qsub command found: /opt/sge/bin/lx-amd64/qsub
[2026-09-04 17:05:32] qsub command found: /opt/sge/bin/lx-amd64/qsub
[2026-09-04 17:05:32] Found submission file: /Users/jgafur/LTH/manuscript/Tranfer/adversarial_hpc_submit.pbs
[2026-09-04 17:05:32] qsub command found: /opt/sge/bin/lx-amd64/qsub
[2026-09-04 17:05:32] Found submission file: /Users/jgafur/LTH/manuscript/Tranfer/adversarial_hpc_submit.pbs
[2026-09-04 17:05:32] ============================================================================
[2026-09-04 17:05:32] Found submission file: /Users/jgafur/LTH/manuscript/Tranfer/adversarial_hpc_submit.pbs
[2026-09-04 17:05:32] ============================================================================
[2026-09-04 17:05:32] Adversarial Analysis HPC Orchestration
[2026-09-04 17:05:32] ============================================================================
[2026-09-04 17:05:32] Adversarial Analysis HPC Orchestration
[2026-09-04 17:05:32] ============================================================================
[2026-09-04 17:05:32] Adversarial Analysis HPC Orchestration
[2026-09-04 17:05:32] ============================================================================
[2026-09-04 17:05:32] Phase:       generate
[2026-09-04 17:05:32] ============================================================================
[2026-09-04 17:05:32] Phase:       generate
[2026-09-04 17:05:32] Output Dir:  adversarial_results_ep300_pre100
[2026-09-04 17:05:32] Phase:       generate
[2026-09-04 17:05:32] Output Dir:  adversarial_results_ep100_pre300
[2026-09-04 17:05:32] Output Dir:  adversarial_results_ep200_pre200
[2026-09-04 17:05:32] Models:      6 architectures
[2026-09-04 17:05:32] Datasets:    2 datasets
[2026-09-04 17:05:32] Models:      6 architectures
[2026-09-04 17:05:32] Models:      6 architectures
[2026-09-04 17:05:32] Attacks:     7 attack types
[2026-09-04 17:05:32] Datasets:    2 datasets
[2026-09-04 17:05:32] Datasets:    2 datasets
[2026-09-04 17:05:32] Total Jobs:  ~84
[2026-09-04 17:05:32] Attacks:     7 attack types
[2026-09-04 17:05:32] Attacks:     7 attack types
[2026-09-04 17:05:32] ============================================================================
[2026-09-04 17:05:32] Total Jobs:  ~84
[2026-09-04 17:05:32] Total Jobs:  ~84
[2026-09-04 17:05:32] ============================================================================
[2026-09-04 17:05:32] Run outputs will be written as txt files in manuscript/Tranfer/
[2026-09-04 17:05:32] ============================================================================
[2026-09-04 17:05:32]   - generate:      <MODEL>_<DATASET>_<ATTACK>_<KIND>_generate_run.txt
[2026-09-04 17:05:32] Run outputs will be written as txt files in manuscript/Tranfer/
[2026-09-04 17:05:32]   - analyze:       adversarial_analyze_run.txt
[2026-09-04 17:05:32] Run outputs will be written as txt files in manuscript/Tranfer/
[2026-09-04 17:05:32]   - generate:      <MODEL>_<DATASET>_<ATTACK>_<KIND>_generate_run.txt
[2026-09-04 17:05:32]   - plot:          adversarial_plot_run.txt
[2026-09-04 17:05:32]   - generate:      <MODEL>_<DATASET>_<ATTACK>_<KIND>_generate_run.txt
[2026-09-04 17:05:32]   - analyze:       adversarial_analyze_run.txt
[2026-09-04 17:05:32]   - gradient_sim:  adversarial_gradient_sim_run.txt
[2026-09-04 17:05:32]   - analyze:       adversarial_analyze_run.txt
[2026-09-04 17:05:32]   - plot:          adversarial_plot_run.txt
[2026-09-04 17:05:32]   - epsilon_sweep: adversarial_epsilon_sweep_run.txt
[2026-09-04 17:05:32]   - gradient_sim:  adversarial_gradient_sim_run.txt
[2026-09-04 17:05:32]   - plot:          adversarial_plot_run.txt
[2026-09-04 17:05:32]   - statistics:    adversarial_statistics_run.txt
[2026-09-04 17:05:32]   - gradient_sim:  adversarial_gradient_sim_run.txt
[2026-09-04 17:05:32]   - epsilon_sweep: adversarial_epsilon_sweep_run.txt
[2026-09-04 17:05:32]   - cka:           adversarial_cka_run.txt
[2026-09-04 17:05:32]   - epsilon_sweep: adversarial_epsilon_sweep_run.txt
[2026-09-04 17:05:32]   - statistics:    adversarial_statistics_run.txt
[2026-09-04 17:05:32]   - statistics:    adversarial_statistics_run.txt
[2026-09-04 17:05:32]   - compare:       adversarial_compare_run.txt
[2026-09-04 17:05:32]   - cka:           adversarial_cka_run.txt
[2026-09-04 17:05:32]   - compute_tradeoff: adversarial_compute_tradeoff_run.txt
[2026-09-04 17:05:32]   - cka:           adversarial_cka_run.txt
[2026-09-04 17:05:32]   - correlations:  adversarial_correlations_run.txt
[2026-09-04 17:05:32]   - compare:       adversarial_compare_run.txt
[2026-09-04 17:05:32]   - compare:       adversarial_compare_run.txt
[2026-09-04 17:05:32] [PHASE: GENERATE] Submitting attack generation jobs...
[2026-09-04 17:05:32]   - compute_tradeoff: adversarial_compute_tradeoff_run.txt
[2026-09-04 17:05:32]   - compute_tradeoff: adversarial_compute_tradeoff_run.txt
[2026-09-04 17:05:32] [SUBMIT] VGG16/Cifar10/PGD/ALL
[2026-09-04 17:05:32]   - correlations:  adversarial_correlations_run.txt
[2026-09-04 17:05:32]   - correlations:  adversarial_correlations_run.txt
[2026-09-04 17:05:32] [CMD] qsub -q all.q -l ngpus=1 -v MODEL="VGG16",DATASET="Cifar10",ATTACK="PGD",KIND="ALL",PHASE="generate",OUTPUT_DIR="adversarial_results_ep100_pre300" adversarial_hpc_submit.pbs </dev/null
[2026-09-04 17:05:32] [PHASE: GENERATE] Submitting attack generation jobs...
[2026-09-04 17:05:32] [PHASE: GENERATE] Submitting attack generation jobs...
[2026-09-04 17:05:32] [SUBMIT] VGG16/Cifar10/PGD/ALL
[2026-09-04 17:05:32] [SUBMIT] VGG16/Cifar10/PGD/ALL
[2026-09-04 17:05:32] [CMD] qsub -q all.q -l ngpus=1 -v MODEL="VGG16",DATASET="Cifar10",ATTACK="PGD",KIND="ALL",PHASE="generate",OUTPUT_DIR="adversarial_results_ep200_pre200" adversarial_hpc_submit.pbs </dev/null
[2026-09-04 17:05:32] [CMD] qsub -q all.q -l ngpus=1 -v MODEL="VGG16",DATASET="Cifar10",ATTACK="PGD",KIND="ALL",PHASE="generate",OUTPUT_DIR="adversarial_results_ep300_pre100" adversarial_hpc_submit.pbs </dev/null
[2026-09-04 17:05:36] [OK] VGG16/Cifar10/PGD/ALL
[2026-09-04 17:05:36] [OK] qsub output: Your job 6462700 ("adversarial_hpc_submit.pbs") has been submitted
[2026-09-04 17:05:36] [SUBMIT] VGG16/Cifar10/FGSM/ALL
[2026-09-04 17:05:36] [CMD] qsub -q all.q -l ngpus=1 -v MODEL="VGG16",DATASET="Cifar10",ATTACK="FGSM",KIND="ALL",PHASE="generate",OUTPUT_DIR="adversarial_results_ep100_pre300" adversarial_hpc_submit.pbs </dev/null
[2026-09-04 17:05:40] [OK] VGG16/Cifar10/PGD/ALL
[2026-09-04 17:05:40] [OK] qsub output: Your job 6462701 ("adversarial_hpc_submit.pbs") has been submitted
[2026-09-04 17:05:40] [SUBMIT] VGG16/Cifar10/FGSM/ALL
[2026-09-04 17:05:41] [CMD] qsub -q all.q -l ngpus=1 -v MODEL="VGG16",DATASET="Cifar10",ATTACK="FGSM",KIND="ALL",PHASE="generate",OUTPUT_DIR="adversarial_results_ep300_pre100" adversarial_hpc_submit.pbs </dev/null
[2026-09-04 17:05:41] [OK] VGG16/Cifar10/PGD/ALL
[2026-09-04 17:05:41] [OK] qsub output: Your job 6462699 ("adversarial_hpc_submit.pbs") has been submitted
[2026-09-04 17:05:41] [SUBMIT] VGG16/Cifar10/FGSM/ALL
[2026-09-04 17:05:41] [CMD] qsub -q all.q -l ngpus=1 -v MODEL="VGG16",DATASET="Cifar10",ATTACK="FGSM",KIND="ALL",PHASE="generate",OUTPUT_DIR="adversarial_results_ep200_pre200" adversarial_hpc_submit.pbs </dev/null
[2026-09-04 17:05:44] [OK] VGG16/Cifar10/FGSM/ALL
[2026-09-04 17:05:44] [OK] qsub output: Your job 6462703 ("adversarial_hpc_submit.pbs") has been submitted
[2026-09-04 17:05:44] [SUBMIT] VGG16/Cifar10/IFGSM/ALL
[2026-09-04 17:05:44] [CMD] qsub -q all.q -l ngpus=1 -v MODEL="VGG16",DATASET="Cifar10",ATTACK="IFGSM",KIND="ALL",PHASE="generate",OUTPUT_DIR="adversarial_results_ep300_pre100" adversarial_hpc_submit.pbs </dev/null
[2026-09-04 17:05:47] [OK] VGG16/Cifar10/FGSM/ALL
[2026-09-04 17:05:47] [OK] qsub output: Your job 6462704 ("adversarial_hpc_submit.pbs") has been submitted
[2026-09-04 17:05:47] [SUBMIT] VGG16/Cifar10/IFGSM/ALL
[2026-09-04 17:05:47] [CMD] qsub -q all.q -l ngpus=1 -v MODEL="VGG16",DATASET="Cifar10",ATTACK="IFGSM",KIND="ALL",PHASE="generate",OUTPUT_DIR="adversarial_results_ep200_pre200" adversarial_hpc_submit.pbs </dev/null
[2026-09-04 17:05:47] [OK] VGG16/Cifar10/FGSM/ALL
[2026-09-04 17:05:47] [OK] qsub output: Your job 6462702 ("adversarial_hpc_submit.pbs") has been submitted
[2026-09-04 17:05:47] [SUBMIT] VGG16/Cifar10/IFGSM/ALL
[2026-09-04 17:05:47] [CMD] qsub -q all.q -l ngpus=1 -v MODEL="VGG16",DATASET="Cifar10",ATTACK="IFGSM",KIND="ALL",PHASE="generate",OUTPUT_DIR="adversarial_results_ep100_pre300" adversarial_hpc_submit.pbs </dev/null
[2026-09-04 17:05:49] [OK] VGG16/Cifar10/IFGSM/ALL
[2026-09-04 17:05:49] [OK] qsub output: Your job 6462705 ("adversarial_hpc_submit.pbs") has been submitted
[2026-09-04 17:05:49] [SUBMIT] VGG16/Cifar10/BIM/ALL
[2026-09-04 17:05:49] [CMD] qsub -q all.q -l ngpus=1 -v MODEL="VGG16",DATASET="Cifar10",ATTACK="BIM",KIND="ALL",PHASE="generate",OUTPUT_DIR="adversarial_results_ep300_pre100" adversarial_hpc_submit.pbs </dev/null
[2026-09-04 17:05:50] [OK] VGG16/Cifar10/IFGSM/ALL
[2026-09-04 17:05:50] [OK] qsub output: Your job 6462707 ("adversarial_hpc_submit.pbs") has been submitted
[2026-09-04 17:05:50] [SUBMIT] VGG16/Cifar10/BIM/ALL
[2026-09-04 17:05:50] [CMD] qsub -q all.q -l ngpus=1 -v MODEL="VGG16",DATASET="Cifar10",ATTACK="BIM",KIND="ALL",PHASE="generate",OUTPUT_DIR="adversarial_results_ep100_pre300" adversarial_hpc_submit.pbs </dev/null
[2026-09-04 17:05:51] [OK] VGG16/Cifar10/IFGSM/ALL
[2026-09-04 17:05:51] [OK] qsub output: Your job 6462706 ("adversarial_hpc_submit.pbs") has been submitted
[2026-09-04 17:05:52] [SUBMIT] VGG16/Cifar10/BIM/ALL
[2026-09-04 17:05:52] [CMD] qsub -q all.q -l ngpus=1 -v MODEL="VGG16",DATASET="Cifar10",ATTACK="BIM",KIND="ALL",PHASE="generate",OUTPUT_DIR="adversarial_results_ep200_pre200" adversarial_hpc_submit.pbs </dev/null
[2026-09-04 17:05:56] [OK] VGG16/Cifar10/BIM/ALL
[2026-09-04 17:05:56] [OK] qsub output: Your job 6462708 ("adversarial_hpc_submit.pbs") has been submitted
[2026-09-04 17:05:56] [SUBMIT] VGG16/Cifar10/APGD/ALL
[2026-09-04 17:05:56] [CMD] qsub -q all.q -l ngpus=1 -v MODEL="VGG16",DATASET="Cifar10",ATTACK="APGD",KIND="ALL",PHASE="generate",OUTPUT_DIR="adversarial_results_ep300_pre100" adversarial_hpc_submit.pbs </dev/null
[2026-09-04 17:06:03] [OK] VGG16/Cifar10/BIM/ALL
[2026-09-04 17:06:03] [OK] qsub output: Your job 6462711 ("adversarial_hpc_submit.pbs") has been submitted
[2026-09-04 17:06:04] [SUBMIT] VGG16/Cifar10/APGD/ALL
[2026-09-04 17:06:04] [CMD] qsub -q all.q -l ngpus=1 -v MODEL="VGG16",DATASET="Cifar10",ATTACK="APGD",KIND="ALL",PHASE="generate",OUTPUT_DIR="adversarial_results_ep200_pre200" adversarial_hpc_submit.pbs </dev/null
[2026-09-04 17:06:04] [OK] VGG16/Cifar10/BIM/ALL
[2026-09-04 17:06:04] [OK] qsub output: Your job 6462710 ("adversarial_hpc_submit.pbs") has been submitted
[2026-09-04 17:06:04] [SUBMIT] VGG16/Cifar10/APGD/ALL
[2026-09-04 17:06:04] [CMD] qsub -q all.q -l ngpus=1 -v MODEL="VGG16",DATASET="Cifar10",ATTACK="APGD",KIND="ALL",PHASE="generate",OUTPUT_DIR="adversarial_results_ep100_pre300" adversarial_hpc_submit.pbs </dev/null
[2026-09-04 17:06:08] [OK] VGG16/Cifar10/APGD/ALL
[2026-09-04 17:06:08] [OK] qsub output: Your job 6462713 ("adversarial_hpc_submit.pbs") has been submitted
[2026-09-04 17:06:08] [SUBMIT] VGG16/Cifar10/CW/ALL
[2026-09-04 17:06:08] [CMD] qsub -q all.q -l ngpus=1 -v MODEL="VGG16",DATASET="Cifar10",ATTACK="CW",KIND="ALL",PHASE="generate",OUTPUT_DIR="adversarial_results_ep200_pre200" adversarial_hpc_submit.pbs </dev/null
[2026-09-04 17:06:10] [OK] VGG16/Cifar10/APGD/ALL
[2026-09-04 17:06:10] [OK] qsub output: Your job 6462714 ("adversarial_hpc_submit.pbs") has been submitted
[2026-09-04 17:06:10] [SUBMIT] VGG16/Cifar10/CW/ALL
[2026-09-04 17:06:10] [CMD] qsub -q all.q -l ngpus=1 -v MODEL="VGG16",DATASET="Cifar10",ATTACK="CW",KIND="ALL",PHASE="generate",OUTPUT_DIR="adversarial_results_ep100_pre300" adversarial_hpc_submit.pbs </dev/null
[2026-09-04 17:06:10] [OK] VGG16/Cifar10/APGD/ALL
[2026-09-04 17:06:10] [OK] qsub output: Your job 6462712 ("adversarial_hpc_submit.pbs") has been submitted
[2026-09-04 17:06:10] [SUBMIT] VGG16/Cifar10/CW/ALL
[2026-09-04 17:06:10] [CMD] qsub -q all.q -l ngpus=1 -v MODEL="VGG16",DATASET="Cifar10",ATTACK="CW",KIND="ALL",PHASE="generate",OUTPUT_DIR="adversarial_results_ep300_pre100" adversarial_hpc_submit.pbs </dev/null
[2026-09-04 17:06:13] [OK] VGG16/Cifar10/CW/ALL
[2026-09-04 17:06:13] [OK] qsub output: Your job 6462716 ("adversarial_hpc_submit.pbs") has been submitted
[2026-09-04 17:06:13] [SUBMIT] VGG16/Cifar10/DeepFool/ALL
[2026-09-04 17:06:13] [CMD] qsub -q all.q -l ngpus=1 -v MODEL="VGG16",DATASET="Cifar10",ATTACK="DeepFool",KIND="ALL",PHASE="generate",OUTPUT_DIR="adversarial_results_ep100_pre300" adversarial_hpc_submit.pbs </dev/null
[2026-09-04 17:06:16] [OK] VGG16/Cifar10/CW/ALL
[2026-09-04 17:06:16] [OK] qsub output: Your job 6462715 ("adversarial_hpc_submit.pbs") has been submitted
[2026-09-04 17:06:17] [SUBMIT] VGG16/Cifar10/DeepFool/ALL
[2026-09-04 17:06:17] [CMD] qsub -q all.q -l ngpus=1 -v MODEL="VGG16",DATASET="Cifar10",ATTACK="DeepFool",KIND="ALL",PHASE="generate",OUTPUT_DIR="adversarial_results_ep200_pre200" adversarial_hpc_submit.pbs </dev/null
[2026-09-04 17:06:19] [OK] VGG16/Cifar10/DeepFool/ALL
[2026-09-04 17:06:19] [OK] qsub output: Your job 6462718 ("adversarial_hpc_submit.pbs") has been submitted
[2026-09-04 17:06:19] [SUBMIT] VGG16/Cifar100/PGD/ALL
[2026-09-04 17:06:19] [CMD] qsub -q all.q -l ngpus=1 -v MODEL="VGG16",DATASET="Cifar100",ATTACK="PGD",KIND="ALL",PHASE="generate",OUTPUT_DIR="adversarial_results_ep100_pre300" adversarial_hpc_submit.pbs </dev/null
[2026-09-04 17:06:21] [OK] VGG16/Cifar10/DeepFool/ALL
[2026-09-04 17:06:21] [OK] qsub output: Your job 6462719 ("adversarial_hpc_submit.pbs") has been submitted
[2026-09-04 17:06:21] [SUBMIT] VGG16/Cifar100/PGD/ALL
[2026-09-04 17:06:21] [CMD] qsub -q all.q -l ngpus=1 -v MODEL="VGG16",DATASET="Cifar100",ATTACK="PGD",KIND="ALL",PHASE="generate",OUTPUT_DIR="adversarial_results_ep200_pre200" adversarial_hpc_submit.pbs </dev/null
[2026-09-04 17:06:22] [OK] VGG16/Cifar10/CW/ALL
[2026-09-04 17:06:22] [OK] qsub output: Your job 6462717 ("adversarial_hpc_submit.pbs") has been submitted
[2026-09-04 17:06:22] [SUBMIT] VGG16/Cifar10/DeepFool/ALL
[2026-09-04 17:06:22] [CMD] qsub -q all.q -l ngpus=1 -v MODEL="VGG16",DATASET="Cifar10",ATTACK="DeepFool",KIND="ALL",PHASE="generate",OUTPUT_DIR="adversarial_results_ep300_pre100" adversarial_hpc_submit.pbs </dev/null
[2026-09-04 17:06:24] [OK] VGG16/Cifar100/PGD/ALL
[2026-09-04 17:06:24] [OK] qsub output: Your job 6462720 ("adversarial_hpc_submit.pbs") has been submitted
[2026-09-04 17:06:24] [SUBMIT] VGG16/Cifar100/FGSM/ALL
[2026-09-04 17:06:24] [CMD] qsub -q all.q -l ngpus=1 -v MODEL="VGG16",DATASET="Cifar100",ATTACK="FGSM",KIND="ALL",PHASE="generate",OUTPUT_DIR="adversarial_results_ep100_pre300" adversarial_hpc_submit.pbs </dev/null
[2026-09-04 17:06:25] [OK] VGG16/Cifar100/PGD/ALL
[2026-09-04 17:06:25] [OK] qsub output: Your job 6462721 ("adversarial_hpc_submit.pbs") has been submitted
[2026-09-04 17:06:26] [SUBMIT] VGG16/Cifar100/FGSM/ALL
[2026-09-04 17:06:26] [CMD] qsub -q all.q -l ngpus=1 -v MODEL="VGG16",DATASET="Cifar100",ATTACK="FGSM",KIND="ALL",PHASE="generate",OUTPUT_DIR="adversarial_results_ep200_pre200" adversarial_hpc_submit.pbs </dev/null
[2026-09-04 17:06:28] [OK] VGG16/Cifar100/FGSM/ALL
[2026-09-04 17:06:28] [OK] qsub output: Your job 6462723 ("adversarial_hpc_submit.pbs") has been submitted
[2026-09-04 17:06:28] [OK] VGG16/Cifar10/DeepFool/ALL
[2026-09-04 17:06:28] [OK] qsub output: Your job 6462722 ("adversarial_hpc_submit.pbs") has been submitted
[2026-09-04 17:06:28] [SUBMIT] VGG16/Cifar100/IFGSM/ALL
[2026-09-04 17:06:28] [CMD] qsub -q all.q -l ngpus=1 -v MODEL="VGG16",DATASET="Cifar100",ATTACK="IFGSM",KIND="ALL",PHASE="generate",OUTPUT_DIR="adversarial_results_ep100_pre300" adversarial_hpc_submit.pbs </dev/null
[2026-09-04 17:06:29] [SUBMIT] VGG16/Cifar100/PGD/ALL
[2026-09-04 17:06:29] [CMD] qsub -q all.q -l ngpus=1 -v MODEL="VGG16",DATASET="Cifar100",ATTACK="PGD",KIND="ALL",PHASE="generate",OUTPUT_DIR="adversarial_results_ep300_pre100" adversarial_hpc_submit.pbs </dev/null
[2026-09-04 17:06:35] [OK] VGG16/Cifar100/IFGSM/ALL
[2026-09-04 17:06:35] [OK] qsub output: Your job 6462725 ("adversarial_hpc_submit.pbs") has been submitted
[2026-09-04 17:06:35] [SUBMIT] VGG16/Cifar100/BIM/ALL
[2026-09-04 17:06:35] [CMD] qsub -q all.q -l ngpus=1 -v MODEL="VGG16",DATASET="Cifar100",ATTACK="BIM",KIND="ALL",PHASE="generate",OUTPUT_DIR="adversarial_results_ep100_pre300" adversarial_hpc_submit.pbs </dev/null
[2026-09-04 17:06:35] [OK] VGG16/Cifar100/FGSM/ALL
[2026-09-04 17:06:35] [OK] qsub output: Your job 6462724 ("adversarial_hpc_submit.pbs") has been submitted
[2026-09-04 17:06:35] [SUBMIT] VGG16/Cifar100/IFGSM/ALL
[2026-09-04 17:06:35] [CMD] qsub -q all.q -l ngpus=1 -v MODEL="VGG16",DATASET="Cifar100",ATTACK="IFGSM",KIND="ALL",PHASE="generate",OUTPUT_DIR="adversarial_results_ep200_pre200" adversarial_hpc_submit.pbs </dev/null
[2026-09-04 17:06:39] [OK] VGG16/Cifar100/PGD/ALL
[2026-09-04 17:06:39] [OK] qsub output: Your job 6462726 ("adversarial_hpc_submit.pbs") has been submitted
[2026-09-04 17:06:39] [SUBMIT] VGG16/Cifar100/FGSM/ALL
[2026-09-04 17:06:39] [CMD] qsub -q all.q -l ngpus=1 -v MODEL="VGG16",DATASET="Cifar100",ATTACK="FGSM",KIND="ALL",PHASE="generate",OUTPUT_DIR="adversarial_results_ep300_pre100" adversarial_hpc_submit.pbs </dev/null
[2026-09-04 17:06:40] [OK] VGG16/Cifar100/BIM/ALL
[2026-09-04 17:06:40] [OK] qsub output: Your job 6462727 ("adversarial_hpc_submit.pbs") has been submitted
[2026-09-04 17:06:40] [SUBMIT] VGG16/Cifar100/APGD/ALL
[2026-09-04 17:06:40] [CMD] qsub -q all.q -l ngpus=1 -v MODEL="VGG16",DATASET="Cifar100",ATTACK="APGD",KIND="ALL",PHASE="generate",OUTPUT_DIR="adversarial_results_ep100_pre300" adversarial_hpc_submit.pbs </dev/null
[2026-09-04 17:06:45] [OK] VGG16/Cifar100/IFGSM/ALL
[2026-09-04 17:06:45] [OK] qsub output: Your job 6462728 ("adversarial_hpc_submit.pbs") has been submitted
[2026-09-04 17:06:45] [SUBMIT] VGG16/Cifar100/BIM/ALL
[2026-09-04 17:06:45] [CMD] qsub -q all.q -l ngpus=1 -v MODEL="VGG16",DATASET="Cifar100",ATTACK="BIM",KIND="ALL",PHASE="generate",OUTPUT_DIR="adversarial_results_ep200_pre200" adversarial_hpc_submit.pbs </dev/null
[2026-09-04 17:06:47] [OK] VGG16/Cifar100/FGSM/ALL
[2026-09-04 17:06:47] [OK] qsub output: Your job 6462729 ("adversarial_hpc_submit.pbs") has been submitted
[2026-09-04 17:06:47] [SUBMIT] VGG16/Cifar100/IFGSM/ALL
[2026-09-04 17:06:47] [CMD] qsub -q all.q -l ngpus=1 -v MODEL="VGG16",DATASET="Cifar100",ATTACK="IFGSM",KIND="ALL",PHASE="generate",OUTPUT_DIR="adversarial_results_ep300_pre100" adversarial_hpc_submit.pbs </dev/null
[2026-09-04 17:06:53] [OK] VGG16/Cifar100/BIM/ALL
[2026-09-04 17:06:53] [OK] qsub output: Your job 6462731 ("adversarial_hpc_submit.pbs") has been submitted
[2026-09-04 17:06:53] [SUBMIT] VGG16/Cifar100/APGD/ALL
[2026-09-04 17:06:53] [CMD] qsub -q all.q -l ngpus=1 -v MODEL="VGG16",DATASET="Cifar100",ATTACK="APGD",KIND="ALL",PHASE="generate",OUTPUT_DIR="adversarial_results_ep200_pre200" adversarial_hpc_submit.pbs </dev/null
[2026-09-04 17:06:54] [OK] VGG16/Cifar100/APGD/ALL
[2026-09-04 17:06:54] [OK] qsub output: Your job 6462730 ("adversarial_hpc_submit.pbs") has been submitted
[2026-09-04 17:06:54] [SUBMIT] VGG16/Cifar100/CW/ALL
[2026-09-04 17:06:54] [CMD] qsub -q all.q -l ngpus=1 -v MODEL="VGG16",DATASET="Cifar100",ATTACK="CW",KIND="ALL",PHASE="generate",OUTPUT_DIR="adversarial_results_ep100_pre300" adversarial_hpc_submit.pbs </dev/null
[2026-09-04 17:06:58] [OK] VGG16/Cifar100/IFGSM/ALL
[2026-09-04 17:06:58] [OK] qsub output: Your job 6462732 ("adversarial_hpc_submit.pbs") has been submitted
[2026-09-04 17:06:58] [SUBMIT] VGG16/Cifar100/BIM/ALL
[2026-09-04 17:06:58] [CMD] qsub -q all.q -l ngpus=1 -v MODEL="VGG16",DATASET="Cifar100",ATTACK="BIM",KIND="ALL",PHASE="generate",OUTPUT_DIR="adversarial_results_ep300_pre100" adversarial_hpc_submit.pbs </dev/null
[2026-09-04 17:07:02] [OK] VGG16/Cifar100/APGD/ALL
[2026-09-04 17:07:02] [OK] qsub output: Your job 6462733 ("adversarial_hpc_submit.pbs") has been submitted
[2026-09-04 17:07:02] [SUBMIT] VGG16/Cifar100/CW/ALL
[2026-09-04 17:07:02] [CMD] qsub -q all.q -l ngpus=1 -v MODEL="VGG16",DATASET="Cifar100",ATTACK="CW",KIND="ALL",PHASE="generate",OUTPUT_DIR="adversarial_results_ep200_pre200" adversarial_hpc_submit.pbs </dev/null
[2026-09-04 17:07:03] [OK] VGG16/Cifar100/CW/ALL
[2026-09-04 17:07:03] [OK] qsub output: Your job 6462734 ("adversarial_hpc_submit.pbs") has been submitted
[2026-09-04 17:07:03] [SUBMIT] VGG16/Cifar100/DeepFool/ALL
[2026-09-04 17:07:03] [CMD] qsub -q all.q -l ngpus=1 -v MODEL="VGG16",DATASET="Cifar100",ATTACK="DeepFool",KIND="ALL",PHASE="generate",OUTPUT_DIR="adversarial_results_ep100_pre300" adversarial_hpc_submit.pbs </dev/null
[2026-09-04 17:07:04] [OK] VGG16/Cifar100/BIM/ALL
[2026-09-04 17:07:04] [OK] qsub output: Your job 6462735 ("adversarial_hpc_submit.pbs") has been submitted
[2026-09-04 17:07:05] [SUBMIT] VGG16/Cifar100/APGD/ALL
[2026-09-04 17:07:05] [CMD] qsub -q all.q -l ngpus=1 -v MODEL="VGG16",DATASET="Cifar100",ATTACK="APGD",KIND="ALL",PHASE="generate",OUTPUT_DIR="adversarial_results_ep300_pre100" adversarial_hpc_submit.pbs </dev/null
[2026-09-04 17:07:09] [OK] VGG16/Cifar100/CW/ALL
[2026-09-04 17:07:09] [OK] qsub output: Your job 6462736 ("adversarial_hpc_submit.pbs") has been submitted
[2026-09-04 17:07:09] [SUBMIT] VGG16/Cifar100/DeepFool/ALL
[2026-09-04 17:07:09] [CMD] qsub -q all.q -l ngpus=1 -v MODEL="VGG16",DATASET="Cifar100",ATTACK="DeepFool",KIND="ALL",PHASE="generate",OUTPUT_DIR="adversarial_results_ep200_pre200" adversarial_hpc_submit.pbs </dev/null
[2026-09-04 17:07:12] [OK] VGG16/Cifar100/DeepFool/ALL
[2026-09-04 17:07:12] [OK] qsub output: Your job 6462737 ("adversarial_hpc_submit.pbs") has been submitted
[2026-09-04 17:07:12] [SUBMIT] RegNetX_400MF/Cifar10/PGD/ALL
[2026-09-04 17:07:12] [CMD] qsub -q all.q -l ngpus=1 -v MODEL="RegNetX_400MF",DATASET="Cifar10",ATTACK="PGD",KIND="ALL",PHASE="generate",OUTPUT_DIR="adversarial_results_ep100_pre300" adversarial_hpc_submit.pbs </dev/null
[2026-09-04 17:07:14] [OK] VGG16/Cifar100/DeepFool/ALL
[2026-09-04 17:07:14] [OK] qsub output: Your job 6462739 ("adversarial_hpc_submit.pbs") has been submitted
[2026-09-04 17:07:14] [SUBMIT] RegNetX_400MF/Cifar10/PGD/ALL
[2026-09-04 17:07:14] [CMD] qsub -q all.q -l ngpus=1 -v MODEL="RegNetX_400MF",DATASET="Cifar10",ATTACK="PGD",KIND="ALL",PHASE="generate",OUTPUT_DIR="adversarial_results_ep200_pre200" adversarial_hpc_submit.pbs </dev/null
[2026-09-04 17:07:18] [OK] RegNetX_400MF/Cifar10/PGD/ALL
[2026-09-04 17:07:18] [OK] qsub output: Your job 6462740 ("adversarial_hpc_submit.pbs") has been submitted
[2026-09-04 17:07:19] [SUBMIT] RegNetX_400MF/Cifar10/FGSM/ALL
[2026-09-04 17:07:19] [CMD] qsub -q all.q -l ngpus=1 -v MODEL="RegNetX_400MF",DATASET="Cifar10",ATTACK="FGSM",KIND="ALL",PHASE="generate",OUTPUT_DIR="adversarial_results_ep100_pre300" adversarial_hpc_submit.pbs </dev/null
[2026-09-04 17:07:19] [OK] VGG16/Cifar100/APGD/ALL
[2026-09-04 17:07:19] [OK] qsub output: Your job 6462738 ("adversarial_hpc_submit.pbs") has been submitted
[2026-09-04 17:07:19] [SUBMIT] VGG16/Cifar100/CW/ALL
[2026-09-04 17:07:19] [CMD] qsub -q all.q -l ngpus=1 -v MODEL="VGG16",DATASET="Cifar100",ATTACK="CW",KIND="ALL",PHASE="generate",OUTPUT_DIR="adversarial_results_ep300_pre100" adversarial_hpc_submit.pbs </dev/null
[2026-09-04 17:07:22] [OK] RegNetX_400MF/Cifar10/FGSM/ALL
[2026-09-04 17:07:22] [OK] qsub output: Your job 6462742 ("adversarial_hpc_submit.pbs") has been submitted
[2026-09-04 17:07:22] [SUBMIT] RegNetX_400MF/Cifar10/IFGSM/ALL
[2026-09-04 17:07:22] [CMD] qsub -q all.q -l ngpus=1 -v MODEL="RegNetX_400MF",DATASET="Cifar10",ATTACK="IFGSM",KIND="ALL",PHASE="generate",OUTPUT_DIR="adversarial_results_ep100_pre300" adversarial_hpc_submit.pbs </dev/null
[2026-09-04 17:07:26] [OK] RegNetX_400MF/Cifar10/PGD/ALL
[2026-09-04 17:07:26] [OK] qsub output: Your job 6462741 ("adversarial_hpc_submit.pbs") has been submitted
[2026-09-04 17:07:26] [SUBMIT] RegNetX_400MF/Cifar10/FGSM/ALL
[2026-09-04 17:07:26] [CMD] qsub -q all.q -l ngpus=1 -v MODEL="RegNetX_400MF",DATASET="Cifar10",ATTACK="FGSM",KIND="ALL",PHASE="generate",OUTPUT_DIR="adversarial_results_ep200_pre200" adversarial_hpc_submit.pbs </dev/null
[2026-09-04 17:07:30] [OK] VGG16/Cifar100/CW/ALL
[2026-09-04 17:07:30] [OK] qsub output: Your job 6462743 ("adversarial_hpc_submit.pbs") has been submitted
[2026-09-04 17:07:30] [SUBMIT] VGG16/Cifar100/DeepFool/ALL
[2026-09-04 17:07:30] [CMD] qsub -q all.q -l ngpus=1 -v MODEL="VGG16",DATASET="Cifar100",ATTACK="DeepFool",KIND="ALL",PHASE="generate",OUTPUT_DIR="adversarial_results_ep300_pre100" adversarial_hpc_submit.pbs </dev/null
[2026-09-04 17:07:30] [OK] RegNetX_400MF/Cifar10/IFGSM/ALL
[2026-09-04 17:07:30] [OK] qsub output: Your job 6462744 ("adversarial_hpc_submit.pbs") has been submitted
[2026-09-04 17:07:30] [SUBMIT] RegNetX_400MF/Cifar10/BIM/ALL
[2026-09-04 17:07:30] [CMD] qsub -q all.q -l ngpus=1 -v MODEL="RegNetX_400MF",DATASET="Cifar10",ATTACK="BIM",KIND="ALL",PHASE="generate",OUTPUT_DIR="adversarial_results_ep100_pre300" adversarial_hpc_submit.pbs </dev/null
[2026-09-04 17:07:33] [OK] VGG16/Cifar100/DeepFool/ALL
[2026-09-04 17:07:33] [OK] qsub output: Your job 6462746 ("adversarial_hpc_submit.pbs") has been submitted
[2026-09-04 17:07:33] [SUBMIT] RegNetX_400MF/Cifar10/PGD/ALL
[2026-09-04 17:07:33] [CMD] qsub -q all.q -l ngpus=1 -v MODEL="RegNetX_400MF",DATASET="Cifar10",ATTACK="PGD",KIND="ALL",PHASE="generate",OUTPUT_DIR="adversarial_results_ep300_pre100" adversarial_hpc_submit.pbs </dev/null
[2026-09-04 17:07:36] [OK] RegNetX_400MF/Cifar10/FGSM/ALL
[2026-09-04 17:07:36] [OK] qsub output: Your job 6462745 ("adversarial_hpc_submit.pbs") has been submitted
[2026-09-04 17:07:36] [SUBMIT] RegNetX_400MF/Cifar10/IFGSM/ALL
[2026-09-04 17:07:36] [CMD] qsub -q all.q -l ngpus=1 -v MODEL="RegNetX_400MF",DATASET="Cifar10",ATTACK="IFGSM",KIND="ALL",PHASE="generate",OUTPUT_DIR="adversarial_results_ep200_pre200" adversarial_hpc_submit.pbs </dev/null
[2026-09-04 17:07:43] [OK] RegNetX_400MF/Cifar10/BIM/ALL
[2026-09-04 17:07:43] [OK] qsub output: Your job 6462747 ("adversarial_hpc_submit.pbs") has been submitted
[2026-09-04 17:07:43] [SUBMIT] RegNetX_400MF/Cifar10/APGD/ALL
[2026-09-04 17:07:43] [CMD] qsub -q all.q -l ngpus=1 -v MODEL="RegNetX_400MF",DATASET="Cifar10",ATTACK="APGD",KIND="ALL",PHASE="generate",OUTPUT_DIR="adversarial_results_ep100_pre300" adversarial_hpc_submit.pbs </dev/null
[2026-09-04 17:07:44] [OK] RegNetX_400MF/Cifar10/PGD/ALL
[2026-09-04 17:07:44] [OK] qsub output: Your job 6462748 ("adversarial_hpc_submit.pbs") has been submitted
[2026-09-04 17:07:45] [SUBMIT] RegNetX_400MF/Cifar10/FGSM/ALL
[2026-09-04 17:07:45] [CMD] qsub -q all.q -l ngpus=1 -v MODEL="RegNetX_400MF",DATASET="Cifar10",ATTACK="FGSM",KIND="ALL",PHASE="generate",OUTPUT_DIR="adversarial_results_ep300_pre100" adversarial_hpc_submit.pbs </dev/null
[2026-09-04 17:07:47] [OK] RegNetX_400MF/Cifar10/IFGSM/ALL
[2026-09-04 17:07:47] [OK] qsub output: Your job 6462749 ("adversarial_hpc_submit.pbs") has been submitted
[2026-09-04 17:07:47] [OK] RegNetX_400MF/Cifar10/APGD/ALL
[2026-09-04 17:07:47] [OK] qsub output: Your job 6462750 ("adversarial_hpc_submit.pbs") has been submitted
[2026-09-04 17:07:47] [SUBMIT] RegNetX_400MF/Cifar10/BIM/ALL
[2026-09-04 17:07:47] [CMD] qsub -q all.q -l ngpus=1 -v MODEL="RegNetX_400MF",DATASET="Cifar10",ATTACK="BIM",KIND="ALL",PHASE="generate",OUTPUT_DIR="adversarial_results_ep200_pre200" adversarial_hpc_submit.pbs </dev/null
[2026-09-04 17:07:47] [SUBMIT] RegNetX_400MF/Cifar10/CW/ALL
[2026-09-04 17:07:47] [CMD] qsub -q all.q -l ngpus=1 -v MODEL="RegNetX_400MF",DATASET="Cifar10",ATTACK="CW",KIND="ALL",PHASE="generate",OUTPUT_DIR="adversarial_results_ep100_pre300" adversarial_hpc_submit.pbs </dev/null
[2026-09-04 17:07:49] [OK] RegNetX_400MF/Cifar10/FGSM/ALL
[2026-09-04 17:07:49] [OK] qsub output: Your job 6462751 ("adversarial_hpc_submit.pbs") has been submitted
[2026-09-04 17:07:50] [SUBMIT] RegNetX_400MF/Cifar10/IFGSM/ALL
[2026-09-04 17:07:50] [CMD] qsub -q all.q -l ngpus=1 -v MODEL="RegNetX_400MF",DATASET="Cifar10",ATTACK="IFGSM",KIND="ALL",PHASE="generate",OUTPUT_DIR="adversarial_results_ep300_pre100" adversarial_hpc_submit.pbs </dev/null
[2026-09-04 17:07:51] [OK] RegNetX_400MF/Cifar10/BIM/ALL
[2026-09-04 17:07:53] [OK] qsub output: Your job 6462752 ("adversarial_hpc_submit.pbs") has been submitted
[2026-09-04 17:07:53] [SUBMIT] RegNetX_400MF/Cifar10/APGD/ALL
[2026-09-04 17:07:53] [CMD] qsub -q all.q -l ngpus=1 -v MODEL="RegNetX_400MF",DATASET="Cifar10",ATTACK="APGD",KIND="ALL",PHASE="generate",OUTPUT_DIR="adversarial_results_ep200_pre200" adversarial_hpc_submit.pbs </dev/null
[2026-09-04 17:07:55] [OK] RegNetX_400MF/Cifar10/CW/ALL
[2026-09-04 17:07:55] [OK] qsub output: Your job 6462753 ("adversarial_hpc_submit.pbs") has been submitted
[2026-09-04 17:07:55] [SUBMIT] RegNetX_400MF/Cifar10/DeepFool/ALL
[2026-09-04 17:07:55] [CMD] qsub -q all.q -l ngpus=1 -v MODEL="RegNetX_400MF",DATASET="Cifar10",ATTACK="DeepFool",KIND="ALL",PHASE="generate",OUTPUT_DIR="adversarial_results_ep100_pre300" adversarial_hpc_submit.pbs </dev/null
[2026-09-04 17:07:59] [OK] RegNetX_400MF/Cifar10/IFGSM/ALL
[2026-09-04 17:07:59] [OK] qsub output: Your job 6462754 ("adversarial_hpc_submit.pbs") has been submitted
[2026-09-04 17:07:59] [SUBMIT] RegNetX_400MF/Cifar10/BIM/ALL
[2026-09-04 17:07:59] [CMD] qsub -q all.q -l ngpus=1 -v MODEL="RegNetX_400MF",DATASET="Cifar10",ATTACK="BIM",KIND="ALL",PHASE="generate",OUTPUT_DIR="adversarial_results_ep300_pre100" adversarial_hpc_submit.pbs </dev/null
[2026-09-04 17:08:01] [OK] RegNetX_400MF/Cifar10/APGD/ALL
[2026-09-04 17:08:01] [OK] qsub output: Your job 6462757 ("adversarial_hpc_submit.pbs") has been submitted
[2026-09-04 17:08:01] [SUBMIT] RegNetX_400MF/Cifar10/CW/ALL
[2026-09-04 17:08:01] [CMD] qsub -q all.q -l ngpus=1 -v MODEL="RegNetX_400MF",DATASET="Cifar10",ATTACK="CW",KIND="ALL",PHASE="generate",OUTPUT_DIR="adversarial_results_ep200_pre200" adversarial_hpc_submit.pbs </dev/null
[2026-09-04 17:08:07] [OK] RegNetX_400MF/Cifar10/DeepFool/ALL
[2026-09-04 17:08:07] [OK] qsub output: Your job 6462758 ("adversarial_hpc_submit.pbs") has been submitted
[2026-09-04 17:08:07] [SUBMIT] RegNetX_400MF/Cifar100/PGD/ALL
[2026-09-04 17:08:07] [CMD] qsub -q all.q -l ngpus=1 -v MODEL="RegNetX_400MF",DATASET="Cifar100",ATTACK="PGD",KIND="ALL",PHASE="generate",OUTPUT_DIR="adversarial_results_ep100_pre300" adversarial_hpc_submit.pbs </dev/null
[2026-09-04 17:08:10] [OK] RegNetX_400MF/Cifar10/BIM/ALL
[2026-09-04 17:08:10] [OK] qsub output: Your job 6462759 ("adversarial_hpc_submit.pbs") has been submitted
[2026-09-04 17:08:10] [SUBMIT] RegNetX_400MF/Cifar10/APGD/ALL
[2026-09-04 17:08:10] [CMD] qsub -q all.q -l ngpus=1 -v MODEL="RegNetX_400MF",DATASET="Cifar10",ATTACK="APGD",KIND="ALL",PHASE="generate",OUTPUT_DIR="adversarial_results_ep300_pre100" adversarial_hpc_submit.pbs </dev/null
[2026-09-04 17:08:16] [OK] RegNetX_400MF/Cifar100/PGD/ALL
[2026-09-04 17:08:16] [OK] RegNetX_400MF/Cifar10/CW/ALL
[2026-09-04 17:08:17] [OK] qsub output: Your job 6462761 ("adversarial_hpc_submit.pbs") has been submitted
[2026-09-04 17:08:17] [OK] qsub output: Your job 6462760 ("adversarial_hpc_submit.pbs") has been submitted
[2026-09-04 17:08:17] [SUBMIT] RegNetX_400MF/Cifar100/FGSM/ALL
[2026-09-04 17:08:17] [CMD] qsub -q all.q -l ngpus=1 -v MODEL="RegNetX_400MF",DATASET="Cifar100",ATTACK="FGSM",KIND="ALL",PHASE="generate",OUTPUT_DIR="adversarial_results_ep100_pre300" adversarial_hpc_submit.pbs </dev/null
[2026-09-04 17:08:17] [SUBMIT] RegNetX_400MF/Cifar10/DeepFool/ALL
[2026-09-04 17:08:17] [CMD] qsub -q all.q -l ngpus=1 -v MODEL="RegNetX_400MF",DATASET="Cifar10",ATTACK="DeepFool",KIND="ALL",PHASE="generate",OUTPUT_DIR="adversarial_results_ep200_pre200" adversarial_hpc_submit.pbs </dev/null
[2026-09-04 17:08:21] [OK] RegNetX_400MF/Cifar10/APGD/ALL
[2026-09-04 17:08:21] [OK] qsub output: Your job 6462762 ("adversarial_hpc_submit.pbs") has been submitted
[2026-09-04 17:08:21] [SUBMIT] RegNetX_400MF/Cifar10/CW/ALL
[2026-09-04 17:08:21] [CMD] qsub -q all.q -l ngpus=1 -v MODEL="RegNetX_400MF",DATASET="Cifar10",ATTACK="CW",KIND="ALL",PHASE="generate",OUTPUT_DIR="adversarial_results_ep300_pre100" adversarial_hpc_submit.pbs </dev/null
[2026-09-04 17:08:22] [OK] RegNetX_400MF/Cifar10/DeepFool/ALL
[2026-09-04 17:08:23] [OK] qsub output: Your job 6462764 ("adversarial_hpc_submit.pbs") has been submitted
[2026-09-04 17:08:23] [SUBMIT] RegNetX_400MF/Cifar100/PGD/ALL
[2026-09-04 17:08:24] [CMD] qsub -q all.q -l ngpus=1 -v MODEL="RegNetX_400MF",DATASET="Cifar100",ATTACK="PGD",KIND="ALL",PHASE="generate",OUTPUT_DIR="adversarial_results_ep200_pre200" adversarial_hpc_submit.pbs </dev/null
[2026-09-04 17:08:27] [OK] RegNetX_400MF/Cifar100/FGSM/ALL
[2026-09-04 17:08:30] [OK] qsub output: Your job 6462763 ("adversarial_hpc_submit.pbs") has been submitted
[2026-09-04 17:08:30] [SUBMIT] RegNetX_400MF/Cifar100/IFGSM/ALL
[2026-09-04 17:08:30] [CMD] qsub -q all.q -l ngpus=1 -v MODEL="RegNetX_400MF",DATASET="Cifar100",ATTACK="IFGSM",KIND="ALL",PHASE="generate",OUTPUT_DIR="adversarial_results_ep100_pre300" adversarial_hpc_submit.pbs </dev/null
[2026-09-04 17:08:31] [OK] RegNetX_400MF/Cifar10/CW/ALL
[2026-09-04 17:08:31] [OK] qsub output: Your job 6462765 ("adversarial_hpc_submit.pbs") has been submitted
[2026-09-04 17:08:31] [SUBMIT] RegNetX_400MF/Cifar10/DeepFool/ALL
[2026-09-04 17:08:31] [CMD] qsub -q all.q -l ngpus=1 -v MODEL="RegNetX_400MF",DATASET="Cifar10",ATTACK="DeepFool",KIND="ALL",PHASE="generate",OUTPUT_DIR="adversarial_results_ep300_pre100" adversarial_hpc_submit.pbs </dev/null
[2026-09-04 17:08:35] [OK] RegNetX_400MF/Cifar100/PGD/ALL
[2026-09-04 17:08:35] [OK] qsub output: Your job 6462766 ("adversarial_hpc_submit.pbs") has been submitted
[2026-09-04 17:08:35] [SUBMIT] RegNetX_400MF/Cifar100/FGSM/ALL
[2026-09-04 17:08:35] [CMD] qsub -q all.q -l ngpus=1 -v MODEL="RegNetX_400MF",DATASET="Cifar100",ATTACK="FGSM",KIND="ALL",PHASE="generate",OUTPUT_DIR="adversarial_results_ep200_pre200" adversarial_hpc_submit.pbs </dev/null
[2026-09-04 17:08:36] [OK] RegNetX_400MF/Cifar100/IFGSM/ALL
[2026-09-04 17:08:36] [OK] qsub output: Your job 6462768 ("adversarial_hpc_submit.pbs") has been submitted
[2026-09-04 17:08:36] [SUBMIT] RegNetX_400MF/Cifar100/BIM/ALL
[2026-09-04 17:08:36] [CMD] qsub -q all.q -l ngpus=1 -v MODEL="RegNetX_400MF",DATASET="Cifar100",ATTACK="BIM",KIND="ALL",PHASE="generate",OUTPUT_DIR="adversarial_results_ep100_pre300" adversarial_hpc_submit.pbs </dev/null
[2026-09-04 17:08:36] [OK] RegNetX_400MF/Cifar10/DeepFool/ALL
[2026-09-04 17:08:36] [OK] qsub output: Your job 6462769 ("adversarial_hpc_submit.pbs") has been submitted
[2026-09-04 17:08:36] [SUBMIT] RegNetX_400MF/Cifar100/PGD/ALL
[2026-09-04 17:08:36] [CMD] qsub -q all.q -l ngpus=1 -v MODEL="RegNetX_400MF",DATASET="Cifar100",ATTACK="PGD",KIND="ALL",PHASE="generate",OUTPUT_DIR="adversarial_results_ep300_pre100" adversarial_hpc_submit.pbs </dev/null
[2026-09-04 17:08:44] [OK] RegNetX_400MF/Cifar100/FGSM/ALL
[2026-09-04 17:08:44] [OK] qsub output: Your job 6462771 ("adversarial_hpc_submit.pbs") has been submitted
[2026-09-04 17:08:44] [SUBMIT] RegNetX_400MF/Cifar100/IFGSM/ALL
[2026-09-04 17:08:44] [CMD] qsub -q all.q -l ngpus=1 -v MODEL="RegNetX_400MF",DATASET="Cifar100",ATTACK="IFGSM",KIND="ALL",PHASE="generate",OUTPUT_DIR="adversarial_results_ep200_pre200" adversarial_hpc_submit.pbs </dev/null
[2026-09-04 17:08:49] [OK] RegNetX_400MF/Cifar100/BIM/ALL
[2026-09-04 17:08:51] [OK] RegNetX_400MF/Cifar100/PGD/ALL
[2026-09-04 17:08:51] [OK] qsub output: Your job 6462772 ("adversarial_hpc_submit.pbs") has been submitted
[2026-09-04 17:08:51] [OK] qsub output: Your job 6462773 ("adversarial_hpc_submit.pbs") has been submitted
[2026-09-04 17:08:51] [SUBMIT] RegNetX_400MF/Cifar100/APGD/ALL
[2026-09-04 17:08:51] [CMD] qsub -q all.q -l ngpus=1 -v MODEL="RegNetX_400MF",DATASET="Cifar100",ATTACK="APGD",KIND="ALL",PHASE="generate",OUTPUT_DIR="adversarial_results_ep100_pre300" adversarial_hpc_submit.pbs </dev/null
[2026-09-04 17:08:51] [SUBMIT] RegNetX_400MF/Cifar100/FGSM/ALL
[2026-09-04 17:08:51] [CMD] qsub -q all.q -l ngpus=1 -v MODEL="RegNetX_400MF",DATASET="Cifar100",ATTACK="FGSM",KIND="ALL",PHASE="generate",OUTPUT_DIR="adversarial_results_ep300_pre100" adversarial_hpc_submit.pbs </dev/null
[2026-09-04 17:08:55] [OK] RegNetX_400MF/Cifar100/APGD/ALL
[2026-09-04 17:08:55] [OK] qsub output: Your job 6462775 ("adversarial_hpc_submit.pbs") has been submitted
[2026-09-04 17:08:55] [SUBMIT] RegNetX_400MF/Cifar100/CW/ALL
[2026-09-04 17:08:55] [CMD] qsub -q all.q -l ngpus=1 -v MODEL="RegNetX_400MF",DATASET="Cifar100",ATTACK="CW",KIND="ALL",PHASE="generate",OUTPUT_DIR="adversarial_results_ep100_pre300" adversarial_hpc_submit.pbs </dev/null
[2026-09-04 17:08:57] [OK] RegNetX_400MF/Cifar100/FGSM/ALL
[2026-09-04 17:08:57] [OK] qsub output: Your job 6462776 ("adversarial_hpc_submit.pbs") has been submitted
[2026-09-04 17:08:57] [SUBMIT] RegNetX_400MF/Cifar100/IFGSM/ALL
[2026-09-04 17:08:57] [CMD] qsub -q all.q -l ngpus=1 -v MODEL="RegNetX_400MF",DATASET="Cifar100",ATTACK="IFGSM",KIND="ALL",PHASE="generate",OUTPUT_DIR="adversarial_results_ep300_pre100" adversarial_hpc_submit.pbs </dev/null
[2026-09-04 17:08:58] [OK] RegNetX_400MF/Cifar100/IFGSM/ALL
[2026-09-04 17:08:58] [OK] qsub output: Your job 6462774 ("adversarial_hpc_submit.pbs") has been submitted
[2026-09-04 17:08:58] [SUBMIT] RegNetX_400MF/Cifar100/BIM/ALL
[2026-09-04 17:08:58] [CMD] qsub -q all.q -l ngpus=1 -v MODEL="RegNetX_400MF",DATASET="Cifar100",ATTACK="BIM",KIND="ALL",PHASE="generate",OUTPUT_DIR="adversarial_results_ep200_pre200" adversarial_hpc_submit.pbs </dev/null
[2026-09-04 17:09:00] [OK] RegNetX_400MF/Cifar100/CW/ALL
[2026-09-04 17:09:00] [OK] qsub output: Your job 6462777 ("adversarial_hpc_submit.pbs") has been submitted
[2026-09-04 17:09:00] [SUBMIT] RegNetX_400MF/Cifar100/DeepFool/ALL
[2026-09-04 17:09:00] [CMD] qsub -q all.q -l ngpus=1 -v MODEL="RegNetX_400MF",DATASET="Cifar100",ATTACK="DeepFool",KIND="ALL",PHASE="generate",OUTPUT_DIR="adversarial_results_ep100_pre300" adversarial_hpc_submit.pbs </dev/null
[2026-09-04 17:09:06] [OK] RegNetX_400MF/Cifar100/IFGSM/ALL
[2026-09-04 17:09:06] [OK] qsub output: Your job 6462778 ("adversarial_hpc_submit.pbs") has been submitted
[2026-09-04 17:09:06] [SUBMIT] RegNetX_400MF/Cifar100/BIM/ALL
[2026-09-04 17:09:06] [CMD] qsub -q all.q -l ngpus=1 -v MODEL="RegNetX_400MF",DATASET="Cifar100",ATTACK="BIM",KIND="ALL",PHASE="generate",OUTPUT_DIR="adversarial_results_ep300_pre100" adversarial_hpc_submit.pbs </dev/null
[2026-09-04 17:09:07] [OK] RegNetX_400MF/Cifar100/BIM/ALL
[2026-09-04 17:09:09] [OK] RegNetX_400MF/Cifar100/BIM/ALL
[2026-09-04 17:09:11] [OK] qsub output: Your job 6462779 ("adversarial_hpc_submit.pbs") has been submitted
[2026-09-04 17:09:11] [OK] qsub output: Your job 6462781 ("adversarial_hpc_submit.pbs") has been submitted
[2026-09-04 17:09:12] [SUBMIT] RegNetX_400MF/Cifar100/APGD/ALL
[2026-09-04 17:09:12] [SUBMIT] RegNetX_400MF/Cifar100/APGD/ALL
[2026-09-04 17:09:12] [CMD] qsub -q all.q -l ngpus=1 -v MODEL="RegNetX_400MF",DATASET="Cifar100",ATTACK="APGD",KIND="ALL",PHASE="generate",OUTPUT_DIR="adversarial_results_ep200_pre200" adversarial_hpc_submit.pbs </dev/null
[2026-09-04 17:09:12] [CMD] qsub -q all.q -l ngpus=1 -v MODEL="RegNetX_400MF",DATASET="Cifar100",ATTACK="APGD",KIND="ALL",PHASE="generate",OUTPUT_DIR="adversarial_results_ep300_pre100" adversarial_hpc_submit.pbs </dev/null
[2026-09-04 17:09:15] [OK] RegNetX_400MF/Cifar100/DeepFool/ALL
[2026-09-04 17:09:15] [OK] qsub output: Your job 6462780 ("adversarial_hpc_submit.pbs") has been submitted
[2026-09-04 17:09:16] [SUBMIT] InceptionNet/Cifar10/PGD/ALL
[2026-09-04 17:09:16] [CMD] qsub -q all.q -l ngpus=1 -v MODEL="InceptionNet",DATASET="Cifar10",ATTACK="PGD",KIND="ALL",PHASE="generate",OUTPUT_DIR="adversarial_results_ep100_pre300" adversarial_hpc_submit.pbs </dev/null
[2026-09-04 17:09:19] [OK] RegNetX_400MF/Cifar100/APGD/ALL
[2026-09-04 17:09:19] [OK] qsub output: Your job 6462783 ("adversarial_hpc_submit.pbs") has been submitted
[2026-09-04 17:09:19] [SUBMIT] RegNetX_400MF/Cifar100/CW/ALL
[2026-09-04 17:09:19] [CMD] qsub -q all.q -l ngpus=1 -v MODEL="RegNetX_400MF",DATASET="Cifar100",ATTACK="CW",KIND="ALL",PHASE="generate",OUTPUT_DIR="adversarial_results_ep300_pre100" adversarial_hpc_submit.pbs </dev/null
[2026-09-04 17:09:21] [OK] RegNetX_400MF/Cifar100/APGD/ALL
[2026-09-04 17:09:21] [OK] qsub output: Your job 6462782 ("adversarial_hpc_submit.pbs") has been submitted
[2026-09-04 17:09:21] [SUBMIT] RegNetX_400MF/Cifar100/CW/ALL
[2026-09-04 17:09:21] [CMD] qsub -q all.q -l ngpus=1 -v MODEL="RegNetX_400MF",DATASET="Cifar100",ATTACK="CW",KIND="ALL",PHASE="generate",OUTPUT_DIR="adversarial_results_ep200_pre200" adversarial_hpc_submit.pbs </dev/null
[2026-09-04 17:09:26] [OK] InceptionNet/Cifar10/PGD/ALL
[2026-09-04 17:09:26] [OK] qsub output: Your job 6462784 ("adversarial_hpc_submit.pbs") has been submitted
[2026-09-04 17:09:26] [SUBMIT] InceptionNet/Cifar10/FGSM/ALL
[2026-09-04 17:09:26] [CMD] qsub -q all.q -l ngpus=1 -v MODEL="InceptionNet",DATASET="Cifar10",ATTACK="FGSM",KIND="ALL",PHASE="generate",OUTPUT_DIR="adversarial_results_ep100_pre300" adversarial_hpc_submit.pbs </dev/null
[2026-09-04 17:09:27] [OK] RegNetX_400MF/Cifar100/CW/ALL
[2026-09-04 17:09:27] [OK] qsub output: Your job 6462786 ("adversarial_hpc_submit.pbs") has been submitted
[2026-09-04 17:09:27] [SUBMIT] RegNetX_400MF/Cifar100/DeepFool/ALL
[2026-09-04 17:09:27] [OK] RegNetX_400MF/Cifar100/CW/ALL
[2026-09-04 17:09:27] [CMD] qsub -q all.q -l ngpus=1 -v MODEL="RegNetX_400MF",DATASET="Cifar100",ATTACK="DeepFool",KIND="ALL",PHASE="generate",OUTPUT_DIR="adversarial_results_ep200_pre200" adversarial_hpc_submit.pbs </dev/null
[2026-09-04 17:09:27] [OK] qsub output: Your job 6462785 ("adversarial_hpc_submit.pbs") has been submitted
[2026-09-04 17:09:27] [SUBMIT] RegNetX_400MF/Cifar100/DeepFool/ALL
[2026-09-04 17:09:27] [CMD] qsub -q all.q -l ngpus=1 -v MODEL="RegNetX_400MF",DATASET="Cifar100",ATTACK="DeepFool",KIND="ALL",PHASE="generate",OUTPUT_DIR="adversarial_results_ep300_pre100" adversarial_hpc_submit.pbs </dev/null
[2026-09-04 17:09:29] [OK] InceptionNet/Cifar10/FGSM/ALL
[2026-09-04 17:09:29] [OK] qsub output: Your job 6462787 ("adversarial_hpc_submit.pbs") has been submitted
[2026-09-04 17:09:29] [SUBMIT] InceptionNet/Cifar10/IFGSM/ALL
[2026-09-04 17:09:29] [CMD] qsub -q all.q -l ngpus=1 -v MODEL="InceptionNet",DATASET="Cifar10",ATTACK="IFGSM",KIND="ALL",PHASE="generate",OUTPUT_DIR="adversarial_results_ep100_pre300" adversarial_hpc_submit.pbs </dev/null
[2026-09-04 17:09:34] [OK] RegNetX_400MF/Cifar100/DeepFool/ALL
[2026-09-04 17:09:35] [OK] qsub output: Your job 6462788 ("adversarial_hpc_submit.pbs") has been submitted
[2026-09-04 17:09:35] [OK] RegNetX_400MF/Cifar100/DeepFool/ALL
[2026-09-04 17:09:35] [SUBMIT] InceptionNet/Cifar10/PGD/ALL
[2026-09-04 17:09:35] [OK] qsub output: Your job 6462789 ("adversarial_hpc_submit.pbs") has been submitted
[2026-09-04 17:09:35] [CMD] qsub -q all.q -l ngpus=1 -v MODEL="InceptionNet",DATASET="Cifar10",ATTACK="PGD",KIND="ALL",PHASE="generate",OUTPUT_DIR="adversarial_results_ep200_pre200" adversarial_hpc_submit.pbs </dev/null
[2026-09-04 17:09:35] [SUBMIT] InceptionNet/Cifar10/PGD/ALL
[2026-09-04 17:09:35] [CMD] qsub -q all.q -l ngpus=1 -v MODEL="InceptionNet",DATASET="Cifar10",ATTACK="PGD",KIND="ALL",PHASE="generate",OUTPUT_DIR="adversarial_results_ep300_pre100" adversarial_hpc_submit.pbs </dev/null
[2026-09-04 17:09:43] [OK] InceptionNet/Cifar10/PGD/ALL
[2026-09-04 17:09:43] [OK] qsub output: Your job 6462791 ("adversarial_hpc_submit.pbs") has been submitted
[2026-09-04 17:09:43] [OK] InceptionNet/Cifar10/IFGSM/ALL
[2026-09-04 17:09:43] [OK] qsub output: Your job 6462790 ("adversarial_hpc_submit.pbs") has been submitted
[2026-09-04 17:09:44] [SUBMIT] InceptionNet/Cifar10/FGSM/ALL
[2026-09-04 17:09:44] [CMD] qsub -q all.q -l ngpus=1 -v MODEL="InceptionNet",DATASET="Cifar10",ATTACK="FGSM",KIND="ALL",PHASE="generate",OUTPUT_DIR="adversarial_results_ep200_pre200" adversarial_hpc_submit.pbs </dev/null
[2026-09-04 17:09:44] [SUBMIT] InceptionNet/Cifar10/BIM/ALL
[2026-09-04 17:09:44] [CMD] qsub -q all.q -l ngpus=1 -v MODEL="InceptionNet",DATASET="Cifar10",ATTACK="BIM",KIND="ALL",PHASE="generate",OUTPUT_DIR="adversarial_results_ep100_pre300" adversarial_hpc_submit.pbs </dev/null
[2026-09-04 17:09:48] [OK] InceptionNet/Cifar10/FGSM/ALL
[2026-09-04 17:09:49] [OK] InceptionNet/Cifar10/PGD/ALL
[2026-09-04 17:09:52] [OK] qsub output: Your job 6462793 ("adversarial_hpc_submit.pbs") has been submitted
[2026-09-04 17:09:52] [OK] qsub output: Your job 6462792 ("adversarial_hpc_submit.pbs") has been submitted
[2026-09-04 17:09:52] [SUBMIT] InceptionNet/Cifar10/IFGSM/ALL
[2026-09-04 17:09:52] [CMD] qsub -q all.q -l ngpus=1 -v MODEL="InceptionNet",DATASET="Cifar10",ATTACK="IFGSM",KIND="ALL",PHASE="generate",OUTPUT_DIR="adversarial_results_ep200_pre200" adversarial_hpc_submit.pbs </dev/null
[2026-09-04 17:09:52] [SUBMIT] InceptionNet/Cifar10/FGSM/ALL
[2026-09-04 17:09:52] [CMD] qsub -q all.q -l ngpus=1 -v MODEL="InceptionNet",DATASET="Cifar10",ATTACK="FGSM",KIND="ALL",PHASE="generate",OUTPUT_DIR="adversarial_results_ep300_pre100" adversarial_hpc_submit.pbs </dev/null
[2026-09-04 17:09:55] [OK] InceptionNet/Cifar10/BIM/ALL
[2026-09-04 17:09:56] [OK] qsub output: Your job 6462794 ("adversarial_hpc_submit.pbs") has been submitted
[2026-09-04 17:09:57] [SUBMIT] InceptionNet/Cifar10/APGD/ALL
[2026-09-04 17:09:57] [CMD] qsub -q all.q -l ngpus=1 -v MODEL="InceptionNet",DATASET="Cifar10",ATTACK="APGD",KIND="ALL",PHASE="generate",OUTPUT_DIR="adversarial_results_ep100_pre300" adversarial_hpc_submit.pbs </dev/null
[2026-09-04 17:09:58] [OK] InceptionNet/Cifar10/FGSM/ALL
[2026-09-04 17:09:58] [OK] qsub output: Your job 6462796 ("adversarial_hpc_submit.pbs") has been submitted
[2026-09-04 17:09:58] [SUBMIT] InceptionNet/Cifar10/IFGSM/ALL
[2026-09-04 17:09:58] [CMD] qsub -q all.q -l ngpus=1 -v MODEL="InceptionNet",DATASET="Cifar10",ATTACK="IFGSM",KIND="ALL",PHASE="generate",OUTPUT_DIR="adversarial_results_ep300_pre100" adversarial_hpc_submit.pbs </dev/null
[2026-09-04 17:10:02] [OK] InceptionNet/Cifar10/IFGSM/ALL
[2026-09-04 17:10:02] [OK] qsub output: Your job 6462795 ("adversarial_hpc_submit.pbs") has been submitted
[2026-09-04 17:10:02] [SUBMIT] InceptionNet/Cifar10/BIM/ALL
[2026-09-04 17:10:02] [CMD] qsub -q all.q -l ngpus=1 -v MODEL="InceptionNet",DATASET="Cifar10",ATTACK="BIM",KIND="ALL",PHASE="generate",OUTPUT_DIR="adversarial_results_ep200_pre200" adversarial_hpc_submit.pbs </dev/null
[2026-09-04 17:10:03] [OK] InceptionNet/Cifar10/APGD/ALL
[2026-09-04 17:10:03] [OK] qsub output: Your job 6462797 ("adversarial_hpc_submit.pbs") has been submitted
[2026-09-04 17:10:03] [SUBMIT] InceptionNet/Cifar10/CW/ALL
[2026-09-04 17:10:03] [CMD] qsub -q all.q -l ngpus=1 -v MODEL="InceptionNet",DATASET="Cifar10",ATTACK="CW",KIND="ALL",PHASE="generate",OUTPUT_DIR="adversarial_results_ep100_pre300" adversarial_hpc_submit.pbs </dev/null
[2026-09-04 17:10:07] [OK] InceptionNet/Cifar10/BIM/ALL
[2026-09-04 17:10:08] [OK] qsub output: Your job 6462799 ("adversarial_hpc_submit.pbs") has been submitted
[2026-09-04 17:10:08] [SUBMIT] InceptionNet/Cifar10/APGD/ALL
[2026-09-04 17:10:08] [CMD] qsub -q all.q -l ngpus=1 -v MODEL="InceptionNet",DATASET="Cifar10",ATTACK="APGD",KIND="ALL",PHASE="generate",OUTPUT_DIR="adversarial_results_ep200_pre200" adversarial_hpc_submit.pbs </dev/null
[2026-09-04 17:10:10] [OK] InceptionNet/Cifar10/IFGSM/ALL
[2026-09-04 17:10:11] [OK] qsub output: Your job 6462798 ("adversarial_hpc_submit.pbs") has been submitted
[2026-09-04 17:10:11] [OK] InceptionNet/Cifar10/CW/ALL
[2026-09-04 17:10:12] [OK] qsub output: Your job 6462800 ("adversarial_hpc_submit.pbs") has been submitted
[2026-09-04 17:10:12] [SUBMIT] InceptionNet/Cifar10/BIM/ALL
[2026-09-04 17:10:12] [CMD] qsub -q all.q -l ngpus=1 -v MODEL="InceptionNet",DATASET="Cifar10",ATTACK="BIM",KIND="ALL",PHASE="generate",OUTPUT_DIR="adversarial_results_ep300_pre100" adversarial_hpc_submit.pbs </dev/null
[2026-09-04 17:10:12] [SUBMIT] InceptionNet/Cifar10/DeepFool/ALL
[2026-09-04 17:10:12] [CMD] qsub -q all.q -l ngpus=1 -v MODEL="InceptionNet",DATASET="Cifar10",ATTACK="DeepFool",KIND="ALL",PHASE="generate",OUTPUT_DIR="adversarial_results_ep100_pre300" adversarial_hpc_submit.pbs </dev/null
[2026-09-04 17:10:13] [OK] InceptionNet/Cifar10/APGD/ALL
[2026-09-04 17:10:13] [OK] qsub output: Your job 6462801 ("adversarial_hpc_submit.pbs") has been submitted
[2026-09-04 17:10:13] [SUBMIT] InceptionNet/Cifar10/CW/ALL
[2026-09-04 17:10:13] [CMD] qsub -q all.q -l ngpus=1 -v MODEL="InceptionNet",DATASET="Cifar10",ATTACK="CW",KIND="ALL",PHASE="generate",OUTPUT_DIR="adversarial_results_ep200_pre200" adversarial_hpc_submit.pbs </dev/null
[2026-09-04 17:10:21] [OK] InceptionNet/Cifar10/BIM/ALL
[2026-09-04 17:10:22] [OK] InceptionNet/Cifar10/DeepFool/ALL
[2026-09-04 17:10:22] [OK] qsub output: Your job 6462802 ("adversarial_hpc_submit.pbs") has been submitted
[2026-09-04 17:10:22] [OK] qsub output: Your job 6462803 ("adversarial_hpc_submit.pbs") has been submitted
[2026-09-04 17:10:22] [SUBMIT] InceptionNet/Cifar10/APGD/ALL
[2026-09-04 17:10:22] [SUBMIT] InceptionNet/Cifar100/PGD/ALL
[2026-09-04 17:10:22] [CMD] qsub -q all.q -l ngpus=1 -v MODEL="InceptionNet",DATASET="Cifar10",ATTACK="APGD",KIND="ALL",PHASE="generate",OUTPUT_DIR="adversarial_results_ep300_pre100" adversarial_hpc_submit.pbs </dev/null
[2026-09-04 17:10:22] [CMD] qsub -q all.q -l ngpus=1 -v MODEL="InceptionNet",DATASET="Cifar100",ATTACK="PGD",KIND="ALL",PHASE="generate",OUTPUT_DIR="adversarial_results_ep100_pre300" adversarial_hpc_submit.pbs </dev/null
[2026-09-04 17:10:25] [OK] InceptionNet/Cifar10/CW/ALL
[2026-09-04 17:10:26] [OK] qsub output: Your job 6462804 ("adversarial_hpc_submit.pbs") has been submitted
[2026-09-04 17:10:26] [SUBMIT] InceptionNet/Cifar10/DeepFool/ALL
[2026-09-04 17:10:26] [CMD] qsub -q all.q -l ngpus=1 -v MODEL="InceptionNet",DATASET="Cifar10",ATTACK="DeepFool",KIND="ALL",PHASE="generate",OUTPUT_DIR="adversarial_results_ep200_pre200" adversarial_hpc_submit.pbs </dev/null
[2026-09-04 17:10:28] [OK] InceptionNet/Cifar10/APGD/ALL
[2026-09-04 17:10:28] [OK] qsub output: Your job 6462805 ("adversarial_hpc_submit.pbs") has been submitted
[2026-09-04 17:10:28] [SUBMIT] InceptionNet/Cifar10/CW/ALL
[2026-09-04 17:10:28] [CMD] qsub -q all.q -l ngpus=1 -v MODEL="InceptionNet",DATASET="Cifar10",ATTACK="CW",KIND="ALL",PHASE="generate",OUTPUT_DIR="adversarial_results_ep300_pre100" adversarial_hpc_submit.pbs </dev/null
[2026-09-04 17:10:33] [OK] InceptionNet/Cifar10/DeepFool/ALL
[2026-09-04 17:10:33] [OK] qsub output: Your job 6462807 ("adversarial_hpc_submit.pbs") has been submitted
[2026-09-04 17:10:33] [SUBMIT] InceptionNet/Cifar100/PGD/ALL
[2026-09-04 17:10:33] [CMD] qsub -q all.q -l ngpus=1 -v MODEL="InceptionNet",DATASET="Cifar100",ATTACK="PGD",KIND="ALL",PHASE="generate",OUTPUT_DIR="adversarial_results_ep200_pre200" adversarial_hpc_submit.pbs </dev/null
[2026-09-04 17:10:35] [OK] InceptionNet/Cifar100/PGD/ALL
[2026-09-04 17:10:35] [OK] qsub output: Your job 6462806 ("adversarial_hpc_submit.pbs") has been submitted
[2026-09-04 17:10:35] [SUBMIT] InceptionNet/Cifar100/FGSM/ALL
[2026-09-04 17:10:35] [CMD] qsub -q all.q -l ngpus=1 -v MODEL="InceptionNet",DATASET="Cifar100",ATTACK="FGSM",KIND="ALL",PHASE="generate",OUTPUT_DIR="adversarial_results_ep100_pre300" adversarial_hpc_submit.pbs </dev/null
[2026-09-04 17:10:37] [OK] InceptionNet/Cifar100/PGD/ALL
[2026-09-04 17:10:37] [OK] qsub output: Your job 6462809 ("adversarial_hpc_submit.pbs") has been submitted
[2026-09-04 17:10:37] [SUBMIT] InceptionNet/Cifar100/FGSM/ALL
[2026-09-04 17:10:37] [CMD] qsub -q all.q -l ngpus=1 -v MODEL="InceptionNet",DATASET="Cifar100",ATTACK="FGSM",KIND="ALL",PHASE="generate",OUTPUT_DIR="adversarial_results_ep200_pre200" adversarial_hpc_submit.pbs </dev/null
[2026-09-04 17:10:40] [OK] InceptionNet/Cifar10/CW/ALL
[2026-09-04 17:10:40] [OK] qsub output: Your job 6462808 ("adversarial_hpc_submit.pbs") has been submitted
[2026-09-04 17:10:40] [SUBMIT] InceptionNet/Cifar10/DeepFool/ALL
[2026-09-04 17:10:40] [CMD] qsub -q all.q -l ngpus=1 -v MODEL="InceptionNet",DATASET="Cifar10",ATTACK="DeepFool",KIND="ALL",PHASE="generate",OUTPUT_DIR="adversarial_results_ep300_pre100" adversarial_hpc_submit.pbs </dev/null
[2026-09-04 17:10:46] [OK] InceptionNet/Cifar100/FGSM/ALL
[2026-09-04 17:10:48] [OK] qsub output: Your job 6462810 ("adversarial_hpc_submit.pbs") has been submitted
[2026-09-04 17:10:48] [SUBMIT] InceptionNet/Cifar100/IFGSM/ALL
[2026-09-04 17:10:49] [CMD] qsub -q all.q -l ngpus=1 -v MODEL="InceptionNet",DATASET="Cifar100",ATTACK="IFGSM",KIND="ALL",PHASE="generate",OUTPUT_DIR="adversarial_results_ep100_pre300" adversarial_hpc_submit.pbs </dev/null
[2026-09-04 17:10:49] [OK] InceptionNet/Cifar100/FGSM/ALL
[2026-09-04 17:10:50] [OK] InceptionNet/Cifar100/IFGSM/ALL
[2026-09-04 17:10:53] [OK] InceptionNet/Cifar10/DeepFool/ALL
[2026-09-04 17:11:03] [OK] qsub output: Your job 6462811 ("adversarial_hpc_submit.pbs") has been submitted
[2026-09-04 17:11:03] [OK] qsub output: Your job 6462813 ("adversarial_hpc_submit.pbs") has been submitted
[2026-09-04 17:11:04] [OK] qsub output: Your job 6462812 ("adversarial_hpc_submit.pbs") has been submitted
[2026-09-04 17:11:04] [SUBMIT] InceptionNet/Cifar100/IFGSM/ALL
[2026-09-04 17:11:04] [SUBMIT] InceptionNet/Cifar100/BIM/ALL
[2026-09-04 17:11:04] [SUBMIT] InceptionNet/Cifar100/PGD/ALL
[2026-09-04 17:11:04] [CMD] qsub -q all.q -l ngpus=1 -v MODEL="InceptionNet",DATASET="Cifar100",ATTACK="IFGSM",KIND="ALL",PHASE="generate",OUTPUT_DIR="adversarial_results_ep200_pre200" adversarial_hpc_submit.pbs </dev/null
[2026-09-04 17:11:04] [CMD] qsub -q all.q -l ngpus=1 -v MODEL="InceptionNet",DATASET="Cifar100",ATTACK="BIM",KIND="ALL",PHASE="generate",OUTPUT_DIR="adversarial_results_ep100_pre300" adversarial_hpc_submit.pbs </dev/null
[2026-09-04 17:11:04] [CMD] qsub -q all.q -l ngpus=1 -v MODEL="InceptionNet",DATASET="Cifar100",ATTACK="PGD",KIND="ALL",PHASE="generate",OUTPUT_DIR="adversarial_results_ep300_pre100" adversarial_hpc_submit.pbs </dev/null
[2026-09-04 17:11:06] [OK] InceptionNet/Cifar100/BIM/ALL
[2026-09-04 17:11:06] [OK] qsub output: Your job 6462815 ("adversarial_hpc_submit.pbs") has been submitted
[2026-09-04 17:11:06] [SUBMIT] InceptionNet/Cifar100/APGD/ALL
[2026-09-04 17:11:06] [CMD] qsub -q all.q -l ngpus=1 -v MODEL="InceptionNet",DATASET="Cifar100",ATTACK="APGD",KIND="ALL",PHASE="generate",OUTPUT_DIR="adversarial_results_ep100_pre300" adversarial_hpc_submit.pbs </dev/null
[2026-09-04 17:11:13] [OK] InceptionNet/Cifar100/IFGSM/ALL
[2026-09-04 17:11:13] [OK] qsub output: Your job 6462814 ("adversarial_hpc_submit.pbs") has been submitted
[2026-09-04 17:11:13] [SUBMIT] InceptionNet/Cifar100/BIM/ALL
[2026-09-04 17:11:13] [CMD] qsub -q all.q -l ngpus=1 -v MODEL="InceptionNet",DATASET="Cifar100",ATTACK="BIM",KIND="ALL",PHASE="generate",OUTPUT_DIR="adversarial_results_ep200_pre200" adversarial_hpc_submit.pbs </dev/null
[2026-09-04 17:11:15] [OK] InceptionNet/Cifar100/PGD/ALL
[2026-09-04 17:11:15] [OK] qsub output: Your job 6462816 ("adversarial_hpc_submit.pbs") has been submitted
[2026-09-04 17:11:16] [SUBMIT] InceptionNet/Cifar100/FGSM/ALL
[2026-09-04 17:11:16] [CMD] qsub -q all.q -l ngpus=1 -v MODEL="InceptionNet",DATASET="Cifar100",ATTACK="FGSM",KIND="ALL",PHASE="generate",OUTPUT_DIR="adversarial_results_ep300_pre100" adversarial_hpc_submit.pbs </dev/null
[2026-09-04 17:11:20] [OK] InceptionNet/Cifar100/BIM/ALL
[2026-09-04 17:11:20] [OK] qsub output: Your job 6462818 ("adversarial_hpc_submit.pbs") has been submitted
[2026-09-04 17:11:20] [SUBMIT] InceptionNet/Cifar100/APGD/ALL
[2026-09-04 17:11:20] [CMD] qsub -q all.q -l ngpus=1 -v MODEL="InceptionNet",DATASET="Cifar100",ATTACK="APGD",KIND="ALL",PHASE="generate",OUTPUT_DIR="adversarial_results_ep200_pre200" adversarial_hpc_submit.pbs </dev/null
[2026-09-04 17:11:22] [OK] InceptionNet/Cifar100/APGD/ALL
[2026-09-04 17:11:22] [OK] qsub output: Your job 6462817 ("adversarial_hpc_submit.pbs") has been submitted
[2026-09-04 17:11:22] [SUBMIT] InceptionNet/Cifar100/CW/ALL
[2026-09-04 17:11:22] [CMD] qsub -q all.q -l ngpus=1 -v MODEL="InceptionNet",DATASET="Cifar100",ATTACK="CW",KIND="ALL",PHASE="generate",OUTPUT_DIR="adversarial_results_ep100_pre300" adversarial_hpc_submit.pbs </dev/null
[2026-09-04 17:11:23] [OK] InceptionNet/Cifar100/APGD/ALL
[2026-09-04 17:11:23] [OK] qsub output: Your job 6462820 ("adversarial_hpc_submit.pbs") has been submitted
[2026-09-04 17:11:23] [SUBMIT] InceptionNet/Cifar100/CW/ALL
[2026-09-04 17:11:23] [CMD] qsub -q all.q -l ngpus=1 -v MODEL="InceptionNet",DATASET="Cifar100",ATTACK="CW",KIND="ALL",PHASE="generate",OUTPUT_DIR="adversarial_results_ep200_pre200" adversarial_hpc_submit.pbs </dev/null
[2026-09-04 17:11:23] [OK] InceptionNet/Cifar100/FGSM/ALL
[2026-09-04 17:11:23] [OK] qsub output: Your job 6462819 ("adversarial_hpc_submit.pbs") has been submitted
[2026-09-04 17:11:23] [SUBMIT] InceptionNet/Cifar100/IFGSM/ALL
[2026-09-04 17:11:23] [CMD] qsub -q all.q -l ngpus=1 -v MODEL="InceptionNet",DATASET="Cifar100",ATTACK="IFGSM",KIND="ALL",PHASE="generate",OUTPUT_DIR="adversarial_results_ep300_pre100" adversarial_hpc_submit.pbs </dev/null
[2026-09-04 17:11:28] [OK] InceptionNet/Cifar100/CW/ALL
[2026-09-04 17:11:28] [OK] qsub output: Your job 6462821 ("adversarial_hpc_submit.pbs") has been submitted
[2026-09-04 17:11:28] [SUBMIT] InceptionNet/Cifar100/DeepFool/ALL
[2026-09-04 17:11:28] [CMD] qsub -q all.q -l ngpus=1 -v MODEL="InceptionNet",DATASET="Cifar100",ATTACK="DeepFool",KIND="ALL",PHASE="generate",OUTPUT_DIR="adversarial_results_ep100_pre300" adversarial_hpc_submit.pbs </dev/null
[2026-09-04 17:11:31] [OK] InceptionNet/Cifar100/IFGSM/ALL
[2026-09-04 17:11:31] [OK] qsub output: Your job 6462823 ("adversarial_hpc_submit.pbs") has been submitted
[2026-09-04 17:11:32] [SUBMIT] InceptionNet/Cifar100/BIM/ALL
[2026-09-04 17:11:32] [CMD] qsub -q all.q -l ngpus=1 -v MODEL="InceptionNet",DATASET="Cifar100",ATTACK="BIM",KIND="ALL",PHASE="generate",OUTPUT_DIR="adversarial_results_ep300_pre100" adversarial_hpc_submit.pbs </dev/null
[2026-09-04 17:11:32] [OK] InceptionNet/Cifar100/DeepFool/ALL
[2026-09-04 17:11:32] [OK] qsub output: Your job 6462824 ("adversarial_hpc_submit.pbs") has been submitted
[2026-09-04 17:11:33] [SUBMIT] MobileNet/Cifar10/PGD/ALL
[2026-09-04 17:11:33] [OK] InceptionNet/Cifar100/CW/ALL
[2026-09-04 17:11:33] [CMD] qsub -q all.q -l ngpus=1 -v MODEL="MobileNet",DATASET="Cifar10",ATTACK="PGD",KIND="ALL",PHASE="generate",OUTPUT_DIR="adversarial_results_ep100_pre300" adversarial_hpc_submit.pbs </dev/null
[2026-09-04 17:11:35] [OK] qsub output: Your job 6462822 ("adversarial_hpc_submit.pbs") has been submitted
[2026-09-04 17:11:35] [SUBMIT] InceptionNet/Cifar100/DeepFool/ALL
[2026-09-04 17:11:35] [CMD] qsub -q all.q -l ngpus=1 -v MODEL="InceptionNet",DATASET="Cifar100",ATTACK="DeepFool",KIND="ALL",PHASE="generate",OUTPUT_DIR="adversarial_results_ep200_pre200" adversarial_hpc_submit.pbs </dev/null
[2026-09-04 17:11:39] [OK] InceptionNet/Cifar100/BIM/ALL
[2026-09-04 17:11:39] [OK] qsub output: Your job 6462825 ("adversarial_hpc_submit.pbs") has been submitted
[2026-09-04 17:11:40] [SUBMIT] InceptionNet/Cifar100/APGD/ALL
[2026-09-04 17:11:40] [CMD] qsub -q all.q -l ngpus=1 -v MODEL="InceptionNet",DATASET="Cifar100",ATTACK="APGD",KIND="ALL",PHASE="generate",OUTPUT_DIR="adversarial_results_ep300_pre100" adversarial_hpc_submit.pbs </dev/null
[2026-09-04 17:11:40] [OK] MobileNet/Cifar10/PGD/ALL
[2026-09-04 17:11:41] [OK] qsub output: Your job 6462826 ("adversarial_hpc_submit.pbs") has been submitted
[2026-09-04 17:11:41] [SUBMIT] MobileNet/Cifar10/FGSM/ALL
[2026-09-04 17:11:41] [CMD] qsub -q all.q -l ngpus=1 -v MODEL="MobileNet",DATASET="Cifar10",ATTACK="FGSM",KIND="ALL",PHASE="generate",OUTPUT_DIR="adversarial_results_ep100_pre300" adversarial_hpc_submit.pbs </dev/null
[2026-09-04 17:11:43] [OK] InceptionNet/Cifar100/APGD/ALL
[2026-09-04 17:11:43] [OK] qsub output: Your job 6462828 ("adversarial_hpc_submit.pbs") has been submitted
[2026-09-04 17:11:43] [SUBMIT] InceptionNet/Cifar100/CW/ALL
[2026-09-04 17:11:43] [CMD] qsub -q all.q -l ngpus=1 -v MODEL="InceptionNet",DATASET="Cifar100",ATTACK="CW",KIND="ALL",PHASE="generate",OUTPUT_DIR="adversarial_results_ep300_pre100" adversarial_hpc_submit.pbs </dev/null
[2026-09-04 17:11:47] [OK] InceptionNet/Cifar100/DeepFool/ALL
[2026-09-04 17:11:47] [OK] MobileNet/Cifar10/FGSM/ALL
[2026-09-04 17:11:49] [OK] qsub output: Your job 6462827 ("adversarial_hpc_submit.pbs") has been submitted
[2026-09-04 17:11:49] [OK] qsub output: Your job 6462829 ("adversarial_hpc_submit.pbs") has been submitted
[2026-09-04 17:11:50] [SUBMIT] MobileNet/Cifar10/IFGSM/ALL
[2026-09-04 17:11:50] [SUBMIT] MobileNet/Cifar10/PGD/ALL
[2026-09-04 17:11:50] [CMD] qsub -q all.q -l ngpus=1 -v MODEL="MobileNet",DATASET="Cifar10",ATTACK="IFGSM",KIND="ALL",PHASE="generate",OUTPUT_DIR="adversarial_results_ep100_pre300" adversarial_hpc_submit.pbs </dev/null
[2026-09-04 17:11:50] [CMD] qsub -q all.q -l ngpus=1 -v MODEL="MobileNet",DATASET="Cifar10",ATTACK="PGD",KIND="ALL",PHASE="generate",OUTPUT_DIR="adversarial_results_ep200_pre200" adversarial_hpc_submit.pbs </dev/null
[2026-09-04 17:11:56] [OK] InceptionNet/Cifar100/CW/ALL
[2026-09-04 17:11:56] [OK] qsub output: Your job 6462830 ("adversarial_hpc_submit.pbs") has been submitted
[2026-09-04 17:11:56] [SUBMIT] InceptionNet/Cifar100/DeepFool/ALL
[2026-09-04 17:11:56] [CMD] qsub -q all.q -l ngpus=1 -v MODEL="InceptionNet",DATASET="Cifar100",ATTACK="DeepFool",KIND="ALL",PHASE="generate",OUTPUT_DIR="adversarial_results_ep300_pre100" adversarial_hpc_submit.pbs </dev/null
[2026-09-04 17:11:59] [OK] MobileNet/Cifar10/PGD/ALL
[2026-09-04 17:12:00] [OK] qsub output: Your job 6462831 ("adversarial_hpc_submit.pbs") has been submitted
[2026-09-04 17:12:03] [SUBMIT] MobileNet/Cifar10/FGSM/ALL
[2026-09-04 17:12:03] [CMD] qsub -q all.q -l ngpus=1 -v MODEL="MobileNet",DATASET="Cifar10",ATTACK="FGSM",KIND="ALL",PHASE="generate",OUTPUT_DIR="adversarial_results_ep200_pre200" adversarial_hpc_submit.pbs </dev/null
[2026-09-04 17:12:05] [OK] MobileNet/Cifar10/IFGSM/ALL
[2026-09-04 17:12:05] [OK] qsub output: Your job 6462832 ("adversarial_hpc_submit.pbs") has been submitted
[2026-09-04 17:12:05] [SUBMIT] MobileNet/Cifar10/BIM/ALL
[2026-09-04 17:12:05] [CMD] qsub -q all.q -l ngpus=1 -v MODEL="MobileNet",DATASET="Cifar10",ATTACK="BIM",KIND="ALL",PHASE="generate",OUTPUT_DIR="adversarial_results_ep100_pre300" adversarial_hpc_submit.pbs </dev/null
[2026-09-04 17:12:06] [OK] InceptionNet/Cifar100/DeepFool/ALL
[2026-09-04 17:12:06] [OK] qsub output: Your job 6462833 ("adversarial_hpc_submit.pbs") has been submitted
[2026-09-04 17:12:06] [SUBMIT] MobileNet/Cifar10/PGD/ALL
[2026-09-04 17:12:06] [CMD] qsub -q all.q -l ngpus=1 -v MODEL="MobileNet",DATASET="Cifar10",ATTACK="PGD",KIND="ALL",PHASE="generate",OUTPUT_DIR="adversarial_results_ep300_pre100" adversarial_hpc_submit.pbs </dev/null
[2026-09-04 17:12:11] [OK] MobileNet/Cifar10/BIM/ALL
[2026-09-04 17:12:11] [OK] qsub output: Your job 6462835 ("adversarial_hpc_submit.pbs") has been submitted
[2026-09-04 17:12:11] [SUBMIT] MobileNet/Cifar10/APGD/ALL
[2026-09-04 17:12:11] [CMD] qsub -q all.q -l ngpus=1 -v MODEL="MobileNet",DATASET="Cifar10",ATTACK="APGD",KIND="ALL",PHASE="generate",OUTPUT_DIR="adversarial_results_ep100_pre300" adversarial_hpc_submit.pbs </dev/null
[2026-09-04 17:12:12] [OK] MobileNet/Cifar10/FGSM/ALL
[2026-09-04 17:12:12] [OK] qsub output: Your job 6462834 ("adversarial_hpc_submit.pbs") has been submitted
[2026-09-04 17:12:12] [SUBMIT] MobileNet/Cifar10/IFGSM/ALL
[2026-09-04 17:12:12] [CMD] qsub -q all.q -l ngpus=1 -v MODEL="MobileNet",DATASET="Cifar10",ATTACK="IFGSM",KIND="ALL",PHASE="generate",OUTPUT_DIR="adversarial_results_ep200_pre200" adversarial_hpc_submit.pbs </dev/null
[2026-09-04 17:12:14] [OK] MobileNet/Cifar10/PGD/ALL
[2026-09-04 17:12:14] [OK] qsub output: Your job 6462836 ("adversarial_hpc_submit.pbs") has been submitted
[2026-09-04 17:12:14] [SUBMIT] MobileNet/Cifar10/FGSM/ALL
[2026-09-04 17:12:14] [CMD] qsub -q all.q -l ngpus=1 -v MODEL="MobileNet",DATASET="Cifar10",ATTACK="FGSM",KIND="ALL",PHASE="generate",OUTPUT_DIR="adversarial_results_ep300_pre100" adversarial_hpc_submit.pbs </dev/null
[2026-09-04 17:12:16] [OK] MobileNet/Cifar10/APGD/ALL
[2026-09-04 17:12:16] [OK] qsub output: Your job 6462837 ("adversarial_hpc_submit.pbs") has been submitted
[2026-09-04 17:12:16] [SUBMIT] MobileNet/Cifar10/CW/ALL
[2026-09-04 17:12:16] [CMD] qsub -q all.q -l ngpus=1 -v MODEL="MobileNet",DATASET="Cifar10",ATTACK="CW",KIND="ALL",PHASE="generate",OUTPUT_DIR="adversarial_results_ep100_pre300" adversarial_hpc_submit.pbs </dev/null
[2026-09-04 17:12:19] [OK] MobileNet/Cifar10/IFGSM/ALL
[2026-09-04 17:12:19] [OK] qsub output: Your job 6462838 ("adversarial_hpc_submit.pbs") has been submitted
[2026-09-04 17:12:19] [SUBMIT] MobileNet/Cifar10/BIM/ALL
[2026-09-04 17:12:19] [CMD] qsub -q all.q -l ngpus=1 -v MODEL="MobileNet",DATASET="Cifar10",ATTACK="BIM",KIND="ALL",PHASE="generate",OUTPUT_DIR="adversarial_results_ep200_pre200" adversarial_hpc_submit.pbs </dev/null
[2026-09-04 17:12:19] [OK] MobileNet/Cifar10/FGSM/ALL
[2026-09-04 17:12:19] [OK] qsub output: Your job 6462839 ("adversarial_hpc_submit.pbs") has been submitted
[2026-09-04 17:12:20] [SUBMIT] MobileNet/Cifar10/IFGSM/ALL
[2026-09-04 17:12:20] [CMD] qsub -q all.q -l ngpus=1 -v MODEL="MobileNet",DATASET="Cifar10",ATTACK="IFGSM",KIND="ALL",PHASE="generate",OUTPUT_DIR="adversarial_results_ep300_pre100" adversarial_hpc_submit.pbs </dev/null
[2026-09-04 17:12:22] [OK] MobileNet/Cifar10/BIM/ALL
[2026-09-04 17:12:23] [OK] MobileNet/Cifar10/CW/ALL
[2026-09-04 17:12:27] [OK] MobileNet/Cifar10/IFGSM/ALL
[2026-09-04 17:12:38] [OK] qsub output: Your job 6462841 ("adversarial_hpc_submit.pbs") has been submitted
[2026-09-04 17:12:43] [OK] qsub output: Your job 6462840 ("adversarial_hpc_submit.pbs") has been submitted
[2026-09-04 17:12:44] [OK] qsub output: Your job 6462842 ("adversarial_hpc_submit.pbs") has been submitted
[2026-09-04 17:12:44] [SUBMIT] MobileNet/Cifar10/APGD/ALL
[2026-09-04 17:12:44] [SUBMIT] MobileNet/Cifar10/DeepFool/ALL
[2026-09-04 17:12:44] [CMD] qsub -q all.q -l ngpus=1 -v MODEL="MobileNet",DATASET="Cifar10",ATTACK="APGD",KIND="ALL",PHASE="generate",OUTPUT_DIR="adversarial_results_ep200_pre200" adversarial_hpc_submit.pbs </dev/null
[2026-09-04 17:12:44] [CMD] qsub -q all.q -l ngpus=1 -v MODEL="MobileNet",DATASET="Cifar10",ATTACK="DeepFool",KIND="ALL",PHASE="generate",OUTPUT_DIR="adversarial_results_ep100_pre300" adversarial_hpc_submit.pbs </dev/null
[2026-09-04 17:12:44] [SUBMIT] MobileNet/Cifar10/BIM/ALL
[2026-09-04 17:12:44] [CMD] qsub -q all.q -l ngpus=1 -v MODEL="MobileNet",DATASET="Cifar10",ATTACK="BIM",KIND="ALL",PHASE="generate",OUTPUT_DIR="adversarial_results_ep300_pre100" adversarial_hpc_submit.pbs </dev/null
[2026-09-04 17:12:49] [OK] MobileNet/Cifar10/DeepFool/ALL
[2026-09-04 17:12:49] [OK] qsub output: Your job 6462845 ("adversarial_hpc_submit.pbs") has been submitted
[2026-09-04 17:12:49] [SUBMIT] MobileNet/Cifar100/PGD/ALL
[2026-09-04 17:12:49] [CMD] qsub -q all.q -l ngpus=1 -v MODEL="MobileNet",DATASET="Cifar100",ATTACK="PGD",KIND="ALL",PHASE="generate",OUTPUT_DIR="adversarial_results_ep100_pre300" adversarial_hpc_submit.pbs </dev/null
[2026-09-04 17:12:52] [OK] MobileNet/Cifar10/APGD/ALL
[2026-09-04 17:12:52] [OK] qsub output: Your job 6462844 ("adversarial_hpc_submit.pbs") has been submitted
[2026-09-04 17:12:52] [SUBMIT] MobileNet/Cifar10/CW/ALL
[2026-09-04 17:12:52] [CMD] qsub -q all.q -l ngpus=1 -v MODEL="MobileNet",DATASET="Cifar10",ATTACK="CW",KIND="ALL",PHASE="generate",OUTPUT_DIR="adversarial_results_ep200_pre200" adversarial_hpc_submit.pbs </dev/null
[2026-09-04 17:12:56] [OK] MobileNet/Cifar10/BIM/ALL
[2026-09-04 17:12:56] [OK] qsub output: Your job 6462846 ("adversarial_hpc_submit.pbs") has been submitted
[2026-09-04 17:12:56] [SUBMIT] MobileNet/Cifar10/APGD/ALL
[2026-09-04 17:12:56] [CMD] qsub -q all.q -l ngpus=1 -v MODEL="MobileNet",DATASET="Cifar10",ATTACK="APGD",KIND="ALL",PHASE="generate",OUTPUT_DIR="adversarial_results_ep300_pre100" adversarial_hpc_submit.pbs </dev/null
[2026-09-04 17:13:01] [OK] MobileNet/Cifar10/CW/ALL
[2026-09-04 17:13:01] [OK] qsub output: Your job 6462848 ("adversarial_hpc_submit.pbs") has been submitted
[2026-09-04 17:13:01] [SUBMIT] MobileNet/Cifar10/DeepFool/ALL
[2026-09-04 17:13:01] [CMD] qsub -q all.q -l ngpus=1 -v MODEL="MobileNet",DATASET="Cifar10",ATTACK="DeepFool",KIND="ALL",PHASE="generate",OUTPUT_DIR="adversarial_results_ep200_pre200" adversarial_hpc_submit.pbs </dev/null
[2026-09-04 17:13:01] [OK] MobileNet/Cifar100/PGD/ALL
[2026-09-04 17:13:01] [OK] qsub output: Your job 6462847 ("adversarial_hpc_submit.pbs") has been submitted
[2026-09-04 17:13:01] [SUBMIT] MobileNet/Cifar100/FGSM/ALL
[2026-09-04 17:13:01] [CMD] qsub -q all.q -l ngpus=1 -v MODEL="MobileNet",DATASET="Cifar100",ATTACK="FGSM",KIND="ALL",PHASE="generate",OUTPUT_DIR="adversarial_results_ep100_pre300" adversarial_hpc_submit.pbs </dev/null
[2026-09-04 17:13:05] [OK] MobileNet/Cifar10/APGD/ALL
[2026-09-04 17:13:05] [OK] qsub output: Your job 6462849 ("adversarial_hpc_submit.pbs") has been submitted
[2026-09-04 17:13:05] [SUBMIT] MobileNet/Cifar10/CW/ALL
[2026-09-04 17:13:05] [CMD] qsub -q all.q -l ngpus=1 -v MODEL="MobileNet",DATASET="Cifar10",ATTACK="CW",KIND="ALL",PHASE="generate",OUTPUT_DIR="adversarial_results_ep300_pre100" adversarial_hpc_submit.pbs </dev/null
[2026-09-04 17:13:10] [OK] MobileNet/Cifar10/DeepFool/ALL
[2026-09-04 17:13:10] [OK] qsub output: Your job 6462850 ("adversarial_hpc_submit.pbs") has been submitted
[2026-09-04 17:13:11] [SUBMIT] MobileNet/Cifar100/PGD/ALL
[2026-09-04 17:13:11] [CMD] qsub -q all.q -l ngpus=1 -v MODEL="MobileNet",DATASET="Cifar100",ATTACK="PGD",KIND="ALL",PHASE="generate",OUTPUT_DIR="adversarial_results_ep200_pre200" adversarial_hpc_submit.pbs </dev/null
[2026-09-04 17:13:14] [OK] MobileNet/Cifar100/FGSM/ALL
[2026-09-04 17:13:14] [OK] MobileNet/Cifar10/CW/ALL
[2026-09-04 17:13:18] [OK] qsub output: Your job 6462851 ("adversarial_hpc_submit.pbs") has been submitted
[2026-09-04 17:13:19] [OK] MobileNet/Cifar100/PGD/ALL
[2026-09-04 17:13:20] [OK] qsub output: Your job 6462852 ("adversarial_hpc_submit.pbs") has been submitted
[2026-09-04 17:13:20] [OK] qsub output: Your job 6462854 ("adversarial_hpc_submit.pbs") has been submitted
[2026-09-04 17:13:20] [SUBMIT] MobileNet/Cifar100/IFGSM/ALL
[2026-09-04 17:13:21] [CMD] qsub -q all.q -l ngpus=1 -v MODEL="MobileNet",DATASET="Cifar100",ATTACK="IFGSM",KIND="ALL",PHASE="generate",OUTPUT_DIR="adversarial_results_ep100_pre300" adversarial_hpc_submit.pbs </dev/null
[2026-09-04 17:13:21] [SUBMIT] MobileNet/Cifar10/DeepFool/ALL
[2026-09-04 17:13:21] [CMD] qsub -q all.q -l ngpus=1 -v MODEL="MobileNet",DATASET="Cifar10",ATTACK="DeepFool",KIND="ALL",PHASE="generate",OUTPUT_DIR="adversarial_results_ep300_pre100" adversarial_hpc_submit.pbs </dev/null
[2026-09-04 17:13:21] [SUBMIT] MobileNet/Cifar100/FGSM/ALL
[2026-09-04 17:13:21] [CMD] qsub -q all.q -l ngpus=1 -v MODEL="MobileNet",DATASET="Cifar100",ATTACK="FGSM",KIND="ALL",PHASE="generate",OUTPUT_DIR="adversarial_results_ep200_pre200" adversarial_hpc_submit.pbs </dev/null
[2026-09-04 17:13:25] [OK] MobileNet/Cifar100/IFGSM/ALL
[2026-09-04 17:13:25] [OK] qsub output: Your job 6462855 ("adversarial_hpc_submit.pbs") has been submitted
[2026-09-04 17:13:25] [SUBMIT] MobileNet/Cifar100/BIM/ALL
[2026-09-04 17:13:25] [CMD] qsub -q all.q -l ngpus=1 -v MODEL="MobileNet",DATASET="Cifar100",ATTACK="BIM",KIND="ALL",PHASE="generate",OUTPUT_DIR="adversarial_results_ep100_pre300" adversarial_hpc_submit.pbs </dev/null
[2026-09-04 17:13:29] [OK] MobileNet/Cifar10/DeepFool/ALL
[2026-09-04 17:13:30] [OK] qsub output: Your job 6462857 ("adversarial_hpc_submit.pbs") has been submitted
[2026-09-04 17:13:30] [SUBMIT] MobileNet/Cifar100/PGD/ALL
[2026-09-04 17:13:30] [CMD] qsub -q all.q -l ngpus=1 -v MODEL="MobileNet",DATASET="Cifar100",ATTACK="PGD",KIND="ALL",PHASE="generate",OUTPUT_DIR="adversarial_results_ep300_pre100" adversarial_hpc_submit.pbs </dev/null
[2026-09-04 17:13:30] [OK] MobileNet/Cifar100/FGSM/ALL
[2026-09-04 17:13:30] [OK] qsub output: Your job 6462856 ("adversarial_hpc_submit.pbs") has been submitted
[2026-09-04 17:13:30] [SUBMIT] MobileNet/Cifar100/IFGSM/ALL
[2026-09-04 17:13:30] [CMD] qsub -q all.q -l ngpus=1 -v MODEL="MobileNet",DATASET="Cifar100",ATTACK="IFGSM",KIND="ALL",PHASE="generate",OUTPUT_DIR="adversarial_results_ep200_pre200" adversarial_hpc_submit.pbs </dev/null
[2026-09-04 17:13:31] [OK] MobileNet/Cifar100/BIM/ALL
[2026-09-04 17:13:31] [OK] qsub output: Your job 6462859 ("adversarial_hpc_submit.pbs") has been submitted
[2026-09-04 17:13:32] [SUBMIT] MobileNet/Cifar100/APGD/ALL
[2026-09-04 17:13:32] [CMD] qsub -q all.q -l ngpus=1 -v MODEL="MobileNet",DATASET="Cifar100",ATTACK="APGD",KIND="ALL",PHASE="generate",OUTPUT_DIR="adversarial_results_ep100_pre300" adversarial_hpc_submit.pbs </dev/null
[2026-09-04 17:13:33] [OK] MobileNet/Cifar100/PGD/ALL
[2026-09-04 17:13:33] [OK] qsub output: Your job 6462860 ("adversarial_hpc_submit.pbs") has been submitted
[2026-09-04 17:13:33] [SUBMIT] MobileNet/Cifar100/FGSM/ALL
[2026-09-04 17:13:33] [CMD] qsub -q all.q -l ngpus=1 -v MODEL="MobileNet",DATASET="Cifar100",ATTACK="FGSM",KIND="ALL",PHASE="generate",OUTPUT_DIR="adversarial_results_ep300_pre100" adversarial_hpc_submit.pbs </dev/null
[2026-09-04 17:13:39] [OK] MobileNet/Cifar100/APGD/ALL
[2026-09-04 17:13:39] [OK] qsub output: Your job 6462862 ("adversarial_hpc_submit.pbs") has been submitted
[2026-09-04 17:13:39] [SUBMIT] MobileNet/Cifar100/CW/ALL
[2026-09-04 17:13:39] [CMD] qsub -q all.q -l ngpus=1 -v MODEL="MobileNet",DATASET="Cifar100",ATTACK="CW",KIND="ALL",PHASE="generate",OUTPUT_DIR="adversarial_results_ep100_pre300" adversarial_hpc_submit.pbs </dev/null
[2026-09-04 17:13:39] [OK] MobileNet/Cifar100/IFGSM/ALL
[2026-09-04 17:13:39] [OK] qsub output: Your job 6462861 ("adversarial_hpc_submit.pbs") has been submitted
[2026-09-04 17:13:39] [SUBMIT] MobileNet/Cifar100/BIM/ALL
[2026-09-04 17:13:39] [CMD] qsub -q all.q -l ngpus=1 -v MODEL="MobileNet",DATASET="Cifar100",ATTACK="BIM",KIND="ALL",PHASE="generate",OUTPUT_DIR="adversarial_results_ep200_pre200" adversarial_hpc_submit.pbs </dev/null
[2026-09-04 17:13:46] [OK] MobileNet/Cifar100/CW/ALL
[2026-09-04 17:13:46] [OK] qsub output: Your job 6462864 ("adversarial_hpc_submit.pbs") has been submitted
[2026-09-04 17:13:46] [SUBMIT] MobileNet/Cifar100/DeepFool/ALL
[2026-09-04 17:13:46] [CMD] qsub -q all.q -l ngpus=1 -v MODEL="MobileNet",DATASET="Cifar100",ATTACK="DeepFool",KIND="ALL",PHASE="generate",OUTPUT_DIR="adversarial_results_ep100_pre300" adversarial_hpc_submit.pbs </dev/null
[2026-09-04 17:13:47] [OK] MobileNet/Cifar100/FGSM/ALL
[2026-09-04 17:13:47] [OK] qsub output: Your job 6462863 ("adversarial_hpc_submit.pbs") has been submitted
[2026-09-04 17:13:47] [SUBMIT] MobileNet/Cifar100/IFGSM/ALL
[2026-09-04 17:13:47] [CMD] qsub -q all.q -l ngpus=1 -v MODEL="MobileNet",DATASET="Cifar100",ATTACK="IFGSM",KIND="ALL",PHASE="generate",OUTPUT_DIR="adversarial_results_ep300_pre100" adversarial_hpc_submit.pbs </dev/null
[2026-09-04 17:13:52] [OK] MobileNet/Cifar100/DeepFool/ALL
[2026-09-04 17:13:52] [OK] qsub output: Your job 6462866 ("adversarial_hpc_submit.pbs") has been submitted
[2026-09-04 17:13:52] [SUBMIT] XceptionNet/Cifar10/PGD/ALL
[2026-09-04 17:13:52] [CMD] qsub -q all.q -l ngpus=1 -v MODEL="XceptionNet",DATASET="Cifar10",ATTACK="PGD",KIND="ALL",PHASE="generate",OUTPUT_DIR="adversarial_results_ep100_pre300" adversarial_hpc_submit.pbs </dev/null
[2026-09-04 17:13:55] [OK] MobileNet/Cifar100/BIM/ALL
[2026-09-04 17:13:55] [OK] qsub output: Your job 6462865 ("adversarial_hpc_submit.pbs") has been submitted
[2026-09-04 17:13:55] [SUBMIT] MobileNet/Cifar100/APGD/ALL
[2026-09-04 17:13:55] [CMD] qsub -q all.q -l ngpus=1 -v MODEL="MobileNet",DATASET="Cifar100",ATTACK="APGD",KIND="ALL",PHASE="generate",OUTPUT_DIR="adversarial_results_ep200_pre200" adversarial_hpc_submit.pbs </dev/null
[2026-09-04 17:13:57] [OK] MobileNet/Cifar100/IFGSM/ALL
[2026-09-04 17:13:57] [OK] qsub output: Your job 6462867 ("adversarial_hpc_submit.pbs") has been submitted
[2026-09-04 17:13:57] [SUBMIT] MobileNet/Cifar100/BIM/ALL
[2026-09-04 17:13:57] [CMD] qsub -q all.q -l ngpus=1 -v MODEL="MobileNet",DATASET="Cifar100",ATTACK="BIM",KIND="ALL",PHASE="generate",OUTPUT_DIR="adversarial_results_ep300_pre100" adversarial_hpc_submit.pbs </dev/null
[2026-09-04 17:14:00] [OK] XceptionNet/Cifar10/PGD/ALL
[2026-09-04 17:14:00] [OK] qsub output: Your job 6462868 ("adversarial_hpc_submit.pbs") has been submitted
[2026-09-04 17:14:00] [SUBMIT] XceptionNet/Cifar10/FGSM/ALL
[2026-09-04 17:14:00] [CMD] qsub -q all.q -l ngpus=1 -v MODEL="XceptionNet",DATASET="Cifar10",ATTACK="FGSM",KIND="ALL",PHASE="generate",OUTPUT_DIR="adversarial_results_ep100_pre300" adversarial_hpc_submit.pbs </dev/null
[2026-09-04 17:14:02] [OK] MobileNet/Cifar100/APGD/ALL
[2026-09-04 17:14:02] [OK] qsub output: Your job 6462869 ("adversarial_hpc_submit.pbs") has been submitted
[2026-09-04 17:14:02] [SUBMIT] MobileNet/Cifar100/CW/ALL
[2026-09-04 17:14:03] [CMD] qsub -q all.q -l ngpus=1 -v MODEL="MobileNet",DATASET="Cifar100",ATTACK="CW",KIND="ALL",PHASE="generate",OUTPUT_DIR="adversarial_results_ep200_pre200" adversarial_hpc_submit.pbs </dev/null
[2026-09-04 17:14:05] [OK] XceptionNet/Cifar10/FGSM/ALL
[2026-09-04 17:14:05] [OK] qsub output: Your job 6462871 ("adversarial_hpc_submit.pbs") has been submitted
[2026-09-04 17:14:05] [SUBMIT] XceptionNet/Cifar10/IFGSM/ALL
[2026-09-04 17:14:05] [CMD] qsub -q all.q -l ngpus=1 -v MODEL="XceptionNet",DATASET="Cifar10",ATTACK="IFGSM",KIND="ALL",PHASE="generate",OUTPUT_DIR="adversarial_results_ep100_pre300" adversarial_hpc_submit.pbs </dev/null
[2026-09-04 17:14:08] [OK] MobileNet/Cifar100/BIM/ALL
[2026-09-04 17:14:12] [OK] MobileNet/Cifar100/CW/ALL
[2026-09-04 17:14:13] [OK] XceptionNet/Cifar10/IFGSM/ALL
[2026-09-04 17:14:29] [OK] qsub output: Your job 6462870 ("adversarial_hpc_submit.pbs") has been submitted
[2026-09-04 17:14:39] [OK] qsub output: Your job 6462872 ("adversarial_hpc_submit.pbs") has been submitted
[2026-09-04 17:14:47] [OK] qsub output: Your job 6462873 ("adversarial_hpc_submit.pbs") has been submitted
[2026-09-04 17:14:49] [SUBMIT] MobileNet/Cifar100/APGD/ALL
[2026-09-04 17:14:57] [SUBMIT] MobileNet/Cifar100/DeepFool/ALL
[2026-09-04 17:15:02] [CMD] qsub -q all.q -l ngpus=1 -v MODEL="MobileNet",DATASET="Cifar100",ATTACK="APGD",KIND="ALL",PHASE="generate",OUTPUT_DIR="adversarial_results_ep300_pre100" adversarial_hpc_submit.pbs </dev/null
[2026-09-04 17:15:02] [CMD] qsub -q all.q -l ngpus=1 -v MODEL="MobileNet",DATASET="Cifar100",ATTACK="DeepFool",KIND="ALL",PHASE="generate",OUTPUT_DIR="adversarial_results_ep200_pre200" adversarial_hpc_submit.pbs </dev/null
[2026-09-04 17:15:02] [SUBMIT] XceptionNet/Cifar10/BIM/ALL
[2026-09-04 17:15:02] [CMD] qsub -q all.q -l ngpus=1 -v MODEL="XceptionNet",DATASET="Cifar10",ATTACK="BIM",KIND="ALL",PHASE="generate",OUTPUT_DIR="adversarial_results_ep100_pre300" adversarial_hpc_submit.pbs </dev/null
[2026-09-04 17:15:09] [OK] MobileNet/Cifar100/DeepFool/ALL
[2026-09-04 17:15:09] [OK] qsub output: Your job 6462876 ("adversarial_hpc_submit.pbs") has been submitted
[2026-09-04 17:15:09] [SUBMIT] XceptionNet/Cifar10/PGD/ALL
[2026-09-04 17:15:09] [CMD] qsub -q all.q -l ngpus=1 -v MODEL="XceptionNet",DATASET="Cifar10",ATTACK="PGD",KIND="ALL",PHASE="generate",OUTPUT_DIR="adversarial_results_ep200_pre200" adversarial_hpc_submit.pbs </dev/null
[2026-09-04 17:15:09] [OK] MobileNet/Cifar100/APGD/ALL
[2026-09-04 17:15:09] [OK] qsub output: Your job 6462877 ("adversarial_hpc_submit.pbs") has been submitted
[2026-09-04 17:15:10] [SUBMIT] MobileNet/Cifar100/CW/ALL
[2026-09-04 17:15:10] [CMD] qsub -q all.q -l ngpus=1 -v MODEL="MobileNet",DATASET="Cifar100",ATTACK="CW",KIND="ALL",PHASE="generate",OUTPUT_DIR="adversarial_results_ep300_pre100" adversarial_hpc_submit.pbs </dev/null
[2026-09-04 17:15:16] [OK] XceptionNet/Cifar10/BIM/ALL
[2026-09-04 17:15:16] [OK] qsub output: Your job 6462878 ("adversarial_hpc_submit.pbs") has been submitted
[2026-09-04 17:15:16] [SUBMIT] XceptionNet/Cifar10/APGD/ALL
[2026-09-04 17:15:16] [CMD] qsub -q all.q -l ngpus=1 -v MODEL="XceptionNet",DATASET="Cifar10",ATTACK="APGD",KIND="ALL",PHASE="generate",OUTPUT_DIR="adversarial_results_ep100_pre300" adversarial_hpc_submit.pbs </dev/null
[2026-09-04 17:15:18] [OK] XceptionNet/Cifar10/PGD/ALL
[2026-09-04 17:15:18] [OK] qsub output: Your job 6462879 ("adversarial_hpc_submit.pbs") has been submitted
[2026-09-04 17:15:18] [SUBMIT] XceptionNet/Cifar10/FGSM/ALL
[2026-09-04 17:15:18] [CMD] qsub -q all.q -l ngpus=1 -v MODEL="XceptionNet",DATASET="Cifar10",ATTACK="FGSM",KIND="ALL",PHASE="generate",OUTPUT_DIR="adversarial_results_ep200_pre200" adversarial_hpc_submit.pbs </dev/null
[2026-09-04 17:15:20] [OK] MobileNet/Cifar100/CW/ALL
[2026-09-04 17:15:22] [OK] qsub output: Your job 6462881 ("adversarial_hpc_submit.pbs") has been submitted
[2026-09-04 17:15:24] [SUBMIT] MobileNet/Cifar100/DeepFool/ALL
[2026-09-04 17:15:24] [CMD] qsub -q all.q -l ngpus=1 -v MODEL="MobileNet",DATASET="Cifar100",ATTACK="DeepFool",KIND="ALL",PHASE="generate",OUTPUT_DIR="adversarial_results_ep300_pre100" adversarial_hpc_submit.pbs </dev/null
[2026-09-04 17:15:28] [OK] XceptionNet/Cifar10/APGD/ALL
[2026-09-04 17:15:28] [OK] qsub output: Your job 6462883 ("adversarial_hpc_submit.pbs") has been submitted
[2026-09-04 17:15:28] [SUBMIT] XceptionNet/Cifar10/CW/ALL
[2026-09-04 17:15:28] [CMD] qsub -q all.q -l ngpus=1 -v MODEL="XceptionNet",DATASET="Cifar10",ATTACK="CW",KIND="ALL",PHASE="generate",OUTPUT_DIR="adversarial_results_ep100_pre300" adversarial_hpc_submit.pbs </dev/null
[2026-09-04 17:15:28] [OK] XceptionNet/Cifar10/FGSM/ALL
[2026-09-04 17:15:28] [OK] qsub output: Your job 6462884 ("adversarial_hpc_submit.pbs") has been submitted
[2026-09-04 17:15:28] [SUBMIT] XceptionNet/Cifar10/IFGSM/ALL
[2026-09-04 17:15:28] [CMD] qsub -q all.q -l ngpus=1 -v MODEL="XceptionNet",DATASET="Cifar10",ATTACK="IFGSM",KIND="ALL",PHASE="generate",OUTPUT_DIR="adversarial_results_ep200_pre200" adversarial_hpc_submit.pbs </dev/null
[2026-09-04 17:15:35] [OK] MobileNet/Cifar100/DeepFool/ALL
[2026-09-04 17:15:35] [OK] qsub output: Your job 6462885 ("adversarial_hpc_submit.pbs") has been submitted
[2026-09-04 17:15:35] [SUBMIT] XceptionNet/Cifar10/PGD/ALL
[2026-09-04 17:15:35] [CMD] qsub -q all.q -l ngpus=1 -v MODEL="XceptionNet",DATASET="Cifar10",ATTACK="PGD",KIND="ALL",PHASE="generate",OUTPUT_DIR="adversarial_results_ep300_pre100" adversarial_hpc_submit.pbs </dev/null
[2026-09-04 17:15:38] [OK] XceptionNet/Cifar10/CW/ALL
[2026-09-04 17:15:38] [OK] qsub output: Your job 6462887 ("adversarial_hpc_submit.pbs") has been submitted
[2026-09-04 17:15:38] [SUBMIT] XceptionNet/Cifar10/DeepFool/ALL
[2026-09-04 17:15:38] [CMD] qsub -q all.q -l ngpus=1 -v MODEL="XceptionNet",DATASET="Cifar10",ATTACK="DeepFool",KIND="ALL",PHASE="generate",OUTPUT_DIR="adversarial_results_ep100_pre300" adversarial_hpc_submit.pbs </dev/null
[2026-09-04 17:15:43] [OK] XceptionNet/Cifar10/IFGSM/ALL
[2026-09-04 17:15:43] [OK] qsub output: Your job 6462888 ("adversarial_hpc_submit.pbs") has been submitted
[2026-09-04 17:15:43] [SUBMIT] XceptionNet/Cifar10/BIM/ALL
[2026-09-04 17:15:43] [OK] XceptionNet/Cifar10/PGD/ALL
[2026-09-04 17:15:43] [CMD] qsub -q all.q -l ngpus=1 -v MODEL="XceptionNet",DATASET="Cifar10",ATTACK="BIM",KIND="ALL",PHASE="generate",OUTPUT_DIR="adversarial_results_ep200_pre200" adversarial_hpc_submit.pbs </dev/null
[2026-09-04 17:15:44] [OK] qsub output: Your job 6462890 ("adversarial_hpc_submit.pbs") has been submitted
[2026-09-04 17:15:44] [SUBMIT] XceptionNet/Cifar10/FGSM/ALL
[2026-09-04 17:15:44] [CMD] qsub -q all.q -l ngpus=1 -v MODEL="XceptionNet",DATASET="Cifar10",ATTACK="FGSM",KIND="ALL",PHASE="generate",OUTPUT_DIR="adversarial_results_ep300_pre100" adversarial_hpc_submit.pbs </dev/null
[2026-09-04 17:15:46] [OK] XceptionNet/Cifar10/DeepFool/ALL
[2026-09-04 17:15:46] [OK] qsub output: Your job 6462891 ("adversarial_hpc_submit.pbs") has been submitted
[2026-09-04 17:15:46] [SUBMIT] XceptionNet/Cifar100/PGD/ALL
[2026-09-04 17:15:46] [CMD] qsub -q all.q -l ngpus=1 -v MODEL="XceptionNet",DATASET="Cifar100",ATTACK="PGD",KIND="ALL",PHASE="generate",OUTPUT_DIR="adversarial_results_ep100_pre300" adversarial_hpc_submit.pbs </dev/null
[2026-09-04 17:15:46] [OK] XceptionNet/Cifar10/BIM/ALL
[2026-09-04 17:15:46] [OK] qsub output: Your job 6462892 ("adversarial_hpc_submit.pbs") has been submitted
[2026-09-04 17:15:46] [SUBMIT] XceptionNet/Cifar10/APGD/ALL
[2026-09-04 17:15:46] [CMD] qsub -q all.q -l ngpus=1 -v MODEL="XceptionNet",DATASET="Cifar10",ATTACK="APGD",KIND="ALL",PHASE="generate",OUTPUT_DIR="adversarial_results_ep200_pre200" adversarial_hpc_submit.pbs </dev/null
[2026-09-04 17:15:51] [OK] XceptionNet/Cifar10/FGSM/ALL
[2026-09-04 17:15:52] [OK] qsub output: Your job 6462893 ("adversarial_hpc_submit.pbs") has been submitted
[2026-09-04 17:15:52] [SUBMIT] XceptionNet/Cifar10/IFGSM/ALL
[2026-09-04 17:15:53] [OK] XceptionNet/Cifar10/APGD/ALL
[2026-09-04 17:15:55] [OK] XceptionNet/Cifar100/PGD/ALL
[2026-09-04 17:15:57] [CMD] qsub -q all.q -l ngpus=1 -v MODEL="XceptionNet",DATASET="Cifar10",ATTACK="IFGSM",KIND="ALL",PHASE="generate",OUTPUT_DIR="adversarial_results_ep300_pre100" adversarial_hpc_submit.pbs </dev/null
[2026-09-04 17:15:57] [OK] qsub output: Your job 6462895 ("adversarial_hpc_submit.pbs") has been submitted
[2026-09-04 17:15:57] [OK] qsub output: Your job 6462894 ("adversarial_hpc_submit.pbs") has been submitted
[2026-09-04 17:15:57] [SUBMIT] XceptionNet/Cifar10/CW/ALL
[2026-09-04 17:15:57] [SUBMIT] XceptionNet/Cifar100/FGSM/ALL
[2026-09-04 17:15:57] [CMD] qsub -q all.q -l ngpus=1 -v MODEL="XceptionNet",DATASET="Cifar10",ATTACK="CW",KIND="ALL",PHASE="generate",OUTPUT_DIR="adversarial_results_ep200_pre200" adversarial_hpc_submit.pbs </dev/null
[2026-09-04 17:15:57] [CMD] qsub -q all.q -l ngpus=1 -v MODEL="XceptionNet",DATASET="Cifar100",ATTACK="FGSM",KIND="ALL",PHASE="generate",OUTPUT_DIR="adversarial_results_ep100_pre300" adversarial_hpc_submit.pbs </dev/null
[2026-09-04 17:16:02] [OK] XceptionNet/Cifar10/IFGSM/ALL
[2026-09-04 17:16:02] [OK] XceptionNet/Cifar10/CW/ALL
[2026-09-04 17:16:06] [OK] qsub output: Your job 6462896 ("adversarial_hpc_submit.pbs") has been submitted
[2026-09-04 17:16:06] [OK] qsub output: Your job 6462897 ("adversarial_hpc_submit.pbs") has been submitted
[2026-09-04 17:16:06] [SUBMIT] XceptionNet/Cifar10/BIM/ALL
[2026-09-04 17:16:06] [SUBMIT] XceptionNet/Cifar10/DeepFool/ALL
[2026-09-04 17:16:06] [CMD] qsub -q all.q -l ngpus=1 -v MODEL="XceptionNet",DATASET="Cifar10",ATTACK="BIM",KIND="ALL",PHASE="generate",OUTPUT_DIR="adversarial_results_ep300_pre100" adversarial_hpc_submit.pbs </dev/null
[2026-09-04 17:16:06] [CMD] qsub -q all.q -l ngpus=1 -v MODEL="XceptionNet",DATASET="Cifar10",ATTACK="DeepFool",KIND="ALL",PHASE="generate",OUTPUT_DIR="adversarial_results_ep200_pre200" adversarial_hpc_submit.pbs </dev/null
[2026-09-04 17:16:08] [OK] XceptionNet/Cifar10/BIM/ALL
[2026-09-04 17:16:09] [OK] qsub output: Your job 6462899 ("adversarial_hpc_submit.pbs") has been submitted
[2026-09-04 17:16:09] [SUBMIT] XceptionNet/Cifar10/APGD/ALL
[2026-09-04 17:16:09] [CMD] qsub -q all.q -l ngpus=1 -v MODEL="XceptionNet",DATASET="Cifar10",ATTACK="APGD",KIND="ALL",PHASE="generate",OUTPUT_DIR="adversarial_results_ep300_pre100" adversarial_hpc_submit.pbs </dev/null
[2026-09-04 17:16:10] [OK] XceptionNet/Cifar100/FGSM/ALL
[2026-09-04 17:16:10] [OK] qsub output: Your job 6462898 ("adversarial_hpc_submit.pbs") has been submitted
[2026-09-04 17:16:10] [SUBMIT] XceptionNet/Cifar100/IFGSM/ALL
[2026-09-04 17:16:10] [CMD] qsub -q all.q -l ngpus=1 -v MODEL="XceptionNet",DATASET="Cifar100",ATTACK="IFGSM",KIND="ALL",PHASE="generate",OUTPUT_DIR="adversarial_results_ep100_pre300" adversarial_hpc_submit.pbs </dev/null
[2026-09-04 17:16:15] [OK] XceptionNet/Cifar10/DeepFool/ALL
[2026-09-04 17:16:15] [OK] qsub output: Your job 6462900 ("adversarial_hpc_submit.pbs") has been submitted
[2026-09-04 17:16:15] [SUBMIT] XceptionNet/Cifar100/PGD/ALL
[2026-09-04 17:16:15] [CMD] qsub -q all.q -l ngpus=1 -v MODEL="XceptionNet",DATASET="Cifar100",ATTACK="PGD",KIND="ALL",PHASE="generate",OUTPUT_DIR="adversarial_results_ep200_pre200" adversarial_hpc_submit.pbs </dev/null
[2026-09-04 17:16:18] [OK] XceptionNet/Cifar10/APGD/ALL
[2026-09-04 17:16:18] [OK] qsub output: Your job 6462901 ("adversarial_hpc_submit.pbs") has been submitted
[2026-09-04 17:16:18] [SUBMIT] XceptionNet/Cifar10/CW/ALL
[2026-09-04 17:16:18] [CMD] qsub -q all.q -l ngpus=1 -v MODEL="XceptionNet",DATASET="Cifar10",ATTACK="CW",KIND="ALL",PHASE="generate",OUTPUT_DIR="adversarial_results_ep300_pre100" adversarial_hpc_submit.pbs </dev/null
[2026-09-04 17:16:20] [OK] XceptionNet/Cifar100/PGD/ALL
[2026-09-04 17:16:21] [OK] qsub output: Your job 6462903 ("adversarial_hpc_submit.pbs") has been submitted
[2026-09-04 17:16:21] [SUBMIT] XceptionNet/Cifar100/FGSM/ALL
[2026-09-04 17:16:21] [CMD] qsub -q all.q -l ngpus=1 -v MODEL="XceptionNet",DATASET="Cifar100",ATTACK="FGSM",KIND="ALL",PHASE="generate",OUTPUT_DIR="adversarial_results_ep200_pre200" adversarial_hpc_submit.pbs </dev/null
[2026-09-04 17:16:24] [OK] XceptionNet/Cifar100/IFGSM/ALL
[2026-09-04 17:16:25] [OK] XceptionNet/Cifar10/CW/ALL
[2026-09-04 17:16:27] [OK] qsub output: Your job 6462902 ("adversarial_hpc_submit.pbs") has been submitted
[2026-09-04 17:16:28] [OK] qsub output: Your job 6462904 ("adversarial_hpc_submit.pbs") has been submitted
[2026-09-04 17:16:28] [SUBMIT] XceptionNet/Cifar100/BIM/ALL
[2026-09-04 17:16:28] [CMD] qsub -q all.q -l ngpus=1 -v MODEL="XceptionNet",DATASET="Cifar100",ATTACK="BIM",KIND="ALL",PHASE="generate",OUTPUT_DIR="adversarial_results_ep100_pre300" adversarial_hpc_submit.pbs </dev/null
[2026-09-04 17:16:28] [SUBMIT] XceptionNet/Cifar10/DeepFool/ALL
[2026-09-04 17:16:28] [CMD] qsub -q all.q -l ngpus=1 -v MODEL="XceptionNet",DATASET="Cifar10",ATTACK="DeepFool",KIND="ALL",PHASE="generate",OUTPUT_DIR="adversarial_results_ep300_pre100" adversarial_hpc_submit.pbs </dev/null
[2026-09-04 17:16:28] [OK] XceptionNet/Cifar100/FGSM/ALL
[2026-09-04 17:16:28] [OK] qsub output: Your job 6462905 ("adversarial_hpc_submit.pbs") has been submitted
[2026-09-04 17:16:29] [SUBMIT] XceptionNet/Cifar100/IFGSM/ALL
[2026-09-04 17:16:29] [CMD] qsub -q all.q -l ngpus=1 -v MODEL="XceptionNet",DATASET="Cifar100",ATTACK="IFGSM",KIND="ALL",PHASE="generate",OUTPUT_DIR="adversarial_results_ep200_pre200" adversarial_hpc_submit.pbs </dev/null
[2026-09-04 17:16:34] [OK] XceptionNet/Cifar100/BIM/ALL
[2026-09-04 17:16:34] [OK] qsub output: Your job 6462906 ("adversarial_hpc_submit.pbs") has been submitted
[2026-09-04 17:16:34] [SUBMIT] XceptionNet/Cifar100/APGD/ALL
[2026-09-04 17:16:34] [CMD] qsub -q all.q -l ngpus=1 -v MODEL="XceptionNet",DATASET="Cifar100",ATTACK="APGD",KIND="ALL",PHASE="generate",OUTPUT_DIR="adversarial_results_ep100_pre300" adversarial_hpc_submit.pbs </dev/null
[2026-09-04 17:16:36] [OK] XceptionNet/Cifar100/IFGSM/ALL
[2026-09-04 17:16:36] [OK] qsub output: Your job 6462908 ("adversarial_hpc_submit.pbs") has been submitted
[2026-09-04 17:16:36] [SUBMIT] XceptionNet/Cifar100/BIM/ALL
[2026-09-04 17:16:36] [CMD] qsub -q all.q -l ngpus=1 -v MODEL="XceptionNet",DATASET="Cifar100",ATTACK="BIM",KIND="ALL",PHASE="generate",OUTPUT_DIR="adversarial_results_ep200_pre200" adversarial_hpc_submit.pbs </dev/null
[2026-09-04 17:16:37] [OK] XceptionNet/Cifar10/DeepFool/ALL
[2026-09-04 17:16:37] [OK] qsub output: Your job 6462907 ("adversarial_hpc_submit.pbs") has been submitted
[2026-09-04 17:16:37] [SUBMIT] XceptionNet/Cifar100/PGD/ALL
[2026-09-04 17:16:37] [CMD] qsub -q all.q -l ngpus=1 -v MODEL="XceptionNet",DATASET="Cifar100",ATTACK="PGD",KIND="ALL",PHASE="generate",OUTPUT_DIR="adversarial_results_ep300_pre100" adversarial_hpc_submit.pbs </dev/null
[2026-09-04 17:16:41] [OK] XceptionNet/Cifar100/BIM/ALL
[2026-09-04 17:16:41] [OK] qsub output: Your job 6462910 ("adversarial_hpc_submit.pbs") has been submitted
[2026-09-04 17:16:41] [SUBMIT] XceptionNet/Cifar100/APGD/ALL
[2026-09-04 17:16:41] [CMD] qsub -q all.q -l ngpus=1 -v MODEL="XceptionNet",DATASET="Cifar100",ATTACK="APGD",KIND="ALL",PHASE="generate",OUTPUT_DIR="adversarial_results_ep200_pre200" adversarial_hpc_submit.pbs </dev/null
[2026-09-04 17:16:44] [OK] XceptionNet/Cifar100/APGD/ALL
[2026-09-04 17:16:45] [OK] qsub output: Your job 6462909 ("adversarial_hpc_submit.pbs") has been submitted
[2026-09-04 17:16:45] [SUBMIT] XceptionNet/Cifar100/CW/ALL
[2026-09-04 17:16:45] [CMD] qsub -q all.q -l ngpus=1 -v MODEL="XceptionNet",DATASET="Cifar100",ATTACK="CW",KIND="ALL",PHASE="generate",OUTPUT_DIR="adversarial_results_ep100_pre300" adversarial_hpc_submit.pbs </dev/null
[2026-09-04 17:16:47] [OK] XceptionNet/Cifar100/PGD/ALL
[2026-09-04 17:16:47] [OK] qsub output: Your job 6462911 ("adversarial_hpc_submit.pbs") has been submitted
[2026-09-04 17:16:47] [SUBMIT] XceptionNet/Cifar100/FGSM/ALL
[2026-09-04 17:16:47] [CMD] qsub -q all.q -l ngpus=1 -v MODEL="XceptionNet",DATASET="Cifar100",ATTACK="FGSM",KIND="ALL",PHASE="generate",OUTPUT_DIR="adversarial_results_ep300_pre100" adversarial_hpc_submit.pbs </dev/null
[2026-09-04 17:16:49] [OK] XceptionNet/Cifar100/CW/ALL
[2026-09-04 17:16:49] [OK] qsub output: Your job 6462913 ("adversarial_hpc_submit.pbs") has been submitted
[2026-09-04 17:16:49] [SUBMIT] XceptionNet/Cifar100/DeepFool/ALL
[2026-09-04 17:16:49] [CMD] qsub -q all.q -l ngpus=1 -v MODEL="XceptionNet",DATASET="Cifar100",ATTACK="DeepFool",KIND="ALL",PHASE="generate",OUTPUT_DIR="adversarial_results_ep100_pre300" adversarial_hpc_submit.pbs </dev/null
[2026-09-04 17:16:51] [OK] XceptionNet/Cifar100/APGD/ALL
[2026-09-04 17:16:52] [OK] XceptionNet/Cifar100/FGSM/ALL
[2026-09-04 17:16:55] [OK] qsub output: Your job 6462912 ("adversarial_hpc_submit.pbs") has been submitted
[2026-09-04 17:16:56] [OK] qsub output: Your job 6462914 ("adversarial_hpc_submit.pbs") has been submitted
[2026-09-04 17:16:57] [SUBMIT] XceptionNet/Cifar100/CW/ALL
[2026-09-04 17:16:57] [SUBMIT] XceptionNet/Cifar100/IFGSM/ALL
[2026-09-04 17:16:57] [CMD] qsub -q all.q -l ngpus=1 -v MODEL="XceptionNet",DATASET="Cifar100",ATTACK="CW",KIND="ALL",PHASE="generate",OUTPUT_DIR="adversarial_results_ep200_pre200" adversarial_hpc_submit.pbs </dev/null
[2026-09-04 17:16:57] [CMD] qsub -q all.q -l ngpus=1 -v MODEL="XceptionNet",DATASET="Cifar100",ATTACK="IFGSM",KIND="ALL",PHASE="generate",OUTPUT_DIR="adversarial_results_ep300_pre100" adversarial_hpc_submit.pbs </dev/null
[2026-09-04 17:16:58] [OK] XceptionNet/Cifar100/DeepFool/ALL
[2026-09-04 17:16:58] [OK] qsub output: Your job 6462915 ("adversarial_hpc_submit.pbs") has been submitted
[2026-09-04 17:16:58] [SUBMIT] ConvNeXt/Cifar10/PGD/ALL
[2026-09-04 17:16:58] [CMD] qsub -q all.q -l ngpus=1 -v MODEL="ConvNeXt",DATASET="Cifar10",ATTACK="PGD",KIND="ALL",PHASE="generate",OUTPUT_DIR="adversarial_results_ep100_pre300" adversarial_hpc_submit.pbs </dev/null
[2026-09-04 17:17:01] [OK] XceptionNet/Cifar100/IFGSM/ALL
[2026-09-04 17:17:04] [OK] XceptionNet/Cifar100/CW/ALL
[2026-09-04 17:17:09] [OK] ConvNeXt/Cifar10/PGD/ALL
[2026-09-04 17:17:14] [OK] qsub output: Your job 6462918 ("adversarial_hpc_submit.pbs") has been submitted
[2026-09-04 17:17:22] [OK] qsub output: Your job 6462917 ("adversarial_hpc_submit.pbs") has been submitted
[2026-09-04 17:17:22] [OK] qsub output: Your job 6462919 ("adversarial_hpc_submit.pbs") has been submitted
[2026-09-04 17:17:23] [SUBMIT] XceptionNet/Cifar100/BIM/ALL
[2026-09-04 17:17:23] [SUBMIT] ConvNeXt/Cifar10/FGSM/ALL
[2026-09-04 17:17:23] [SUBMIT] XceptionNet/Cifar100/DeepFool/ALL
[2026-09-04 17:17:23] [CMD] qsub -q all.q -l ngpus=1 -v MODEL="XceptionNet",DATASET="Cifar100",ATTACK="BIM",KIND="ALL",PHASE="generate",OUTPUT_DIR="adversarial_results_ep300_pre100" adversarial_hpc_submit.pbs </dev/null
[2026-09-04 17:17:23] [CMD] qsub -q all.q -l ngpus=1 -v MODEL="ConvNeXt",DATASET="Cifar10",ATTACK="FGSM",KIND="ALL",PHASE="generate",OUTPUT_DIR="adversarial_results_ep100_pre300" adversarial_hpc_submit.pbs </dev/null
[2026-09-04 17:17:23] [CMD] qsub -q all.q -l ngpus=1 -v MODEL="XceptionNet",DATASET="Cifar100",ATTACK="DeepFool",KIND="ALL",PHASE="generate",OUTPUT_DIR="adversarial_results_ep200_pre200" adversarial_hpc_submit.pbs </dev/null
[2026-09-04 17:17:26] [OK] XceptionNet/Cifar100/DeepFool/ALL
[2026-09-04 17:17:28] [OK] XceptionNet/Cifar100/BIM/ALL
[2026-09-04 17:17:33] [OK] ConvNeXt/Cifar10/FGSM/ALL
[2026-09-04 17:17:43] [OK] qsub output: Your job 6462921 ("adversarial_hpc_submit.pbs") has been submitted
[2026-09-04 17:17:47] [OK] qsub output: Your job 6462920 ("adversarial_hpc_submit.pbs") has been submitted
[2026-09-04 17:17:47] [OK] qsub output: Your job 6462922 ("adversarial_hpc_submit.pbs") has been submitted
[2026-09-04 17:17:47] [SUBMIT] ConvNeXt/Cifar10/PGD/ALL
[2026-09-04 17:17:47] [SUBMIT] XceptionNet/Cifar100/APGD/ALL
[2026-09-04 17:17:47] [SUBMIT] ConvNeXt/Cifar10/IFGSM/ALL
[2026-09-04 17:17:47] [CMD] qsub -q all.q -l ngpus=1 -v MODEL="ConvNeXt",DATASET="Cifar10",ATTACK="PGD",KIND="ALL",PHASE="generate",OUTPUT_DIR="adversarial_results_ep200_pre200" adversarial_hpc_submit.pbs </dev/null
[2026-09-04 17:17:47] [CMD] qsub -q all.q -l ngpus=1 -v MODEL="XceptionNet",DATASET="Cifar100",ATTACK="APGD",KIND="ALL",PHASE="generate",OUTPUT_DIR="adversarial_results_ep300_pre100" adversarial_hpc_submit.pbs </dev/null
[2026-09-04 17:17:47] [CMD] qsub -q all.q -l ngpus=1 -v MODEL="ConvNeXt",DATASET="Cifar10",ATTACK="IFGSM",KIND="ALL",PHASE="generate",OUTPUT_DIR="adversarial_results_ep100_pre300" adversarial_hpc_submit.pbs </dev/null
[2026-09-04 17:17:49] [OK] ConvNeXt/Cifar10/IFGSM/ALL
[2026-09-04 17:17:49] [OK] qsub output: Your job 6462926 ("adversarial_hpc_submit.pbs") has been submitted
[2026-09-04 17:17:49] [SUBMIT] ConvNeXt/Cifar10/BIM/ALL
[2026-09-04 17:17:49] [CMD] qsub -q all.q -l ngpus=1 -v MODEL="ConvNeXt",DATASET="Cifar10",ATTACK="BIM",KIND="ALL",PHASE="generate",OUTPUT_DIR="adversarial_results_ep100_pre300" adversarial_hpc_submit.pbs </dev/null
[2026-09-04 17:17:52] [OK] XceptionNet/Cifar100/APGD/ALL
[2026-09-04 17:17:54] [OK] qsub output: Your job 6462927 ("adversarial_hpc_submit.pbs") has been submitted
[2026-09-04 17:17:54] [SUBMIT] XceptionNet/Cifar100/CW/ALL
[2026-09-04 17:17:54] [CMD] qsub -q all.q -l ngpus=1 -v MODEL="XceptionNet",DATASET="Cifar100",ATTACK="CW",KIND="ALL",PHASE="generate",OUTPUT_DIR="adversarial_results_ep300_pre100" adversarial_hpc_submit.pbs </dev/null
[2026-09-04 17:17:57] [OK] ConvNeXt/Cifar10/PGD/ALL
[2026-09-04 17:17:57] [OK] qsub output: Your job 6462925 ("adversarial_hpc_submit.pbs") has been submitted
[2026-09-04 17:17:57] [SUBMIT] ConvNeXt/Cifar10/FGSM/ALL
[2026-09-04 17:17:57] [CMD] qsub -q all.q -l ngpus=1 -v MODEL="ConvNeXt",DATASET="Cifar10",ATTACK="FGSM",KIND="ALL",PHASE="generate",OUTPUT_DIR="adversarial_results_ep200_pre200" adversarial_hpc_submit.pbs </dev/null
[2026-09-04 17:18:01] [OK] ConvNeXt/Cifar10/BIM/ALL
[2026-09-04 17:18:01] [OK] qsub output: Your job 6462928 ("adversarial_hpc_submit.pbs") has been submitted
[2026-09-04 17:18:01] [SUBMIT] ConvNeXt/Cifar10/APGD/ALL
[2026-09-04 17:18:01] [CMD] qsub -q all.q -l ngpus=1 -v MODEL="ConvNeXt",DATASET="Cifar10",ATTACK="APGD",KIND="ALL",PHASE="generate",OUTPUT_DIR="adversarial_results_ep100_pre300" adversarial_hpc_submit.pbs </dev/null
[2026-09-04 17:18:03] [OK] XceptionNet/Cifar100/CW/ALL
[2026-09-04 17:18:03] [OK] qsub output: Your job 6462929 ("adversarial_hpc_submit.pbs") has been submitted
[2026-09-04 17:18:03] [SUBMIT] XceptionNet/Cifar100/DeepFool/ALL
[2026-09-04 17:18:03] [CMD] qsub -q all.q -l ngpus=1 -v MODEL="XceptionNet",DATASET="Cifar100",ATTACK="DeepFool",KIND="ALL",PHASE="generate",OUTPUT_DIR="adversarial_results_ep300_pre100" adversarial_hpc_submit.pbs </dev/null
[2026-09-04 17:18:09] [OK] ConvNeXt/Cifar10/FGSM/ALL
[2026-09-04 17:18:11] [OK] ConvNeXt/Cifar10/APGD/ALL
[2026-09-04 17:18:13] [OK] qsub output: Your job 6462930 ("adversarial_hpc_submit.pbs") has been submitted
[2026-09-04 17:18:13] [OK] qsub output: Your job 6462931 ("adversarial_hpc_submit.pbs") has been submitted
[2026-09-04 17:18:13] [SUBMIT] ConvNeXt/Cifar10/IFGSM/ALL
[2026-09-04 17:18:13] [SUBMIT] ConvNeXt/Cifar10/CW/ALL
[2026-09-04 17:18:13] [CMD] qsub -q all.q -l ngpus=1 -v MODEL="ConvNeXt",DATASET="Cifar10",ATTACK="IFGSM",KIND="ALL",PHASE="generate",OUTPUT_DIR="adversarial_results_ep200_pre200" adversarial_hpc_submit.pbs </dev/null
[2026-09-04 17:18:13] [CMD] qsub -q all.q -l ngpus=1 -v MODEL="ConvNeXt",DATASET="Cifar10",ATTACK="CW",KIND="ALL",PHASE="generate",OUTPUT_DIR="adversarial_results_ep100_pre300" adversarial_hpc_submit.pbs </dev/null
[2026-09-04 17:18:19] [OK] XceptionNet/Cifar100/DeepFool/ALL
[2026-09-04 17:18:19] [OK] qsub output: Your job 6462932 ("adversarial_hpc_submit.pbs") has been submitted
[2026-09-04 17:18:19] [SUBMIT] ConvNeXt/Cifar10/PGD/ALL
[2026-09-04 17:18:19] [CMD] qsub -q all.q -l ngpus=1 -v MODEL="ConvNeXt",DATASET="Cifar10",ATTACK="PGD",KIND="ALL",PHASE="generate",OUTPUT_DIR="adversarial_results_ep300_pre100" adversarial_hpc_submit.pbs </dev/null
[2026-09-04 17:18:20] [OK] ConvNeXt/Cifar10/IFGSM/ALL
[2026-09-04 17:18:20] [OK] qsub output: Your job 6462934 ("adversarial_hpc_submit.pbs") has been submitted
[2026-09-04 17:18:20] [SUBMIT] ConvNeXt/Cifar10/BIM/ALL
[2026-09-04 17:18:20] [CMD] qsub -q all.q -l ngpus=1 -v MODEL="ConvNeXt",DATASET="Cifar10",ATTACK="BIM",KIND="ALL",PHASE="generate",OUTPUT_DIR="adversarial_results_ep200_pre200" adversarial_hpc_submit.pbs </dev/null
[2026-09-04 17:18:24] [OK] ConvNeXt/Cifar10/PGD/ALL
[2026-09-04 17:18:24] [OK] qsub output: Your job 6462936 ("adversarial_hpc_submit.pbs") has been submitted
[2026-09-04 17:18:24] [SUBMIT] ConvNeXt/Cifar10/FGSM/ALL
[2026-09-04 17:18:24] [CMD] qsub -q all.q -l ngpus=1 -v MODEL="ConvNeXt",DATASET="Cifar10",ATTACK="FGSM",KIND="ALL",PHASE="generate",OUTPUT_DIR="adversarial_results_ep300_pre100" adversarial_hpc_submit.pbs </dev/null
[2026-09-04 17:18:26] [OK] ConvNeXt/Cifar10/CW/ALL
[2026-09-04 17:18:26] [OK] qsub output: Your job 6462935 ("adversarial_hpc_submit.pbs") has been submitted
[2026-09-04 17:18:26] [SUBMIT] ConvNeXt/Cifar10/DeepFool/ALL
[2026-09-04 17:18:26] [CMD] qsub -q all.q -l ngpus=1 -v MODEL="ConvNeXt",DATASET="Cifar10",ATTACK="DeepFool",KIND="ALL",PHASE="generate",OUTPUT_DIR="adversarial_results_ep100_pre300" adversarial_hpc_submit.pbs </dev/null
[2026-09-04 17:18:28] [OK] ConvNeXt/Cifar10/BIM/ALL
[2026-09-04 17:18:28] [OK] qsub output: Your job 6462937 ("adversarial_hpc_submit.pbs") has been submitted
[2026-09-04 17:18:28] [SUBMIT] ConvNeXt/Cifar10/APGD/ALL
[2026-09-04 17:18:28] [CMD] qsub -q all.q -l ngpus=1 -v MODEL="ConvNeXt",DATASET="Cifar10",ATTACK="APGD",KIND="ALL",PHASE="generate",OUTPUT_DIR="adversarial_results_ep200_pre200" adversarial_hpc_submit.pbs </dev/null
[2026-09-04 17:18:31] [OK] ConvNeXt/Cifar10/DeepFool/ALL
[2026-09-04 17:18:31] [OK] qsub output: Your job 6462939 ("adversarial_hpc_submit.pbs") has been submitted
[2026-09-04 17:18:31] [SUBMIT] ConvNeXt/Cifar100/PGD/ALL
[2026-09-04 17:18:31] [CMD] qsub -q all.q -l ngpus=1 -v MODEL="ConvNeXt",DATASET="Cifar100",ATTACK="PGD",KIND="ALL",PHASE="generate",OUTPUT_DIR="adversarial_results_ep100_pre300" adversarial_hpc_submit.pbs </dev/null
[2026-09-04 17:18:34] [OK] ConvNeXt/Cifar10/FGSM/ALL
[2026-09-04 17:18:34] [OK] qsub output: Your job 6462938 ("adversarial_hpc_submit.pbs") has been submitted
[2026-09-04 17:18:35] [SUBMIT] ConvNeXt/Cifar10/IFGSM/ALL
[2026-09-04 17:18:35] [CMD] qsub -q all.q -l ngpus=1 -v MODEL="ConvNeXt",DATASET="Cifar10",ATTACK="IFGSM",KIND="ALL",PHASE="generate",OUTPUT_DIR="adversarial_results_ep300_pre100" adversarial_hpc_submit.pbs </dev/null
[2026-09-04 17:18:40] [OK] ConvNeXt/Cifar10/APGD/ALL
[2026-09-04 17:18:40] [OK] qsub output: Your job 6462940 ("adversarial_hpc_submit.pbs") has been submitted
[2026-09-04 17:18:40] [SUBMIT] ConvNeXt/Cifar10/CW/ALL
[2026-09-04 17:18:40] [CMD] qsub -q all.q -l ngpus=1 -v MODEL="ConvNeXt",DATASET="Cifar10",ATTACK="CW",KIND="ALL",PHASE="generate",OUTPUT_DIR="adversarial_results_ep200_pre200" adversarial_hpc_submit.pbs </dev/null
[2026-09-04 17:18:45] [OK] ConvNeXt/Cifar100/PGD/ALL
[2026-09-04 17:18:45] [OK] qsub output: Your job 6462941 ("adversarial_hpc_submit.pbs") has been submitted
[2026-09-04 17:18:45] [SUBMIT] ConvNeXt/Cifar100/FGSM/ALL
[2026-09-04 17:18:45] [CMD] qsub -q all.q -l ngpus=1 -v MODEL="ConvNeXt",DATASET="Cifar100",ATTACK="FGSM",KIND="ALL",PHASE="generate",OUTPUT_DIR="adversarial_results_ep100_pre300" adversarial_hpc_submit.pbs </dev/null
[2026-09-04 17:18:48] [OK] ConvNeXt/Cifar10/IFGSM/ALL
[2026-09-04 17:18:48] [OK] qsub output: Your job 6462942 ("adversarial_hpc_submit.pbs") has been submitted
[2026-09-04 17:18:48] [SUBMIT] ConvNeXt/Cifar10/BIM/ALL
[2026-09-04 17:18:48] [CMD] qsub -q all.q -l ngpus=1 -v MODEL="ConvNeXt",DATASET="Cifar10",ATTACK="BIM",KIND="ALL",PHASE="generate",OUTPUT_DIR="adversarial_results_ep300_pre100" adversarial_hpc_submit.pbs </dev/null
[2026-09-04 17:18:54] [OK] ConvNeXt/Cifar10/CW/ALL
[2026-09-04 17:18:54] [OK] ConvNeXt/Cifar100/FGSM/ALL
[2026-09-04 17:18:57] [OK] qsub output: Your job 6462943 ("adversarial_hpc_submit.pbs") has been submitted
[2026-09-04 17:18:57] [OK] qsub output: Your job 6462944 ("adversarial_hpc_submit.pbs") has been submitted
[2026-09-04 17:18:58] [SUBMIT] ConvNeXt/Cifar10/DeepFool/ALL
[2026-09-04 17:18:58] [SUBMIT] ConvNeXt/Cifar100/IFGSM/ALL
[2026-09-04 17:18:58] [CMD] qsub -q all.q -l ngpus=1 -v MODEL="ConvNeXt",DATASET="Cifar10",ATTACK="DeepFool",KIND="ALL",PHASE="generate",OUTPUT_DIR="adversarial_results_ep200_pre200" adversarial_hpc_submit.pbs </dev/null
[2026-09-04 17:18:58] [CMD] qsub -q all.q -l ngpus=1 -v MODEL="ConvNeXt",DATASET="Cifar100",ATTACK="IFGSM",KIND="ALL",PHASE="generate",OUTPUT_DIR="adversarial_results_ep100_pre300" adversarial_hpc_submit.pbs </dev/null
[2026-09-04 17:19:00] [OK] ConvNeXt/Cifar10/BIM/ALL
[2026-09-04 17:19:00] [OK] qsub output: Your job 6462945 ("adversarial_hpc_submit.pbs") has been submitted
[2026-09-04 17:19:00] [SUBMIT] ConvNeXt/Cifar10/APGD/ALL
[2026-09-04 17:19:01] [CMD] qsub -q all.q -l ngpus=1 -v MODEL="ConvNeXt",DATASET="Cifar10",ATTACK="APGD",KIND="ALL",PHASE="generate",OUTPUT_DIR="adversarial_results_ep300_pre100" adversarial_hpc_submit.pbs </dev/null
[2026-09-04 17:19:02] [OK] ConvNeXt/Cifar10/DeepFool/ALL
[2026-09-04 17:19:02] [OK] qsub output: Your job 6462947 ("adversarial_hpc_submit.pbs") has been submitted
[2026-09-04 17:19:02] [SUBMIT] ConvNeXt/Cifar100/PGD/ALL
[2026-09-04 17:19:02] [CMD] qsub -q all.q -l ngpus=1 -v MODEL="ConvNeXt",DATASET="Cifar100",ATTACK="PGD",KIND="ALL",PHASE="generate",OUTPUT_DIR="adversarial_results_ep200_pre200" adversarial_hpc_submit.pbs </dev/null
[2026-09-04 17:19:03] [OK] ConvNeXt/Cifar10/APGD/ALL
[2026-09-04 17:19:09] [OK] ConvNeXt/Cifar100/IFGSM/ALL
[2026-09-04 17:19:10] [OK] qsub output: Your job 6462949 ("adversarial_hpc_submit.pbs") has been submitted
[2026-09-04 17:19:12] [OK] ConvNeXt/Cifar100/PGD/ALL
[2026-09-04 17:19:14] [OK] qsub output: Your job 6462948 ("adversarial_hpc_submit.pbs") has been submitted
[2026-09-04 17:19:14] [OK] qsub output: Your job 6462950 ("adversarial_hpc_submit.pbs") has been submitted
[2026-09-04 17:19:14] [SUBMIT] ConvNeXt/Cifar10/CW/ALL
[2026-09-04 17:19:14] [SUBMIT] ConvNeXt/Cifar100/BIM/ALL
[2026-09-04 17:19:14] [CMD] qsub -q all.q -l ngpus=1 -v MODEL="ConvNeXt",DATASET="Cifar10",ATTACK="CW",KIND="ALL",PHASE="generate",OUTPUT_DIR="adversarial_results_ep300_pre100" adversarial_hpc_submit.pbs </dev/null
[2026-09-04 17:19:14] [SUBMIT] ConvNeXt/Cifar100/FGSM/ALL
[2026-09-04 17:19:14] [CMD] qsub -q all.q -l ngpus=1 -v MODEL="ConvNeXt",DATASET="Cifar100",ATTACK="BIM",KIND="ALL",PHASE="generate",OUTPUT_DIR="adversarial_results_ep100_pre300" adversarial_hpc_submit.pbs </dev/null
[2026-09-04 17:19:14] [CMD] qsub -q all.q -l ngpus=1 -v MODEL="ConvNeXt",DATASET="Cifar100",ATTACK="FGSM",KIND="ALL",PHASE="generate",OUTPUT_DIR="adversarial_results_ep200_pre200" adversarial_hpc_submit.pbs </dev/null
[2026-09-04 17:19:19] [OK] ConvNeXt/Cifar10/CW/ALL
[2026-09-04 17:19:22] [OK] ConvNeXt/Cifar100/FGSM/ALL
[2026-09-04 17:19:25] [OK] qsub output: Your job 6462952 ("adversarial_hpc_submit.pbs") has been submitted
[2026-09-04 17:19:27] [OK] ConvNeXt/Cifar100/BIM/ALL
[2026-09-04 17:19:39] [OK] qsub output: Your job 6462951 ("adversarial_hpc_submit.pbs") has been submitted
[2026-09-04 17:19:41] [OK] qsub output: Your job 6462953 ("adversarial_hpc_submit.pbs") has been submitted
[2026-09-04 17:19:41] [SUBMIT] ConvNeXt/Cifar10/DeepFool/ALL
[2026-09-04 17:19:41] [CMD] qsub -q all.q -l ngpus=1 -v MODEL="ConvNeXt",DATASET="Cifar10",ATTACK="DeepFool",KIND="ALL",PHASE="generate",OUTPUT_DIR="adversarial_results_ep300_pre100" adversarial_hpc_submit.pbs </dev/null
[2026-09-04 17:19:41] [SUBMIT] ConvNeXt/Cifar100/IFGSM/ALL
[2026-09-04 17:19:41] [CMD] qsub -q all.q -l ngpus=1 -v MODEL="ConvNeXt",DATASET="Cifar100",ATTACK="IFGSM",KIND="ALL",PHASE="generate",OUTPUT_DIR="adversarial_results_ep200_pre200" adversarial_hpc_submit.pbs </dev/null
[2026-09-04 17:19:41] [SUBMIT] ConvNeXt/Cifar100/APGD/ALL
[2026-09-04 17:19:41] [CMD] qsub -q all.q -l ngpus=1 -v MODEL="ConvNeXt",DATASET="Cifar100",ATTACK="APGD",KIND="ALL",PHASE="generate",OUTPUT_DIR="adversarial_results_ep100_pre300" adversarial_hpc_submit.pbs </dev/null
[2026-09-04 17:19:47] [OK] ConvNeXt/Cifar100/IFGSM/ALL
[2026-09-04 17:19:47] [OK] qsub output: Your job 6462956 ("adversarial_hpc_submit.pbs") has been submitted
[2026-09-04 17:19:47] [SUBMIT] ConvNeXt/Cifar100/BIM/ALL
[2026-09-04 17:19:47] [CMD] qsub -q all.q -l ngpus=1 -v MODEL="ConvNeXt",DATASET="Cifar100",ATTACK="BIM",KIND="ALL",PHASE="generate",OUTPUT_DIR="adversarial_results_ep200_pre200" adversarial_hpc_submit.pbs </dev/null
[2026-09-04 17:19:48] [OK] ConvNeXt/Cifar10/DeepFool/ALL
[2026-09-04 17:19:48] [OK] qsub output: Your job 6462955 ("adversarial_hpc_submit.pbs") has been submitted
[2026-09-04 17:19:48] [SUBMIT] ConvNeXt/Cifar100/PGD/ALL
[2026-09-04 17:19:48] [CMD] qsub -q all.q -l ngpus=1 -v MODEL="ConvNeXt",DATASET="Cifar100",ATTACK="PGD",KIND="ALL",PHASE="generate",OUTPUT_DIR="adversarial_results_ep300_pre100" adversarial_hpc_submit.pbs </dev/null
[2026-09-04 17:19:50] [OK] ConvNeXt/Cifar100/APGD/ALL
[2026-09-04 17:19:50] [OK] qsub output: Your job 6462957 ("adversarial_hpc_submit.pbs") has been submitted
[2026-09-04 17:19:50] [SUBMIT] ConvNeXt/Cifar100/CW/ALL
[2026-09-04 17:19:50] [CMD] qsub -q all.q -l ngpus=1 -v MODEL="ConvNeXt",DATASET="Cifar100",ATTACK="CW",KIND="ALL",PHASE="generate",OUTPUT_DIR="adversarial_results_ep100_pre300" adversarial_hpc_submit.pbs </dev/null
[2026-09-04 17:19:52] [OK] ConvNeXt/Cifar100/BIM/ALL
[2026-09-04 17:19:52] [OK] ConvNeXt/Cifar100/PGD/ALL
[2026-09-04 17:19:52] [OK] qsub output: Your job 6462958 ("adversarial_hpc_submit.pbs") has been submitted
[2026-09-04 17:19:52] [OK] qsub output: Your job 6462959 ("adversarial_hpc_submit.pbs") has been submitted
[2026-09-04 17:19:53] [SUBMIT] ConvNeXt/Cifar100/APGD/ALL
[2026-09-04 17:19:53] [CMD] qsub -q all.q -l ngpus=1 -v MODEL="ConvNeXt",DATASET="Cifar100",ATTACK="APGD",KIND="ALL",PHASE="generate",OUTPUT_DIR="adversarial_results_ep200_pre200" adversarial_hpc_submit.pbs </dev/null
[2026-09-04 17:19:53] [SUBMIT] ConvNeXt/Cifar100/FGSM/ALL
[2026-09-04 17:19:53] [CMD] qsub -q all.q -l ngpus=1 -v MODEL="ConvNeXt",DATASET="Cifar100",ATTACK="FGSM",KIND="ALL",PHASE="generate",OUTPUT_DIR="adversarial_results_ep300_pre100" adversarial_hpc_submit.pbs </dev/null
[2026-09-04 17:19:57] [OK] ConvNeXt/Cifar100/CW/ALL
[2026-09-04 17:19:58] [OK] qsub output: Your job 6462960 ("adversarial_hpc_submit.pbs") has been submitted
[2026-09-04 17:19:58] [SUBMIT] ConvNeXt/Cifar100/DeepFool/ALL
[2026-09-04 17:19:58] [CMD] qsub -q all.q -l ngpus=1 -v MODEL="ConvNeXt",DATASET="Cifar100",ATTACK="DeepFool",KIND="ALL",PHASE="generate",OUTPUT_DIR="adversarial_results_ep100_pre300" adversarial_hpc_submit.pbs </dev/null
[2026-09-04 17:19:59] [OK] ConvNeXt/Cifar100/APGD/ALL
[2026-09-04 17:20:05] [OK] qsub output: Your job 6462961 ("adversarial_hpc_submit.pbs") has been submitted
[2026-09-04 17:20:05] [SUBMIT] ConvNeXt/Cifar100/CW/ALL
[2026-09-04 17:20:05] [CMD] qsub -q all.q -l ngpus=1 -v MODEL="ConvNeXt",DATASET="Cifar100",ATTACK="CW",KIND="ALL",PHASE="generate",OUTPUT_DIR="adversarial_results_ep200_pre200" adversarial_hpc_submit.pbs </dev/null
[2026-09-04 17:20:06] [OK] ConvNeXt/Cifar100/FGSM/ALL
[2026-09-04 17:20:11] [OK] ConvNeXt/Cifar100/DeepFool/ALL
[2026-09-04 17:20:15] [OK] ConvNeXt/Cifar100/CW/ALL
[2026-09-04 17:20:16] [OK] qsub output: Your job 6462962 ("adversarial_hpc_submit.pbs") has been submitted
[2026-09-04 17:20:22] [OK] qsub output: Your job 6462963 ("adversarial_hpc_submit.pbs") has been submitted
[2026-09-04 17:20:22] [OK] qsub output: Your job 6462964 ("adversarial_hpc_submit.pbs") has been submitted
[2026-09-04 17:20:22] [SUBMIT] ConvNeXt/Cifar100/IFGSM/ALL
[2026-09-04 17:20:22] [SUCCESS] Submitted 84 jobs
[2026-09-04 17:20:22] [CMD] qsub -q all.q -l ngpus=1 -v MODEL="ConvNeXt",DATASET="Cifar100",ATTACK="IFGSM",KIND="ALL",PHASE="generate",OUTPUT_DIR="adversarial_results_ep300_pre100" adversarial_hpc_submit.pbs </dev/null
[2026-09-04 17:20:22] [SUBMIT] ConvNeXt/Cifar100/DeepFool/ALL
[2026-09-04 17:20:22] Monitor progress with: qstat
[2026-09-04 17:20:22] [CMD] qsub -q all.q -l ngpus=1 -v MODEL="ConvNeXt",DATASET="Cifar100",ATTACK="DeepFool",KIND="ALL",PHASE="generate",OUTPUT_DIR="adversarial_results_ep200_pre200" adversarial_hpc_submit.pbs </dev/null
[2026-09-04 17:20:22] ============================================================================
[2026-09-04 17:20:22] Job submission complete. Check logs/ for details.
[2026-09-04 17:20:22] Run log saved to: /Users/jgafur/LTH/manuscript/Tranfer/logs/adversarial_orchestrate_generate_20260904_170532.log
[2026-09-04 17:20:22] ============================================================================
[2026-09-04 17:20:28] [OK] ConvNeXt/Cifar100/IFGSM/ALL
[2026-09-04 17:20:28] [OK] qsub output: Your job 6462965 ("adversarial_hpc_submit.pbs") has been submitted
[2026-09-04 17:20:28] [SUBMIT] ConvNeXt/Cifar100/BIM/ALL
[2026-09-04 17:20:28] [CMD] qsub -q all.q -l ngpus=1 -v MODEL="ConvNeXt",DATASET="Cifar100",ATTACK="BIM",KIND="ALL",PHASE="generate",OUTPUT_DIR="adversarial_results_ep300_pre100" adversarial_hpc_submit.pbs </dev/null
[2026-09-04 17:20:30] [OK] ConvNeXt/Cifar100/BIM/ALL
[2026-09-04 17:20:30] [OK] qsub output: Your job 6462967 ("adversarial_hpc_submit.pbs") has been submitted
[2026-09-04 17:20:30] [SUBMIT] ConvNeXt/Cifar100/APGD/ALL
[2026-09-04 17:20:30] [CMD] qsub -q all.q -l ngpus=1 -v MODEL="ConvNeXt",DATASET="Cifar100",ATTACK="APGD",KIND="ALL",PHASE="generate",OUTPUT_DIR="adversarial_results_ep300_pre100" adversarial_hpc_submit.pbs </dev/null
[2026-09-04 17:20:30] [OK] ConvNeXt/Cifar100/DeepFool/ALL
[2026-09-04 17:20:30] [OK] qsub output: Your job 6462966 ("adversarial_hpc_submit.pbs") has been submitted
[2026-09-04 17:20:31] [SUCCESS] Submitted 84 jobs
[2026-09-04 17:20:31] Monitor progress with: qstat
[2026-09-04 17:20:31] ============================================================================
[2026-09-04 17:20:31] Job submission complete. Check logs/ for details.
[2026-09-04 17:20:31] Run log saved to: /Users/jgafur/LTH/manuscript/Tranfer/logs/adversarial_orchestrate_generate_20260904_170532.log
[2026-09-04 17:20:31] ============================================================================
[2026-09-04 17:20:36] [OK] ConvNeXt/Cifar100/APGD/ALL
[2026-09-04 17:20:36] [OK] qsub output: Your job 6462968 ("adversarial_hpc_submit.pbs") has been submitted
[2026-09-04 17:20:36] [SUBMIT] ConvNeXt/Cifar100/CW/ALL
[2026-09-04 17:20:36] [CMD] qsub -q all.q -l ngpus=1 -v MODEL="ConvNeXt",DATASET="Cifar100",ATTACK="CW",KIND="ALL",PHASE="generate",OUTPUT_DIR="adversarial_results_ep300_pre100" adversarial_hpc_submit.pbs </dev/null
[2026-09-04 17:20:45] [OK] ConvNeXt/Cifar100/CW/ALL
[2026-09-04 17:20:45] [OK] qsub output: Your job 6462969 ("adversarial_hpc_submit.pbs") has been submitted
[2026-09-04 17:20:45] [SUBMIT] ConvNeXt/Cifar100/DeepFool/ALL
[2026-09-04 17:20:45] [CMD] qsub -q all.q -l ngpus=1 -v MODEL="ConvNeXt",DATASET="Cifar100",ATTACK="DeepFool",KIND="ALL",PHASE="generate",OUTPUT_DIR="adversarial_results_ep300_pre100" adversarial_hpc_submit.pbs </dev/null
[2026-09-04 17:20:48] [OK] ConvNeXt/Cifar100/DeepFool/ALL
[2026-09-04 17:20:48] [OK] qsub output: Your job 6462970 ("adversarial_hpc_submit.pbs") has been submitted
[2026-09-04 17:20:48] [SUCCESS] Submitted 84 jobs
[2026-09-04 17:20:48] Monitor progress with: qstat
[2026-09-04 17:20:48] ============================================================================
[2026-09-04 17:20:48] Job submission complete. Check logs/ for details.
[2026-09-04 17:20:48] Run log saved to: /Users/jgafur/LTH/manuscript/Tranfer/logs/adversarial_orchestrate_generate_20260904_170532.log
[2026-09-04 17:20:48] ============================================================================
