[2026-09-08 10:55:21] Starting orchestration script
[2026-09-08 10:55:21] Script path: /Users/jgafur/LTH/manuscript/Tranfer
[2026-09-08 10:55:21] Starting orchestration script
[2026-09-08 10:55:21] Starting orchestration script
[2026-09-08 10:55:21] Current working directory: /Users/jgafur/LTH/manuscript/Tranfer
[2026-09-08 10:55:21] Script path: /Users/jgafur/LTH/manuscript/Tranfer
[2026-09-08 10:55:21] Script path: /Users/jgafur/LTH/manuscript/Tranfer
[2026-09-08 10:55:21] Phase: generate
[2026-09-08 10:55:21] Current working directory: /Users/jgafur/LTH/manuscript/Tranfer
[2026-09-08 10:55:21] Output directory: adversarial_results_ep100_pre300
[2026-09-08 10:55:21] Current working directory: /Users/jgafur/LTH/manuscript/Tranfer
[2026-09-08 10:55:21] Phase: generate
[2026-09-08 10:55:21] Model filter: ALL
[2026-09-08 10:55:21] Phase: generate
[2026-09-08 10:55:21] Output directory: adversarial_results_ep300_pre100
[2026-09-08 10:55:21] Dataset filter: ALL
[2026-09-08 10:55:21] Output directory: adversarial_results_ep200_pre200
[2026-09-08 10:55:21] Model filter: ALL
[2026-09-08 10:55:21] Model filter: ALL
[2026-09-08 10:55:21] Attack filter: ALL
[2026-09-08 10:55:22] Dataset filter: ALL
[2026-09-08 10:55:22] Dataset filter: ALL
[2026-09-08 10:55:22] Kind filter: ALL
[2026-09-08 10:55:22] Attack filter: ALL
[2026-09-08 10:55:22] Run log: /Users/jgafur/LTH/manuscript/Tranfer/logs/adversarial_orchestrate_generate_20260908_105521.log
[2026-09-08 10:55:22] Attack filter: ALL
[2026-09-08 10:55:22] Kind filter: ALL
[2026-09-08 10:55:22] Kind filter: ALL
[2026-09-08 10:55:22] qsub command found: /opt/sge/bin/lx-amd64/qsub
[2026-09-08 10:55:22] Run log: /Users/jgafur/LTH/manuscript/Tranfer/logs/adversarial_orchestrate_generate_20260908_105521.log
[2026-09-08 10:55:22] Run log: /Users/jgafur/LTH/manuscript/Tranfer/logs/adversarial_orchestrate_generate_20260908_105521.log
[2026-09-08 10:55:22] Found submission file: /Users/jgafur/LTH/manuscript/Tranfer/adversarial_hpc_submit.pbs
[2026-09-08 10:55:22] qsub command found: /opt/sge/bin/lx-amd64/qsub
[2026-09-08 10:55:22] qsub command found: /opt/sge/bin/lx-amd64/qsub
[2026-09-08 10:55:22] ============================================================================
[2026-09-08 10:55:22] Found submission file: /Users/jgafur/LTH/manuscript/Tranfer/adversarial_hpc_submit.pbs
[2026-09-08 10:55:22] Adversarial Analysis HPC Orchestration
[2026-09-08 10:55:22] ============================================================================
[2026-09-08 10:55:22] Found submission file: /Users/jgafur/LTH/manuscript/Tranfer/adversarial_hpc_submit.pbs
[2026-09-08 10:55:22] ============================================================================
[2026-09-08 10:55:22] Adversarial Analysis HPC Orchestration
[2026-09-08 10:55:22] Phase:       generate
[2026-09-08 10:55:22] ============================================================================
[2026-09-08 10:55:22] ============================================================================
[2026-09-08 10:55:22] Output Dir:  adversarial_results_ep100_pre300
[2026-09-08 10:55:22] Adversarial Analysis HPC Orchestration
[2026-09-08 10:55:22] Phase:       generate
[2026-09-08 10:55:22] Models:      6 architectures
[2026-09-08 10:55:22] ============================================================================
[2026-09-08 10:55:22] Output Dir:  adversarial_results_ep300_pre100
[2026-09-08 10:55:22] Datasets:    3 datasets
[2026-09-08 10:55:22] Phase:       generate
[2026-09-08 10:55:22] Models:      6 architectures
[2026-09-08 10:55:22] Attacks:     7 attack types
[2026-09-08 10:55:22] Datasets:    3 datasets
[2026-09-08 10:55:22] Output Dir:  adversarial_results_ep200_pre200
[2026-09-08 10:55:22] Total Jobs:  ~126
[2026-09-08 10:55:22] Attacks:     7 attack types
[2026-09-08 10:55:22] Models:      6 architectures
[2026-09-08 10:55:22] ============================================================================
[2026-09-08 10:55:22] Total Jobs:  ~126
[2026-09-08 10:55:22] Datasets:    3 datasets
[2026-09-08 10:55:22] Run outputs will be written as txt files in manuscript/Tranfer/
[2026-09-08 10:55:22] ============================================================================
[2026-09-08 10:55:22] Attacks:     7 attack types
[2026-09-08 10:55:22]   - generate:      <MODEL>_<DATASET>_<ATTACK>_<KIND>_generate_run.txt
[2026-09-08 10:55:22] Total Jobs:  ~126
[2026-09-08 10:55:22] Run outputs will be written as txt files in manuscript/Tranfer/
[2026-09-08 10:55:22]   - analyze:       adversarial_analyze_run.txt
[2026-09-08 10:55:22] ============================================================================
[2026-09-08 10:55:22]   - generate:      <MODEL>_<DATASET>_<ATTACK>_<KIND>_generate_run.txt
[2026-09-08 10:55:22]   - plot:          adversarial_plot_run.txt
[2026-09-08 10:55:22]   - analyze:       adversarial_analyze_run.txt
[2026-09-08 10:55:22] Run outputs will be written as txt files in manuscript/Tranfer/
[2026-09-08 10:55:22]   - gradient_sim:  adversarial_gradient_sim_run.txt
[2026-09-08 10:55:22]   - plot:          adversarial_plot_run.txt
[2026-09-08 10:55:22]   - generate:      <MODEL>_<DATASET>_<ATTACK>_<KIND>_generate_run.txt
[2026-09-08 10:55:22]   - epsilon_sweep: adversarial_epsilon_sweep_run.txt
[2026-09-08 10:55:22]   - gradient_sim:  adversarial_gradient_sim_run.txt
[2026-09-08 10:55:22]   - analyze:       adversarial_analyze_run.txt
[2026-09-08 10:55:22]   - statistics:    adversarial_statistics_run.txt
[2026-09-08 10:55:22]   - epsilon_sweep: adversarial_epsilon_sweep_run.txt
[2026-09-08 10:55:22]   - cka:           adversarial_cka_run.txt
[2026-09-08 10:55:22]   - plot:          adversarial_plot_run.txt
[2026-09-08 10:55:22]   - statistics:    adversarial_statistics_run.txt
[2026-09-08 10:55:22]   - compare:       adversarial_compare_run.txt
[2026-09-08 10:55:22]   - cka:           adversarial_cka_run.txt
[2026-09-08 10:55:22]   - gradient_sim:  adversarial_gradient_sim_run.txt
[2026-09-08 10:55:22]   - compute_tradeoff: adversarial_compute_tradeoff_run.txt
[2026-09-08 10:55:22]   - compare:       adversarial_compare_run.txt
[2026-09-08 10:55:22]   - epsilon_sweep: adversarial_epsilon_sweep_run.txt
[2026-09-08 10:55:22]   - compute_tradeoff: adversarial_compute_tradeoff_run.txt
[2026-09-08 10:55:22]   - correlations:  adversarial_correlations_run.txt
[2026-09-08 10:55:22]   - statistics:    adversarial_statistics_run.txt
[2026-09-08 10:55:22]   - correlations:  adversarial_correlations_run.txt
[2026-09-08 10:55:22]   - cka:           adversarial_cka_run.txt
[2026-09-08 10:55:22] [PHASE: GENERATE] Submitting attack generation jobs...
[2026-09-08 10:55:22]   - compare:       adversarial_compare_run.txt
[2026-09-08 10:55:22] [SUBMIT] VGG16/Cifar10/PGD/ALL
[2026-09-08 10:55:22] [PHASE: GENERATE] Submitting attack generation jobs...
[2026-09-08 10:55:22]   - compute_tradeoff: adversarial_compute_tradeoff_run.txt
[2026-09-08 10:55:22] [CMD] qsub -q all.q -l ngpus=1 -v MODEL="VGG16",DATASET="Cifar10",ATTACK="PGD",KIND="ALL",PHASE="generate",OUTPUT_DIR="adversarial_results_ep100_pre300" adversarial_hpc_submit.pbs </dev/null
[2026-09-08 10:55:22] [SUBMIT] VGG16/Cifar10/PGD/ALL
[2026-09-08 10:55:22]   - correlations:  adversarial_correlations_run.txt
[2026-09-08 10:55:22] [CMD] qsub -q all.q -l ngpus=1 -v MODEL="VGG16",DATASET="Cifar10",ATTACK="PGD",KIND="ALL",PHASE="generate",OUTPUT_DIR="adversarial_results_ep300_pre100" adversarial_hpc_submit.pbs </dev/null
[2026-09-08 10:55:22] [PHASE: GENERATE] Submitting attack generation jobs...
[2026-09-08 10:55:22] [SUBMIT] VGG16/Cifar10/PGD/ALL
[2026-09-08 10:55:22] [CMD] qsub -q all.q -l ngpus=1 -v MODEL="VGG16",DATASET="Cifar10",ATTACK="PGD",KIND="ALL",PHASE="generate",OUTPUT_DIR="adversarial_results_ep200_pre200" adversarial_hpc_submit.pbs </dev/null
[2026-09-08 10:55:30] [OK] VGG16/Cifar10/PGD/ALL
[2026-09-08 10:55:30] [OK] qsub output: Your job 6480017 ("adversarial_hpc_submit.pbs") has been submitted
[2026-09-08 10:55:30] [SUBMIT] VGG16/Cifar10/FGSM/ALL
[2026-09-08 10:55:30] [CMD] qsub -q all.q -l ngpus=1 -v MODEL="VGG16",DATASET="Cifar10",ATTACK="FGSM",KIND="ALL",PHASE="generate",OUTPUT_DIR="adversarial_results_ep300_pre100" adversarial_hpc_submit.pbs </dev/null
[2026-09-08 10:55:31] [OK] VGG16/Cifar10/PGD/ALL
[2026-09-08 10:55:31] [OK] qsub output: Your job 6480016 ("adversarial_hpc_submit.pbs") has been submitted
[2026-09-08 10:55:31] [SUBMIT] VGG16/Cifar10/FGSM/ALL
[2026-09-08 10:55:31] [CMD] qsub -q all.q -l ngpus=1 -v MODEL="VGG16",DATASET="Cifar10",ATTACK="FGSM",KIND="ALL",PHASE="generate",OUTPUT_DIR="adversarial_results_ep100_pre300" adversarial_hpc_submit.pbs </dev/null
[2026-09-08 10:55:37] [OK] VGG16/Cifar10/PGD/ALL
[2026-09-08 10:55:37] [OK] qsub output: Your job 6480018 ("adversarial_hpc_submit.pbs") has been submitted
[2026-09-08 10:55:37] [SUBMIT] VGG16/Cifar10/FGSM/ALL
[2026-09-08 10:55:37] [CMD] qsub -q all.q -l ngpus=1 -v MODEL="VGG16",DATASET="Cifar10",ATTACK="FGSM",KIND="ALL",PHASE="generate",OUTPUT_DIR="adversarial_results_ep200_pre200" adversarial_hpc_submit.pbs </dev/null
[2026-09-08 10:55:41] [OK] VGG16/Cifar10/FGSM/ALL
[2026-09-08 10:55:41] [OK] qsub output: Your job 6480019 ("adversarial_hpc_submit.pbs") has been submitted
[2026-09-08 10:55:41] [SUBMIT] VGG16/Cifar10/IFGSM/ALL
[2026-09-08 10:55:41] [CMD] qsub -q all.q -l ngpus=1 -v MODEL="VGG16",DATASET="Cifar10",ATTACK="IFGSM",KIND="ALL",PHASE="generate",OUTPUT_DIR="adversarial_results_ep300_pre100" adversarial_hpc_submit.pbs </dev/null
[2026-09-08 10:55:45] [OK] VGG16/Cifar10/FGSM/ALL
[2026-09-08 10:55:45] [OK] qsub output: Your job 6480020 ("adversarial_hpc_submit.pbs") has been submitted
[2026-09-08 10:55:45] [SUBMIT] VGG16/Cifar10/IFGSM/ALL
[2026-09-08 10:55:45] [CMD] qsub -q all.q -l ngpus=1 -v MODEL="VGG16",DATASET="Cifar10",ATTACK="IFGSM",KIND="ALL",PHASE="generate",OUTPUT_DIR="adversarial_results_ep100_pre300" adversarial_hpc_submit.pbs </dev/null
[2026-09-08 10:55:48] [OK] VGG16/Cifar10/FGSM/ALL
[2026-09-08 10:55:48] [OK] qsub output: Your job 6480021 ("adversarial_hpc_submit.pbs") has been submitted
[2026-09-08 10:55:49] [SUBMIT] VGG16/Cifar10/IFGSM/ALL
[2026-09-08 10:55:49] [CMD] qsub -q all.q -l ngpus=1 -v MODEL="VGG16",DATASET="Cifar10",ATTACK="IFGSM",KIND="ALL",PHASE="generate",OUTPUT_DIR="adversarial_results_ep200_pre200" adversarial_hpc_submit.pbs </dev/null
[2026-09-08 10:55:51] [OK] VGG16/Cifar10/IFGSM/ALL
[2026-09-08 10:55:51] [OK] qsub output: Your job 6480022 ("adversarial_hpc_submit.pbs") has been submitted
[2026-09-08 10:55:51] [SUBMIT] VGG16/Cifar10/BIM/ALL
[2026-09-08 10:55:51] [CMD] qsub -q all.q -l ngpus=1 -v MODEL="VGG16",DATASET="Cifar10",ATTACK="BIM",KIND="ALL",PHASE="generate",OUTPUT_DIR="adversarial_results_ep300_pre100" adversarial_hpc_submit.pbs </dev/null
[2026-09-08 10:55:58] [OK] VGG16/Cifar10/IFGSM/ALL
[2026-09-08 10:55:58] [OK] qsub output: Your job 6480023 ("adversarial_hpc_submit.pbs") has been submitted
[2026-09-08 10:55:58] [SUBMIT] VGG16/Cifar10/BIM/ALL
[2026-09-08 10:55:58] [CMD] qsub -q all.q -l ngpus=1 -v MODEL="VGG16",DATASET="Cifar10",ATTACK="BIM",KIND="ALL",PHASE="generate",OUTPUT_DIR="adversarial_results_ep100_pre300" adversarial_hpc_submit.pbs </dev/null
[2026-09-08 10:55:59] [OK] VGG16/Cifar10/IFGSM/ALL
[2026-09-08 10:55:59] [OK] qsub output: Your job 6480024 ("adversarial_hpc_submit.pbs") has been submitted
[2026-09-08 10:56:00] [SUBMIT] VGG16/Cifar10/BIM/ALL
[2026-09-08 10:56:00] [CMD] qsub -q all.q -l ngpus=1 -v MODEL="VGG16",DATASET="Cifar10",ATTACK="BIM",KIND="ALL",PHASE="generate",OUTPUT_DIR="adversarial_results_ep200_pre200" adversarial_hpc_submit.pbs </dev/null
[2026-09-08 10:56:07] [OK] VGG16/Cifar10/BIM/ALL
[2026-09-08 10:56:07] [OK] qsub output: Your job 6480025 ("adversarial_hpc_submit.pbs") has been submitted
[2026-09-08 10:56:07] [SUBMIT] VGG16/Cifar10/APGD/ALL
[2026-09-08 10:56:07] [CMD] qsub -q all.q -l ngpus=1 -v MODEL="VGG16",DATASET="Cifar10",ATTACK="APGD",KIND="ALL",PHASE="generate",OUTPUT_DIR="adversarial_results_ep300_pre100" adversarial_hpc_submit.pbs </dev/null
[2026-09-08 10:56:10] [OK] VGG16/Cifar10/BIM/ALL
[2026-09-08 10:56:10] [OK] qsub output: Your job 6480028 ("adversarial_hpc_submit.pbs") has been submitted
[2026-09-08 10:56:10] [SUBMIT] VGG16/Cifar10/APGD/ALL
[2026-09-08 10:56:10] [CMD] qsub -q all.q -l ngpus=1 -v MODEL="VGG16",DATASET="Cifar10",ATTACK="APGD",KIND="ALL",PHASE="generate",OUTPUT_DIR="adversarial_results_ep200_pre200" adversarial_hpc_submit.pbs </dev/null
[2026-09-08 10:56:12] [OK] VGG16/Cifar10/BIM/ALL
[2026-09-08 10:56:12] [OK] qsub output: Your job 6480027 ("adversarial_hpc_submit.pbs") has been submitted
[2026-09-08 10:56:12] [SUBMIT] VGG16/Cifar10/APGD/ALL
[2026-09-08 10:56:12] [CMD] qsub -q all.q -l ngpus=1 -v MODEL="VGG16",DATASET="Cifar10",ATTACK="APGD",KIND="ALL",PHASE="generate",OUTPUT_DIR="adversarial_results_ep100_pre300" adversarial_hpc_submit.pbs </dev/null
[2026-09-08 10:56:14] [OK] VGG16/Cifar10/APGD/ALL
[2026-09-08 10:56:14] [OK] qsub output: Your job 6480029 ("adversarial_hpc_submit.pbs") has been submitted
[2026-09-08 10:56:14] [SUBMIT] VGG16/Cifar10/CW/ALL
[2026-09-08 10:56:14] [CMD] qsub -q all.q -l ngpus=1 -v MODEL="VGG16",DATASET="Cifar10",ATTACK="CW",KIND="ALL",PHASE="generate",OUTPUT_DIR="adversarial_results_ep300_pre100" adversarial_hpc_submit.pbs </dev/null
[2026-09-08 10:56:19] [OK] VGG16/Cifar10/APGD/ALL
[2026-09-08 10:56:19] [OK] qsub output: Your job 6480030 ("adversarial_hpc_submit.pbs") has been submitted
[2026-09-08 10:56:19] [SUBMIT] VGG16/Cifar10/CW/ALL
[2026-09-08 10:56:19] [CMD] qsub -q all.q -l ngpus=1 -v MODEL="VGG16",DATASET="Cifar10",ATTACK="CW",KIND="ALL",PHASE="generate",OUTPUT_DIR="adversarial_results_ep200_pre200" adversarial_hpc_submit.pbs </dev/null
[2026-09-08 10:56:23] [OK] VGG16/Cifar10/APGD/ALL
[2026-09-08 10:56:23] [OK] qsub output: Your job 6480031 ("adversarial_hpc_submit.pbs") has been submitted
[2026-09-08 10:56:23] [SUBMIT] VGG16/Cifar10/CW/ALL
[2026-09-08 10:56:23] [CMD] qsub -q all.q -l ngpus=1 -v MODEL="VGG16",DATASET="Cifar10",ATTACK="CW",KIND="ALL",PHASE="generate",OUTPUT_DIR="adversarial_results_ep100_pre300" adversarial_hpc_submit.pbs </dev/null
[2026-09-08 10:56:26] [OK] VGG16/Cifar10/CW/ALL
[2026-09-08 10:56:26] [OK] qsub output: Your job 6480032 ("adversarial_hpc_submit.pbs") has been submitted
[2026-09-08 10:56:26] [SUBMIT] VGG16/Cifar10/DeepFool/ALL
[2026-09-08 10:56:26] [CMD] qsub -q all.q -l ngpus=1 -v MODEL="VGG16",DATASET="Cifar10",ATTACK="DeepFool",KIND="ALL",PHASE="generate",OUTPUT_DIR="adversarial_results_ep300_pre100" adversarial_hpc_submit.pbs </dev/null
[2026-09-08 10:56:28] [OK] VGG16/Cifar10/CW/ALL
[2026-09-08 10:56:28] [OK] qsub output: Your job 6480033 ("adversarial_hpc_submit.pbs") has been submitted
[2026-09-08 10:56:28] [SUBMIT] VGG16/Cifar10/DeepFool/ALL
[2026-09-08 10:56:28] [CMD] qsub -q all.q -l ngpus=1 -v MODEL="VGG16",DATASET="Cifar10",ATTACK="DeepFool",KIND="ALL",PHASE="generate",OUTPUT_DIR="adversarial_results_ep200_pre200" adversarial_hpc_submit.pbs </dev/null
[2026-09-08 10:56:31] [OK] VGG16/Cifar10/CW/ALL
[2026-09-08 10:56:31] [OK] qsub output: Your job 6480035 ("adversarial_hpc_submit.pbs") has been submitted
[2026-09-08 10:56:31] [SUBMIT] VGG16/Cifar10/DeepFool/ALL
[2026-09-08 10:56:31] [CMD] qsub -q all.q -l ngpus=1 -v MODEL="VGG16",DATASET="Cifar10",ATTACK="DeepFool",KIND="ALL",PHASE="generate",OUTPUT_DIR="adversarial_results_ep100_pre300" adversarial_hpc_submit.pbs </dev/null
[2026-09-08 10:56:38] [OK] VGG16/Cifar10/DeepFool/ALL
[2026-09-08 10:56:38] [OK] qsub output: Your job 6480036 ("adversarial_hpc_submit.pbs") has been submitted
[2026-09-08 10:56:38] [SUBMIT] VGG16/Cifar100/PGD/ALL
[2026-09-08 10:56:38] [CMD] qsub -q all.q -l ngpus=1 -v MODEL="VGG16",DATASET="Cifar100",ATTACK="PGD",KIND="ALL",PHASE="generate",OUTPUT_DIR="adversarial_results_ep300_pre100" adversarial_hpc_submit.pbs </dev/null
[2026-09-08 10:56:42] [OK] VGG16/Cifar10/DeepFool/ALL
[2026-09-08 10:56:42] [OK] qsub output: Your job 6480037 ("adversarial_hpc_submit.pbs") has been submitted
[2026-09-08 10:56:42] [SUBMIT] VGG16/Cifar100/PGD/ALL
[2026-09-08 10:56:42] [CMD] qsub -q all.q -l ngpus=1 -v MODEL="VGG16",DATASET="Cifar100",ATTACK="PGD",KIND="ALL",PHASE="generate",OUTPUT_DIR="adversarial_results_ep200_pre200" adversarial_hpc_submit.pbs </dev/null
[2026-09-08 10:56:45] [OK] VGG16/Cifar10/DeepFool/ALL
[2026-09-08 10:56:45] [OK] qsub output: Your job 6480038 ("adversarial_hpc_submit.pbs") has been submitted
[2026-09-08 10:56:46] [SUBMIT] VGG16/Cifar100/PGD/ALL
[2026-09-08 10:56:46] [CMD] qsub -q all.q -l ngpus=1 -v MODEL="VGG16",DATASET="Cifar100",ATTACK="PGD",KIND="ALL",PHASE="generate",OUTPUT_DIR="adversarial_results_ep100_pre300" adversarial_hpc_submit.pbs </dev/null
[2026-09-08 10:56:51] [OK] VGG16/Cifar100/PGD/ALL
[2026-09-08 10:56:51] [OK] qsub output: Your job 6480039 ("adversarial_hpc_submit.pbs") has been submitted
[2026-09-08 10:56:51] [SUBMIT] VGG16/Cifar100/FGSM/ALL
[2026-09-08 10:56:51] [CMD] qsub -q all.q -l ngpus=1 -v MODEL="VGG16",DATASET="Cifar100",ATTACK="FGSM",KIND="ALL",PHASE="generate",OUTPUT_DIR="adversarial_results_ep300_pre100" adversarial_hpc_submit.pbs </dev/null
[2026-09-08 10:56:53] [OK] VGG16/Cifar100/PGD/ALL
[2026-09-08 10:56:53] [OK] qsub output: Your job 6480040 ("adversarial_hpc_submit.pbs") has been submitted
[2026-09-08 10:56:54] [SUBMIT] VGG16/Cifar100/FGSM/ALL
[2026-09-08 10:56:54] [CMD] qsub -q all.q -l ngpus=1 -v MODEL="VGG16",DATASET="Cifar100",ATTACK="FGSM",KIND="ALL",PHASE="generate",OUTPUT_DIR="adversarial_results_ep200_pre200" adversarial_hpc_submit.pbs </dev/null
[2026-09-08 10:56:54] [OK] VGG16/Cifar100/PGD/ALL
[2026-09-08 10:56:54] [OK] qsub output: Your job 6480041 ("adversarial_hpc_submit.pbs") has been submitted
[2026-09-08 10:56:54] [SUBMIT] VGG16/Cifar100/FGSM/ALL
[2026-09-08 10:56:54] [CMD] qsub -q all.q -l ngpus=1 -v MODEL="VGG16",DATASET="Cifar100",ATTACK="FGSM",KIND="ALL",PHASE="generate",OUTPUT_DIR="adversarial_results_ep100_pre300" adversarial_hpc_submit.pbs </dev/null
[2026-09-08 10:57:02] [OK] VGG16/Cifar100/FGSM/ALL
[2026-09-08 10:57:02] [OK] qsub output: Your job 6480043 ("adversarial_hpc_submit.pbs") has been submitted
[2026-09-08 10:57:02] [SUBMIT] VGG16/Cifar100/IFGSM/ALL
[2026-09-08 10:57:02] [CMD] qsub -q all.q -l ngpus=1 -v MODEL="VGG16",DATASET="Cifar100",ATTACK="IFGSM",KIND="ALL",PHASE="generate",OUTPUT_DIR="adversarial_results_ep200_pre200" adversarial_hpc_submit.pbs </dev/null
[2026-09-08 10:57:02] [OK] VGG16/Cifar100/FGSM/ALL
[2026-09-08 10:57:02] [OK] qsub output: Your job 6480042 ("adversarial_hpc_submit.pbs") has been submitted
[2026-09-08 10:57:02] [SUBMIT] VGG16/Cifar100/IFGSM/ALL
[2026-09-08 10:57:02] [CMD] qsub -q all.q -l ngpus=1 -v MODEL="VGG16",DATASET="Cifar100",ATTACK="IFGSM",KIND="ALL",PHASE="generate",OUTPUT_DIR="adversarial_results_ep300_pre100" adversarial_hpc_submit.pbs </dev/null
[2026-09-08 10:57:03] [OK] VGG16/Cifar100/FGSM/ALL
[2026-09-08 10:57:03] [OK] qsub output: Your job 6480044 ("adversarial_hpc_submit.pbs") has been submitted
[2026-09-08 10:57:04] [SUBMIT] VGG16/Cifar100/IFGSM/ALL
[2026-09-08 10:57:04] [CMD] qsub -q all.q -l ngpus=1 -v MODEL="VGG16",DATASET="Cifar100",ATTACK="IFGSM",KIND="ALL",PHASE="generate",OUTPUT_DIR="adversarial_results_ep100_pre300" adversarial_hpc_submit.pbs </dev/null
[2026-09-08 10:57:04] [OK] VGG16/Cifar100/IFGSM/ALL
[2026-09-08 10:57:04] [OK] qsub output: Your job 6480045 ("adversarial_hpc_submit.pbs") has been submitted
[2026-09-08 10:57:04] [SUBMIT] VGG16/Cifar100/BIM/ALL
[2026-09-08 10:57:04] [CMD] qsub -q all.q -l ngpus=1 -v MODEL="VGG16",DATASET="Cifar100",ATTACK="BIM",KIND="ALL",PHASE="generate",OUTPUT_DIR="adversarial_results_ep200_pre200" adversarial_hpc_submit.pbs </dev/null
[2026-09-08 10:57:07] [OK] VGG16/Cifar100/IFGSM/ALL
[2026-09-08 10:57:07] [OK] qsub output: Your job 6480046 ("adversarial_hpc_submit.pbs") has been submitted
[2026-09-08 10:57:07] [SUBMIT] VGG16/Cifar100/BIM/ALL
[2026-09-08 10:57:07] [CMD] qsub -q all.q -l ngpus=1 -v MODEL="VGG16",DATASET="Cifar100",ATTACK="BIM",KIND="ALL",PHASE="generate",OUTPUT_DIR="adversarial_results_ep300_pre100" adversarial_hpc_submit.pbs </dev/null
[2026-09-08 10:57:08] [OK] VGG16/Cifar100/IFGSM/ALL
[2026-09-08 10:57:08] [OK] qsub output: Your job 6480047 ("adversarial_hpc_submit.pbs") has been submitted
[2026-09-08 10:57:08] [SUBMIT] VGG16/Cifar100/BIM/ALL
[2026-09-08 10:57:08] [CMD] qsub -q all.q -l ngpus=1 -v MODEL="VGG16",DATASET="Cifar100",ATTACK="BIM",KIND="ALL",PHASE="generate",OUTPUT_DIR="adversarial_results_ep100_pre300" adversarial_hpc_submit.pbs </dev/null
[2026-09-08 10:57:14] [OK] VGG16/Cifar100/BIM/ALL
[2026-09-08 10:57:14] [OK] qsub output: Your job 6480049 ("adversarial_hpc_submit.pbs") has been submitted
[2026-09-08 10:57:14] [SUBMIT] VGG16/Cifar100/APGD/ALL
[2026-09-08 10:57:14] [CMD] qsub -q all.q -l ngpus=1 -v MODEL="VGG16",DATASET="Cifar100",ATTACK="APGD",KIND="ALL",PHASE="generate",OUTPUT_DIR="adversarial_results_ep300_pre100" adversarial_hpc_submit.pbs </dev/null
[2026-09-08 10:57:16] [OK] VGG16/Cifar100/BIM/ALL
[2026-09-08 10:57:16] [OK] qsub output: Your job 6480050 ("adversarial_hpc_submit.pbs") has been submitted
[2026-09-08 10:57:16] [SUBMIT] VGG16/Cifar100/APGD/ALL
[2026-09-08 10:57:16] [CMD] qsub -q all.q -l ngpus=1 -v MODEL="VGG16",DATASET="Cifar100",ATTACK="APGD",KIND="ALL",PHASE="generate",OUTPUT_DIR="adversarial_results_ep100_pre300" adversarial_hpc_submit.pbs </dev/null
[2026-09-08 10:57:17] [OK] VGG16/Cifar100/BIM/ALL
[2026-09-08 10:57:17] [OK] qsub output: Your job 6480048 ("adversarial_hpc_submit.pbs") has been submitted
[2026-09-08 10:57:17] [SUBMIT] VGG16/Cifar100/APGD/ALL
[2026-09-08 10:57:17] [CMD] qsub -q all.q -l ngpus=1 -v MODEL="VGG16",DATASET="Cifar100",ATTACK="APGD",KIND="ALL",PHASE="generate",OUTPUT_DIR="adversarial_results_ep200_pre200" adversarial_hpc_submit.pbs </dev/null
[2026-09-08 10:57:19] [OK] VGG16/Cifar100/APGD/ALL
[2026-09-08 10:57:19] [OK] qsub output: Your job 6480052 ("adversarial_hpc_submit.pbs") has been submitted
[2026-09-08 10:57:19] [SUBMIT] VGG16/Cifar100/CW/ALL
[2026-09-08 10:57:19] [CMD] qsub -q all.q -l ngpus=1 -v MODEL="VGG16",DATASET="Cifar100",ATTACK="CW",KIND="ALL",PHASE="generate",OUTPUT_DIR="adversarial_results_ep100_pre300" adversarial_hpc_submit.pbs </dev/null
[2026-09-08 10:57:20] [OK] VGG16/Cifar100/APGD/ALL
[2026-09-08 10:57:20] [OK] qsub output: Your job 6480051 ("adversarial_hpc_submit.pbs") has been submitted
[2026-09-08 10:57:20] [SUBMIT] VGG16/Cifar100/CW/ALL
[2026-09-08 10:57:20] [CMD] qsub -q all.q -l ngpus=1 -v MODEL="VGG16",DATASET="Cifar100",ATTACK="CW",KIND="ALL",PHASE="generate",OUTPUT_DIR="adversarial_results_ep300_pre100" adversarial_hpc_submit.pbs </dev/null
[2026-09-08 10:57:21] [OK] VGG16/Cifar100/APGD/ALL
[2026-09-08 10:57:21] [OK] qsub output: Your job 6480053 ("adversarial_hpc_submit.pbs") has been submitted
[2026-09-08 10:57:21] [SUBMIT] VGG16/Cifar100/CW/ALL
[2026-09-08 10:57:21] [CMD] qsub -q all.q -l ngpus=1 -v MODEL="VGG16",DATASET="Cifar100",ATTACK="CW",KIND="ALL",PHASE="generate",OUTPUT_DIR="adversarial_results_ep200_pre200" adversarial_hpc_submit.pbs </dev/null
[2026-09-08 10:57:23] [OK] VGG16/Cifar100/CW/ALL
[2026-09-08 10:57:23] [OK] qsub output: Your job 6480055 ("adversarial_hpc_submit.pbs") has been submitted
[2026-09-08 10:57:23] [SUBMIT] VGG16/Cifar100/DeepFool/ALL
[2026-09-08 10:57:23] [CMD] qsub -q all.q -l ngpus=1 -v MODEL="VGG16",DATASET="Cifar100",ATTACK="DeepFool",KIND="ALL",PHASE="generate",OUTPUT_DIR="adversarial_results_ep300_pre100" adversarial_hpc_submit.pbs </dev/null
[2026-09-08 10:57:27] [OK] VGG16/Cifar100/CW/ALL
[2026-09-08 10:57:27] [OK] qsub output: Your job 6480054 ("adversarial_hpc_submit.pbs") has been submitted
[2026-09-08 10:57:27] [SUBMIT] VGG16/Cifar100/DeepFool/ALL
[2026-09-08 10:57:27] [CMD] qsub -q all.q -l ngpus=1 -v MODEL="VGG16",DATASET="Cifar100",ATTACK="DeepFool",KIND="ALL",PHASE="generate",OUTPUT_DIR="adversarial_results_ep100_pre300" adversarial_hpc_submit.pbs </dev/null
[2026-09-08 10:57:27] [OK] VGG16/Cifar100/CW/ALL
[2026-09-08 10:57:27] [OK] qsub output: Your job 6480056 ("adversarial_hpc_submit.pbs") has been submitted
[2026-09-08 10:57:27] [SUBMIT] VGG16/Cifar100/DeepFool/ALL
[2026-09-08 10:57:27] [CMD] qsub -q all.q -l ngpus=1 -v MODEL="VGG16",DATASET="Cifar100",ATTACK="DeepFool",KIND="ALL",PHASE="generate",OUTPUT_DIR="adversarial_results_ep200_pre200" adversarial_hpc_submit.pbs </dev/null
[2026-09-08 10:57:32] [OK] VGG16/Cifar100/DeepFool/ALL
[2026-09-08 10:57:32] [OK] qsub output: Your job 6480058 ("adversarial_hpc_submit.pbs") has been submitted
[2026-09-08 10:57:33] [SUBMIT] VGG16/TinyImageNet/PGD/ALL
[2026-09-08 10:57:33] [CMD] qsub -q all.q -l ngpus=1 -v MODEL="VGG16",DATASET="TinyImageNet",ATTACK="PGD",KIND="ALL",PHASE="generate",OUTPUT_DIR="adversarial_results_ep100_pre300" adversarial_hpc_submit.pbs </dev/null
[2026-09-08 10:57:35] [OK] VGG16/Cifar100/DeepFool/ALL
[2026-09-08 10:57:35] [OK] qsub output: Your job 6480057 ("adversarial_hpc_submit.pbs") has been submitted
[2026-09-08 10:57:35] [SUBMIT] VGG16/TinyImageNet/PGD/ALL
[2026-09-08 10:57:35] [CMD] qsub -q all.q -l ngpus=1 -v MODEL="VGG16",DATASET="TinyImageNet",ATTACK="PGD",KIND="ALL",PHASE="generate",OUTPUT_DIR="adversarial_results_ep300_pre100" adversarial_hpc_submit.pbs </dev/null
[2026-09-08 10:57:36] [OK] VGG16/Cifar100/DeepFool/ALL
[2026-09-08 10:57:36] [OK] qsub output: Your job 6480059 ("adversarial_hpc_submit.pbs") has been submitted
[2026-09-08 10:57:36] [SUBMIT] VGG16/TinyImageNet/PGD/ALL
[2026-09-08 10:57:36] [CMD] qsub -q all.q -l ngpus=1 -v MODEL="VGG16",DATASET="TinyImageNet",ATTACK="PGD",KIND="ALL",PHASE="generate",OUTPUT_DIR="adversarial_results_ep200_pre200" adversarial_hpc_submit.pbs </dev/null
[2026-09-08 10:57:40] [OK] VGG16/TinyImageNet/PGD/ALL
[2026-09-08 10:57:40] [OK] qsub output: Your job 6480061 ("adversarial_hpc_submit.pbs") has been submitted
[2026-09-08 10:57:41] [SUBMIT] VGG16/TinyImageNet/FGSM/ALL
[2026-09-08 10:57:41] [CMD] qsub -q all.q -l ngpus=1 -v MODEL="VGG16",DATASET="TinyImageNet",ATTACK="FGSM",KIND="ALL",PHASE="generate",OUTPUT_DIR="adversarial_results_ep300_pre100" adversarial_hpc_submit.pbs </dev/null
[2026-09-08 10:57:42] [OK] VGG16/TinyImageNet/PGD/ALL
[2026-09-08 10:57:42] [OK] qsub output: Your job 6480062 ("adversarial_hpc_submit.pbs") has been submitted
[2026-09-08 10:57:42] [SUBMIT] VGG16/TinyImageNet/FGSM/ALL
[2026-09-08 10:57:42] [CMD] qsub -q all.q -l ngpus=1 -v MODEL="VGG16",DATASET="TinyImageNet",ATTACK="FGSM",KIND="ALL",PHASE="generate",OUTPUT_DIR="adversarial_results_ep200_pre200" adversarial_hpc_submit.pbs </dev/null
[2026-09-08 10:57:43] [OK] VGG16/TinyImageNet/PGD/ALL
[2026-09-08 10:57:43] [OK] qsub output: Your job 6480060 ("adversarial_hpc_submit.pbs") has been submitted
[2026-09-08 10:57:44] [SUBMIT] VGG16/TinyImageNet/FGSM/ALL
[2026-09-08 10:57:44] [CMD] qsub -q all.q -l ngpus=1 -v MODEL="VGG16",DATASET="TinyImageNet",ATTACK="FGSM",KIND="ALL",PHASE="generate",OUTPUT_DIR="adversarial_results_ep100_pre300" adversarial_hpc_submit.pbs </dev/null
[2026-09-08 10:57:47] [OK] VGG16/TinyImageNet/FGSM/ALL
[2026-09-08 10:57:47] [OK] qsub output: Your job 6480063 ("adversarial_hpc_submit.pbs") has been submitted
[2026-09-08 10:57:47] [SUBMIT] VGG16/TinyImageNet/IFGSM/ALL
[2026-09-08 10:57:47] [CMD] qsub -q all.q -l ngpus=1 -v MODEL="VGG16",DATASET="TinyImageNet",ATTACK="IFGSM",KIND="ALL",PHASE="generate",OUTPUT_DIR="adversarial_results_ep300_pre100" adversarial_hpc_submit.pbs </dev/null
[2026-09-08 10:57:49] [OK] VGG16/TinyImageNet/FGSM/ALL
[2026-09-08 10:57:49] [OK] qsub output: Your job 6480064 ("adversarial_hpc_submit.pbs") has been submitted
[2026-09-08 10:57:49] [SUBMIT] VGG16/TinyImageNet/IFGSM/ALL
[2026-09-08 10:57:49] [CMD] qsub -q all.q -l ngpus=1 -v MODEL="VGG16",DATASET="TinyImageNet",ATTACK="IFGSM",KIND="ALL",PHASE="generate",OUTPUT_DIR="adversarial_results_ep200_pre200" adversarial_hpc_submit.pbs </dev/null
[2026-09-08 10:57:54] [OK] VGG16/TinyImageNet/FGSM/ALL
[2026-09-08 10:57:54] [OK] qsub output: Your job 6480065 ("adversarial_hpc_submit.pbs") has been submitted
[2026-09-08 10:57:54] [SUBMIT] VGG16/TinyImageNet/IFGSM/ALL
[2026-09-08 10:57:54] [CMD] qsub -q all.q -l ngpus=1 -v MODEL="VGG16",DATASET="TinyImageNet",ATTACK="IFGSM",KIND="ALL",PHASE="generate",OUTPUT_DIR="adversarial_results_ep100_pre300" adversarial_hpc_submit.pbs </dev/null
[2026-09-08 10:57:58] [OK] VGG16/TinyImageNet/IFGSM/ALL
[2026-09-08 10:57:59] [OK] qsub output: Your job 6480066 ("adversarial_hpc_submit.pbs") has been submitted
[2026-09-08 10:57:59] [SUBMIT] VGG16/TinyImageNet/BIM/ALL
[2026-09-08 10:57:59] [CMD] qsub -q all.q -l ngpus=1 -v MODEL="VGG16",DATASET="TinyImageNet",ATTACK="BIM",KIND="ALL",PHASE="generate",OUTPUT_DIR="adversarial_results_ep300_pre100" adversarial_hpc_submit.pbs </dev/null
[2026-09-08 10:58:03] [OK] VGG16/TinyImageNet/IFGSM/ALL
[2026-09-08 10:58:03] [OK] qsub output: Your job 6480067 ("adversarial_hpc_submit.pbs") has been submitted
[2026-09-08 10:58:03] [SUBMIT] VGG16/TinyImageNet/BIM/ALL
[2026-09-08 10:58:03] [CMD] qsub -q all.q -l ngpus=1 -v MODEL="VGG16",DATASET="TinyImageNet",ATTACK="BIM",KIND="ALL",PHASE="generate",OUTPUT_DIR="adversarial_results_ep200_pre200" adversarial_hpc_submit.pbs </dev/null
[2026-09-08 10:58:03] [OK] VGG16/TinyImageNet/IFGSM/ALL
[2026-09-08 10:58:03] [OK] qsub output: Your job 6480068 ("adversarial_hpc_submit.pbs") has been submitted
[2026-09-08 10:58:03] [SUBMIT] VGG16/TinyImageNet/BIM/ALL
[2026-09-08 10:58:03] [CMD] qsub -q all.q -l ngpus=1 -v MODEL="VGG16",DATASET="TinyImageNet",ATTACK="BIM",KIND="ALL",PHASE="generate",OUTPUT_DIR="adversarial_results_ep100_pre300" adversarial_hpc_submit.pbs </dev/null
[2026-09-08 10:58:10] [OK] VGG16/TinyImageNet/BIM/ALL
[2026-09-08 10:58:10] [OK] qsub output: Your job 6480069 ("adversarial_hpc_submit.pbs") has been submitted
[2026-09-08 10:58:11] [SUBMIT] VGG16/TinyImageNet/APGD/ALL
[2026-09-08 10:58:11] [CMD] qsub -q all.q -l ngpus=1 -v MODEL="VGG16",DATASET="TinyImageNet",ATTACK="APGD",KIND="ALL",PHASE="generate",OUTPUT_DIR="adversarial_results_ep300_pre100" adversarial_hpc_submit.pbs </dev/null
[2026-09-08 10:58:13] [OK] VGG16/TinyImageNet/BIM/ALL
[2026-09-08 10:58:13] [OK] qsub output: Your job 6480070 ("adversarial_hpc_submit.pbs") has been submitted
[2026-09-08 10:58:13] [SUBMIT] VGG16/TinyImageNet/APGD/ALL
[2026-09-08 10:58:13] [CMD] qsub -q all.q -l ngpus=1 -v MODEL="VGG16",DATASET="TinyImageNet",ATTACK="APGD",KIND="ALL",PHASE="generate",OUTPUT_DIR="adversarial_results_ep200_pre200" adversarial_hpc_submit.pbs </dev/null
[2026-09-08 10:58:15] [OK] VGG16/TinyImageNet/BIM/ALL
[2026-09-08 10:58:15] [OK] qsub output: Your job 6480071 ("adversarial_hpc_submit.pbs") has been submitted
[2026-09-08 10:58:15] [SUBMIT] VGG16/TinyImageNet/APGD/ALL
[2026-09-08 10:58:15] [CMD] qsub -q all.q -l ngpus=1 -v MODEL="VGG16",DATASET="TinyImageNet",ATTACK="APGD",KIND="ALL",PHASE="generate",OUTPUT_DIR="adversarial_results_ep100_pre300" adversarial_hpc_submit.pbs </dev/null
[2026-09-08 10:58:22] [OK] VGG16/TinyImageNet/APGD/ALL
[2026-09-08 10:58:22] [OK] qsub output: Your job 6480073 ("adversarial_hpc_submit.pbs") has been submitted
[2026-09-08 10:58:22] [SUBMIT] VGG16/TinyImageNet/CW/ALL
[2026-09-08 10:58:22] [CMD] qsub -q all.q -l ngpus=1 -v MODEL="VGG16",DATASET="TinyImageNet",ATTACK="CW",KIND="ALL",PHASE="generate",OUTPUT_DIR="adversarial_results_ep300_pre100" adversarial_hpc_submit.pbs </dev/null
[2026-09-08 10:58:23] [OK] VGG16/TinyImageNet/APGD/ALL
[2026-09-08 10:58:23] [OK] qsub output: Your job 6480074 ("adversarial_hpc_submit.pbs") has been submitted
[2026-09-08 10:58:23] [SUBMIT] VGG16/TinyImageNet/CW/ALL
[2026-09-08 10:58:23] [CMD] qsub -q all.q -l ngpus=1 -v MODEL="VGG16",DATASET="TinyImageNet",ATTACK="CW",KIND="ALL",PHASE="generate",OUTPUT_DIR="adversarial_results_ep200_pre200" adversarial_hpc_submit.pbs </dev/null
[2026-09-08 10:58:29] [OK] VGG16/TinyImageNet/APGD/ALL
[2026-09-08 10:58:29] [OK] qsub output: Your job 6480075 ("adversarial_hpc_submit.pbs") has been submitted
[2026-09-08 10:58:30] [SUBMIT] VGG16/TinyImageNet/CW/ALL
[2026-09-08 10:58:30] [CMD] qsub -q all.q -l ngpus=1 -v MODEL="VGG16",DATASET="TinyImageNet",ATTACK="CW",KIND="ALL",PHASE="generate",OUTPUT_DIR="adversarial_results_ep100_pre300" adversarial_hpc_submit.pbs </dev/null
[2026-09-08 10:58:31] [OK] VGG16/TinyImageNet/CW/ALL
[2026-09-08 10:58:31] [OK] qsub output: Your job 6480077 ("adversarial_hpc_submit.pbs") has been submitted
[2026-09-08 10:58:31] [SUBMIT] VGG16/TinyImageNet/DeepFool/ALL
[2026-09-08 10:58:31] [CMD] qsub -q all.q -l ngpus=1 -v MODEL="VGG16",DATASET="TinyImageNet",ATTACK="DeepFool",KIND="ALL",PHASE="generate",OUTPUT_DIR="adversarial_results_ep300_pre100" adversarial_hpc_submit.pbs </dev/null
[2026-09-08 10:58:32] [OK] VGG16/TinyImageNet/CW/ALL
[2026-09-08 10:58:32] [OK] qsub output: Your job 6480078 ("adversarial_hpc_submit.pbs") has been submitted
[2026-09-08 10:58:32] [SUBMIT] VGG16/TinyImageNet/DeepFool/ALL
[2026-09-08 10:58:32] [CMD] qsub -q all.q -l ngpus=1 -v MODEL="VGG16",DATASET="TinyImageNet",ATTACK="DeepFool",KIND="ALL",PHASE="generate",OUTPUT_DIR="adversarial_results_ep200_pre200" adversarial_hpc_submit.pbs </dev/null
[2026-09-08 10:58:41] [OK] VGG16/TinyImageNet/CW/ALL
[2026-09-08 10:58:41] [OK] qsub output: Your job 6480080 ("adversarial_hpc_submit.pbs") has been submitted
[2026-09-08 10:58:41] [SUBMIT] VGG16/TinyImageNet/DeepFool/ALL
[2026-09-08 10:58:41] [CMD] qsub -q all.q -l ngpus=1 -v MODEL="VGG16",DATASET="TinyImageNet",ATTACK="DeepFool",KIND="ALL",PHASE="generate",OUTPUT_DIR="adversarial_results_ep100_pre300" adversarial_hpc_submit.pbs </dev/null
[2026-09-08 10:58:42] [OK] VGG16/TinyImageNet/DeepFool/ALL
[2026-09-08 10:58:42] [OK] qsub output: Your job 6480081 ("adversarial_hpc_submit.pbs") has been submitted
[2026-09-08 10:58:42] [SUBMIT] RegNetX_400MF/Cifar10/PGD/ALL
[2026-09-08 10:58:42] [CMD] qsub -q all.q -l ngpus=1 -v MODEL="RegNetX_400MF",DATASET="Cifar10",ATTACK="PGD",KIND="ALL",PHASE="generate",OUTPUT_DIR="adversarial_results_ep300_pre100" adversarial_hpc_submit.pbs </dev/null
[2026-09-08 10:58:45] [OK] VGG16/TinyImageNet/DeepFool/ALL
[2026-09-08 10:58:45] [OK] qsub output: Your job 6480084 ("adversarial_hpc_submit.pbs") has been submitted
[2026-09-08 10:58:45] [SUBMIT] RegNetX_400MF/Cifar10/PGD/ALL
[2026-09-08 10:58:45] [CMD] qsub -q all.q -l ngpus=1 -v MODEL="RegNetX_400MF",DATASET="Cifar10",ATTACK="PGD",KIND="ALL",PHASE="generate",OUTPUT_DIR="adversarial_results_ep100_pre300" adversarial_hpc_submit.pbs </dev/null
[2026-09-08 10:58:48] [OK] RegNetX_400MF/Cifar10/PGD/ALL
[2026-09-08 10:58:48] [OK] qsub output: Your job 6480085 ("adversarial_hpc_submit.pbs") has been submitted
[2026-09-08 10:58:48] [SUBMIT] RegNetX_400MF/Cifar10/FGSM/ALL
[2026-09-08 10:58:48] [CMD] qsub -q all.q -l ngpus=1 -v MODEL="RegNetX_400MF",DATASET="Cifar10",ATTACK="FGSM",KIND="ALL",PHASE="generate",OUTPUT_DIR="adversarial_results_ep300_pre100" adversarial_hpc_submit.pbs </dev/null
[2026-09-08 10:58:51] [OK] VGG16/TinyImageNet/DeepFool/ALL
[2026-09-08 10:58:51] [OK] qsub output: Your job 6480082 ("adversarial_hpc_submit.pbs") has been submitted
[2026-09-08 10:58:51] [SUBMIT] RegNetX_400MF/Cifar10/PGD/ALL
[2026-09-08 10:58:51] [CMD] qsub -q all.q -l ngpus=1 -v MODEL="RegNetX_400MF",DATASET="Cifar10",ATTACK="PGD",KIND="ALL",PHASE="generate",OUTPUT_DIR="adversarial_results_ep200_pre200" adversarial_hpc_submit.pbs </dev/null
[2026-09-08 10:58:54] [OK] RegNetX_400MF/Cifar10/FGSM/ALL
[2026-09-08 10:58:54] [OK] qsub output: Your job 6480088 ("adversarial_hpc_submit.pbs") has been submitted
[2026-09-08 10:58:54] [SUBMIT] RegNetX_400MF/Cifar10/IFGSM/ALL
[2026-09-08 10:58:54] [CMD] qsub -q all.q -l ngpus=1 -v MODEL="RegNetX_400MF",DATASET="Cifar10",ATTACK="IFGSM",KIND="ALL",PHASE="generate",OUTPUT_DIR="adversarial_results_ep300_pre100" adversarial_hpc_submit.pbs </dev/null
[2026-09-08 10:58:59] [OK] RegNetX_400MF/Cifar10/PGD/ALL
[2026-09-08 10:58:59] [OK] qsub output: Your job 6480087 ("adversarial_hpc_submit.pbs") has been submitted
[2026-09-08 10:59:00] [SUBMIT] RegNetX_400MF/Cifar10/FGSM/ALL
[2026-09-08 10:59:00] [CMD] qsub -q all.q -l ngpus=1 -v MODEL="RegNetX_400MF",DATASET="Cifar10",ATTACK="FGSM",KIND="ALL",PHASE="generate",OUTPUT_DIR="adversarial_results_ep100_pre300" adversarial_hpc_submit.pbs </dev/null
[2026-09-08 10:59:10] [OK] RegNetX_400MF/Cifar10/PGD/ALL
[2026-09-08 10:59:10] [OK] qsub output: Your job 6480091 ("adversarial_hpc_submit.pbs") has been submitted
[2026-09-08 10:59:10] [SUBMIT] RegNetX_400MF/Cifar10/FGSM/ALL
[2026-09-08 10:59:10] [CMD] qsub -q all.q -l ngpus=1 -v MODEL="RegNetX_400MF",DATASET="Cifar10",ATTACK="FGSM",KIND="ALL",PHASE="generate",OUTPUT_DIR="adversarial_results_ep200_pre200" adversarial_hpc_submit.pbs </dev/null
[2026-09-08 10:59:10] [OK] RegNetX_400MF/Cifar10/IFGSM/ALL
[2026-09-08 10:59:10] [OK] qsub output: Your job 6480092 ("adversarial_hpc_submit.pbs") has been submitted
[2026-09-08 10:59:10] [SUBMIT] RegNetX_400MF/Cifar10/BIM/ALL
[2026-09-08 10:59:10] [CMD] qsub -q all.q -l ngpus=1 -v MODEL="RegNetX_400MF",DATASET="Cifar10",ATTACK="BIM",KIND="ALL",PHASE="generate",OUTPUT_DIR="adversarial_results_ep300_pre100" adversarial_hpc_submit.pbs </dev/null
[2026-09-08 10:59:12] [OK] RegNetX_400MF/Cifar10/FGSM/ALL
[2026-09-08 10:59:12] [OK] qsub output: Your job 6480093 ("adversarial_hpc_submit.pbs") has been submitted
[2026-09-08 10:59:12] [SUBMIT] RegNetX_400MF/Cifar10/IFGSM/ALL
[2026-09-08 10:59:12] [CMD] qsub -q all.q -l ngpus=1 -v MODEL="RegNetX_400MF",DATASET="Cifar10",ATTACK="IFGSM",KIND="ALL",PHASE="generate",OUTPUT_DIR="adversarial_results_ep100_pre300" adversarial_hpc_submit.pbs </dev/null
[2026-09-08 10:59:19] [OK] RegNetX_400MF/Cifar10/FGSM/ALL
[2026-09-08 10:59:19] [OK] qsub output: Your job 6480094 ("adversarial_hpc_submit.pbs") has been submitted
[2026-09-08 10:59:19] [SUBMIT] RegNetX_400MF/Cifar10/IFGSM/ALL
[2026-09-08 10:59:19] [CMD] qsub -q all.q -l ngpus=1 -v MODEL="RegNetX_400MF",DATASET="Cifar10",ATTACK="IFGSM",KIND="ALL",PHASE="generate",OUTPUT_DIR="adversarial_results_ep200_pre200" adversarial_hpc_submit.pbs </dev/null
[2026-09-08 10:59:21] [OK] RegNetX_400MF/Cifar10/BIM/ALL
[2026-09-08 10:59:21] [OK] qsub output: Your job 6480095 ("adversarial_hpc_submit.pbs") has been submitted
[2026-09-08 10:59:21] [SUBMIT] RegNetX_400MF/Cifar10/APGD/ALL
[2026-09-08 10:59:21] [CMD] qsub -q all.q -l ngpus=1 -v MODEL="RegNetX_400MF",DATASET="Cifar10",ATTACK="APGD",KIND="ALL",PHASE="generate",OUTPUT_DIR="adversarial_results_ep300_pre100" adversarial_hpc_submit.pbs </dev/null
[2026-09-08 10:59:30] [OK] RegNetX_400MF/Cifar10/IFGSM/ALL
[2026-09-08 10:59:30] [OK] qsub output: Your job 6480098 ("adversarial_hpc_submit.pbs") has been submitted
[2026-09-08 10:59:30] [SUBMIT] RegNetX_400MF/Cifar10/BIM/ALL
[2026-09-08 10:59:30] [CMD] qsub -q all.q -l ngpus=1 -v MODEL="RegNetX_400MF",DATASET="Cifar10",ATTACK="BIM",KIND="ALL",PHASE="generate",OUTPUT_DIR="adversarial_results_ep100_pre300" adversarial_hpc_submit.pbs </dev/null
[2026-09-08 10:59:35] [OK] RegNetX_400MF/Cifar10/IFGSM/ALL
[2026-09-08 10:59:35] [OK] qsub output: Your job 6480099 ("adversarial_hpc_submit.pbs") has been submitted
[2026-09-08 10:59:35] [SUBMIT] RegNetX_400MF/Cifar10/BIM/ALL
[2026-09-08 10:59:35] [CMD] qsub -q all.q -l ngpus=1 -v MODEL="RegNetX_400MF",DATASET="Cifar10",ATTACK="BIM",KIND="ALL",PHASE="generate",OUTPUT_DIR="adversarial_results_ep200_pre200" adversarial_hpc_submit.pbs </dev/null
[2026-09-08 10:59:36] [OK] RegNetX_400MF/Cifar10/APGD/ALL
[2026-09-08 10:59:36] [OK] qsub output: Your job 6480100 ("adversarial_hpc_submit.pbs") has been submitted
[2026-09-08 10:59:36] [SUBMIT] RegNetX_400MF/Cifar10/CW/ALL
[2026-09-08 10:59:36] [CMD] qsub -q all.q -l ngpus=1 -v MODEL="RegNetX_400MF",DATASET="Cifar10",ATTACK="CW",KIND="ALL",PHASE="generate",OUTPUT_DIR="adversarial_results_ep300_pre100" adversarial_hpc_submit.pbs </dev/null
[2026-09-08 10:59:41] [OK] RegNetX_400MF/Cifar10/BIM/ALL
[2026-09-08 10:59:41] [OK] qsub output: Your job 6480102 ("adversarial_hpc_submit.pbs") has been submitted
[2026-09-08 10:59:41] [SUBMIT] RegNetX_400MF/Cifar10/APGD/ALL
[2026-09-08 10:59:41] [CMD] qsub -q all.q -l ngpus=1 -v MODEL="RegNetX_400MF",DATASET="Cifar10",ATTACK="APGD",KIND="ALL",PHASE="generate",OUTPUT_DIR="adversarial_results_ep100_pre300" adversarial_hpc_submit.pbs </dev/null
[2026-09-08 10:59:42] [OK] RegNetX_400MF/Cifar10/BIM/ALL
[2026-09-08 10:59:42] [OK] qsub output: Your job 6480103 ("adversarial_hpc_submit.pbs") has been submitted
[2026-09-08 10:59:42] [SUBMIT] RegNetX_400MF/Cifar10/APGD/ALL
[2026-09-08 10:59:42] [CMD] qsub -q all.q -l ngpus=1 -v MODEL="RegNetX_400MF",DATASET="Cifar10",ATTACK="APGD",KIND="ALL",PHASE="generate",OUTPUT_DIR="adversarial_results_ep200_pre200" adversarial_hpc_submit.pbs </dev/null
[2026-09-08 10:59:43] [OK] RegNetX_400MF/Cifar10/CW/ALL
[2026-09-08 10:59:43] [OK] qsub output: Your job 6480104 ("adversarial_hpc_submit.pbs") has been submitted
[2026-09-08 10:59:43] [SUBMIT] RegNetX_400MF/Cifar10/DeepFool/ALL
[2026-09-08 10:59:43] [CMD] qsub -q all.q -l ngpus=1 -v MODEL="RegNetX_400MF",DATASET="Cifar10",ATTACK="DeepFool",KIND="ALL",PHASE="generate",OUTPUT_DIR="adversarial_results_ep300_pre100" adversarial_hpc_submit.pbs </dev/null
[2026-09-08 10:59:44] [OK] RegNetX_400MF/Cifar10/APGD/ALL
[2026-09-08 10:59:44] [OK] qsub output: Your job 6480105 ("adversarial_hpc_submit.pbs") has been submitted
[2026-09-08 10:59:44] [SUBMIT] RegNetX_400MF/Cifar10/CW/ALL
[2026-09-08 10:59:44] [CMD] qsub -q all.q -l ngpus=1 -v MODEL="RegNetX_400MF",DATASET="Cifar10",ATTACK="CW",KIND="ALL",PHASE="generate",OUTPUT_DIR="adversarial_results_ep100_pre300" adversarial_hpc_submit.pbs </dev/null
[2026-09-08 10:59:46] [OK] RegNetX_400MF/Cifar10/DeepFool/ALL
[2026-09-08 10:59:46] [OK] qsub output: Your job 6480108 ("adversarial_hpc_submit.pbs") has been submitted
[2026-09-08 10:59:46] [SUBMIT] RegNetX_400MF/Cifar100/PGD/ALL
[2026-09-08 10:59:46] [CMD] qsub -q all.q -l ngpus=1 -v MODEL="RegNetX_400MF",DATASET="Cifar100",ATTACK="PGD",KIND="ALL",PHASE="generate",OUTPUT_DIR="adversarial_results_ep300_pre100" adversarial_hpc_submit.pbs </dev/null
[2026-09-08 10:59:47] [OK] RegNetX_400MF/Cifar10/APGD/ALL
[2026-09-08 10:59:47] [OK] qsub output: Your job 6480107 ("adversarial_hpc_submit.pbs") has been submitted
[2026-09-08 10:59:47] [SUBMIT] RegNetX_400MF/Cifar10/CW/ALL
[2026-09-08 10:59:47] [CMD] qsub -q all.q -l ngpus=1 -v MODEL="RegNetX_400MF",DATASET="Cifar10",ATTACK="CW",KIND="ALL",PHASE="generate",OUTPUT_DIR="adversarial_results_ep200_pre200" adversarial_hpc_submit.pbs </dev/null
[2026-09-08 10:59:56] [OK] RegNetX_400MF/Cifar10/CW/ALL
[2026-09-08 10:59:56] [OK] qsub output: Your job 6480110 ("adversarial_hpc_submit.pbs") has been submitted
[2026-09-08 10:59:56] [SUBMIT] RegNetX_400MF/Cifar10/DeepFool/ALL
[2026-09-08 10:59:56] [CMD] qsub -q all.q -l ngpus=1 -v MODEL="RegNetX_400MF",DATASET="Cifar10",ATTACK="DeepFool",KIND="ALL",PHASE="generate",OUTPUT_DIR="adversarial_results_ep100_pre300" adversarial_hpc_submit.pbs </dev/null
[2026-09-08 11:00:00] [OK] RegNetX_400MF/Cifar10/CW/ALL
[2026-09-08 11:00:00] [OK] qsub output: Your job 6480112 ("adversarial_hpc_submit.pbs") has been submitted
[2026-09-08 11:00:00] [SUBMIT] RegNetX_400MF/Cifar10/DeepFool/ALL
[2026-09-08 11:00:00] [CMD] qsub -q all.q -l ngpus=1 -v MODEL="RegNetX_400MF",DATASET="Cifar10",ATTACK="DeepFool",KIND="ALL",PHASE="generate",OUTPUT_DIR="adversarial_results_ep200_pre200" adversarial_hpc_submit.pbs </dev/null
[2026-09-08 11:00:02] [OK] RegNetX_400MF/Cifar10/DeepFool/ALL
[2026-09-08 11:00:02] [OK] qsub output: Your job 6480113 ("adversarial_hpc_submit.pbs") has been submitted
[2026-09-08 11:00:02] [SUBMIT] RegNetX_400MF/Cifar100/PGD/ALL
[2026-09-08 11:00:02] [CMD] qsub -q all.q -l ngpus=1 -v MODEL="RegNetX_400MF",DATASET="Cifar100",ATTACK="PGD",KIND="ALL",PHASE="generate",OUTPUT_DIR="adversarial_results_ep100_pre300" adversarial_hpc_submit.pbs </dev/null
[2026-09-08 11:00:05] [OK] RegNetX_400MF/Cifar100/PGD/ALL
[2026-09-08 11:00:05] [OK] qsub output: Your job 6480111 ("adversarial_hpc_submit.pbs") has been submitted
[2026-09-08 11:00:05] [SUBMIT] RegNetX_400MF/Cifar100/FGSM/ALL
[2026-09-08 11:00:05] [CMD] qsub -q all.q -l ngpus=1 -v MODEL="RegNetX_400MF",DATASET="Cifar100",ATTACK="FGSM",KIND="ALL",PHASE="generate",OUTPUT_DIR="adversarial_results_ep300_pre100" adversarial_hpc_submit.pbs </dev/null
[2026-09-08 11:00:11] [OK] RegNetX_400MF/Cifar10/DeepFool/ALL
[2026-09-08 11:00:11] [OK] qsub output: Your job 6480115 ("adversarial_hpc_submit.pbs") has been submitted
[2026-09-08 11:00:11] [SUBMIT] RegNetX_400MF/Cifar100/PGD/ALL
[2026-09-08 11:00:11] [CMD] qsub -q all.q -l ngpus=1 -v MODEL="RegNetX_400MF",DATASET="Cifar100",ATTACK="PGD",KIND="ALL",PHASE="generate",OUTPUT_DIR="adversarial_results_ep200_pre200" adversarial_hpc_submit.pbs </dev/null
[2026-09-08 11:00:15] [OK] RegNetX_400MF/Cifar100/FGSM/ALL
[2026-09-08 11:00:15] [OK] qsub output: Your job 6480117 ("adversarial_hpc_submit.pbs") has been submitted
[2026-09-08 11:00:15] [SUBMIT] RegNetX_400MF/Cifar100/IFGSM/ALL
[2026-09-08 11:00:15] [CMD] qsub -q all.q -l ngpus=1 -v MODEL="RegNetX_400MF",DATASET="Cifar100",ATTACK="IFGSM",KIND="ALL",PHASE="generate",OUTPUT_DIR="adversarial_results_ep300_pre100" adversarial_hpc_submit.pbs </dev/null
[2026-09-08 11:00:18] [OK] RegNetX_400MF/Cifar100/PGD/ALL
[2026-09-08 11:00:18] [OK] qsub output: Your job 6480116 ("adversarial_hpc_submit.pbs") has been submitted
[2026-09-08 11:00:18] [SUBMIT] RegNetX_400MF/Cifar100/FGSM/ALL
[2026-09-08 11:00:18] [CMD] qsub -q all.q -l ngpus=1 -v MODEL="RegNetX_400MF",DATASET="Cifar100",ATTACK="FGSM",KIND="ALL",PHASE="generate",OUTPUT_DIR="adversarial_results_ep100_pre300" adversarial_hpc_submit.pbs </dev/null
[2026-09-08 11:00:30] [OK] RegNetX_400MF/Cifar100/PGD/ALL
[2026-09-08 11:00:30] [OK] qsub output: Your job 6480120 ("adversarial_hpc_submit.pbs") has been submitted
[2026-09-08 11:00:30] [SUBMIT] RegNetX_400MF/Cifar100/FGSM/ALL
[2026-09-08 11:00:30] [CMD] qsub -q all.q -l ngpus=1 -v MODEL="RegNetX_400MF",DATASET="Cifar100",ATTACK="FGSM",KIND="ALL",PHASE="generate",OUTPUT_DIR="adversarial_results_ep200_pre200" adversarial_hpc_submit.pbs </dev/null
[2026-09-08 11:00:36] [OK] RegNetX_400MF/Cifar100/IFGSM/ALL
[2026-09-08 11:00:36] [OK] RegNetX_400MF/Cifar100/FGSM/ALL
[2026-09-08 11:00:37] [OK] qsub output: Your job 6480122 ("adversarial_hpc_submit.pbs") has been submitted
[2026-09-08 11:00:38] [OK] qsub output: Your job 6480123 ("adversarial_hpc_submit.pbs") has been submitted
[2026-09-08 11:00:38] [SUBMIT] RegNetX_400MF/Cifar100/BIM/ALL
[2026-09-08 11:00:38] [CMD] qsub -q all.q -l ngpus=1 -v MODEL="RegNetX_400MF",DATASET="Cifar100",ATTACK="BIM",KIND="ALL",PHASE="generate",OUTPUT_DIR="adversarial_results_ep300_pre100" adversarial_hpc_submit.pbs </dev/null
[2026-09-08 11:00:38] [SUBMIT] RegNetX_400MF/Cifar100/IFGSM/ALL
[2026-09-08 11:00:38] [CMD] qsub -q all.q -l ngpus=1 -v MODEL="RegNetX_400MF",DATASET="Cifar100",ATTACK="IFGSM",KIND="ALL",PHASE="generate",OUTPUT_DIR="adversarial_results_ep100_pre300" adversarial_hpc_submit.pbs </dev/null
[2026-09-08 11:00:39] [OK] RegNetX_400MF/Cifar100/FGSM/ALL
[2026-09-08 11:00:39] [OK] qsub output: Your job 6480124 ("adversarial_hpc_submit.pbs") has been submitted
[2026-09-08 11:00:39] [SUBMIT] RegNetX_400MF/Cifar100/IFGSM/ALL
[2026-09-08 11:00:39] [CMD] qsub -q all.q -l ngpus=1 -v MODEL="RegNetX_400MF",DATASET="Cifar100",ATTACK="IFGSM",KIND="ALL",PHASE="generate",OUTPUT_DIR="adversarial_results_ep200_pre200" adversarial_hpc_submit.pbs </dev/null
[2026-09-08 11:00:44] [OK] RegNetX_400MF/Cifar100/BIM/ALL
[2026-09-08 11:00:44] [OK] qsub output: Your job 6480126 ("adversarial_hpc_submit.pbs") has been submitted
[2026-09-08 11:00:44] [SUBMIT] RegNetX_400MF/Cifar100/APGD/ALL
[2026-09-08 11:00:44] [CMD] qsub -q all.q -l ngpus=1 -v MODEL="RegNetX_400MF",DATASET="Cifar100",ATTACK="APGD",KIND="ALL",PHASE="generate",OUTPUT_DIR="adversarial_results_ep300_pre100" adversarial_hpc_submit.pbs </dev/null
[2026-09-08 11:00:49] [OK] RegNetX_400MF/Cifar100/IFGSM/ALL
[2026-09-08 11:00:50] [OK] RegNetX_400MF/Cifar100/IFGSM/ALL
[2026-09-08 11:00:50] [OK] qsub output: Your job 6480128 ("adversarial_hpc_submit.pbs") has been submitted
[2026-09-08 11:00:50] [OK] qsub output: Your job 6480127 ("adversarial_hpc_submit.pbs") has been submitted
[2026-09-08 11:00:50] [SUBMIT] RegNetX_400MF/Cifar100/BIM/ALL
[2026-09-08 11:00:50] [CMD] qsub -q all.q -l ngpus=1 -v MODEL="RegNetX_400MF",DATASET="Cifar100",ATTACK="BIM",KIND="ALL",PHASE="generate",OUTPUT_DIR="adversarial_results_ep200_pre200" adversarial_hpc_submit.pbs </dev/null
[2026-09-08 11:00:50] [SUBMIT] RegNetX_400MF/Cifar100/BIM/ALL
[2026-09-08 11:00:50] [CMD] qsub -q all.q -l ngpus=1 -v MODEL="RegNetX_400MF",DATASET="Cifar100",ATTACK="BIM",KIND="ALL",PHASE="generate",OUTPUT_DIR="adversarial_results_ep100_pre300" adversarial_hpc_submit.pbs </dev/null
[2026-09-08 11:00:53] [OK] RegNetX_400MF/Cifar100/APGD/ALL
[2026-09-08 11:00:53] [OK] qsub output: Your job 6480130 ("adversarial_hpc_submit.pbs") has been submitted
[2026-09-08 11:00:53] [SUBMIT] RegNetX_400MF/Cifar100/CW/ALL
[2026-09-08 11:00:53] [CMD] qsub -q all.q -l ngpus=1 -v MODEL="RegNetX_400MF",DATASET="Cifar100",ATTACK="CW",KIND="ALL",PHASE="generate",OUTPUT_DIR="adversarial_results_ep300_pre100" adversarial_hpc_submit.pbs </dev/null
[2026-09-08 11:01:01] [OK] RegNetX_400MF/Cifar100/BIM/ALL
[2026-09-08 11:01:01] [OK] qsub output: Your job 6480131 ("adversarial_hpc_submit.pbs") has been submitted
[2026-09-08 11:01:01] [SUBMIT] RegNetX_400MF/Cifar100/APGD/ALL
[2026-09-08 11:01:01] [CMD] qsub -q all.q -l ngpus=1 -v MODEL="RegNetX_400MF",DATASET="Cifar100",ATTACK="APGD",KIND="ALL",PHASE="generate",OUTPUT_DIR="adversarial_results_ep200_pre200" adversarial_hpc_submit.pbs </dev/null
[2026-09-08 11:01:05] [OK] RegNetX_400MF/Cifar100/CW/ALL
[2026-09-08 11:01:05] [OK] qsub output: Your job 6480133 ("adversarial_hpc_submit.pbs") has been submitted
[2026-09-08 11:01:05] [SUBMIT] RegNetX_400MF/Cifar100/DeepFool/ALL
[2026-09-08 11:01:05] [CMD] qsub -q all.q -l ngpus=1 -v MODEL="RegNetX_400MF",DATASET="Cifar100",ATTACK="DeepFool",KIND="ALL",PHASE="generate",OUTPUT_DIR="adversarial_results_ep300_pre100" adversarial_hpc_submit.pbs </dev/null
[2026-09-08 11:01:07] [OK] RegNetX_400MF/Cifar100/BIM/ALL
[2026-09-08 11:01:07] [OK] qsub output: Your job 6480132 ("adversarial_hpc_submit.pbs") has been submitted
[2026-09-08 11:01:07] [SUBMIT] RegNetX_400MF/Cifar100/APGD/ALL
[2026-09-08 11:01:07] [CMD] qsub -q all.q -l ngpus=1 -v MODEL="RegNetX_400MF",DATASET="Cifar100",ATTACK="APGD",KIND="ALL",PHASE="generate",OUTPUT_DIR="adversarial_results_ep100_pre300" adversarial_hpc_submit.pbs </dev/null
[2026-09-08 11:01:15] [OK] RegNetX_400MF/Cifar100/APGD/ALL
[2026-09-08 11:01:15] [OK] qsub output: Your job 6480134 ("adversarial_hpc_submit.pbs") has been submitted
[2026-09-08 11:01:15] [SUBMIT] RegNetX_400MF/Cifar100/CW/ALL
[2026-09-08 11:01:15] [CMD] qsub -q all.q -l ngpus=1 -v MODEL="RegNetX_400MF",DATASET="Cifar100",ATTACK="CW",KIND="ALL",PHASE="generate",OUTPUT_DIR="adversarial_results_ep200_pre200" adversarial_hpc_submit.pbs </dev/null
[2026-09-08 11:01:16] [OK] RegNetX_400MF/Cifar100/DeepFool/ALL
[2026-09-08 11:01:16] [OK] qsub output: Your job 6480135 ("adversarial_hpc_submit.pbs") has been submitted
[2026-09-08 11:01:16] [SUBMIT] RegNetX_400MF/TinyImageNet/PGD/ALL
[2026-09-08 11:01:16] [CMD] qsub -q all.q -l ngpus=1 -v MODEL="RegNetX_400MF",DATASET="TinyImageNet",ATTACK="PGD",KIND="ALL",PHASE="generate",OUTPUT_DIR="adversarial_results_ep300_pre100" adversarial_hpc_submit.pbs </dev/null
[2026-09-08 11:01:20] [OK] RegNetX_400MF/Cifar100/APGD/ALL
[2026-09-08 11:01:20] [OK] qsub output: Your job 6480136 ("adversarial_hpc_submit.pbs") has been submitted
[2026-09-08 11:01:20] [SUBMIT] RegNetX_400MF/Cifar100/CW/ALL
[2026-09-08 11:01:20] [CMD] qsub -q all.q -l ngpus=1 -v MODEL="RegNetX_400MF",DATASET="Cifar100",ATTACK="CW",KIND="ALL",PHASE="generate",OUTPUT_DIR="adversarial_results_ep100_pre300" adversarial_hpc_submit.pbs </dev/null
[2026-09-08 11:01:21] [OK] RegNetX_400MF/Cifar100/CW/ALL
[2026-09-08 11:01:22] [OK] qsub output: Your job 6480138 ("adversarial_hpc_submit.pbs") has been submitted
[2026-09-08 11:01:22] [SUBMIT] RegNetX_400MF/Cifar100/DeepFool/ALL
[2026-09-08 11:01:22] [CMD] qsub -q all.q -l ngpus=1 -v MODEL="RegNetX_400MF",DATASET="Cifar100",ATTACK="DeepFool",KIND="ALL",PHASE="generate",OUTPUT_DIR="adversarial_results_ep200_pre200" adversarial_hpc_submit.pbs </dev/null
[2026-09-08 11:01:29] [OK] RegNetX_400MF/TinyImageNet/PGD/ALL
[2026-09-08 11:01:29] [OK] qsub output: Your job 6480139 ("adversarial_hpc_submit.pbs") has been submitted
[2026-09-08 11:01:30] [SUBMIT] RegNetX_400MF/TinyImageNet/FGSM/ALL
[2026-09-08 11:01:30] [CMD] qsub -q all.q -l ngpus=1 -v MODEL="RegNetX_400MF",DATASET="TinyImageNet",ATTACK="FGSM",KIND="ALL",PHASE="generate",OUTPUT_DIR="adversarial_results_ep300_pre100" adversarial_hpc_submit.pbs </dev/null
[2026-09-08 11:01:30] [OK] RegNetX_400MF/Cifar100/CW/ALL
[2026-09-08 11:01:30] [OK] qsub output: Your job 6480140 ("adversarial_hpc_submit.pbs") has been submitted
[2026-09-08 11:01:30] [SUBMIT] RegNetX_400MF/Cifar100/DeepFool/ALL
[2026-09-08 11:01:30] [CMD] qsub -q all.q -l ngpus=1 -v MODEL="RegNetX_400MF",DATASET="Cifar100",ATTACK="DeepFool",KIND="ALL",PHASE="generate",OUTPUT_DIR="adversarial_results_ep100_pre300" adversarial_hpc_submit.pbs </dev/null
[2026-09-08 11:01:37] [OK] RegNetX_400MF/Cifar100/DeepFool/ALL
[2026-09-08 11:01:37] [OK] qsub output: Your job 6480141 ("adversarial_hpc_submit.pbs") has been submitted
[2026-09-08 11:01:37] [SUBMIT] RegNetX_400MF/TinyImageNet/PGD/ALL
[2026-09-08 11:01:37] [CMD] qsub -q all.q -l ngpus=1 -v MODEL="RegNetX_400MF",DATASET="TinyImageNet",ATTACK="PGD",KIND="ALL",PHASE="generate",OUTPUT_DIR="adversarial_results_ep200_pre200" adversarial_hpc_submit.pbs </dev/null
[2026-09-08 11:01:38] [OK] RegNetX_400MF/TinyImageNet/FGSM/ALL
[2026-09-08 11:01:38] [OK] qsub output: Your job 6480143 ("adversarial_hpc_submit.pbs") has been submitted
[2026-09-08 11:01:38] [SUBMIT] RegNetX_400MF/TinyImageNet/IFGSM/ALL
[2026-09-08 11:01:38] [CMD] qsub -q all.q -l ngpus=1 -v MODEL="RegNetX_400MF",DATASET="TinyImageNet",ATTACK="IFGSM",KIND="ALL",PHASE="generate",OUTPUT_DIR="adversarial_results_ep300_pre100" adversarial_hpc_submit.pbs </dev/null
[2026-09-08 11:01:43] [OK] RegNetX_400MF/Cifar100/DeepFool/ALL
[2026-09-08 11:01:43] [OK] qsub output: Your job 6480144 ("adversarial_hpc_submit.pbs") has been submitted
[2026-09-08 11:01:43] [SUBMIT] RegNetX_400MF/TinyImageNet/PGD/ALL
[2026-09-08 11:01:43] [CMD] qsub -q all.q -l ngpus=1 -v MODEL="RegNetX_400MF",DATASET="TinyImageNet",ATTACK="PGD",KIND="ALL",PHASE="generate",OUTPUT_DIR="adversarial_results_ep100_pre300" adversarial_hpc_submit.pbs </dev/null
[2026-09-08 11:01:44] [OK] RegNetX_400MF/TinyImageNet/PGD/ALL
[2026-09-08 11:01:44] [OK] qsub output: Your job 6480146 ("adversarial_hpc_submit.pbs") has been submitted
[2026-09-08 11:01:45] [SUBMIT] RegNetX_400MF/TinyImageNet/FGSM/ALL
[2026-09-08 11:01:45] [CMD] qsub -q all.q -l ngpus=1 -v MODEL="RegNetX_400MF",DATASET="TinyImageNet",ATTACK="FGSM",KIND="ALL",PHASE="generate",OUTPUT_DIR="adversarial_results_ep200_pre200" adversarial_hpc_submit.pbs </dev/null
[2026-09-08 11:01:54] [OK] RegNetX_400MF/TinyImageNet/IFGSM/ALL
[2026-09-08 11:01:54] [OK] qsub output: Your job 6480147 ("adversarial_hpc_submit.pbs") has been submitted
[2026-09-08 11:01:54] [SUBMIT] RegNetX_400MF/TinyImageNet/BIM/ALL
[2026-09-08 11:01:54] [CMD] qsub -q all.q -l ngpus=1 -v MODEL="RegNetX_400MF",DATASET="TinyImageNet",ATTACK="BIM",KIND="ALL",PHASE="generate",OUTPUT_DIR="adversarial_results_ep300_pre100" adversarial_hpc_submit.pbs </dev/null
[2026-09-08 11:01:55] [OK] RegNetX_400MF/TinyImageNet/PGD/ALL
[2026-09-08 11:01:55] [OK] qsub output: Your job 6480148 ("adversarial_hpc_submit.pbs") has been submitted
[2026-09-08 11:01:56] [SUBMIT] RegNetX_400MF/TinyImageNet/FGSM/ALL
[2026-09-08 11:01:56] [CMD] qsub -q all.q -l ngpus=1 -v MODEL="RegNetX_400MF",DATASET="TinyImageNet",ATTACK="FGSM",KIND="ALL",PHASE="generate",OUTPUT_DIR="adversarial_results_ep100_pre300" adversarial_hpc_submit.pbs </dev/null
[2026-09-08 11:01:57] [OK] RegNetX_400MF/TinyImageNet/BIM/ALL
[2026-09-08 11:01:57] [OK] qsub output: Your job 6480150 ("adversarial_hpc_submit.pbs") has been submitted
[2026-09-08 11:01:57] [SUBMIT] RegNetX_400MF/TinyImageNet/APGD/ALL
[2026-09-08 11:01:57] [CMD] qsub -q all.q -l ngpus=1 -v MODEL="RegNetX_400MF",DATASET="TinyImageNet",ATTACK="APGD",KIND="ALL",PHASE="generate",OUTPUT_DIR="adversarial_results_ep300_pre100" adversarial_hpc_submit.pbs </dev/null
[2026-09-08 11:02:01] [OK] RegNetX_400MF/TinyImageNet/FGSM/ALL
[2026-09-08 11:02:01] [OK] qsub output: Your job 6480151 ("adversarial_hpc_submit.pbs") has been submitted
[2026-09-08 11:02:01] [SUBMIT] RegNetX_400MF/TinyImageNet/IFGSM/ALL
[2026-09-08 11:02:01] [CMD] qsub -q all.q -l ngpus=1 -v MODEL="RegNetX_400MF",DATASET="TinyImageNet",ATTACK="IFGSM",KIND="ALL",PHASE="generate",OUTPUT_DIR="adversarial_results_ep100_pre300" adversarial_hpc_submit.pbs </dev/null
[2026-09-08 11:02:02] [OK] RegNetX_400MF/TinyImageNet/FGSM/ALL
[2026-09-08 11:02:02] [OK] qsub output: Your job 6480149 ("adversarial_hpc_submit.pbs") has been submitted
[2026-09-08 11:02:02] [SUBMIT] RegNetX_400MF/TinyImageNet/IFGSM/ALL
[2026-09-08 11:02:02] [CMD] qsub -q all.q -l ngpus=1 -v MODEL="RegNetX_400MF",DATASET="TinyImageNet",ATTACK="IFGSM",KIND="ALL",PHASE="generate",OUTPUT_DIR="adversarial_results_ep200_pre200" adversarial_hpc_submit.pbs </dev/null
[2026-09-08 11:02:07] [OK] RegNetX_400MF/TinyImageNet/APGD/ALL
[2026-09-08 11:02:07] [OK] qsub output: Your job 6480152 ("adversarial_hpc_submit.pbs") has been submitted
[2026-09-08 11:02:07] [SUBMIT] RegNetX_400MF/TinyImageNet/CW/ALL
[2026-09-08 11:02:07] [CMD] qsub -q all.q -l ngpus=1 -v MODEL="RegNetX_400MF",DATASET="TinyImageNet",ATTACK="CW",KIND="ALL",PHASE="generate",OUTPUT_DIR="adversarial_results_ep300_pre100" adversarial_hpc_submit.pbs </dev/null
[2026-09-08 11:02:09] [OK] RegNetX_400MF/TinyImageNet/IFGSM/ALL
[2026-09-08 11:02:10] [OK] qsub output: Your job 6480153 ("adversarial_hpc_submit.pbs") has been submitted
[2026-09-08 11:02:10] [SUBMIT] RegNetX_400MF/TinyImageNet/BIM/ALL
[2026-09-08 11:02:10] [CMD] qsub -q all.q -l ngpus=1 -v MODEL="RegNetX_400MF",DATASET="TinyImageNet",ATTACK="BIM",KIND="ALL",PHASE="generate",OUTPUT_DIR="adversarial_results_ep100_pre300" adversarial_hpc_submit.pbs </dev/null
[2026-09-08 11:02:11] [OK] RegNetX_400MF/TinyImageNet/CW/ALL
[2026-09-08 11:02:11] [OK] qsub output: Your job 6480155 ("adversarial_hpc_submit.pbs") has been submitted
[2026-09-08 11:02:11] [SUBMIT] RegNetX_400MF/TinyImageNet/DeepFool/ALL
[2026-09-08 11:02:11] [CMD] qsub -q all.q -l ngpus=1 -v MODEL="RegNetX_400MF",DATASET="TinyImageNet",ATTACK="DeepFool",KIND="ALL",PHASE="generate",OUTPUT_DIR="adversarial_results_ep300_pre100" adversarial_hpc_submit.pbs </dev/null
[2026-09-08 11:02:16] [OK] RegNetX_400MF/TinyImageNet/IFGSM/ALL
[2026-09-08 11:02:16] [OK] qsub output: Your job 6480154 ("adversarial_hpc_submit.pbs") has been submitted
[2026-09-08 11:02:16] [SUBMIT] RegNetX_400MF/TinyImageNet/BIM/ALL
[2026-09-08 11:02:16] [CMD] qsub -q all.q -l ngpus=1 -v MODEL="RegNetX_400MF",DATASET="TinyImageNet",ATTACK="BIM",KIND="ALL",PHASE="generate",OUTPUT_DIR="adversarial_results_ep200_pre200" adversarial_hpc_submit.pbs </dev/null
[2026-09-08 11:02:18] [OK] RegNetX_400MF/TinyImageNet/BIM/ALL
[2026-09-08 11:02:18] [OK] qsub output: Your job 6480156 ("adversarial_hpc_submit.pbs") has been submitted
[2026-09-08 11:02:18] [SUBMIT] RegNetX_400MF/TinyImageNet/APGD/ALL
[2026-09-08 11:02:18] [CMD] qsub -q all.q -l ngpus=1 -v MODEL="RegNetX_400MF",DATASET="TinyImageNet",ATTACK="APGD",KIND="ALL",PHASE="generate",OUTPUT_DIR="adversarial_results_ep100_pre300" adversarial_hpc_submit.pbs </dev/null
[2026-09-08 11:02:22] [OK] RegNetX_400MF/TinyImageNet/BIM/ALL
[2026-09-08 11:02:22] [OK] qsub output: Your job 6480158 ("adversarial_hpc_submit.pbs") has been submitted
[2026-09-08 11:02:23] [SUBMIT] RegNetX_400MF/TinyImageNet/APGD/ALL
[2026-09-08 11:02:23] [CMD] qsub -q all.q -l ngpus=1 -v MODEL="RegNetX_400MF",DATASET="TinyImageNet",ATTACK="APGD",KIND="ALL",PHASE="generate",OUTPUT_DIR="adversarial_results_ep200_pre200" adversarial_hpc_submit.pbs </dev/null
[2026-09-08 11:02:25] [OK] RegNetX_400MF/TinyImageNet/DeepFool/ALL
[2026-09-08 11:02:25] [OK] qsub output: Your job 6480157 ("adversarial_hpc_submit.pbs") has been submitted
[2026-09-08 11:02:25] [SUBMIT] InceptionNet/Cifar10/PGD/ALL
[2026-09-08 11:02:25] [CMD] qsub -q all.q -l ngpus=1 -v MODEL="InceptionNet",DATASET="Cifar10",ATTACK="PGD",KIND="ALL",PHASE="generate",OUTPUT_DIR="adversarial_results_ep300_pre100" adversarial_hpc_submit.pbs </dev/null
[2026-09-08 11:02:29] [OK] RegNetX_400MF/TinyImageNet/APGD/ALL
[2026-09-08 11:02:29] [OK] qsub output: Your job 6480160 ("adversarial_hpc_submit.pbs") has been submitted
[2026-09-08 11:02:30] [SUBMIT] RegNetX_400MF/TinyImageNet/CW/ALL
[2026-09-08 11:02:30] [CMD] qsub -q all.q -l ngpus=1 -v MODEL="RegNetX_400MF",DATASET="TinyImageNet",ATTACK="CW",KIND="ALL",PHASE="generate",OUTPUT_DIR="adversarial_results_ep200_pre200" adversarial_hpc_submit.pbs </dev/null
[2026-09-08 11:02:30] [OK] RegNetX_400MF/TinyImageNet/APGD/ALL
[2026-09-08 11:02:30] [OK] qsub output: Your job 6480159 ("adversarial_hpc_submit.pbs") has been submitted
[2026-09-08 11:02:30] [SUBMIT] RegNetX_400MF/TinyImageNet/CW/ALL
[2026-09-08 11:02:30] [CMD] qsub -q all.q -l ngpus=1 -v MODEL="RegNetX_400MF",DATASET="TinyImageNet",ATTACK="CW",KIND="ALL",PHASE="generate",OUTPUT_DIR="adversarial_results_ep100_pre300" adversarial_hpc_submit.pbs </dev/null
[2026-09-08 11:02:32] [OK] InceptionNet/Cifar10/PGD/ALL
[2026-09-08 11:02:33] [OK] qsub output: Your job 6480161 ("adversarial_hpc_submit.pbs") has been submitted
[2026-09-08 11:02:33] [SUBMIT] InceptionNet/Cifar10/FGSM/ALL
[2026-09-08 11:02:33] [CMD] qsub -q all.q -l ngpus=1 -v MODEL="InceptionNet",DATASET="Cifar10",ATTACK="FGSM",KIND="ALL",PHASE="generate",OUTPUT_DIR="adversarial_results_ep300_pre100" adversarial_hpc_submit.pbs </dev/null
[2026-09-08 11:02:38] [OK] RegNetX_400MF/TinyImageNet/CW/ALL
[2026-09-08 11:02:38] [OK] qsub output: Your job 6480162 ("adversarial_hpc_submit.pbs") has been submitted
[2026-09-08 11:02:39] [SUBMIT] RegNetX_400MF/TinyImageNet/DeepFool/ALL
[2026-09-08 11:02:39] [CMD] qsub -q all.q -l ngpus=1 -v MODEL="RegNetX_400MF",DATASET="TinyImageNet",ATTACK="DeepFool",KIND="ALL",PHASE="generate",OUTPUT_DIR="adversarial_results_ep200_pre200" adversarial_hpc_submit.pbs </dev/null
[2026-09-08 11:02:39] [OK] RegNetX_400MF/TinyImageNet/CW/ALL
[2026-09-08 11:02:39] [OK] qsub output: Your job 6480163 ("adversarial_hpc_submit.pbs") has been submitted
[2026-09-08 11:02:39] [SUBMIT] RegNetX_400MF/TinyImageNet/DeepFool/ALL
[2026-09-08 11:02:39] [CMD] qsub -q all.q -l ngpus=1 -v MODEL="RegNetX_400MF",DATASET="TinyImageNet",ATTACK="DeepFool",KIND="ALL",PHASE="generate",OUTPUT_DIR="adversarial_results_ep100_pre300" adversarial_hpc_submit.pbs </dev/null
[2026-09-08 11:02:45] [OK] InceptionNet/Cifar10/FGSM/ALL
[2026-09-08 11:02:45] [OK] qsub output: Your job 6480164 ("adversarial_hpc_submit.pbs") has been submitted
[2026-09-08 11:02:45] [SUBMIT] InceptionNet/Cifar10/IFGSM/ALL
[2026-09-08 11:02:45] [CMD] qsub -q all.q -l ngpus=1 -v MODEL="InceptionNet",DATASET="Cifar10",ATTACK="IFGSM",KIND="ALL",PHASE="generate",OUTPUT_DIR="adversarial_results_ep300_pre100" adversarial_hpc_submit.pbs </dev/null
[2026-09-08 11:02:47] [OK] RegNetX_400MF/TinyImageNet/DeepFool/ALL
[2026-09-08 11:02:47] [OK] qsub output: Your job 6480166 ("adversarial_hpc_submit.pbs") has been submitted
[2026-09-08 11:02:47] [SUBMIT] InceptionNet/Cifar10/PGD/ALL
[2026-09-08 11:02:47] [CMD] qsub -q all.q -l ngpus=1 -v MODEL="InceptionNet",DATASET="Cifar10",ATTACK="PGD",KIND="ALL",PHASE="generate",OUTPUT_DIR="adversarial_results_ep100_pre300" adversarial_hpc_submit.pbs </dev/null
[2026-09-08 11:02:48] [OK] RegNetX_400MF/TinyImageNet/DeepFool/ALL
[2026-09-08 11:02:48] [OK] qsub output: Your job 6480165 ("adversarial_hpc_submit.pbs") has been submitted
[2026-09-08 11:02:49] [SUBMIT] InceptionNet/Cifar10/PGD/ALL
[2026-09-08 11:02:49] [CMD] qsub -q all.q -l ngpus=1 -v MODEL="InceptionNet",DATASET="Cifar10",ATTACK="PGD",KIND="ALL",PHASE="generate",OUTPUT_DIR="adversarial_results_ep200_pre200" adversarial_hpc_submit.pbs </dev/null
[2026-09-08 11:02:52] [OK] InceptionNet/Cifar10/PGD/ALL
[2026-09-08 11:02:52] [OK] qsub output: Your job 6480168 ("adversarial_hpc_submit.pbs") has been submitted
[2026-09-08 11:02:52] [SUBMIT] InceptionNet/Cifar10/FGSM/ALL
[2026-09-08 11:02:52] [CMD] qsub -q all.q -l ngpus=1 -v MODEL="InceptionNet",DATASET="Cifar10",ATTACK="FGSM",KIND="ALL",PHASE="generate",OUTPUT_DIR="adversarial_results_ep100_pre300" adversarial_hpc_submit.pbs </dev/null
[2026-09-08 11:02:57] [OK] InceptionNet/Cifar10/IFGSM/ALL
[2026-09-08 11:02:57] [OK] qsub output: Your job 6480167 ("adversarial_hpc_submit.pbs") has been submitted
[2026-09-08 11:02:57] [SUBMIT] InceptionNet/Cifar10/BIM/ALL
[2026-09-08 11:02:57] [CMD] qsub -q all.q -l ngpus=1 -v MODEL="InceptionNet",DATASET="Cifar10",ATTACK="BIM",KIND="ALL",PHASE="generate",OUTPUT_DIR="adversarial_results_ep300_pre100" adversarial_hpc_submit.pbs </dev/null
[2026-09-08 11:02:58] [OK] InceptionNet/Cifar10/PGD/ALL
[2026-09-08 11:02:58] [OK] qsub output: Your job 6480169 ("adversarial_hpc_submit.pbs") has been submitted
[2026-09-08 11:02:58] [SUBMIT] InceptionNet/Cifar10/FGSM/ALL
[2026-09-08 11:02:58] [CMD] qsub -q all.q -l ngpus=1 -v MODEL="InceptionNet",DATASET="Cifar10",ATTACK="FGSM",KIND="ALL",PHASE="generate",OUTPUT_DIR="adversarial_results_ep200_pre200" adversarial_hpc_submit.pbs </dev/null
[2026-09-08 11:03:00] [OK] InceptionNet/Cifar10/BIM/ALL
[2026-09-08 11:03:00] [OK] qsub output: Your job 6480171 ("adversarial_hpc_submit.pbs") has been submitted
[2026-09-08 11:03:00] [SUBMIT] InceptionNet/Cifar10/APGD/ALL
[2026-09-08 11:03:00] [CMD] qsub -q all.q -l ngpus=1 -v MODEL="InceptionNet",DATASET="Cifar10",ATTACK="APGD",KIND="ALL",PHASE="generate",OUTPUT_DIR="adversarial_results_ep300_pre100" adversarial_hpc_submit.pbs </dev/null
[2026-09-08 11:03:06] [OK] InceptionNet/Cifar10/FGSM/ALL
[2026-09-08 11:03:06] [OK] qsub output: Your job 6480170 ("adversarial_hpc_submit.pbs") has been submitted
[2026-09-08 11:03:06] [SUBMIT] InceptionNet/Cifar10/IFGSM/ALL
[2026-09-08 11:03:06] [CMD] qsub -q all.q -l ngpus=1 -v MODEL="InceptionNet",DATASET="Cifar10",ATTACK="IFGSM",KIND="ALL",PHASE="generate",OUTPUT_DIR="adversarial_results_ep100_pre300" adversarial_hpc_submit.pbs </dev/null
[2026-09-08 11:03:07] [OK] InceptionNet/Cifar10/FGSM/ALL
[2026-09-08 11:03:07] [OK] qsub output: Your job 6480172 ("adversarial_hpc_submit.pbs") has been submitted
[2026-09-08 11:03:08] [SUBMIT] InceptionNet/Cifar10/IFGSM/ALL
[2026-09-08 11:03:08] [CMD] qsub -q all.q -l ngpus=1 -v MODEL="InceptionNet",DATASET="Cifar10",ATTACK="IFGSM",KIND="ALL",PHASE="generate",OUTPUT_DIR="adversarial_results_ep200_pre200" adversarial_hpc_submit.pbs </dev/null
[2026-09-08 11:03:14] [OK] InceptionNet/Cifar10/APGD/ALL
[2026-09-08 11:03:14] [OK] qsub output: Your job 6480173 ("adversarial_hpc_submit.pbs") has been submitted
[2026-09-08 11:03:15] [SUBMIT] InceptionNet/Cifar10/CW/ALL
[2026-09-08 11:03:15] [CMD] qsub -q all.q -l ngpus=1 -v MODEL="InceptionNet",DATASET="Cifar10",ATTACK="CW",KIND="ALL",PHASE="generate",OUTPUT_DIR="adversarial_results_ep300_pre100" adversarial_hpc_submit.pbs </dev/null
[2026-09-08 11:03:19] [OK] InceptionNet/Cifar10/IFGSM/ALL
[2026-09-08 11:03:19] [OK] qsub output: Your job 6480175 ("adversarial_hpc_submit.pbs") has been submitted
[2026-09-08 11:03:19] [SUBMIT] InceptionNet/Cifar10/BIM/ALL
[2026-09-08 11:03:19] [CMD] qsub -q all.q -l ngpus=1 -v MODEL="InceptionNet",DATASET="Cifar10",ATTACK="BIM",KIND="ALL",PHASE="generate",OUTPUT_DIR="adversarial_results_ep100_pre300" adversarial_hpc_submit.pbs </dev/null
[2026-09-08 11:03:25] [OK] InceptionNet/Cifar10/IFGSM/ALL
[2026-09-08 11:03:25] [OK] qsub output: Your job 6480176 ("adversarial_hpc_submit.pbs") has been submitted
[2026-09-08 11:03:25] [SUBMIT] InceptionNet/Cifar10/BIM/ALL
[2026-09-08 11:03:25] [CMD] qsub -q all.q -l ngpus=1 -v MODEL="InceptionNet",DATASET="Cifar10",ATTACK="BIM",KIND="ALL",PHASE="generate",OUTPUT_DIR="adversarial_results_ep200_pre200" adversarial_hpc_submit.pbs </dev/null
[2026-09-08 11:03:28] [OK] InceptionNet/Cifar10/CW/ALL
[2026-09-08 11:03:28] [OK] qsub output: Your job 6480178 ("adversarial_hpc_submit.pbs") has been submitted
[2026-09-08 11:03:28] [SUBMIT] InceptionNet/Cifar10/DeepFool/ALL
[2026-09-08 11:03:28] [CMD] qsub -q all.q -l ngpus=1 -v MODEL="InceptionNet",DATASET="Cifar10",ATTACK="DeepFool",KIND="ALL",PHASE="generate",OUTPUT_DIR="adversarial_results_ep300_pre100" adversarial_hpc_submit.pbs </dev/null
[2026-09-08 11:03:33] [OK] InceptionNet/Cifar10/BIM/ALL
[2026-09-08 11:03:33] [OK] qsub output: Your job 6480179 ("adversarial_hpc_submit.pbs") has been submitted
[2026-09-08 11:03:34] [SUBMIT] InceptionNet/Cifar10/APGD/ALL
[2026-09-08 11:03:34] [CMD] qsub -q all.q -l ngpus=1 -v MODEL="InceptionNet",DATASET="Cifar10",ATTACK="APGD",KIND="ALL",PHASE="generate",OUTPUT_DIR="adversarial_results_ep100_pre300" adversarial_hpc_submit.pbs </dev/null
[2026-09-08 11:03:35] [OK] InceptionNet/Cifar10/DeepFool/ALL
[2026-09-08 11:03:35] [OK] qsub output: Your job 6480182 ("adversarial_hpc_submit.pbs") has been submitted
[2026-09-08 11:03:35] [OK] InceptionNet/Cifar10/BIM/ALL
[2026-09-08 11:03:35] [OK] qsub output: Your job 6480181 ("adversarial_hpc_submit.pbs") has been submitted
[2026-09-08 11:03:35] [SUBMIT] InceptionNet/Cifar100/PGD/ALL
[2026-09-08 11:03:35] [CMD] qsub -q all.q -l ngpus=1 -v MODEL="InceptionNet",DATASET="Cifar100",ATTACK="PGD",KIND="ALL",PHASE="generate",OUTPUT_DIR="adversarial_results_ep300_pre100" adversarial_hpc_submit.pbs </dev/null
[2026-09-08 11:03:35] [SUBMIT] InceptionNet/Cifar10/APGD/ALL
[2026-09-08 11:03:35] [CMD] qsub -q all.q -l ngpus=1 -v MODEL="InceptionNet",DATASET="Cifar10",ATTACK="APGD",KIND="ALL",PHASE="generate",OUTPUT_DIR="adversarial_results_ep200_pre200" adversarial_hpc_submit.pbs </dev/null
[2026-09-08 11:03:38] [OK] InceptionNet/Cifar10/APGD/ALL
[2026-09-08 11:03:38] [OK] qsub output: Your job 6480184 ("adversarial_hpc_submit.pbs") has been submitted
[2026-09-08 11:03:38] [SUBMIT] InceptionNet/Cifar10/CW/ALL
[2026-09-08 11:03:38] [CMD] qsub -q all.q -l ngpus=1 -v MODEL="InceptionNet",DATASET="Cifar10",ATTACK="CW",KIND="ALL",PHASE="generate",OUTPUT_DIR="adversarial_results_ep100_pre300" adversarial_hpc_submit.pbs </dev/null
[2026-09-08 11:03:45] [OK] InceptionNet/Cifar10/APGD/ALL
[2026-09-08 11:03:45] [OK] qsub output: Your job 6480186 ("adversarial_hpc_submit.pbs") has been submitted
[2026-09-08 11:03:45] [SUBMIT] InceptionNet/Cifar10/CW/ALL
[2026-09-08 11:03:45] [CMD] qsub -q all.q -l ngpus=1 -v MODEL="InceptionNet",DATASET="Cifar10",ATTACK="CW",KIND="ALL",PHASE="generate",OUTPUT_DIR="adversarial_results_ep200_pre200" adversarial_hpc_submit.pbs </dev/null
[2026-09-08 11:03:47] [OK] InceptionNet/Cifar100/PGD/ALL
[2026-09-08 11:03:47] [OK] qsub output: Your job 6480185 ("adversarial_hpc_submit.pbs") has been submitted
[2026-09-08 11:03:47] [SUBMIT] InceptionNet/Cifar100/FGSM/ALL
[2026-09-08 11:03:47] [CMD] qsub -q all.q -l ngpus=1 -v MODEL="InceptionNet",DATASET="Cifar100",ATTACK="FGSM",KIND="ALL",PHASE="generate",OUTPUT_DIR="adversarial_results_ep300_pre100" adversarial_hpc_submit.pbs </dev/null
[2026-09-08 11:03:53] [OK] InceptionNet/Cifar10/CW/ALL
[2026-09-08 11:03:53] [OK] qsub output: Your job 6480187 ("adversarial_hpc_submit.pbs") has been submitted
[2026-09-08 11:03:53] [SUBMIT] InceptionNet/Cifar10/DeepFool/ALL
[2026-09-08 11:03:53] [CMD] qsub -q all.q -l ngpus=1 -v MODEL="InceptionNet",DATASET="Cifar10",ATTACK="DeepFool",KIND="ALL",PHASE="generate",OUTPUT_DIR="adversarial_results_ep100_pre300" adversarial_hpc_submit.pbs </dev/null
[2026-09-08 11:03:56] [OK] InceptionNet/Cifar10/CW/ALL
[2026-09-08 11:03:56] [OK] qsub output: Your job 6480188 ("adversarial_hpc_submit.pbs") has been submitted
[2026-09-08 11:03:56] [SUBMIT] InceptionNet/Cifar10/DeepFool/ALL
[2026-09-08 11:03:56] [CMD] qsub -q all.q -l ngpus=1 -v MODEL="InceptionNet",DATASET="Cifar10",ATTACK="DeepFool",KIND="ALL",PHASE="generate",OUTPUT_DIR="adversarial_results_ep200_pre200" adversarial_hpc_submit.pbs </dev/null
[2026-09-08 11:04:00] [OK] InceptionNet/Cifar100/FGSM/ALL
[2026-09-08 11:04:00] [OK] qsub output: Your job 6480189 ("adversarial_hpc_submit.pbs") has been submitted
[2026-09-08 11:04:00] [SUBMIT] InceptionNet/Cifar100/IFGSM/ALL
[2026-09-08 11:04:00] [CMD] qsub -q all.q -l ngpus=1 -v MODEL="InceptionNet",DATASET="Cifar100",ATTACK="IFGSM",KIND="ALL",PHASE="generate",OUTPUT_DIR="adversarial_results_ep300_pre100" adversarial_hpc_submit.pbs </dev/null
[2026-09-08 11:04:04] [OK] InceptionNet/Cifar10/DeepFool/ALL
[2026-09-08 11:04:04] [OK] qsub output: Your job 6480190 ("adversarial_hpc_submit.pbs") has been submitted
[2026-09-08 11:04:04] [SUBMIT] InceptionNet/Cifar100/PGD/ALL
[2026-09-08 11:04:04] [CMD] qsub -q all.q -l ngpus=1 -v MODEL="InceptionNet",DATASET="Cifar100",ATTACK="PGD",KIND="ALL",PHASE="generate",OUTPUT_DIR="adversarial_results_ep100_pre300" adversarial_hpc_submit.pbs </dev/null
[2026-09-08 11:04:08] [OK] InceptionNet/Cifar10/DeepFool/ALL
[2026-09-08 11:04:09] [OK] qsub output: Your job 6480191 ("adversarial_hpc_submit.pbs") has been submitted
[2026-09-08 11:04:09] [SUBMIT] InceptionNet/Cifar100/PGD/ALL
[2026-09-08 11:04:09] [CMD] qsub -q all.q -l ngpus=1 -v MODEL="InceptionNet",DATASET="Cifar100",ATTACK="PGD",KIND="ALL",PHASE="generate",OUTPUT_DIR="adversarial_results_ep200_pre200" adversarial_hpc_submit.pbs </dev/null
[2026-09-08 11:04:13] [OK] InceptionNet/Cifar100/IFGSM/ALL
[2026-09-08 11:04:13] [OK] qsub output: Your job 6480192 ("adversarial_hpc_submit.pbs") has been submitted
[2026-09-08 11:04:13] [SUBMIT] InceptionNet/Cifar100/BIM/ALL
[2026-09-08 11:04:13] [CMD] qsub -q all.q -l ngpus=1 -v MODEL="InceptionNet",DATASET="Cifar100",ATTACK="BIM",KIND="ALL",PHASE="generate",OUTPUT_DIR="adversarial_results_ep300_pre100" adversarial_hpc_submit.pbs </dev/null
[2026-09-08 11:04:21] [OK] InceptionNet/Cifar100/PGD/ALL
[2026-09-08 11:04:21] [OK] qsub output: Your job 6480194 ("adversarial_hpc_submit.pbs") has been submitted
[2026-09-08 11:04:21] [SUBMIT] InceptionNet/Cifar100/FGSM/ALL
[2026-09-08 11:04:21] [CMD] qsub -q all.q -l ngpus=1 -v MODEL="InceptionNet",DATASET="Cifar100",ATTACK="FGSM",KIND="ALL",PHASE="generate",OUTPUT_DIR="adversarial_results_ep100_pre300" adversarial_hpc_submit.pbs </dev/null
[2026-09-08 11:04:23] [OK] InceptionNet/Cifar100/PGD/ALL
[2026-09-08 11:04:23] [OK] qsub output: Your job 6480195 ("adversarial_hpc_submit.pbs") has been submitted
[2026-09-08 11:04:24] [SUBMIT] InceptionNet/Cifar100/FGSM/ALL
[2026-09-08 11:04:24] [CMD] qsub -q all.q -l ngpus=1 -v MODEL="InceptionNet",DATASET="Cifar100",ATTACK="FGSM",KIND="ALL",PHASE="generate",OUTPUT_DIR="adversarial_results_ep200_pre200" adversarial_hpc_submit.pbs </dev/null
[2026-09-08 11:04:27] [OK] InceptionNet/Cifar100/BIM/ALL
[2026-09-08 11:04:27] [OK] qsub output: Your job 6480196 ("adversarial_hpc_submit.pbs") has been submitted
[2026-09-08 11:04:27] [SUBMIT] InceptionNet/Cifar100/APGD/ALL
[2026-09-08 11:04:27] [CMD] qsub -q all.q -l ngpus=1 -v MODEL="InceptionNet",DATASET="Cifar100",ATTACK="APGD",KIND="ALL",PHASE="generate",OUTPUT_DIR="adversarial_results_ep300_pre100" adversarial_hpc_submit.pbs </dev/null
[2026-09-08 11:04:29] [OK] InceptionNet/Cifar100/FGSM/ALL
[2026-09-08 11:04:29] [OK] qsub output: Your job 6480198 ("adversarial_hpc_submit.pbs") has been submitted
[2026-09-08 11:04:29] [SUBMIT] InceptionNet/Cifar100/IFGSM/ALL
[2026-09-08 11:04:29] [CMD] qsub -q all.q -l ngpus=1 -v MODEL="InceptionNet",DATASET="Cifar100",ATTACK="IFGSM",KIND="ALL",PHASE="generate",OUTPUT_DIR="adversarial_results_ep200_pre200" adversarial_hpc_submit.pbs </dev/null
[2026-09-08 11:04:29] [OK] InceptionNet/Cifar100/FGSM/ALL
[2026-09-08 11:04:29] [OK] qsub output: Your job 6480197 ("adversarial_hpc_submit.pbs") has been submitted
[2026-09-08 11:04:30] [SUBMIT] InceptionNet/Cifar100/IFGSM/ALL
[2026-09-08 11:04:30] [CMD] qsub -q all.q -l ngpus=1 -v MODEL="InceptionNet",DATASET="Cifar100",ATTACK="IFGSM",KIND="ALL",PHASE="generate",OUTPUT_DIR="adversarial_results_ep100_pre300" adversarial_hpc_submit.pbs </dev/null
[2026-09-08 11:04:39] [OK] InceptionNet/Cifar100/APGD/ALL
[2026-09-08 11:04:39] [OK] qsub output: Your job 6480200 ("adversarial_hpc_submit.pbs") has been submitted
[2026-09-08 11:04:39] [SUBMIT] InceptionNet/Cifar100/CW/ALL
[2026-09-08 11:04:39] [CMD] qsub -q all.q -l ngpus=1 -v MODEL="InceptionNet",DATASET="Cifar100",ATTACK="CW",KIND="ALL",PHASE="generate",OUTPUT_DIR="adversarial_results_ep300_pre100" adversarial_hpc_submit.pbs </dev/null
[2026-09-08 11:04:47] [OK] InceptionNet/Cifar100/IFGSM/ALL
[2026-09-08 11:04:47] [OK] qsub output: Your job 6480202 ("adversarial_hpc_submit.pbs") has been submitted
[2026-09-08 11:04:47] [SUBMIT] InceptionNet/Cifar100/BIM/ALL
[2026-09-08 11:04:47] [CMD] qsub -q all.q -l ngpus=1 -v MODEL="InceptionNet",DATASET="Cifar100",ATTACK="BIM",KIND="ALL",PHASE="generate",OUTPUT_DIR="adversarial_results_ep100_pre300" adversarial_hpc_submit.pbs </dev/null
[2026-09-08 11:04:49] [OK] InceptionNet/Cifar100/IFGSM/ALL
[2026-09-08 11:04:49] [OK] qsub output: Your job 6480201 ("adversarial_hpc_submit.pbs") has been submitted
[2026-09-08 11:04:49] [SUBMIT] InceptionNet/Cifar100/BIM/ALL
[2026-09-08 11:04:49] [CMD] qsub -q all.q -l ngpus=1 -v MODEL="InceptionNet",DATASET="Cifar100",ATTACK="BIM",KIND="ALL",PHASE="generate",OUTPUT_DIR="adversarial_results_ep200_pre200" adversarial_hpc_submit.pbs </dev/null
[2026-09-08 11:04:50] [OK] InceptionNet/Cifar100/CW/ALL
[2026-09-08 11:04:50] [OK] qsub output: Your job 6480203 ("adversarial_hpc_submit.pbs") has been submitted
[2026-09-08 11:04:50] [SUBMIT] InceptionNet/Cifar100/DeepFool/ALL
[2026-09-08 11:04:50] [CMD] qsub -q all.q -l ngpus=1 -v MODEL="InceptionNet",DATASET="Cifar100",ATTACK="DeepFool",KIND="ALL",PHASE="generate",OUTPUT_DIR="adversarial_results_ep300_pre100" adversarial_hpc_submit.pbs </dev/null
[2026-09-08 11:04:54] [OK] InceptionNet/Cifar100/BIM/ALL
[2026-09-08 11:04:54] [OK] qsub output: Your job 6480205 ("adversarial_hpc_submit.pbs") has been submitted
[2026-09-08 11:04:55] [SUBMIT] InceptionNet/Cifar100/APGD/ALL
[2026-09-08 11:04:55] [CMD] qsub -q all.q -l ngpus=1 -v MODEL="InceptionNet",DATASET="Cifar100",ATTACK="APGD",KIND="ALL",PHASE="generate",OUTPUT_DIR="adversarial_results_ep200_pre200" adversarial_hpc_submit.pbs </dev/null
[2026-09-08 11:04:58] [OK] InceptionNet/Cifar100/DeepFool/ALL
[2026-09-08 11:04:58] [OK] qsub output: Your job 6480206 ("adversarial_hpc_submit.pbs") has been submitted
[2026-09-08 11:04:58] [SUBMIT] InceptionNet/TinyImageNet/PGD/ALL
[2026-09-08 11:04:58] [CMD] qsub -q all.q -l ngpus=1 -v MODEL="InceptionNet",DATASET="TinyImageNet",ATTACK="PGD",KIND="ALL",PHASE="generate",OUTPUT_DIR="adversarial_results_ep300_pre100" adversarial_hpc_submit.pbs </dev/null
[2026-09-08 11:04:58] [OK] InceptionNet/Cifar100/BIM/ALL
[2026-09-08 11:04:58] [OK] qsub output: Your job 6480204 ("adversarial_hpc_submit.pbs") has been submitted
[2026-09-08 11:04:58] [SUBMIT] InceptionNet/Cifar100/APGD/ALL
[2026-09-08 11:04:58] [CMD] qsub -q all.q -l ngpus=1 -v MODEL="InceptionNet",DATASET="Cifar100",ATTACK="APGD",KIND="ALL",PHASE="generate",OUTPUT_DIR="adversarial_results_ep100_pre300" adversarial_hpc_submit.pbs </dev/null
[2026-09-08 11:05:03] [OK] InceptionNet/Cifar100/APGD/ALL
[2026-09-08 11:05:03] [OK] qsub output: Your job 6480208 ("adversarial_hpc_submit.pbs") has been submitted
[2026-09-08 11:05:03] [SUBMIT] InceptionNet/Cifar100/CW/ALL
[2026-09-08 11:05:03] [CMD] qsub -q all.q -l ngpus=1 -v MODEL="InceptionNet",DATASET="Cifar100",ATTACK="CW",KIND="ALL",PHASE="generate",OUTPUT_DIR="adversarial_results_ep200_pre200" adversarial_hpc_submit.pbs </dev/null
[2026-09-08 11:05:10] [OK] InceptionNet/Cifar100/APGD/ALL
[2026-09-08 11:05:10] [OK] qsub output: Your job 6480211 ("adversarial_hpc_submit.pbs") has been submitted
[2026-09-08 11:05:10] [SUBMIT] InceptionNet/Cifar100/CW/ALL
[2026-09-08 11:05:10] [CMD] qsub -q all.q -l ngpus=1 -v MODEL="InceptionNet",DATASET="Cifar100",ATTACK="CW",KIND="ALL",PHASE="generate",OUTPUT_DIR="adversarial_results_ep100_pre300" adversarial_hpc_submit.pbs </dev/null
[2026-09-08 11:05:12] [OK] InceptionNet/TinyImageNet/PGD/ALL
[2026-09-08 11:05:12] [OK] InceptionNet/Cifar100/CW/ALL
[2026-09-08 11:05:12] [OK] qsub output: Your job 6480210 ("adversarial_hpc_submit.pbs") has been submitted
[2026-09-08 11:05:12] [OK] qsub output: Your job 6480212 ("adversarial_hpc_submit.pbs") has been submitted
[2026-09-08 11:05:12] [SUBMIT] InceptionNet/TinyImageNet/FGSM/ALL
[2026-09-08 11:05:12] [SUBMIT] InceptionNet/Cifar100/DeepFool/ALL
[2026-09-08 11:05:12] [CMD] qsub -q all.q -l ngpus=1 -v MODEL="InceptionNet",DATASET="TinyImageNet",ATTACK="FGSM",KIND="ALL",PHASE="generate",OUTPUT_DIR="adversarial_results_ep300_pre100" adversarial_hpc_submit.pbs </dev/null
[2026-09-08 11:05:12] [CMD] qsub -q all.q -l ngpus=1 -v MODEL="InceptionNet",DATASET="Cifar100",ATTACK="DeepFool",KIND="ALL",PHASE="generate",OUTPUT_DIR="adversarial_results_ep200_pre200" adversarial_hpc_submit.pbs </dev/null
[2026-09-08 11:05:14] [OK] InceptionNet/Cifar100/DeepFool/ALL
[2026-09-08 11:05:14] [OK] qsub output: Your job 6480214 ("adversarial_hpc_submit.pbs") has been submitted
[2026-09-08 11:05:14] [SUBMIT] InceptionNet/TinyImageNet/PGD/ALL
[2026-09-08 11:05:14] [CMD] qsub -q all.q -l ngpus=1 -v MODEL="InceptionNet",DATASET="TinyImageNet",ATTACK="PGD",KIND="ALL",PHASE="generate",OUTPUT_DIR="adversarial_results_ep200_pre200" adversarial_hpc_submit.pbs </dev/null
[2026-09-08 11:05:15] [OK] InceptionNet/Cifar100/CW/ALL
[2026-09-08 11:05:15] [OK] qsub output: Your job 6480213 ("adversarial_hpc_submit.pbs") has been submitted
[2026-09-08 11:05:15] [SUBMIT] InceptionNet/Cifar100/DeepFool/ALL
[2026-09-08 11:05:15] [CMD] qsub -q all.q -l ngpus=1 -v MODEL="InceptionNet",DATASET="Cifar100",ATTACK="DeepFool",KIND="ALL",PHASE="generate",OUTPUT_DIR="adversarial_results_ep100_pre300" adversarial_hpc_submit.pbs </dev/null
[2026-09-08 11:05:16] [OK] InceptionNet/TinyImageNet/FGSM/ALL
[2026-09-08 11:05:17] [OK] qsub output: Your job 6480215 ("adversarial_hpc_submit.pbs") has been submitted
[2026-09-08 11:05:17] [SUBMIT] InceptionNet/TinyImageNet/IFGSM/ALL
[2026-09-08 11:05:17] [CMD] qsub -q all.q -l ngpus=1 -v MODEL="InceptionNet",DATASET="TinyImageNet",ATTACK="IFGSM",KIND="ALL",PHASE="generate",OUTPUT_DIR="adversarial_results_ep300_pre100" adversarial_hpc_submit.pbs </dev/null
[2026-09-08 11:05:23] [OK] InceptionNet/Cifar100/DeepFool/ALL
[2026-09-08 11:05:23] [OK] qsub output: Your job 6480217 ("adversarial_hpc_submit.pbs") has been submitted
[2026-09-08 11:05:23] [SUBMIT] InceptionNet/TinyImageNet/PGD/ALL
[2026-09-08 11:05:23] [CMD] qsub -q all.q -l ngpus=1 -v MODEL="InceptionNet",DATASET="TinyImageNet",ATTACK="PGD",KIND="ALL",PHASE="generate",OUTPUT_DIR="adversarial_results_ep100_pre300" adversarial_hpc_submit.pbs </dev/null
[2026-09-08 11:05:24] [OK] InceptionNet/TinyImageNet/PGD/ALL
[2026-09-08 11:05:24] [OK] qsub output: Your job 6480216 ("adversarial_hpc_submit.pbs") has been submitted
[2026-09-08 11:05:24] [SUBMIT] InceptionNet/TinyImageNet/FGSM/ALL
[2026-09-08 11:05:24] [CMD] qsub -q all.q -l ngpus=1 -v MODEL="InceptionNet",DATASET="TinyImageNet",ATTACK="FGSM",KIND="ALL",PHASE="generate",OUTPUT_DIR="adversarial_results_ep200_pre200" adversarial_hpc_submit.pbs </dev/null
[2026-09-08 11:05:27] [OK] InceptionNet/TinyImageNet/IFGSM/ALL
[2026-09-08 11:05:27] [OK] qsub output: Your job 6480218 ("adversarial_hpc_submit.pbs") has been submitted
[2026-09-08 11:05:27] [SUBMIT] InceptionNet/TinyImageNet/BIM/ALL
[2026-09-08 11:05:27] [CMD] qsub -q all.q -l ngpus=1 -v MODEL="InceptionNet",DATASET="TinyImageNet",ATTACK="BIM",KIND="ALL",PHASE="generate",OUTPUT_DIR="adversarial_results_ep300_pre100" adversarial_hpc_submit.pbs </dev/null
[2026-09-08 11:05:30] [OK] InceptionNet/TinyImageNet/PGD/ALL
[2026-09-08 11:05:30] [OK] qsub output: Your job 6480219 ("adversarial_hpc_submit.pbs") has been submitted
[2026-09-08 11:05:30] [SUBMIT] InceptionNet/TinyImageNet/FGSM/ALL
[2026-09-08 11:05:30] [CMD] qsub -q all.q -l ngpus=1 -v MODEL="InceptionNet",DATASET="TinyImageNet",ATTACK="FGSM",KIND="ALL",PHASE="generate",OUTPUT_DIR="adversarial_results_ep100_pre300" adversarial_hpc_submit.pbs </dev/null
[2026-09-08 11:05:32] [OK] InceptionNet/TinyImageNet/FGSM/ALL
[2026-09-08 11:05:32] [OK] qsub output: Your job 6480220 ("adversarial_hpc_submit.pbs") has been submitted
[2026-09-08 11:05:32] [SUBMIT] InceptionNet/TinyImageNet/IFGSM/ALL
[2026-09-08 11:05:32] [CMD] qsub -q all.q -l ngpus=1 -v MODEL="InceptionNet",DATASET="TinyImageNet",ATTACK="IFGSM",KIND="ALL",PHASE="generate",OUTPUT_DIR="adversarial_results_ep200_pre200" adversarial_hpc_submit.pbs </dev/null
[2026-09-08 11:05:39] [OK] InceptionNet/TinyImageNet/FGSM/ALL
[2026-09-08 11:05:39] [OK] qsub output: Your job 6480222 ("adversarial_hpc_submit.pbs") has been submitted
[2026-09-08 11:05:39] [SUBMIT] InceptionNet/TinyImageNet/IFGSM/ALL
[2026-09-08 11:05:39] [CMD] qsub -q all.q -l ngpus=1 -v MODEL="InceptionNet",DATASET="TinyImageNet",ATTACK="IFGSM",KIND="ALL",PHASE="generate",OUTPUT_DIR="adversarial_results_ep100_pre300" adversarial_hpc_submit.pbs </dev/null
[2026-09-08 11:05:39] [OK] InceptionNet/TinyImageNet/BIM/ALL
[2026-09-08 11:05:39] [OK] qsub output: Your job 6480221 ("adversarial_hpc_submit.pbs") has been submitted
[2026-09-08 11:05:40] [SUBMIT] InceptionNet/TinyImageNet/APGD/ALL
[2026-09-08 11:05:40] [CMD] qsub -q all.q -l ngpus=1 -v MODEL="InceptionNet",DATASET="TinyImageNet",ATTACK="APGD",KIND="ALL",PHASE="generate",OUTPUT_DIR="adversarial_results_ep300_pre100" adversarial_hpc_submit.pbs </dev/null
[2026-09-08 11:05:40] [OK] InceptionNet/TinyImageNet/IFGSM/ALL
[2026-09-08 11:05:40] [OK] qsub output: Your job 6480223 ("adversarial_hpc_submit.pbs") has been submitted
[2026-09-08 11:05:40] [SUBMIT] InceptionNet/TinyImageNet/BIM/ALL
[2026-09-08 11:05:40] [CMD] qsub -q all.q -l ngpus=1 -v MODEL="InceptionNet",DATASET="TinyImageNet",ATTACK="BIM",KIND="ALL",PHASE="generate",OUTPUT_DIR="adversarial_results_ep200_pre200" adversarial_hpc_submit.pbs </dev/null
[2026-09-08 11:05:43] [OK] InceptionNet/TinyImageNet/APGD/ALL
[2026-09-08 11:05:43] [OK] qsub output: Your job 6480225 ("adversarial_hpc_submit.pbs") has been submitted
[2026-09-08 11:05:43] [SUBMIT] InceptionNet/TinyImageNet/CW/ALL
[2026-09-08 11:05:43] [CMD] qsub -q all.q -l ngpus=1 -v MODEL="InceptionNet",DATASET="TinyImageNet",ATTACK="CW",KIND="ALL",PHASE="generate",OUTPUT_DIR="adversarial_results_ep300_pre100" adversarial_hpc_submit.pbs </dev/null
[2026-09-08 11:05:45] [OK] InceptionNet/TinyImageNet/BIM/ALL
[2026-09-08 11:05:45] [OK] qsub output: Your job 6480226 ("adversarial_hpc_submit.pbs") has been submitted
[2026-09-08 11:05:45] [SUBMIT] InceptionNet/TinyImageNet/APGD/ALL
[2026-09-08 11:05:45] [CMD] qsub -q all.q -l ngpus=1 -v MODEL="InceptionNet",DATASET="TinyImageNet",ATTACK="APGD",KIND="ALL",PHASE="generate",OUTPUT_DIR="adversarial_results_ep200_pre200" adversarial_hpc_submit.pbs </dev/null
[2026-09-08 11:05:46] [OK] InceptionNet/TinyImageNet/CW/ALL
[2026-09-08 11:05:46] [OK] qsub output: Your job 6480227 ("adversarial_hpc_submit.pbs") has been submitted
[2026-09-08 11:05:46] [SUBMIT] InceptionNet/TinyImageNet/DeepFool/ALL
[2026-09-08 11:05:46] [CMD] qsub -q all.q -l ngpus=1 -v MODEL="InceptionNet",DATASET="TinyImageNet",ATTACK="DeepFool",KIND="ALL",PHASE="generate",OUTPUT_DIR="adversarial_results_ep300_pre100" adversarial_hpc_submit.pbs </dev/null
[2026-09-08 11:05:48] [OK] InceptionNet/TinyImageNet/IFGSM/ALL
[2026-09-08 11:05:48] [OK] qsub output: Your job 6480224 ("adversarial_hpc_submit.pbs") has been submitted
[2026-09-08 11:05:49] [SUBMIT] InceptionNet/TinyImageNet/BIM/ALL
[2026-09-08 11:05:49] [CMD] qsub -q all.q -l ngpus=1 -v MODEL="InceptionNet",DATASET="TinyImageNet",ATTACK="BIM",KIND="ALL",PHASE="generate",OUTPUT_DIR="adversarial_results_ep100_pre300" adversarial_hpc_submit.pbs </dev/null
[2026-09-08 11:05:50] [OK] InceptionNet/TinyImageNet/APGD/ALL
[2026-09-08 11:05:50] [OK] qsub output: Your job 6480228 ("adversarial_hpc_submit.pbs") has been submitted
[2026-09-08 11:05:50] [SUBMIT] InceptionNet/TinyImageNet/CW/ALL
[2026-09-08 11:05:50] [CMD] qsub -q all.q -l ngpus=1 -v MODEL="InceptionNet",DATASET="TinyImageNet",ATTACK="CW",KIND="ALL",PHASE="generate",OUTPUT_DIR="adversarial_results_ep200_pre200" adversarial_hpc_submit.pbs </dev/null
[2026-09-08 11:05:51] [OK] InceptionNet/TinyImageNet/BIM/ALL
[2026-09-08 11:05:51] [OK] qsub output: Your job 6480230 ("adversarial_hpc_submit.pbs") has been submitted
[2026-09-08 11:05:51] [SUBMIT] InceptionNet/TinyImageNet/APGD/ALL
[2026-09-08 11:05:52] [CMD] qsub -q all.q -l ngpus=1 -v MODEL="InceptionNet",DATASET="TinyImageNet",ATTACK="APGD",KIND="ALL",PHASE="generate",OUTPUT_DIR="adversarial_results_ep100_pre300" adversarial_hpc_submit.pbs </dev/null
[2026-09-08 11:05:56] [OK] InceptionNet/TinyImageNet/DeepFool/ALL
[2026-09-08 11:05:56] [OK] qsub output: Your job 6480229 ("adversarial_hpc_submit.pbs") has been submitted
[2026-09-08 11:05:56] [SUBMIT] MobileNet/Cifar10/PGD/ALL
[2026-09-08 11:05:56] [CMD] qsub -q all.q -l ngpus=1 -v MODEL="MobileNet",DATASET="Cifar10",ATTACK="PGD",KIND="ALL",PHASE="generate",OUTPUT_DIR="adversarial_results_ep300_pre100" adversarial_hpc_submit.pbs </dev/null
[2026-09-08 11:05:59] [OK] InceptionNet/TinyImageNet/APGD/ALL
[2026-09-08 11:05:59] [OK] InceptionNet/TinyImageNet/CW/ALL
[2026-09-08 11:05:59] [OK] qsub output: Your job 6480232 ("adversarial_hpc_submit.pbs") has been submitted
[2026-09-08 11:05:59] [OK] qsub output: Your job 6480231 ("adversarial_hpc_submit.pbs") has been submitted
[2026-09-08 11:05:59] [SUBMIT] InceptionNet/TinyImageNet/CW/ALL
[2026-09-08 11:05:59] [SUBMIT] InceptionNet/TinyImageNet/DeepFool/ALL
[2026-09-08 11:05:59] [CMD] qsub -q all.q -l ngpus=1 -v MODEL="InceptionNet",DATASET="TinyImageNet",ATTACK="CW",KIND="ALL",PHASE="generate",OUTPUT_DIR="adversarial_results_ep100_pre300" adversarial_hpc_submit.pbs </dev/null
[2026-09-08 11:05:59] [CMD] qsub -q all.q -l ngpus=1 -v MODEL="InceptionNet",DATASET="TinyImageNet",ATTACK="DeepFool",KIND="ALL",PHASE="generate",OUTPUT_DIR="adversarial_results_ep200_pre200" adversarial_hpc_submit.pbs </dev/null
[2026-09-08 11:06:01] [OK] MobileNet/Cifar10/PGD/ALL
[2026-09-08 11:06:01] [OK] qsub output: Your job 6480233 ("adversarial_hpc_submit.pbs") has been submitted
[2026-09-08 11:06:01] [SUBMIT] MobileNet/Cifar10/FGSM/ALL
[2026-09-08 11:06:01] [CMD] qsub -q all.q -l ngpus=1 -v MODEL="MobileNet",DATASET="Cifar10",ATTACK="FGSM",KIND="ALL",PHASE="generate",OUTPUT_DIR="adversarial_results_ep300_pre100" adversarial_hpc_submit.pbs </dev/null
[2026-09-08 11:06:05] [OK] InceptionNet/TinyImageNet/CW/ALL
[2026-09-08 11:06:05] [OK] qsub output: Your job 6480234 ("adversarial_hpc_submit.pbs") has been submitted
[2026-09-08 11:06:06] [OK] InceptionNet/TinyImageNet/DeepFool/ALL
[2026-09-08 11:06:06] [OK] qsub output: Your job 6480235 ("adversarial_hpc_submit.pbs") has been submitted
[2026-09-08 11:06:06] [SUBMIT] InceptionNet/TinyImageNet/DeepFool/ALL
[2026-09-08 11:06:06] [CMD] qsub -q all.q -l ngpus=1 -v MODEL="InceptionNet",DATASET="TinyImageNet",ATTACK="DeepFool",KIND="ALL",PHASE="generate",OUTPUT_DIR="adversarial_results_ep100_pre300" adversarial_hpc_submit.pbs </dev/null
[2026-09-08 11:06:06] [SUBMIT] MobileNet/Cifar10/PGD/ALL
[2026-09-08 11:06:06] [CMD] qsub -q all.q -l ngpus=1 -v MODEL="MobileNet",DATASET="Cifar10",ATTACK="PGD",KIND="ALL",PHASE="generate",OUTPUT_DIR="adversarial_results_ep200_pre200" adversarial_hpc_submit.pbs </dev/null
[2026-09-08 11:06:09] [OK] InceptionNet/TinyImageNet/DeepFool/ALL
[2026-09-08 11:06:09] [OK] qsub output: Your job 6480237 ("adversarial_hpc_submit.pbs") has been submitted
[2026-09-08 11:06:09] [SUBMIT] MobileNet/Cifar10/PGD/ALL
[2026-09-08 11:06:09] [CMD] qsub -q all.q -l ngpus=1 -v MODEL="MobileNet",DATASET="Cifar10",ATTACK="PGD",KIND="ALL",PHASE="generate",OUTPUT_DIR="adversarial_results_ep100_pre300" adversarial_hpc_submit.pbs </dev/null
[2026-09-08 11:06:15] [OK] MobileNet/Cifar10/FGSM/ALL
[2026-09-08 11:06:15] [OK] qsub output: Your job 6480236 ("adversarial_hpc_submit.pbs") has been submitted
[2026-09-08 11:06:15] [SUBMIT] MobileNet/Cifar10/IFGSM/ALL
[2026-09-08 11:06:15] [CMD] qsub -q all.q -l ngpus=1 -v MODEL="MobileNet",DATASET="Cifar10",ATTACK="IFGSM",KIND="ALL",PHASE="generate",OUTPUT_DIR="adversarial_results_ep300_pre100" adversarial_hpc_submit.pbs </dev/null
[2026-09-08 11:06:17] [OK] MobileNet/Cifar10/PGD/ALL
[2026-09-08 11:06:17] [OK] qsub output: Your job 6480238 ("adversarial_hpc_submit.pbs") has been submitted
[2026-09-08 11:06:17] [SUBMIT] MobileNet/Cifar10/FGSM/ALL
[2026-09-08 11:06:17] [CMD] qsub -q all.q -l ngpus=1 -v MODEL="MobileNet",DATASET="Cifar10",ATTACK="FGSM",KIND="ALL",PHASE="generate",OUTPUT_DIR="adversarial_results_ep200_pre200" adversarial_hpc_submit.pbs </dev/null
[2026-09-08 11:06:20] [OK] MobileNet/Cifar10/PGD/ALL
[2026-09-08 11:06:20] [OK] qsub output: Your job 6480239 ("adversarial_hpc_submit.pbs") has been submitted
[2026-09-08 11:06:20] [SUBMIT] MobileNet/Cifar10/FGSM/ALL
[2026-09-08 11:06:20] [CMD] qsub -q all.q -l ngpus=1 -v MODEL="MobileNet",DATASET="Cifar10",ATTACK="FGSM",KIND="ALL",PHASE="generate",OUTPUT_DIR="adversarial_results_ep100_pre300" adversarial_hpc_submit.pbs </dev/null
[2026-09-08 11:06:25] [OK] MobileNet/Cifar10/IFGSM/ALL
[2026-09-08 11:06:25] [OK] qsub output: Your job 6480240 ("adversarial_hpc_submit.pbs") has been submitted
[2026-09-08 11:06:25] [OK] MobileNet/Cifar10/FGSM/ALL
[2026-09-08 11:06:25] [OK] qsub output: Your job 6480241 ("adversarial_hpc_submit.pbs") has been submitted
[2026-09-08 11:06:25] [SUBMIT] MobileNet/Cifar10/BIM/ALL
[2026-09-08 11:06:25] [CMD] qsub -q all.q -l ngpus=1 -v MODEL="MobileNet",DATASET="Cifar10",ATTACK="BIM",KIND="ALL",PHASE="generate",OUTPUT_DIR="adversarial_results_ep300_pre100" adversarial_hpc_submit.pbs </dev/null
[2026-09-08 11:06:26] [SUBMIT] MobileNet/Cifar10/IFGSM/ALL
[2026-09-08 11:06:26] [CMD] qsub -q all.q -l ngpus=1 -v MODEL="MobileNet",DATASET="Cifar10",ATTACK="IFGSM",KIND="ALL",PHASE="generate",OUTPUT_DIR="adversarial_results_ep200_pre200" adversarial_hpc_submit.pbs </dev/null
[2026-09-08 11:06:34] [OK] MobileNet/Cifar10/FGSM/ALL
[2026-09-08 11:06:34] [OK] qsub output: Your job 6480242 ("adversarial_hpc_submit.pbs") has been submitted
[2026-09-08 11:06:34] [SUBMIT] MobileNet/Cifar10/IFGSM/ALL
[2026-09-08 11:06:34] [CMD] qsub -q all.q -l ngpus=1 -v MODEL="MobileNet",DATASET="Cifar10",ATTACK="IFGSM",KIND="ALL",PHASE="generate",OUTPUT_DIR="adversarial_results_ep100_pre300" adversarial_hpc_submit.pbs </dev/null
[2026-09-08 11:06:35] [OK] MobileNet/Cifar10/BIM/ALL
[2026-09-08 11:06:35] [OK] qsub output: Your job 6480243 ("adversarial_hpc_submit.pbs") has been submitted
[2026-09-08 11:06:35] [SUBMIT] MobileNet/Cifar10/APGD/ALL
[2026-09-08 11:06:35] [CMD] qsub -q all.q -l ngpus=1 -v MODEL="MobileNet",DATASET="Cifar10",ATTACK="APGD",KIND="ALL",PHASE="generate",OUTPUT_DIR="adversarial_results_ep300_pre100" adversarial_hpc_submit.pbs </dev/null
[2026-09-08 11:06:42] [OK] MobileNet/Cifar10/IFGSM/ALL
[2026-09-08 11:06:42] [OK] qsub output: Your job 6480244 ("adversarial_hpc_submit.pbs") has been submitted
[2026-09-08 11:06:42] [SUBMIT] MobileNet/Cifar10/BIM/ALL
[2026-09-08 11:06:42] [CMD] qsub -q all.q -l ngpus=1 -v MODEL="MobileNet",DATASET="Cifar10",ATTACK="BIM",KIND="ALL",PHASE="generate",OUTPUT_DIR="adversarial_results_ep200_pre200" adversarial_hpc_submit.pbs </dev/null
[2026-09-08 11:06:42] [OK] MobileNet/Cifar10/IFGSM/ALL
[2026-09-08 11:06:42] [OK] qsub output: Your job 6480245 ("adversarial_hpc_submit.pbs") has been submitted
[2026-09-08 11:06:42] [SUBMIT] MobileNet/Cifar10/BIM/ALL
[2026-09-08 11:06:42] [CMD] qsub -q all.q -l ngpus=1 -v MODEL="MobileNet",DATASET="Cifar10",ATTACK="BIM",KIND="ALL",PHASE="generate",OUTPUT_DIR="adversarial_results_ep100_pre300" adversarial_hpc_submit.pbs </dev/null
[2026-09-08 11:06:45] [OK] MobileNet/Cifar10/BIM/ALL
[2026-09-08 11:06:45] [OK] qsub output: Your job 6480247 ("adversarial_hpc_submit.pbs") has been submitted
[2026-09-08 11:06:45] [SUBMIT] MobileNet/Cifar10/APGD/ALL
[2026-09-08 11:06:45] [CMD] qsub -q all.q -l ngpus=1 -v MODEL="MobileNet",DATASET="Cifar10",ATTACK="APGD",KIND="ALL",PHASE="generate",OUTPUT_DIR="adversarial_results_ep200_pre200" adversarial_hpc_submit.pbs </dev/null
[2026-09-08 11:06:46] [OK] MobileNet/Cifar10/APGD/ALL
[2026-09-08 11:06:46] [OK] qsub output: Your job 6480246 ("adversarial_hpc_submit.pbs") has been submitted
[2026-09-08 11:06:46] [SUBMIT] MobileNet/Cifar10/CW/ALL
[2026-09-08 11:06:46] [CMD] qsub -q all.q -l ngpus=1 -v MODEL="MobileNet",DATASET="Cifar10",ATTACK="CW",KIND="ALL",PHASE="generate",OUTPUT_DIR="adversarial_results_ep300_pre100" adversarial_hpc_submit.pbs </dev/null
[2026-09-08 11:06:47] [OK] MobileNet/Cifar10/BIM/ALL
[2026-09-08 11:06:48] [OK] MobileNet/Cifar10/APGD/ALL
[2026-09-08 11:06:48] [OK] qsub output: Your job 6480248 ("adversarial_hpc_submit.pbs") has been submitted
[2026-09-08 11:06:49] [OK] qsub output: Your job 6480249 ("adversarial_hpc_submit.pbs") has been submitted
[2026-09-08 11:06:49] [SUBMIT] MobileNet/Cifar10/APGD/ALL
[2026-09-08 11:06:49] [SUBMIT] MobileNet/Cifar10/CW/ALL
[2026-09-08 11:06:49] [CMD] qsub -q all.q -l ngpus=1 -v MODEL="MobileNet",DATASET="Cifar10",ATTACK="APGD",KIND="ALL",PHASE="generate",OUTPUT_DIR="adversarial_results_ep100_pre300" adversarial_hpc_submit.pbs </dev/null
[2026-09-08 11:06:49] [CMD] qsub -q all.q -l ngpus=1 -v MODEL="MobileNet",DATASET="Cifar10",ATTACK="CW",KIND="ALL",PHASE="generate",OUTPUT_DIR="adversarial_results_ep200_pre200" adversarial_hpc_submit.pbs </dev/null
[2026-09-08 11:06:56] [OK] MobileNet/Cifar10/CW/ALL
[2026-09-08 11:06:56] [OK] qsub output: Your job 6480250 ("adversarial_hpc_submit.pbs") has been submitted
[2026-09-08 11:06:56] [SUBMIT] MobileNet/Cifar10/DeepFool/ALL
[2026-09-08 11:06:56] [CMD] qsub -q all.q -l ngpus=1 -v MODEL="MobileNet",DATASET="Cifar10",ATTACK="DeepFool",KIND="ALL",PHASE="generate",OUTPUT_DIR="adversarial_results_ep300_pre100" adversarial_hpc_submit.pbs </dev/null
[2026-09-08 11:06:57] [OK] MobileNet/Cifar10/APGD/ALL
[2026-09-08 11:06:57] [OK] qsub output: Your job 6480251 ("adversarial_hpc_submit.pbs") has been submitted
[2026-09-08 11:06:58] [SUBMIT] MobileNet/Cifar10/CW/ALL
[2026-09-08 11:06:58] [CMD] qsub -q all.q -l ngpus=1 -v MODEL="MobileNet",DATASET="Cifar10",ATTACK="CW",KIND="ALL",PHASE="generate",OUTPUT_DIR="adversarial_results_ep100_pre300" adversarial_hpc_submit.pbs </dev/null
[2026-09-08 11:06:58] [OK] MobileNet/Cifar10/CW/ALL
[2026-09-08 11:06:58] [OK] qsub output: Your job 6480252 ("adversarial_hpc_submit.pbs") has been submitted
[2026-09-08 11:06:58] [SUBMIT] MobileNet/Cifar10/DeepFool/ALL
[2026-09-08 11:06:58] [CMD] qsub -q all.q -l ngpus=1 -v MODEL="MobileNet",DATASET="Cifar10",ATTACK="DeepFool",KIND="ALL",PHASE="generate",OUTPUT_DIR="adversarial_results_ep200_pre200" adversarial_hpc_submit.pbs </dev/null
[2026-09-08 11:07:02] [OK] MobileNet/Cifar10/DeepFool/ALL
[2026-09-08 11:07:02] [OK] qsub output: Your job 6480253 ("adversarial_hpc_submit.pbs") has been submitted
[2026-09-08 11:07:02] [SUBMIT] MobileNet/Cifar100/PGD/ALL
[2026-09-08 11:07:02] [CMD] qsub -q all.q -l ngpus=1 -v MODEL="MobileNet",DATASET="Cifar100",ATTACK="PGD",KIND="ALL",PHASE="generate",OUTPUT_DIR="adversarial_results_ep300_pre100" adversarial_hpc_submit.pbs </dev/null
[2026-09-08 11:07:06] [OK] MobileNet/Cifar10/CW/ALL
[2026-09-08 11:07:06] [OK] qsub output: Your job 6480254 ("adversarial_hpc_submit.pbs") has been submitted
[2026-09-08 11:07:06] [SUBMIT] MobileNet/Cifar10/DeepFool/ALL
[2026-09-08 11:07:06] [CMD] qsub -q all.q -l ngpus=1 -v MODEL="MobileNet",DATASET="Cifar10",ATTACK="DeepFool",KIND="ALL",PHASE="generate",OUTPUT_DIR="adversarial_results_ep100_pre300" adversarial_hpc_submit.pbs </dev/null
[2026-09-08 11:07:07] [OK] MobileNet/Cifar10/DeepFool/ALL
[2026-09-08 11:07:07] [OK] qsub output: Your job 6480255 ("adversarial_hpc_submit.pbs") has been submitted
[2026-09-08 11:07:07] [SUBMIT] MobileNet/Cifar100/PGD/ALL
[2026-09-08 11:07:07] [CMD] qsub -q all.q -l ngpus=1 -v MODEL="MobileNet",DATASET="Cifar100",ATTACK="PGD",KIND="ALL",PHASE="generate",OUTPUT_DIR="adversarial_results_ep200_pre200" adversarial_hpc_submit.pbs </dev/null
[2026-09-08 11:07:13] [OK] MobileNet/Cifar10/DeepFool/ALL
[2026-09-08 11:07:13] [OK] qsub output: Your job 6480257 ("adversarial_hpc_submit.pbs") has been submitted
[2026-09-08 11:07:13] [SUBMIT] MobileNet/Cifar100/PGD/ALL
[2026-09-08 11:07:13] [CMD] qsub -q all.q -l ngpus=1 -v MODEL="MobileNet",DATASET="Cifar100",ATTACK="PGD",KIND="ALL",PHASE="generate",OUTPUT_DIR="adversarial_results_ep100_pre300" adversarial_hpc_submit.pbs </dev/null
[2026-09-08 11:07:13] [OK] MobileNet/Cifar100/PGD/ALL
[2026-09-08 11:07:13] [OK] qsub output: Your job 6480256 ("adversarial_hpc_submit.pbs") has been submitted
[2026-09-08 11:07:13] [SUBMIT] MobileNet/Cifar100/FGSM/ALL
[2026-09-08 11:07:13] [CMD] qsub -q all.q -l ngpus=1 -v MODEL="MobileNet",DATASET="Cifar100",ATTACK="FGSM",KIND="ALL",PHASE="generate",OUTPUT_DIR="adversarial_results_ep300_pre100" adversarial_hpc_submit.pbs </dev/null
[2026-09-08 11:07:15] [OK] MobileNet/Cifar100/PGD/ALL
[2026-09-08 11:07:15] [OK] qsub output: Your job 6480259 ("adversarial_hpc_submit.pbs") has been submitted
[2026-09-08 11:07:15] [SUBMIT] MobileNet/Cifar100/FGSM/ALL
[2026-09-08 11:07:15] [CMD] qsub -q all.q -l ngpus=1 -v MODEL="MobileNet",DATASET="Cifar100",ATTACK="FGSM",KIND="ALL",PHASE="generate",OUTPUT_DIR="adversarial_results_ep100_pre300" adversarial_hpc_submit.pbs </dev/null
[2026-09-08 11:07:16] [OK] MobileNet/Cifar100/FGSM/ALL
[2026-09-08 11:07:16] [OK] qsub output: Your job 6480260 ("adversarial_hpc_submit.pbs") has been submitted
[2026-09-08 11:07:16] [SUBMIT] MobileNet/Cifar100/IFGSM/ALL
[2026-09-08 11:07:16] [CMD] qsub -q all.q -l ngpus=1 -v MODEL="MobileNet",DATASET="Cifar100",ATTACK="IFGSM",KIND="ALL",PHASE="generate",OUTPUT_DIR="adversarial_results_ep300_pre100" adversarial_hpc_submit.pbs </dev/null
[2026-09-08 11:07:22] [OK] MobileNet/Cifar100/PGD/ALL
[2026-09-08 11:07:22] [OK] qsub output: Your job 6480258 ("adversarial_hpc_submit.pbs") has been submitted
[2026-09-08 11:07:22] [SUBMIT] MobileNet/Cifar100/FGSM/ALL
[2026-09-08 11:07:22] [CMD] qsub -q all.q -l ngpus=1 -v MODEL="MobileNet",DATASET="Cifar100",ATTACK="FGSM",KIND="ALL",PHASE="generate",OUTPUT_DIR="adversarial_results_ep200_pre200" adversarial_hpc_submit.pbs </dev/null
[2026-09-08 11:07:24] [OK] MobileNet/Cifar100/FGSM/ALL
[2026-09-08 11:07:24] [OK] qsub output: Your job 6480261 ("adversarial_hpc_submit.pbs") has been submitted
[2026-09-08 11:07:24] [SUBMIT] MobileNet/Cifar100/IFGSM/ALL
[2026-09-08 11:07:24] [CMD] qsub -q all.q -l ngpus=1 -v MODEL="MobileNet",DATASET="Cifar100",ATTACK="IFGSM",KIND="ALL",PHASE="generate",OUTPUT_DIR="adversarial_results_ep100_pre300" adversarial_hpc_submit.pbs </dev/null
[2026-09-08 11:07:25] [OK] MobileNet/Cifar100/IFGSM/ALL
[2026-09-08 11:07:25] [OK] qsub output: Your job 6480262 ("adversarial_hpc_submit.pbs") has been submitted
[2026-09-08 11:07:25] [SUBMIT] MobileNet/Cifar100/BIM/ALL
[2026-09-08 11:07:25] [CMD] qsub -q all.q -l ngpus=1 -v MODEL="MobileNet",DATASET="Cifar100",ATTACK="BIM",KIND="ALL",PHASE="generate",OUTPUT_DIR="adversarial_results_ep300_pre100" adversarial_hpc_submit.pbs </dev/null
[2026-09-08 11:07:27] [OK] MobileNet/Cifar100/IFGSM/ALL
[2026-09-08 11:07:27] [OK] qsub output: Your job 6480264 ("adversarial_hpc_submit.pbs") has been submitted
[2026-09-08 11:07:27] [SUBMIT] MobileNet/Cifar100/BIM/ALL
[2026-09-08 11:07:27] [CMD] qsub -q all.q -l ngpus=1 -v MODEL="MobileNet",DATASET="Cifar100",ATTACK="BIM",KIND="ALL",PHASE="generate",OUTPUT_DIR="adversarial_results_ep100_pre300" adversarial_hpc_submit.pbs </dev/null
[2026-09-08 11:07:29] [OK] MobileNet/Cifar100/FGSM/ALL
[2026-09-08 11:07:29] [OK] qsub output: Your job 6480263 ("adversarial_hpc_submit.pbs") has been submitted
[2026-09-08 11:07:29] [SUBMIT] MobileNet/Cifar100/IFGSM/ALL
[2026-09-08 11:07:29] [CMD] qsub -q all.q -l ngpus=1 -v MODEL="MobileNet",DATASET="Cifar100",ATTACK="IFGSM",KIND="ALL",PHASE="generate",OUTPUT_DIR="adversarial_results_ep200_pre200" adversarial_hpc_submit.pbs </dev/null
[2026-09-08 11:07:33] [OK] MobileNet/Cifar100/BIM/ALL
[2026-09-08 11:07:33] [OK] qsub output: Your job 6480265 ("adversarial_hpc_submit.pbs") has been submitted
[2026-09-08 11:07:33] [SUBMIT] MobileNet/Cifar100/APGD/ALL
[2026-09-08 11:07:33] [CMD] qsub -q all.q -l ngpus=1 -v MODEL="MobileNet",DATASET="Cifar100",ATTACK="APGD",KIND="ALL",PHASE="generate",OUTPUT_DIR="adversarial_results_ep300_pre100" adversarial_hpc_submit.pbs </dev/null
[2026-09-08 11:07:33] [OK] MobileNet/Cifar100/BIM/ALL
[2026-09-08 11:07:33] [OK] qsub output: Your job 6480266 ("adversarial_hpc_submit.pbs") has been submitted
[2026-09-08 11:07:33] [SUBMIT] MobileNet/Cifar100/APGD/ALL
[2026-09-08 11:07:33] [CMD] qsub -q all.q -l ngpus=1 -v MODEL="MobileNet",DATASET="Cifar100",ATTACK="APGD",KIND="ALL",PHASE="generate",OUTPUT_DIR="adversarial_results_ep100_pre300" adversarial_hpc_submit.pbs </dev/null
[2026-09-08 11:07:41] [OK] MobileNet/Cifar100/IFGSM/ALL
[2026-09-08 11:07:41] [OK] qsub output: Your job 6480267 ("adversarial_hpc_submit.pbs") has been submitted
[2026-09-08 11:07:41] [SUBMIT] MobileNet/Cifar100/BIM/ALL
[2026-09-08 11:07:41] [CMD] qsub -q all.q -l ngpus=1 -v MODEL="MobileNet",DATASET="Cifar100",ATTACK="BIM",KIND="ALL",PHASE="generate",OUTPUT_DIR="adversarial_results_ep200_pre200" adversarial_hpc_submit.pbs </dev/null
[2026-09-08 11:07:42] [OK] MobileNet/Cifar100/APGD/ALL
[2026-09-08 11:07:42] [OK] qsub output: Your job 6480268 ("adversarial_hpc_submit.pbs") has been submitted
[2026-09-08 11:07:42] [SUBMIT] MobileNet/Cifar100/CW/ALL
[2026-09-08 11:07:42] [CMD] qsub -q all.q -l ngpus=1 -v MODEL="MobileNet",DATASET="Cifar100",ATTACK="CW",KIND="ALL",PHASE="generate",OUTPUT_DIR="adversarial_results_ep300_pre100" adversarial_hpc_submit.pbs </dev/null
[2026-09-08 11:07:45] [OK] MobileNet/Cifar100/APGD/ALL
[2026-09-08 11:07:45] [OK] qsub output: Your job 6480269 ("adversarial_hpc_submit.pbs") has been submitted
[2026-09-08 11:07:45] [SUBMIT] MobileNet/Cifar100/CW/ALL
[2026-09-08 11:07:45] [CMD] qsub -q all.q -l ngpus=1 -v MODEL="MobileNet",DATASET="Cifar100",ATTACK="CW",KIND="ALL",PHASE="generate",OUTPUT_DIR="adversarial_results_ep100_pre300" adversarial_hpc_submit.pbs </dev/null
[2026-09-08 11:07:47] [OK] MobileNet/Cifar100/BIM/ALL
[2026-09-08 11:07:47] [OK] qsub output: Your job 6480270 ("adversarial_hpc_submit.pbs") has been submitted
[2026-09-08 11:07:47] [SUBMIT] MobileNet/Cifar100/APGD/ALL
[2026-09-08 11:07:47] [CMD] qsub -q all.q -l ngpus=1 -v MODEL="MobileNet",DATASET="Cifar100",ATTACK="APGD",KIND="ALL",PHASE="generate",OUTPUT_DIR="adversarial_results_ep200_pre200" adversarial_hpc_submit.pbs </dev/null
[2026-09-08 11:07:48] [OK] MobileNet/Cifar100/CW/ALL
[2026-09-08 11:07:48] [OK] qsub output: Your job 6480272 ("adversarial_hpc_submit.pbs") has been submitted
[2026-09-08 11:07:49] [SUBMIT] MobileNet/Cifar100/DeepFool/ALL
[2026-09-08 11:07:49] [CMD] qsub -q all.q -l ngpus=1 -v MODEL="MobileNet",DATASET="Cifar100",ATTACK="DeepFool",KIND="ALL",PHASE="generate",OUTPUT_DIR="adversarial_results_ep100_pre300" adversarial_hpc_submit.pbs </dev/null
[2026-09-08 11:07:50] [OK] MobileNet/Cifar100/CW/ALL
[2026-09-08 11:07:50] [OK] qsub output: Your job 6480271 ("adversarial_hpc_submit.pbs") has been submitted
[2026-09-08 11:07:50] [SUBMIT] MobileNet/Cifar100/DeepFool/ALL
[2026-09-08 11:07:50] [CMD] qsub -q all.q -l ngpus=1 -v MODEL="MobileNet",DATASET="Cifar100",ATTACK="DeepFool",KIND="ALL",PHASE="generate",OUTPUT_DIR="adversarial_results_ep300_pre100" adversarial_hpc_submit.pbs </dev/null
[2026-09-08 11:07:56] [OK] MobileNet/Cifar100/APGD/ALL
[2026-09-08 11:07:56] [OK] qsub output: Your job 6480273 ("adversarial_hpc_submit.pbs") has been submitted
[2026-09-08 11:07:56] [SUBMIT] MobileNet/Cifar100/CW/ALL
[2026-09-08 11:07:56] [CMD] qsub -q all.q -l ngpus=1 -v MODEL="MobileNet",DATASET="Cifar100",ATTACK="CW",KIND="ALL",PHASE="generate",OUTPUT_DIR="adversarial_results_ep200_pre200" adversarial_hpc_submit.pbs </dev/null
[2026-09-08 11:07:58] [OK] MobileNet/Cifar100/DeepFool/ALL
[2026-09-08 11:07:58] [OK] qsub output: Your job 6480274 ("adversarial_hpc_submit.pbs") has been submitted
[2026-09-08 11:07:58] [SUBMIT] MobileNet/TinyImageNet/PGD/ALL
[2026-09-08 11:07:58] [CMD] qsub -q all.q -l ngpus=1 -v MODEL="MobileNet",DATASET="TinyImageNet",ATTACK="PGD",KIND="ALL",PHASE="generate",OUTPUT_DIR="adversarial_results_ep100_pre300" adversarial_hpc_submit.pbs </dev/null
[2026-09-08 11:08:03] [OK] MobileNet/Cifar100/DeepFool/ALL
[2026-09-08 11:08:03] [OK] qsub output: Your job 6480275 ("adversarial_hpc_submit.pbs") has been submitted
[2026-09-08 11:08:03] [SUBMIT] MobileNet/TinyImageNet/PGD/ALL
[2026-09-08 11:08:03] [CMD] qsub -q all.q -l ngpus=1 -v MODEL="MobileNet",DATASET="TinyImageNet",ATTACK="PGD",KIND="ALL",PHASE="generate",OUTPUT_DIR="adversarial_results_ep300_pre100" adversarial_hpc_submit.pbs </dev/null
[2026-09-08 11:08:06] [OK] MobileNet/Cifar100/CW/ALL
[2026-09-08 11:08:07] [OK] qsub output: Your job 6480276 ("adversarial_hpc_submit.pbs") has been submitted
[2026-09-08 11:08:07] [SUBMIT] MobileNet/Cifar100/DeepFool/ALL
[2026-09-08 11:08:07] [CMD] qsub -q all.q -l ngpus=1 -v MODEL="MobileNet",DATASET="Cifar100",ATTACK="DeepFool",KIND="ALL",PHASE="generate",OUTPUT_DIR="adversarial_results_ep200_pre200" adversarial_hpc_submit.pbs </dev/null
[2026-09-08 11:08:07] [OK] MobileNet/TinyImageNet/PGD/ALL
[2026-09-08 11:08:07] [OK] qsub output: Your job 6480277 ("adversarial_hpc_submit.pbs") has been submitted
[2026-09-08 11:08:07] [SUBMIT] MobileNet/TinyImageNet/FGSM/ALL
[2026-09-08 11:08:07] [CMD] qsub -q all.q -l ngpus=1 -v MODEL="MobileNet",DATASET="TinyImageNet",ATTACK="FGSM",KIND="ALL",PHASE="generate",OUTPUT_DIR="adversarial_results_ep100_pre300" adversarial_hpc_submit.pbs </dev/null
[2026-09-08 11:08:13] [OK] MobileNet/Cifar100/DeepFool/ALL
[2026-09-08 11:08:13] [OK] qsub output: Your job 6480279 ("adversarial_hpc_submit.pbs") has been submitted
[2026-09-08 11:08:13] [SUBMIT] MobileNet/TinyImageNet/PGD/ALL
[2026-09-08 11:08:13] [CMD] qsub -q all.q -l ngpus=1 -v MODEL="MobileNet",DATASET="TinyImageNet",ATTACK="PGD",KIND="ALL",PHASE="generate",OUTPUT_DIR="adversarial_results_ep200_pre200" adversarial_hpc_submit.pbs </dev/null
[2026-09-08 11:08:13] [OK] MobileNet/TinyImageNet/PGD/ALL
[2026-09-08 11:08:13] [OK] qsub output: Your job 6480278 ("adversarial_hpc_submit.pbs") has been submitted
[2026-09-08 11:08:14] [SUBMIT] MobileNet/TinyImageNet/FGSM/ALL
[2026-09-08 11:08:14] [CMD] qsub -q all.q -l ngpus=1 -v MODEL="MobileNet",DATASET="TinyImageNet",ATTACK="FGSM",KIND="ALL",PHASE="generate",OUTPUT_DIR="adversarial_results_ep300_pre100" adversarial_hpc_submit.pbs </dev/null
[2026-09-08 11:08:22] [OK] MobileNet/TinyImageNet/FGSM/ALL
[2026-09-08 11:08:22] [OK] qsub output: Your job 6480280 ("adversarial_hpc_submit.pbs") has been submitted
[2026-09-08 11:08:22] [SUBMIT] MobileNet/TinyImageNet/IFGSM/ALL
[2026-09-08 11:08:23] [CMD] qsub -q all.q -l ngpus=1 -v MODEL="MobileNet",DATASET="TinyImageNet",ATTACK="IFGSM",KIND="ALL",PHASE="generate",OUTPUT_DIR="adversarial_results_ep100_pre300" adversarial_hpc_submit.pbs </dev/null
[2026-09-08 11:08:24] [OK] MobileNet/TinyImageNet/PGD/ALL
[2026-09-08 11:08:24] [OK] qsub output: Your job 6480281 ("adversarial_hpc_submit.pbs") has been submitted
[2026-09-08 11:08:24] [SUBMIT] MobileNet/TinyImageNet/FGSM/ALL
[2026-09-08 11:08:24] [CMD] qsub -q all.q -l ngpus=1 -v MODEL="MobileNet",DATASET="TinyImageNet",ATTACK="FGSM",KIND="ALL",PHASE="generate",OUTPUT_DIR="adversarial_results_ep200_pre200" adversarial_hpc_submit.pbs </dev/null
[2026-09-08 11:08:29] [OK] MobileNet/TinyImageNet/FGSM/ALL
[2026-09-08 11:08:29] [OK] qsub output: Your job 6480282 ("adversarial_hpc_submit.pbs") has been submitted
[2026-09-08 11:08:30] [SUBMIT] MobileNet/TinyImageNet/IFGSM/ALL
[2026-09-08 11:08:30] [CMD] qsub -q all.q -l ngpus=1 -v MODEL="MobileNet",DATASET="TinyImageNet",ATTACK="IFGSM",KIND="ALL",PHASE="generate",OUTPUT_DIR="adversarial_results_ep300_pre100" adversarial_hpc_submit.pbs </dev/null
[2026-09-08 11:08:35] [OK] MobileNet/TinyImageNet/IFGSM/ALL
[2026-09-08 11:08:35] [OK] qsub output: Your job 6480284 ("adversarial_hpc_submit.pbs") has been submitted
[2026-09-08 11:08:35] [SUBMIT] MobileNet/TinyImageNet/BIM/ALL
[2026-09-08 11:08:35] [CMD] qsub -q all.q -l ngpus=1 -v MODEL="MobileNet",DATASET="TinyImageNet",ATTACK="BIM",KIND="ALL",PHASE="generate",OUTPUT_DIR="adversarial_results_ep100_pre300" adversarial_hpc_submit.pbs </dev/null
[2026-09-08 11:08:37] [OK] MobileNet/TinyImageNet/IFGSM/ALL
[2026-09-08 11:08:37] [OK] qsub output: Your job 6480286 ("adversarial_hpc_submit.pbs") has been submitted
[2026-09-08 11:08:37] [SUBMIT] MobileNet/TinyImageNet/BIM/ALL
[2026-09-08 11:08:37] [CMD] qsub -q all.q -l ngpus=1 -v MODEL="MobileNet",DATASET="TinyImageNet",ATTACK="BIM",KIND="ALL",PHASE="generate",OUTPUT_DIR="adversarial_results_ep300_pre100" adversarial_hpc_submit.pbs </dev/null
[2026-09-08 11:08:38] [OK] MobileNet/TinyImageNet/BIM/ALL
[2026-09-08 11:08:38] [OK] qsub output: Your job 6480287 ("adversarial_hpc_submit.pbs") has been submitted
[2026-09-08 11:08:39] [SUBMIT] MobileNet/TinyImageNet/APGD/ALL
[2026-09-08 11:08:39] [CMD] qsub -q all.q -l ngpus=1 -v MODEL="MobileNet",DATASET="TinyImageNet",ATTACK="APGD",KIND="ALL",PHASE="generate",OUTPUT_DIR="adversarial_results_ep100_pre300" adversarial_hpc_submit.pbs </dev/null
[2026-09-08 11:08:42] [OK] MobileNet/TinyImageNet/FGSM/ALL
[2026-09-08 11:08:42] [OK] qsub output: Your job 6480285 ("adversarial_hpc_submit.pbs") has been submitted
[2026-09-08 11:08:42] [SUBMIT] MobileNet/TinyImageNet/IFGSM/ALL
[2026-09-08 11:08:42] [CMD] qsub -q all.q -l ngpus=1 -v MODEL="MobileNet",DATASET="TinyImageNet",ATTACK="IFGSM",KIND="ALL",PHASE="generate",OUTPUT_DIR="adversarial_results_ep200_pre200" adversarial_hpc_submit.pbs </dev/null
[2026-09-08 11:08:44] [OK] MobileNet/TinyImageNet/APGD/ALL
[2026-09-08 11:08:44] [OK] qsub output: Your job 6480289 ("adversarial_hpc_submit.pbs") has been submitted
[2026-09-08 11:08:44] [SUBMIT] MobileNet/TinyImageNet/CW/ALL
[2026-09-08 11:08:44] [CMD] qsub -q all.q -l ngpus=1 -v MODEL="MobileNet",DATASET="TinyImageNet",ATTACK="CW",KIND="ALL",PHASE="generate",OUTPUT_DIR="adversarial_results_ep100_pre300" adversarial_hpc_submit.pbs </dev/null
[2026-09-08 11:08:47] [OK] MobileNet/TinyImageNet/BIM/ALL
[2026-09-08 11:08:47] [OK] qsub output: Your job 6480288 ("adversarial_hpc_submit.pbs") has been submitted
[2026-09-08 11:08:47] [SUBMIT] MobileNet/TinyImageNet/APGD/ALL
[2026-09-08 11:08:47] [CMD] qsub -q all.q -l ngpus=1 -v MODEL="MobileNet",DATASET="TinyImageNet",ATTACK="APGD",KIND="ALL",PHASE="generate",OUTPUT_DIR="adversarial_results_ep300_pre100" adversarial_hpc_submit.pbs </dev/null
[2026-09-08 11:08:54] [OK] MobileNet/TinyImageNet/IFGSM/ALL
[2026-09-08 11:08:54] [OK] qsub output: Your job 6480290 ("adversarial_hpc_submit.pbs") has been submitted
[2026-09-08 11:08:54] [SUBMIT] MobileNet/TinyImageNet/BIM/ALL
[2026-09-08 11:08:54] [CMD] qsub -q all.q -l ngpus=1 -v MODEL="MobileNet",DATASET="TinyImageNet",ATTACK="BIM",KIND="ALL",PHASE="generate",OUTPUT_DIR="adversarial_results_ep200_pre200" adversarial_hpc_submit.pbs </dev/null
[2026-09-08 11:08:55] [OK] MobileNet/TinyImageNet/CW/ALL
[2026-09-08 11:08:55] [OK] qsub output: Your job 6480291 ("adversarial_hpc_submit.pbs") has been submitted
[2026-09-08 11:08:55] [SUBMIT] MobileNet/TinyImageNet/DeepFool/ALL
[2026-09-08 11:08:55] [CMD] qsub -q all.q -l ngpus=1 -v MODEL="MobileNet",DATASET="TinyImageNet",ATTACK="DeepFool",KIND="ALL",PHASE="generate",OUTPUT_DIR="adversarial_results_ep100_pre300" adversarial_hpc_submit.pbs </dev/null
[2026-09-08 11:08:56] [OK] MobileNet/TinyImageNet/APGD/ALL
[2026-09-08 11:08:56] [OK] qsub output: Your job 6480292 ("adversarial_hpc_submit.pbs") has been submitted
[2026-09-08 11:08:56] [SUBMIT] MobileNet/TinyImageNet/CW/ALL
[2026-09-08 11:08:56] [CMD] qsub -q all.q -l ngpus=1 -v MODEL="MobileNet",DATASET="TinyImageNet",ATTACK="CW",KIND="ALL",PHASE="generate",OUTPUT_DIR="adversarial_results_ep300_pre100" adversarial_hpc_submit.pbs </dev/null
[2026-09-08 11:09:02] [OK] MobileNet/TinyImageNet/BIM/ALL
[2026-09-08 11:09:02] [OK] qsub output: Your job 6480293 ("adversarial_hpc_submit.pbs") has been submitted
[2026-09-08 11:09:02] [SUBMIT] MobileNet/TinyImageNet/APGD/ALL
[2026-09-08 11:09:02] [CMD] qsub -q all.q -l ngpus=1 -v MODEL="MobileNet",DATASET="TinyImageNet",ATTACK="APGD",KIND="ALL",PHASE="generate",OUTPUT_DIR="adversarial_results_ep200_pre200" adversarial_hpc_submit.pbs </dev/null
[2026-09-08 11:09:09] [OK] MobileNet/TinyImageNet/DeepFool/ALL
[2026-09-08 11:09:09] [OK] qsub output: Your job 6480295 ("adversarial_hpc_submit.pbs") has been submitted
[2026-09-08 11:09:10] [SUBMIT] XceptionNet/Cifar10/PGD/ALL
[2026-09-08 11:09:10] [CMD] qsub -q all.q -l ngpus=1 -v MODEL="XceptionNet",DATASET="Cifar10",ATTACK="PGD",KIND="ALL",PHASE="generate",OUTPUT_DIR="adversarial_results_ep100_pre300" adversarial_hpc_submit.pbs </dev/null
[2026-09-08 11:09:10] [OK] MobileNet/TinyImageNet/CW/ALL
[2026-09-08 11:09:10] [OK] qsub output: Your job 6480296 ("adversarial_hpc_submit.pbs") has been submitted
[2026-09-08 11:09:11] [SUBMIT] MobileNet/TinyImageNet/DeepFool/ALL
[2026-09-08 11:09:11] [CMD] qsub -q all.q -l ngpus=1 -v MODEL="MobileNet",DATASET="TinyImageNet",ATTACK="DeepFool",KIND="ALL",PHASE="generate",OUTPUT_DIR="adversarial_results_ep300_pre100" adversarial_hpc_submit.pbs </dev/null
[2026-09-08 11:09:13] [OK] MobileNet/TinyImageNet/APGD/ALL
[2026-09-08 11:09:13] [OK] qsub output: Your job 6480297 ("adversarial_hpc_submit.pbs") has been submitted
[2026-09-08 11:09:13] [SUBMIT] MobileNet/TinyImageNet/CW/ALL
[2026-09-08 11:09:13] [CMD] qsub -q all.q -l ngpus=1 -v MODEL="MobileNet",DATASET="TinyImageNet",ATTACK="CW",KIND="ALL",PHASE="generate",OUTPUT_DIR="adversarial_results_ep200_pre200" adversarial_hpc_submit.pbs </dev/null
[2026-09-08 11:09:16] [OK] XceptionNet/Cifar10/PGD/ALL
[2026-09-08 11:09:16] [OK] qsub output: Your job 6480299 ("adversarial_hpc_submit.pbs") has been submitted
[2026-09-08 11:09:16] [SUBMIT] XceptionNet/Cifar10/FGSM/ALL
[2026-09-08 11:09:16] [CMD] qsub -q all.q -l ngpus=1 -v MODEL="XceptionNet",DATASET="Cifar10",ATTACK="FGSM",KIND="ALL",PHASE="generate",OUTPUT_DIR="adversarial_results_ep100_pre300" adversarial_hpc_submit.pbs </dev/null
[2026-09-08 11:09:21] [OK] MobileNet/TinyImageNet/CW/ALL
[2026-09-08 11:09:21] [OK] qsub output: Your job 6480301 ("adversarial_hpc_submit.pbs") has been submitted
[2026-09-08 11:09:22] [SUBMIT] MobileNet/TinyImageNet/DeepFool/ALL
[2026-09-08 11:09:22] [CMD] qsub -q all.q -l ngpus=1 -v MODEL="MobileNet",DATASET="TinyImageNet",ATTACK="DeepFool",KIND="ALL",PHASE="generate",OUTPUT_DIR="adversarial_results_ep200_pre200" adversarial_hpc_submit.pbs </dev/null
[2026-09-08 11:09:22] [OK] MobileNet/TinyImageNet/DeepFool/ALL
[2026-09-08 11:09:22] [OK] qsub output: Your job 6480300 ("adversarial_hpc_submit.pbs") has been submitted
[2026-09-08 11:09:22] [SUBMIT] XceptionNet/Cifar10/PGD/ALL
[2026-09-08 11:09:22] [CMD] qsub -q all.q -l ngpus=1 -v MODEL="XceptionNet",DATASET="Cifar10",ATTACK="PGD",KIND="ALL",PHASE="generate",OUTPUT_DIR="adversarial_results_ep300_pre100" adversarial_hpc_submit.pbs </dev/null
[2026-09-08 11:09:31] [OK] XceptionNet/Cifar10/FGSM/ALL
[2026-09-08 11:09:31] [OK] qsub output: Your job 6480302 ("adversarial_hpc_submit.pbs") has been submitted
[2026-09-08 11:09:31] [SUBMIT] XceptionNet/Cifar10/IFGSM/ALL
[2026-09-08 11:09:31] [CMD] qsub -q all.q -l ngpus=1 -v MODEL="XceptionNet",DATASET="Cifar10",ATTACK="IFGSM",KIND="ALL",PHASE="generate",OUTPUT_DIR="adversarial_results_ep100_pre300" adversarial_hpc_submit.pbs </dev/null
[2026-09-08 11:09:32] [OK] MobileNet/TinyImageNet/DeepFool/ALL
[2026-09-08 11:09:32] [OK] qsub output: Your job 6480304 ("adversarial_hpc_submit.pbs") has been submitted
[2026-09-08 11:09:32] [SUBMIT] XceptionNet/Cifar10/PGD/ALL
[2026-09-08 11:09:32] [CMD] qsub -q all.q -l ngpus=1 -v MODEL="XceptionNet",DATASET="Cifar10",ATTACK="PGD",KIND="ALL",PHASE="generate",OUTPUT_DIR="adversarial_results_ep200_pre200" adversarial_hpc_submit.pbs </dev/null
[2026-09-08 11:09:32] [OK] XceptionNet/Cifar10/PGD/ALL
[2026-09-08 11:09:32] [OK] qsub output: Your job 6480305 ("adversarial_hpc_submit.pbs") has been submitted
[2026-09-08 11:09:32] [SUBMIT] XceptionNet/Cifar10/FGSM/ALL
[2026-09-08 11:09:32] [CMD] qsub -q all.q -l ngpus=1 -v MODEL="XceptionNet",DATASET="Cifar10",ATTACK="FGSM",KIND="ALL",PHASE="generate",OUTPUT_DIR="adversarial_results_ep300_pre100" adversarial_hpc_submit.pbs </dev/null
[2026-09-08 11:09:36] [OK] XceptionNet/Cifar10/PGD/ALL
[2026-09-08 11:09:36] [OK] qsub output: Your job 6480308 ("adversarial_hpc_submit.pbs") has been submitted
[2026-09-08 11:09:36] [SUBMIT] XceptionNet/Cifar10/FGSM/ALL
[2026-09-08 11:09:36] [CMD] qsub -q all.q -l ngpus=1 -v MODEL="XceptionNet",DATASET="Cifar10",ATTACK="FGSM",KIND="ALL",PHASE="generate",OUTPUT_DIR="adversarial_results_ep200_pre200" adversarial_hpc_submit.pbs </dev/null
[2026-09-08 11:09:40] [OK] XceptionNet/Cifar10/FGSM/ALL
[2026-09-08 11:09:40] [OK] qsub output: Your job 6480309 ("adversarial_hpc_submit.pbs") has been submitted
[2026-09-08 11:09:40] [SUBMIT] XceptionNet/Cifar10/IFGSM/ALL
[2026-09-08 11:09:40] [CMD] qsub -q all.q -l ngpus=1 -v MODEL="XceptionNet",DATASET="Cifar10",ATTACK="IFGSM",KIND="ALL",PHASE="generate",OUTPUT_DIR="adversarial_results_ep300_pre100" adversarial_hpc_submit.pbs </dev/null
[2026-09-08 11:09:41] [OK] XceptionNet/Cifar10/IFGSM/ALL
[2026-09-08 11:09:41] [OK] qsub output: Your job 6480307 ("adversarial_hpc_submit.pbs") has been submitted
[2026-09-08 11:09:41] [SUBMIT] XceptionNet/Cifar10/BIM/ALL
[2026-09-08 11:09:41] [CMD] qsub -q all.q -l ngpus=1 -v MODEL="XceptionNet",DATASET="Cifar10",ATTACK="BIM",KIND="ALL",PHASE="generate",OUTPUT_DIR="adversarial_results_ep100_pre300" adversarial_hpc_submit.pbs </dev/null
[2026-09-08 11:09:45] [OK] XceptionNet/Cifar10/FGSM/ALL
[2026-09-08 11:09:45] [OK] qsub output: Your job 6480310 ("adversarial_hpc_submit.pbs") has been submitted
[2026-09-08 11:09:45] [SUBMIT] XceptionNet/Cifar10/IFGSM/ALL
[2026-09-08 11:09:45] [CMD] qsub -q all.q -l ngpus=1 -v MODEL="XceptionNet",DATASET="Cifar10",ATTACK="IFGSM",KIND="ALL",PHASE="generate",OUTPUT_DIR="adversarial_results_ep200_pre200" adversarial_hpc_submit.pbs </dev/null
[2026-09-08 11:09:45] [OK] XceptionNet/Cifar10/IFGSM/ALL
[2026-09-08 11:09:45] [OK] qsub output: Your job 6480311 ("adversarial_hpc_submit.pbs") has been submitted
[2026-09-08 11:09:45] [SUBMIT] XceptionNet/Cifar10/BIM/ALL
[2026-09-08 11:09:45] [CMD] qsub -q all.q -l ngpus=1 -v MODEL="XceptionNet",DATASET="Cifar10",ATTACK="BIM",KIND="ALL",PHASE="generate",OUTPUT_DIR="adversarial_results_ep300_pre100" adversarial_hpc_submit.pbs </dev/null
[2026-09-08 11:09:50] [OK] XceptionNet/Cifar10/BIM/ALL
[2026-09-08 11:09:50] [OK] qsub output: Your job 6480313 ("adversarial_hpc_submit.pbs") has been submitted
[2026-09-08 11:09:50] [SUBMIT] XceptionNet/Cifar10/APGD/ALL
[2026-09-08 11:09:50] [CMD] qsub -q all.q -l ngpus=1 -v MODEL="XceptionNet",DATASET="Cifar10",ATTACK="APGD",KIND="ALL",PHASE="generate",OUTPUT_DIR="adversarial_results_ep100_pre300" adversarial_hpc_submit.pbs </dev/null
[2026-09-08 11:09:52] [OK] XceptionNet/Cifar10/IFGSM/ALL
[2026-09-08 11:09:52] [OK] qsub output: Your job 6480314 ("adversarial_hpc_submit.pbs") has been submitted
[2026-09-08 11:09:52] [SUBMIT] XceptionNet/Cifar10/BIM/ALL
[2026-09-08 11:09:52] [CMD] qsub -q all.q -l ngpus=1 -v MODEL="XceptionNet",DATASET="Cifar10",ATTACK="BIM",KIND="ALL",PHASE="generate",OUTPUT_DIR="adversarial_results_ep200_pre200" adversarial_hpc_submit.pbs </dev/null
[2026-09-08 11:09:54] [OK] XceptionNet/Cifar10/APGD/ALL
[2026-09-08 11:09:55] [OK] qsub output: Your job 6480316 ("adversarial_hpc_submit.pbs") has been submitted
[2026-09-08 11:09:55] [SUBMIT] XceptionNet/Cifar10/CW/ALL
[2026-09-08 11:09:55] [CMD] qsub -q all.q -l ngpus=1 -v MODEL="XceptionNet",DATASET="Cifar10",ATTACK="CW",KIND="ALL",PHASE="generate",OUTPUT_DIR="adversarial_results_ep100_pre300" adversarial_hpc_submit.pbs </dev/null
[2026-09-08 11:10:00] [OK] XceptionNet/Cifar10/BIM/ALL
[2026-09-08 11:10:00] [OK] qsub output: Your job 6480317 ("adversarial_hpc_submit.pbs") has been submitted
[2026-09-08 11:10:00] [SUBMIT] XceptionNet/Cifar10/APGD/ALL
[2026-09-08 11:10:00] [CMD] qsub -q all.q -l ngpus=1 -v MODEL="XceptionNet",DATASET="Cifar10",ATTACK="APGD",KIND="ALL",PHASE="generate",OUTPUT_DIR="adversarial_results_ep200_pre200" adversarial_hpc_submit.pbs </dev/null
[2026-09-08 11:10:00] [OK] XceptionNet/Cifar10/BIM/ALL
[2026-09-08 11:10:00] [OK] qsub output: Your job 6480315 ("adversarial_hpc_submit.pbs") has been submitted
[2026-09-08 11:10:00] [SUBMIT] XceptionNet/Cifar10/APGD/ALL
[2026-09-08 11:10:00] [CMD] qsub -q all.q -l ngpus=1 -v MODEL="XceptionNet",DATASET="Cifar10",ATTACK="APGD",KIND="ALL",PHASE="generate",OUTPUT_DIR="adversarial_results_ep300_pre100" adversarial_hpc_submit.pbs </dev/null
[2026-09-08 11:10:02] [OK] XceptionNet/Cifar10/CW/ALL
[2026-09-08 11:10:02] [OK] qsub output: Your job 6480318 ("adversarial_hpc_submit.pbs") has been submitted
[2026-09-08 11:10:02] [SUBMIT] XceptionNet/Cifar10/DeepFool/ALL
[2026-09-08 11:10:02] [CMD] qsub -q all.q -l ngpus=1 -v MODEL="XceptionNet",DATASET="Cifar10",ATTACK="DeepFool",KIND="ALL",PHASE="generate",OUTPUT_DIR="adversarial_results_ep100_pre300" adversarial_hpc_submit.pbs </dev/null
[2026-09-08 11:10:06] [OK] XceptionNet/Cifar10/APGD/ALL
[2026-09-08 11:10:06] [OK] qsub output: Your job 6480320 ("adversarial_hpc_submit.pbs") has been submitted
[2026-09-08 11:10:06] [SUBMIT] XceptionNet/Cifar10/CW/ALL
[2026-09-08 11:10:06] [CMD] qsub -q all.q -l ngpus=1 -v MODEL="XceptionNet",DATASET="Cifar10",ATTACK="CW",KIND="ALL",PHASE="generate",OUTPUT_DIR="adversarial_results_ep300_pre100" adversarial_hpc_submit.pbs </dev/null
[2026-09-08 11:10:09] [OK] XceptionNet/Cifar10/APGD/ALL
[2026-09-08 11:10:09] [OK] qsub output: Your job 6480319 ("adversarial_hpc_submit.pbs") has been submitted
[2026-09-08 11:10:09] [SUBMIT] XceptionNet/Cifar10/CW/ALL
[2026-09-08 11:10:09] [CMD] qsub -q all.q -l ngpus=1 -v MODEL="XceptionNet",DATASET="Cifar10",ATTACK="CW",KIND="ALL",PHASE="generate",OUTPUT_DIR="adversarial_results_ep200_pre200" adversarial_hpc_submit.pbs </dev/null
[2026-09-08 11:10:14] [OK] XceptionNet/Cifar10/DeepFool/ALL
[2026-09-08 11:10:14] [OK] qsub output: Your job 6480321 ("adversarial_hpc_submit.pbs") has been submitted
[2026-09-08 11:10:14] [SUBMIT] XceptionNet/Cifar100/PGD/ALL
[2026-09-08 11:10:14] [CMD] qsub -q all.q -l ngpus=1 -v MODEL="XceptionNet",DATASET="Cifar100",ATTACK="PGD",KIND="ALL",PHASE="generate",OUTPUT_DIR="adversarial_results_ep100_pre300" adversarial_hpc_submit.pbs </dev/null
[2026-09-08 11:10:16] [OK] XceptionNet/Cifar10/CW/ALL
[2026-09-08 11:10:16] [OK] qsub output: Your job 6480322 ("adversarial_hpc_submit.pbs") has been submitted
[2026-09-08 11:10:16] [SUBMIT] XceptionNet/Cifar10/DeepFool/ALL
[2026-09-08 11:10:16] [CMD] qsub -q all.q -l ngpus=1 -v MODEL="XceptionNet",DATASET="Cifar10",ATTACK="DeepFool",KIND="ALL",PHASE="generate",OUTPUT_DIR="adversarial_results_ep300_pre100" adversarial_hpc_submit.pbs </dev/null
[2026-09-08 11:10:23] [OK] XceptionNet/Cifar100/PGD/ALL
[2026-09-08 11:10:23] [OK] qsub output: Your job 6480324 ("adversarial_hpc_submit.pbs") has been submitted
[2026-09-08 11:10:23] [SUBMIT] XceptionNet/Cifar100/FGSM/ALL
[2026-09-08 11:10:23] [CMD] qsub -q all.q -l ngpus=1 -v MODEL="XceptionNet",DATASET="Cifar100",ATTACK="FGSM",KIND="ALL",PHASE="generate",OUTPUT_DIR="adversarial_results_ep100_pre300" adversarial_hpc_submit.pbs </dev/null
[2026-09-08 11:10:24] [OK] XceptionNet/Cifar10/CW/ALL
[2026-09-08 11:10:24] [OK] qsub output: Your job 6480323 ("adversarial_hpc_submit.pbs") has been submitted
[2026-09-08 11:10:24] [SUBMIT] XceptionNet/Cifar10/DeepFool/ALL
[2026-09-08 11:10:24] [CMD] qsub -q all.q -l ngpus=1 -v MODEL="XceptionNet",DATASET="Cifar10",ATTACK="DeepFool",KIND="ALL",PHASE="generate",OUTPUT_DIR="adversarial_results_ep200_pre200" adversarial_hpc_submit.pbs </dev/null
[2026-09-08 11:10:25] [OK] XceptionNet/Cifar10/DeepFool/ALL
[2026-09-08 11:10:25] [OK] qsub output: Your job 6480325 ("adversarial_hpc_submit.pbs") has been submitted
[2026-09-08 11:10:25] [SUBMIT] XceptionNet/Cifar100/PGD/ALL
[2026-09-08 11:10:25] [CMD] qsub -q all.q -l ngpus=1 -v MODEL="XceptionNet",DATASET="Cifar100",ATTACK="PGD",KIND="ALL",PHASE="generate",OUTPUT_DIR="adversarial_results_ep300_pre100" adversarial_hpc_submit.pbs </dev/null
[2026-09-08 11:10:27] [OK] XceptionNet/Cifar10/DeepFool/ALL
[2026-09-08 11:10:27] [OK] qsub output: Your job 6480327 ("adversarial_hpc_submit.pbs") has been submitted
[2026-09-08 11:10:27] [SUBMIT] XceptionNet/Cifar100/PGD/ALL
[2026-09-08 11:10:27] [CMD] qsub -q all.q -l ngpus=1 -v MODEL="XceptionNet",DATASET="Cifar100",ATTACK="PGD",KIND="ALL",PHASE="generate",OUTPUT_DIR="adversarial_results_ep200_pre200" adversarial_hpc_submit.pbs </dev/null
[2026-09-08 11:10:29] [OK] XceptionNet/Cifar100/FGSM/ALL
[2026-09-08 11:10:29] [OK] qsub output: Your job 6480326 ("adversarial_hpc_submit.pbs") has been submitted
[2026-09-08 11:10:29] [SUBMIT] XceptionNet/Cifar100/IFGSM/ALL
[2026-09-08 11:10:29] [CMD] qsub -q all.q -l ngpus=1 -v MODEL="XceptionNet",DATASET="Cifar100",ATTACK="IFGSM",KIND="ALL",PHASE="generate",OUTPUT_DIR="adversarial_results_ep100_pre300" adversarial_hpc_submit.pbs </dev/null
[2026-09-08 11:10:33] [OK] XceptionNet/Cifar100/PGD/ALL
[2026-09-08 11:10:33] [OK] qsub output: Your job 6480328 ("adversarial_hpc_submit.pbs") has been submitted
[2026-09-08 11:10:33] [SUBMIT] XceptionNet/Cifar100/FGSM/ALL
[2026-09-08 11:10:33] [CMD] qsub -q all.q -l ngpus=1 -v MODEL="XceptionNet",DATASET="Cifar100",ATTACK="FGSM",KIND="ALL",PHASE="generate",OUTPUT_DIR="adversarial_results_ep300_pre100" adversarial_hpc_submit.pbs </dev/null
[2026-09-08 11:10:36] [OK] XceptionNet/Cifar100/PGD/ALL
[2026-09-08 11:10:36] [OK] qsub output: Your job 6480329 ("adversarial_hpc_submit.pbs") has been submitted
[2026-09-08 11:10:36] [SUBMIT] XceptionNet/Cifar100/FGSM/ALL
[2026-09-08 11:10:36] [CMD] qsub -q all.q -l ngpus=1 -v MODEL="XceptionNet",DATASET="Cifar100",ATTACK="FGSM",KIND="ALL",PHASE="generate",OUTPUT_DIR="adversarial_results_ep200_pre200" adversarial_hpc_submit.pbs </dev/null
[2026-09-08 11:10:41] [OK] XceptionNet/Cifar100/IFGSM/ALL
[2026-09-08 11:10:41] [OK] qsub output: Your job 6480330 ("adversarial_hpc_submit.pbs") has been submitted
[2026-09-08 11:10:41] [SUBMIT] XceptionNet/Cifar100/BIM/ALL
[2026-09-08 11:10:41] [CMD] qsub -q all.q -l ngpus=1 -v MODEL="XceptionNet",DATASET="Cifar100",ATTACK="BIM",KIND="ALL",PHASE="generate",OUTPUT_DIR="adversarial_results_ep100_pre300" adversarial_hpc_submit.pbs </dev/null
[2026-09-08 11:10:43] [OK] XceptionNet/Cifar100/FGSM/ALL
[2026-09-08 11:10:43] [OK] qsub output: Your job 6480332 ("adversarial_hpc_submit.pbs") has been submitted
[2026-09-08 11:10:43] [SUBMIT] XceptionNet/Cifar100/IFGSM/ALL
[2026-09-08 11:10:43] [CMD] qsub -q all.q -l ngpus=1 -v MODEL="XceptionNet",DATASET="Cifar100",ATTACK="IFGSM",KIND="ALL",PHASE="generate",OUTPUT_DIR="adversarial_results_ep300_pre100" adversarial_hpc_submit.pbs </dev/null
[2026-09-08 11:10:48] [OK] XceptionNet/Cifar100/FGSM/ALL
[2026-09-08 11:10:48] [OK] qsub output: Your job 6480333 ("adversarial_hpc_submit.pbs") has been submitted
[2026-09-08 11:10:48] [SUBMIT] XceptionNet/Cifar100/IFGSM/ALL
[2026-09-08 11:10:48] [CMD] qsub -q all.q -l ngpus=1 -v MODEL="XceptionNet",DATASET="Cifar100",ATTACK="IFGSM",KIND="ALL",PHASE="generate",OUTPUT_DIR="adversarial_results_ep200_pre200" adversarial_hpc_submit.pbs </dev/null
[2026-09-08 11:10:50] [OK] XceptionNet/Cifar100/IFGSM/ALL
[2026-09-08 11:10:50] [OK] qsub output: Your job 6480335 ("adversarial_hpc_submit.pbs") has been submitted
[2026-09-08 11:10:50] [SUBMIT] XceptionNet/Cifar100/BIM/ALL
[2026-09-08 11:10:50] [CMD] qsub -q all.q -l ngpus=1 -v MODEL="XceptionNet",DATASET="Cifar100",ATTACK="BIM",KIND="ALL",PHASE="generate",OUTPUT_DIR="adversarial_results_ep300_pre100" adversarial_hpc_submit.pbs </dev/null
[2026-09-08 11:10:50] [OK] XceptionNet/Cifar100/BIM/ALL
[2026-09-08 11:10:50] [OK] qsub output: Your job 6480334 ("adversarial_hpc_submit.pbs") has been submitted
[2026-09-08 11:10:50] [SUBMIT] XceptionNet/Cifar100/APGD/ALL
[2026-09-08 11:10:50] [CMD] qsub -q all.q -l ngpus=1 -v MODEL="XceptionNet",DATASET="Cifar100",ATTACK="APGD",KIND="ALL",PHASE="generate",OUTPUT_DIR="adversarial_results_ep100_pre300" adversarial_hpc_submit.pbs </dev/null
[2026-09-08 11:10:56] [OK] XceptionNet/Cifar100/BIM/ALL
[2026-09-08 11:10:56] [OK] qsub output: Your job 6480337 ("adversarial_hpc_submit.pbs") has been submitted
[2026-09-08 11:10:56] [SUBMIT] XceptionNet/Cifar100/APGD/ALL
[2026-09-08 11:10:56] [CMD] qsub -q all.q -l ngpus=1 -v MODEL="XceptionNet",DATASET="Cifar100",ATTACK="APGD",KIND="ALL",PHASE="generate",OUTPUT_DIR="adversarial_results_ep300_pre100" adversarial_hpc_submit.pbs </dev/null
[2026-09-08 11:10:57] [OK] XceptionNet/Cifar100/IFGSM/ALL
[2026-09-08 11:10:57] [OK] qsub output: Your job 6480336 ("adversarial_hpc_submit.pbs") has been submitted
[2026-09-08 11:10:57] [SUBMIT] XceptionNet/Cifar100/BIM/ALL
[2026-09-08 11:10:57] [CMD] qsub -q all.q -l ngpus=1 -v MODEL="XceptionNet",DATASET="Cifar100",ATTACK="BIM",KIND="ALL",PHASE="generate",OUTPUT_DIR="adversarial_results_ep200_pre200" adversarial_hpc_submit.pbs </dev/null
[2026-09-08 11:10:57] [OK] XceptionNet/Cifar100/APGD/ALL
[2026-09-08 11:10:58] [OK] qsub output: Your job 6480338 ("adversarial_hpc_submit.pbs") has been submitted
[2026-09-08 11:10:58] [SUBMIT] XceptionNet/Cifar100/CW/ALL
[2026-09-08 11:10:58] [CMD] qsub -q all.q -l ngpus=1 -v MODEL="XceptionNet",DATASET="Cifar100",ATTACK="CW",KIND="ALL",PHASE="generate",OUTPUT_DIR="adversarial_results_ep100_pre300" adversarial_hpc_submit.pbs </dev/null
[2026-09-08 11:11:02] [OK] XceptionNet/Cifar100/APGD/ALL
[2026-09-08 11:11:02] [OK] qsub output: Your job 6480339 ("adversarial_hpc_submit.pbs") has been submitted
[2026-09-08 11:11:03] [SUBMIT] XceptionNet/Cifar100/CW/ALL
[2026-09-08 11:11:03] [CMD] qsub -q all.q -l ngpus=1 -v MODEL="XceptionNet",DATASET="Cifar100",ATTACK="CW",KIND="ALL",PHASE="generate",OUTPUT_DIR="adversarial_results_ep300_pre100" adversarial_hpc_submit.pbs </dev/null
[2026-09-08 11:11:05] [OK] XceptionNet/Cifar100/BIM/ALL
[2026-09-08 11:11:05] [OK] qsub output: Your job 6480340 ("adversarial_hpc_submit.pbs") has been submitted
[2026-09-08 11:11:06] [SUBMIT] XceptionNet/Cifar100/APGD/ALL
[2026-09-08 11:11:06] [CMD] qsub -q all.q -l ngpus=1 -v MODEL="XceptionNet",DATASET="Cifar100",ATTACK="APGD",KIND="ALL",PHASE="generate",OUTPUT_DIR="adversarial_results_ep200_pre200" adversarial_hpc_submit.pbs </dev/null
[2026-09-08 11:11:11] [OK] XceptionNet/Cifar100/CW/ALL
[2026-09-08 11:11:12] [OK] qsub output: Your job 6480341 ("adversarial_hpc_submit.pbs") has been submitted
[2026-09-08 11:11:12] [SUBMIT] XceptionNet/Cifar100/DeepFool/ALL
[2026-09-08 11:11:12] [CMD] qsub -q all.q -l ngpus=1 -v MODEL="XceptionNet",DATASET="Cifar100",ATTACK="DeepFool",KIND="ALL",PHASE="generate",OUTPUT_DIR="adversarial_results_ep100_pre300" adversarial_hpc_submit.pbs </dev/null
[2026-09-08 11:11:16] [OK] XceptionNet/Cifar100/CW/ALL
[2026-09-08 11:11:16] [OK] qsub output: Your job 6480343 ("adversarial_hpc_submit.pbs") has been submitted
[2026-09-08 11:11:16] [SUBMIT] XceptionNet/Cifar100/DeepFool/ALL
[2026-09-08 11:11:16] [CMD] qsub -q all.q -l ngpus=1 -v MODEL="XceptionNet",DATASET="Cifar100",ATTACK="DeepFool",KIND="ALL",PHASE="generate",OUTPUT_DIR="adversarial_results_ep300_pre100" adversarial_hpc_submit.pbs </dev/null
[2026-09-08 11:11:16] [OK] XceptionNet/Cifar100/APGD/ALL
[2026-09-08 11:11:16] [OK] qsub output: Your job 6480344 ("adversarial_hpc_submit.pbs") has been submitted
[2026-09-08 11:11:16] [SUBMIT] XceptionNet/Cifar100/CW/ALL
[2026-09-08 11:11:16] [CMD] qsub -q all.q -l ngpus=1 -v MODEL="XceptionNet",DATASET="Cifar100",ATTACK="CW",KIND="ALL",PHASE="generate",OUTPUT_DIR="adversarial_results_ep200_pre200" adversarial_hpc_submit.pbs </dev/null
[2026-09-08 11:11:24] [OK] XceptionNet/Cifar100/DeepFool/ALL
[2026-09-08 11:11:24] [OK] qsub output: Your job 6480346 ("adversarial_hpc_submit.pbs") has been submitted
[2026-09-08 11:11:24] [SUBMIT] XceptionNet/TinyImageNet/PGD/ALL
[2026-09-08 11:11:24] [CMD] qsub -q all.q -l ngpus=1 -v MODEL="XceptionNet",DATASET="TinyImageNet",ATTACK="PGD",KIND="ALL",PHASE="generate",OUTPUT_DIR="adversarial_results_ep100_pre300" adversarial_hpc_submit.pbs </dev/null
[2026-09-08 11:11:27] [OK] XceptionNet/Cifar100/DeepFool/ALL
[2026-09-08 11:11:27] [OK] qsub output: Your job 6480347 ("adversarial_hpc_submit.pbs") has been submitted
[2026-09-08 11:11:27] [SUBMIT] XceptionNet/TinyImageNet/PGD/ALL
[2026-09-08 11:11:27] [CMD] qsub -q all.q -l ngpus=1 -v MODEL="XceptionNet",DATASET="TinyImageNet",ATTACK="PGD",KIND="ALL",PHASE="generate",OUTPUT_DIR="adversarial_results_ep300_pre100" adversarial_hpc_submit.pbs </dev/null
[2026-09-08 11:11:32] [OK] XceptionNet/TinyImageNet/PGD/ALL
[2026-09-08 11:11:32] [OK] qsub output: Your job 6480349 ("adversarial_hpc_submit.pbs") has been submitted
[2026-09-08 11:11:32] [SUBMIT] XceptionNet/TinyImageNet/FGSM/ALL
[2026-09-08 11:11:32] [CMD] qsub -q all.q -l ngpus=1 -v MODEL="XceptionNet",DATASET="TinyImageNet",ATTACK="FGSM",KIND="ALL",PHASE="generate",OUTPUT_DIR="adversarial_results_ep100_pre300" adversarial_hpc_submit.pbs </dev/null
[2026-09-08 11:11:33] [OK] XceptionNet/Cifar100/CW/ALL
[2026-09-08 11:11:33] [OK] qsub output: Your job 6480348 ("adversarial_hpc_submit.pbs") has been submitted
[2026-09-08 11:11:33] [SUBMIT] XceptionNet/Cifar100/DeepFool/ALL
[2026-09-08 11:11:33] [CMD] qsub -q all.q -l ngpus=1 -v MODEL="XceptionNet",DATASET="Cifar100",ATTACK="DeepFool",KIND="ALL",PHASE="generate",OUTPUT_DIR="adversarial_results_ep200_pre200" adversarial_hpc_submit.pbs </dev/null
[2026-09-08 11:11:39] [OK] XceptionNet/TinyImageNet/PGD/ALL
[2026-09-08 11:11:39] [OK] qsub output: Your job 6480350 ("adversarial_hpc_submit.pbs") has been submitted
[2026-09-08 11:11:39] [SUBMIT] XceptionNet/TinyImageNet/FGSM/ALL
[2026-09-08 11:11:40] [CMD] qsub -q all.q -l ngpus=1 -v MODEL="XceptionNet",DATASET="TinyImageNet",ATTACK="FGSM",KIND="ALL",PHASE="generate",OUTPUT_DIR="adversarial_results_ep300_pre100" adversarial_hpc_submit.pbs </dev/null
[2026-09-08 11:11:45] [OK] XceptionNet/TinyImageNet/FGSM/ALL
[2026-09-08 11:11:45] [OK] qsub output: Your job 6480352 ("adversarial_hpc_submit.pbs") has been submitted
[2026-09-08 11:11:45] [SUBMIT] XceptionNet/TinyImageNet/IFGSM/ALL
[2026-09-08 11:11:45] [CMD] qsub -q all.q -l ngpus=1 -v MODEL="XceptionNet",DATASET="TinyImageNet",ATTACK="IFGSM",KIND="ALL",PHASE="generate",OUTPUT_DIR="adversarial_results_ep100_pre300" adversarial_hpc_submit.pbs </dev/null
[2026-09-08 11:11:45] [OK] XceptionNet/Cifar100/DeepFool/ALL
[2026-09-08 11:11:45] [OK] qsub output: Your job 6480353 ("adversarial_hpc_submit.pbs") has been submitted
[2026-09-08 11:11:45] [SUBMIT] XceptionNet/TinyImageNet/PGD/ALL
[2026-09-08 11:11:45] [CMD] qsub -q all.q -l ngpus=1 -v MODEL="XceptionNet",DATASET="TinyImageNet",ATTACK="PGD",KIND="ALL",PHASE="generate",OUTPUT_DIR="adversarial_results_ep200_pre200" adversarial_hpc_submit.pbs </dev/null
[2026-09-08 11:11:50] [OK] XceptionNet/TinyImageNet/FGSM/ALL
[2026-09-08 11:11:50] [OK] qsub output: Your job 6480354 ("adversarial_hpc_submit.pbs") has been submitted
[2026-09-08 11:11:50] [SUBMIT] XceptionNet/TinyImageNet/IFGSM/ALL
[2026-09-08 11:11:51] [CMD] qsub -q all.q -l ngpus=1 -v MODEL="XceptionNet",DATASET="TinyImageNet",ATTACK="IFGSM",KIND="ALL",PHASE="generate",OUTPUT_DIR="adversarial_results_ep300_pre100" adversarial_hpc_submit.pbs </dev/null
[2026-09-08 11:11:56] [OK] XceptionNet/TinyImageNet/IFGSM/ALL
[2026-09-08 11:11:57] [OK] qsub output: Your job 6480356 ("adversarial_hpc_submit.pbs") has been submitted
[2026-09-08 11:11:57] [SUBMIT] XceptionNet/TinyImageNet/BIM/ALL
[2026-09-08 11:11:57] [CMD] qsub -q all.q -l ngpus=1 -v MODEL="XceptionNet",DATASET="TinyImageNet",ATTACK="BIM",KIND="ALL",PHASE="generate",OUTPUT_DIR="adversarial_results_ep100_pre300" adversarial_hpc_submit.pbs </dev/null
[2026-09-08 11:11:59] [OK] XceptionNet/TinyImageNet/PGD/ALL
[2026-09-08 11:11:59] [OK] qsub output: Your job 6480357 ("adversarial_hpc_submit.pbs") has been submitted
[2026-09-08 11:11:59] [SUBMIT] XceptionNet/TinyImageNet/FGSM/ALL
[2026-09-08 11:11:59] [CMD] qsub -q all.q -l ngpus=1 -v MODEL="XceptionNet",DATASET="TinyImageNet",ATTACK="FGSM",KIND="ALL",PHASE="generate",OUTPUT_DIR="adversarial_results_ep200_pre200" adversarial_hpc_submit.pbs </dev/null
[2026-09-08 11:12:06] [OK] XceptionNet/TinyImageNet/IFGSM/ALL
[2026-09-08 11:12:06] [OK] qsub output: Your job 6480358 ("adversarial_hpc_submit.pbs") has been submitted
[2026-09-08 11:12:06] [SUBMIT] XceptionNet/TinyImageNet/BIM/ALL
[2026-09-08 11:12:06] [CMD] qsub -q all.q -l ngpus=1 -v MODEL="XceptionNet",DATASET="TinyImageNet",ATTACK="BIM",KIND="ALL",PHASE="generate",OUTPUT_DIR="adversarial_results_ep300_pre100" adversarial_hpc_submit.pbs </dev/null
[2026-09-08 11:12:11] [OK] XceptionNet/TinyImageNet/BIM/ALL
[2026-09-08 11:12:11] [OK] qsub output: Your job 6480360 ("adversarial_hpc_submit.pbs") has been submitted
[2026-09-08 11:12:11] [SUBMIT] XceptionNet/TinyImageNet/APGD/ALL
[2026-09-08 11:12:11] [CMD] qsub -q all.q -l ngpus=1 -v MODEL="XceptionNet",DATASET="TinyImageNet",ATTACK="APGD",KIND="ALL",PHASE="generate",OUTPUT_DIR="adversarial_results_ep100_pre300" adversarial_hpc_submit.pbs </dev/null
[2026-09-08 11:12:14] [OK] XceptionNet/TinyImageNet/FGSM/ALL
[2026-09-08 11:12:14] [OK] qsub output: Your job 6480361 ("adversarial_hpc_submit.pbs") has been submitted
[2026-09-08 11:12:14] [SUBMIT] XceptionNet/TinyImageNet/IFGSM/ALL
[2026-09-08 11:12:14] [CMD] qsub -q all.q -l ngpus=1 -v MODEL="XceptionNet",DATASET="TinyImageNet",ATTACK="IFGSM",KIND="ALL",PHASE="generate",OUTPUT_DIR="adversarial_results_ep200_pre200" adversarial_hpc_submit.pbs </dev/null
[2026-09-08 11:12:17] [OK] XceptionNet/TinyImageNet/BIM/ALL
[2026-09-08 11:12:17] [OK] qsub output: Your job 6480362 ("adversarial_hpc_submit.pbs") has been submitted
[2026-09-08 11:12:17] [SUBMIT] XceptionNet/TinyImageNet/APGD/ALL
[2026-09-08 11:12:17] [CMD] qsub -q all.q -l ngpus=1 -v MODEL="XceptionNet",DATASET="TinyImageNet",ATTACK="APGD",KIND="ALL",PHASE="generate",OUTPUT_DIR="adversarial_results_ep300_pre100" adversarial_hpc_submit.pbs </dev/null
[2026-09-08 11:12:21] [OK] XceptionNet/TinyImageNet/APGD/ALL
[2026-09-08 11:12:21] [OK] qsub output: Your job 6480364 ("adversarial_hpc_submit.pbs") has been submitted
[2026-09-08 11:12:21] [SUBMIT] XceptionNet/TinyImageNet/CW/ALL
[2026-09-08 11:12:21] [CMD] qsub -q all.q -l ngpus=1 -v MODEL="XceptionNet",DATASET="TinyImageNet",ATTACK="CW",KIND="ALL",PHASE="generate",OUTPUT_DIR="adversarial_results_ep100_pre300" adversarial_hpc_submit.pbs </dev/null
[2026-09-08 11:12:26] [OK] XceptionNet/TinyImageNet/APGD/ALL
[2026-09-08 11:12:26] [OK] qsub output: Your job 6480366 ("adversarial_hpc_submit.pbs") has been submitted
[2026-09-08 11:12:26] [SUBMIT] XceptionNet/TinyImageNet/CW/ALL
[2026-09-08 11:12:26] [CMD] qsub -q all.q -l ngpus=1 -v MODEL="XceptionNet",DATASET="TinyImageNet",ATTACK="CW",KIND="ALL",PHASE="generate",OUTPUT_DIR="adversarial_results_ep300_pre100" adversarial_hpc_submit.pbs </dev/null
[2026-09-08 11:12:30] [OK] XceptionNet/TinyImageNet/IFGSM/ALL
[2026-09-08 11:12:30] [OK] qsub output: Your job 6480365 ("adversarial_hpc_submit.pbs") has been submitted
[2026-09-08 11:12:30] [SUBMIT] XceptionNet/TinyImageNet/BIM/ALL
[2026-09-08 11:12:30] [CMD] qsub -q all.q -l ngpus=1 -v MODEL="XceptionNet",DATASET="TinyImageNet",ATTACK="BIM",KIND="ALL",PHASE="generate",OUTPUT_DIR="adversarial_results_ep200_pre200" adversarial_hpc_submit.pbs </dev/null
[2026-09-08 11:12:32] [OK] XceptionNet/TinyImageNet/CW/ALL
[2026-09-08 11:12:32] [OK] qsub output: Your job 6480367 ("adversarial_hpc_submit.pbs") has been submitted
[2026-09-08 11:12:32] [SUBMIT] XceptionNet/TinyImageNet/DeepFool/ALL
[2026-09-08 11:12:32] [CMD] qsub -q all.q -l ngpus=1 -v MODEL="XceptionNet",DATASET="TinyImageNet",ATTACK="DeepFool",KIND="ALL",PHASE="generate",OUTPUT_DIR="adversarial_results_ep100_pre300" adversarial_hpc_submit.pbs </dev/null
[2026-09-08 11:12:33] [OK] XceptionNet/TinyImageNet/CW/ALL
[2026-09-08 11:12:33] [OK] qsub output: Your job 6480368 ("adversarial_hpc_submit.pbs") has been submitted
[2026-09-08 11:12:33] [SUBMIT] XceptionNet/TinyImageNet/DeepFool/ALL
[2026-09-08 11:12:33] [CMD] qsub -q all.q -l ngpus=1 -v MODEL="XceptionNet",DATASET="TinyImageNet",ATTACK="DeepFool",KIND="ALL",PHASE="generate",OUTPUT_DIR="adversarial_results_ep300_pre100" adversarial_hpc_submit.pbs </dev/null
[2026-09-08 11:12:42] [OK] XceptionNet/TinyImageNet/BIM/ALL
[2026-09-08 11:12:42] [OK] qsub output: Your job 6480370 ("adversarial_hpc_submit.pbs") has been submitted
[2026-09-08 11:12:42] [SUBMIT] XceptionNet/TinyImageNet/APGD/ALL
[2026-09-08 11:12:42] [CMD] qsub -q all.q -l ngpus=1 -v MODEL="XceptionNet",DATASET="TinyImageNet",ATTACK="APGD",KIND="ALL",PHASE="generate",OUTPUT_DIR="adversarial_results_ep200_pre200" adversarial_hpc_submit.pbs </dev/null
[2026-09-08 11:12:46] [OK] XceptionNet/TinyImageNet/DeepFool/ALL
[2026-09-08 11:12:46] [OK] qsub output: Your job 6480372 ("adversarial_hpc_submit.pbs") has been submitted
[2026-09-08 11:12:47] [SUBMIT] ConvNeXt/Cifar10/PGD/ALL
[2026-09-08 11:12:47] [CMD] qsub -q all.q -l ngpus=1 -v MODEL="ConvNeXt",DATASET="Cifar10",ATTACK="PGD",KIND="ALL",PHASE="generate",OUTPUT_DIR="adversarial_results_ep100_pre300" adversarial_hpc_submit.pbs </dev/null
[2026-09-08 11:12:54] [OK] XceptionNet/TinyImageNet/APGD/ALL
[2026-09-08 11:12:54] [OK] qsub output: Your job 6480375 ("adversarial_hpc_submit.pbs") has been submitted
[2026-09-08 11:12:54] [SUBMIT] XceptionNet/TinyImageNet/CW/ALL
[2026-09-08 11:12:54] [CMD] qsub -q all.q -l ngpus=1 -v MODEL="XceptionNet",DATASET="TinyImageNet",ATTACK="CW",KIND="ALL",PHASE="generate",OUTPUT_DIR="adversarial_results_ep200_pre200" adversarial_hpc_submit.pbs </dev/null
[2026-09-08 11:12:55] [OK] XceptionNet/TinyImageNet/DeepFool/ALL
[2026-09-08 11:12:55] [OK] qsub output: Your job 6480373 ("adversarial_hpc_submit.pbs") has been submitted
[2026-09-08 11:12:55] [SUBMIT] ConvNeXt/Cifar10/PGD/ALL
[2026-09-08 11:12:55] [CMD] qsub -q all.q -l ngpus=1 -v MODEL="ConvNeXt",DATASET="Cifar10",ATTACK="PGD",KIND="ALL",PHASE="generate",OUTPUT_DIR="adversarial_results_ep300_pre100" adversarial_hpc_submit.pbs </dev/null
[2026-09-08 11:13:03] [OK] ConvNeXt/Cifar10/PGD/ALL
[2026-09-08 11:13:03] [OK] qsub output: Your job 6480376 ("adversarial_hpc_submit.pbs") has been submitted
[2026-09-08 11:13:03] [SUBMIT] ConvNeXt/Cifar10/FGSM/ALL
[2026-09-08 11:13:04] [CMD] qsub -q all.q -l ngpus=1 -v MODEL="ConvNeXt",DATASET="Cifar10",ATTACK="FGSM",KIND="ALL",PHASE="generate",OUTPUT_DIR="adversarial_results_ep100_pre300" adversarial_hpc_submit.pbs </dev/null
[2026-09-08 11:13:10] [OK] ConvNeXt/Cifar10/PGD/ALL
[2026-09-08 11:13:11] [OK] XceptionNet/TinyImageNet/CW/ALL
[2026-09-08 11:13:11] [OK] qsub output: Your job 6480379 ("adversarial_hpc_submit.pbs") has been submitted
[2026-09-08 11:13:11] [OK] qsub output: Your job 6480378 ("adversarial_hpc_submit.pbs") has been submitted
[2026-09-08 11:13:11] [SUBMIT] ConvNeXt/Cifar10/FGSM/ALL
[2026-09-08 11:13:11] [SUBMIT] XceptionNet/TinyImageNet/DeepFool/ALL
[2026-09-08 11:13:11] [CMD] qsub -q all.q -l ngpus=1 -v MODEL="ConvNeXt",DATASET="Cifar10",ATTACK="FGSM",KIND="ALL",PHASE="generate",OUTPUT_DIR="adversarial_results_ep300_pre100" adversarial_hpc_submit.pbs </dev/null
[2026-09-08 11:13:11] [CMD] qsub -q all.q -l ngpus=1 -v MODEL="XceptionNet",DATASET="TinyImageNet",ATTACK="DeepFool",KIND="ALL",PHASE="generate",OUTPUT_DIR="adversarial_results_ep200_pre200" adversarial_hpc_submit.pbs </dev/null
[2026-09-08 11:13:13] [OK] ConvNeXt/Cifar10/FGSM/ALL
[2026-09-08 11:13:13] [OK] qsub output: Your job 6480381 ("adversarial_hpc_submit.pbs") has been submitted
[2026-09-08 11:13:13] [SUBMIT] ConvNeXt/Cifar10/IFGSM/ALL
[2026-09-08 11:13:13] [CMD] qsub -q all.q -l ngpus=1 -v MODEL="ConvNeXt",DATASET="Cifar10",ATTACK="IFGSM",KIND="ALL",PHASE="generate",OUTPUT_DIR="adversarial_results_ep100_pre300" adversarial_hpc_submit.pbs </dev/null
[2026-09-08 11:13:22] [OK] ConvNeXt/Cifar10/FGSM/ALL
[2026-09-08 11:13:22] [OK] qsub output: Your job 6480382 ("adversarial_hpc_submit.pbs") has been submitted
[2026-09-08 11:13:22] [SUBMIT] ConvNeXt/Cifar10/IFGSM/ALL
[2026-09-08 11:13:22] [CMD] qsub -q all.q -l ngpus=1 -v MODEL="ConvNeXt",DATASET="Cifar10",ATTACK="IFGSM",KIND="ALL",PHASE="generate",OUTPUT_DIR="adversarial_results_ep300_pre100" adversarial_hpc_submit.pbs </dev/null
[2026-09-08 11:13:23] [OK] XceptionNet/TinyImageNet/DeepFool/ALL
[2026-09-08 11:13:23] [OK] qsub output: Your job 6480383 ("adversarial_hpc_submit.pbs") has been submitted
[2026-09-08 11:13:23] [SUBMIT] ConvNeXt/Cifar10/PGD/ALL
[2026-09-08 11:13:23] [CMD] qsub -q all.q -l ngpus=1 -v MODEL="ConvNeXt",DATASET="Cifar10",ATTACK="PGD",KIND="ALL",PHASE="generate",OUTPUT_DIR="adversarial_results_ep200_pre200" adversarial_hpc_submit.pbs </dev/null
[2026-09-08 11:13:25] [OK] ConvNeXt/Cifar10/IFGSM/ALL
[2026-09-08 11:13:25] [OK] qsub output: Your job 6480384 ("adversarial_hpc_submit.pbs") has been submitted
[2026-09-08 11:13:25] [SUBMIT] ConvNeXt/Cifar10/BIM/ALL
[2026-09-08 11:13:25] [CMD] qsub -q all.q -l ngpus=1 -v MODEL="ConvNeXt",DATASET="Cifar10",ATTACK="BIM",KIND="ALL",PHASE="generate",OUTPUT_DIR="adversarial_results_ep100_pre300" adversarial_hpc_submit.pbs </dev/null
[2026-09-08 11:13:30] [OK] ConvNeXt/Cifar10/IFGSM/ALL
[2026-09-08 11:13:30] [OK] qsub output: Your job 6480385 ("adversarial_hpc_submit.pbs") has been submitted
[2026-09-08 11:13:31] [SUBMIT] ConvNeXt/Cifar10/BIM/ALL
[2026-09-08 11:13:31] [CMD] qsub -q all.q -l ngpus=1 -v MODEL="ConvNeXt",DATASET="Cifar10",ATTACK="BIM",KIND="ALL",PHASE="generate",OUTPUT_DIR="adversarial_results_ep300_pre100" adversarial_hpc_submit.pbs </dev/null
[2026-09-08 11:13:31] [OK] ConvNeXt/Cifar10/PGD/ALL
[2026-09-08 11:13:31] [OK] qsub output: Your job 6480386 ("adversarial_hpc_submit.pbs") has been submitted
[2026-09-08 11:13:31] [SUBMIT] ConvNeXt/Cifar10/FGSM/ALL
[2026-09-08 11:13:31] [CMD] qsub -q all.q -l ngpus=1 -v MODEL="ConvNeXt",DATASET="Cifar10",ATTACK="FGSM",KIND="ALL",PHASE="generate",OUTPUT_DIR="adversarial_results_ep200_pre200" adversarial_hpc_submit.pbs </dev/null
[2026-09-08 11:13:40] [OK] ConvNeXt/Cifar10/BIM/ALL
[2026-09-08 11:13:40] [OK] qsub output: Your job 6480387 ("adversarial_hpc_submit.pbs") has been submitted
[2026-09-08 11:13:41] [SUBMIT] ConvNeXt/Cifar10/APGD/ALL
[2026-09-08 11:13:41] [CMD] qsub -q all.q -l ngpus=1 -v MODEL="ConvNeXt",DATASET="Cifar10",ATTACK="APGD",KIND="ALL",PHASE="generate",OUTPUT_DIR="adversarial_results_ep100_pre300" adversarial_hpc_submit.pbs </dev/null
[2026-09-08 11:13:41] [OK] ConvNeXt/Cifar10/BIM/ALL
[2026-09-08 11:13:41] [OK] qsub output: Your job 6480389 ("adversarial_hpc_submit.pbs") has been submitted
[2026-09-08 11:13:41] [SUBMIT] ConvNeXt/Cifar10/APGD/ALL
[2026-09-08 11:13:41] [CMD] qsub -q all.q -l ngpus=1 -v MODEL="ConvNeXt",DATASET="Cifar10",ATTACK="APGD",KIND="ALL",PHASE="generate",OUTPUT_DIR="adversarial_results_ep300_pre100" adversarial_hpc_submit.pbs </dev/null
[2026-09-08 11:13:43] [OK] ConvNeXt/Cifar10/FGSM/ALL
[2026-09-08 11:13:43] [OK] qsub output: Your job 6480390 ("adversarial_hpc_submit.pbs") has been submitted
[2026-09-08 11:13:43] [SUBMIT] ConvNeXt/Cifar10/IFGSM/ALL
[2026-09-08 11:13:43] [CMD] qsub -q all.q -l ngpus=1 -v MODEL="ConvNeXt",DATASET="Cifar10",ATTACK="IFGSM",KIND="ALL",PHASE="generate",OUTPUT_DIR="adversarial_results_ep200_pre200" adversarial_hpc_submit.pbs </dev/null
[2026-09-08 11:13:49] [OK] ConvNeXt/Cifar10/APGD/ALL
[2026-09-08 11:13:49] [OK] qsub output: Your job 6480392 ("adversarial_hpc_submit.pbs") has been submitted
[2026-09-08 11:13:49] [SUBMIT] ConvNeXt/Cifar10/CW/ALL
[2026-09-08 11:13:49] [CMD] qsub -q all.q -l ngpus=1 -v MODEL="ConvNeXt",DATASET="Cifar10",ATTACK="CW",KIND="ALL",PHASE="generate",OUTPUT_DIR="adversarial_results_ep100_pre300" adversarial_hpc_submit.pbs </dev/null
[2026-09-08 11:13:53] [OK] ConvNeXt/Cifar10/IFGSM/ALL
[2026-09-08 11:13:54] [OK] ConvNeXt/Cifar10/APGD/ALL
[2026-09-08 11:13:54] [OK] qsub output: Your job 6480394 ("adversarial_hpc_submit.pbs") has been submitted
[2026-09-08 11:13:54] [OK] qsub output: Your job 6480393 ("adversarial_hpc_submit.pbs") has been submitted
[2026-09-08 11:13:54] [SUBMIT] ConvNeXt/Cifar10/BIM/ALL
[2026-09-08 11:13:54] [CMD] qsub -q all.q -l ngpus=1 -v MODEL="ConvNeXt",DATASET="Cifar10",ATTACK="BIM",KIND="ALL",PHASE="generate",OUTPUT_DIR="adversarial_results_ep200_pre200" adversarial_hpc_submit.pbs </dev/null
[2026-09-08 11:13:54] [SUBMIT] ConvNeXt/Cifar10/CW/ALL
[2026-09-08 11:13:54] [CMD] qsub -q all.q -l ngpus=1 -v MODEL="ConvNeXt",DATASET="Cifar10",ATTACK="CW",KIND="ALL",PHASE="generate",OUTPUT_DIR="adversarial_results_ep300_pre100" adversarial_hpc_submit.pbs </dev/null
[2026-09-08 11:13:55] [OK] ConvNeXt/Cifar10/CW/ALL
[2026-09-08 11:13:55] [OK] qsub output: Your job 6480395 ("adversarial_hpc_submit.pbs") has been submitted
[2026-09-08 11:13:55] [SUBMIT] ConvNeXt/Cifar10/DeepFool/ALL
[2026-09-08 11:13:55] [CMD] qsub -q all.q -l ngpus=1 -v MODEL="ConvNeXt",DATASET="Cifar10",ATTACK="DeepFool",KIND="ALL",PHASE="generate",OUTPUT_DIR="adversarial_results_ep100_pre300" adversarial_hpc_submit.pbs </dev/null
[2026-09-08 11:13:56] [OK] ConvNeXt/Cifar10/CW/ALL
[2026-09-08 11:13:56] [OK] qsub output: Your job 6480397 ("adversarial_hpc_submit.pbs") has been submitted
[2026-09-08 11:13:57] [SUBMIT] ConvNeXt/Cifar10/DeepFool/ALL
[2026-09-08 11:13:57] [CMD] qsub -q all.q -l ngpus=1 -v MODEL="ConvNeXt",DATASET="Cifar10",ATTACK="DeepFool",KIND="ALL",PHASE="generate",OUTPUT_DIR="adversarial_results_ep300_pre100" adversarial_hpc_submit.pbs </dev/null
[2026-09-08 11:13:59] [OK] ConvNeXt/Cifar10/BIM/ALL
[2026-09-08 11:13:59] [OK] qsub output: Your job 6480396 ("adversarial_hpc_submit.pbs") has been submitted
[2026-09-08 11:13:59] [SUBMIT] ConvNeXt/Cifar10/APGD/ALL
[2026-09-08 11:13:59] [CMD] qsub -q all.q -l ngpus=1 -v MODEL="ConvNeXt",DATASET="Cifar10",ATTACK="APGD",KIND="ALL",PHASE="generate",OUTPUT_DIR="adversarial_results_ep200_pre200" adversarial_hpc_submit.pbs </dev/null
[2026-09-08 11:14:00] [OK] ConvNeXt/Cifar10/DeepFool/ALL
[2026-09-08 11:14:00] [OK] qsub output: Your job 6480399 ("adversarial_hpc_submit.pbs") has been submitted
[2026-09-08 11:14:00] [SUBMIT] ConvNeXt/Cifar100/PGD/ALL
[2026-09-08 11:14:00] [CMD] qsub -q all.q -l ngpus=1 -v MODEL="ConvNeXt",DATASET="Cifar100",ATTACK="PGD",KIND="ALL",PHASE="generate",OUTPUT_DIR="adversarial_results_ep300_pre100" adversarial_hpc_submit.pbs </dev/null
[2026-09-08 11:14:05] [OK] ConvNeXt/Cifar10/APGD/ALL
[2026-09-08 11:14:05] [OK] qsub output: Your job 6480400 ("adversarial_hpc_submit.pbs") has been submitted
[2026-09-08 11:14:05] [SUBMIT] ConvNeXt/Cifar10/CW/ALL
[2026-09-08 11:14:05] [CMD] qsub -q all.q -l ngpus=1 -v MODEL="ConvNeXt",DATASET="Cifar10",ATTACK="CW",KIND="ALL",PHASE="generate",OUTPUT_DIR="adversarial_results_ep200_pre200" adversarial_hpc_submit.pbs </dev/null
[2026-09-08 11:14:06] [OK] ConvNeXt/Cifar10/DeepFool/ALL
[2026-09-08 11:14:06] [OK] qsub output: Your job 6480398 ("adversarial_hpc_submit.pbs") has been submitted
[2026-09-08 11:14:06] [SUBMIT] ConvNeXt/Cifar100/PGD/ALL
[2026-09-08 11:14:06] [CMD] qsub -q all.q -l ngpus=1 -v MODEL="ConvNeXt",DATASET="Cifar100",ATTACK="PGD",KIND="ALL",PHASE="generate",OUTPUT_DIR="adversarial_results_ep100_pre300" adversarial_hpc_submit.pbs </dev/null
[2026-09-08 11:14:09] [OK] ConvNeXt/Cifar100/PGD/ALL
[2026-09-08 11:14:09] [OK] qsub output: Your job 6480401 ("adversarial_hpc_submit.pbs") has been submitted
[2026-09-08 11:14:09] [SUBMIT] ConvNeXt/Cifar100/FGSM/ALL
[2026-09-08 11:14:09] [CMD] qsub -q all.q -l ngpus=1 -v MODEL="ConvNeXt",DATASET="Cifar100",ATTACK="FGSM",KIND="ALL",PHASE="generate",OUTPUT_DIR="adversarial_results_ep300_pre100" adversarial_hpc_submit.pbs </dev/null
[2026-09-08 11:14:15] [OK] ConvNeXt/Cifar10/CW/ALL
[2026-09-08 11:14:15] [OK] qsub output: Your job 6480402 ("adversarial_hpc_submit.pbs") has been submitted
[2026-09-08 11:14:15] [SUBMIT] ConvNeXt/Cifar10/DeepFool/ALL
[2026-09-08 11:14:15] [CMD] qsub -q all.q -l ngpus=1 -v MODEL="ConvNeXt",DATASET="Cifar10",ATTACK="DeepFool",KIND="ALL",PHASE="generate",OUTPUT_DIR="adversarial_results_ep200_pre200" adversarial_hpc_submit.pbs </dev/null
[2026-09-08 11:14:17] [OK] ConvNeXt/Cifar100/PGD/ALL
[2026-09-08 11:14:17] [OK] qsub output: Your job 6480403 ("adversarial_hpc_submit.pbs") has been submitted
[2026-09-08 11:14:17] [SUBMIT] ConvNeXt/Cifar100/FGSM/ALL
[2026-09-08 11:14:17] [CMD] qsub -q all.q -l ngpus=1 -v MODEL="ConvNeXt",DATASET="Cifar100",ATTACK="FGSM",KIND="ALL",PHASE="generate",OUTPUT_DIR="adversarial_results_ep100_pre300" adversarial_hpc_submit.pbs </dev/null
[2026-09-08 11:14:18] [OK] ConvNeXt/Cifar100/FGSM/ALL
[2026-09-08 11:14:18] [OK] qsub output: Your job 6480404 ("adversarial_hpc_submit.pbs") has been submitted
[2026-09-08 11:14:18] [SUBMIT] ConvNeXt/Cifar100/IFGSM/ALL
[2026-09-08 11:14:18] [CMD] qsub -q all.q -l ngpus=1 -v MODEL="ConvNeXt",DATASET="Cifar100",ATTACK="IFGSM",KIND="ALL",PHASE="generate",OUTPUT_DIR="adversarial_results_ep300_pre100" adversarial_hpc_submit.pbs </dev/null
[2026-09-08 11:14:24] [OK] ConvNeXt/Cifar10/DeepFool/ALL
[2026-09-08 11:14:24] [OK] qsub output: Your job 6480405 ("adversarial_hpc_submit.pbs") has been submitted
[2026-09-08 11:14:24] [SUBMIT] ConvNeXt/Cifar100/PGD/ALL
[2026-09-08 11:14:24] [CMD] qsub -q all.q -l ngpus=1 -v MODEL="ConvNeXt",DATASET="Cifar100",ATTACK="PGD",KIND="ALL",PHASE="generate",OUTPUT_DIR="adversarial_results_ep200_pre200" adversarial_hpc_submit.pbs </dev/null
[2026-09-08 11:14:28] [OK] ConvNeXt/Cifar100/FGSM/ALL
[2026-09-08 11:14:28] [OK] qsub output: Your job 6480406 ("adversarial_hpc_submit.pbs") has been submitted
[2026-09-08 11:14:28] [SUBMIT] ConvNeXt/Cifar100/IFGSM/ALL
[2026-09-08 11:14:28] [CMD] qsub -q all.q -l ngpus=1 -v MODEL="ConvNeXt",DATASET="Cifar100",ATTACK="IFGSM",KIND="ALL",PHASE="generate",OUTPUT_DIR="adversarial_results_ep100_pre300" adversarial_hpc_submit.pbs </dev/null
[2026-09-08 11:14:30] [OK] ConvNeXt/Cifar100/IFGSM/ALL
[2026-09-08 11:14:30] [OK] qsub output: Your job 6480407 ("adversarial_hpc_submit.pbs") has been submitted
[2026-09-08 11:14:30] [SUBMIT] ConvNeXt/Cifar100/BIM/ALL
[2026-09-08 11:14:30] [CMD] qsub -q all.q -l ngpus=1 -v MODEL="ConvNeXt",DATASET="Cifar100",ATTACK="BIM",KIND="ALL",PHASE="generate",OUTPUT_DIR="adversarial_results_ep300_pre100" adversarial_hpc_submit.pbs </dev/null
[2026-09-08 11:14:37] [OK] ConvNeXt/Cifar100/IFGSM/ALL
[2026-09-08 11:14:37] [OK] qsub output: Your job 6480409 ("adversarial_hpc_submit.pbs") has been submitted
[2026-09-08 11:14:37] [SUBMIT] ConvNeXt/Cifar100/BIM/ALL
[2026-09-08 11:14:37] [CMD] qsub -q all.q -l ngpus=1 -v MODEL="ConvNeXt",DATASET="Cifar100",ATTACK="BIM",KIND="ALL",PHASE="generate",OUTPUT_DIR="adversarial_results_ep100_pre300" adversarial_hpc_submit.pbs </dev/null
[2026-09-08 11:14:37] [OK] ConvNeXt/Cifar100/PGD/ALL
[2026-09-08 11:14:37] [OK] qsub output: Your job 6480408 ("adversarial_hpc_submit.pbs") has been submitted
[2026-09-08 11:14:37] [SUBMIT] ConvNeXt/Cifar100/FGSM/ALL
[2026-09-08 11:14:37] [CMD] qsub -q all.q -l ngpus=1 -v MODEL="ConvNeXt",DATASET="Cifar100",ATTACK="FGSM",KIND="ALL",PHASE="generate",OUTPUT_DIR="adversarial_results_ep200_pre200" adversarial_hpc_submit.pbs </dev/null
[2026-09-08 11:14:41] [OK] ConvNeXt/Cifar100/BIM/ALL
[2026-09-08 11:14:41] [OK] qsub output: Your job 6480411 ("adversarial_hpc_submit.pbs") has been submitted
[2026-09-08 11:14:41] [SUBMIT] ConvNeXt/Cifar100/APGD/ALL
[2026-09-08 11:14:41] [CMD] qsub -q all.q -l ngpus=1 -v MODEL="ConvNeXt",DATASET="Cifar100",ATTACK="APGD",KIND="ALL",PHASE="generate",OUTPUT_DIR="adversarial_results_ep100_pre300" adversarial_hpc_submit.pbs </dev/null
[2026-09-08 11:14:44] [OK] ConvNeXt/Cifar100/FGSM/ALL
[2026-09-08 11:14:44] [OK] qsub output: Your job 6480412 ("adversarial_hpc_submit.pbs") has been submitted
[2026-09-08 11:14:44] [SUBMIT] ConvNeXt/Cifar100/IFGSM/ALL
[2026-09-08 11:14:44] [CMD] qsub -q all.q -l ngpus=1 -v MODEL="ConvNeXt",DATASET="Cifar100",ATTACK="IFGSM",KIND="ALL",PHASE="generate",OUTPUT_DIR="adversarial_results_ep200_pre200" adversarial_hpc_submit.pbs </dev/null
[2026-09-08 11:14:45] [OK] ConvNeXt/Cifar100/BIM/ALL
[2026-09-08 11:14:45] [OK] qsub output: Your job 6480410 ("adversarial_hpc_submit.pbs") has been submitted
[2026-09-08 11:14:45] [SUBMIT] ConvNeXt/Cifar100/APGD/ALL
[2026-09-08 11:14:45] [CMD] qsub -q all.q -l ngpus=1 -v MODEL="ConvNeXt",DATASET="Cifar100",ATTACK="APGD",KIND="ALL",PHASE="generate",OUTPUT_DIR="adversarial_results_ep300_pre100" adversarial_hpc_submit.pbs </dev/null
[2026-09-08 11:14:48] [OK] ConvNeXt/Cifar100/APGD/ALL
[2026-09-08 11:14:48] [OK] qsub output: Your job 6480413 ("adversarial_hpc_submit.pbs") has been submitted
[2026-09-08 11:14:48] [SUBMIT] ConvNeXt/Cifar100/CW/ALL
[2026-09-08 11:14:48] [CMD] qsub -q all.q -l ngpus=1 -v MODEL="ConvNeXt",DATASET="Cifar100",ATTACK="CW",KIND="ALL",PHASE="generate",OUTPUT_DIR="adversarial_results_ep100_pre300" adversarial_hpc_submit.pbs </dev/null
[2026-09-08 11:14:54] [OK] ConvNeXt/Cifar100/APGD/ALL
[2026-09-08 11:14:54] [OK] qsub output: Your job 6480415 ("adversarial_hpc_submit.pbs") has been submitted
[2026-09-08 11:14:54] [SUBMIT] ConvNeXt/Cifar100/CW/ALL
[2026-09-08 11:14:54] [CMD] qsub -q all.q -l ngpus=1 -v MODEL="ConvNeXt",DATASET="Cifar100",ATTACK="CW",KIND="ALL",PHASE="generate",OUTPUT_DIR="adversarial_results_ep300_pre100" adversarial_hpc_submit.pbs </dev/null
[2026-09-08 11:14:54] [OK] ConvNeXt/Cifar100/IFGSM/ALL
[2026-09-08 11:14:54] [OK] qsub output: Your job 6480414 ("adversarial_hpc_submit.pbs") has been submitted
[2026-09-08 11:14:55] [SUBMIT] ConvNeXt/Cifar100/BIM/ALL
[2026-09-08 11:14:55] [CMD] qsub -q all.q -l ngpus=1 -v MODEL="ConvNeXt",DATASET="Cifar100",ATTACK="BIM",KIND="ALL",PHASE="generate",OUTPUT_DIR="adversarial_results_ep200_pre200" adversarial_hpc_submit.pbs </dev/null
[2026-09-08 11:15:02] [OK] ConvNeXt/Cifar100/CW/ALL
[2026-09-08 11:15:02] [OK] qsub output: Your job 6480417 ("adversarial_hpc_submit.pbs") has been submitted
[2026-09-08 11:15:02] [OK] ConvNeXt/Cifar100/CW/ALL
[2026-09-08 11:15:02] [OK] qsub output: Your job 6480416 ("adversarial_hpc_submit.pbs") has been submitted
[2026-09-08 11:15:02] [SUBMIT] ConvNeXt/Cifar100/DeepFool/ALL
[2026-09-08 11:15:02] [CMD] qsub -q all.q -l ngpus=1 -v MODEL="ConvNeXt",DATASET="Cifar100",ATTACK="DeepFool",KIND="ALL",PHASE="generate",OUTPUT_DIR="adversarial_results_ep300_pre100" adversarial_hpc_submit.pbs </dev/null
[2026-09-08 11:15:02] [SUBMIT] ConvNeXt/Cifar100/DeepFool/ALL
[2026-09-08 11:15:02] [CMD] qsub -q all.q -l ngpus=1 -v MODEL="ConvNeXt",DATASET="Cifar100",ATTACK="DeepFool",KIND="ALL",PHASE="generate",OUTPUT_DIR="adversarial_results_ep100_pre300" adversarial_hpc_submit.pbs </dev/null
[2026-09-08 11:15:07] [OK] ConvNeXt/Cifar100/BIM/ALL
[2026-09-08 11:15:08] [OK] qsub output: Your job 6480418 ("adversarial_hpc_submit.pbs") has been submitted
[2026-09-08 11:15:08] [SUBMIT] ConvNeXt/Cifar100/APGD/ALL
[2026-09-08 11:15:08] [CMD] qsub -q all.q -l ngpus=1 -v MODEL="ConvNeXt",DATASET="Cifar100",ATTACK="APGD",KIND="ALL",PHASE="generate",OUTPUT_DIR="adversarial_results_ep200_pre200" adversarial_hpc_submit.pbs </dev/null
[2026-09-08 11:15:09] [OK] ConvNeXt/Cifar100/DeepFool/ALL
[2026-09-08 11:15:09] [OK] qsub output: Your job 6480419 ("adversarial_hpc_submit.pbs") has been submitted
[2026-09-08 11:15:09] [SUBMIT] ConvNeXt/TinyImageNet/PGD/ALL
[2026-09-08 11:15:09] [CMD] qsub -q all.q -l ngpus=1 -v MODEL="ConvNeXt",DATASET="TinyImageNet",ATTACK="PGD",KIND="ALL",PHASE="generate",OUTPUT_DIR="adversarial_results_ep300_pre100" adversarial_hpc_submit.pbs </dev/null
[2026-09-08 11:15:15] [OK] ConvNeXt/Cifar100/DeepFool/ALL
[2026-09-08 11:15:15] [OK] qsub output: Your job 6480420 ("adversarial_hpc_submit.pbs") has been submitted
[2026-09-08 11:15:15] [SUBMIT] ConvNeXt/TinyImageNet/PGD/ALL
[2026-09-08 11:15:15] [CMD] qsub -q all.q -l ngpus=1 -v MODEL="ConvNeXt",DATASET="TinyImageNet",ATTACK="PGD",KIND="ALL",PHASE="generate",OUTPUT_DIR="adversarial_results_ep100_pre300" adversarial_hpc_submit.pbs </dev/null
[2026-09-08 11:15:17] [OK] ConvNeXt/Cifar100/APGD/ALL
[2026-09-08 11:15:17] [OK] qsub output: Your job 6480421 ("adversarial_hpc_submit.pbs") has been submitted
[2026-09-08 11:15:17] [SUBMIT] ConvNeXt/Cifar100/CW/ALL
[2026-09-08 11:15:17] [CMD] qsub -q all.q -l ngpus=1 -v MODEL="ConvNeXt",DATASET="Cifar100",ATTACK="CW",KIND="ALL",PHASE="generate",OUTPUT_DIR="adversarial_results_ep200_pre200" adversarial_hpc_submit.pbs </dev/null
[2026-09-08 11:15:27] [OK] ConvNeXt/TinyImageNet/PGD/ALL
[2026-09-08 11:15:27] [OK] qsub output: Your job 6480423 ("adversarial_hpc_submit.pbs") has been submitted
[2026-09-08 11:15:27] [SUBMIT] ConvNeXt/TinyImageNet/FGSM/ALL
[2026-09-08 11:15:27] [CMD] qsub -q all.q -l ngpus=1 -v MODEL="ConvNeXt",DATASET="TinyImageNet",ATTACK="FGSM",KIND="ALL",PHASE="generate",OUTPUT_DIR="adversarial_results_ep300_pre100" adversarial_hpc_submit.pbs </dev/null
[2026-09-08 11:15:35] [OK] ConvNeXt/TinyImageNet/PGD/ALL
[2026-09-08 11:15:35] [OK] qsub output: Your job 6480426 ("adversarial_hpc_submit.pbs") has been submitted
[2026-09-08 11:15:35] [SUBMIT] ConvNeXt/TinyImageNet/FGSM/ALL
[2026-09-08 11:15:35] [CMD] qsub -q all.q -l ngpus=1 -v MODEL="ConvNeXt",DATASET="TinyImageNet",ATTACK="FGSM",KIND="ALL",PHASE="generate",OUTPUT_DIR="adversarial_results_ep100_pre300" adversarial_hpc_submit.pbs </dev/null
[2026-09-08 11:15:42] [OK] ConvNeXt/Cifar100/CW/ALL
[2026-09-08 11:15:42] [OK] qsub output: Your job 6480427 ("adversarial_hpc_submit.pbs") has been submitted
[2026-09-08 11:15:42] [SUBMIT] ConvNeXt/Cifar100/DeepFool/ALL
[2026-09-08 11:15:43] [CMD] qsub -q all.q -l ngpus=1 -v MODEL="ConvNeXt",DATASET="Cifar100",ATTACK="DeepFool",KIND="ALL",PHASE="generate",OUTPUT_DIR="adversarial_results_ep200_pre200" adversarial_hpc_submit.pbs </dev/null
[2026-09-08 11:15:46] [OK] ConvNeXt/TinyImageNet/FGSM/ALL
[2026-09-08 11:15:46] [OK] qsub output: Your job 6480429 ("adversarial_hpc_submit.pbs") has been submitted
[2026-09-08 11:15:46] [SUBMIT] ConvNeXt/TinyImageNet/IFGSM/ALL
[2026-09-08 11:15:46] [CMD] qsub -q all.q -l ngpus=1 -v MODEL="ConvNeXt",DATASET="TinyImageNet",ATTACK="IFGSM",KIND="ALL",PHASE="generate",OUTPUT_DIR="adversarial_results_ep300_pre100" adversarial_hpc_submit.pbs </dev/null
[2026-09-08 11:15:48] [OK] ConvNeXt/TinyImageNet/FGSM/ALL
[2026-09-08 11:15:48] [OK] qsub output: Your job 6480430 ("adversarial_hpc_submit.pbs") has been submitted
[2026-09-08 11:15:48] [SUBMIT] ConvNeXt/TinyImageNet/IFGSM/ALL
[2026-09-08 11:15:48] [CMD] qsub -q all.q -l ngpus=1 -v MODEL="ConvNeXt",DATASET="TinyImageNet",ATTACK="IFGSM",KIND="ALL",PHASE="generate",OUTPUT_DIR="adversarial_results_ep100_pre300" adversarial_hpc_submit.pbs </dev/null
[2026-09-08 11:15:48] [OK] ConvNeXt/Cifar100/DeepFool/ALL
[2026-09-08 11:15:48] [OK] qsub output: Your job 6480431 ("adversarial_hpc_submit.pbs") has been submitted
[2026-09-08 11:15:49] [SUBMIT] ConvNeXt/TinyImageNet/PGD/ALL
[2026-09-08 11:15:49] [CMD] qsub -q all.q -l ngpus=1 -v MODEL="ConvNeXt",DATASET="TinyImageNet",ATTACK="PGD",KIND="ALL",PHASE="generate",OUTPUT_DIR="adversarial_results_ep200_pre200" adversarial_hpc_submit.pbs </dev/null
[2026-09-08 11:15:57] [OK] ConvNeXt/TinyImageNet/IFGSM/ALL
[2026-09-08 11:15:57] [OK] qsub output: Your job 6480434 ("adversarial_hpc_submit.pbs") has been submitted
[2026-09-08 11:15:57] [OK] ConvNeXt/TinyImageNet/IFGSM/ALL
[2026-09-08 11:15:57] [OK] qsub output: Your job 6480433 ("adversarial_hpc_submit.pbs") has been submitted
[2026-09-08 11:15:57] [SUBMIT] ConvNeXt/TinyImageNet/BIM/ALL
[2026-09-08 11:15:57] [CMD] qsub -q all.q -l ngpus=1 -v MODEL="ConvNeXt",DATASET="TinyImageNet",ATTACK="BIM",KIND="ALL",PHASE="generate",OUTPUT_DIR="adversarial_results_ep100_pre300" adversarial_hpc_submit.pbs </dev/null
[2026-09-08 11:15:57] [SUBMIT] ConvNeXt/TinyImageNet/BIM/ALL
[2026-09-08 11:15:57] [CMD] qsub -q all.q -l ngpus=1 -v MODEL="ConvNeXt",DATASET="TinyImageNet",ATTACK="BIM",KIND="ALL",PHASE="generate",OUTPUT_DIR="adversarial_results_ep300_pre100" adversarial_hpc_submit.pbs </dev/null
[2026-09-08 11:16:06] [OK] ConvNeXt/TinyImageNet/PGD/ALL
[2026-09-08 11:16:06] [OK] qsub output: Your job 6480435 ("adversarial_hpc_submit.pbs") has been submitted
[2026-09-08 11:16:06] [SUBMIT] ConvNeXt/TinyImageNet/FGSM/ALL
[2026-09-08 11:16:06] [CMD] qsub -q all.q -l ngpus=1 -v MODEL="ConvNeXt",DATASET="TinyImageNet",ATTACK="FGSM",KIND="ALL",PHASE="generate",OUTPUT_DIR="adversarial_results_ep200_pre200" adversarial_hpc_submit.pbs </dev/null
[2026-09-08 11:16:07] [OK] ConvNeXt/TinyImageNet/BIM/ALL
[2026-09-08 11:16:07] [OK] qsub output: Your job 6480437 ("adversarial_hpc_submit.pbs") has been submitted
[2026-09-08 11:16:07] [SUBMIT] ConvNeXt/TinyImageNet/APGD/ALL
[2026-09-08 11:16:07] [CMD] qsub -q all.q -l ngpus=1 -v MODEL="ConvNeXt",DATASET="TinyImageNet",ATTACK="APGD",KIND="ALL",PHASE="generate",OUTPUT_DIR="adversarial_results_ep100_pre300" adversarial_hpc_submit.pbs </dev/null
[2026-09-08 11:16:10] [OK] ConvNeXt/TinyImageNet/BIM/ALL
[2026-09-08 11:16:10] [OK] qsub output: Your job 6480438 ("adversarial_hpc_submit.pbs") has been submitted
[2026-09-08 11:16:10] [SUBMIT] ConvNeXt/TinyImageNet/APGD/ALL
[2026-09-08 11:16:10] [CMD] qsub -q all.q -l ngpus=1 -v MODEL="ConvNeXt",DATASET="TinyImageNet",ATTACK="APGD",KIND="ALL",PHASE="generate",OUTPUT_DIR="adversarial_results_ep300_pre100" adversarial_hpc_submit.pbs </dev/null
[2026-09-08 11:16:14] [OK] ConvNeXt/TinyImageNet/FGSM/ALL
[2026-09-08 11:16:14] [OK] qsub output: Your job 6480440 ("adversarial_hpc_submit.pbs") has been submitted
[2026-09-08 11:16:14] [SUBMIT] ConvNeXt/TinyImageNet/IFGSM/ALL
[2026-09-08 11:16:15] [CMD] qsub -q all.q -l ngpus=1 -v MODEL="ConvNeXt",DATASET="TinyImageNet",ATTACK="IFGSM",KIND="ALL",PHASE="generate",OUTPUT_DIR="adversarial_results_ep200_pre200" adversarial_hpc_submit.pbs </dev/null
[2026-09-08 11:16:16] [OK] ConvNeXt/TinyImageNet/APGD/ALL
[2026-09-08 11:16:16] [OK] qsub output: Your job 6480441 ("adversarial_hpc_submit.pbs") has been submitted
[2026-09-08 11:16:16] [SUBMIT] ConvNeXt/TinyImageNet/CW/ALL
[2026-09-08 11:16:16] [CMD] qsub -q all.q -l ngpus=1 -v MODEL="ConvNeXt",DATASET="TinyImageNet",ATTACK="CW",KIND="ALL",PHASE="generate",OUTPUT_DIR="adversarial_results_ep100_pre300" adversarial_hpc_submit.pbs </dev/null
[2026-09-08 11:16:18] [OK] ConvNeXt/TinyImageNet/APGD/ALL
[2026-09-08 11:16:18] [OK] qsub output: Your job 6480443 ("adversarial_hpc_submit.pbs") has been submitted
[2026-09-08 11:16:18] [SUBMIT] ConvNeXt/TinyImageNet/CW/ALL
[2026-09-08 11:16:18] [CMD] qsub -q all.q -l ngpus=1 -v MODEL="ConvNeXt",DATASET="TinyImageNet",ATTACK="CW",KIND="ALL",PHASE="generate",OUTPUT_DIR="adversarial_results_ep300_pre100" adversarial_hpc_submit.pbs </dev/null
[2026-09-08 11:16:27] [OK] ConvNeXt/TinyImageNet/CW/ALL
[2026-09-08 11:16:27] [OK] qsub output: Your job 6480445 ("adversarial_hpc_submit.pbs") has been submitted
[2026-09-08 11:16:28] [SUBMIT] ConvNeXt/TinyImageNet/DeepFool/ALL
[2026-09-08 11:16:28] [OK] ConvNeXt/TinyImageNet/IFGSM/ALL
[2026-09-08 11:16:28] [CMD] qsub -q all.q -l ngpus=1 -v MODEL="ConvNeXt",DATASET="TinyImageNet",ATTACK="DeepFool",KIND="ALL",PHASE="generate",OUTPUT_DIR="adversarial_results_ep100_pre300" adversarial_hpc_submit.pbs </dev/null
[2026-09-08 11:16:28] [OK] qsub output: Your job 6480444 ("adversarial_hpc_submit.pbs") has been submitted
[2026-09-08 11:16:28] [SUBMIT] ConvNeXt/TinyImageNet/BIM/ALL
[2026-09-08 11:16:28] [CMD] qsub -q all.q -l ngpus=1 -v MODEL="ConvNeXt",DATASET="TinyImageNet",ATTACK="BIM",KIND="ALL",PHASE="generate",OUTPUT_DIR="adversarial_results_ep200_pre200" adversarial_hpc_submit.pbs </dev/null
[2026-09-08 11:16:37] [OK] ConvNeXt/TinyImageNet/CW/ALL
[2026-09-08 11:16:40] [OK] ConvNeXt/TinyImageNet/DeepFool/ALL
[2026-09-08 11:16:41] [OK] qsub output: Your job 6480446 ("adversarial_hpc_submit.pbs") has been submitted
[2026-09-08 11:16:42] [OK] qsub output: Your job 6480448 ("adversarial_hpc_submit.pbs") has been submitted
[2026-09-08 11:16:42] [SUBMIT] ConvNeXt/TinyImageNet/DeepFool/ALL
[2026-09-08 11:16:42] [CMD] qsub -q all.q -l ngpus=1 -v MODEL="ConvNeXt",DATASET="TinyImageNet",ATTACK="DeepFool",KIND="ALL",PHASE="generate",OUTPUT_DIR="adversarial_results_ep300_pre100" adversarial_hpc_submit.pbs </dev/null
[2026-09-08 11:16:42] [SUCCESS] Submitted 126 jobs
[2026-09-08 11:16:43] [OK] ConvNeXt/TinyImageNet/BIM/ALL
[2026-09-08 11:16:43] Monitor progress with: qstat
[2026-09-08 11:16:43] [OK] qsub output: Your job 6480449 ("adversarial_hpc_submit.pbs") has been submitted
[2026-09-08 11:16:43] ============================================================================
[2026-09-08 11:16:43] Job submission complete. Check logs/ for details.
[2026-09-08 11:16:44] [SUBMIT] ConvNeXt/TinyImageNet/APGD/ALL
[2026-09-08 11:16:44] Run log saved to: /Users/jgafur/LTH/manuscript/Tranfer/logs/adversarial_orchestrate_generate_20260908_105521.log
[2026-09-08 11:16:44] [CMD] qsub -q all.q -l ngpus=1 -v MODEL="ConvNeXt",DATASET="TinyImageNet",ATTACK="APGD",KIND="ALL",PHASE="generate",OUTPUT_DIR="adversarial_results_ep200_pre200" adversarial_hpc_submit.pbs </dev/null
[2026-09-08 11:16:44] ============================================================================
[2026-09-08 11:16:49] [OK] ConvNeXt/TinyImageNet/APGD/ALL
[2026-09-08 11:16:49] [OK] qsub output: Your job 6480452 ("adversarial_hpc_submit.pbs") has been submitted
[2026-09-08 11:16:49] [SUBMIT] ConvNeXt/TinyImageNet/CW/ALL
[2026-09-08 11:16:49] [CMD] qsub -q all.q -l ngpus=1 -v MODEL="ConvNeXt",DATASET="TinyImageNet",ATTACK="CW",KIND="ALL",PHASE="generate",OUTPUT_DIR="adversarial_results_ep200_pre200" adversarial_hpc_submit.pbs </dev/null
[2026-09-08 11:16:51] [OK] ConvNeXt/TinyImageNet/DeepFool/ALL
[2026-09-08 11:16:51] [OK] qsub output: Your job 6480451 ("adversarial_hpc_submit.pbs") has been submitted
[2026-09-08 11:16:51] [SUCCESS] Submitted 126 jobs
[2026-09-08 11:16:51] Monitor progress with: qstat
[2026-09-08 11:16:51] ============================================================================
[2026-09-08 11:16:51] Job submission complete. Check logs/ for details.
[2026-09-08 11:16:51] Run log saved to: /Users/jgafur/LTH/manuscript/Tranfer/logs/adversarial_orchestrate_generate_20260908_105521.log
[2026-09-08 11:16:51] ============================================================================
[2026-09-08 11:16:56] [OK] ConvNeXt/TinyImageNet/CW/ALL
[2026-09-08 11:16:56] [OK] qsub output: Your job 6480454 ("adversarial_hpc_submit.pbs") has been submitted
[2026-09-08 11:16:56] [SUBMIT] ConvNeXt/TinyImageNet/DeepFool/ALL
[2026-09-08 11:16:56] [CMD] qsub -q all.q -l ngpus=1 -v MODEL="ConvNeXt",DATASET="TinyImageNet",ATTACK="DeepFool",KIND="ALL",PHASE="generate",OUTPUT_DIR="adversarial_results_ep200_pre200" adversarial_hpc_submit.pbs </dev/null
[2026-09-08 11:17:00] [OK] ConvNeXt/TinyImageNet/DeepFool/ALL
[2026-09-08 11:17:00] [OK] qsub output: Your job 6480456 ("adversarial_hpc_submit.pbs") has been submitted
[2026-09-08 11:17:00] [SUCCESS] Submitted 126 jobs
[2026-09-08 11:17:00] Monitor progress with: qstat
[2026-09-08 11:17:00] ============================================================================
[2026-09-08 11:17:00] Job submission complete. Check logs/ for details.
[2026-09-08 11:17:00] Run log saved to: /Users/jgafur/LTH/manuscript/Tranfer/logs/adversarial_orchestrate_generate_20260908_105521.log
[2026-09-08 11:17:00] ============================================================================
