[2026-09-12 09:50:17] Starting orchestration script
[2026-09-12 09:50:17] Starting orchestration script
[2026-09-12 09:50:17] Starting orchestration script
[2026-09-12 09:50:17] Script path: /Users/jgafur/LTH/manuscript/Tranfer
[2026-09-12 09:50:17] Script path: /Users/jgafur/LTH/manuscript/Tranfer
[2026-09-12 09:50:17] Current working directory: /Users/jgafur/LTH/manuscript/Tranfer
[2026-09-12 09:50:17] Phase: generate
[2026-09-12 09:50:17] Script path: /Users/jgafur/LTH/manuscript/Tranfer
[2026-09-12 09:50:17] Output directory: adversarial_results_ep300_pre100
[2026-09-12 09:50:17] Current working directory: /Users/jgafur/LTH/manuscript/Tranfer
[2026-09-12 09:50:17] Current working directory: /Users/jgafur/LTH/manuscript/Tranfer
[2026-09-12 09:50:17] Model filter: ALL
[2026-09-12 09:50:17] Phase: generate
[2026-09-12 09:50:17] Phase: generate
[2026-09-12 09:50:17] Dataset filter: ALL
[2026-09-12 09:50:17] Output directory: adversarial_results_ep200_pre200
[2026-09-12 09:50:17] Output directory: adversarial_results_ep100_pre300
[2026-09-12 09:50:17] Attack filter: ALL
[2026-09-12 09:50:17] Model filter: ALL
[2026-09-12 09:50:17] Model filter: ALL
[2026-09-12 09:50:17] Kind filter: ALL
[2026-09-12 09:50:17] Dataset filter: ALL
[2026-09-12 09:50:17] Dataset filter: ALL
[2026-09-12 09:50:17] Run log: /Users/jgafur/LTH/manuscript/Tranfer/logs/adversarial_orchestrate_generate_20260912_095017.log
[2026-09-12 09:50:17] Attack filter: ALL
[2026-09-12 09:50:17] Attack filter: ALL
[2026-09-12 09:50:17] Kind filter: ALL
[2026-09-12 09:50:17] Kind filter: ALL
[2026-09-12 09:50:17] qsub command found: /opt/sge/bin/lx-amd64/qsub
[2026-09-12 09:50:17] Run log: /Users/jgafur/LTH/manuscript/Tranfer/logs/adversarial_orchestrate_generate_20260912_095017.log
[2026-09-12 09:50:17] Run log: /Users/jgafur/LTH/manuscript/Tranfer/logs/adversarial_orchestrate_generate_20260912_095017.log
[2026-09-12 09:50:17] Found submission file: /Users/jgafur/LTH/manuscript/Tranfer/adversarial_hpc_submit.pbs
[2026-09-12 09:50:17] qsub command found: /opt/sge/bin/lx-amd64/qsub
[2026-09-12 09:50:17] qsub command found: /opt/sge/bin/lx-amd64/qsub
[2026-09-12 09:50:17] ============================================================================
[2026-09-12 09:50:17] Found submission file: /Users/jgafur/LTH/manuscript/Tranfer/adversarial_hpc_submit.pbs
[2026-09-12 09:50:17] Found submission file: /Users/jgafur/LTH/manuscript/Tranfer/adversarial_hpc_submit.pbs
[2026-09-12 09:50:17] Adversarial Analysis HPC Orchestration
[2026-09-12 09:50:17] ============================================================================
[2026-09-12 09:50:17] ============================================================================
[2026-09-12 09:50:17] Adversarial Analysis HPC Orchestration
[2026-09-12 09:50:17] ============================================================================
[2026-09-12 09:50:17] Adversarial Analysis HPC Orchestration
[2026-09-12 09:50:17] ============================================================================
[2026-09-12 09:50:17] Phase:       generate
[2026-09-12 09:50:17] ============================================================================
[2026-09-12 09:50:17] Phase:       generate
[2026-09-12 09:50:17] Output Dir:  adversarial_results_ep300_pre100
[2026-09-12 09:50:17] Phase:       generate
[2026-09-12 09:50:17] Output Dir:  adversarial_results_ep200_pre200
[2026-09-12 09:50:17] Models:      6 architectures
[2026-09-12 09:50:17] Output Dir:  adversarial_results_ep100_pre300
[2026-09-12 09:50:17] Models:      6 architectures
[2026-09-12 09:50:17] Datasets:    3 datasets
[2026-09-12 09:50:17] Attacks:     7 attack types
[2026-09-12 09:50:17] Datasets:    3 datasets
[2026-09-12 09:50:17] Models:      6 architectures
[2026-09-12 09:50:17] Total Jobs:  ~126
[2026-09-12 09:50:17] Attacks:     7 attack types
[2026-09-12 09:50:17] Datasets:    3 datasets
[2026-09-12 09:50:17] ============================================================================
[2026-09-12 09:50:17] Total Jobs:  ~126
[2026-09-12 09:50:17] Attacks:     7 attack types
[2026-09-12 09:50:17] ============================================================================
[2026-09-12 09:50:17] Total Jobs:  ~126
[2026-09-12 09:50:17] Run outputs will be written as txt files in manuscript/Tranfer/
[2026-09-12 09:50:17] ============================================================================
[2026-09-12 09:50:17]   - generate:      <MODEL>_<DATASET>_<ATTACK>_<KIND>_generate_run.txt
[2026-09-12 09:50:17] Run outputs will be written as txt files in manuscript/Tranfer/
[2026-09-12 09:50:17]   - analyze:       adversarial_analyze_run.txt
[2026-09-12 09:50:17]   - generate:      <MODEL>_<DATASET>_<ATTACK>_<KIND>_generate_run.txt
[2026-09-12 09:50:17] Run outputs will be written as txt files in manuscript/Tranfer/
[2026-09-12 09:50:17]   - analyze:       adversarial_analyze_run.txt
[2026-09-12 09:50:17]   - plot:          adversarial_plot_run.txt
[2026-09-12 09:50:17]   - generate:      <MODEL>_<DATASET>_<ATTACK>_<KIND>_generate_run.txt
[2026-09-12 09:50:17]   - plot:          adversarial_plot_run.txt
[2026-09-12 09:50:17]   - gradient_sim:  adversarial_gradient_sim_run.txt
[2026-09-12 09:50:17]   - analyze:       adversarial_analyze_run.txt
[2026-09-12 09:50:17]   - gradient_sim:  adversarial_gradient_sim_run.txt
[2026-09-12 09:50:17]   - plot:          adversarial_plot_run.txt
[2026-09-12 09:50:17]   - epsilon_sweep: adversarial_epsilon_sweep_run.txt
[2026-09-12 09:50:17]   - epsilon_sweep: adversarial_epsilon_sweep_run.txt
[2026-09-12 09:50:17]   - gradient_sim:  adversarial_gradient_sim_run.txt
[2026-09-12 09:50:17]   - statistics:    adversarial_statistics_run.txt
[2026-09-12 09:50:17]   - statistics:    adversarial_statistics_run.txt
[2026-09-12 09:50:17]   - epsilon_sweep: adversarial_epsilon_sweep_run.txt
[2026-09-12 09:50:17]   - cka:           adversarial_cka_run.txt
[2026-09-12 09:50:17]   - cka:           adversarial_cka_run.txt
[2026-09-12 09:50:17]   - compare:       adversarial_compare_run.txt
[2026-09-12 09:50:17]   - statistics:    adversarial_statistics_run.txt
[2026-09-12 09:50:17]   - compare:       adversarial_compare_run.txt
[2026-09-12 09:50:17]   - compute_tradeoff: adversarial_compute_tradeoff_run.txt
[2026-09-12 09:50:17]   - cka:           adversarial_cka_run.txt
[2026-09-12 09:50:17]   - compute_tradeoff: adversarial_compute_tradeoff_run.txt
[2026-09-12 09:50:17]   - correlations:  adversarial_correlations_run.txt
[2026-09-12 09:50:17]   - compare:       adversarial_compare_run.txt
[2026-09-12 09:50:17]   - correlations:  adversarial_correlations_run.txt
[2026-09-12 09:50:17] [PHASE: GENERATE] Submitting attack generation jobs...
[2026-09-12 09:50:17]   - compute_tradeoff: adversarial_compute_tradeoff_run.txt
[2026-09-12 09:50:17] [PHASE: GENERATE] Submitting attack generation jobs...
[2026-09-12 09:50:17] [SUBMIT] VGG16/Cifar10/PGD/ALL
[2026-09-12 09:50:17]   - correlations:  adversarial_correlations_run.txt
[2026-09-12 09:50:17] [SUBMIT] VGG16/Cifar10/PGD/ALL
[2026-09-12 09:50:17] [CMD] qsub -q all.q -l ngpus=1 -v MODEL="VGG16",DATASET="Cifar10",ATTACK="PGD",KIND="ALL",PHASE="generate",OUTPUT_DIR="adversarial_results_ep300_pre100",FORCE_RERUN="0" adversarial_hpc_submit.pbs </dev/null
[2026-09-12 09:50:17] [CMD] qsub -q all.q -l ngpus=1 -v MODEL="VGG16",DATASET="Cifar10",ATTACK="PGD",KIND="ALL",PHASE="generate",OUTPUT_DIR="adversarial_results_ep200_pre200",FORCE_RERUN="0" adversarial_hpc_submit.pbs </dev/null
[2026-09-12 09:50:17] [PHASE: GENERATE] Submitting attack generation jobs...
[2026-09-12 09:50:17] [SUBMIT] VGG16/Cifar10/PGD/ALL
[2026-09-12 09:50:17] [CMD] qsub -q all.q -l ngpus=1 -v MODEL="VGG16",DATASET="Cifar10",ATTACK="PGD",KIND="ALL",PHASE="generate",OUTPUT_DIR="adversarial_results_ep100_pre300",FORCE_RERUN="0" adversarial_hpc_submit.pbs </dev/null
[2026-09-12 09:50:20] [OK] VGG16/Cifar10/PGD/ALL
[2026-09-12 09:50:20] [OK] qsub output: Your job 6508699 ("adversarial_hpc_submit.pbs") has been submitted
[2026-09-12 09:50:20] [SUBMIT] VGG16/Cifar10/FGSM/ALL
[2026-09-12 09:50:20] [CMD] qsub -q all.q -l ngpus=1 -v MODEL="VGG16",DATASET="Cifar10",ATTACK="FGSM",KIND="ALL",PHASE="generate",OUTPUT_DIR="adversarial_results_ep100_pre300",FORCE_RERUN="0" adversarial_hpc_submit.pbs </dev/null
[2026-09-12 09:50:22] [OK] VGG16/Cifar10/PGD/ALL
[2026-09-12 09:50:22] [OK] qsub output: Your job 6508700 ("adversarial_hpc_submit.pbs") has been submitted
[2026-09-12 09:50:22] [SUBMIT] VGG16/Cifar10/FGSM/ALL
[2026-09-12 09:50:22] [CMD] qsub -q all.q -l ngpus=1 -v MODEL="VGG16",DATASET="Cifar10",ATTACK="FGSM",KIND="ALL",PHASE="generate",OUTPUT_DIR="adversarial_results_ep200_pre200",FORCE_RERUN="0" adversarial_hpc_submit.pbs </dev/null
[2026-09-12 09:50:23] [OK] VGG16/Cifar10/PGD/ALL
[2026-09-12 09:50:23] [OK] qsub output: Your job 6508698 ("adversarial_hpc_submit.pbs") has been submitted
[2026-09-12 09:50:23] [SUBMIT] VGG16/Cifar10/FGSM/ALL
[2026-09-12 09:50:23] [CMD] qsub -q all.q -l ngpus=1 -v MODEL="VGG16",DATASET="Cifar10",ATTACK="FGSM",KIND="ALL",PHASE="generate",OUTPUT_DIR="adversarial_results_ep300_pre100",FORCE_RERUN="0" adversarial_hpc_submit.pbs </dev/null
[2026-09-12 09:50:26] [OK] VGG16/Cifar10/FGSM/ALL
[2026-09-12 09:50:26] [OK] qsub output: Your job 6508701 ("adversarial_hpc_submit.pbs") has been submitted
[2026-09-12 09:50:26] [SUBMIT] VGG16/Cifar10/IFGSM/ALL
[2026-09-12 09:50:26] [CMD] qsub -q all.q -l ngpus=1 -v MODEL="VGG16",DATASET="Cifar10",ATTACK="IFGSM",KIND="ALL",PHASE="generate",OUTPUT_DIR="adversarial_results_ep100_pre300",FORCE_RERUN="0" adversarial_hpc_submit.pbs </dev/null
[2026-09-12 09:50:26] [OK] VGG16/Cifar10/FGSM/ALL
[2026-09-12 09:50:26] [OK] qsub output: Your job 6508702 ("adversarial_hpc_submit.pbs") has been submitted
[2026-09-12 09:50:26] [SUBMIT] VGG16/Cifar10/IFGSM/ALL
[2026-09-12 09:50:26] [CMD] qsub -q all.q -l ngpus=1 -v MODEL="VGG16",DATASET="Cifar10",ATTACK="IFGSM",KIND="ALL",PHASE="generate",OUTPUT_DIR="adversarial_results_ep200_pre200",FORCE_RERUN="0" adversarial_hpc_submit.pbs </dev/null
[2026-09-12 09:50:31] [OK] VGG16/Cifar10/IFGSM/ALL
[2026-09-12 09:50:31] [OK] qsub output: Your job 6508704 ("adversarial_hpc_submit.pbs") has been submitted
[2026-09-12 09:50:31] [SUBMIT] VGG16/Cifar10/BIM/ALL
[2026-09-12 09:50:31] [CMD] qsub -q all.q -l ngpus=1 -v MODEL="VGG16",DATASET="Cifar10",ATTACK="BIM",KIND="ALL",PHASE="generate",OUTPUT_DIR="adversarial_results_ep100_pre300",FORCE_RERUN="0" adversarial_hpc_submit.pbs </dev/null
[2026-09-12 09:50:32] [OK] VGG16/Cifar10/FGSM/ALL
[2026-09-12 09:50:32] [OK] qsub output: Your job 6508703 ("adversarial_hpc_submit.pbs") has been submitted
[2026-09-12 09:50:32] [SUBMIT] VGG16/Cifar10/IFGSM/ALL
[2026-09-12 09:50:32] [CMD] qsub -q all.q -l ngpus=1 -v MODEL="VGG16",DATASET="Cifar10",ATTACK="IFGSM",KIND="ALL",PHASE="generate",OUTPUT_DIR="adversarial_results_ep300_pre100",FORCE_RERUN="0" adversarial_hpc_submit.pbs </dev/null
[2026-09-12 09:50:37] [OK] VGG16/Cifar10/BIM/ALL
[2026-09-12 09:50:37] [OK] qsub output: Your job 6508706 ("adversarial_hpc_submit.pbs") has been submitted
[2026-09-12 09:50:37] [SUBMIT] VGG16/Cifar10/APGD/ALL
[2026-09-12 09:50:37] [CMD] qsub -q all.q -l ngpus=1 -v MODEL="VGG16",DATASET="Cifar10",ATTACK="APGD",KIND="ALL",PHASE="generate",OUTPUT_DIR="adversarial_results_ep100_pre300",FORCE_RERUN="0" adversarial_hpc_submit.pbs </dev/null
[2026-09-12 09:50:40] [OK] VGG16/Cifar10/IFGSM/ALL
[2026-09-12 09:50:40] [OK] qsub output: Your job 6508705 ("adversarial_hpc_submit.pbs") has been submitted
[2026-09-12 09:50:40] [SUBMIT] VGG16/Cifar10/BIM/ALL
[2026-09-12 09:50:40] [CMD] qsub -q all.q -l ngpus=1 -v MODEL="VGG16",DATASET="Cifar10",ATTACK="BIM",KIND="ALL",PHASE="generate",OUTPUT_DIR="adversarial_results_ep200_pre200",FORCE_RERUN="0" adversarial_hpc_submit.pbs </dev/null
[2026-09-12 09:50:46] [OK] VGG16/Cifar10/APGD/ALL
[2026-09-12 09:50:46] [OK] qsub output: Your job 6508708 ("adversarial_hpc_submit.pbs") has been submitted
[2026-09-12 09:50:46] [SUBMIT] VGG16/Cifar10/CW/ALL
[2026-09-12 09:50:46] [CMD] qsub -q all.q -l ngpus=1 -v MODEL="VGG16",DATASET="Cifar10",ATTACK="CW",KIND="ALL",PHASE="generate",OUTPUT_DIR="adversarial_results_ep100_pre300",FORCE_RERUN="0" adversarial_hpc_submit.pbs </dev/null
[2026-09-12 09:50:46] [OK] VGG16/Cifar10/IFGSM/ALL
[2026-09-12 09:50:46] [OK] qsub output: Your job 6508707 ("adversarial_hpc_submit.pbs") has been submitted
[2026-09-12 09:50:46] [SUBMIT] VGG16/Cifar10/BIM/ALL
[2026-09-12 09:50:46] [CMD] qsub -q all.q -l ngpus=1 -v MODEL="VGG16",DATASET="Cifar10",ATTACK="BIM",KIND="ALL",PHASE="generate",OUTPUT_DIR="adversarial_results_ep300_pre100",FORCE_RERUN="0" adversarial_hpc_submit.pbs </dev/null
[2026-09-12 09:50:52] [OK] VGG16/Cifar10/CW/ALL
[2026-09-12 09:50:52] [OK] qsub output: Your job 6508710 ("adversarial_hpc_submit.pbs") has been submitted
[2026-09-12 09:50:52] [SUBMIT] VGG16/Cifar10/DeepFool/ALL
[2026-09-12 09:50:52] [CMD] qsub -q all.q -l ngpus=1 -v MODEL="VGG16",DATASET="Cifar10",ATTACK="DeepFool",KIND="ALL",PHASE="generate",OUTPUT_DIR="adversarial_results_ep100_pre300",FORCE_RERUN="0" adversarial_hpc_submit.pbs </dev/null
[2026-09-12 09:50:52] [OK] VGG16/Cifar10/BIM/ALL
[2026-09-12 09:50:52] [OK] qsub output: Your job 6508709 ("adversarial_hpc_submit.pbs") has been submitted
[2026-09-12 09:50:53] [SUBMIT] VGG16/Cifar10/APGD/ALL
[2026-09-12 09:50:53] [CMD] qsub -q all.q -l ngpus=1 -v MODEL="VGG16",DATASET="Cifar10",ATTACK="APGD",KIND="ALL",PHASE="generate",OUTPUT_DIR="adversarial_results_ep200_pre200",FORCE_RERUN="0" adversarial_hpc_submit.pbs </dev/null
[2026-09-12 09:50:55] [OK] VGG16/Cifar10/DeepFool/ALL
[2026-09-12 09:50:55] [OK] qsub output: Your job 6508712 ("adversarial_hpc_submit.pbs") has been submitted
[2026-09-12 09:50:55] [SUBMIT] VGG16/Cifar100/PGD/ALL
[2026-09-12 09:50:55] [CMD] qsub -q all.q -l ngpus=1 -v MODEL="VGG16",DATASET="Cifar100",ATTACK="PGD",KIND="ALL",PHASE="generate",OUTPUT_DIR="adversarial_results_ep100_pre300",FORCE_RERUN="0" adversarial_hpc_submit.pbs </dev/null
[2026-09-12 09:51:01] [OK] VGG16/Cifar10/BIM/ALL
[2026-09-12 09:51:01] [OK] qsub output: Your job 6508711 ("adversarial_hpc_submit.pbs") has been submitted
[2026-09-12 09:51:01] [SUBMIT] VGG16/Cifar10/APGD/ALL
[2026-09-12 09:51:01] [CMD] qsub -q all.q -l ngpus=1 -v MODEL="VGG16",DATASET="Cifar10",ATTACK="APGD",KIND="ALL",PHASE="generate",OUTPUT_DIR="adversarial_results_ep300_pre100",FORCE_RERUN="0" adversarial_hpc_submit.pbs </dev/null
[2026-09-12 09:51:03] [OK] VGG16/Cifar10/APGD/ALL
[2026-09-12 09:51:03] [OK] qsub output: Your job 6508713 ("adversarial_hpc_submit.pbs") has been submitted
[2026-09-12 09:51:03] [SUBMIT] VGG16/Cifar10/CW/ALL
[2026-09-12 09:51:03] [CMD] qsub -q all.q -l ngpus=1 -v MODEL="VGG16",DATASET="Cifar10",ATTACK="CW",KIND="ALL",PHASE="generate",OUTPUT_DIR="adversarial_results_ep200_pre200",FORCE_RERUN="0" adversarial_hpc_submit.pbs </dev/null
[2026-09-12 09:51:05] [OK] VGG16/Cifar100/PGD/ALL
[2026-09-12 09:51:05] [OK] qsub output: Your job 6508714 ("adversarial_hpc_submit.pbs") has been submitted
[2026-09-12 09:51:05] [SUBMIT] VGG16/Cifar100/FGSM/ALL
[2026-09-12 09:51:05] [CMD] qsub -q all.q -l ngpus=1 -v MODEL="VGG16",DATASET="Cifar100",ATTACK="FGSM",KIND="ALL",PHASE="generate",OUTPUT_DIR="adversarial_results_ep100_pre300",FORCE_RERUN="0" adversarial_hpc_submit.pbs </dev/null
[2026-09-12 09:51:08] [OK] VGG16/Cifar10/APGD/ALL
[2026-09-12 09:51:08] [OK] qsub output: Your job 6508715 ("adversarial_hpc_submit.pbs") has been submitted
[2026-09-12 09:51:08] [SUBMIT] VGG16/Cifar10/CW/ALL
[2026-09-12 09:51:08] [CMD] qsub -q all.q -l ngpus=1 -v MODEL="VGG16",DATASET="Cifar10",ATTACK="CW",KIND="ALL",PHASE="generate",OUTPUT_DIR="adversarial_results_ep300_pre100",FORCE_RERUN="0" adversarial_hpc_submit.pbs </dev/null
[2026-09-12 09:51:15] [OK] VGG16/Cifar10/CW/ALL
[2026-09-12 09:51:15] [OK] qsub output: Your job 6508716 ("adversarial_hpc_submit.pbs") has been submitted
[2026-09-12 09:51:15] [SUBMIT] VGG16/Cifar10/DeepFool/ALL
[2026-09-12 09:51:15] [CMD] qsub -q all.q -l ngpus=1 -v MODEL="VGG16",DATASET="Cifar10",ATTACK="DeepFool",KIND="ALL",PHASE="generate",OUTPUT_DIR="adversarial_results_ep200_pre200",FORCE_RERUN="0" adversarial_hpc_submit.pbs </dev/null
[2026-09-12 09:51:16] [OK] VGG16/Cifar100/FGSM/ALL
[2026-09-12 09:51:16] [OK] qsub output: Your job 6508718 ("adversarial_hpc_submit.pbs") has been submitted
[2026-09-12 09:51:16] [SUBMIT] VGG16/Cifar100/IFGSM/ALL
[2026-09-12 09:51:16] [CMD] qsub -q all.q -l ngpus=1 -v MODEL="VGG16",DATASET="Cifar100",ATTACK="IFGSM",KIND="ALL",PHASE="generate",OUTPUT_DIR="adversarial_results_ep100_pre300",FORCE_RERUN="0" adversarial_hpc_submit.pbs </dev/null
[2026-09-12 09:51:21] [OK] VGG16/Cifar10/DeepFool/ALL
[2026-09-12 09:51:21] [OK] qsub output: Your job 6508720 ("adversarial_hpc_submit.pbs") has been submitted
[2026-09-12 09:51:21] [SUBMIT] VGG16/Cifar100/PGD/ALL
[2026-09-12 09:51:21] [CMD] qsub -q all.q -l ngpus=1 -v MODEL="VGG16",DATASET="Cifar100",ATTACK="PGD",KIND="ALL",PHASE="generate",OUTPUT_DIR="adversarial_results_ep200_pre200",FORCE_RERUN="0" adversarial_hpc_submit.pbs </dev/null
[2026-09-12 09:51:23] [OK] VGG16/Cifar10/CW/ALL
[2026-09-12 09:51:23] [OK] qsub output: Your job 6508719 ("adversarial_hpc_submit.pbs") has been submitted
[2026-09-12 09:51:23] [SUBMIT] VGG16/Cifar10/DeepFool/ALL
[2026-09-12 09:51:23] [CMD] qsub -q all.q -l ngpus=1 -v MODEL="VGG16",DATASET="Cifar10",ATTACK="DeepFool",KIND="ALL",PHASE="generate",OUTPUT_DIR="adversarial_results_ep300_pre100",FORCE_RERUN="0" adversarial_hpc_submit.pbs </dev/null
[2026-09-12 09:51:25] [OK] VGG16/Cifar100/IFGSM/ALL
[2026-09-12 09:51:25] [OK] qsub output: Your job 6508721 ("adversarial_hpc_submit.pbs") has been submitted
[2026-09-12 09:51:25] [SUBMIT] VGG16/Cifar100/BIM/ALL
[2026-09-12 09:51:25] [CMD] qsub -q all.q -l ngpus=1 -v MODEL="VGG16",DATASET="Cifar100",ATTACK="BIM",KIND="ALL",PHASE="generate",OUTPUT_DIR="adversarial_results_ep100_pre300",FORCE_RERUN="0" adversarial_hpc_submit.pbs </dev/null
[2026-09-12 09:51:32] [OK] VGG16/Cifar100/PGD/ALL
[2026-09-12 09:51:32] [OK] qsub output: Your job 6508722 ("adversarial_hpc_submit.pbs") has been submitted
[2026-09-12 09:51:33] [SUBMIT] VGG16/Cifar100/FGSM/ALL
[2026-09-12 09:51:33] [CMD] qsub -q all.q -l ngpus=1 -v MODEL="VGG16",DATASET="Cifar100",ATTACK="FGSM",KIND="ALL",PHASE="generate",OUTPUT_DIR="adversarial_results_ep200_pre200",FORCE_RERUN="0" adversarial_hpc_submit.pbs </dev/null
[2026-09-12 09:51:35] [OK] VGG16/Cifar10/DeepFool/ALL
[2026-09-12 09:51:35] [OK] qsub output: Your job 6508723 ("adversarial_hpc_submit.pbs") has been submitted
[2026-09-12 09:51:35] [SUBMIT] VGG16/Cifar100/PGD/ALL
[2026-09-12 09:51:35] [CMD] qsub -q all.q -l ngpus=1 -v MODEL="VGG16",DATASET="Cifar100",ATTACK="PGD",KIND="ALL",PHASE="generate",OUTPUT_DIR="adversarial_results_ep300_pre100",FORCE_RERUN="0" adversarial_hpc_submit.pbs </dev/null
[2026-09-12 09:51:35] [OK] VGG16/Cifar100/BIM/ALL
[2026-09-12 09:51:35] [OK] qsub output: Your job 6508724 ("adversarial_hpc_submit.pbs") has been submitted
[2026-09-12 09:51:35] [SUBMIT] VGG16/Cifar100/APGD/ALL
[2026-09-12 09:51:35] [CMD] qsub -q all.q -l ngpus=1 -v MODEL="VGG16",DATASET="Cifar100",ATTACK="APGD",KIND="ALL",PHASE="generate",OUTPUT_DIR="adversarial_results_ep100_pre300",FORCE_RERUN="0" adversarial_hpc_submit.pbs </dev/null
[2026-09-12 09:51:37] [OK] VGG16/Cifar100/PGD/ALL
[2026-09-12 09:51:37] [OK] qsub output: Your job 6508726 ("adversarial_hpc_submit.pbs") has been submitted
[2026-09-12 09:51:37] [SUBMIT] VGG16/Cifar100/FGSM/ALL
[2026-09-12 09:51:38] [CMD] qsub -q all.q -l ngpus=1 -v MODEL="VGG16",DATASET="Cifar100",ATTACK="FGSM",KIND="ALL",PHASE="generate",OUTPUT_DIR="adversarial_results_ep300_pre100",FORCE_RERUN="0" adversarial_hpc_submit.pbs </dev/null
[2026-09-12 09:51:41] [OK] VGG16/Cifar100/FGSM/ALL
[2026-09-12 09:51:41] [OK] qsub output: Your job 6508725 ("adversarial_hpc_submit.pbs") has been submitted
[2026-09-12 09:51:41] [SUBMIT] VGG16/Cifar100/IFGSM/ALL
[2026-09-12 09:51:41] [CMD] qsub -q all.q -l ngpus=1 -v MODEL="VGG16",DATASET="Cifar100",ATTACK="IFGSM",KIND="ALL",PHASE="generate",OUTPUT_DIR="adversarial_results_ep200_pre200",FORCE_RERUN="0" adversarial_hpc_submit.pbs </dev/null
[2026-09-12 09:51:43] [OK] VGG16/Cifar100/FGSM/ALL
[2026-09-12 09:51:43] [OK] qsub output: Your job 6508728 ("adversarial_hpc_submit.pbs") has been submitted
[2026-09-12 09:51:43] [SUBMIT] VGG16/Cifar100/IFGSM/ALL
[2026-09-12 09:51:43] [CMD] qsub -q all.q -l ngpus=1 -v MODEL="VGG16",DATASET="Cifar100",ATTACK="IFGSM",KIND="ALL",PHASE="generate",OUTPUT_DIR="adversarial_results_ep300_pre100",FORCE_RERUN="0" adversarial_hpc_submit.pbs </dev/null
[2026-09-12 09:51:45] [OK] VGG16/Cifar100/APGD/ALL
[2026-09-12 09:51:45] [OK] qsub output: Your job 6508727 ("adversarial_hpc_submit.pbs") has been submitted
[2026-09-12 09:51:45] [SUBMIT] VGG16/Cifar100/CW/ALL
[2026-09-12 09:51:45] [CMD] qsub -q all.q -l ngpus=1 -v MODEL="VGG16",DATASET="Cifar100",ATTACK="CW",KIND="ALL",PHASE="generate",OUTPUT_DIR="adversarial_results_ep100_pre300",FORCE_RERUN="0" adversarial_hpc_submit.pbs </dev/null
[2026-09-12 09:51:50] [OK] VGG16/Cifar100/IFGSM/ALL
[2026-09-12 09:51:50] [OK] qsub output: Your job 6508729 ("adversarial_hpc_submit.pbs") has been submitted
[2026-09-12 09:51:51] [SUBMIT] VGG16/Cifar100/BIM/ALL
[2026-09-12 09:51:51] [CMD] qsub -q all.q -l ngpus=1 -v MODEL="VGG16",DATASET="Cifar100",ATTACK="BIM",KIND="ALL",PHASE="generate",OUTPUT_DIR="adversarial_results_ep200_pre200",FORCE_RERUN="0" adversarial_hpc_submit.pbs </dev/null
[2026-09-12 09:51:51] [OK] VGG16/Cifar100/IFGSM/ALL
[2026-09-12 09:51:51] [OK] qsub output: Your job 6508730 ("adversarial_hpc_submit.pbs") has been submitted
[2026-09-12 09:51:51] [SUBMIT] VGG16/Cifar100/BIM/ALL
[2026-09-12 09:51:51] [CMD] qsub -q all.q -l ngpus=1 -v MODEL="VGG16",DATASET="Cifar100",ATTACK="BIM",KIND="ALL",PHASE="generate",OUTPUT_DIR="adversarial_results_ep300_pre100",FORCE_RERUN="0" adversarial_hpc_submit.pbs </dev/null
[2026-09-12 09:51:54] [OK] VGG16/Cifar100/CW/ALL
[2026-09-12 09:51:54] [OK] qsub output: Your job 6508731 ("adversarial_hpc_submit.pbs") has been submitted
[2026-09-12 09:51:54] [SUBMIT] VGG16/Cifar100/DeepFool/ALL
[2026-09-12 09:51:54] [CMD] qsub -q all.q -l ngpus=1 -v MODEL="VGG16",DATASET="Cifar100",ATTACK="DeepFool",KIND="ALL",PHASE="generate",OUTPUT_DIR="adversarial_results_ep100_pre300",FORCE_RERUN="0" adversarial_hpc_submit.pbs </dev/null
[2026-09-12 09:51:55] [OK] VGG16/Cifar100/BIM/ALL
[2026-09-12 09:51:55] [OK] qsub output: Your job 6508732 ("adversarial_hpc_submit.pbs") has been submitted
[2026-09-12 09:51:55] [SUBMIT] VGG16/Cifar100/APGD/ALL
[2026-09-12 09:51:55] [CMD] qsub -q all.q -l ngpus=1 -v MODEL="VGG16",DATASET="Cifar100",ATTACK="APGD",KIND="ALL",PHASE="generate",OUTPUT_DIR="adversarial_results_ep200_pre200",FORCE_RERUN="0" adversarial_hpc_submit.pbs </dev/null
[2026-09-12 09:52:00] [OK] VGG16/Cifar100/BIM/ALL
[2026-09-12 09:52:00] [OK] qsub output: Your job 6508733 ("adversarial_hpc_submit.pbs") has been submitted
[2026-09-12 09:52:00] [SUBMIT] VGG16/Cifar100/APGD/ALL
[2026-09-12 09:52:00] [CMD] qsub -q all.q -l ngpus=1 -v MODEL="VGG16",DATASET="Cifar100",ATTACK="APGD",KIND="ALL",PHASE="generate",OUTPUT_DIR="adversarial_results_ep300_pre100",FORCE_RERUN="0" adversarial_hpc_submit.pbs </dev/null
[2026-09-12 09:52:01] [OK] VGG16/Cifar100/DeepFool/ALL
[2026-09-12 09:52:01] [OK] qsub output: Your job 6508734 ("adversarial_hpc_submit.pbs") has been submitted
[2026-09-12 09:52:01] [SUBMIT] VGG16/TinyImageNet/PGD/ALL
[2026-09-12 09:52:01] [CMD] qsub -q all.q -l ngpus=1 -v MODEL="VGG16",DATASET="TinyImageNet",ATTACK="PGD",KIND="ALL",PHASE="generate",OUTPUT_DIR="adversarial_results_ep100_pre300",FORCE_RERUN="0" adversarial_hpc_submit.pbs </dev/null
[2026-09-12 09:52:04] [OK] VGG16/Cifar100/APGD/ALL
[2026-09-12 09:52:04] [OK] qsub output: Your job 6508735 ("adversarial_hpc_submit.pbs") has been submitted
[2026-09-12 09:52:04] [SUBMIT] VGG16/Cifar100/CW/ALL
[2026-09-12 09:52:04] [CMD] qsub -q all.q -l ngpus=1 -v MODEL="VGG16",DATASET="Cifar100",ATTACK="CW",KIND="ALL",PHASE="generate",OUTPUT_DIR="adversarial_results_ep200_pre200",FORCE_RERUN="0" adversarial_hpc_submit.pbs </dev/null
[2026-09-12 09:52:05] [OK] VGG16/Cifar100/APGD/ALL
[2026-09-12 09:52:05] [OK] qsub output: Your job 6508736 ("adversarial_hpc_submit.pbs") has been submitted
[2026-09-12 09:52:05] [SUBMIT] VGG16/Cifar100/CW/ALL
[2026-09-12 09:52:05] [CMD] qsub -q all.q -l ngpus=1 -v MODEL="VGG16",DATASET="Cifar100",ATTACK="CW",KIND="ALL",PHASE="generate",OUTPUT_DIR="adversarial_results_ep300_pre100",FORCE_RERUN="0" adversarial_hpc_submit.pbs </dev/null
[2026-09-12 09:52:06] [OK] VGG16/Cifar100/CW/ALL
[2026-09-12 09:52:06] [OK] qsub output: Your job 6508738 ("adversarial_hpc_submit.pbs") has been submitted
[2026-09-12 09:52:06] [SUBMIT] VGG16/Cifar100/DeepFool/ALL
[2026-09-12 09:52:06] [CMD] qsub -q all.q -l ngpus=1 -v MODEL="VGG16",DATASET="Cifar100",ATTACK="DeepFool",KIND="ALL",PHASE="generate",OUTPUT_DIR="adversarial_results_ep200_pre200",FORCE_RERUN="0" adversarial_hpc_submit.pbs </dev/null
[2026-09-12 09:52:14] [OK] VGG16/TinyImageNet/PGD/ALL
[2026-09-12 09:52:14] [OK] qsub output: Your job 6508737 ("adversarial_hpc_submit.pbs") has been submitted
[2026-09-12 09:52:14] [SUBMIT] VGG16/TinyImageNet/FGSM/ALL
[2026-09-12 09:52:14] [CMD] qsub -q all.q -l ngpus=1 -v MODEL="VGG16",DATASET="TinyImageNet",ATTACK="FGSM",KIND="ALL",PHASE="generate",OUTPUT_DIR="adversarial_results_ep100_pre300",FORCE_RERUN="0" adversarial_hpc_submit.pbs </dev/null
[2026-09-12 09:52:15] [OK] VGG16/Cifar100/CW/ALL
[2026-09-12 09:52:15] [OK] qsub output: Your job 6508739 ("adversarial_hpc_submit.pbs") has been submitted
[2026-09-12 09:52:15] [SUBMIT] VGG16/Cifar100/DeepFool/ALL
[2026-09-12 09:52:15] [CMD] qsub -q all.q -l ngpus=1 -v MODEL="VGG16",DATASET="Cifar100",ATTACK="DeepFool",KIND="ALL",PHASE="generate",OUTPUT_DIR="adversarial_results_ep300_pre100",FORCE_RERUN="0" adversarial_hpc_submit.pbs </dev/null
[2026-09-12 09:52:19] [OK] VGG16/Cifar100/DeepFool/ALL
[2026-09-12 09:52:19] [OK] qsub output: Your job 6508740 ("adversarial_hpc_submit.pbs") has been submitted
[2026-09-12 09:52:19] [SUBMIT] VGG16/TinyImageNet/PGD/ALL
[2026-09-12 09:52:19] [CMD] qsub -q all.q -l ngpus=1 -v MODEL="VGG16",DATASET="TinyImageNet",ATTACK="PGD",KIND="ALL",PHASE="generate",OUTPUT_DIR="adversarial_results_ep200_pre200",FORCE_RERUN="0" adversarial_hpc_submit.pbs </dev/null
[2026-09-12 09:52:20] [OK] VGG16/Cifar100/DeepFool/ALL
[2026-09-12 09:52:20] [OK] qsub output: Your job 6508742 ("adversarial_hpc_submit.pbs") has been submitted
[2026-09-12 09:52:20] [SUBMIT] VGG16/TinyImageNet/PGD/ALL
[2026-09-12 09:52:20] [CMD] qsub -q all.q -l ngpus=1 -v MODEL="VGG16",DATASET="TinyImageNet",ATTACK="PGD",KIND="ALL",PHASE="generate",OUTPUT_DIR="adversarial_results_ep300_pre100",FORCE_RERUN="0" adversarial_hpc_submit.pbs </dev/null
[2026-09-12 09:52:24] [OK] VGG16/TinyImageNet/PGD/ALL
[2026-09-12 09:52:24] [OK] qsub output: Your job 6508743 ("adversarial_hpc_submit.pbs") has been submitted
[2026-09-12 09:52:24] [SUBMIT] VGG16/TinyImageNet/FGSM/ALL
[2026-09-12 09:52:24] [CMD] qsub -q all.q -l ngpus=1 -v MODEL="VGG16",DATASET="TinyImageNet",ATTACK="FGSM",KIND="ALL",PHASE="generate",OUTPUT_DIR="adversarial_results_ep200_pre200",FORCE_RERUN="0" adversarial_hpc_submit.pbs </dev/null
[2026-09-12 09:52:24] [OK] VGG16/TinyImageNet/FGSM/ALL
[2026-09-12 09:52:24] [OK] qsub output: Your job 6508741 ("adversarial_hpc_submit.pbs") has been submitted
[2026-09-12 09:52:24] [SUBMIT] VGG16/TinyImageNet/IFGSM/ALL
[2026-09-12 09:52:24] [CMD] qsub -q all.q -l ngpus=1 -v MODEL="VGG16",DATASET="TinyImageNet",ATTACK="IFGSM",KIND="ALL",PHASE="generate",OUTPUT_DIR="adversarial_results_ep100_pre300",FORCE_RERUN="0" adversarial_hpc_submit.pbs </dev/null
[2026-09-12 09:52:26] [OK] VGG16/TinyImageNet/PGD/ALL
[2026-09-12 09:52:26] [OK] qsub output: Your job 6508744 ("adversarial_hpc_submit.pbs") has been submitted
[2026-09-12 09:52:26] [SUBMIT] VGG16/TinyImageNet/FGSM/ALL
[2026-09-12 09:52:26] [CMD] qsub -q all.q -l ngpus=1 -v MODEL="VGG16",DATASET="TinyImageNet",ATTACK="FGSM",KIND="ALL",PHASE="generate",OUTPUT_DIR="adversarial_results_ep300_pre100",FORCE_RERUN="0" adversarial_hpc_submit.pbs </dev/null
[2026-09-12 09:52:29] [OK] VGG16/TinyImageNet/FGSM/ALL
[2026-09-12 09:52:29] [OK] qsub output: Your job 6508745 ("adversarial_hpc_submit.pbs") has been submitted
[2026-09-12 09:52:29] [SUBMIT] VGG16/TinyImageNet/IFGSM/ALL
[2026-09-12 09:52:29] [CMD] qsub -q all.q -l ngpus=1 -v MODEL="VGG16",DATASET="TinyImageNet",ATTACK="IFGSM",KIND="ALL",PHASE="generate",OUTPUT_DIR="adversarial_results_ep200_pre200",FORCE_RERUN="0" adversarial_hpc_submit.pbs </dev/null
[2026-09-12 09:52:33] [OK] VGG16/TinyImageNet/IFGSM/ALL
[2026-09-12 09:52:33] [OK] qsub output: Your job 6508746 ("adversarial_hpc_submit.pbs") has been submitted
[2026-09-12 09:52:33] [SUBMIT] VGG16/TinyImageNet/BIM/ALL
[2026-09-12 09:52:33] [CMD] qsub -q all.q -l ngpus=1 -v MODEL="VGG16",DATASET="TinyImageNet",ATTACK="BIM",KIND="ALL",PHASE="generate",OUTPUT_DIR="adversarial_results_ep100_pre300",FORCE_RERUN="0" adversarial_hpc_submit.pbs </dev/null
[2026-09-12 09:52:37] [OK] VGG16/TinyImageNet/FGSM/ALL
[2026-09-12 09:52:37] [OK] qsub output: Your job 6508747 ("adversarial_hpc_submit.pbs") has been submitted
[2026-09-12 09:52:37] [SUBMIT] VGG16/TinyImageNet/IFGSM/ALL
[2026-09-12 09:52:37] [CMD] qsub -q all.q -l ngpus=1 -v MODEL="VGG16",DATASET="TinyImageNet",ATTACK="IFGSM",KIND="ALL",PHASE="generate",OUTPUT_DIR="adversarial_results_ep300_pre100",FORCE_RERUN="0" adversarial_hpc_submit.pbs </dev/null
[2026-09-12 09:52:42] [OK] VGG16/TinyImageNet/IFGSM/ALL
[2026-09-12 09:52:42] [OK] qsub output: Your job 6508748 ("adversarial_hpc_submit.pbs") has been submitted
[2026-09-12 09:52:42] [SUBMIT] VGG16/TinyImageNet/BIM/ALL
[2026-09-12 09:52:42] [CMD] qsub -q all.q -l ngpus=1 -v MODEL="VGG16",DATASET="TinyImageNet",ATTACK="BIM",KIND="ALL",PHASE="generate",OUTPUT_DIR="adversarial_results_ep200_pre200",FORCE_RERUN="0" adversarial_hpc_submit.pbs </dev/null
[2026-09-12 09:52:43] [OK] VGG16/TinyImageNet/IFGSM/ALL
[2026-09-12 09:52:43] [OK] qsub output: Your job 6508750 ("adversarial_hpc_submit.pbs") has been submitted
[2026-09-12 09:52:43] [SUBMIT] VGG16/TinyImageNet/BIM/ALL
[2026-09-12 09:52:43] [CMD] qsub -q all.q -l ngpus=1 -v MODEL="VGG16",DATASET="TinyImageNet",ATTACK="BIM",KIND="ALL",PHASE="generate",OUTPUT_DIR="adversarial_results_ep300_pre100",FORCE_RERUN="0" adversarial_hpc_submit.pbs </dev/null
[2026-09-12 09:52:44] [OK] VGG16/TinyImageNet/BIM/ALL
[2026-09-12 09:52:44] [OK] qsub output: Your job 6508749 ("adversarial_hpc_submit.pbs") has been submitted
[2026-09-12 09:52:44] [SUBMIT] VGG16/TinyImageNet/APGD/ALL
[2026-09-12 09:52:44] [CMD] qsub -q all.q -l ngpus=1 -v MODEL="VGG16",DATASET="TinyImageNet",ATTACK="APGD",KIND="ALL",PHASE="generate",OUTPUT_DIR="adversarial_results_ep100_pre300",FORCE_RERUN="0" adversarial_hpc_submit.pbs </dev/null
[2026-09-12 09:52:50] [OK] VGG16/TinyImageNet/BIM/ALL
[2026-09-12 09:52:50] [OK] qsub output: Your job 6508752 ("adversarial_hpc_submit.pbs") has been submitted
[2026-09-12 09:52:50] [SUBMIT] VGG16/TinyImageNet/APGD/ALL
[2026-09-12 09:52:50] [CMD] qsub -q all.q -l ngpus=1 -v MODEL="VGG16",DATASET="TinyImageNet",ATTACK="APGD",KIND="ALL",PHASE="generate",OUTPUT_DIR="adversarial_results_ep300_pre100",FORCE_RERUN="0" adversarial_hpc_submit.pbs </dev/null
[2026-09-12 09:52:52] [OK] VGG16/TinyImageNet/BIM/ALL
[2026-09-12 09:52:52] [OK] qsub output: Your job 6508751 ("adversarial_hpc_submit.pbs") has been submitted
[2026-09-12 09:52:52] [SUBMIT] VGG16/TinyImageNet/APGD/ALL
[2026-09-12 09:52:52] [CMD] qsub -q all.q -l ngpus=1 -v MODEL="VGG16",DATASET="TinyImageNet",ATTACK="APGD",KIND="ALL",PHASE="generate",OUTPUT_DIR="adversarial_results_ep200_pre200",FORCE_RERUN="0" adversarial_hpc_submit.pbs </dev/null
[2026-09-12 09:52:57] [OK] VGG16/TinyImageNet/APGD/ALL
[2026-09-12 09:52:57] [OK] qsub output: Your job 6508754 ("adversarial_hpc_submit.pbs") has been submitted
[2026-09-12 09:52:57] [SUBMIT] VGG16/TinyImageNet/CW/ALL
[2026-09-12 09:52:57] [CMD] qsub -q all.q -l ngpus=1 -v MODEL="VGG16",DATASET="TinyImageNet",ATTACK="CW",KIND="ALL",PHASE="generate",OUTPUT_DIR="adversarial_results_ep300_pre100",FORCE_RERUN="0" adversarial_hpc_submit.pbs </dev/null
[2026-09-12 09:52:59] [OK] VGG16/TinyImageNet/APGD/ALL
[2026-09-12 09:52:59] [OK] qsub output: Your job 6508753 ("adversarial_hpc_submit.pbs") has been submitted
[2026-09-12 09:53:00] [SUBMIT] VGG16/TinyImageNet/CW/ALL
[2026-09-12 09:53:00] [CMD] qsub -q all.q -l ngpus=1 -v MODEL="VGG16",DATASET="TinyImageNet",ATTACK="CW",KIND="ALL",PHASE="generate",OUTPUT_DIR="adversarial_results_ep100_pre300",FORCE_RERUN="0" adversarial_hpc_submit.pbs </dev/null
[2026-09-12 09:53:06] [OK] VGG16/TinyImageNet/CW/ALL
[2026-09-12 09:53:06] [OK] qsub output: Your job 6508756 ("adversarial_hpc_submit.pbs") has been submitted
[2026-09-12 09:53:06] [SUBMIT] VGG16/TinyImageNet/DeepFool/ALL
[2026-09-12 09:53:06] [CMD] qsub -q all.q -l ngpus=1 -v MODEL="VGG16",DATASET="TinyImageNet",ATTACK="DeepFool",KIND="ALL",PHASE="generate",OUTPUT_DIR="adversarial_results_ep300_pre100",FORCE_RERUN="0" adversarial_hpc_submit.pbs </dev/null
[2026-09-12 09:53:06] [OK] VGG16/TinyImageNet/APGD/ALL
[2026-09-12 09:53:06] [OK] qsub output: Your job 6508755 ("adversarial_hpc_submit.pbs") has been submitted
[2026-09-12 09:53:07] [SUBMIT] VGG16/TinyImageNet/CW/ALL
[2026-09-12 09:53:07] [CMD] qsub -q all.q -l ngpus=1 -v MODEL="VGG16",DATASET="TinyImageNet",ATTACK="CW",KIND="ALL",PHASE="generate",OUTPUT_DIR="adversarial_results_ep200_pre200",FORCE_RERUN="0" adversarial_hpc_submit.pbs </dev/null
[2026-09-12 09:53:12] [OK] VGG16/TinyImageNet/CW/ALL
[2026-09-12 09:53:12] [OK] qsub output: Your job 6508757 ("adversarial_hpc_submit.pbs") has been submitted
[2026-09-12 09:53:12] [SUBMIT] VGG16/TinyImageNet/DeepFool/ALL
[2026-09-12 09:53:12] [CMD] qsub -q all.q -l ngpus=1 -v MODEL="VGG16",DATASET="TinyImageNet",ATTACK="DeepFool",KIND="ALL",PHASE="generate",OUTPUT_DIR="adversarial_results_ep100_pre300",FORCE_RERUN="0" adversarial_hpc_submit.pbs </dev/null
[2026-09-12 09:53:13] [OK] VGG16/TinyImageNet/DeepFool/ALL
[2026-09-12 09:53:13] [OK] qsub output: Your job 6508758 ("adversarial_hpc_submit.pbs") has been submitted
[2026-09-12 09:53:13] [SUBMIT] RegNetX_400MF/Cifar10/PGD/ALL
[2026-09-12 09:53:13] [CMD] qsub -q all.q -l ngpus=1 -v MODEL="RegNetX_400MF",DATASET="Cifar10",ATTACK="PGD",KIND="ALL",PHASE="generate",OUTPUT_DIR="adversarial_results_ep300_pre100",FORCE_RERUN="0" adversarial_hpc_submit.pbs </dev/null
[2026-09-12 09:53:21] [OK] VGG16/TinyImageNet/CW/ALL
[2026-09-12 09:53:21] [OK] qsub output: Your job 6508759 ("adversarial_hpc_submit.pbs") has been submitted
[2026-09-12 09:53:21] [SUBMIT] VGG16/TinyImageNet/DeepFool/ALL
[2026-09-12 09:53:21] [CMD] qsub -q all.q -l ngpus=1 -v MODEL="VGG16",DATASET="TinyImageNet",ATTACK="DeepFool",KIND="ALL",PHASE="generate",OUTPUT_DIR="adversarial_results_ep200_pre200",FORCE_RERUN="0" adversarial_hpc_submit.pbs </dev/null
[2026-09-12 09:53:22] [OK] VGG16/TinyImageNet/DeepFool/ALL
[2026-09-12 09:53:22] [OK] qsub output: Your job 6508760 ("adversarial_hpc_submit.pbs") has been submitted
[2026-09-12 09:53:22] [SUBMIT] RegNetX_400MF/Cifar10/PGD/ALL
[2026-09-12 09:53:22] [CMD] qsub -q all.q -l ngpus=1 -v MODEL="RegNetX_400MF",DATASET="Cifar10",ATTACK="PGD",KIND="ALL",PHASE="generate",OUTPUT_DIR="adversarial_results_ep100_pre300",FORCE_RERUN="0" adversarial_hpc_submit.pbs </dev/null
[2026-09-12 09:53:25] [OK] RegNetX_400MF/Cifar10/PGD/ALL
[2026-09-12 09:53:25] [OK] qsub output: Your job 6508761 ("adversarial_hpc_submit.pbs") has been submitted
[2026-09-12 09:53:25] [SUBMIT] RegNetX_400MF/Cifar10/FGSM/ALL
[2026-09-12 09:53:25] [CMD] qsub -q all.q -l ngpus=1 -v MODEL="RegNetX_400MF",DATASET="Cifar10",ATTACK="FGSM",KIND="ALL",PHASE="generate",OUTPUT_DIR="adversarial_results_ep300_pre100",FORCE_RERUN="0" adversarial_hpc_submit.pbs </dev/null
[2026-09-12 09:53:32] [OK] RegNetX_400MF/Cifar10/PGD/ALL
[2026-09-12 09:53:32] [OK] qsub output: Your job 6508764 ("adversarial_hpc_submit.pbs") has been submitted
[2026-09-12 09:53:32] [SUBMIT] RegNetX_400MF/Cifar10/FGSM/ALL
[2026-09-12 09:53:32] [CMD] qsub -q all.q -l ngpus=1 -v MODEL="RegNetX_400MF",DATASET="Cifar10",ATTACK="FGSM",KIND="ALL",PHASE="generate",OUTPUT_DIR="adversarial_results_ep100_pre300",FORCE_RERUN="0" adversarial_hpc_submit.pbs </dev/null
[2026-09-12 09:53:34] [OK] VGG16/TinyImageNet/DeepFool/ALL
[2026-09-12 09:53:34] [OK] qsub output: Your job 6508763 ("adversarial_hpc_submit.pbs") has been submitted
[2026-09-12 09:53:34] [SUBMIT] RegNetX_400MF/Cifar10/PGD/ALL
[2026-09-12 09:53:34] [CMD] qsub -q all.q -l ngpus=1 -v MODEL="RegNetX_400MF",DATASET="Cifar10",ATTACK="PGD",KIND="ALL",PHASE="generate",OUTPUT_DIR="adversarial_results_ep200_pre200",FORCE_RERUN="0" adversarial_hpc_submit.pbs </dev/null
[2026-09-12 09:53:35] [OK] RegNetX_400MF/Cifar10/FGSM/ALL
[2026-09-12 09:53:35] [OK] qsub output: Your job 6508766 ("adversarial_hpc_submit.pbs") has been submitted
[2026-09-12 09:53:35] [SUBMIT] RegNetX_400MF/Cifar10/IFGSM/ALL
[2026-09-12 09:53:35] [CMD] qsub -q all.q -l ngpus=1 -v MODEL="RegNetX_400MF",DATASET="Cifar10",ATTACK="IFGSM",KIND="ALL",PHASE="generate",OUTPUT_DIR="adversarial_results_ep100_pre300",FORCE_RERUN="0" adversarial_hpc_submit.pbs </dev/null
[2026-09-12 09:53:37] [OK] RegNetX_400MF/Cifar10/FGSM/ALL
[2026-09-12 09:53:37] [OK] qsub output: Your job 6508765 ("adversarial_hpc_submit.pbs") has been submitted
[2026-09-12 09:53:37] [SUBMIT] RegNetX_400MF/Cifar10/IFGSM/ALL
[2026-09-12 09:53:37] [CMD] qsub -q all.q -l ngpus=1 -v MODEL="RegNetX_400MF",DATASET="Cifar10",ATTACK="IFGSM",KIND="ALL",PHASE="generate",OUTPUT_DIR="adversarial_results_ep300_pre100",FORCE_RERUN="0" adversarial_hpc_submit.pbs </dev/null
[2026-09-12 09:53:41] [OK] RegNetX_400MF/Cifar10/IFGSM/ALL
[2026-09-12 09:53:41] [OK] qsub output: Your job 6508768 ("adversarial_hpc_submit.pbs") has been submitted
[2026-09-12 09:53:41] [SUBMIT] RegNetX_400MF/Cifar10/BIM/ALL
[2026-09-12 09:53:41] [CMD] qsub -q all.q -l ngpus=1 -v MODEL="RegNetX_400MF",DATASET="Cifar10",ATTACK="BIM",KIND="ALL",PHASE="generate",OUTPUT_DIR="adversarial_results_ep100_pre300",FORCE_RERUN="0" adversarial_hpc_submit.pbs </dev/null
[2026-09-12 09:53:43] [OK] RegNetX_400MF/Cifar10/PGD/ALL
[2026-09-12 09:53:43] [OK] qsub output: Your job 6508767 ("adversarial_hpc_submit.pbs") has been submitted
[2026-09-12 09:53:43] [SUBMIT] RegNetX_400MF/Cifar10/FGSM/ALL
[2026-09-12 09:53:43] [CMD] qsub -q all.q -l ngpus=1 -v MODEL="RegNetX_400MF",DATASET="Cifar10",ATTACK="FGSM",KIND="ALL",PHASE="generate",OUTPUT_DIR="adversarial_results_ep200_pre200",FORCE_RERUN="0" adversarial_hpc_submit.pbs </dev/null
[2026-09-12 09:53:49] [OK] RegNetX_400MF/Cifar10/IFGSM/ALL
[2026-09-12 09:53:49] [OK] qsub output: Your job 6508769 ("adversarial_hpc_submit.pbs") has been submitted
[2026-09-12 09:53:49] [SUBMIT] RegNetX_400MF/Cifar10/BIM/ALL
[2026-09-12 09:53:49] [CMD] qsub -q all.q -l ngpus=1 -v MODEL="RegNetX_400MF",DATASET="Cifar10",ATTACK="BIM",KIND="ALL",PHASE="generate",OUTPUT_DIR="adversarial_results_ep300_pre100",FORCE_RERUN="0" adversarial_hpc_submit.pbs </dev/null
[2026-09-12 09:53:52] [OK] RegNetX_400MF/Cifar10/BIM/ALL
[2026-09-12 09:53:52] [OK] qsub output: Your job 6508770 ("adversarial_hpc_submit.pbs") has been submitted
[2026-09-12 09:53:52] [SUBMIT] RegNetX_400MF/Cifar10/APGD/ALL
[2026-09-12 09:53:52] [CMD] qsub -q all.q -l ngpus=1 -v MODEL="RegNetX_400MF",DATASET="Cifar10",ATTACK="APGD",KIND="ALL",PHASE="generate",OUTPUT_DIR="adversarial_results_ep100_pre300",FORCE_RERUN="0" adversarial_hpc_submit.pbs </dev/null
[2026-09-12 09:53:53] [OK] RegNetX_400MF/Cifar10/FGSM/ALL
[2026-09-12 09:53:54] [OK] qsub output: Your job 6508771 ("adversarial_hpc_submit.pbs") has been submitted
[2026-09-12 09:53:54] [SUBMIT] RegNetX_400MF/Cifar10/IFGSM/ALL
[2026-09-12 09:53:54] [CMD] qsub -q all.q -l ngpus=1 -v MODEL="RegNetX_400MF",DATASET="Cifar10",ATTACK="IFGSM",KIND="ALL",PHASE="generate",OUTPUT_DIR="adversarial_results_ep200_pre200",FORCE_RERUN="0" adversarial_hpc_submit.pbs </dev/null
[2026-09-12 09:54:00] [OK] RegNetX_400MF/Cifar10/BIM/ALL
[2026-09-12 09:54:00] [OK] qsub output: Your job 6508772 ("adversarial_hpc_submit.pbs") has been submitted
[2026-09-12 09:54:00] [SUBMIT] RegNetX_400MF/Cifar10/APGD/ALL
[2026-09-12 09:54:00] [CMD] qsub -q all.q -l ngpus=1 -v MODEL="RegNetX_400MF",DATASET="Cifar10",ATTACK="APGD",KIND="ALL",PHASE="generate",OUTPUT_DIR="adversarial_results_ep300_pre100",FORCE_RERUN="0" adversarial_hpc_submit.pbs </dev/null
[2026-09-12 09:54:01] [OK] RegNetX_400MF/Cifar10/APGD/ALL
[2026-09-12 09:54:01] [OK] qsub output: Your job 6508773 ("adversarial_hpc_submit.pbs") has been submitted
[2026-09-12 09:54:01] [SUBMIT] RegNetX_400MF/Cifar10/CW/ALL
[2026-09-12 09:54:01] [CMD] qsub -q all.q -l ngpus=1 -v MODEL="RegNetX_400MF",DATASET="Cifar10",ATTACK="CW",KIND="ALL",PHASE="generate",OUTPUT_DIR="adversarial_results_ep100_pre300",FORCE_RERUN="0" adversarial_hpc_submit.pbs </dev/null
[2026-09-12 09:54:05] [OK] RegNetX_400MF/Cifar10/IFGSM/ALL
[2026-09-12 09:54:05] [OK] qsub output: Your job 6508774 ("adversarial_hpc_submit.pbs") has been submitted
[2026-09-12 09:54:05] [SUBMIT] RegNetX_400MF/Cifar10/BIM/ALL
[2026-09-12 09:54:05] [CMD] qsub -q all.q -l ngpus=1 -v MODEL="RegNetX_400MF",DATASET="Cifar10",ATTACK="BIM",KIND="ALL",PHASE="generate",OUTPUT_DIR="adversarial_results_ep200_pre200",FORCE_RERUN="0" adversarial_hpc_submit.pbs </dev/null
[2026-09-12 09:54:05] [OK] RegNetX_400MF/Cifar10/APGD/ALL
[2026-09-12 09:54:05] [OK] qsub output: Your job 6508775 ("adversarial_hpc_submit.pbs") has been submitted
[2026-09-12 09:54:05] [SUBMIT] RegNetX_400MF/Cifar10/CW/ALL
[2026-09-12 09:54:05] [CMD] qsub -q all.q -l ngpus=1 -v MODEL="RegNetX_400MF",DATASET="Cifar10",ATTACK="CW",KIND="ALL",PHASE="generate",OUTPUT_DIR="adversarial_results_ep300_pre100",FORCE_RERUN="0" adversarial_hpc_submit.pbs </dev/null
[2026-09-12 09:54:09] [OK] RegNetX_400MF/Cifar10/BIM/ALL
[2026-09-12 09:54:09] [OK] qsub output: Your job 6508777 ("adversarial_hpc_submit.pbs") has been submitted
[2026-09-12 09:54:09] [SUBMIT] RegNetX_400MF/Cifar10/APGD/ALL
[2026-09-12 09:54:09] [CMD] qsub -q all.q -l ngpus=1 -v MODEL="RegNetX_400MF",DATASET="Cifar10",ATTACK="APGD",KIND="ALL",PHASE="generate",OUTPUT_DIR="adversarial_results_ep200_pre200",FORCE_RERUN="0" adversarial_hpc_submit.pbs </dev/null
[2026-09-12 09:54:11] [OK] RegNetX_400MF/Cifar10/CW/ALL
[2026-09-12 09:54:11] [OK] qsub output: Your job 6508778 ("adversarial_hpc_submit.pbs") has been submitted
[2026-09-12 09:54:11] [SUBMIT] RegNetX_400MF/Cifar10/DeepFool/ALL
[2026-09-12 09:54:11] [CMD] qsub -q all.q -l ngpus=1 -v MODEL="RegNetX_400MF",DATASET="Cifar10",ATTACK="DeepFool",KIND="ALL",PHASE="generate",OUTPUT_DIR="adversarial_results_ep300_pre100",FORCE_RERUN="0" adversarial_hpc_submit.pbs </dev/null
[2026-09-12 09:54:12] [OK] RegNetX_400MF/Cifar10/CW/ALL
[2026-09-12 09:54:12] [OK] qsub output: Your job 6508776 ("adversarial_hpc_submit.pbs") has been submitted
[2026-09-12 09:54:12] [SUBMIT] RegNetX_400MF/Cifar10/DeepFool/ALL
[2026-09-12 09:54:12] [CMD] qsub -q all.q -l ngpus=1 -v MODEL="RegNetX_400MF",DATASET="Cifar10",ATTACK="DeepFool",KIND="ALL",PHASE="generate",OUTPUT_DIR="adversarial_results_ep100_pre300",FORCE_RERUN="0" adversarial_hpc_submit.pbs </dev/null
[2026-09-12 09:54:14] [OK] RegNetX_400MF/Cifar10/APGD/ALL
[2026-09-12 09:54:14] [OK] qsub output: Your job 6508780 ("adversarial_hpc_submit.pbs") has been submitted
[2026-09-12 09:54:14] [SUBMIT] RegNetX_400MF/Cifar10/CW/ALL
[2026-09-12 09:54:14] [CMD] qsub -q all.q -l ngpus=1 -v MODEL="RegNetX_400MF",DATASET="Cifar10",ATTACK="CW",KIND="ALL",PHASE="generate",OUTPUT_DIR="adversarial_results_ep200_pre200",FORCE_RERUN="0" adversarial_hpc_submit.pbs </dev/null
[2026-09-12 09:54:22] [OK] RegNetX_400MF/Cifar10/DeepFool/ALL
[2026-09-12 09:54:22] [OK] qsub output: Your job 6508781 ("adversarial_hpc_submit.pbs") has been submitted
[2026-09-12 09:54:22] [SUBMIT] RegNetX_400MF/Cifar100/PGD/ALL
[2026-09-12 09:54:22] [CMD] qsub -q all.q -l ngpus=1 -v MODEL="RegNetX_400MF",DATASET="Cifar100",ATTACK="PGD",KIND="ALL",PHASE="generate",OUTPUT_DIR="adversarial_results_ep300_pre100",FORCE_RERUN="0" adversarial_hpc_submit.pbs </dev/null
[2026-09-12 09:54:22] [OK] RegNetX_400MF/Cifar10/DeepFool/ALL
[2026-09-12 09:54:22] [OK] qsub output: Your job 6508782 ("adversarial_hpc_submit.pbs") has been submitted
[2026-09-12 09:54:22] [SUBMIT] RegNetX_400MF/Cifar100/PGD/ALL
[2026-09-12 09:54:22] [CMD] qsub -q all.q -l ngpus=1 -v MODEL="RegNetX_400MF",DATASET="Cifar100",ATTACK="PGD",KIND="ALL",PHASE="generate",OUTPUT_DIR="adversarial_results_ep100_pre300",FORCE_RERUN="0" adversarial_hpc_submit.pbs </dev/null
[2026-09-12 09:54:25] [OK] RegNetX_400MF/Cifar10/CW/ALL
[2026-09-12 09:54:25] [OK] qsub output: Your job 6508783 ("adversarial_hpc_submit.pbs") has been submitted
[2026-09-12 09:54:25] [SUBMIT] RegNetX_400MF/Cifar10/DeepFool/ALL
[2026-09-12 09:54:25] [CMD] qsub -q all.q -l ngpus=1 -v MODEL="RegNetX_400MF",DATASET="Cifar10",ATTACK="DeepFool",KIND="ALL",PHASE="generate",OUTPUT_DIR="adversarial_results_ep200_pre200",FORCE_RERUN="0" adversarial_hpc_submit.pbs </dev/null
[2026-09-12 09:54:29] [OK] RegNetX_400MF/Cifar100/PGD/ALL
[2026-09-12 09:54:29] [OK] qsub output: Your job 6508784 ("adversarial_hpc_submit.pbs") has been submitted
[2026-09-12 09:54:29] [SUBMIT] RegNetX_400MF/Cifar100/FGSM/ALL
[2026-09-12 09:54:29] [CMD] qsub -q all.q -l ngpus=1 -v MODEL="RegNetX_400MF",DATASET="Cifar100",ATTACK="FGSM",KIND="ALL",PHASE="generate",OUTPUT_DIR="adversarial_results_ep300_pre100",FORCE_RERUN="0" adversarial_hpc_submit.pbs </dev/null
[2026-09-12 09:54:32] [OK] RegNetX_400MF/Cifar10/DeepFool/ALL
[2026-09-12 09:54:32] [OK] qsub output: Your job 6508786 ("adversarial_hpc_submit.pbs") has been submitted
[2026-09-12 09:54:32] [OK] RegNetX_400MF/Cifar100/PGD/ALL
[2026-09-12 09:54:32] [OK] qsub output: Your job 6508785 ("adversarial_hpc_submit.pbs") has been submitted
[2026-09-12 09:54:32] [SUBMIT] RegNetX_400MF/Cifar100/PGD/ALL
[2026-09-12 09:54:32] [CMD] qsub -q all.q -l ngpus=1 -v MODEL="RegNetX_400MF",DATASET="Cifar100",ATTACK="PGD",KIND="ALL",PHASE="generate",OUTPUT_DIR="adversarial_results_ep200_pre200",FORCE_RERUN="0" adversarial_hpc_submit.pbs </dev/null
[2026-09-12 09:54:33] [SUBMIT] RegNetX_400MF/Cifar100/FGSM/ALL
[2026-09-12 09:54:33] [CMD] qsub -q all.q -l ngpus=1 -v MODEL="RegNetX_400MF",DATASET="Cifar100",ATTACK="FGSM",KIND="ALL",PHASE="generate",OUTPUT_DIR="adversarial_results_ep100_pre300",FORCE_RERUN="0" adversarial_hpc_submit.pbs </dev/null
[2026-09-12 09:54:36] [OK] RegNetX_400MF/Cifar100/FGSM/ALL
[2026-09-12 09:54:36] [OK] qsub output: Your job 6508787 ("adversarial_hpc_submit.pbs") has been submitted
[2026-09-12 09:54:36] [SUBMIT] RegNetX_400MF/Cifar100/IFGSM/ALL
[2026-09-12 09:54:36] [CMD] qsub -q all.q -l ngpus=1 -v MODEL="RegNetX_400MF",DATASET="Cifar100",ATTACK="IFGSM",KIND="ALL",PHASE="generate",OUTPUT_DIR="adversarial_results_ep300_pre100",FORCE_RERUN="0" adversarial_hpc_submit.pbs </dev/null
[2026-09-12 09:54:38] [OK] RegNetX_400MF/Cifar100/FGSM/ALL
[2026-09-12 09:54:38] [OK] qsub output: Your job 6508789 ("adversarial_hpc_submit.pbs") has been submitted
[2026-09-12 09:54:38] [SUBMIT] RegNetX_400MF/Cifar100/IFGSM/ALL
[2026-09-12 09:54:38] [CMD] qsub -q all.q -l ngpus=1 -v MODEL="RegNetX_400MF",DATASET="Cifar100",ATTACK="IFGSM",KIND="ALL",PHASE="generate",OUTPUT_DIR="adversarial_results_ep100_pre300",FORCE_RERUN="0" adversarial_hpc_submit.pbs </dev/null
[2026-09-12 09:54:41] [OK] RegNetX_400MF/Cifar100/PGD/ALL
[2026-09-12 09:54:41] [OK] qsub output: Your job 6508788 ("adversarial_hpc_submit.pbs") has been submitted
[2026-09-12 09:54:41] [SUBMIT] RegNetX_400MF/Cifar100/FGSM/ALL
[2026-09-12 09:54:41] [CMD] qsub -q all.q -l ngpus=1 -v MODEL="RegNetX_400MF",DATASET="Cifar100",ATTACK="FGSM",KIND="ALL",PHASE="generate",OUTPUT_DIR="adversarial_results_ep200_pre200",FORCE_RERUN="0" adversarial_hpc_submit.pbs </dev/null
[2026-09-12 09:54:42] [OK] RegNetX_400MF/Cifar100/IFGSM/ALL
[2026-09-12 09:54:42] [OK] qsub output: Your job 6508790 ("adversarial_hpc_submit.pbs") has been submitted
[2026-09-12 09:54:42] [SUBMIT] RegNetX_400MF/Cifar100/BIM/ALL
[2026-09-12 09:54:42] [CMD] qsub -q all.q -l ngpus=1 -v MODEL="RegNetX_400MF",DATASET="Cifar100",ATTACK="BIM",KIND="ALL",PHASE="generate",OUTPUT_DIR="adversarial_results_ep300_pre100",FORCE_RERUN="0" adversarial_hpc_submit.pbs </dev/null
[2026-09-12 09:54:47] [OK] RegNetX_400MF/Cifar100/FGSM/ALL
[2026-09-12 09:54:47] [OK] qsub output: Your job 6508792 ("adversarial_hpc_submit.pbs") has been submitted
[2026-09-12 09:54:47] [SUBMIT] RegNetX_400MF/Cifar100/IFGSM/ALL
[2026-09-12 09:54:47] [CMD] qsub -q all.q -l ngpus=1 -v MODEL="RegNetX_400MF",DATASET="Cifar100",ATTACK="IFGSM",KIND="ALL",PHASE="generate",OUTPUT_DIR="adversarial_results_ep200_pre200",FORCE_RERUN="0" adversarial_hpc_submit.pbs </dev/null
[2026-09-12 09:54:50] [OK] RegNetX_400MF/Cifar100/BIM/ALL
[2026-09-12 09:54:50] [OK] qsub output: Your job 6508793 ("adversarial_hpc_submit.pbs") has been submitted
[2026-09-12 09:54:50] [OK] RegNetX_400MF/Cifar100/IFGSM/ALL
[2026-09-12 09:54:50] [OK] qsub output: Your job 6508791 ("adversarial_hpc_submit.pbs") has been submitted
[2026-09-12 09:54:50] [SUBMIT] RegNetX_400MF/Cifar100/APGD/ALL
[2026-09-12 09:54:50] [CMD] qsub -q all.q -l ngpus=1 -v MODEL="RegNetX_400MF",DATASET="Cifar100",ATTACK="APGD",KIND="ALL",PHASE="generate",OUTPUT_DIR="adversarial_results_ep300_pre100",FORCE_RERUN="0" adversarial_hpc_submit.pbs </dev/null
[2026-09-12 09:54:51] [SUBMIT] RegNetX_400MF/Cifar100/BIM/ALL
[2026-09-12 09:54:51] [CMD] qsub -q all.q -l ngpus=1 -v MODEL="RegNetX_400MF",DATASET="Cifar100",ATTACK="BIM",KIND="ALL",PHASE="generate",OUTPUT_DIR="adversarial_results_ep100_pre300",FORCE_RERUN="0" adversarial_hpc_submit.pbs </dev/null
[2026-09-12 09:54:55] [OK] RegNetX_400MF/Cifar100/IFGSM/ALL
[2026-09-12 09:54:55] [OK] qsub output: Your job 6508794 ("adversarial_hpc_submit.pbs") has been submitted
[2026-09-12 09:54:55] [SUBMIT] RegNetX_400MF/Cifar100/BIM/ALL
[2026-09-12 09:54:55] [CMD] qsub -q all.q -l ngpus=1 -v MODEL="RegNetX_400MF",DATASET="Cifar100",ATTACK="BIM",KIND="ALL",PHASE="generate",OUTPUT_DIR="adversarial_results_ep200_pre200",FORCE_RERUN="0" adversarial_hpc_submit.pbs </dev/null
[2026-09-12 09:54:57] [OK] RegNetX_400MF/Cifar100/BIM/ALL
[2026-09-12 09:54:57] [OK] qsub output: Your job 6508796 ("adversarial_hpc_submit.pbs") has been submitted
[2026-09-12 09:54:57] [SUBMIT] RegNetX_400MF/Cifar100/APGD/ALL
[2026-09-12 09:54:57] [CMD] qsub -q all.q -l ngpus=1 -v MODEL="RegNetX_400MF",DATASET="Cifar100",ATTACK="APGD",KIND="ALL",PHASE="generate",OUTPUT_DIR="adversarial_results_ep100_pre300",FORCE_RERUN="0" adversarial_hpc_submit.pbs </dev/null
[2026-09-12 09:54:59] [OK] RegNetX_400MF/Cifar100/APGD/ALL
[2026-09-12 09:54:59] [OK] qsub output: Your job 6508795 ("adversarial_hpc_submit.pbs") has been submitted
[2026-09-12 09:54:59] [SUBMIT] RegNetX_400MF/Cifar100/CW/ALL
[2026-09-12 09:54:59] [CMD] qsub -q all.q -l ngpus=1 -v MODEL="RegNetX_400MF",DATASET="Cifar100",ATTACK="CW",KIND="ALL",PHASE="generate",OUTPUT_DIR="adversarial_results_ep300_pre100",FORCE_RERUN="0" adversarial_hpc_submit.pbs </dev/null
[2026-09-12 09:54:59] [OK] RegNetX_400MF/Cifar100/BIM/ALL
[2026-09-12 09:54:59] [OK] qsub output: Your job 6508797 ("adversarial_hpc_submit.pbs") has been submitted
[2026-09-12 09:54:59] [SUBMIT] RegNetX_400MF/Cifar100/APGD/ALL
[2026-09-12 09:54:59] [CMD] qsub -q all.q -l ngpus=1 -v MODEL="RegNetX_400MF",DATASET="Cifar100",ATTACK="APGD",KIND="ALL",PHASE="generate",OUTPUT_DIR="adversarial_results_ep200_pre200",FORCE_RERUN="0" adversarial_hpc_submit.pbs </dev/null
[2026-09-12 09:55:03] [OK] RegNetX_400MF/Cifar100/CW/ALL
[2026-09-12 09:55:03] [OK] qsub output: Your job 6508799 ("adversarial_hpc_submit.pbs") has been submitted
[2026-09-12 09:55:03] [SUBMIT] RegNetX_400MF/Cifar100/DeepFool/ALL
[2026-09-12 09:55:03] [CMD] qsub -q all.q -l ngpus=1 -v MODEL="RegNetX_400MF",DATASET="Cifar100",ATTACK="DeepFool",KIND="ALL",PHASE="generate",OUTPUT_DIR="adversarial_results_ep300_pre100",FORCE_RERUN="0" adversarial_hpc_submit.pbs </dev/null
[2026-09-12 09:55:03] [OK] RegNetX_400MF/Cifar100/APGD/ALL
[2026-09-12 09:55:03] [OK] qsub output: Your job 6508798 ("adversarial_hpc_submit.pbs") has been submitted
[2026-09-12 09:55:04] [SUBMIT] RegNetX_400MF/Cifar100/CW/ALL
[2026-09-12 09:55:04] [CMD] qsub -q all.q -l ngpus=1 -v MODEL="RegNetX_400MF",DATASET="Cifar100",ATTACK="CW",KIND="ALL",PHASE="generate",OUTPUT_DIR="adversarial_results_ep100_pre300",FORCE_RERUN="0" adversarial_hpc_submit.pbs </dev/null
[2026-09-12 09:55:04] [OK] RegNetX_400MF/Cifar100/APGD/ALL
[2026-09-12 09:55:04] [OK] qsub output: Your job 6508800 ("adversarial_hpc_submit.pbs") has been submitted
[2026-09-12 09:55:05] [SUBMIT] RegNetX_400MF/Cifar100/CW/ALL
[2026-09-12 09:55:05] [CMD] qsub -q all.q -l ngpus=1 -v MODEL="RegNetX_400MF",DATASET="Cifar100",ATTACK="CW",KIND="ALL",PHASE="generate",OUTPUT_DIR="adversarial_results_ep200_pre200",FORCE_RERUN="0" adversarial_hpc_submit.pbs </dev/null
[2026-09-12 09:55:06] [OK] RegNetX_400MF/Cifar100/CW/ALL
[2026-09-12 09:55:06] [OK] qsub output: Your job 6508802 ("adversarial_hpc_submit.pbs") has been submitted
[2026-09-12 09:55:06] [SUBMIT] RegNetX_400MF/Cifar100/DeepFool/ALL
[2026-09-12 09:55:06] [CMD] qsub -q all.q -l ngpus=1 -v MODEL="RegNetX_400MF",DATASET="Cifar100",ATTACK="DeepFool",KIND="ALL",PHASE="generate",OUTPUT_DIR="adversarial_results_ep100_pre300",FORCE_RERUN="0" adversarial_hpc_submit.pbs </dev/null
[2026-09-12 09:55:08] [OK] RegNetX_400MF/Cifar100/CW/ALL
[2026-09-12 09:55:09] [OK] qsub output: Your job 6508803 ("adversarial_hpc_submit.pbs") has been submitted
[2026-09-12 09:55:09] [SUBMIT] RegNetX_400MF/Cifar100/DeepFool/ALL
[2026-09-12 09:55:09] [CMD] qsub -q all.q -l ngpus=1 -v MODEL="RegNetX_400MF",DATASET="Cifar100",ATTACK="DeepFool",KIND="ALL",PHASE="generate",OUTPUT_DIR="adversarial_results_ep200_pre200",FORCE_RERUN="0" adversarial_hpc_submit.pbs </dev/null
[2026-09-12 09:55:12] [OK] RegNetX_400MF/Cifar100/DeepFool/ALL
[2026-09-12 09:55:12] [OK] qsub output: Your job 6508801 ("adversarial_hpc_submit.pbs") has been submitted
[2026-09-12 09:55:12] [SUBMIT] RegNetX_400MF/TinyImageNet/PGD/ALL
[2026-09-12 09:55:12] [CMD] qsub -q all.q -l ngpus=1 -v MODEL="RegNetX_400MF",DATASET="TinyImageNet",ATTACK="PGD",KIND="ALL",PHASE="generate",OUTPUT_DIR="adversarial_results_ep300_pre100",FORCE_RERUN="0" adversarial_hpc_submit.pbs </dev/null
[2026-09-12 09:55:14] [OK] RegNetX_400MF/Cifar100/DeepFool/ALL
[2026-09-12 09:55:14] [OK] qsub output: Your job 6508805 ("adversarial_hpc_submit.pbs") has been submitted
[2026-09-12 09:55:14] [SUBMIT] RegNetX_400MF/TinyImageNet/PGD/ALL
[2026-09-12 09:55:14] [CMD] qsub -q all.q -l ngpus=1 -v MODEL="RegNetX_400MF",DATASET="TinyImageNet",ATTACK="PGD",KIND="ALL",PHASE="generate",OUTPUT_DIR="adversarial_results_ep200_pre200",FORCE_RERUN="0" adversarial_hpc_submit.pbs </dev/null
[2026-09-12 09:55:18] [OK] RegNetX_400MF/Cifar100/DeepFool/ALL
[2026-09-12 09:55:18] [OK] qsub output: Your job 6508804 ("adversarial_hpc_submit.pbs") has been submitted
[2026-09-12 09:55:19] [SUBMIT] RegNetX_400MF/TinyImageNet/PGD/ALL
[2026-09-12 09:55:19] [CMD] qsub -q all.q -l ngpus=1 -v MODEL="RegNetX_400MF",DATASET="TinyImageNet",ATTACK="PGD",KIND="ALL",PHASE="generate",OUTPUT_DIR="adversarial_results_ep100_pre300",FORCE_RERUN="0" adversarial_hpc_submit.pbs </dev/null
[2026-09-12 09:55:23] [OK] RegNetX_400MF/TinyImageNet/PGD/ALL
[2026-09-12 09:55:23] [OK] qsub output: Your job 6508807 ("adversarial_hpc_submit.pbs") has been submitted
[2026-09-12 09:55:23] [SUBMIT] RegNetX_400MF/TinyImageNet/FGSM/ALL
[2026-09-12 09:55:23] [CMD] qsub -q all.q -l ngpus=1 -v MODEL="RegNetX_400MF",DATASET="TinyImageNet",ATTACK="FGSM",KIND="ALL",PHASE="generate",OUTPUT_DIR="adversarial_results_ep200_pre200",FORCE_RERUN="0" adversarial_hpc_submit.pbs </dev/null
[2026-09-12 09:55:23] [OK] RegNetX_400MF/TinyImageNet/PGD/ALL
[2026-09-12 09:55:23] [OK] qsub output: Your job 6508806 ("adversarial_hpc_submit.pbs") has been submitted
[2026-09-12 09:55:23] [SUBMIT] RegNetX_400MF/TinyImageNet/FGSM/ALL
[2026-09-12 09:55:23] [CMD] qsub -q all.q -l ngpus=1 -v MODEL="RegNetX_400MF",DATASET="TinyImageNet",ATTACK="FGSM",KIND="ALL",PHASE="generate",OUTPUT_DIR="adversarial_results_ep300_pre100",FORCE_RERUN="0" adversarial_hpc_submit.pbs </dev/null
[2026-09-12 09:55:25] [OK] RegNetX_400MF/TinyImageNet/FGSM/ALL
[2026-09-12 09:55:25] [OK] qsub output: Your job 6508809 ("adversarial_hpc_submit.pbs") has been submitted
[2026-09-12 09:55:25] [SUBMIT] RegNetX_400MF/TinyImageNet/IFGSM/ALL
[2026-09-12 09:55:25] [CMD] qsub -q all.q -l ngpus=1 -v MODEL="RegNetX_400MF",DATASET="TinyImageNet",ATTACK="IFGSM",KIND="ALL",PHASE="generate",OUTPUT_DIR="adversarial_results_ep200_pre200",FORCE_RERUN="0" adversarial_hpc_submit.pbs </dev/null
[2026-09-12 09:55:28] [OK] RegNetX_400MF/TinyImageNet/PGD/ALL
[2026-09-12 09:55:28] [OK] qsub output: Your job 6508808 ("adversarial_hpc_submit.pbs") has been submitted
[2026-09-12 09:55:28] [SUBMIT] RegNetX_400MF/TinyImageNet/FGSM/ALL
[2026-09-12 09:55:28] [CMD] qsub -q all.q -l ngpus=1 -v MODEL="RegNetX_400MF",DATASET="TinyImageNet",ATTACK="FGSM",KIND="ALL",PHASE="generate",OUTPUT_DIR="adversarial_results_ep100_pre300",FORCE_RERUN="0" adversarial_hpc_submit.pbs </dev/null
[2026-09-12 09:55:33] [OK] RegNetX_400MF/TinyImageNet/FGSM/ALL
[2026-09-12 09:55:33] [OK] qsub output: Your job 6508810 ("adversarial_hpc_submit.pbs") has been submitted
[2026-09-12 09:55:33] [SUBMIT] RegNetX_400MF/TinyImageNet/IFGSM/ALL
[2026-09-12 09:55:33] [CMD] qsub -q all.q -l ngpus=1 -v MODEL="RegNetX_400MF",DATASET="TinyImageNet",ATTACK="IFGSM",KIND="ALL",PHASE="generate",OUTPUT_DIR="adversarial_results_ep300_pre100",FORCE_RERUN="0" adversarial_hpc_submit.pbs </dev/null
[2026-09-12 09:55:36] [OK] RegNetX_400MF/TinyImageNet/IFGSM/ALL
[2026-09-12 09:55:36] [OK] qsub output: Your job 6508811 ("adversarial_hpc_submit.pbs") has been submitted
[2026-09-12 09:55:36] [SUBMIT] RegNetX_400MF/TinyImageNet/BIM/ALL
[2026-09-12 09:55:36] [CMD] qsub -q all.q -l ngpus=1 -v MODEL="RegNetX_400MF",DATASET="TinyImageNet",ATTACK="BIM",KIND="ALL",PHASE="generate",OUTPUT_DIR="adversarial_results_ep200_pre200",FORCE_RERUN="0" adversarial_hpc_submit.pbs </dev/null
[2026-09-12 09:55:42] [OK] RegNetX_400MF/TinyImageNet/FGSM/ALL
[2026-09-12 09:55:42] [OK] qsub output: Your job 6508812 ("adversarial_hpc_submit.pbs") has been submitted
[2026-09-12 09:55:43] [SUBMIT] RegNetX_400MF/TinyImageNet/IFGSM/ALL
[2026-09-12 09:55:43] [CMD] qsub -q all.q -l ngpus=1 -v MODEL="RegNetX_400MF",DATASET="TinyImageNet",ATTACK="IFGSM",KIND="ALL",PHASE="generate",OUTPUT_DIR="adversarial_results_ep100_pre300",FORCE_RERUN="0" adversarial_hpc_submit.pbs </dev/null
[2026-09-12 09:55:44] [OK] RegNetX_400MF/TinyImageNet/BIM/ALL
[2026-09-12 09:55:44] [OK] qsub output: Your job 6508814 ("adversarial_hpc_submit.pbs") has been submitted
[2026-09-12 09:55:44] [SUBMIT] RegNetX_400MF/TinyImageNet/APGD/ALL
[2026-09-12 09:55:44] [CMD] qsub -q all.q -l ngpus=1 -v MODEL="RegNetX_400MF",DATASET="TinyImageNet",ATTACK="APGD",KIND="ALL",PHASE="generate",OUTPUT_DIR="adversarial_results_ep200_pre200",FORCE_RERUN="0" adversarial_hpc_submit.pbs </dev/null
[2026-09-12 09:55:45] [OK] RegNetX_400MF/TinyImageNet/IFGSM/ALL
[2026-09-12 09:55:45] [OK] qsub output: Your job 6508813 ("adversarial_hpc_submit.pbs") has been submitted
[2026-09-12 09:55:45] [SUBMIT] RegNetX_400MF/TinyImageNet/BIM/ALL
[2026-09-12 09:55:45] [CMD] qsub -q all.q -l ngpus=1 -v MODEL="RegNetX_400MF",DATASET="TinyImageNet",ATTACK="BIM",KIND="ALL",PHASE="generate",OUTPUT_DIR="adversarial_results_ep300_pre100",FORCE_RERUN="0" adversarial_hpc_submit.pbs </dev/null
[2026-09-12 09:55:50] [OK] RegNetX_400MF/TinyImageNet/APGD/ALL
[2026-09-12 09:55:50] [OK] qsub output: Your job 6508816 ("adversarial_hpc_submit.pbs") has been submitted
[2026-09-12 09:55:50] [SUBMIT] RegNetX_400MF/TinyImageNet/CW/ALL
[2026-09-12 09:55:50] [CMD] qsub -q all.q -l ngpus=1 -v MODEL="RegNetX_400MF",DATASET="TinyImageNet",ATTACK="CW",KIND="ALL",PHASE="generate",OUTPUT_DIR="adversarial_results_ep200_pre200",FORCE_RERUN="0" adversarial_hpc_submit.pbs </dev/null
[2026-09-12 09:55:50] [OK] RegNetX_400MF/TinyImageNet/IFGSM/ALL
[2026-09-12 09:55:50] [OK] qsub output: Your job 6508815 ("adversarial_hpc_submit.pbs") has been submitted
[2026-09-12 09:55:50] [SUBMIT] RegNetX_400MF/TinyImageNet/BIM/ALL
[2026-09-12 09:55:50] [CMD] qsub -q all.q -l ngpus=1 -v MODEL="RegNetX_400MF",DATASET="TinyImageNet",ATTACK="BIM",KIND="ALL",PHASE="generate",OUTPUT_DIR="adversarial_results_ep100_pre300",FORCE_RERUN="0" adversarial_hpc_submit.pbs </dev/null
[2026-09-12 09:55:55] [OK] RegNetX_400MF/TinyImageNet/BIM/ALL
[2026-09-12 09:55:55] [OK] qsub output: Your job 6508817 ("adversarial_hpc_submit.pbs") has been submitted
[2026-09-12 09:55:55] [SUBMIT] RegNetX_400MF/TinyImageNet/APGD/ALL
[2026-09-12 09:55:56] [CMD] qsub -q all.q -l ngpus=1 -v MODEL="RegNetX_400MF",DATASET="TinyImageNet",ATTACK="APGD",KIND="ALL",PHASE="generate",OUTPUT_DIR="adversarial_results_ep300_pre100",FORCE_RERUN="0" adversarial_hpc_submit.pbs </dev/null
[2026-09-12 09:55:56] [OK] RegNetX_400MF/TinyImageNet/CW/ALL
[2026-09-12 09:55:56] [OK] qsub output: Your job 6508818 ("adversarial_hpc_submit.pbs") has been submitted
[2026-09-12 09:55:56] [SUBMIT] RegNetX_400MF/TinyImageNet/DeepFool/ALL
[2026-09-12 09:55:56] [CMD] qsub -q all.q -l ngpus=1 -v MODEL="RegNetX_400MF",DATASET="TinyImageNet",ATTACK="DeepFool",KIND="ALL",PHASE="generate",OUTPUT_DIR="adversarial_results_ep200_pre200",FORCE_RERUN="0" adversarial_hpc_submit.pbs </dev/null
[2026-09-12 09:56:02] [OK] RegNetX_400MF/TinyImageNet/BIM/ALL
[2026-09-12 09:56:02] [OK] qsub output: Your job 6508819 ("adversarial_hpc_submit.pbs") has been submitted
[2026-09-12 09:56:02] [SUBMIT] RegNetX_400MF/TinyImageNet/APGD/ALL
[2026-09-12 09:56:02] [CMD] qsub -q all.q -l ngpus=1 -v MODEL="RegNetX_400MF",DATASET="TinyImageNet",ATTACK="APGD",KIND="ALL",PHASE="generate",OUTPUT_DIR="adversarial_results_ep100_pre300",FORCE_RERUN="0" adversarial_hpc_submit.pbs </dev/null
[2026-09-12 09:56:05] [OK] RegNetX_400MF/TinyImageNet/APGD/ALL
[2026-09-12 09:56:05] [OK] qsub output: Your job 6508820 ("adversarial_hpc_submit.pbs") has been submitted
[2026-09-12 09:56:06] [SUBMIT] RegNetX_400MF/TinyImageNet/CW/ALL
[2026-09-12 09:56:06] [CMD] qsub -q all.q -l ngpus=1 -v MODEL="RegNetX_400MF",DATASET="TinyImageNet",ATTACK="CW",KIND="ALL",PHASE="generate",OUTPUT_DIR="adversarial_results_ep300_pre100",FORCE_RERUN="0" adversarial_hpc_submit.pbs </dev/null
[2026-09-12 09:56:10] [OK] RegNetX_400MF/TinyImageNet/DeepFool/ALL
[2026-09-12 09:56:10] [OK] qsub output: Your job 6508821 ("adversarial_hpc_submit.pbs") has been submitted
[2026-09-12 09:56:10] [SUBMIT] InceptionNet/Cifar10/PGD/ALL
[2026-09-12 09:56:10] [CMD] qsub -q all.q -l ngpus=1 -v MODEL="InceptionNet",DATASET="Cifar10",ATTACK="PGD",KIND="ALL",PHASE="generate",OUTPUT_DIR="adversarial_results_ep200_pre200",FORCE_RERUN="0" adversarial_hpc_submit.pbs </dev/null
[2026-09-12 09:56:11] [OK] RegNetX_400MF/TinyImageNet/APGD/ALL
[2026-09-12 09:56:11] [OK] qsub output: Your job 6508822 ("adversarial_hpc_submit.pbs") has been submitted
[2026-09-12 09:56:12] [SUBMIT] RegNetX_400MF/TinyImageNet/CW/ALL
[2026-09-12 09:56:12] [CMD] qsub -q all.q -l ngpus=1 -v MODEL="RegNetX_400MF",DATASET="TinyImageNet",ATTACK="CW",KIND="ALL",PHASE="generate",OUTPUT_DIR="adversarial_results_ep100_pre300",FORCE_RERUN="0" adversarial_hpc_submit.pbs </dev/null
[2026-09-12 09:56:12] [OK] RegNetX_400MF/TinyImageNet/CW/ALL
[2026-09-12 09:56:12] [OK] qsub output: Your job 6508823 ("adversarial_hpc_submit.pbs") has been submitted
[2026-09-12 09:56:12] [SUBMIT] RegNetX_400MF/TinyImageNet/DeepFool/ALL
[2026-09-12 09:56:12] [CMD] qsub -q all.q -l ngpus=1 -v MODEL="RegNetX_400MF",DATASET="TinyImageNet",ATTACK="DeepFool",KIND="ALL",PHASE="generate",OUTPUT_DIR="adversarial_results_ep300_pre100",FORCE_RERUN="0" adversarial_hpc_submit.pbs </dev/null
[2026-09-12 09:56:20] [OK] RegNetX_400MF/TinyImageNet/CW/ALL
[2026-09-12 09:56:20] [OK] qsub output: Your job 6508825 ("adversarial_hpc_submit.pbs") has been submitted
[2026-09-12 09:56:20] [SUBMIT] RegNetX_400MF/TinyImageNet/DeepFool/ALL
[2026-09-12 09:56:20] [CMD] qsub -q all.q -l ngpus=1 -v MODEL="RegNetX_400MF",DATASET="TinyImageNet",ATTACK="DeepFool",KIND="ALL",PHASE="generate",OUTPUT_DIR="adversarial_results_ep100_pre300",FORCE_RERUN="0" adversarial_hpc_submit.pbs </dev/null
[2026-09-12 09:56:20] [OK] InceptionNet/Cifar10/PGD/ALL
[2026-09-12 09:56:20] [OK] qsub output: Your job 6508824 ("adversarial_hpc_submit.pbs") has been submitted
[2026-09-12 09:56:20] [SUBMIT] InceptionNet/Cifar10/FGSM/ALL
[2026-09-12 09:56:20] [CMD] qsub -q all.q -l ngpus=1 -v MODEL="InceptionNet",DATASET="Cifar10",ATTACK="FGSM",KIND="ALL",PHASE="generate",OUTPUT_DIR="adversarial_results_ep200_pre200",FORCE_RERUN="0" adversarial_hpc_submit.pbs </dev/null
[2026-09-12 09:56:21] [OK] RegNetX_400MF/TinyImageNet/DeepFool/ALL
[2026-09-12 09:56:21] [OK] qsub output: Your job 6508826 ("adversarial_hpc_submit.pbs") has been submitted
[2026-09-12 09:56:21] [SUBMIT] InceptionNet/Cifar10/PGD/ALL
[2026-09-12 09:56:21] [CMD] qsub -q all.q -l ngpus=1 -v MODEL="InceptionNet",DATASET="Cifar10",ATTACK="PGD",KIND="ALL",PHASE="generate",OUTPUT_DIR="adversarial_results_ep300_pre100",FORCE_RERUN="0" adversarial_hpc_submit.pbs </dev/null
[2026-09-12 09:56:24] [OK] InceptionNet/Cifar10/FGSM/ALL
[2026-09-12 09:56:24] [OK] qsub output: Your job 6508828 ("adversarial_hpc_submit.pbs") has been submitted
[2026-09-12 09:56:24] [SUBMIT] InceptionNet/Cifar10/IFGSM/ALL
[2026-09-12 09:56:24] [CMD] qsub -q all.q -l ngpus=1 -v MODEL="InceptionNet",DATASET="Cifar10",ATTACK="IFGSM",KIND="ALL",PHASE="generate",OUTPUT_DIR="adversarial_results_ep200_pre200",FORCE_RERUN="0" adversarial_hpc_submit.pbs </dev/null
[2026-09-12 09:56:29] [OK] RegNetX_400MF/TinyImageNet/DeepFool/ALL
[2026-09-12 09:56:29] [OK] qsub output: Your job 6508827 ("adversarial_hpc_submit.pbs") has been submitted
[2026-09-12 09:56:29] [SUBMIT] InceptionNet/Cifar10/PGD/ALL
[2026-09-12 09:56:29] [CMD] qsub -q all.q -l ngpus=1 -v MODEL="InceptionNet",DATASET="Cifar10",ATTACK="PGD",KIND="ALL",PHASE="generate",OUTPUT_DIR="adversarial_results_ep100_pre300",FORCE_RERUN="0" adversarial_hpc_submit.pbs </dev/null
[2026-09-12 09:56:31] [OK] InceptionNet/Cifar10/IFGSM/ALL
[2026-09-12 09:56:31] [OK] qsub output: Your job 6508830 ("adversarial_hpc_submit.pbs") has been submitted
[2026-09-12 09:56:32] [SUBMIT] InceptionNet/Cifar10/BIM/ALL
[2026-09-12 09:56:32] [CMD] qsub -q all.q -l ngpus=1 -v MODEL="InceptionNet",DATASET="Cifar10",ATTACK="BIM",KIND="ALL",PHASE="generate",OUTPUT_DIR="adversarial_results_ep200_pre200",FORCE_RERUN="0" adversarial_hpc_submit.pbs </dev/null
[2026-09-12 09:56:32] [OK] InceptionNet/Cifar10/PGD/ALL
[2026-09-12 09:56:32] [OK] qsub output: Your job 6508829 ("adversarial_hpc_submit.pbs") has been submitted
[2026-09-12 09:56:32] [SUBMIT] InceptionNet/Cifar10/FGSM/ALL
[2026-09-12 09:56:32] [CMD] qsub -q all.q -l ngpus=1 -v MODEL="InceptionNet",DATASET="Cifar10",ATTACK="FGSM",KIND="ALL",PHASE="generate",OUTPUT_DIR="adversarial_results_ep300_pre100",FORCE_RERUN="0" adversarial_hpc_submit.pbs </dev/null
[2026-09-12 09:56:38] [OK] InceptionNet/Cifar10/BIM/ALL
[2026-09-12 09:56:38] [OK] qsub output: Your job 6508832 ("adversarial_hpc_submit.pbs") has been submitted
[2026-09-12 09:56:38] [OK] InceptionNet/Cifar10/PGD/ALL
[2026-09-12 09:56:38] [OK] qsub output: Your job 6508831 ("adversarial_hpc_submit.pbs") has been submitted
[2026-09-12 09:56:38] [SUBMIT] InceptionNet/Cifar10/APGD/ALL
[2026-09-12 09:56:38] [CMD] qsub -q all.q -l ngpus=1 -v MODEL="InceptionNet",DATASET="Cifar10",ATTACK="APGD",KIND="ALL",PHASE="generate",OUTPUT_DIR="adversarial_results_ep200_pre200",FORCE_RERUN="0" adversarial_hpc_submit.pbs </dev/null
[2026-09-12 09:56:38] [SUBMIT] InceptionNet/Cifar10/FGSM/ALL
[2026-09-12 09:56:38] [CMD] qsub -q all.q -l ngpus=1 -v MODEL="InceptionNet",DATASET="Cifar10",ATTACK="FGSM",KIND="ALL",PHASE="generate",OUTPUT_DIR="adversarial_results_ep100_pre300",FORCE_RERUN="0" adversarial_hpc_submit.pbs </dev/null
[2026-09-12 09:56:40] [OK] InceptionNet/Cifar10/FGSM/ALL
[2026-09-12 09:56:40] [OK] qsub output: Your job 6508833 ("adversarial_hpc_submit.pbs") has been submitted
[2026-09-12 09:56:40] [SUBMIT] InceptionNet/Cifar10/IFGSM/ALL
[2026-09-12 09:56:40] [CMD] qsub -q all.q -l ngpus=1 -v MODEL="InceptionNet",DATASET="Cifar10",ATTACK="IFGSM",KIND="ALL",PHASE="generate",OUTPUT_DIR="adversarial_results_ep300_pre100",FORCE_RERUN="0" adversarial_hpc_submit.pbs </dev/null
[2026-09-12 09:56:40] [OK] InceptionNet/Cifar10/APGD/ALL
[2026-09-12 09:56:40] [OK] qsub output: Your job 6508834 ("adversarial_hpc_submit.pbs") has been submitted
[2026-09-12 09:56:41] [SUBMIT] InceptionNet/Cifar10/CW/ALL
[2026-09-12 09:56:41] [CMD] qsub -q all.q -l ngpus=1 -v MODEL="InceptionNet",DATASET="Cifar10",ATTACK="CW",KIND="ALL",PHASE="generate",OUTPUT_DIR="adversarial_results_ep200_pre200",FORCE_RERUN="0" adversarial_hpc_submit.pbs </dev/null
[2026-09-12 09:56:46] [OK] InceptionNet/Cifar10/IFGSM/ALL
[2026-09-12 09:56:46] [OK] qsub output: Your job 6508836 ("adversarial_hpc_submit.pbs") has been submitted
[2026-09-12 09:56:46] [SUBMIT] InceptionNet/Cifar10/BIM/ALL
[2026-09-12 09:56:46] [CMD] qsub -q all.q -l ngpus=1 -v MODEL="InceptionNet",DATASET="Cifar10",ATTACK="BIM",KIND="ALL",PHASE="generate",OUTPUT_DIR="adversarial_results_ep300_pre100",FORCE_RERUN="0" adversarial_hpc_submit.pbs </dev/null
[2026-09-12 09:56:47] [OK] InceptionNet/Cifar10/FGSM/ALL
[2026-09-12 09:56:47] [OK] qsub output: Your job 6508835 ("adversarial_hpc_submit.pbs") has been submitted
[2026-09-12 09:56:47] [SUBMIT] InceptionNet/Cifar10/IFGSM/ALL
[2026-09-12 09:56:47] [CMD] qsub -q all.q -l ngpus=1 -v MODEL="InceptionNet",DATASET="Cifar10",ATTACK="IFGSM",KIND="ALL",PHASE="generate",OUTPUT_DIR="adversarial_results_ep100_pre300",FORCE_RERUN="0" adversarial_hpc_submit.pbs </dev/null
[2026-09-12 09:56:53] [OK] InceptionNet/Cifar10/CW/ALL
[2026-09-12 09:56:53] [OK] qsub output: Your job 6508837 ("adversarial_hpc_submit.pbs") has been submitted
[2026-09-12 09:56:54] [SUBMIT] InceptionNet/Cifar10/DeepFool/ALL
[2026-09-12 09:56:54] [CMD] qsub -q all.q -l ngpus=1 -v MODEL="InceptionNet",DATASET="Cifar10",ATTACK="DeepFool",KIND="ALL",PHASE="generate",OUTPUT_DIR="adversarial_results_ep200_pre200",FORCE_RERUN="0" adversarial_hpc_submit.pbs </dev/null
[2026-09-12 09:56:55] [OK] InceptionNet/Cifar10/BIM/ALL
[2026-09-12 09:56:55] [OK] qsub output: Your job 6508838 ("adversarial_hpc_submit.pbs") has been submitted
[2026-09-12 09:56:55] [SUBMIT] InceptionNet/Cifar10/APGD/ALL
[2026-09-12 09:56:55] [CMD] qsub -q all.q -l ngpus=1 -v MODEL="InceptionNet",DATASET="Cifar10",ATTACK="APGD",KIND="ALL",PHASE="generate",OUTPUT_DIR="adversarial_results_ep300_pre100",FORCE_RERUN="0" adversarial_hpc_submit.pbs </dev/null
[2026-09-12 09:56:58] [OK] InceptionNet/Cifar10/IFGSM/ALL
[2026-09-12 09:56:58] [OK] qsub output: Your job 6508839 ("adversarial_hpc_submit.pbs") has been submitted
[2026-09-12 09:56:59] [SUBMIT] InceptionNet/Cifar10/BIM/ALL
[2026-09-12 09:56:59] [CMD] qsub -q all.q -l ngpus=1 -v MODEL="InceptionNet",DATASET="Cifar10",ATTACK="BIM",KIND="ALL",PHASE="generate",OUTPUT_DIR="adversarial_results_ep100_pre300",FORCE_RERUN="0" adversarial_hpc_submit.pbs </dev/null
[2026-09-12 09:57:02] [OK] InceptionNet/Cifar10/DeepFool/ALL
[2026-09-12 09:57:02] [OK] qsub output: Your job 6508840 ("adversarial_hpc_submit.pbs") has been submitted
[2026-09-12 09:57:02] [SUBMIT] InceptionNet/Cifar100/PGD/ALL
[2026-09-12 09:57:02] [CMD] qsub -q all.q -l ngpus=1 -v MODEL="InceptionNet",DATASET="Cifar100",ATTACK="PGD",KIND="ALL",PHASE="generate",OUTPUT_DIR="adversarial_results_ep200_pre200",FORCE_RERUN="0" adversarial_hpc_submit.pbs </dev/null
[2026-09-12 09:57:04] [OK] InceptionNet/Cifar10/BIM/ALL
[2026-09-12 09:57:04] [OK] qsub output: Your job 6508842 ("adversarial_hpc_submit.pbs") has been submitted
[2026-09-12 09:57:04] [SUBMIT] InceptionNet/Cifar10/APGD/ALL
[2026-09-12 09:57:04] [CMD] qsub -q all.q -l ngpus=1 -v MODEL="InceptionNet",DATASET="Cifar10",ATTACK="APGD",KIND="ALL",PHASE="generate",OUTPUT_DIR="adversarial_results_ep100_pre300",FORCE_RERUN="0" adversarial_hpc_submit.pbs </dev/null
[2026-09-12 09:57:05] [OK] InceptionNet/Cifar10/APGD/ALL
[2026-09-12 09:57:05] [OK] qsub output: Your job 6508841 ("adversarial_hpc_submit.pbs") has been submitted
[2026-09-12 09:57:05] [SUBMIT] InceptionNet/Cifar10/CW/ALL
[2026-09-12 09:57:05] [CMD] qsub -q all.q -l ngpus=1 -v MODEL="InceptionNet",DATASET="Cifar10",ATTACK="CW",KIND="ALL",PHASE="generate",OUTPUT_DIR="adversarial_results_ep300_pre100",FORCE_RERUN="0" adversarial_hpc_submit.pbs </dev/null
[2026-09-12 09:57:06] [OK] InceptionNet/Cifar100/PGD/ALL
[2026-09-12 09:57:06] [OK] qsub output: Your job 6508843 ("adversarial_hpc_submit.pbs") has been submitted
[2026-09-12 09:57:07] [SUBMIT] InceptionNet/Cifar100/FGSM/ALL
[2026-09-12 09:57:07] [CMD] qsub -q all.q -l ngpus=1 -v MODEL="InceptionNet",DATASET="Cifar100",ATTACK="FGSM",KIND="ALL",PHASE="generate",OUTPUT_DIR="adversarial_results_ep200_pre200",FORCE_RERUN="0" adversarial_hpc_submit.pbs </dev/null
[2026-09-12 09:57:14] [OK] InceptionNet/Cifar10/APGD/ALL
[2026-09-12 09:57:14] [OK] qsub output: Your job 6508844 ("adversarial_hpc_submit.pbs") has been submitted
[2026-09-12 09:57:15] [SUBMIT] InceptionNet/Cifar10/CW/ALL
[2026-09-12 09:57:15] [CMD] qsub -q all.q -l ngpus=1 -v MODEL="InceptionNet",DATASET="Cifar10",ATTACK="CW",KIND="ALL",PHASE="generate",OUTPUT_DIR="adversarial_results_ep100_pre300",FORCE_RERUN="0" adversarial_hpc_submit.pbs </dev/null
[2026-09-12 09:57:15] [OK] InceptionNet/Cifar10/CW/ALL
[2026-09-12 09:57:15] [OK] qsub output: Your job 6508845 ("adversarial_hpc_submit.pbs") has been submitted
[2026-09-12 09:57:15] [SUBMIT] InceptionNet/Cifar10/DeepFool/ALL
[2026-09-12 09:57:15] [CMD] qsub -q all.q -l ngpus=1 -v MODEL="InceptionNet",DATASET="Cifar10",ATTACK="DeepFool",KIND="ALL",PHASE="generate",OUTPUT_DIR="adversarial_results_ep300_pre100",FORCE_RERUN="0" adversarial_hpc_submit.pbs </dev/null
[2026-09-12 09:57:16] [OK] InceptionNet/Cifar100/FGSM/ALL
[2026-09-12 09:57:16] [OK] qsub output: Your job 6508846 ("adversarial_hpc_submit.pbs") has been submitted
[2026-09-12 09:57:16] [SUBMIT] InceptionNet/Cifar100/IFGSM/ALL
[2026-09-12 09:57:16] [CMD] qsub -q all.q -l ngpus=1 -v MODEL="InceptionNet",DATASET="Cifar100",ATTACK="IFGSM",KIND="ALL",PHASE="generate",OUTPUT_DIR="adversarial_results_ep200_pre200",FORCE_RERUN="0" adversarial_hpc_submit.pbs </dev/null
[2026-09-12 09:57:21] [OK] InceptionNet/Cifar10/DeepFool/ALL
[2026-09-12 09:57:21] [OK] qsub output: Your job 6508848 ("adversarial_hpc_submit.pbs") has been submitted
[2026-09-12 09:57:21] [SUBMIT] InceptionNet/Cifar100/PGD/ALL
[2026-09-12 09:57:21] [CMD] qsub -q all.q -l ngpus=1 -v MODEL="InceptionNet",DATASET="Cifar100",ATTACK="PGD",KIND="ALL",PHASE="generate",OUTPUT_DIR="adversarial_results_ep300_pre100",FORCE_RERUN="0" adversarial_hpc_submit.pbs </dev/null
[2026-09-12 09:57:21] [OK] InceptionNet/Cifar10/CW/ALL
[2026-09-12 09:57:21] [OK] qsub output: Your job 6508847 ("adversarial_hpc_submit.pbs") has been submitted
[2026-09-12 09:57:21] [SUBMIT] InceptionNet/Cifar10/DeepFool/ALL
[2026-09-12 09:57:21] [CMD] qsub -q all.q -l ngpus=1 -v MODEL="InceptionNet",DATASET="Cifar10",ATTACK="DeepFool",KIND="ALL",PHASE="generate",OUTPUT_DIR="adversarial_results_ep100_pre300",FORCE_RERUN="0" adversarial_hpc_submit.pbs </dev/null
[2026-09-12 09:57:27] [OK] InceptionNet/Cifar100/IFGSM/ALL
[2026-09-12 09:57:27] [OK] qsub output: Your job 6508849 ("adversarial_hpc_submit.pbs") has been submitted
[2026-09-12 09:57:27] [SUBMIT] InceptionNet/Cifar100/BIM/ALL
[2026-09-12 09:57:27] [CMD] qsub -q all.q -l ngpus=1 -v MODEL="InceptionNet",DATASET="Cifar100",ATTACK="BIM",KIND="ALL",PHASE="generate",OUTPUT_DIR="adversarial_results_ep200_pre200",FORCE_RERUN="0" adversarial_hpc_submit.pbs </dev/null
[2026-09-12 09:57:30] [OK] InceptionNet/Cifar100/PGD/ALL
[2026-09-12 09:57:30] [OK] qsub output: Your job 6508850 ("adversarial_hpc_submit.pbs") has been submitted
[2026-09-12 09:57:30] [SUBMIT] InceptionNet/Cifar100/FGSM/ALL
[2026-09-12 09:57:30] [CMD] qsub -q all.q -l ngpus=1 -v MODEL="InceptionNet",DATASET="Cifar100",ATTACK="FGSM",KIND="ALL",PHASE="generate",OUTPUT_DIR="adversarial_results_ep300_pre100",FORCE_RERUN="0" adversarial_hpc_submit.pbs </dev/null
[2026-09-12 09:57:32] [OK] InceptionNet/Cifar10/DeepFool/ALL
[2026-09-12 09:57:32] [OK] qsub output: Your job 6508851 ("adversarial_hpc_submit.pbs") has been submitted
[2026-09-12 09:57:32] [SUBMIT] InceptionNet/Cifar100/PGD/ALL
[2026-09-12 09:57:32] [CMD] qsub -q all.q -l ngpus=1 -v MODEL="InceptionNet",DATASET="Cifar100",ATTACK="PGD",KIND="ALL",PHASE="generate",OUTPUT_DIR="adversarial_results_ep100_pre300",FORCE_RERUN="0" adversarial_hpc_submit.pbs </dev/null
[2026-09-12 09:57:34] [OK] InceptionNet/Cifar100/FGSM/ALL
[2026-09-12 09:57:34] [OK] qsub output: Your job 6508853 ("adversarial_hpc_submit.pbs") has been submitted
[2026-09-12 09:57:34] [SUBMIT] InceptionNet/Cifar100/IFGSM/ALL
[2026-09-12 09:57:34] [CMD] qsub -q all.q -l ngpus=1 -v MODEL="InceptionNet",DATASET="Cifar100",ATTACK="IFGSM",KIND="ALL",PHASE="generate",OUTPUT_DIR="adversarial_results_ep300_pre100",FORCE_RERUN="0" adversarial_hpc_submit.pbs </dev/null
[2026-09-12 09:57:39] [OK] InceptionNet/Cifar100/BIM/ALL
[2026-09-12 09:57:39] [OK] qsub output: Your job 6508852 ("adversarial_hpc_submit.pbs") has been submitted
[2026-09-12 09:57:39] [SUBMIT] InceptionNet/Cifar100/APGD/ALL
[2026-09-12 09:57:39] [CMD] qsub -q all.q -l ngpus=1 -v MODEL="InceptionNet",DATASET="Cifar100",ATTACK="APGD",KIND="ALL",PHASE="generate",OUTPUT_DIR="adversarial_results_ep200_pre200",FORCE_RERUN="0" adversarial_hpc_submit.pbs </dev/null
[2026-09-12 09:57:40] [OK] InceptionNet/Cifar100/PGD/ALL
[2026-09-12 09:57:40] [OK] qsub output: Your job 6508854 ("adversarial_hpc_submit.pbs") has been submitted
[2026-09-12 09:57:40] [SUBMIT] InceptionNet/Cifar100/FGSM/ALL
[2026-09-12 09:57:40] [CMD] qsub -q all.q -l ngpus=1 -v MODEL="InceptionNet",DATASET="Cifar100",ATTACK="FGSM",KIND="ALL",PHASE="generate",OUTPUT_DIR="adversarial_results_ep100_pre300",FORCE_RERUN="0" adversarial_hpc_submit.pbs </dev/null
[2026-09-12 09:57:43] [OK] InceptionNet/Cifar100/IFGSM/ALL
[2026-09-12 09:57:43] [OK] qsub output: Your job 6508855 ("adversarial_hpc_submit.pbs") has been submitted
[2026-09-12 09:57:43] [SUBMIT] InceptionNet/Cifar100/BIM/ALL
[2026-09-12 09:57:43] [CMD] qsub -q all.q -l ngpus=1 -v MODEL="InceptionNet",DATASET="Cifar100",ATTACK="BIM",KIND="ALL",PHASE="generate",OUTPUT_DIR="adversarial_results_ep300_pre100",FORCE_RERUN="0" adversarial_hpc_submit.pbs </dev/null
[2026-09-12 09:57:47] [OK] InceptionNet/Cifar100/FGSM/ALL
[2026-09-12 09:57:47] [OK] qsub output: Your job 6508857 ("adversarial_hpc_submit.pbs") has been submitted
[2026-09-12 09:57:48] [SUBMIT] InceptionNet/Cifar100/IFGSM/ALL
[2026-09-12 09:57:48] [CMD] qsub -q all.q -l ngpus=1 -v MODEL="InceptionNet",DATASET="Cifar100",ATTACK="IFGSM",KIND="ALL",PHASE="generate",OUTPUT_DIR="adversarial_results_ep100_pre300",FORCE_RERUN="0" adversarial_hpc_submit.pbs </dev/null
[2026-09-12 09:57:49] [OK] InceptionNet/Cifar100/APGD/ALL
[2026-09-12 09:57:49] [OK] qsub output: Your job 6508856 ("adversarial_hpc_submit.pbs") has been submitted
[2026-09-12 09:57:49] [SUBMIT] InceptionNet/Cifar100/CW/ALL
[2026-09-12 09:57:49] [CMD] qsub -q all.q -l ngpus=1 -v MODEL="InceptionNet",DATASET="Cifar100",ATTACK="CW",KIND="ALL",PHASE="generate",OUTPUT_DIR="adversarial_results_ep200_pre200",FORCE_RERUN="0" adversarial_hpc_submit.pbs </dev/null
[2026-09-12 09:57:53] [OK] InceptionNet/Cifar100/BIM/ALL
[2026-09-12 09:57:53] [OK] qsub output: Your job 6508858 ("adversarial_hpc_submit.pbs") has been submitted
[2026-09-12 09:57:54] [SUBMIT] InceptionNet/Cifar100/APGD/ALL
[2026-09-12 09:57:54] [CMD] qsub -q all.q -l ngpus=1 -v MODEL="InceptionNet",DATASET="Cifar100",ATTACK="APGD",KIND="ALL",PHASE="generate",OUTPUT_DIR="adversarial_results_ep300_pre100",FORCE_RERUN="0" adversarial_hpc_submit.pbs </dev/null
[2026-09-12 09:57:54] [OK] InceptionNet/Cifar100/IFGSM/ALL
[2026-09-12 09:57:55] [OK] qsub output: Your job 6508859 ("adversarial_hpc_submit.pbs") has been submitted
[2026-09-12 09:57:55] [SUBMIT] InceptionNet/Cifar100/BIM/ALL
[2026-09-12 09:57:55] [CMD] qsub -q all.q -l ngpus=1 -v MODEL="InceptionNet",DATASET="Cifar100",ATTACK="BIM",KIND="ALL",PHASE="generate",OUTPUT_DIR="adversarial_results_ep100_pre300",FORCE_RERUN="0" adversarial_hpc_submit.pbs </dev/null
[2026-09-12 09:58:01] [OK] InceptionNet/Cifar100/CW/ALL
[2026-09-12 09:58:01] [OK] qsub output: Your job 6508860 ("adversarial_hpc_submit.pbs") has been submitted
[2026-09-12 09:58:01] [SUBMIT] InceptionNet/Cifar100/DeepFool/ALL
[2026-09-12 09:58:01] [CMD] qsub -q all.q -l ngpus=1 -v MODEL="InceptionNet",DATASET="Cifar100",ATTACK="DeepFool",KIND="ALL",PHASE="generate",OUTPUT_DIR="adversarial_results_ep200_pre200",FORCE_RERUN="0" adversarial_hpc_submit.pbs </dev/null
[2026-09-12 09:58:04] [OK] InceptionNet/Cifar100/APGD/ALL
[2026-09-12 09:58:04] [OK] qsub output: Your job 6508861 ("adversarial_hpc_submit.pbs") has been submitted
[2026-09-12 09:58:05] [SUBMIT] InceptionNet/Cifar100/CW/ALL
[2026-09-12 09:58:05] [CMD] qsub -q all.q -l ngpus=1 -v MODEL="InceptionNet",DATASET="Cifar100",ATTACK="CW",KIND="ALL",PHASE="generate",OUTPUT_DIR="adversarial_results_ep300_pre100",FORCE_RERUN="0" adversarial_hpc_submit.pbs </dev/null
[2026-09-12 09:58:05] [OK] InceptionNet/Cifar100/BIM/ALL
[2026-09-12 09:58:05] [OK] qsub output: Your job 6508862 ("adversarial_hpc_submit.pbs") has been submitted
[2026-09-12 09:58:05] [SUBMIT] InceptionNet/Cifar100/APGD/ALL
[2026-09-12 09:58:05] [CMD] qsub -q all.q -l ngpus=1 -v MODEL="InceptionNet",DATASET="Cifar100",ATTACK="APGD",KIND="ALL",PHASE="generate",OUTPUT_DIR="adversarial_results_ep100_pre300",FORCE_RERUN="0" adversarial_hpc_submit.pbs </dev/null
[2026-09-12 09:58:08] [OK] InceptionNet/Cifar100/CW/ALL
[2026-09-12 09:58:08] [OK] qsub output: Your job 6508864 ("adversarial_hpc_submit.pbs") has been submitted
[2026-09-12 09:58:08] [SUBMIT] InceptionNet/Cifar100/DeepFool/ALL
[2026-09-12 09:58:08] [CMD] qsub -q all.q -l ngpus=1 -v MODEL="InceptionNet",DATASET="Cifar100",ATTACK="DeepFool",KIND="ALL",PHASE="generate",OUTPUT_DIR="adversarial_results_ep300_pre100",FORCE_RERUN="0" adversarial_hpc_submit.pbs </dev/null
[2026-09-12 09:58:09] [OK] InceptionNet/Cifar100/DeepFool/ALL
[2026-09-12 09:58:09] [OK] qsub output: Your job 6508863 ("adversarial_hpc_submit.pbs") has been submitted
[2026-09-12 09:58:10] [SUBMIT] InceptionNet/TinyImageNet/PGD/ALL
[2026-09-12 09:58:10] [CMD] qsub -q all.q -l ngpus=1 -v MODEL="InceptionNet",DATASET="TinyImageNet",ATTACK="PGD",KIND="ALL",PHASE="generate",OUTPUT_DIR="adversarial_results_ep200_pre200",FORCE_RERUN="0" adversarial_hpc_submit.pbs </dev/null
[2026-09-12 09:58:14] [OK] InceptionNet/Cifar100/DeepFool/ALL
[2026-09-12 09:58:14] [OK] qsub output: Your job 6508866 ("adversarial_hpc_submit.pbs") has been submitted
[2026-09-12 09:58:15] [SUBMIT] InceptionNet/TinyImageNet/PGD/ALL
[2026-09-12 09:58:15] [CMD] qsub -q all.q -l ngpus=1 -v MODEL="InceptionNet",DATASET="TinyImageNet",ATTACK="PGD",KIND="ALL",PHASE="generate",OUTPUT_DIR="adversarial_results_ep300_pre100",FORCE_RERUN="0" adversarial_hpc_submit.pbs </dev/null
[2026-09-12 09:58:18] [OK] InceptionNet/Cifar100/APGD/ALL
[2026-09-12 09:58:18] [OK] qsub output: Your job 6508865 ("adversarial_hpc_submit.pbs") has been submitted
[2026-09-12 09:58:18] [OK] InceptionNet/TinyImageNet/PGD/ALL
[2026-09-12 09:58:18] [OK] qsub output: Your job 6508867 ("adversarial_hpc_submit.pbs") has been submitted
[2026-09-12 09:58:18] [SUBMIT] InceptionNet/Cifar100/CW/ALL
[2026-09-12 09:58:18] [CMD] qsub -q all.q -l ngpus=1 -v MODEL="InceptionNet",DATASET="Cifar100",ATTACK="CW",KIND="ALL",PHASE="generate",OUTPUT_DIR="adversarial_results_ep100_pre300",FORCE_RERUN="0" adversarial_hpc_submit.pbs </dev/null
[2026-09-12 09:58:18] [SUBMIT] InceptionNet/TinyImageNet/FGSM/ALL
[2026-09-12 09:58:18] [CMD] qsub -q all.q -l ngpus=1 -v MODEL="InceptionNet",DATASET="TinyImageNet",ATTACK="FGSM",KIND="ALL",PHASE="generate",OUTPUT_DIR="adversarial_results_ep200_pre200",FORCE_RERUN="0" adversarial_hpc_submit.pbs </dev/null
[2026-09-12 09:58:19] [OK] InceptionNet/TinyImageNet/PGD/ALL
[2026-09-12 09:58:19] [OK] qsub output: Your job 6508868 ("adversarial_hpc_submit.pbs") has been submitted
[2026-09-12 09:58:19] [SUBMIT] InceptionNet/TinyImageNet/FGSM/ALL
[2026-09-12 09:58:19] [CMD] qsub -q all.q -l ngpus=1 -v MODEL="InceptionNet",DATASET="TinyImageNet",ATTACK="FGSM",KIND="ALL",PHASE="generate",OUTPUT_DIR="adversarial_results_ep300_pre100",FORCE_RERUN="0" adversarial_hpc_submit.pbs </dev/null
[2026-09-12 09:58:28] [OK] InceptionNet/Cifar100/CW/ALL
[2026-09-12 09:58:28] [OK] qsub output: Your job 6508869 ("adversarial_hpc_submit.pbs") has been submitted
[2026-09-12 09:58:28] [SUBMIT] InceptionNet/Cifar100/DeepFool/ALL
[2026-09-12 09:58:28] [CMD] qsub -q all.q -l ngpus=1 -v MODEL="InceptionNet",DATASET="Cifar100",ATTACK="DeepFool",KIND="ALL",PHASE="generate",OUTPUT_DIR="adversarial_results_ep100_pre300",FORCE_RERUN="0" adversarial_hpc_submit.pbs </dev/null
[2026-09-12 09:58:29] [OK] InceptionNet/TinyImageNet/FGSM/ALL
[2026-09-12 09:58:29] [OK] qsub output: Your job 6508870 ("adversarial_hpc_submit.pbs") has been submitted
[2026-09-12 09:58:29] [SUBMIT] InceptionNet/TinyImageNet/IFGSM/ALL
[2026-09-12 09:58:29] [CMD] qsub -q all.q -l ngpus=1 -v MODEL="InceptionNet",DATASET="TinyImageNet",ATTACK="IFGSM",KIND="ALL",PHASE="generate",OUTPUT_DIR="adversarial_results_ep200_pre200",FORCE_RERUN="0" adversarial_hpc_submit.pbs </dev/null
[2026-09-12 09:58:30] [OK] InceptionNet/Cifar100/DeepFool/ALL
[2026-09-12 09:58:31] [OK] qsub output: Your job 6508872 ("adversarial_hpc_submit.pbs") has been submitted
[2026-09-12 09:58:31] [SUBMIT] InceptionNet/TinyImageNet/PGD/ALL
[2026-09-12 09:58:31] [CMD] qsub -q all.q -l ngpus=1 -v MODEL="InceptionNet",DATASET="TinyImageNet",ATTACK="PGD",KIND="ALL",PHASE="generate",OUTPUT_DIR="adversarial_results_ep100_pre300",FORCE_RERUN="0" adversarial_hpc_submit.pbs </dev/null
[2026-09-12 09:58:32] [OK] InceptionNet/TinyImageNet/FGSM/ALL
[2026-09-12 09:58:32] [OK] qsub output: Your job 6508871 ("adversarial_hpc_submit.pbs") has been submitted
[2026-09-12 09:58:32] [SUBMIT] InceptionNet/TinyImageNet/IFGSM/ALL
[2026-09-12 09:58:32] [CMD] qsub -q all.q -l ngpus=1 -v MODEL="InceptionNet",DATASET="TinyImageNet",ATTACK="IFGSM",KIND="ALL",PHASE="generate",OUTPUT_DIR="adversarial_results_ep300_pre100",FORCE_RERUN="0" adversarial_hpc_submit.pbs </dev/null
[2026-09-12 09:58:34] [OK] InceptionNet/TinyImageNet/IFGSM/ALL
[2026-09-12 09:58:34] [OK] qsub output: Your job 6508873 ("adversarial_hpc_submit.pbs") has been submitted
[2026-09-12 09:58:34] [SUBMIT] InceptionNet/TinyImageNet/BIM/ALL
[2026-09-12 09:58:34] [CMD] qsub -q all.q -l ngpus=1 -v MODEL="InceptionNet",DATASET="TinyImageNet",ATTACK="BIM",KIND="ALL",PHASE="generate",OUTPUT_DIR="adversarial_results_ep200_pre200",FORCE_RERUN="0" adversarial_hpc_submit.pbs </dev/null
[2026-09-12 09:58:40] [OK] InceptionNet/TinyImageNet/PGD/ALL
[2026-09-12 09:58:40] [OK] qsub output: Your job 6508874 ("adversarial_hpc_submit.pbs") has been submitted
[2026-09-12 09:58:41] [SUBMIT] InceptionNet/TinyImageNet/FGSM/ALL
[2026-09-12 09:58:41] [CMD] qsub -q all.q -l ngpus=1 -v MODEL="InceptionNet",DATASET="TinyImageNet",ATTACK="FGSM",KIND="ALL",PHASE="generate",OUTPUT_DIR="adversarial_results_ep100_pre300",FORCE_RERUN="0" adversarial_hpc_submit.pbs </dev/null
[2026-09-12 09:58:44] [OK] InceptionNet/TinyImageNet/IFGSM/ALL
[2026-09-12 09:58:44] [OK] qsub output: Your job 6508875 ("adversarial_hpc_submit.pbs") has been submitted
[2026-09-12 09:58:44] [SUBMIT] InceptionNet/TinyImageNet/BIM/ALL
[2026-09-12 09:58:44] [CMD] qsub -q all.q -l ngpus=1 -v MODEL="InceptionNet",DATASET="TinyImageNet",ATTACK="BIM",KIND="ALL",PHASE="generate",OUTPUT_DIR="adversarial_results_ep300_pre100",FORCE_RERUN="0" adversarial_hpc_submit.pbs </dev/null
[2026-09-12 09:58:45] [OK] InceptionNet/TinyImageNet/FGSM/ALL
[2026-09-12 09:58:45] [OK] qsub output: Your job 6508877 ("adversarial_hpc_submit.pbs") has been submitted
[2026-09-12 09:58:45] [SUBMIT] InceptionNet/TinyImageNet/IFGSM/ALL
[2026-09-12 09:58:45] [CMD] qsub -q all.q -l ngpus=1 -v MODEL="InceptionNet",DATASET="TinyImageNet",ATTACK="IFGSM",KIND="ALL",PHASE="generate",OUTPUT_DIR="adversarial_results_ep100_pre300",FORCE_RERUN="0" adversarial_hpc_submit.pbs </dev/null
[2026-09-12 09:58:47] [OK] InceptionNet/TinyImageNet/BIM/ALL
[2026-09-12 09:58:47] [OK] qsub output: Your job 6508876 ("adversarial_hpc_submit.pbs") has been submitted
[2026-09-12 09:58:47] [SUBMIT] InceptionNet/TinyImageNet/APGD/ALL
[2026-09-12 09:58:47] [CMD] qsub -q all.q -l ngpus=1 -v MODEL="InceptionNet",DATASET="TinyImageNet",ATTACK="APGD",KIND="ALL",PHASE="generate",OUTPUT_DIR="adversarial_results_ep200_pre200",FORCE_RERUN="0" adversarial_hpc_submit.pbs </dev/null
[2026-09-12 09:58:52] [OK] InceptionNet/TinyImageNet/BIM/ALL
[2026-09-12 09:58:52] [OK] qsub output: Your job 6508879 ("adversarial_hpc_submit.pbs") has been submitted
[2026-09-12 09:58:52] [SUBMIT] InceptionNet/TinyImageNet/APGD/ALL
[2026-09-12 09:58:52] [CMD] qsub -q all.q -l ngpus=1 -v MODEL="InceptionNet",DATASET="TinyImageNet",ATTACK="APGD",KIND="ALL",PHASE="generate",OUTPUT_DIR="adversarial_results_ep300_pre100",FORCE_RERUN="0" adversarial_hpc_submit.pbs </dev/null
[2026-09-12 09:58:53] [OK] InceptionNet/TinyImageNet/IFGSM/ALL
[2026-09-12 09:58:53] [OK] qsub output: Your job 6508880 ("adversarial_hpc_submit.pbs") has been submitted
[2026-09-12 09:58:53] [SUBMIT] InceptionNet/TinyImageNet/BIM/ALL
[2026-09-12 09:58:53] [CMD] qsub -q all.q -l ngpus=1 -v MODEL="InceptionNet",DATASET="TinyImageNet",ATTACK="BIM",KIND="ALL",PHASE="generate",OUTPUT_DIR="adversarial_results_ep100_pre300",FORCE_RERUN="0" adversarial_hpc_submit.pbs </dev/null
[2026-09-12 09:59:00] [OK] InceptionNet/TinyImageNet/APGD/ALL
[2026-09-12 09:59:00] [OK] qsub output: Your job 6508882 ("adversarial_hpc_submit.pbs") has been submitted
[2026-09-12 09:59:00] [SUBMIT] InceptionNet/TinyImageNet/CW/ALL
[2026-09-12 09:59:00] [CMD] qsub -q all.q -l ngpus=1 -v MODEL="InceptionNet",DATASET="TinyImageNet",ATTACK="CW",KIND="ALL",PHASE="generate",OUTPUT_DIR="adversarial_results_ep300_pre100",FORCE_RERUN="0" adversarial_hpc_submit.pbs </dev/null
[2026-09-12 09:59:02] [OK] InceptionNet/TinyImageNet/APGD/ALL
[2026-09-12 09:59:02] [OK] qsub output: Your job 6508881 ("adversarial_hpc_submit.pbs") has been submitted
[2026-09-12 09:59:02] [SUBMIT] InceptionNet/TinyImageNet/CW/ALL
[2026-09-12 09:59:02] [CMD] qsub -q all.q -l ngpus=1 -v MODEL="InceptionNet",DATASET="TinyImageNet",ATTACK="CW",KIND="ALL",PHASE="generate",OUTPUT_DIR="adversarial_results_ep200_pre200",FORCE_RERUN="0" adversarial_hpc_submit.pbs </dev/null
[2026-09-12 09:59:08] [OK] InceptionNet/TinyImageNet/BIM/ALL
[2026-09-12 09:59:08] [OK] qsub output: Your job 6508883 ("adversarial_hpc_submit.pbs") has been submitted
[2026-09-12 09:59:08] [SUBMIT] InceptionNet/TinyImageNet/APGD/ALL
[2026-09-12 09:59:08] [CMD] qsub -q all.q -l ngpus=1 -v MODEL="InceptionNet",DATASET="TinyImageNet",ATTACK="APGD",KIND="ALL",PHASE="generate",OUTPUT_DIR="adversarial_results_ep100_pre300",FORCE_RERUN="0" adversarial_hpc_submit.pbs </dev/null
[2026-09-12 09:59:10] [OK] InceptionNet/TinyImageNet/CW/ALL
[2026-09-12 09:59:10] [OK] qsub output: Your job 6508884 ("adversarial_hpc_submit.pbs") has been submitted
[2026-09-12 09:59:11] [SUBMIT] InceptionNet/TinyImageNet/DeepFool/ALL
[2026-09-12 09:59:11] [CMD] qsub -q all.q -l ngpus=1 -v MODEL="InceptionNet",DATASET="TinyImageNet",ATTACK="DeepFool",KIND="ALL",PHASE="generate",OUTPUT_DIR="adversarial_results_ep300_pre100",FORCE_RERUN="0" adversarial_hpc_submit.pbs </dev/null
[2026-09-12 09:59:16] [OK] InceptionNet/TinyImageNet/APGD/ALL
[2026-09-12 09:59:16] [OK] qsub output: Your job 6508886 ("adversarial_hpc_submit.pbs") has been submitted
[2026-09-12 09:59:16] [OK] InceptionNet/TinyImageNet/CW/ALL
[2026-09-12 09:59:16] [OK] qsub output: Your job 6508885 ("adversarial_hpc_submit.pbs") has been submitted
[2026-09-12 09:59:17] [SUBMIT] InceptionNet/TinyImageNet/CW/ALL
[2026-09-12 09:59:17] [SUBMIT] InceptionNet/TinyImageNet/DeepFool/ALL
[2026-09-12 09:59:20] [CMD] qsub -q all.q -l ngpus=1 -v MODEL="InceptionNet",DATASET="TinyImageNet",ATTACK="CW",KIND="ALL",PHASE="generate",OUTPUT_DIR="adversarial_results_ep100_pre300",FORCE_RERUN="0" adversarial_hpc_submit.pbs </dev/null
[2026-09-12 09:59:21] [OK] InceptionNet/TinyImageNet/DeepFool/ALL
[2026-09-12 09:59:23] [CMD] qsub -q all.q -l ngpus=1 -v MODEL="InceptionNet",DATASET="TinyImageNet",ATTACK="DeepFool",KIND="ALL",PHASE="generate",OUTPUT_DIR="adversarial_results_ep200_pre200",FORCE_RERUN="0" adversarial_hpc_submit.pbs </dev/null
[2026-09-12 09:59:23] [OK] qsub output: Your job 6508887 ("adversarial_hpc_submit.pbs") has been submitted
[2026-09-12 09:59:24] [SUBMIT] MobileNet/Cifar10/PGD/ALL
[2026-09-12 09:59:24] [CMD] qsub -q all.q -l ngpus=1 -v MODEL="MobileNet",DATASET="Cifar10",ATTACK="PGD",KIND="ALL",PHASE="generate",OUTPUT_DIR="adversarial_results_ep300_pre100",FORCE_RERUN="0" adversarial_hpc_submit.pbs </dev/null
[2026-09-12 09:59:28] [OK] InceptionNet/TinyImageNet/CW/ALL
[2026-09-12 09:59:28] [OK] qsub output: Your job 6508889 ("adversarial_hpc_submit.pbs") has been submitted
[2026-09-12 09:59:29] [SUBMIT] InceptionNet/TinyImageNet/DeepFool/ALL
[2026-09-12 09:59:29] [CMD] qsub -q all.q -l ngpus=1 -v MODEL="InceptionNet",DATASET="TinyImageNet",ATTACK="DeepFool",KIND="ALL",PHASE="generate",OUTPUT_DIR="adversarial_results_ep100_pre300",FORCE_RERUN="0" adversarial_hpc_submit.pbs </dev/null
[2026-09-12 09:59:31] [OK] InceptionNet/TinyImageNet/DeepFool/ALL
[2026-09-12 09:59:31] [OK] qsub output: Your job 6508888 ("adversarial_hpc_submit.pbs") has been submitted
[2026-09-12 09:59:31] [SUBMIT] MobileNet/Cifar10/PGD/ALL
[2026-09-12 09:59:31] [CMD] qsub -q all.q -l ngpus=1 -v MODEL="MobileNet",DATASET="Cifar10",ATTACK="PGD",KIND="ALL",PHASE="generate",OUTPUT_DIR="adversarial_results_ep200_pre200",FORCE_RERUN="0" adversarial_hpc_submit.pbs </dev/null
[2026-09-12 09:59:35] [OK] InceptionNet/TinyImageNet/DeepFool/ALL
[2026-09-12 09:59:35] [OK] qsub output: Your job 6508891 ("adversarial_hpc_submit.pbs") has been submitted
[2026-09-12 09:59:35] [SUBMIT] MobileNet/Cifar10/PGD/ALL
[2026-09-12 09:59:35] [CMD] qsub -q all.q -l ngpus=1 -v MODEL="MobileNet",DATASET="Cifar10",ATTACK="PGD",KIND="ALL",PHASE="generate",OUTPUT_DIR="adversarial_results_ep100_pre300",FORCE_RERUN="0" adversarial_hpc_submit.pbs </dev/null
[2026-09-12 09:59:37] [OK] MobileNet/Cifar10/PGD/ALL
[2026-09-12 09:59:37] [OK] qsub output: Your job 6508890 ("adversarial_hpc_submit.pbs") has been submitted
[2026-09-12 09:59:37] [SUBMIT] MobileNet/Cifar10/FGSM/ALL
[2026-09-12 09:59:37] [CMD] qsub -q all.q -l ngpus=1 -v MODEL="MobileNet",DATASET="Cifar10",ATTACK="FGSM",KIND="ALL",PHASE="generate",OUTPUT_DIR="adversarial_results_ep300_pre100",FORCE_RERUN="0" adversarial_hpc_submit.pbs </dev/null
[2026-09-12 09:59:44] [OK] MobileNet/Cifar10/PGD/ALL
[2026-09-12 09:59:44] [OK] qsub output: Your job 6508892 ("adversarial_hpc_submit.pbs") has been submitted
[2026-09-12 09:59:44] [SUBMIT] MobileNet/Cifar10/FGSM/ALL
[2026-09-12 09:59:44] [CMD] qsub -q all.q -l ngpus=1 -v MODEL="MobileNet",DATASET="Cifar10",ATTACK="FGSM",KIND="ALL",PHASE="generate",OUTPUT_DIR="adversarial_results_ep200_pre200",FORCE_RERUN="0" adversarial_hpc_submit.pbs </dev/null
[2026-09-12 09:59:46] [OK] MobileNet/Cifar10/PGD/ALL
[2026-09-12 09:59:46] [OK] qsub output: Your job 6508893 ("adversarial_hpc_submit.pbs") has been submitted
[2026-09-12 09:59:47] [SUBMIT] MobileNet/Cifar10/FGSM/ALL
[2026-09-12 09:59:47] [CMD] qsub -q all.q -l ngpus=1 -v MODEL="MobileNet",DATASET="Cifar10",ATTACK="FGSM",KIND="ALL",PHASE="generate",OUTPUT_DIR="adversarial_results_ep100_pre300",FORCE_RERUN="0" adversarial_hpc_submit.pbs </dev/null
[2026-09-12 09:59:48] [OK] MobileNet/Cifar10/FGSM/ALL
[2026-09-12 09:59:51] [OK] qsub output: Your job 6508895 ("adversarial_hpc_submit.pbs") has been submitted
[2026-09-12 09:59:51] [SUBMIT] MobileNet/Cifar10/IFGSM/ALL
[2026-09-12 09:59:51] [CMD] qsub -q all.q -l ngpus=1 -v MODEL="MobileNet",DATASET="Cifar10",ATTACK="IFGSM",KIND="ALL",PHASE="generate",OUTPUT_DIR="adversarial_results_ep200_pre200",FORCE_RERUN="0" adversarial_hpc_submit.pbs </dev/null
[2026-09-12 09:59:51] [OK] MobileNet/Cifar10/FGSM/ALL
[2026-09-12 09:59:52] [OK] MobileNet/Cifar10/FGSM/ALL
[2026-09-12 09:59:52] [OK] qsub output: Your job 6508894 ("adversarial_hpc_submit.pbs") has been submitted
[2026-09-12 09:59:52] [OK] qsub output: Your job 6508896 ("adversarial_hpc_submit.pbs") has been submitted
[2026-09-12 09:59:53] [SUBMIT] MobileNet/Cifar10/IFGSM/ALL
[2026-09-12 09:59:53] [CMD] qsub -q all.q -l ngpus=1 -v MODEL="MobileNet",DATASET="Cifar10",ATTACK="IFGSM",KIND="ALL",PHASE="generate",OUTPUT_DIR="adversarial_results_ep300_pre100",FORCE_RERUN="0" adversarial_hpc_submit.pbs </dev/null
[2026-09-12 09:59:53] [SUBMIT] MobileNet/Cifar10/IFGSM/ALL
[2026-09-12 09:59:53] [CMD] qsub -q all.q -l ngpus=1 -v MODEL="MobileNet",DATASET="Cifar10",ATTACK="IFGSM",KIND="ALL",PHASE="generate",OUTPUT_DIR="adversarial_results_ep100_pre300",FORCE_RERUN="0" adversarial_hpc_submit.pbs </dev/null
[2026-09-12 09:59:54] [OK] MobileNet/Cifar10/IFGSM/ALL
[2026-09-12 09:59:54] [OK] qsub output: Your job 6508897 ("adversarial_hpc_submit.pbs") has been submitted
[2026-09-12 09:59:54] [SUBMIT] MobileNet/Cifar10/BIM/ALL
[2026-09-12 09:59:54] [CMD] qsub -q all.q -l ngpus=1 -v MODEL="MobileNet",DATASET="Cifar10",ATTACK="BIM",KIND="ALL",PHASE="generate",OUTPUT_DIR="adversarial_results_ep200_pre200",FORCE_RERUN="0" adversarial_hpc_submit.pbs </dev/null
[2026-09-12 10:00:00] [OK] MobileNet/Cifar10/IFGSM/ALL
[2026-09-12 10:00:00] [OK] qsub output: Your job 6508898 ("adversarial_hpc_submit.pbs") has been submitted
[2026-09-12 10:00:00] [SUBMIT] MobileNet/Cifar10/BIM/ALL
[2026-09-12 10:00:00] [CMD] qsub -q all.q -l ngpus=1 -v MODEL="MobileNet",DATASET="Cifar10",ATTACK="BIM",KIND="ALL",PHASE="generate",OUTPUT_DIR="adversarial_results_ep300_pre100",FORCE_RERUN="0" adversarial_hpc_submit.pbs </dev/null
[2026-09-12 10:00:02] [OK] MobileNet/Cifar10/IFGSM/ALL
[2026-09-12 10:00:02] [OK] qsub output: Your job 6508899 ("adversarial_hpc_submit.pbs") has been submitted
[2026-09-12 10:00:02] [SUBMIT] MobileNet/Cifar10/BIM/ALL
[2026-09-12 10:00:02] [CMD] qsub -q all.q -l ngpus=1 -v MODEL="MobileNet",DATASET="Cifar10",ATTACK="BIM",KIND="ALL",PHASE="generate",OUTPUT_DIR="adversarial_results_ep100_pre300",FORCE_RERUN="0" adversarial_hpc_submit.pbs </dev/null
[2026-09-12 10:00:09] [OK] MobileNet/Cifar10/BIM/ALL
[2026-09-12 10:00:09] [OK] qsub output: Your job 6508901 ("adversarial_hpc_submit.pbs") has been submitted
[2026-09-12 10:00:09] [SUBMIT] MobileNet/Cifar10/APGD/ALL
[2026-09-12 10:00:09] [CMD] qsub -q all.q -l ngpus=1 -v MODEL="MobileNet",DATASET="Cifar10",ATTACK="APGD",KIND="ALL",PHASE="generate",OUTPUT_DIR="adversarial_results_ep300_pre100",FORCE_RERUN="0" adversarial_hpc_submit.pbs </dev/null
[2026-09-12 10:00:10] [OK] MobileNet/Cifar10/BIM/ALL
[2026-09-12 10:00:10] [OK] qsub output: Your job 6508900 ("adversarial_hpc_submit.pbs") has been submitted
[2026-09-12 10:00:10] [SUBMIT] MobileNet/Cifar10/APGD/ALL
[2026-09-12 10:00:10] [CMD] qsub -q all.q -l ngpus=1 -v MODEL="MobileNet",DATASET="Cifar10",ATTACK="APGD",KIND="ALL",PHASE="generate",OUTPUT_DIR="adversarial_results_ep200_pre200",FORCE_RERUN="0" adversarial_hpc_submit.pbs </dev/null
[2026-09-12 10:00:15] [OK] MobileNet/Cifar10/BIM/ALL
[2026-09-12 10:00:15] [OK] qsub output: Your job 6508902 ("adversarial_hpc_submit.pbs") has been submitted
[2026-09-12 10:00:15] [SUBMIT] MobileNet/Cifar10/APGD/ALL
[2026-09-12 10:00:15] [CMD] qsub -q all.q -l ngpus=1 -v MODEL="MobileNet",DATASET="Cifar10",ATTACK="APGD",KIND="ALL",PHASE="generate",OUTPUT_DIR="adversarial_results_ep100_pre300",FORCE_RERUN="0" adversarial_hpc_submit.pbs </dev/null
[2026-09-12 10:00:19] [OK] MobileNet/Cifar10/APGD/ALL
[2026-09-12 10:00:19] [OK] qsub output: Your job 6508903 ("adversarial_hpc_submit.pbs") has been submitted
[2026-09-12 10:00:19] [SUBMIT] MobileNet/Cifar10/CW/ALL
[2026-09-12 10:00:19] [CMD] qsub -q all.q -l ngpus=1 -v MODEL="MobileNet",DATASET="Cifar10",ATTACK="CW",KIND="ALL",PHASE="generate",OUTPUT_DIR="adversarial_results_ep300_pre100",FORCE_RERUN="0" adversarial_hpc_submit.pbs </dev/null
[2026-09-12 10:00:23] [OK] MobileNet/Cifar10/APGD/ALL
[2026-09-12 10:00:25] [OK] qsub output: Your job 6508905 ("adversarial_hpc_submit.pbs") has been submitted
[2026-09-12 10:00:26] [SUBMIT] MobileNet/Cifar10/CW/ALL
[2026-09-12 10:00:26] [CMD] qsub -q all.q -l ngpus=1 -v MODEL="MobileNet",DATASET="Cifar10",ATTACK="CW",KIND="ALL",PHASE="generate",OUTPUT_DIR="adversarial_results_ep200_pre200",FORCE_RERUN="0" adversarial_hpc_submit.pbs </dev/null
[2026-09-12 10:00:29] [OK] MobileNet/Cifar10/APGD/ALL
[2026-09-12 10:00:29] [OK] qsub output: Your job 6508906 ("adversarial_hpc_submit.pbs") has been submitted
[2026-09-12 10:00:29] [SUBMIT] MobileNet/Cifar10/CW/ALL
[2026-09-12 10:00:29] [CMD] qsub -q all.q -l ngpus=1 -v MODEL="MobileNet",DATASET="Cifar10",ATTACK="CW",KIND="ALL",PHASE="generate",OUTPUT_DIR="adversarial_results_ep100_pre300",FORCE_RERUN="0" adversarial_hpc_submit.pbs </dev/null
[2026-09-12 10:00:33] [OK] MobileNet/Cifar10/CW/ALL
[2026-09-12 10:00:33] [OK] qsub output: Your job 6508907 ("adversarial_hpc_submit.pbs") has been submitted
[2026-09-12 10:00:33] [SUBMIT] MobileNet/Cifar10/DeepFool/ALL
[2026-09-12 10:00:33] [CMD] qsub -q all.q -l ngpus=1 -v MODEL="MobileNet",DATASET="Cifar10",ATTACK="DeepFool",KIND="ALL",PHASE="generate",OUTPUT_DIR="adversarial_results_ep300_pre100",FORCE_RERUN="0" adversarial_hpc_submit.pbs </dev/null
[2026-09-12 10:00:37] [OK] MobileNet/Cifar10/CW/ALL
[2026-09-12 10:00:37] [OK] qsub output: Your job 6508908 ("adversarial_hpc_submit.pbs") has been submitted
[2026-09-12 10:00:38] [SUBMIT] MobileNet/Cifar10/DeepFool/ALL
[2026-09-12 10:00:38] [CMD] qsub -q all.q -l ngpus=1 -v MODEL="MobileNet",DATASET="Cifar10",ATTACK="DeepFool",KIND="ALL",PHASE="generate",OUTPUT_DIR="adversarial_results_ep200_pre200",FORCE_RERUN="0" adversarial_hpc_submit.pbs </dev/null
[2026-09-12 10:00:41] [OK] MobileNet/Cifar10/CW/ALL
[2026-09-12 10:00:41] [OK] qsub output: Your job 6508909 ("adversarial_hpc_submit.pbs") has been submitted
[2026-09-12 10:00:41] [SUBMIT] MobileNet/Cifar10/DeepFool/ALL
[2026-09-12 10:00:41] [CMD] qsub -q all.q -l ngpus=1 -v MODEL="MobileNet",DATASET="Cifar10",ATTACK="DeepFool",KIND="ALL",PHASE="generate",OUTPUT_DIR="adversarial_results_ep100_pre300",FORCE_RERUN="0" adversarial_hpc_submit.pbs </dev/null
[2026-09-12 10:00:45] [OK] MobileNet/Cifar10/DeepFool/ALL
[2026-09-12 10:00:45] [OK] qsub output: Your job 6508910 ("adversarial_hpc_submit.pbs") has been submitted
[2026-09-12 10:00:45] [SUBMIT] MobileNet/Cifar100/PGD/ALL
[2026-09-12 10:00:45] [CMD] qsub -q all.q -l ngpus=1 -v MODEL="MobileNet",DATASET="Cifar100",ATTACK="PGD",KIND="ALL",PHASE="generate",OUTPUT_DIR="adversarial_results_ep300_pre100",FORCE_RERUN="0" adversarial_hpc_submit.pbs </dev/null
[2026-09-12 10:00:47] [OK] MobileNet/Cifar10/DeepFool/ALL
[2026-09-12 10:00:49] [OK] MobileNet/Cifar100/PGD/ALL
[2026-09-12 10:00:52] [OK] qsub output: Your job 6508911 ("adversarial_hpc_submit.pbs") has been submitted
[2026-09-12 10:00:52] [OK] qsub output: Your job 6508913 ("adversarial_hpc_submit.pbs") has been submitted
[2026-09-12 10:00:52] [SUBMIT] MobileNet/Cifar100/PGD/ALL
[2026-09-12 10:00:52] [SUBMIT] MobileNet/Cifar100/FGSM/ALL
[2026-09-12 10:00:52] [CMD] qsub -q all.q -l ngpus=1 -v MODEL="MobileNet",DATASET="Cifar100",ATTACK="PGD",KIND="ALL",PHASE="generate",OUTPUT_DIR="adversarial_results_ep200_pre200",FORCE_RERUN="0" adversarial_hpc_submit.pbs </dev/null
[2026-09-12 10:00:53] [OK] MobileNet/Cifar10/DeepFool/ALL
[2026-09-12 10:00:54] [CMD] qsub -q all.q -l ngpus=1 -v MODEL="MobileNet",DATASET="Cifar100",ATTACK="FGSM",KIND="ALL",PHASE="generate",OUTPUT_DIR="adversarial_results_ep300_pre100",FORCE_RERUN="0" adversarial_hpc_submit.pbs </dev/null
[2026-09-12 10:00:57] [OK] qsub output: Your job 6508912 ("adversarial_hpc_submit.pbs") has been submitted
[2026-09-12 10:00:57] [SUBMIT] MobileNet/Cifar100/PGD/ALL
[2026-09-12 10:00:57] [CMD] qsub -q all.q -l ngpus=1 -v MODEL="MobileNet",DATASET="Cifar100",ATTACK="PGD",KIND="ALL",PHASE="generate",OUTPUT_DIR="adversarial_results_ep100_pre300",FORCE_RERUN="0" adversarial_hpc_submit.pbs </dev/null
[2026-09-12 10:01:00] [OK] MobileNet/Cifar100/FGSM/ALL
[2026-09-12 10:01:01] [OK] MobileNet/Cifar100/PGD/ALL
[2026-09-12 10:01:03] [OK] qsub output: Your job 6508915 ("adversarial_hpc_submit.pbs") has been submitted
[2026-09-12 10:01:03] [OK] qsub output: Your job 6508914 ("adversarial_hpc_submit.pbs") has been submitted
[2026-09-12 10:01:04] [SUBMIT] MobileNet/Cifar100/IFGSM/ALL
[2026-09-12 10:01:04] [SUBMIT] MobileNet/Cifar100/FGSM/ALL
[2026-09-12 10:01:04] [CMD] qsub -q all.q -l ngpus=1 -v MODEL="MobileNet",DATASET="Cifar100",ATTACK="IFGSM",KIND="ALL",PHASE="generate",OUTPUT_DIR="adversarial_results_ep300_pre100",FORCE_RERUN="0" adversarial_hpc_submit.pbs </dev/null
[2026-09-12 10:01:04] [CMD] qsub -q all.q -l ngpus=1 -v MODEL="MobileNet",DATASET="Cifar100",ATTACK="FGSM",KIND="ALL",PHASE="generate",OUTPUT_DIR="adversarial_results_ep200_pre200",FORCE_RERUN="0" adversarial_hpc_submit.pbs </dev/null
[2026-09-12 10:01:07] [OK] MobileNet/Cifar100/PGD/ALL
[2026-09-12 10:01:07] [OK] qsub output: Your job 6508916 ("adversarial_hpc_submit.pbs") has been submitted
[2026-09-12 10:01:08] [SUBMIT] MobileNet/Cifar100/FGSM/ALL
[2026-09-12 10:01:08] [CMD] qsub -q all.q -l ngpus=1 -v MODEL="MobileNet",DATASET="Cifar100",ATTACK="FGSM",KIND="ALL",PHASE="generate",OUTPUT_DIR="adversarial_results_ep100_pre300",FORCE_RERUN="0" adversarial_hpc_submit.pbs </dev/null
[2026-09-12 10:01:08] [OK] MobileNet/Cifar100/FGSM/ALL
[2026-09-12 10:01:08] [OK] qsub output: Your job 6508917 ("adversarial_hpc_submit.pbs") has been submitted
[2026-09-12 10:01:08] [SUBMIT] MobileNet/Cifar100/IFGSM/ALL
[2026-09-12 10:01:08] [CMD] qsub -q all.q -l ngpus=1 -v MODEL="MobileNet",DATASET="Cifar100",ATTACK="IFGSM",KIND="ALL",PHASE="generate",OUTPUT_DIR="adversarial_results_ep200_pre200",FORCE_RERUN="0" adversarial_hpc_submit.pbs </dev/null
[2026-09-12 10:01:11] [OK] MobileNet/Cifar100/IFGSM/ALL
[2026-09-12 10:01:12] [OK] qsub output: Your job 6508918 ("adversarial_hpc_submit.pbs") has been submitted
[2026-09-12 10:01:12] [SUBMIT] MobileNet/Cifar100/BIM/ALL
[2026-09-12 10:01:12] [CMD] qsub -q all.q -l ngpus=1 -v MODEL="MobileNet",DATASET="Cifar100",ATTACK="BIM",KIND="ALL",PHASE="generate",OUTPUT_DIR="adversarial_results_ep300_pre100",FORCE_RERUN="0" adversarial_hpc_submit.pbs </dev/null
[2026-09-12 10:01:15] [OK] MobileNet/Cifar100/FGSM/ALL
[2026-09-12 10:01:15] [OK] qsub output: Your job 6508919 ("adversarial_hpc_submit.pbs") has been submitted
[2026-09-12 10:01:15] [SUBMIT] MobileNet/Cifar100/IFGSM/ALL
[2026-09-12 10:01:15] [CMD] qsub -q all.q -l ngpus=1 -v MODEL="MobileNet",DATASET="Cifar100",ATTACK="IFGSM",KIND="ALL",PHASE="generate",OUTPUT_DIR="adversarial_results_ep100_pre300",FORCE_RERUN="0" adversarial_hpc_submit.pbs </dev/null
[2026-09-12 10:01:16] [OK] MobileNet/Cifar100/IFGSM/ALL
[2026-09-12 10:01:16] [OK] qsub output: Your job 6508920 ("adversarial_hpc_submit.pbs") has been submitted
[2026-09-12 10:01:16] [SUBMIT] MobileNet/Cifar100/BIM/ALL
[2026-09-12 10:01:16] [CMD] qsub -q all.q -l ngpus=1 -v MODEL="MobileNet",DATASET="Cifar100",ATTACK="BIM",KIND="ALL",PHASE="generate",OUTPUT_DIR="adversarial_results_ep200_pre200",FORCE_RERUN="0" adversarial_hpc_submit.pbs </dev/null
[2026-09-12 10:01:23] [OK] MobileNet/Cifar100/BIM/ALL
[2026-09-12 10:01:23] [OK] qsub output: Your job 6508921 ("adversarial_hpc_submit.pbs") has been submitted
[2026-09-12 10:01:23] [OK] MobileNet/Cifar100/IFGSM/ALL
[2026-09-12 10:01:23] [OK] qsub output: Your job 6508922 ("adversarial_hpc_submit.pbs") has been submitted
[2026-09-12 10:01:23] [SUBMIT] MobileNet/Cifar100/APGD/ALL
[2026-09-12 10:01:23] [CMD] qsub -q all.q -l ngpus=1 -v MODEL="MobileNet",DATASET="Cifar100",ATTACK="APGD",KIND="ALL",PHASE="generate",OUTPUT_DIR="adversarial_results_ep300_pre100",FORCE_RERUN="0" adversarial_hpc_submit.pbs </dev/null
[2026-09-12 10:01:23] [SUBMIT] MobileNet/Cifar100/BIM/ALL
[2026-09-12 10:01:23] [CMD] qsub -q all.q -l ngpus=1 -v MODEL="MobileNet",DATASET="Cifar100",ATTACK="BIM",KIND="ALL",PHASE="generate",OUTPUT_DIR="adversarial_results_ep100_pre300",FORCE_RERUN="0" adversarial_hpc_submit.pbs </dev/null
[2026-09-12 10:01:25] [OK] MobileNet/Cifar100/BIM/ALL
[2026-09-12 10:01:28] [OK] qsub output: Your job 6508923 ("adversarial_hpc_submit.pbs") has been submitted
[2026-09-12 10:01:28] [SUBMIT] MobileNet/Cifar100/APGD/ALL
[2026-09-12 10:01:28] [CMD] qsub -q all.q -l ngpus=1 -v MODEL="MobileNet",DATASET="Cifar100",ATTACK="APGD",KIND="ALL",PHASE="generate",OUTPUT_DIR="adversarial_results_ep200_pre200",FORCE_RERUN="0" adversarial_hpc_submit.pbs </dev/null
[2026-09-12 10:01:29] [OK] MobileNet/Cifar100/APGD/ALL
[2026-09-12 10:01:32] [OK] qsub output: Your job 6508924 ("adversarial_hpc_submit.pbs") has been submitted
[2026-09-12 10:01:32] [OK] MobileNet/Cifar100/BIM/ALL
[2026-09-12 10:01:32] [OK] MobileNet/Cifar100/APGD/ALL
[2026-09-12 10:01:35] [SUBMIT] MobileNet/Cifar100/CW/ALL
[2026-09-12 10:01:37] [OK] qsub output: Your job 6508925 ("adversarial_hpc_submit.pbs") has been submitted
[2026-09-12 10:01:37] [OK] qsub output: Your job 6508926 ("adversarial_hpc_submit.pbs") has been submitted
[2026-09-12 10:01:37] [CMD] qsub -q all.q -l ngpus=1 -v MODEL="MobileNet",DATASET="Cifar100",ATTACK="CW",KIND="ALL",PHASE="generate",OUTPUT_DIR="adversarial_results_ep300_pre100",FORCE_RERUN="0" adversarial_hpc_submit.pbs </dev/null
[2026-09-12 10:01:37] [SUBMIT] MobileNet/Cifar100/APGD/ALL
[2026-09-12 10:01:37] [SUBMIT] MobileNet/Cifar100/CW/ALL
[2026-09-12 10:01:37] [CMD] qsub -q all.q -l ngpus=1 -v MODEL="MobileNet",DATASET="Cifar100",ATTACK="APGD",KIND="ALL",PHASE="generate",OUTPUT_DIR="adversarial_results_ep100_pre300",FORCE_RERUN="0" adversarial_hpc_submit.pbs </dev/null
[2026-09-12 10:01:37] [CMD] qsub -q all.q -l ngpus=1 -v MODEL="MobileNet",DATASET="Cifar100",ATTACK="CW",KIND="ALL",PHASE="generate",OUTPUT_DIR="adversarial_results_ep200_pre200",FORCE_RERUN="0" adversarial_hpc_submit.pbs </dev/null
[2026-09-12 10:01:42] [OK] MobileNet/Cifar100/APGD/ALL
[2026-09-12 10:01:45] [OK] MobileNet/Cifar100/CW/ALL
[2026-09-12 10:01:48] [OK] qsub output: Your job 6508928 ("adversarial_hpc_submit.pbs") has been submitted
[2026-09-12 10:01:49] [OK] qsub output: Your job 6508927 ("adversarial_hpc_submit.pbs") has been submitted
[2026-09-12 10:01:49] [SUBMIT] MobileNet/Cifar100/CW/ALL
[2026-09-12 10:01:49] [SUBMIT] MobileNet/Cifar100/DeepFool/ALL
[2026-09-12 10:01:49] [CMD] qsub -q all.q -l ngpus=1 -v MODEL="MobileNet",DATASET="Cifar100",ATTACK="CW",KIND="ALL",PHASE="generate",OUTPUT_DIR="adversarial_results_ep100_pre300",FORCE_RERUN="0" adversarial_hpc_submit.pbs </dev/null
[2026-09-12 10:01:49] [CMD] qsub -q all.q -l ngpus=1 -v MODEL="MobileNet",DATASET="Cifar100",ATTACK="DeepFool",KIND="ALL",PHASE="generate",OUTPUT_DIR="adversarial_results_ep300_pre100",FORCE_RERUN="0" adversarial_hpc_submit.pbs </dev/null
[2026-09-12 10:01:51] [OK] MobileNet/Cifar100/CW/ALL
[2026-09-12 10:01:52] [OK] qsub output: Your job 6508929 ("adversarial_hpc_submit.pbs") has been submitted
[2026-09-12 10:01:53] [SUBMIT] MobileNet/Cifar100/DeepFool/ALL
[2026-09-12 10:01:53] [CMD] qsub -q all.q -l ngpus=1 -v MODEL="MobileNet",DATASET="Cifar100",ATTACK="DeepFool",KIND="ALL",PHASE="generate",OUTPUT_DIR="adversarial_results_ep200_pre200",FORCE_RERUN="0" adversarial_hpc_submit.pbs </dev/null
[2026-09-12 10:01:56] [OK] MobileNet/Cifar100/DeepFool/ALL
[2026-09-12 10:01:56] [OK] qsub output: Your job 6508931 ("adversarial_hpc_submit.pbs") has been submitted
[2026-09-12 10:01:56] [SUBMIT] MobileNet/TinyImageNet/PGD/ALL
[2026-09-12 10:01:57] [CMD] qsub -q all.q -l ngpus=1 -v MODEL="MobileNet",DATASET="TinyImageNet",ATTACK="PGD",KIND="ALL",PHASE="generate",OUTPUT_DIR="adversarial_results_ep300_pre100",FORCE_RERUN="0" adversarial_hpc_submit.pbs </dev/null
[2026-09-12 10:01:57] [OK] MobileNet/Cifar100/CW/ALL
[2026-09-12 10:01:57] [OK] qsub output: Your job 6508930 ("adversarial_hpc_submit.pbs") has been submitted
[2026-09-12 10:01:57] [SUBMIT] MobileNet/Cifar100/DeepFool/ALL
[2026-09-12 10:01:57] [CMD] qsub -q all.q -l ngpus=1 -v MODEL="MobileNet",DATASET="Cifar100",ATTACK="DeepFool",KIND="ALL",PHASE="generate",OUTPUT_DIR="adversarial_results_ep100_pre300",FORCE_RERUN="0" adversarial_hpc_submit.pbs </dev/null
[2026-09-12 10:01:58] [OK] MobileNet/Cifar100/DeepFool/ALL
[2026-09-12 10:01:58] [OK] qsub output: Your job 6508932 ("adversarial_hpc_submit.pbs") has been submitted
[2026-09-12 10:01:59] [SUBMIT] MobileNet/TinyImageNet/PGD/ALL
[2026-09-12 10:01:59] [CMD] qsub -q all.q -l ngpus=1 -v MODEL="MobileNet",DATASET="TinyImageNet",ATTACK="PGD",KIND="ALL",PHASE="generate",OUTPUT_DIR="adversarial_results_ep200_pre200",FORCE_RERUN="0" adversarial_hpc_submit.pbs </dev/null
[2026-09-12 10:02:00] [OK] MobileNet/TinyImageNet/PGD/ALL
[2026-09-12 10:02:00] [OK] qsub output: Your job 6508933 ("adversarial_hpc_submit.pbs") has been submitted
[2026-09-12 10:02:00] [SUBMIT] MobileNet/TinyImageNet/FGSM/ALL
[2026-09-12 10:02:00] [CMD] qsub -q all.q -l ngpus=1 -v MODEL="MobileNet",DATASET="TinyImageNet",ATTACK="FGSM",KIND="ALL",PHASE="generate",OUTPUT_DIR="adversarial_results_ep300_pre100",FORCE_RERUN="0" adversarial_hpc_submit.pbs </dev/null
[2026-09-12 10:02:04] [OK] MobileNet/Cifar100/DeepFool/ALL
[2026-09-12 10:02:04] [OK] qsub output: Your job 6508934 ("adversarial_hpc_submit.pbs") has been submitted
[2026-09-12 10:02:04] [SUBMIT] MobileNet/TinyImageNet/PGD/ALL
[2026-09-12 10:02:04] [CMD] qsub -q all.q -l ngpus=1 -v MODEL="MobileNet",DATASET="TinyImageNet",ATTACK="PGD",KIND="ALL",PHASE="generate",OUTPUT_DIR="adversarial_results_ep100_pre300",FORCE_RERUN="0" adversarial_hpc_submit.pbs </dev/null
[2026-09-12 10:02:05] [OK] MobileNet/TinyImageNet/PGD/ALL
[2026-09-12 10:02:06] [OK] qsub output: Your job 6508935 ("adversarial_hpc_submit.pbs") has been submitted
[2026-09-12 10:02:07] [SUBMIT] MobileNet/TinyImageNet/FGSM/ALL
[2026-09-12 10:02:07] [CMD] qsub -q all.q -l ngpus=1 -v MODEL="MobileNet",DATASET="TinyImageNet",ATTACK="FGSM",KIND="ALL",PHASE="generate",OUTPUT_DIR="adversarial_results_ep200_pre200",FORCE_RERUN="0" adversarial_hpc_submit.pbs </dev/null
[2026-09-12 10:02:11] [OK] MobileNet/TinyImageNet/FGSM/ALL
[2026-09-12 10:02:11] [OK] qsub output: Your job 6508936 ("adversarial_hpc_submit.pbs") has been submitted
[2026-09-12 10:02:11] [SUBMIT] MobileNet/TinyImageNet/IFGSM/ALL
[2026-09-12 10:02:11] [CMD] qsub -q all.q -l ngpus=1 -v MODEL="MobileNet",DATASET="TinyImageNet",ATTACK="IFGSM",KIND="ALL",PHASE="generate",OUTPUT_DIR="adversarial_results_ep300_pre100",FORCE_RERUN="0" adversarial_hpc_submit.pbs </dev/null
[2026-09-12 10:02:11] [OK] MobileNet/TinyImageNet/PGD/ALL
[2026-09-12 10:02:11] [OK] qsub output: Your job 6508937 ("adversarial_hpc_submit.pbs") has been submitted
[2026-09-12 10:02:11] [SUBMIT] MobileNet/TinyImageNet/FGSM/ALL
[2026-09-12 10:02:11] [CMD] qsub -q all.q -l ngpus=1 -v MODEL="MobileNet",DATASET="TinyImageNet",ATTACK="FGSM",KIND="ALL",PHASE="generate",OUTPUT_DIR="adversarial_results_ep100_pre300",FORCE_RERUN="0" adversarial_hpc_submit.pbs </dev/null
[2026-09-12 10:02:15] [OK] MobileNet/TinyImageNet/FGSM/ALL
[2026-09-12 10:02:15] [OK] qsub output: Your job 6508938 ("adversarial_hpc_submit.pbs") has been submitted
[2026-09-12 10:02:15] [SUBMIT] MobileNet/TinyImageNet/IFGSM/ALL
[2026-09-12 10:02:15] [CMD] qsub -q all.q -l ngpus=1 -v MODEL="MobileNet",DATASET="TinyImageNet",ATTACK="IFGSM",KIND="ALL",PHASE="generate",OUTPUT_DIR="adversarial_results_ep200_pre200",FORCE_RERUN="0" adversarial_hpc_submit.pbs </dev/null
[2026-09-12 10:02:18] [OK] MobileNet/TinyImageNet/FGSM/ALL
[2026-09-12 10:02:18] [OK] qsub output: Your job 6508940 ("adversarial_hpc_submit.pbs") has been submitted
[2026-09-12 10:02:18] [SUBMIT] MobileNet/TinyImageNet/IFGSM/ALL
[2026-09-12 10:02:18] [CMD] qsub -q all.q -l ngpus=1 -v MODEL="MobileNet",DATASET="TinyImageNet",ATTACK="IFGSM",KIND="ALL",PHASE="generate",OUTPUT_DIR="adversarial_results_ep100_pre300",FORCE_RERUN="0" adversarial_hpc_submit.pbs </dev/null
[2026-09-12 10:02:20] [OK] MobileNet/TinyImageNet/IFGSM/ALL
[2026-09-12 10:02:22] [OK] qsub output: Your job 6508939 ("adversarial_hpc_submit.pbs") has been submitted
[2026-09-12 10:02:22] [SUBMIT] MobileNet/TinyImageNet/BIM/ALL
[2026-09-12 10:02:22] [CMD] qsub -q all.q -l ngpus=1 -v MODEL="MobileNet",DATASET="TinyImageNet",ATTACK="BIM",KIND="ALL",PHASE="generate",OUTPUT_DIR="adversarial_results_ep300_pre100",FORCE_RERUN="0" adversarial_hpc_submit.pbs </dev/null
[2026-09-12 10:02:23] [OK] MobileNet/TinyImageNet/IFGSM/ALL
[2026-09-12 10:02:23] [OK] qsub output: Your job 6508941 ("adversarial_hpc_submit.pbs") has been submitted
[2026-09-12 10:02:23] [SUBMIT] MobileNet/TinyImageNet/BIM/ALL
[2026-09-12 10:02:23] [CMD] qsub -q all.q -l ngpus=1 -v MODEL="MobileNet",DATASET="TinyImageNet",ATTACK="BIM",KIND="ALL",PHASE="generate",OUTPUT_DIR="adversarial_results_ep200_pre200",FORCE_RERUN="0" adversarial_hpc_submit.pbs </dev/null
[2026-09-12 10:02:26] [OK] MobileNet/TinyImageNet/BIM/ALL
[2026-09-12 10:02:26] [OK] qsub output: Your job 6508943 ("adversarial_hpc_submit.pbs") has been submitted
[2026-09-12 10:02:27] [SUBMIT] MobileNet/TinyImageNet/APGD/ALL
[2026-09-12 10:02:27] [CMD] qsub -q all.q -l ngpus=1 -v MODEL="MobileNet",DATASET="TinyImageNet",ATTACK="APGD",KIND="ALL",PHASE="generate",OUTPUT_DIR="adversarial_results_ep300_pre100",FORCE_RERUN="0" adversarial_hpc_submit.pbs </dev/null
[2026-09-12 10:02:30] [OK] MobileNet/TinyImageNet/IFGSM/ALL
[2026-09-12 10:02:30] [OK] qsub output: Your job 6508942 ("adversarial_hpc_submit.pbs") has been submitted
[2026-09-12 10:02:30] [SUBMIT] MobileNet/TinyImageNet/BIM/ALL
[2026-09-12 10:02:30] [CMD] qsub -q all.q -l ngpus=1 -v MODEL="MobileNet",DATASET="TinyImageNet",ATTACK="BIM",KIND="ALL",PHASE="generate",OUTPUT_DIR="adversarial_results_ep100_pre300",FORCE_RERUN="0" adversarial_hpc_submit.pbs </dev/null
[2026-09-12 10:02:30] [OK] MobileNet/TinyImageNet/BIM/ALL
[2026-09-12 10:02:31] [OK] qsub output: Your job 6508944 ("adversarial_hpc_submit.pbs") has been submitted
[2026-09-12 10:02:31] [SUBMIT] MobileNet/TinyImageNet/APGD/ALL
[2026-09-12 10:02:31] [CMD] qsub -q all.q -l ngpus=1 -v MODEL="MobileNet",DATASET="TinyImageNet",ATTACK="APGD",KIND="ALL",PHASE="generate",OUTPUT_DIR="adversarial_results_ep200_pre200",FORCE_RERUN="0" adversarial_hpc_submit.pbs </dev/null
[2026-09-12 10:02:35] [OK] MobileNet/TinyImageNet/APGD/ALL
[2026-09-12 10:02:35] [OK] qsub output: Your job 6508945 ("adversarial_hpc_submit.pbs") has been submitted
[2026-09-12 10:02:35] [SUBMIT] MobileNet/TinyImageNet/CW/ALL
[2026-09-12 10:02:35] [CMD] qsub -q all.q -l ngpus=1 -v MODEL="MobileNet",DATASET="TinyImageNet",ATTACK="CW",KIND="ALL",PHASE="generate",OUTPUT_DIR="adversarial_results_ep300_pre100",FORCE_RERUN="0" adversarial_hpc_submit.pbs </dev/null
[2026-09-12 10:02:36] [OK] MobileNet/TinyImageNet/APGD/ALL
[2026-09-12 10:02:37] [OK] MobileNet/TinyImageNet/BIM/ALL
[2026-09-12 10:02:37] [OK] qsub output: Your job 6508947 ("adversarial_hpc_submit.pbs") has been submitted
[2026-09-12 10:02:37] [OK] qsub output: Your job 6508946 ("adversarial_hpc_submit.pbs") has been submitted
[2026-09-12 10:02:37] [SUBMIT] MobileNet/TinyImageNet/CW/ALL
[2026-09-12 10:02:37] [CMD] qsub -q all.q -l ngpus=1 -v MODEL="MobileNet",DATASET="TinyImageNet",ATTACK="CW",KIND="ALL",PHASE="generate",OUTPUT_DIR="adversarial_results_ep200_pre200",FORCE_RERUN="0" adversarial_hpc_submit.pbs </dev/null
[2026-09-12 10:02:37] [SUBMIT] MobileNet/TinyImageNet/APGD/ALL
[2026-09-12 10:02:37] [CMD] qsub -q all.q -l ngpus=1 -v MODEL="MobileNet",DATASET="TinyImageNet",ATTACK="APGD",KIND="ALL",PHASE="generate",OUTPUT_DIR="adversarial_results_ep100_pre300",FORCE_RERUN="0" adversarial_hpc_submit.pbs </dev/null
[2026-09-12 10:02:41] [OK] MobileNet/TinyImageNet/CW/ALL
[2026-09-12 10:02:41] [OK] qsub output: Your job 6508948 ("adversarial_hpc_submit.pbs") has been submitted
[2026-09-12 10:02:41] [SUBMIT] MobileNet/TinyImageNet/DeepFool/ALL
[2026-09-12 10:02:41] [CMD] qsub -q all.q -l ngpus=1 -v MODEL="MobileNet",DATASET="TinyImageNet",ATTACK="DeepFool",KIND="ALL",PHASE="generate",OUTPUT_DIR="adversarial_results_ep300_pre100",FORCE_RERUN="0" adversarial_hpc_submit.pbs </dev/null
[2026-09-12 10:02:44] [OK] MobileNet/TinyImageNet/CW/ALL
[2026-09-12 10:02:44] [OK] qsub output: Your job 6508949 ("adversarial_hpc_submit.pbs") has been submitted
[2026-09-12 10:02:44] [SUBMIT] MobileNet/TinyImageNet/DeepFool/ALL
[2026-09-12 10:02:44] [CMD] qsub -q all.q -l ngpus=1 -v MODEL="MobileNet",DATASET="TinyImageNet",ATTACK="DeepFool",KIND="ALL",PHASE="generate",OUTPUT_DIR="adversarial_results_ep200_pre200",FORCE_RERUN="0" adversarial_hpc_submit.pbs </dev/null
[2026-09-12 10:02:50] [OK] MobileNet/TinyImageNet/APGD/ALL
[2026-09-12 10:02:50] [OK] qsub output: Your job 6508950 ("adversarial_hpc_submit.pbs") has been submitted
[2026-09-12 10:02:50] [SUBMIT] MobileNet/TinyImageNet/CW/ALL
[2026-09-12 10:02:50] [CMD] qsub -q all.q -l ngpus=1 -v MODEL="MobileNet",DATASET="TinyImageNet",ATTACK="CW",KIND="ALL",PHASE="generate",OUTPUT_DIR="adversarial_results_ep100_pre300",FORCE_RERUN="0" adversarial_hpc_submit.pbs </dev/null
[2026-09-12 10:02:54] [OK] MobileNet/TinyImageNet/DeepFool/ALL
[2026-09-12 10:02:54] [OK] qsub output: Your job 6508951 ("adversarial_hpc_submit.pbs") has been submitted
[2026-09-12 10:02:54] [SUBMIT] XceptionNet/Cifar10/PGD/ALL
[2026-09-12 10:02:54] [CMD] qsub -q all.q -l ngpus=1 -v MODEL="XceptionNet",DATASET="Cifar10",ATTACK="PGD",KIND="ALL",PHASE="generate",OUTPUT_DIR="adversarial_results_ep300_pre100",FORCE_RERUN="0" adversarial_hpc_submit.pbs </dev/null
[2026-09-12 10:02:56] [OK] MobileNet/TinyImageNet/CW/ALL
[2026-09-12 10:02:59] [OK] MobileNet/TinyImageNet/DeepFool/ALL
[2026-09-12 10:02:59] [OK] qsub output: Your job 6508953 ("adversarial_hpc_submit.pbs") has been submitted
[2026-09-12 10:02:59] [OK] qsub output: Your job 6508952 ("adversarial_hpc_submit.pbs") has been submitted
[2026-09-12 10:02:59] [SUBMIT] MobileNet/TinyImageNet/DeepFool/ALL
[2026-09-12 10:02:59] [SUBMIT] XceptionNet/Cifar10/PGD/ALL
[2026-09-12 10:02:59] [CMD] qsub -q all.q -l ngpus=1 -v MODEL="MobileNet",DATASET="TinyImageNet",ATTACK="DeepFool",KIND="ALL",PHASE="generate",OUTPUT_DIR="adversarial_results_ep100_pre300",FORCE_RERUN="0" adversarial_hpc_submit.pbs </dev/null
[2026-09-12 10:02:59] [CMD] qsub -q all.q -l ngpus=1 -v MODEL="XceptionNet",DATASET="Cifar10",ATTACK="PGD",KIND="ALL",PHASE="generate",OUTPUT_DIR="adversarial_results_ep200_pre200",FORCE_RERUN="0" adversarial_hpc_submit.pbs </dev/null
[2026-09-12 10:03:04] [OK] XceptionNet/Cifar10/PGD/ALL
[2026-09-12 10:03:05] [OK] MobileNet/TinyImageNet/DeepFool/ALL
[2026-09-12 10:03:08] [OK] qsub output: Your job 6508954 ("adversarial_hpc_submit.pbs") has been submitted
[2026-09-12 10:03:11] [OK] qsub output: Your job 6508955 ("adversarial_hpc_submit.pbs") has been submitted
[2026-09-12 10:03:11] [SUBMIT] XceptionNet/Cifar10/FGSM/ALL
[2026-09-12 10:03:11] [SUBMIT] XceptionNet/Cifar10/PGD/ALL
[2026-09-12 10:03:11] [CMD] qsub -q all.q -l ngpus=1 -v MODEL="XceptionNet",DATASET="Cifar10",ATTACK="FGSM",KIND="ALL",PHASE="generate",OUTPUT_DIR="adversarial_results_ep300_pre100",FORCE_RERUN="0" adversarial_hpc_submit.pbs </dev/null
[2026-09-12 10:03:11] [CMD] qsub -q all.q -l ngpus=1 -v MODEL="XceptionNet",DATASET="Cifar10",ATTACK="PGD",KIND="ALL",PHASE="generate",OUTPUT_DIR="adversarial_results_ep100_pre300",FORCE_RERUN="0" adversarial_hpc_submit.pbs </dev/null
[2026-09-12 10:03:12] [OK] XceptionNet/Cifar10/PGD/ALL
[2026-09-12 10:03:13] [OK] qsub output: Your job 6508956 ("adversarial_hpc_submit.pbs") has been submitted
[2026-09-12 10:03:13] [SUBMIT] XceptionNet/Cifar10/FGSM/ALL
[2026-09-12 10:03:13] [CMD] qsub -q all.q -l ngpus=1 -v MODEL="XceptionNet",DATASET="Cifar10",ATTACK="FGSM",KIND="ALL",PHASE="generate",OUTPUT_DIR="adversarial_results_ep200_pre200",FORCE_RERUN="0" adversarial_hpc_submit.pbs </dev/null
[2026-09-12 10:03:15] [OK] XceptionNet/Cifar10/FGSM/ALL
[2026-09-12 10:03:16] [OK] XceptionNet/Cifar10/PGD/ALL
[2026-09-12 10:03:18] [OK] qsub output: Your job 6508959 ("adversarial_hpc_submit.pbs") has been submitted
[2026-09-12 10:03:19] [OK] qsub output: Your job 6508960 ("adversarial_hpc_submit.pbs") has been submitted
[2026-09-12 10:03:19] [SUBMIT] XceptionNet/Cifar10/IFGSM/ALL
[2026-09-12 10:03:19] [CMD] qsub -q all.q -l ngpus=1 -v MODEL="XceptionNet",DATASET="Cifar10",ATTACK="IFGSM",KIND="ALL",PHASE="generate",OUTPUT_DIR="adversarial_results_ep300_pre100",FORCE_RERUN="0" adversarial_hpc_submit.pbs </dev/null
[2026-09-12 10:03:19] [SUBMIT] XceptionNet/Cifar10/FGSM/ALL
[2026-09-12 10:03:20] [CMD] qsub -q all.q -l ngpus=1 -v MODEL="XceptionNet",DATASET="Cifar10",ATTACK="FGSM",KIND="ALL",PHASE="generate",OUTPUT_DIR="adversarial_results_ep100_pre300",FORCE_RERUN="0" adversarial_hpc_submit.pbs </dev/null
[2026-09-12 10:03:20] [OK] XceptionNet/Cifar10/FGSM/ALL
[2026-09-12 10:03:20] [OK] qsub output: Your job 6508961 ("adversarial_hpc_submit.pbs") has been submitted
[2026-09-12 10:03:20] [SUBMIT] XceptionNet/Cifar10/IFGSM/ALL
[2026-09-12 10:03:20] [CMD] qsub -q all.q -l ngpus=1 -v MODEL="XceptionNet",DATASET="Cifar10",ATTACK="IFGSM",KIND="ALL",PHASE="generate",OUTPUT_DIR="adversarial_results_ep200_pre200",FORCE_RERUN="0" adversarial_hpc_submit.pbs </dev/null
[2026-09-12 10:03:26] [OK] XceptionNet/Cifar10/IFGSM/ALL
[2026-09-12 10:03:26] [OK] qsub output: Your job 6508963 ("adversarial_hpc_submit.pbs") has been submitted
[2026-09-12 10:03:26] [SUBMIT] XceptionNet/Cifar10/BIM/ALL
[2026-09-12 10:03:26] [CMD] qsub -q all.q -l ngpus=1 -v MODEL="XceptionNet",DATASET="Cifar10",ATTACK="BIM",KIND="ALL",PHASE="generate",OUTPUT_DIR="adversarial_results_ep300_pre100",FORCE_RERUN="0" adversarial_hpc_submit.pbs </dev/null
[2026-09-12 10:03:35] [OK] XceptionNet/Cifar10/FGSM/ALL
[2026-09-12 10:03:35] [OK] qsub output: Your job 6508964 ("adversarial_hpc_submit.pbs") has been submitted
[2026-09-12 10:03:35] [OK] XceptionNet/Cifar10/IFGSM/ALL
[2026-09-12 10:03:35] [OK] qsub output: Your job 6508965 ("adversarial_hpc_submit.pbs") has been submitted
[2026-09-12 10:03:35] [SUBMIT] XceptionNet/Cifar10/IFGSM/ALL
[2026-09-12 10:03:35] [CMD] qsub -q all.q -l ngpus=1 -v MODEL="XceptionNet",DATASET="Cifar10",ATTACK="IFGSM",KIND="ALL",PHASE="generate",OUTPUT_DIR="adversarial_results_ep100_pre300",FORCE_RERUN="0" adversarial_hpc_submit.pbs </dev/null
[2026-09-12 10:03:35] [SUBMIT] XceptionNet/Cifar10/BIM/ALL
[2026-09-12 10:03:35] [CMD] qsub -q all.q -l ngpus=1 -v MODEL="XceptionNet",DATASET="Cifar10",ATTACK="BIM",KIND="ALL",PHASE="generate",OUTPUT_DIR="adversarial_results_ep200_pre200",FORCE_RERUN="0" adversarial_hpc_submit.pbs </dev/null
[2026-09-12 10:03:42] [OK] XceptionNet/Cifar10/BIM/ALL
[2026-09-12 10:03:42] [OK] qsub output: Your job 6508967 ("adversarial_hpc_submit.pbs") has been submitted
[2026-09-12 10:03:43] [SUBMIT] XceptionNet/Cifar10/APGD/ALL
[2026-09-12 10:03:43] [CMD] qsub -q all.q -l ngpus=1 -v MODEL="XceptionNet",DATASET="Cifar10",ATTACK="APGD",KIND="ALL",PHASE="generate",OUTPUT_DIR="adversarial_results_ep300_pre100",FORCE_RERUN="0" adversarial_hpc_submit.pbs </dev/null
[2026-09-12 10:03:45] [OK] XceptionNet/Cifar10/IFGSM/ALL
[2026-09-12 10:03:45] [OK] qsub output: Your job 6508968 ("adversarial_hpc_submit.pbs") has been submitted
[2026-09-12 10:03:45] [SUBMIT] XceptionNet/Cifar10/BIM/ALL
[2026-09-12 10:03:45] [CMD] qsub -q all.q -l ngpus=1 -v MODEL="XceptionNet",DATASET="Cifar10",ATTACK="BIM",KIND="ALL",PHASE="generate",OUTPUT_DIR="adversarial_results_ep100_pre300",FORCE_RERUN="0" adversarial_hpc_submit.pbs </dev/null
[2026-09-12 10:03:46] [OK] XceptionNet/Cifar10/BIM/ALL
[2026-09-12 10:03:46] [OK] qsub output: Your job 6508969 ("adversarial_hpc_submit.pbs") has been submitted
[2026-09-12 10:03:46] [SUBMIT] XceptionNet/Cifar10/APGD/ALL
[2026-09-12 10:03:46] [CMD] qsub -q all.q -l ngpus=1 -v MODEL="XceptionNet",DATASET="Cifar10",ATTACK="APGD",KIND="ALL",PHASE="generate",OUTPUT_DIR="adversarial_results_ep200_pre200",FORCE_RERUN="0" adversarial_hpc_submit.pbs </dev/null
[2026-09-12 10:03:48] [OK] XceptionNet/Cifar10/APGD/ALL
[2026-09-12 10:03:48] [OK] qsub output: Your job 6508971 ("adversarial_hpc_submit.pbs") has been submitted
[2026-09-12 10:03:48] [SUBMIT] XceptionNet/Cifar10/CW/ALL
[2026-09-12 10:03:48] [CMD] qsub -q all.q -l ngpus=1 -v MODEL="XceptionNet",DATASET="Cifar10",ATTACK="CW",KIND="ALL",PHASE="generate",OUTPUT_DIR="adversarial_results_ep300_pre100",FORCE_RERUN="0" adversarial_hpc_submit.pbs </dev/null
[2026-09-12 10:03:53] [OK] XceptionNet/Cifar10/APGD/ALL
[2026-09-12 10:03:53] [OK] qsub output: Your job 6508973 ("adversarial_hpc_submit.pbs") has been submitted
[2026-09-12 10:03:53] [SUBMIT] XceptionNet/Cifar10/CW/ALL
[2026-09-12 10:03:53] [CMD] qsub -q all.q -l ngpus=1 -v MODEL="XceptionNet",DATASET="Cifar10",ATTACK="CW",KIND="ALL",PHASE="generate",OUTPUT_DIR="adversarial_results_ep200_pre200",FORCE_RERUN="0" adversarial_hpc_submit.pbs </dev/null
[2026-09-12 10:03:54] [OK] XceptionNet/Cifar10/BIM/ALL
[2026-09-12 10:03:54] [OK] qsub output: Your job 6508972 ("adversarial_hpc_submit.pbs") has been submitted
[2026-09-12 10:03:55] [SUBMIT] XceptionNet/Cifar10/APGD/ALL
[2026-09-12 10:03:55] [CMD] qsub -q all.q -l ngpus=1 -v MODEL="XceptionNet",DATASET="Cifar10",ATTACK="APGD",KIND="ALL",PHASE="generate",OUTPUT_DIR="adversarial_results_ep100_pre300",FORCE_RERUN="0" adversarial_hpc_submit.pbs </dev/null
[2026-09-12 10:04:00] [OK] XceptionNet/Cifar10/CW/ALL
[2026-09-12 10:04:00] [OK] qsub output: Your job 6508975 ("adversarial_hpc_submit.pbs") has been submitted
[2026-09-12 10:04:00] [SUBMIT] XceptionNet/Cifar10/DeepFool/ALL
[2026-09-12 10:04:00] [CMD] qsub -q all.q -l ngpus=1 -v MODEL="XceptionNet",DATASET="Cifar10",ATTACK="DeepFool",KIND="ALL",PHASE="generate",OUTPUT_DIR="adversarial_results_ep300_pre100",FORCE_RERUN="0" adversarial_hpc_submit.pbs </dev/null
[2026-09-12 10:04:02] [OK] XceptionNet/Cifar10/APGD/ALL
[2026-09-12 10:04:02] [OK] qsub output: Your job 6508977 ("adversarial_hpc_submit.pbs") has been submitted
[2026-09-12 10:04:02] [SUBMIT] XceptionNet/Cifar10/CW/ALL
[2026-09-12 10:04:02] [CMD] qsub -q all.q -l ngpus=1 -v MODEL="XceptionNet",DATASET="Cifar10",ATTACK="CW",KIND="ALL",PHASE="generate",OUTPUT_DIR="adversarial_results_ep100_pre300",FORCE_RERUN="0" adversarial_hpc_submit.pbs </dev/null
[2026-09-12 10:04:03] [OK] XceptionNet/Cifar10/CW/ALL
[2026-09-12 10:04:03] [OK] qsub output: Your job 6508976 ("adversarial_hpc_submit.pbs") has been submitted
[2026-09-12 10:04:03] [SUBMIT] XceptionNet/Cifar10/DeepFool/ALL
[2026-09-12 10:04:03] [CMD] qsub -q all.q -l ngpus=1 -v MODEL="XceptionNet",DATASET="Cifar10",ATTACK="DeepFool",KIND="ALL",PHASE="generate",OUTPUT_DIR="adversarial_results_ep200_pre200",FORCE_RERUN="0" adversarial_hpc_submit.pbs </dev/null
[2026-09-12 10:04:11] [OK] XceptionNet/Cifar10/DeepFool/ALL
[2026-09-12 10:04:12] [OK] qsub output: Your job 6508979 ("adversarial_hpc_submit.pbs") has been submitted
[2026-09-12 10:04:12] [SUBMIT] XceptionNet/Cifar100/PGD/ALL
[2026-09-12 10:04:12] [CMD] qsub -q all.q -l ngpus=1 -v MODEL="XceptionNet",DATASET="Cifar100",ATTACK="PGD",KIND="ALL",PHASE="generate",OUTPUT_DIR="adversarial_results_ep300_pre100",FORCE_RERUN="0" adversarial_hpc_submit.pbs </dev/null
[2026-09-12 10:04:13] [OK] XceptionNet/Cifar10/CW/ALL
[2026-09-12 10:04:13] [OK] qsub output: Your job 6508981 ("adversarial_hpc_submit.pbs") has been submitted
[2026-09-12 10:04:13] [SUBMIT] XceptionNet/Cifar10/DeepFool/ALL
[2026-09-12 10:04:13] [CMD] qsub -q all.q -l ngpus=1 -v MODEL="XceptionNet",DATASET="Cifar10",ATTACK="DeepFool",KIND="ALL",PHASE="generate",OUTPUT_DIR="adversarial_results_ep100_pre300",FORCE_RERUN="0" adversarial_hpc_submit.pbs </dev/null
[2026-09-12 10:04:19] [OK] XceptionNet/Cifar10/DeepFool/ALL
[2026-09-12 10:04:19] [OK] qsub output: Your job 6508982 ("adversarial_hpc_submit.pbs") has been submitted
[2026-09-12 10:04:19] [SUBMIT] XceptionNet/Cifar100/PGD/ALL
[2026-09-12 10:04:19] [CMD] qsub -q all.q -l ngpus=1 -v MODEL="XceptionNet",DATASET="Cifar100",ATTACK="PGD",KIND="ALL",PHASE="generate",OUTPUT_DIR="adversarial_results_ep200_pre200",FORCE_RERUN="0" adversarial_hpc_submit.pbs </dev/null
[2026-09-12 10:04:19] [OK] XceptionNet/Cifar100/PGD/ALL
[2026-09-12 10:04:21] [OK] qsub output: Your job 6508983 ("adversarial_hpc_submit.pbs") has been submitted
[2026-09-12 10:04:21] [SUBMIT] XceptionNet/Cifar100/FGSM/ALL
[2026-09-12 10:04:21] [CMD] qsub -q all.q -l ngpus=1 -v MODEL="XceptionNet",DATASET="Cifar100",ATTACK="FGSM",KIND="ALL",PHASE="generate",OUTPUT_DIR="adversarial_results_ep300_pre100",FORCE_RERUN="0" adversarial_hpc_submit.pbs </dev/null
[2026-09-12 10:04:26] [OK] XceptionNet/Cifar10/DeepFool/ALL
[2026-09-12 10:04:29] [OK] XceptionNet/Cifar100/PGD/ALL
[2026-09-12 10:04:31] [OK] XceptionNet/Cifar100/FGSM/ALL
[2026-09-12 10:04:38] [OK] qsub output: Your job 6508984 ("adversarial_hpc_submit.pbs") has been submitted
[2026-09-12 10:04:39] [OK] qsub output: Your job 6508986 ("adversarial_hpc_submit.pbs") has been submitted
[2026-09-12 10:04:39] [OK] qsub output: Your job 6508987 ("adversarial_hpc_submit.pbs") has been submitted
[2026-09-12 10:04:39] [SUBMIT] XceptionNet/Cifar100/PGD/ALL
[2026-09-12 10:04:39] [SUBMIT] XceptionNet/Cifar100/FGSM/ALL
[2026-09-12 10:04:39] [SUBMIT] XceptionNet/Cifar100/IFGSM/ALL
[2026-09-12 10:04:39] [CMD] qsub -q all.q -l ngpus=1 -v MODEL="XceptionNet",DATASET="Cifar100",ATTACK="PGD",KIND="ALL",PHASE="generate",OUTPUT_DIR="adversarial_results_ep100_pre300",FORCE_RERUN="0" adversarial_hpc_submit.pbs </dev/null
[2026-09-12 10:04:40] [CMD] qsub -q all.q -l ngpus=1 -v MODEL="XceptionNet",DATASET="Cifar100",ATTACK="FGSM",KIND="ALL",PHASE="generate",OUTPUT_DIR="adversarial_results_ep200_pre200",FORCE_RERUN="0" adversarial_hpc_submit.pbs </dev/null
[2026-09-12 10:04:41] [CMD] qsub -q all.q -l ngpus=1 -v MODEL="XceptionNet",DATASET="Cifar100",ATTACK="IFGSM",KIND="ALL",PHASE="generate",OUTPUT_DIR="adversarial_results_ep300_pre100",FORCE_RERUN="0" adversarial_hpc_submit.pbs </dev/null
[2026-09-12 10:04:49] [OK] XceptionNet/Cifar100/FGSM/ALL
[2026-09-12 10:04:49] [OK] qsub output: Your job 6508991 ("adversarial_hpc_submit.pbs") has been submitted
[2026-09-12 10:04:49] [SUBMIT] XceptionNet/Cifar100/IFGSM/ALL
[2026-09-12 10:04:49] [CMD] qsub -q all.q -l ngpus=1 -v MODEL="XceptionNet",DATASET="Cifar100",ATTACK="IFGSM",KIND="ALL",PHASE="generate",OUTPUT_DIR="adversarial_results_ep200_pre200",FORCE_RERUN="0" adversarial_hpc_submit.pbs </dev/null
[2026-09-12 10:04:50] [OK] XceptionNet/Cifar100/PGD/ALL
[2026-09-12 10:04:54] [OK] qsub output: Your job 6508990 ("adversarial_hpc_submit.pbs") has been submitted
[2026-09-12 10:04:54] [OK] XceptionNet/Cifar100/IFGSM/ALL
[2026-09-12 10:05:00] [OK] XceptionNet/Cifar100/IFGSM/ALL
[2026-09-12 10:05:01] [SUBMIT] XceptionNet/Cifar100/FGSM/ALL
[2026-09-12 10:05:01] [OK] qsub output: Your job 6508992 ("adversarial_hpc_submit.pbs") has been submitted
[2026-09-12 10:05:01] [OK] qsub output: Your job 6508993 ("adversarial_hpc_submit.pbs") has been submitted
[2026-09-12 10:05:03] [CMD] qsub -q all.q -l ngpus=1 -v MODEL="XceptionNet",DATASET="Cifar100",ATTACK="FGSM",KIND="ALL",PHASE="generate",OUTPUT_DIR="adversarial_results_ep100_pre300",FORCE_RERUN="0" adversarial_hpc_submit.pbs </dev/null
[2026-09-12 10:05:03] [SUBMIT] XceptionNet/Cifar100/BIM/ALL
[2026-09-12 10:05:03] [SUBMIT] XceptionNet/Cifar100/BIM/ALL
[2026-09-12 10:05:03] [CMD] qsub -q all.q -l ngpus=1 -v MODEL="XceptionNet",DATASET="Cifar100",ATTACK="BIM",KIND="ALL",PHASE="generate",OUTPUT_DIR="adversarial_results_ep300_pre100",FORCE_RERUN="0" adversarial_hpc_submit.pbs </dev/null
[2026-09-12 10:05:03] [CMD] qsub -q all.q -l ngpus=1 -v MODEL="XceptionNet",DATASET="Cifar100",ATTACK="BIM",KIND="ALL",PHASE="generate",OUTPUT_DIR="adversarial_results_ep200_pre200",FORCE_RERUN="0" adversarial_hpc_submit.pbs </dev/null
[2026-09-12 10:05:06] [OK] XceptionNet/Cifar100/FGSM/ALL
[2026-09-12 10:05:06] [OK] qsub output: Your job 6508994 ("adversarial_hpc_submit.pbs") has been submitted
[2026-09-12 10:05:07] [SUBMIT] XceptionNet/Cifar100/IFGSM/ALL
[2026-09-12 10:05:07] [CMD] qsub -q all.q -l ngpus=1 -v MODEL="XceptionNet",DATASET="Cifar100",ATTACK="IFGSM",KIND="ALL",PHASE="generate",OUTPUT_DIR="adversarial_results_ep100_pre300",FORCE_RERUN="0" adversarial_hpc_submit.pbs </dev/null
[2026-09-12 10:05:09] [OK] XceptionNet/Cifar100/BIM/ALL
[2026-09-12 10:05:09] [OK] qsub output: Your job 6508995 ("adversarial_hpc_submit.pbs") has been submitted
[2026-09-12 10:05:09] [SUBMIT] XceptionNet/Cifar100/APGD/ALL
[2026-09-12 10:05:09] [CMD] qsub -q all.q -l ngpus=1 -v MODEL="XceptionNet",DATASET="Cifar100",ATTACK="APGD",KIND="ALL",PHASE="generate",OUTPUT_DIR="adversarial_results_ep300_pre100",FORCE_RERUN="0" adversarial_hpc_submit.pbs </dev/null
[2026-09-12 10:05:13] [OK] XceptionNet/Cifar100/BIM/ALL
[2026-09-12 10:05:13] [OK] qsub output: Your job 6508996 ("adversarial_hpc_submit.pbs") has been submitted
[2026-09-12 10:05:13] [SUBMIT] XceptionNet/Cifar100/APGD/ALL
[2026-09-12 10:05:13] [CMD] qsub -q all.q -l ngpus=1 -v MODEL="XceptionNet",DATASET="Cifar100",ATTACK="APGD",KIND="ALL",PHASE="generate",OUTPUT_DIR="adversarial_results_ep200_pre200",FORCE_RERUN="0" adversarial_hpc_submit.pbs </dev/null
[2026-09-12 10:05:18] [OK] XceptionNet/Cifar100/IFGSM/ALL
[2026-09-12 10:05:19] [OK] qsub output: Your job 6508998 ("adversarial_hpc_submit.pbs") has been submitted
[2026-09-12 10:05:19] [SUBMIT] XceptionNet/Cifar100/BIM/ALL
[2026-09-12 10:05:19] [CMD] qsub -q all.q -l ngpus=1 -v MODEL="XceptionNet",DATASET="Cifar100",ATTACK="BIM",KIND="ALL",PHASE="generate",OUTPUT_DIR="adversarial_results_ep100_pre300",FORCE_RERUN="0" adversarial_hpc_submit.pbs </dev/null
[2026-09-12 10:05:21] [OK] XceptionNet/Cifar100/APGD/ALL
[2026-09-12 10:05:21] [OK] XceptionNet/Cifar100/APGD/ALL
[2026-09-12 10:05:21] [OK] qsub output: Your job 6509000 ("adversarial_hpc_submit.pbs") has been submitted
[2026-09-12 10:05:21] [OK] qsub output: Your job 6508999 ("adversarial_hpc_submit.pbs") has been submitted
[2026-09-12 10:05:22] [SUBMIT] XceptionNet/Cifar100/CW/ALL
[2026-09-12 10:05:22] [SUBMIT] XceptionNet/Cifar100/CW/ALL
[2026-09-12 10:05:22] [CMD] qsub -q all.q -l ngpus=1 -v MODEL="XceptionNet",DATASET="Cifar100",ATTACK="CW",KIND="ALL",PHASE="generate",OUTPUT_DIR="adversarial_results_ep200_pre200",FORCE_RERUN="0" adversarial_hpc_submit.pbs </dev/null
[2026-09-12 10:05:22] [CMD] qsub -q all.q -l ngpus=1 -v MODEL="XceptionNet",DATASET="Cifar100",ATTACK="CW",KIND="ALL",PHASE="generate",OUTPUT_DIR="adversarial_results_ep300_pre100",FORCE_RERUN="0" adversarial_hpc_submit.pbs </dev/null
[2026-09-12 10:05:23] [OK] XceptionNet/Cifar100/CW/ALL
[2026-09-12 10:05:23] [OK] qsub output: Your job 6509002 ("adversarial_hpc_submit.pbs") has been submitted
[2026-09-12 10:05:23] [SUBMIT] XceptionNet/Cifar100/DeepFool/ALL
[2026-09-12 10:05:23] [CMD] qsub -q all.q -l ngpus=1 -v MODEL="XceptionNet",DATASET="Cifar100",ATTACK="DeepFool",KIND="ALL",PHASE="generate",OUTPUT_DIR="adversarial_results_ep200_pre200",FORCE_RERUN="0" adversarial_hpc_submit.pbs </dev/null
[2026-09-12 10:05:26] [OK] XceptionNet/Cifar100/CW/ALL
[2026-09-12 10:05:26] [OK] qsub output: Your job 6509003 ("adversarial_hpc_submit.pbs") has been submitted
[2026-09-12 10:05:26] [SUBMIT] XceptionNet/Cifar100/DeepFool/ALL
[2026-09-12 10:05:26] [CMD] qsub -q all.q -l ngpus=1 -v MODEL="XceptionNet",DATASET="Cifar100",ATTACK="DeepFool",KIND="ALL",PHASE="generate",OUTPUT_DIR="adversarial_results_ep300_pre100",FORCE_RERUN="0" adversarial_hpc_submit.pbs </dev/null
[2026-09-12 10:05:29] [OK] XceptionNet/Cifar100/BIM/ALL
[2026-09-12 10:05:29] [OK] qsub output: Your job 6509001 ("adversarial_hpc_submit.pbs") has been submitted
[2026-09-12 10:05:29] [SUBMIT] XceptionNet/Cifar100/APGD/ALL
[2026-09-12 10:05:29] [CMD] qsub -q all.q -l ngpus=1 -v MODEL="XceptionNet",DATASET="Cifar100",ATTACK="APGD",KIND="ALL",PHASE="generate",OUTPUT_DIR="adversarial_results_ep100_pre300",FORCE_RERUN="0" adversarial_hpc_submit.pbs </dev/null
[2026-09-12 10:05:30] [OK] XceptionNet/Cifar100/DeepFool/ALL
[2026-09-12 10:05:30] [OK] qsub output: Your job 6509004 ("adversarial_hpc_submit.pbs") has been submitted
[2026-09-12 10:05:30] [SUBMIT] XceptionNet/TinyImageNet/PGD/ALL
[2026-09-12 10:05:30] [CMD] qsub -q all.q -l ngpus=1 -v MODEL="XceptionNet",DATASET="TinyImageNet",ATTACK="PGD",KIND="ALL",PHASE="generate",OUTPUT_DIR="adversarial_results_ep200_pre200",FORCE_RERUN="0" adversarial_hpc_submit.pbs </dev/null
[2026-09-12 10:05:37] [OK] XceptionNet/Cifar100/APGD/ALL
[2026-09-12 10:05:37] [OK] qsub output: Your job 6509008 ("adversarial_hpc_submit.pbs") has been submitted
[2026-09-12 10:05:37] [SUBMIT] XceptionNet/Cifar100/CW/ALL
[2026-09-12 10:05:37] [CMD] qsub -q all.q -l ngpus=1 -v MODEL="XceptionNet",DATASET="Cifar100",ATTACK="CW",KIND="ALL",PHASE="generate",OUTPUT_DIR="adversarial_results_ep100_pre300",FORCE_RERUN="0" adversarial_hpc_submit.pbs </dev/null
[2026-09-12 10:05:38] [OK] XceptionNet/Cifar100/DeepFool/ALL
[2026-09-12 10:05:38] [OK] qsub output: Your job 6509006 ("adversarial_hpc_submit.pbs") has been submitted
[2026-09-12 10:05:38] [SUBMIT] XceptionNet/TinyImageNet/PGD/ALL
[2026-09-12 10:05:38] [CMD] qsub -q all.q -l ngpus=1 -v MODEL="XceptionNet",DATASET="TinyImageNet",ATTACK="PGD",KIND="ALL",PHASE="generate",OUTPUT_DIR="adversarial_results_ep300_pre100",FORCE_RERUN="0" adversarial_hpc_submit.pbs </dev/null
[2026-09-12 10:05:41] [OK] XceptionNet/TinyImageNet/PGD/ALL
[2026-09-12 10:05:41] [OK] qsub output: Your job 6509009 ("adversarial_hpc_submit.pbs") has been submitted
[2026-09-12 10:05:41] [SUBMIT] XceptionNet/TinyImageNet/FGSM/ALL
[2026-09-12 10:05:41] [CMD] qsub -q all.q -l ngpus=1 -v MODEL="XceptionNet",DATASET="TinyImageNet",ATTACK="FGSM",KIND="ALL",PHASE="generate",OUTPUT_DIR="adversarial_results_ep200_pre200",FORCE_RERUN="0" adversarial_hpc_submit.pbs </dev/null
[2026-09-12 10:05:51] [OK] XceptionNet/Cifar100/CW/ALL
[2026-09-12 10:05:51] [OK] qsub output: Your job 6509011 ("adversarial_hpc_submit.pbs") has been submitted
[2026-09-12 10:05:51] [SUBMIT] XceptionNet/Cifar100/DeepFool/ALL
[2026-09-12 10:05:51] [CMD] qsub -q all.q -l ngpus=1 -v MODEL="XceptionNet",DATASET="Cifar100",ATTACK="DeepFool",KIND="ALL",PHASE="generate",OUTPUT_DIR="adversarial_results_ep100_pre300",FORCE_RERUN="0" adversarial_hpc_submit.pbs </dev/null
[2026-09-12 10:05:52] [OK] XceptionNet/TinyImageNet/PGD/ALL
[2026-09-12 10:05:52] [OK] qsub output: Your job 6509012 ("adversarial_hpc_submit.pbs") has been submitted
[2026-09-12 10:05:52] [SUBMIT] XceptionNet/TinyImageNet/FGSM/ALL
[2026-09-12 10:05:52] [CMD] qsub -q all.q -l ngpus=1 -v MODEL="XceptionNet",DATASET="TinyImageNet",ATTACK="FGSM",KIND="ALL",PHASE="generate",OUTPUT_DIR="adversarial_results_ep300_pre100",FORCE_RERUN="0" adversarial_hpc_submit.pbs </dev/null
[2026-09-12 10:05:56] [OK] XceptionNet/TinyImageNet/FGSM/ALL
[2026-09-12 10:05:57] [OK] qsub output: Your job 6509013 ("adversarial_hpc_submit.pbs") has been submitted
[2026-09-12 10:05:57] [SUBMIT] XceptionNet/TinyImageNet/IFGSM/ALL
[2026-09-12 10:05:57] [CMD] qsub -q all.q -l ngpus=1 -v MODEL="XceptionNet",DATASET="TinyImageNet",ATTACK="IFGSM",KIND="ALL",PHASE="generate",OUTPUT_DIR="adversarial_results_ep200_pre200",FORCE_RERUN="0" adversarial_hpc_submit.pbs </dev/null
[2026-09-12 10:06:05] [OK] XceptionNet/Cifar100/DeepFool/ALL
[2026-09-12 10:06:05] [OK] qsub output: Your job 6509015 ("adversarial_hpc_submit.pbs") has been submitted
[2026-09-12 10:06:05] [SUBMIT] XceptionNet/TinyImageNet/PGD/ALL
[2026-09-12 10:06:06] [CMD] qsub -q all.q -l ngpus=1 -v MODEL="XceptionNet",DATASET="TinyImageNet",ATTACK="PGD",KIND="ALL",PHASE="generate",OUTPUT_DIR="adversarial_results_ep100_pre300",FORCE_RERUN="0" adversarial_hpc_submit.pbs </dev/null
[2026-09-12 10:06:08] [OK] XceptionNet/TinyImageNet/FGSM/ALL
[2026-09-12 10:06:08] [OK] qsub output: Your job 6509016 ("adversarial_hpc_submit.pbs") has been submitted
[2026-09-12 10:06:08] [SUBMIT] XceptionNet/TinyImageNet/IFGSM/ALL
[2026-09-12 10:06:08] [CMD] qsub -q all.q -l ngpus=1 -v MODEL="XceptionNet",DATASET="TinyImageNet",ATTACK="IFGSM",KIND="ALL",PHASE="generate",OUTPUT_DIR="adversarial_results_ep300_pre100",FORCE_RERUN="0" adversarial_hpc_submit.pbs </dev/null
[2026-09-12 10:06:15] [OK] XceptionNet/TinyImageNet/IFGSM/ALL
[2026-09-12 10:06:15] [OK] qsub output: Your job 6509017 ("adversarial_hpc_submit.pbs") has been submitted
[2026-09-12 10:06:15] [SUBMIT] XceptionNet/TinyImageNet/BIM/ALL
[2026-09-12 10:06:16] [CMD] qsub -q all.q -l ngpus=1 -v MODEL="XceptionNet",DATASET="TinyImageNet",ATTACK="BIM",KIND="ALL",PHASE="generate",OUTPUT_DIR="adversarial_results_ep200_pre200",FORCE_RERUN="0" adversarial_hpc_submit.pbs </dev/null
[2026-09-12 10:06:19] [OK] XceptionNet/TinyImageNet/IFGSM/ALL
[2026-09-12 10:06:19] [OK] qsub output: Your job 6509020 ("adversarial_hpc_submit.pbs") has been submitted
[2026-09-12 10:06:19] [SUBMIT] XceptionNet/TinyImageNet/BIM/ALL
[2026-09-12 10:06:19] [CMD] qsub -q all.q -l ngpus=1 -v MODEL="XceptionNet",DATASET="TinyImageNet",ATTACK="BIM",KIND="ALL",PHASE="generate",OUTPUT_DIR="adversarial_results_ep300_pre100",FORCE_RERUN="0" adversarial_hpc_submit.pbs </dev/null
[2026-09-12 10:06:24] [OK] XceptionNet/TinyImageNet/PGD/ALL
[2026-09-12 10:06:24] [OK] qsub output: Your job 6509019 ("adversarial_hpc_submit.pbs") has been submitted
[2026-09-12 10:06:24] [SUBMIT] XceptionNet/TinyImageNet/FGSM/ALL
[2026-09-12 10:06:24] [CMD] qsub -q all.q -l ngpus=1 -v MODEL="XceptionNet",DATASET="TinyImageNet",ATTACK="FGSM",KIND="ALL",PHASE="generate",OUTPUT_DIR="adversarial_results_ep100_pre300",FORCE_RERUN="0" adversarial_hpc_submit.pbs </dev/null
[2026-09-12 10:06:25] [OK] XceptionNet/TinyImageNet/BIM/ALL
[2026-09-12 10:06:25] [OK] qsub output: Your job 6509021 ("adversarial_hpc_submit.pbs") has been submitted
[2026-09-12 10:06:25] [SUBMIT] XceptionNet/TinyImageNet/APGD/ALL
[2026-09-12 10:06:25] [CMD] qsub -q all.q -l ngpus=1 -v MODEL="XceptionNet",DATASET="TinyImageNet",ATTACK="APGD",KIND="ALL",PHASE="generate",OUTPUT_DIR="adversarial_results_ep200_pre200",FORCE_RERUN="0" adversarial_hpc_submit.pbs </dev/null
[2026-09-12 10:06:33] [OK] XceptionNet/TinyImageNet/BIM/ALL
[2026-09-12 10:06:33] [OK] qsub output: Your job 6509022 ("adversarial_hpc_submit.pbs") has been submitted
[2026-09-12 10:06:33] [OK] XceptionNet/TinyImageNet/FGSM/ALL
[2026-09-12 10:06:33] [OK] qsub output: Your job 6509023 ("adversarial_hpc_submit.pbs") has been submitted
[2026-09-12 10:06:33] [SUBMIT] XceptionNet/TinyImageNet/APGD/ALL
[2026-09-12 10:06:33] [CMD] qsub -q all.q -l ngpus=1 -v MODEL="XceptionNet",DATASET="TinyImageNet",ATTACK="APGD",KIND="ALL",PHASE="generate",OUTPUT_DIR="adversarial_results_ep300_pre100",FORCE_RERUN="0" adversarial_hpc_submit.pbs </dev/null
[2026-09-12 10:06:33] [SUBMIT] XceptionNet/TinyImageNet/IFGSM/ALL
[2026-09-12 10:06:34] [CMD] qsub -q all.q -l ngpus=1 -v MODEL="XceptionNet",DATASET="TinyImageNet",ATTACK="IFGSM",KIND="ALL",PHASE="generate",OUTPUT_DIR="adversarial_results_ep100_pre300",FORCE_RERUN="0" adversarial_hpc_submit.pbs </dev/null
[2026-09-12 10:06:38] [OK] XceptionNet/TinyImageNet/APGD/ALL
[2026-09-12 10:06:38] [OK] qsub output: Your job 6509024 ("adversarial_hpc_submit.pbs") has been submitted
[2026-09-12 10:06:38] [SUBMIT] XceptionNet/TinyImageNet/CW/ALL
[2026-09-12 10:06:38] [CMD] qsub -q all.q -l ngpus=1 -v MODEL="XceptionNet",DATASET="TinyImageNet",ATTACK="CW",KIND="ALL",PHASE="generate",OUTPUT_DIR="adversarial_results_ep200_pre200",FORCE_RERUN="0" adversarial_hpc_submit.pbs </dev/null
[2026-09-12 10:06:39] [OK] XceptionNet/TinyImageNet/APGD/ALL
[2026-09-12 10:06:39] [OK] qsub output: Your job 6509025 ("adversarial_hpc_submit.pbs") has been submitted
[2026-09-12 10:06:40] [SUBMIT] XceptionNet/TinyImageNet/CW/ALL
[2026-09-12 10:06:40] [CMD] qsub -q all.q -l ngpus=1 -v MODEL="XceptionNet",DATASET="TinyImageNet",ATTACK="CW",KIND="ALL",PHASE="generate",OUTPUT_DIR="adversarial_results_ep300_pre100",FORCE_RERUN="0" adversarial_hpc_submit.pbs </dev/null
[2026-09-12 10:06:41] [OK] XceptionNet/TinyImageNet/IFGSM/ALL
[2026-09-12 10:06:41] [OK] qsub output: Your job 6509026 ("adversarial_hpc_submit.pbs") has been submitted
[2026-09-12 10:06:41] [SUBMIT] XceptionNet/TinyImageNet/BIM/ALL
[2026-09-12 10:06:41] [CMD] qsub -q all.q -l ngpus=1 -v MODEL="XceptionNet",DATASET="TinyImageNet",ATTACK="BIM",KIND="ALL",PHASE="generate",OUTPUT_DIR="adversarial_results_ep100_pre300",FORCE_RERUN="0" adversarial_hpc_submit.pbs </dev/null
[2026-09-12 10:06:43] [OK] XceptionNet/TinyImageNet/CW/ALL
[2026-09-12 10:06:43] [OK] qsub output: Your job 6509027 ("adversarial_hpc_submit.pbs") has been submitted
[2026-09-12 10:06:44] [SUBMIT] XceptionNet/TinyImageNet/DeepFool/ALL
[2026-09-12 10:06:44] [CMD] qsub -q all.q -l ngpus=1 -v MODEL="XceptionNet",DATASET="TinyImageNet",ATTACK="DeepFool",KIND="ALL",PHASE="generate",OUTPUT_DIR="adversarial_results_ep200_pre200",FORCE_RERUN="0" adversarial_hpc_submit.pbs </dev/null
[2026-09-12 10:06:48] [OK] XceptionNet/TinyImageNet/CW/ALL
[2026-09-12 10:06:49] [OK] qsub output: Your job 6509028 ("adversarial_hpc_submit.pbs") has been submitted
[2026-09-12 10:06:49] [SUBMIT] XceptionNet/TinyImageNet/DeepFool/ALL
[2026-09-12 10:06:49] [CMD] qsub -q all.q -l ngpus=1 -v MODEL="XceptionNet",DATASET="TinyImageNet",ATTACK="DeepFool",KIND="ALL",PHASE="generate",OUTPUT_DIR="adversarial_results_ep300_pre100",FORCE_RERUN="0" adversarial_hpc_submit.pbs </dev/null
[2026-09-12 10:06:53] [OK] XceptionNet/TinyImageNet/BIM/ALL
[2026-09-12 10:06:53] [OK] qsub output: Your job 6509029 ("adversarial_hpc_submit.pbs") has been submitted
[2026-09-12 10:06:53] [SUBMIT] XceptionNet/TinyImageNet/APGD/ALL
[2026-09-12 10:06:53] [CMD] qsub -q all.q -l ngpus=1 -v MODEL="XceptionNet",DATASET="TinyImageNet",ATTACK="APGD",KIND="ALL",PHASE="generate",OUTPUT_DIR="adversarial_results_ep100_pre300",FORCE_RERUN="0" adversarial_hpc_submit.pbs </dev/null
[2026-09-12 10:06:56] [OK] XceptionNet/TinyImageNet/DeepFool/ALL
[2026-09-12 10:06:57] [OK] qsub output: Your job 6509030 ("adversarial_hpc_submit.pbs") has been submitted
[2026-09-12 10:06:57] [SUBMIT] ConvNeXt/Cifar10/PGD/ALL
[2026-09-12 10:06:57] [CMD] qsub -q all.q -l ngpus=1 -v MODEL="ConvNeXt",DATASET="Cifar10",ATTACK="PGD",KIND="ALL",PHASE="generate",OUTPUT_DIR="adversarial_results_ep200_pre200",FORCE_RERUN="0" adversarial_hpc_submit.pbs </dev/null
[2026-09-12 10:06:59] [OK] XceptionNet/TinyImageNet/APGD/ALL
[2026-09-12 10:06:59] [OK] qsub output: Your job 6509032 ("adversarial_hpc_submit.pbs") has been submitted
[2026-09-12 10:06:59] [SUBMIT] XceptionNet/TinyImageNet/CW/ALL
[2026-09-12 10:06:59] [CMD] qsub -q all.q -l ngpus=1 -v MODEL="XceptionNet",DATASET="TinyImageNet",ATTACK="CW",KIND="ALL",PHASE="generate",OUTPUT_DIR="adversarial_results_ep100_pre300",FORCE_RERUN="0" adversarial_hpc_submit.pbs </dev/null
[2026-09-12 10:06:59] [OK] XceptionNet/TinyImageNet/DeepFool/ALL
[2026-09-12 10:06:59] [OK] qsub output: Your job 6509031 ("adversarial_hpc_submit.pbs") has been submitted
[2026-09-12 10:06:59] [SUBMIT] ConvNeXt/Cifar10/PGD/ALL
[2026-09-12 10:06:59] [CMD] qsub -q all.q -l ngpus=1 -v MODEL="ConvNeXt",DATASET="Cifar10",ATTACK="PGD",KIND="ALL",PHASE="generate",OUTPUT_DIR="adversarial_results_ep300_pre100",FORCE_RERUN="0" adversarial_hpc_submit.pbs </dev/null
[2026-09-12 10:07:04] [OK] ConvNeXt/Cifar10/PGD/ALL
[2026-09-12 10:07:05] [OK] qsub output: Your job 6509033 ("adversarial_hpc_submit.pbs") has been submitted
[2026-09-12 10:07:05] [SUBMIT] ConvNeXt/Cifar10/FGSM/ALL
[2026-09-12 10:07:05] [CMD] qsub -q all.q -l ngpus=1 -v MODEL="ConvNeXt",DATASET="Cifar10",ATTACK="FGSM",KIND="ALL",PHASE="generate",OUTPUT_DIR="adversarial_results_ep200_pre200",FORCE_RERUN="0" adversarial_hpc_submit.pbs </dev/null
[2026-09-12 10:07:06] [OK] XceptionNet/TinyImageNet/CW/ALL
[2026-09-12 10:07:06] [OK] qsub output: Your job 6509034 ("adversarial_hpc_submit.pbs") has been submitted
[2026-09-12 10:07:06] [SUBMIT] XceptionNet/TinyImageNet/DeepFool/ALL
[2026-09-12 10:07:06] [CMD] qsub -q all.q -l ngpus=1 -v MODEL="XceptionNet",DATASET="TinyImageNet",ATTACK="DeepFool",KIND="ALL",PHASE="generate",OUTPUT_DIR="adversarial_results_ep100_pre300",FORCE_RERUN="0" adversarial_hpc_submit.pbs </dev/null
[2026-09-12 10:07:08] [OK] ConvNeXt/Cifar10/PGD/ALL
[2026-09-12 10:07:10] [OK] qsub output: Your job 6509035 ("adversarial_hpc_submit.pbs") has been submitted
[2026-09-12 10:07:10] [SUBMIT] ConvNeXt/Cifar10/FGSM/ALL
[2026-09-12 10:07:10] [CMD] qsub -q all.q -l ngpus=1 -v MODEL="ConvNeXt",DATASET="Cifar10",ATTACK="FGSM",KIND="ALL",PHASE="generate",OUTPUT_DIR="adversarial_results_ep300_pre100",FORCE_RERUN="0" adversarial_hpc_submit.pbs </dev/null
[2026-09-12 10:07:13] [OK] XceptionNet/TinyImageNet/DeepFool/ALL
[2026-09-12 10:07:13] [OK] qsub output: Your job 6509037 ("adversarial_hpc_submit.pbs") has been submitted
[2026-09-12 10:07:13] [SUBMIT] ConvNeXt/Cifar10/PGD/ALL
[2026-09-12 10:07:13] [CMD] qsub -q all.q -l ngpus=1 -v MODEL="ConvNeXt",DATASET="Cifar10",ATTACK="PGD",KIND="ALL",PHASE="generate",OUTPUT_DIR="adversarial_results_ep100_pre300",FORCE_RERUN="0" adversarial_hpc_submit.pbs </dev/null
[2026-09-12 10:07:16] [OK] ConvNeXt/Cifar10/FGSM/ALL
[2026-09-12 10:07:16] [OK] qsub output: Your job 6509036 ("adversarial_hpc_submit.pbs") has been submitted
[2026-09-12 10:07:16] [SUBMIT] ConvNeXt/Cifar10/IFGSM/ALL
[2026-09-12 10:07:16] [CMD] qsub -q all.q -l ngpus=1 -v MODEL="ConvNeXt",DATASET="Cifar10",ATTACK="IFGSM",KIND="ALL",PHASE="generate",OUTPUT_DIR="adversarial_results_ep200_pre200",FORCE_RERUN="0" adversarial_hpc_submit.pbs </dev/null
[2026-09-12 10:07:18] [OK] ConvNeXt/Cifar10/FGSM/ALL
[2026-09-12 10:07:18] [OK] qsub output: Your job 6509038 ("adversarial_hpc_submit.pbs") has been submitted
[2026-09-12 10:07:18] [SUBMIT] ConvNeXt/Cifar10/IFGSM/ALL
[2026-09-12 10:07:18] [CMD] qsub -q all.q -l ngpus=1 -v MODEL="ConvNeXt",DATASET="Cifar10",ATTACK="IFGSM",KIND="ALL",PHASE="generate",OUTPUT_DIR="adversarial_results_ep300_pre100",FORCE_RERUN="0" adversarial_hpc_submit.pbs </dev/null
[2026-09-12 10:07:19] [OK] ConvNeXt/Cifar10/PGD/ALL
[2026-09-12 10:07:19] [OK] qsub output: Your job 6509039 ("adversarial_hpc_submit.pbs") has been submitted
[2026-09-12 10:07:19] [SUBMIT] ConvNeXt/Cifar10/FGSM/ALL
[2026-09-12 10:07:19] [CMD] qsub -q all.q -l ngpus=1 -v MODEL="ConvNeXt",DATASET="Cifar10",ATTACK="FGSM",KIND="ALL",PHASE="generate",OUTPUT_DIR="adversarial_results_ep100_pre300",FORCE_RERUN="0" adversarial_hpc_submit.pbs </dev/null
[2026-09-12 10:07:25] [OK] ConvNeXt/Cifar10/IFGSM/ALL
[2026-09-12 10:07:26] [OK] ConvNeXt/Cifar10/IFGSM/ALL
[2026-09-12 10:07:27] [OK] qsub output: Your job 6509040 ("adversarial_hpc_submit.pbs") has been submitted
[2026-09-12 10:07:27] [OK] qsub output: Your job 6509041 ("adversarial_hpc_submit.pbs") has been submitted
[2026-09-12 10:07:27] [SUBMIT] ConvNeXt/Cifar10/BIM/ALL
[2026-09-12 10:07:27] [SUBMIT] ConvNeXt/Cifar10/BIM/ALL
[2026-09-12 10:07:27] [CMD] qsub -q all.q -l ngpus=1 -v MODEL="ConvNeXt",DATASET="Cifar10",ATTACK="BIM",KIND="ALL",PHASE="generate",OUTPUT_DIR="adversarial_results_ep200_pre200",FORCE_RERUN="0" adversarial_hpc_submit.pbs </dev/null
[2026-09-12 10:07:27] [CMD] qsub -q all.q -l ngpus=1 -v MODEL="ConvNeXt",DATASET="Cifar10",ATTACK="BIM",KIND="ALL",PHASE="generate",OUTPUT_DIR="adversarial_results_ep300_pre100",FORCE_RERUN="0" adversarial_hpc_submit.pbs </dev/null
[2026-09-12 10:07:28] [OK] ConvNeXt/Cifar10/FGSM/ALL
[2026-09-12 10:07:28] [OK] qsub output: Your job 6509042 ("adversarial_hpc_submit.pbs") has been submitted
[2026-09-12 10:07:29] [SUBMIT] ConvNeXt/Cifar10/IFGSM/ALL
[2026-09-12 10:07:29] [CMD] qsub -q all.q -l ngpus=1 -v MODEL="ConvNeXt",DATASET="Cifar10",ATTACK="IFGSM",KIND="ALL",PHASE="generate",OUTPUT_DIR="adversarial_results_ep100_pre300",FORCE_RERUN="0" adversarial_hpc_submit.pbs </dev/null
[2026-09-12 10:07:32] [OK] ConvNeXt/Cifar10/BIM/ALL
[2026-09-12 10:07:32] [OK] qsub output: Your job 6509043 ("adversarial_hpc_submit.pbs") has been submitted
[2026-09-12 10:07:33] [SUBMIT] ConvNeXt/Cifar10/APGD/ALL
[2026-09-12 10:07:33] [CMD] qsub -q all.q -l ngpus=1 -v MODEL="ConvNeXt",DATASET="Cifar10",ATTACK="APGD",KIND="ALL",PHASE="generate",OUTPUT_DIR="adversarial_results_ep200_pre200",FORCE_RERUN="0" adversarial_hpc_submit.pbs </dev/null
[2026-09-12 10:07:37] [OK] ConvNeXt/Cifar10/IFGSM/ALL
[2026-09-12 10:07:37] [OK] qsub output: Your job 6509045 ("adversarial_hpc_submit.pbs") has been submitted
[2026-09-12 10:07:37] [SUBMIT] ConvNeXt/Cifar10/BIM/ALL
[2026-09-12 10:07:37] [CMD] qsub -q all.q -l ngpus=1 -v MODEL="ConvNeXt",DATASET="Cifar10",ATTACK="BIM",KIND="ALL",PHASE="generate",OUTPUT_DIR="adversarial_results_ep100_pre300",FORCE_RERUN="0" adversarial_hpc_submit.pbs </dev/null
[2026-09-12 10:07:37] [OK] ConvNeXt/Cifar10/BIM/ALL
[2026-09-12 10:07:37] [OK] qsub output: Your job 6509044 ("adversarial_hpc_submit.pbs") has been submitted
[2026-09-12 10:07:38] [SUBMIT] ConvNeXt/Cifar10/APGD/ALL
[2026-09-12 10:07:38] [CMD] qsub -q all.q -l ngpus=1 -v MODEL="ConvNeXt",DATASET="Cifar10",ATTACK="APGD",KIND="ALL",PHASE="generate",OUTPUT_DIR="adversarial_results_ep300_pre100",FORCE_RERUN="0" adversarial_hpc_submit.pbs </dev/null
[2026-09-12 10:07:45] [OK] ConvNeXt/Cifar10/BIM/ALL
[2026-09-12 10:07:45] [OK] qsub output: Your job 6509047 ("adversarial_hpc_submit.pbs") has been submitted
[2026-09-12 10:07:45] [SUBMIT] ConvNeXt/Cifar10/APGD/ALL
[2026-09-12 10:07:45] [CMD] qsub -q all.q -l ngpus=1 -v MODEL="ConvNeXt",DATASET="Cifar10",ATTACK="APGD",KIND="ALL",PHASE="generate",OUTPUT_DIR="adversarial_results_ep100_pre300",FORCE_RERUN="0" adversarial_hpc_submit.pbs </dev/null
[2026-09-12 10:07:46] [OK] ConvNeXt/Cifar10/APGD/ALL
[2026-09-12 10:07:46] [OK] qsub output: Your job 6509046 ("adversarial_hpc_submit.pbs") has been submitted
[2026-09-12 10:07:46] [SUBMIT] ConvNeXt/Cifar10/CW/ALL
[2026-09-12 10:07:46] [CMD] qsub -q all.q -l ngpus=1 -v MODEL="ConvNeXt",DATASET="Cifar10",ATTACK="CW",KIND="ALL",PHASE="generate",OUTPUT_DIR="adversarial_results_ep200_pre200",FORCE_RERUN="0" adversarial_hpc_submit.pbs </dev/null
[2026-09-12 10:07:52] [OK] ConvNeXt/Cifar10/APGD/ALL
[2026-09-12 10:07:52] [OK] qsub output: Your job 6509049 ("adversarial_hpc_submit.pbs") has been submitted
[2026-09-12 10:07:52] [SUBMIT] ConvNeXt/Cifar10/CW/ALL
[2026-09-12 10:07:52] [CMD] qsub -q all.q -l ngpus=1 -v MODEL="ConvNeXt",DATASET="Cifar10",ATTACK="CW",KIND="ALL",PHASE="generate",OUTPUT_DIR="adversarial_results_ep100_pre300",FORCE_RERUN="0" adversarial_hpc_submit.pbs </dev/null
[2026-09-12 10:07:54] [OK] ConvNeXt/Cifar10/CW/ALL
[2026-09-12 10:07:54] [OK] qsub output: Your job 6509050 ("adversarial_hpc_submit.pbs") has been submitted
[2026-09-12 10:07:54] [SUBMIT] ConvNeXt/Cifar10/DeepFool/ALL
[2026-09-12 10:07:54] [CMD] qsub -q all.q -l ngpus=1 -v MODEL="ConvNeXt",DATASET="Cifar10",ATTACK="DeepFool",KIND="ALL",PHASE="generate",OUTPUT_DIR="adversarial_results_ep200_pre200",FORCE_RERUN="0" adversarial_hpc_submit.pbs </dev/null
[2026-09-12 10:07:54] [OK] ConvNeXt/Cifar10/APGD/ALL
[2026-09-12 10:07:54] [OK] qsub output: Your job 6509048 ("adversarial_hpc_submit.pbs") has been submitted
[2026-09-12 10:07:54] [SUBMIT] ConvNeXt/Cifar10/CW/ALL
[2026-09-12 10:07:54] [CMD] qsub -q all.q -l ngpus=1 -v MODEL="ConvNeXt",DATASET="Cifar10",ATTACK="CW",KIND="ALL",PHASE="generate",OUTPUT_DIR="adversarial_results_ep300_pre100",FORCE_RERUN="0" adversarial_hpc_submit.pbs </dev/null
[2026-09-12 10:07:56] [OK] ConvNeXt/Cifar10/DeepFool/ALL
[2026-09-12 10:07:56] [OK] qsub output: Your job 6509052 ("adversarial_hpc_submit.pbs") has been submitted
[2026-09-12 10:07:57] [OK] ConvNeXt/Cifar10/CW/ALL
[2026-09-12 10:07:59] [OK] qsub output: Your job 6509051 ("adversarial_hpc_submit.pbs") has been submitted
[2026-09-12 10:07:59] [SUBMIT] ConvNeXt/Cifar100/PGD/ALL
[2026-09-12 10:07:59] [CMD] qsub -q all.q -l ngpus=1 -v MODEL="ConvNeXt",DATASET="Cifar100",ATTACK="PGD",KIND="ALL",PHASE="generate",OUTPUT_DIR="adversarial_results_ep200_pre200",FORCE_RERUN="0" adversarial_hpc_submit.pbs </dev/null
[2026-09-12 10:07:59] [SUBMIT] ConvNeXt/Cifar10/DeepFool/ALL
[2026-09-12 10:07:59] [CMD] qsub -q all.q -l ngpus=1 -v MODEL="ConvNeXt",DATASET="Cifar10",ATTACK="DeepFool",KIND="ALL",PHASE="generate",OUTPUT_DIR="adversarial_results_ep100_pre300",FORCE_RERUN="0" adversarial_hpc_submit.pbs </dev/null
[2026-09-12 10:08:04] [OK] ConvNeXt/Cifar100/PGD/ALL
[2026-09-12 10:08:04] [OK] qsub output: Your job 6509054 ("adversarial_hpc_submit.pbs") has been submitted
[2026-09-12 10:08:04] [SUBMIT] ConvNeXt/Cifar100/FGSM/ALL
[2026-09-12 10:08:04] [CMD] qsub -q all.q -l ngpus=1 -v MODEL="ConvNeXt",DATASET="Cifar100",ATTACK="FGSM",KIND="ALL",PHASE="generate",OUTPUT_DIR="adversarial_results_ep200_pre200",FORCE_RERUN="0" adversarial_hpc_submit.pbs </dev/null
[2026-09-12 10:08:06] [OK] ConvNeXt/Cifar10/CW/ALL
[2026-09-12 10:08:06] [OK] qsub output: Your job 6509053 ("adversarial_hpc_submit.pbs") has been submitted
[2026-09-12 10:08:06] [SUBMIT] ConvNeXt/Cifar10/DeepFool/ALL
[2026-09-12 10:08:06] [CMD] qsub -q all.q -l ngpus=1 -v MODEL="ConvNeXt",DATASET="Cifar10",ATTACK="DeepFool",KIND="ALL",PHASE="generate",OUTPUT_DIR="adversarial_results_ep300_pre100",FORCE_RERUN="0" adversarial_hpc_submit.pbs </dev/null
[2026-09-12 10:08:09] [OK] ConvNeXt/Cifar100/FGSM/ALL
[2026-09-12 10:08:09] [OK] qsub output: Your job 6509056 ("adversarial_hpc_submit.pbs") has been submitted
[2026-09-12 10:08:09] [SUBMIT] ConvNeXt/Cifar100/IFGSM/ALL
[2026-09-12 10:08:09] [CMD] qsub -q all.q -l ngpus=1 -v MODEL="ConvNeXt",DATASET="Cifar100",ATTACK="IFGSM",KIND="ALL",PHASE="generate",OUTPUT_DIR="adversarial_results_ep200_pre200",FORCE_RERUN="0" adversarial_hpc_submit.pbs </dev/null
[2026-09-12 10:08:11] [OK] ConvNeXt/Cifar10/DeepFool/ALL
[2026-09-12 10:08:11] [OK] qsub output: Your job 6509055 ("adversarial_hpc_submit.pbs") has been submitted
[2026-09-12 10:08:11] [SUBMIT] ConvNeXt/Cifar100/PGD/ALL
[2026-09-12 10:08:11] [CMD] qsub -q all.q -l ngpus=1 -v MODEL="ConvNeXt",DATASET="Cifar100",ATTACK="PGD",KIND="ALL",PHASE="generate",OUTPUT_DIR="adversarial_results_ep100_pre300",FORCE_RERUN="0" adversarial_hpc_submit.pbs </dev/null
[2026-09-12 10:08:12] [OK] ConvNeXt/Cifar100/IFGSM/ALL
[2026-09-12 10:08:13] [OK] ConvNeXt/Cifar10/DeepFool/ALL
[2026-09-12 10:08:17] [OK] qsub output: Your job 6509058 ("adversarial_hpc_submit.pbs") has been submitted
[2026-09-12 10:08:18] [OK] qsub output: Your job 6509057 ("adversarial_hpc_submit.pbs") has been submitted
[2026-09-12 10:08:18] [SUBMIT] ConvNeXt/Cifar100/BIM/ALL
[2026-09-12 10:08:18] [SUBMIT] ConvNeXt/Cifar100/PGD/ALL
[2026-09-12 10:08:19] [CMD] qsub -q all.q -l ngpus=1 -v MODEL="ConvNeXt",DATASET="Cifar100",ATTACK="BIM",KIND="ALL",PHASE="generate",OUTPUT_DIR="adversarial_results_ep200_pre200",FORCE_RERUN="0" adversarial_hpc_submit.pbs </dev/null
[2026-09-12 10:08:19] [CMD] qsub -q all.q -l ngpus=1 -v MODEL="ConvNeXt",DATASET="Cifar100",ATTACK="PGD",KIND="ALL",PHASE="generate",OUTPUT_DIR="adversarial_results_ep300_pre100",FORCE_RERUN="0" adversarial_hpc_submit.pbs </dev/null
[2026-09-12 10:08:22] [OK] ConvNeXt/Cifar100/PGD/ALL
[2026-09-12 10:08:22] [OK] qsub output: Your job 6509059 ("adversarial_hpc_submit.pbs") has been submitted
[2026-09-12 10:08:22] [SUBMIT] ConvNeXt/Cifar100/FGSM/ALL
[2026-09-12 10:08:22] [CMD] qsub -q all.q -l ngpus=1 -v MODEL="ConvNeXt",DATASET="Cifar100",ATTACK="FGSM",KIND="ALL",PHASE="generate",OUTPUT_DIR="adversarial_results_ep100_pre300",FORCE_RERUN="0" adversarial_hpc_submit.pbs </dev/null
[2026-09-12 10:08:29] [OK] ConvNeXt/Cifar100/BIM/ALL
[2026-09-12 10:08:29] [OK] qsub output: Your job 6509060 ("adversarial_hpc_submit.pbs") has been submitted
[2026-09-12 10:08:29] [SUBMIT] ConvNeXt/Cifar100/APGD/ALL
[2026-09-12 10:08:29] [CMD] qsub -q all.q -l ngpus=1 -v MODEL="ConvNeXt",DATASET="Cifar100",ATTACK="APGD",KIND="ALL",PHASE="generate",OUTPUT_DIR="adversarial_results_ep200_pre200",FORCE_RERUN="0" adversarial_hpc_submit.pbs </dev/null
[2026-09-12 10:08:30] [OK] ConvNeXt/Cifar100/PGD/ALL
[2026-09-12 10:08:31] [OK] qsub output: Your job 6509061 ("adversarial_hpc_submit.pbs") has been submitted
[2026-09-12 10:08:31] [SUBMIT] ConvNeXt/Cifar100/FGSM/ALL
[2026-09-12 10:08:34] [CMD] qsub -q all.q -l ngpus=1 -v MODEL="ConvNeXt",DATASET="Cifar100",ATTACK="FGSM",KIND="ALL",PHASE="generate",OUTPUT_DIR="adversarial_results_ep300_pre100",FORCE_RERUN="0" adversarial_hpc_submit.pbs </dev/null
[2026-09-12 10:08:37] [OK] ConvNeXt/Cifar100/APGD/ALL
[2026-09-12 10:08:37] [OK] qsub output: Your job 6509063 ("adversarial_hpc_submit.pbs") has been submitted
[2026-09-12 10:08:37] [SUBMIT] ConvNeXt/Cifar100/CW/ALL
[2026-09-12 10:08:37] [CMD] qsub -q all.q -l ngpus=1 -v MODEL="ConvNeXt",DATASET="Cifar100",ATTACK="CW",KIND="ALL",PHASE="generate",OUTPUT_DIR="adversarial_results_ep200_pre200",FORCE_RERUN="0" adversarial_hpc_submit.pbs </dev/null
[2026-09-12 10:08:38] [OK] ConvNeXt/Cifar100/FGSM/ALL
[2026-09-12 10:08:38] [OK] qsub output: Your job 6509062 ("adversarial_hpc_submit.pbs") has been submitted
[2026-09-12 10:08:38] [SUBMIT] ConvNeXt/Cifar100/IFGSM/ALL
[2026-09-12 10:08:38] [CMD] qsub -q all.q -l ngpus=1 -v MODEL="ConvNeXt",DATASET="Cifar100",ATTACK="IFGSM",KIND="ALL",PHASE="generate",OUTPUT_DIR="adversarial_results_ep100_pre300",FORCE_RERUN="0" adversarial_hpc_submit.pbs </dev/null
[2026-09-12 10:08:40] [OK] ConvNeXt/Cifar100/FGSM/ALL
[2026-09-12 10:08:40] [OK] qsub output: Your job 6509064 ("adversarial_hpc_submit.pbs") has been submitted
[2026-09-12 10:08:40] [SUBMIT] ConvNeXt/Cifar100/IFGSM/ALL
[2026-09-12 10:08:40] [CMD] qsub -q all.q -l ngpus=1 -v MODEL="ConvNeXt",DATASET="Cifar100",ATTACK="IFGSM",KIND="ALL",PHASE="generate",OUTPUT_DIR="adversarial_results_ep300_pre100",FORCE_RERUN="0" adversarial_hpc_submit.pbs </dev/null
[2026-09-12 10:08:46] [OK] ConvNeXt/Cifar100/CW/ALL
[2026-09-12 10:08:46] [OK] qsub output: Your job 6509065 ("adversarial_hpc_submit.pbs") has been submitted
[2026-09-12 10:08:46] [SUBMIT] ConvNeXt/Cifar100/DeepFool/ALL
[2026-09-12 10:08:47] [CMD] qsub -q all.q -l ngpus=1 -v MODEL="ConvNeXt",DATASET="Cifar100",ATTACK="DeepFool",KIND="ALL",PHASE="generate",OUTPUT_DIR="adversarial_results_ep200_pre200",FORCE_RERUN="0" adversarial_hpc_submit.pbs </dev/null
[2026-09-12 10:08:48] [OK] ConvNeXt/Cifar100/IFGSM/ALL
[2026-09-12 10:08:48] [OK] qsub output: Your job 6509066 ("adversarial_hpc_submit.pbs") has been submitted
[2026-09-12 10:08:48] [SUBMIT] ConvNeXt/Cifar100/BIM/ALL
[2026-09-12 10:08:48] [CMD] qsub -q all.q -l ngpus=1 -v MODEL="ConvNeXt",DATASET="Cifar100",ATTACK="BIM",KIND="ALL",PHASE="generate",OUTPUT_DIR="adversarial_results_ep100_pre300",FORCE_RERUN="0" adversarial_hpc_submit.pbs </dev/null
[2026-09-12 10:08:52] [OK] ConvNeXt/Cifar100/DeepFool/ALL
[2026-09-12 10:08:52] [OK] qsub output: Your job 6509068 ("adversarial_hpc_submit.pbs") has been submitted
[2026-09-12 10:08:52] [SUBMIT] ConvNeXt/TinyImageNet/PGD/ALL
[2026-09-12 10:08:52] [CMD] qsub -q all.q -l ngpus=1 -v MODEL="ConvNeXt",DATASET="TinyImageNet",ATTACK="PGD",KIND="ALL",PHASE="generate",OUTPUT_DIR="adversarial_results_ep200_pre200",FORCE_RERUN="0" adversarial_hpc_submit.pbs </dev/null
[2026-09-12 10:08:54] [OK] ConvNeXt/Cifar100/IFGSM/ALL
[2026-09-12 10:08:54] [OK] qsub output: Your job 6509067 ("adversarial_hpc_submit.pbs") has been submitted
[2026-09-12 10:08:54] [SUBMIT] ConvNeXt/Cifar100/BIM/ALL
[2026-09-12 10:08:54] [CMD] qsub -q all.q -l ngpus=1 -v MODEL="ConvNeXt",DATASET="Cifar100",ATTACK="BIM",KIND="ALL",PHASE="generate",OUTPUT_DIR="adversarial_results_ep300_pre100",FORCE_RERUN="0" adversarial_hpc_submit.pbs </dev/null
[2026-09-12 10:08:58] [OK] ConvNeXt/Cifar100/BIM/ALL
[2026-09-12 10:08:59] [OK] qsub output: Your job 6509069 ("adversarial_hpc_submit.pbs") has been submitted
[2026-09-12 10:08:59] [SUBMIT] ConvNeXt/Cifar100/APGD/ALL
[2026-09-12 10:08:59] [CMD] qsub -q all.q -l ngpus=1 -v MODEL="ConvNeXt",DATASET="Cifar100",ATTACK="APGD",KIND="ALL",PHASE="generate",OUTPUT_DIR="adversarial_results_ep100_pre300",FORCE_RERUN="0" adversarial_hpc_submit.pbs </dev/null
[2026-09-12 10:09:01] [OK] ConvNeXt/TinyImageNet/PGD/ALL
[2026-09-12 10:09:02] [OK] qsub output: Your job 6509070 ("adversarial_hpc_submit.pbs") has been submitted
[2026-09-12 10:09:02] [SUBMIT] ConvNeXt/TinyImageNet/FGSM/ALL
[2026-09-12 10:09:02] [CMD] qsub -q all.q -l ngpus=1 -v MODEL="ConvNeXt",DATASET="TinyImageNet",ATTACK="FGSM",KIND="ALL",PHASE="generate",OUTPUT_DIR="adversarial_results_ep200_pre200",FORCE_RERUN="0" adversarial_hpc_submit.pbs </dev/null
[2026-09-12 10:09:07] [OK] ConvNeXt/Cifar100/APGD/ALL
[2026-09-12 10:09:08] [OK] ConvNeXt/Cifar100/BIM/ALL
[2026-09-12 10:09:08] [OK] qsub output: Your job 6509072 ("adversarial_hpc_submit.pbs") has been submitted
[2026-09-12 10:09:08] [OK] qsub output: Your job 6509071 ("adversarial_hpc_submit.pbs") has been submitted
[2026-09-12 10:09:09] [SUBMIT] ConvNeXt/Cifar100/APGD/ALL
[2026-09-12 10:09:09] [SUBMIT] ConvNeXt/Cifar100/CW/ALL
[2026-09-12 10:09:09] [CMD] qsub -q all.q -l ngpus=1 -v MODEL="ConvNeXt",DATASET="Cifar100",ATTACK="APGD",KIND="ALL",PHASE="generate",OUTPUT_DIR="adversarial_results_ep300_pre100",FORCE_RERUN="0" adversarial_hpc_submit.pbs </dev/null
[2026-09-12 10:09:09] [CMD] qsub -q all.q -l ngpus=1 -v MODEL="ConvNeXt",DATASET="Cifar100",ATTACK="CW",KIND="ALL",PHASE="generate",OUTPUT_DIR="adversarial_results_ep100_pre300",FORCE_RERUN="0" adversarial_hpc_submit.pbs </dev/null
[2026-09-12 10:09:09] [OK] ConvNeXt/TinyImageNet/FGSM/ALL
[2026-09-12 10:09:10] [OK] qsub output: Your job 6509073 ("adversarial_hpc_submit.pbs") has been submitted
[2026-09-12 10:09:10] [SUBMIT] ConvNeXt/TinyImageNet/IFGSM/ALL
[2026-09-12 10:09:10] [CMD] qsub -q all.q -l ngpus=1 -v MODEL="ConvNeXt",DATASET="TinyImageNet",ATTACK="IFGSM",KIND="ALL",PHASE="generate",OUTPUT_DIR="adversarial_results_ep200_pre200",FORCE_RERUN="0" adversarial_hpc_submit.pbs </dev/null
[2026-09-12 10:09:16] [OK] ConvNeXt/Cifar100/APGD/ALL
[2026-09-12 10:09:16] [OK] ConvNeXt/Cifar100/CW/ALL
[2026-09-12 10:09:18] [OK] qsub output: Your job 6509075 ("adversarial_hpc_submit.pbs") has been submitted
[2026-09-12 10:09:18] [OK] qsub output: Your job 6509074 ("adversarial_hpc_submit.pbs") has been submitted
[2026-09-12 10:09:18] [SUBMIT] ConvNeXt/Cifar100/CW/ALL
[2026-09-12 10:09:18] [SUBMIT] ConvNeXt/Cifar100/DeepFool/ALL
[2026-09-12 10:09:18] [CMD] qsub -q all.q -l ngpus=1 -v MODEL="ConvNeXt",DATASET="Cifar100",ATTACK="CW",KIND="ALL",PHASE="generate",OUTPUT_DIR="adversarial_results_ep300_pre100",FORCE_RERUN="0" adversarial_hpc_submit.pbs </dev/null
[2026-09-12 10:09:18] [CMD] qsub -q all.q -l ngpus=1 -v MODEL="ConvNeXt",DATASET="Cifar100",ATTACK="DeepFool",KIND="ALL",PHASE="generate",OUTPUT_DIR="adversarial_results_ep100_pre300",FORCE_RERUN="0" adversarial_hpc_submit.pbs </dev/null
[2026-09-12 10:09:25] [OK] ConvNeXt/TinyImageNet/IFGSM/ALL
[2026-09-12 10:09:26] [OK] ConvNeXt/Cifar100/CW/ALL
[2026-09-12 10:09:28] [OK] qsub output: Your job 6509076 ("adversarial_hpc_submit.pbs") has been submitted
[2026-09-12 10:09:28] [OK] qsub output: Your job 6509078 ("adversarial_hpc_submit.pbs") has been submitted
[2026-09-12 10:09:28] [SUBMIT] ConvNeXt/TinyImageNet/BIM/ALL
[2026-09-12 10:09:28] [CMD] qsub -q all.q -l ngpus=1 -v MODEL="ConvNeXt",DATASET="TinyImageNet",ATTACK="BIM",KIND="ALL",PHASE="generate",OUTPUT_DIR="adversarial_results_ep200_pre200",FORCE_RERUN="0" adversarial_hpc_submit.pbs </dev/null
[2026-09-12 10:09:28] [SUBMIT] ConvNeXt/Cifar100/DeepFool/ALL
[2026-09-12 10:09:29] [CMD] qsub -q all.q -l ngpus=1 -v MODEL="ConvNeXt",DATASET="Cifar100",ATTACK="DeepFool",KIND="ALL",PHASE="generate",OUTPUT_DIR="adversarial_results_ep300_pre100",FORCE_RERUN="0" adversarial_hpc_submit.pbs </dev/null
[2026-09-12 10:09:35] [OK] ConvNeXt/Cifar100/DeepFool/ALL
[2026-09-12 10:09:35] [OK] qsub output: Your job 6509079 ("adversarial_hpc_submit.pbs") has been submitted
[2026-09-12 10:09:35] [SUBMIT] ConvNeXt/TinyImageNet/PGD/ALL
[2026-09-12 10:09:35] [CMD] qsub -q all.q -l ngpus=1 -v MODEL="ConvNeXt",DATASET="TinyImageNet",ATTACK="PGD",KIND="ALL",PHASE="generate",OUTPUT_DIR="adversarial_results_ep100_pre300",FORCE_RERUN="0" adversarial_hpc_submit.pbs </dev/null
[2026-09-12 10:09:42] [OK] ConvNeXt/TinyImageNet/BIM/ALL
[2026-09-12 10:09:43] [OK] ConvNeXt/Cifar100/DeepFool/ALL
[2026-09-12 10:09:45] [OK] ConvNeXt/TinyImageNet/PGD/ALL
[2026-09-12 10:09:47] [OK] qsub output: Your job 6509081 ("adversarial_hpc_submit.pbs") has been submitted
[2026-09-12 10:09:47] [OK] qsub output: Your job 6509082 ("adversarial_hpc_submit.pbs") has been submitted
[2026-09-12 10:09:47] [OK] qsub output: Your job 6509083 ("adversarial_hpc_submit.pbs") has been submitted
[2026-09-12 10:09:47] [SUBMIT] ConvNeXt/TinyImageNet/APGD/ALL
[2026-09-12 10:09:47] [CMD] qsub -q all.q -l ngpus=1 -v MODEL="ConvNeXt",DATASET="TinyImageNet",ATTACK="APGD",KIND="ALL",PHASE="generate",OUTPUT_DIR="adversarial_results_ep200_pre200",FORCE_RERUN="0" adversarial_hpc_submit.pbs </dev/null
[2026-09-12 10:09:47] [SUBMIT] ConvNeXt/TinyImageNet/PGD/ALL
[2026-09-12 10:09:47] [SUBMIT] ConvNeXt/TinyImageNet/FGSM/ALL
[2026-09-12 10:09:48] [CMD] qsub -q all.q -l ngpus=1 -v MODEL="ConvNeXt",DATASET="TinyImageNet",ATTACK="PGD",KIND="ALL",PHASE="generate",OUTPUT_DIR="adversarial_results_ep300_pre100",FORCE_RERUN="0" adversarial_hpc_submit.pbs </dev/null
[2026-09-12 10:09:48] [CMD] qsub -q all.q -l ngpus=1 -v MODEL="ConvNeXt",DATASET="TinyImageNet",ATTACK="FGSM",KIND="ALL",PHASE="generate",OUTPUT_DIR="adversarial_results_ep100_pre300",FORCE_RERUN="0" adversarial_hpc_submit.pbs </dev/null
[2026-09-12 10:09:51] [OK] ConvNeXt/TinyImageNet/PGD/ALL
[2026-09-12 10:09:51] [OK] qsub output: Your job 6509085 ("adversarial_hpc_submit.pbs") has been submitted
[2026-09-12 10:09:52] [SUBMIT] ConvNeXt/TinyImageNet/FGSM/ALL
[2026-09-12 10:09:52] [CMD] qsub -q all.q -l ngpus=1 -v MODEL="ConvNeXt",DATASET="TinyImageNet",ATTACK="FGSM",KIND="ALL",PHASE="generate",OUTPUT_DIR="adversarial_results_ep300_pre100",FORCE_RERUN="0" adversarial_hpc_submit.pbs </dev/null
[2026-09-12 10:09:56] [OK] ConvNeXt/TinyImageNet/APGD/ALL
[2026-09-12 10:09:56] [OK] qsub output: Your job 6509084 ("adversarial_hpc_submit.pbs") has been submitted
[2026-09-12 10:09:56] [SUBMIT] ConvNeXt/TinyImageNet/CW/ALL
[2026-09-12 10:09:56] [CMD] qsub -q all.q -l ngpus=1 -v MODEL="ConvNeXt",DATASET="TinyImageNet",ATTACK="CW",KIND="ALL",PHASE="generate",OUTPUT_DIR="adversarial_results_ep200_pre200",FORCE_RERUN="0" adversarial_hpc_submit.pbs </dev/null
[2026-09-12 10:10:01] [OK] ConvNeXt/TinyImageNet/FGSM/ALL
[2026-09-12 10:10:01] [OK] qsub output: Your job 6509086 ("adversarial_hpc_submit.pbs") has been submitted
[2026-09-12 10:10:01] [OK] ConvNeXt/TinyImageNet/FGSM/ALL
[2026-09-12 10:10:01] [OK] qsub output: Your job 6509087 ("adversarial_hpc_submit.pbs") has been submitted
[2026-09-12 10:10:01] [SUBMIT] ConvNeXt/TinyImageNet/IFGSM/ALL
[2026-09-12 10:10:01] [CMD] qsub -q all.q -l ngpus=1 -v MODEL="ConvNeXt",DATASET="TinyImageNet",ATTACK="IFGSM",KIND="ALL",PHASE="generate",OUTPUT_DIR="adversarial_results_ep100_pre300",FORCE_RERUN="0" adversarial_hpc_submit.pbs </dev/null
[2026-09-12 10:10:01] [SUBMIT] ConvNeXt/TinyImageNet/IFGSM/ALL
[2026-09-12 10:10:01] [CMD] qsub -q all.q -l ngpus=1 -v MODEL="ConvNeXt",DATASET="TinyImageNet",ATTACK="IFGSM",KIND="ALL",PHASE="generate",OUTPUT_DIR="adversarial_results_ep300_pre100",FORCE_RERUN="0" adversarial_hpc_submit.pbs </dev/null
[2026-09-12 10:10:03] [OK] ConvNeXt/TinyImageNet/CW/ALL
[2026-09-12 10:10:03] [OK] qsub output: Your job 6509088 ("adversarial_hpc_submit.pbs") has been submitted
[2026-09-12 10:10:03] [SUBMIT] ConvNeXt/TinyImageNet/DeepFool/ALL
[2026-09-12 10:10:03] [CMD] qsub -q all.q -l ngpus=1 -v MODEL="ConvNeXt",DATASET="TinyImageNet",ATTACK="DeepFool",KIND="ALL",PHASE="generate",OUTPUT_DIR="adversarial_results_ep200_pre200",FORCE_RERUN="0" adversarial_hpc_submit.pbs </dev/null
[2026-09-12 10:10:05] [OK] ConvNeXt/TinyImageNet/IFGSM/ALL
[2026-09-12 10:10:05] [OK] qsub output: Your job 6509091 ("adversarial_hpc_submit.pbs") has been submitted
[2026-09-12 10:10:05] [SUBMIT] ConvNeXt/TinyImageNet/BIM/ALL
[2026-09-12 10:10:05] [CMD] qsub -q all.q -l ngpus=1 -v MODEL="ConvNeXt",DATASET="TinyImageNet",ATTACK="BIM",KIND="ALL",PHASE="generate",OUTPUT_DIR="adversarial_results_ep300_pre100",FORCE_RERUN="0" adversarial_hpc_submit.pbs </dev/null
[2026-09-12 10:10:05] [OK] ConvNeXt/TinyImageNet/IFGSM/ALL
[2026-09-12 10:10:06] [OK] qsub output: Your job 6509090 ("adversarial_hpc_submit.pbs") has been submitted
[2026-09-12 10:10:06] [SUBMIT] ConvNeXt/TinyImageNet/BIM/ALL
[2026-09-12 10:10:06] [CMD] qsub -q all.q -l ngpus=1 -v MODEL="ConvNeXt",DATASET="TinyImageNet",ATTACK="BIM",KIND="ALL",PHASE="generate",OUTPUT_DIR="adversarial_results_ep100_pre300",FORCE_RERUN="0" adversarial_hpc_submit.pbs </dev/null
[2026-09-12 10:10:11] [OK] ConvNeXt/TinyImageNet/BIM/ALL
[2026-09-12 10:10:11] [OK] qsub output: Your job 6509093 ("adversarial_hpc_submit.pbs") has been submitted
[2026-09-12 10:10:11] [SUBMIT] ConvNeXt/TinyImageNet/APGD/ALL
[2026-09-12 10:10:11] [CMD] qsub -q all.q -l ngpus=1 -v MODEL="ConvNeXt",DATASET="TinyImageNet",ATTACK="APGD",KIND="ALL",PHASE="generate",OUTPUT_DIR="adversarial_results_ep300_pre100",FORCE_RERUN="0" adversarial_hpc_submit.pbs </dev/null
[2026-09-12 10:10:13] [OK] ConvNeXt/TinyImageNet/DeepFool/ALL
[2026-09-12 10:10:13] [OK] qsub output: Your job 6509092 ("adversarial_hpc_submit.pbs") has been submitted
[2026-09-12 10:10:13] [INFO] Saved 126 generate job IDs to: adversarial_results_ep200_pre200/generate_job_ids.txt
[2026-09-12 10:10:13] [SUCCESS] Submitted 126 jobs
[2026-09-12 10:10:13] Monitor progress with: qstat
[2026-09-12 10:10:13] ============================================================================
[2026-09-12 10:10:13] Job submission complete. Check logs/ for details.
[2026-09-12 10:10:13] Run log saved to: /Users/jgafur/LTH/manuscript/Tranfer/logs/adversarial_orchestrate_generate_20260912_095017.log
[2026-09-12 10:10:13] ============================================================================
[2026-09-12 10:10:15] [OK] ConvNeXt/TinyImageNet/APGD/ALL
[2026-09-12 10:10:15] [OK] qsub output: Your job 6509095 ("adversarial_hpc_submit.pbs") has been submitted
[2026-09-12 10:10:16] [SUBMIT] ConvNeXt/TinyImageNet/CW/ALL
[2026-09-12 10:10:16] [CMD] qsub -q all.q -l ngpus=1 -v MODEL="ConvNeXt",DATASET="TinyImageNet",ATTACK="CW",KIND="ALL",PHASE="generate",OUTPUT_DIR="adversarial_results_ep300_pre100",FORCE_RERUN="0" adversarial_hpc_submit.pbs </dev/null
[2026-09-12 10:10:20] [OK] ConvNeXt/TinyImageNet/BIM/ALL
[2026-09-12 10:10:20] [OK] qsub output: Your job 6509094 ("adversarial_hpc_submit.pbs") has been submitted
[2026-09-12 10:10:21] [SUBMIT] ConvNeXt/TinyImageNet/APGD/ALL
[2026-09-12 10:10:21] [CMD] qsub -q all.q -l ngpus=1 -v MODEL="ConvNeXt",DATASET="TinyImageNet",ATTACK="APGD",KIND="ALL",PHASE="generate",OUTPUT_DIR="adversarial_results_ep100_pre300",FORCE_RERUN="0" adversarial_hpc_submit.pbs </dev/null
[2026-09-12 10:10:22] [OK] ConvNeXt/TinyImageNet/CW/ALL
[2026-09-12 10:10:22] [OK] qsub output: Your job 6509097 ("adversarial_hpc_submit.pbs") has been submitted
[2026-09-12 10:10:22] [SUBMIT] ConvNeXt/TinyImageNet/DeepFool/ALL
[2026-09-12 10:10:22] [CMD] qsub -q all.q -l ngpus=1 -v MODEL="ConvNeXt",DATASET="TinyImageNet",ATTACK="DeepFool",KIND="ALL",PHASE="generate",OUTPUT_DIR="adversarial_results_ep300_pre100",FORCE_RERUN="0" adversarial_hpc_submit.pbs </dev/null
[2026-09-12 10:10:24] [OK] ConvNeXt/TinyImageNet/APGD/ALL
[2026-09-12 10:10:24] [OK] qsub output: Your job 6509099 ("adversarial_hpc_submit.pbs") has been submitted
[2026-09-12 10:10:24] [SUBMIT] ConvNeXt/TinyImageNet/CW/ALL
[2026-09-12 10:10:25] [CMD] qsub -q all.q -l ngpus=1 -v MODEL="ConvNeXt",DATASET="TinyImageNet",ATTACK="CW",KIND="ALL",PHASE="generate",OUTPUT_DIR="adversarial_results_ep100_pre300",FORCE_RERUN="0" adversarial_hpc_submit.pbs </dev/null
[2026-09-12 10:10:27] [OK] ConvNeXt/TinyImageNet/DeepFool/ALL
[2026-09-12 10:10:27] [OK] qsub output: Your job 6509100 ("adversarial_hpc_submit.pbs") has been submitted
[2026-09-12 10:10:27] [INFO] Saved 126 generate job IDs to: adversarial_results_ep300_pre100/generate_job_ids.txt
[2026-09-12 10:10:27] [SUCCESS] Submitted 126 jobs
[2026-09-12 10:10:27] Monitor progress with: qstat
[2026-09-12 10:10:27] ============================================================================
[2026-09-12 10:10:27] Job submission complete. Check logs/ for details.
[2026-09-12 10:10:27] Run log saved to: /Users/jgafur/LTH/manuscript/Tranfer/logs/adversarial_orchestrate_generate_20260912_095017.log
[2026-09-12 10:10:27] ============================================================================
[2026-09-12 10:10:35] [OK] ConvNeXt/TinyImageNet/CW/ALL
[2026-09-12 10:10:36] [OK] qsub output: Your job 6509101 ("adversarial_hpc_submit.pbs") has been submitted
[2026-09-12 10:10:37] [SUBMIT] ConvNeXt/TinyImageNet/DeepFool/ALL
[2026-09-12 10:10:37] [CMD] qsub -q all.q -l ngpus=1 -v MODEL="ConvNeXt",DATASET="TinyImageNet",ATTACK="DeepFool",KIND="ALL",PHASE="generate",OUTPUT_DIR="adversarial_results_ep100_pre300",FORCE_RERUN="0" adversarial_hpc_submit.pbs </dev/null
[2026-09-12 10:10:46] [OK] ConvNeXt/TinyImageNet/DeepFool/ALL
[2026-09-12 10:10:50] [OK] qsub output: Your job 6509105 ("adversarial_hpc_submit.pbs") has been submitted
[2026-09-12 10:10:52] [INFO] Saved 126 generate job IDs to: adversarial_results_ep100_pre300/generate_job_ids.txt
[2026-09-12 10:10:54] [SUCCESS] Submitted 126 jobs
[2026-09-12 10:10:54] Monitor progress with: qstat
[2026-09-12 10:10:54] ============================================================================
[2026-09-12 10:10:54] Job submission complete. Check logs/ for details.
[2026-09-12 10:10:54] Run log saved to: /Users/jgafur/LTH/manuscript/Tranfer/logs/adversarial_orchestrate_generate_20260912_095017.log
[2026-09-12 10:10:54] ============================================================================
