[2026-09-08 09:56:20] Starting orchestration script
[2026-09-08 09:56:20] Starting orchestration script
[2026-09-08 09:56:20] Script path: /Users/jgafur/LTH/manuscript/Tranfer
[2026-09-08 09:56:20] Starting orchestration script
[2026-09-08 09:56:20] Script path: /Users/jgafur/LTH/manuscript/Tranfer
[2026-09-08 09:56:20] Script path: /Users/jgafur/LTH/manuscript/Tranfer
[2026-09-08 09:56:20] Current working directory: /Users/jgafur/LTH/manuscript/Tranfer
[2026-09-08 09:56:20] Current working directory: /Users/jgafur/LTH/manuscript/Tranfer
[2026-09-08 09:56:20] Phase: generate
[2026-09-08 09:56:20] Current working directory: /Users/jgafur/LTH/manuscript/Tranfer
[2026-09-08 09:56:20] Phase: generate
[2026-09-08 09:56:20] Phase: generate
[2026-09-08 09:56:20] Output directory: adversarial_results_ep100_pre300
[2026-09-08 09:56:20] Output directory: adversarial_results_ep300_pre100
[2026-09-08 09:56:20] Model filter: ALL
[2026-09-08 09:56:20] Output directory: adversarial_results_ep200_pre200
[2026-09-08 09:56:20] Model filter: ALL
[2026-09-08 09:56:20] Dataset filter: ALL
[2026-09-08 09:56:20] Model filter: ALL
[2026-09-08 09:56:20] Dataset filter: ALL
[2026-09-08 09:56:20] Attack filter: ALL
[2026-09-08 09:56:20] Dataset filter: ALL
[2026-09-08 09:56:20] Attack filter: ALL
[2026-09-08 09:56:20] Kind filter: ALL
[2026-09-08 09:56:20] Attack filter: ALL
[2026-09-08 09:56:20] Kind filter: ALL
[2026-09-08 09:56:20] Run log: /Users/jgafur/LTH/manuscript/Tranfer/logs/adversarial_orchestrate_generate_20260908_095620.log
[2026-09-08 09:56:20] Kind filter: ALL
[2026-09-08 09:56:20] Run log: /Users/jgafur/LTH/manuscript/Tranfer/logs/adversarial_orchestrate_generate_20260908_095620.log
[2026-09-08 09:56:20] Run log: /Users/jgafur/LTH/manuscript/Tranfer/logs/adversarial_orchestrate_generate_20260908_095620.log
[2026-09-08 09:56:20] qsub command found: /opt/sge/bin/lx-amd64/qsub
[2026-09-08 09:56:20] qsub command found: /opt/sge/bin/lx-amd64/qsub
[2026-09-08 09:56:20] Found submission file: /Users/jgafur/LTH/manuscript/Tranfer/adversarial_hpc_submit.pbs
[2026-09-08 09:56:20] Found submission file: /Users/jgafur/LTH/manuscript/Tranfer/adversarial_hpc_submit.pbs
[2026-09-08 09:56:20] ============================================================================
[2026-09-08 09:56:20] qsub command found: /opt/sge/bin/lx-amd64/qsub
[2026-09-08 09:56:20] ============================================================================
[2026-09-08 09:56:20] Adversarial Analysis HPC Orchestration
[2026-09-08 09:56:20] Found submission file: /Users/jgafur/LTH/manuscript/Tranfer/adversarial_hpc_submit.pbs
[2026-09-08 09:56:20] Adversarial Analysis HPC Orchestration
[2026-09-08 09:56:20] ============================================================================
[2026-09-08 09:56:20] ============================================================================
[2026-09-08 09:56:20] ============================================================================
[2026-09-08 09:56:20] Adversarial Analysis HPC Orchestration
[2026-09-08 09:56:20] Phase:       generate
[2026-09-08 09:56:20] Phase:       generate
[2026-09-08 09:56:20] Output Dir:  adversarial_results_ep300_pre100
[2026-09-08 09:56:20] ============================================================================
[2026-09-08 09:56:20] Models:      6 architectures
[2026-09-08 09:56:20] Output Dir:  adversarial_results_ep100_pre300
[2026-09-08 09:56:20] Phase:       generate
[2026-09-08 09:56:20] Datasets:    3 datasets
[2026-09-08 09:56:20] Models:      6 architectures
[2026-09-08 09:56:20] Output Dir:  adversarial_results_ep200_pre200
[2026-09-08 09:56:20] Attacks:     7 attack types
[2026-09-08 09:56:20] Datasets:    3 datasets
[2026-09-08 09:56:20] Models:      6 architectures
[2026-09-08 09:56:20] Total Jobs:  ~126
[2026-09-08 09:56:20] Attacks:     7 attack types
[2026-09-08 09:56:20] Datasets:    3 datasets
[2026-09-08 09:56:20] ============================================================================
[2026-09-08 09:56:20] Total Jobs:  ~126
[2026-09-08 09:56:20] Attacks:     7 attack types
[2026-09-08 09:56:20] ============================================================================
[2026-09-08 09:56:20] Total Jobs:  ~126
[2026-09-08 09:56:20] Run outputs will be written as txt files in manuscript/Tranfer/
[2026-09-08 09:56:20] ============================================================================
[2026-09-08 09:56:20] Run outputs will be written as txt files in manuscript/Tranfer/
[2026-09-08 09:56:20]   - generate:      <MODEL>_<DATASET>_<ATTACK>_<KIND>_generate_run.txt
[2026-09-08 09:56:20]   - analyze:       adversarial_analyze_run.txt
[2026-09-08 09:56:20]   - generate:      <MODEL>_<DATASET>_<ATTACK>_<KIND>_generate_run.txt
[2026-09-08 09:56:20] Run outputs will be written as txt files in manuscript/Tranfer/
[2026-09-08 09:56:20]   - plot:          adversarial_plot_run.txt
[2026-09-08 09:56:20]   - analyze:       adversarial_analyze_run.txt
[2026-09-08 09:56:20]   - generate:      <MODEL>_<DATASET>_<ATTACK>_<KIND>_generate_run.txt
[2026-09-08 09:56:20]   - gradient_sim:  adversarial_gradient_sim_run.txt
[2026-09-08 09:56:20]   - analyze:       adversarial_analyze_run.txt
[2026-09-08 09:56:20]   - plot:          adversarial_plot_run.txt
[2026-09-08 09:56:20]   - epsilon_sweep: adversarial_epsilon_sweep_run.txt
[2026-09-08 09:56:20]   - plot:          adversarial_plot_run.txt
[2026-09-08 09:56:20]   - gradient_sim:  adversarial_gradient_sim_run.txt
[2026-09-08 09:56:20]   - statistics:    adversarial_statistics_run.txt
[2026-09-08 09:56:20]   - gradient_sim:  adversarial_gradient_sim_run.txt
[2026-09-08 09:56:20]   - epsilon_sweep: adversarial_epsilon_sweep_run.txt
[2026-09-08 09:56:20]   - cka:           adversarial_cka_run.txt
[2026-09-08 09:56:20]   - epsilon_sweep: adversarial_epsilon_sweep_run.txt
[2026-09-08 09:56:20]   - statistics:    adversarial_statistics_run.txt
[2026-09-08 09:56:20]   - compare:       adversarial_compare_run.txt
[2026-09-08 09:56:20]   - statistics:    adversarial_statistics_run.txt
[2026-09-08 09:56:20]   - cka:           adversarial_cka_run.txt
[2026-09-08 09:56:20]   - compute_tradeoff: adversarial_compute_tradeoff_run.txt
[2026-09-08 09:56:20]   - cka:           adversarial_cka_run.txt
[2026-09-08 09:56:20]   - compare:       adversarial_compare_run.txt
[2026-09-08 09:56:20]   - correlations:  adversarial_correlations_run.txt
[2026-09-08 09:56:20]   - compare:       adversarial_compare_run.txt
[2026-09-08 09:56:20]   - compute_tradeoff: adversarial_compute_tradeoff_run.txt
[2026-09-08 09:56:20]   - correlations:  adversarial_correlations_run.txt
[2026-09-08 09:56:20]   - compute_tradeoff: adversarial_compute_tradeoff_run.txt
[2026-09-08 09:56:20] [PHASE: GENERATE] Submitting attack generation jobs...
[2026-09-08 09:56:20] [PHASE: GENERATE] Submitting attack generation jobs...
[2026-09-08 09:56:20]   - correlations:  adversarial_correlations_run.txt
[2026-09-08 09:56:20] [SUBMIT] VGG16/Cifar10/PGD/ALL
[2026-09-08 09:56:20] [SUBMIT] VGG16/Cifar10/PGD/ALL
[2026-09-08 09:56:20] [PHASE: GENERATE] Submitting attack generation jobs...
[2026-09-08 09:56:20] [CMD] qsub -q all.q -l ngpus=1 -v MODEL="VGG16",DATASET="Cifar10",ATTACK="PGD",KIND="ALL",PHASE="generate",OUTPUT_DIR="adversarial_results_ep300_pre100" adversarial_hpc_submit.pbs </dev/null
[2026-09-08 09:56:20] [CMD] qsub -q all.q -l ngpus=1 -v MODEL="VGG16",DATASET="Cifar10",ATTACK="PGD",KIND="ALL",PHASE="generate",OUTPUT_DIR="adversarial_results_ep100_pre300" adversarial_hpc_submit.pbs </dev/null
[2026-09-08 09:56:20] [SUBMIT] VGG16/Cifar10/PGD/ALL
[2026-09-08 09:56:20] [CMD] qsub -q all.q -l ngpus=1 -v MODEL="VGG16",DATASET="Cifar10",ATTACK="PGD",KIND="ALL",PHASE="generate",OUTPUT_DIR="adversarial_results_ep200_pre200" adversarial_hpc_submit.pbs </dev/null
[2026-09-08 09:56:25] [OK] VGG16/Cifar10/PGD/ALL
[2026-09-08 09:56:25] [OK] qsub output: Your job 6479446 ("adversarial_hpc_submit.pbs") has been submitted
[2026-09-08 09:56:26] [SUBMIT] VGG16/Cifar10/FGSM/ALL
[2026-09-08 09:56:26] [CMD] qsub -q all.q -l ngpus=1 -v MODEL="VGG16",DATASET="Cifar10",ATTACK="FGSM",KIND="ALL",PHASE="generate",OUTPUT_DIR="adversarial_results_ep100_pre300" adversarial_hpc_submit.pbs </dev/null
[2026-09-08 09:56:27] [OK] VGG16/Cifar10/PGD/ALL
[2026-09-08 09:56:27] [OK] qsub output: Your job 6479447 ("adversarial_hpc_submit.pbs") has been submitted
[2026-09-08 09:56:27] [SUBMIT] VGG16/Cifar10/FGSM/ALL
[2026-09-08 09:56:27] [CMD] qsub -q all.q -l ngpus=1 -v MODEL="VGG16",DATASET="Cifar10",ATTACK="FGSM",KIND="ALL",PHASE="generate",OUTPUT_DIR="adversarial_results_ep300_pre100" adversarial_hpc_submit.pbs </dev/null
[2026-09-08 09:56:33] [OK] VGG16/Cifar10/PGD/ALL
[2026-09-08 09:56:33] [OK] qsub output: Your job 6479448 ("adversarial_hpc_submit.pbs") has been submitted
[2026-09-08 09:56:33] [SUBMIT] VGG16/Cifar10/FGSM/ALL
[2026-09-08 09:56:33] [CMD] qsub -q all.q -l ngpus=1 -v MODEL="VGG16",DATASET="Cifar10",ATTACK="FGSM",KIND="ALL",PHASE="generate",OUTPUT_DIR="adversarial_results_ep200_pre200" adversarial_hpc_submit.pbs </dev/null
[2026-09-08 09:56:34] [OK] VGG16/Cifar10/FGSM/ALL
[2026-09-08 09:56:34] [OK] qsub output: Your job 6479450 ("adversarial_hpc_submit.pbs") has been submitted
[2026-09-08 09:56:34] [SUBMIT] VGG16/Cifar10/IFGSM/ALL
[2026-09-08 09:56:34] [CMD] qsub -q all.q -l ngpus=1 -v MODEL="VGG16",DATASET="Cifar10",ATTACK="IFGSM",KIND="ALL",PHASE="generate",OUTPUT_DIR="adversarial_results_ep300_pre100" adversarial_hpc_submit.pbs </dev/null
[2026-09-08 09:56:36] [OK] VGG16/Cifar10/FGSM/ALL
[2026-09-08 09:56:36] [OK] qsub output: Your job 6479449 ("adversarial_hpc_submit.pbs") has been submitted
[2026-09-08 09:56:36] [SUBMIT] VGG16/Cifar10/IFGSM/ALL
[2026-09-08 09:56:36] [CMD] qsub -q all.q -l ngpus=1 -v MODEL="VGG16",DATASET="Cifar10",ATTACK="IFGSM",KIND="ALL",PHASE="generate",OUTPUT_DIR="adversarial_results_ep100_pre300" adversarial_hpc_submit.pbs </dev/null
[2026-09-08 09:56:38] [OK] VGG16/Cifar10/IFGSM/ALL
[2026-09-08 09:56:38] [OK] qsub output: Your job 6479452 ("adversarial_hpc_submit.pbs") has been submitted
[2026-09-08 09:56:38] [SUBMIT] VGG16/Cifar10/BIM/ALL
[2026-09-08 09:56:38] [CMD] qsub -q all.q -l ngpus=1 -v MODEL="VGG16",DATASET="Cifar10",ATTACK="BIM",KIND="ALL",PHASE="generate",OUTPUT_DIR="adversarial_results_ep300_pre100" adversarial_hpc_submit.pbs </dev/null
[2026-09-08 09:56:44] [OK] VGG16/Cifar10/FGSM/ALL
[2026-09-08 09:56:44] [OK] qsub output: Your job 6479451 ("adversarial_hpc_submit.pbs") has been submitted
[2026-09-08 09:56:44] [SUBMIT] VGG16/Cifar10/IFGSM/ALL
[2026-09-08 09:56:44] [CMD] qsub -q all.q -l ngpus=1 -v MODEL="VGG16",DATASET="Cifar10",ATTACK="IFGSM",KIND="ALL",PHASE="generate",OUTPUT_DIR="adversarial_results_ep200_pre200" adversarial_hpc_submit.pbs </dev/null
[2026-09-08 09:56:47] [OK] VGG16/Cifar10/IFGSM/ALL
[2026-09-08 09:56:47] [OK] qsub output: Your job 6479453 ("adversarial_hpc_submit.pbs") has been submitted
[2026-09-08 09:56:47] [SUBMIT] VGG16/Cifar10/BIM/ALL
[2026-09-08 09:56:47] [CMD] qsub -q all.q -l ngpus=1 -v MODEL="VGG16",DATASET="Cifar10",ATTACK="BIM",KIND="ALL",PHASE="generate",OUTPUT_DIR="adversarial_results_ep100_pre300" adversarial_hpc_submit.pbs </dev/null
[2026-09-08 09:56:52] [OK] VGG16/Cifar10/BIM/ALL
[2026-09-08 09:56:52] [OK] qsub output: Your job 6479454 ("adversarial_hpc_submit.pbs") has been submitted
[2026-09-08 09:56:52] [SUBMIT] VGG16/Cifar10/APGD/ALL
[2026-09-08 09:56:52] [CMD] qsub -q all.q -l ngpus=1 -v MODEL="VGG16",DATASET="Cifar10",ATTACK="APGD",KIND="ALL",PHASE="generate",OUTPUT_DIR="adversarial_results_ep300_pre100" adversarial_hpc_submit.pbs </dev/null
[2026-09-08 09:56:56] [OK] VGG16/Cifar10/IFGSM/ALL
[2026-09-08 09:56:56] [OK] qsub output: Your job 6479456 ("adversarial_hpc_submit.pbs") has been submitted
[2026-09-08 09:56:56] [SUBMIT] VGG16/Cifar10/BIM/ALL
[2026-09-08 09:56:56] [CMD] qsub -q all.q -l ngpus=1 -v MODEL="VGG16",DATASET="Cifar10",ATTACK="BIM",KIND="ALL",PHASE="generate",OUTPUT_DIR="adversarial_results_ep200_pre200" adversarial_hpc_submit.pbs </dev/null
[2026-09-08 09:57:02] [OK] VGG16/Cifar10/BIM/ALL
[2026-09-08 09:57:02] [OK] qsub output: Your job 6479457 ("adversarial_hpc_submit.pbs") has been submitted
[2026-09-08 09:57:02] [SUBMIT] VGG16/Cifar10/APGD/ALL
[2026-09-08 09:57:02] [CMD] qsub -q all.q -l ngpus=1 -v MODEL="VGG16",DATASET="Cifar10",ATTACK="APGD",KIND="ALL",PHASE="generate",OUTPUT_DIR="adversarial_results_ep100_pre300" adversarial_hpc_submit.pbs </dev/null
[2026-09-08 09:57:04] [OK] VGG16/Cifar10/APGD/ALL
[2026-09-08 09:57:04] [OK] qsub output: Your job 6479458 ("adversarial_hpc_submit.pbs") has been submitted
[2026-09-08 09:57:04] [SUBMIT] VGG16/Cifar10/CW/ALL
[2026-09-08 09:57:04] [CMD] qsub -q all.q -l ngpus=1 -v MODEL="VGG16",DATASET="Cifar10",ATTACK="CW",KIND="ALL",PHASE="generate",OUTPUT_DIR="adversarial_results_ep300_pre100" adversarial_hpc_submit.pbs </dev/null
[2026-09-08 09:57:11] [OK] VGG16/Cifar10/BIM/ALL
[2026-09-08 09:57:11] [OK] qsub output: Your job 6479459 ("adversarial_hpc_submit.pbs") has been submitted
[2026-09-08 09:57:11] [SUBMIT] VGG16/Cifar10/APGD/ALL
[2026-09-08 09:57:11] [CMD] qsub -q all.q -l ngpus=1 -v MODEL="VGG16",DATASET="Cifar10",ATTACK="APGD",KIND="ALL",PHASE="generate",OUTPUT_DIR="adversarial_results_ep200_pre200" adversarial_hpc_submit.pbs </dev/null
[2026-09-08 09:57:16] [OK] VGG16/Cifar10/APGD/ALL
[2026-09-08 09:57:16] [OK] qsub output: Your job 6479461 ("adversarial_hpc_submit.pbs") has been submitted
[2026-09-08 09:57:16] [SUBMIT] VGG16/Cifar10/CW/ALL
[2026-09-08 09:57:16] [CMD] qsub -q all.q -l ngpus=1 -v MODEL="VGG16",DATASET="Cifar10",ATTACK="CW",KIND="ALL",PHASE="generate",OUTPUT_DIR="adversarial_results_ep100_pre300" adversarial_hpc_submit.pbs </dev/null
[2026-09-08 09:57:18] [OK] VGG16/Cifar10/CW/ALL
[2026-09-08 09:57:18] [OK] qsub output: Your job 6479462 ("adversarial_hpc_submit.pbs") has been submitted
[2026-09-08 09:57:18] [SUBMIT] VGG16/Cifar10/DeepFool/ALL
[2026-09-08 09:57:18] [CMD] qsub -q all.q -l ngpus=1 -v MODEL="VGG16",DATASET="Cifar10",ATTACK="DeepFool",KIND="ALL",PHASE="generate",OUTPUT_DIR="adversarial_results_ep300_pre100" adversarial_hpc_submit.pbs </dev/null
[2026-09-08 09:57:19] [OK] VGG16/Cifar10/APGD/ALL
[2026-09-08 09:57:19] [OK] qsub output: Your job 6479463 ("adversarial_hpc_submit.pbs") has been submitted
[2026-09-08 09:57:19] [SUBMIT] VGG16/Cifar10/CW/ALL
[2026-09-08 09:57:19] [CMD] qsub -q all.q -l ngpus=1 -v MODEL="VGG16",DATASET="Cifar10",ATTACK="CW",KIND="ALL",PHASE="generate",OUTPUT_DIR="adversarial_results_ep200_pre200" adversarial_hpc_submit.pbs </dev/null
[2026-09-08 09:57:22] [OK] VGG16/Cifar10/DeepFool/ALL
[2026-09-08 09:57:22] [OK] qsub output: Your job 6479466 ("adversarial_hpc_submit.pbs") has been submitted
[2026-09-08 09:57:22] [SUBMIT] VGG16/Cifar100/PGD/ALL
[2026-09-08 09:57:22] [CMD] qsub -q all.q -l ngpus=1 -v MODEL="VGG16",DATASET="Cifar100",ATTACK="PGD",KIND="ALL",PHASE="generate",OUTPUT_DIR="adversarial_results_ep300_pre100" adversarial_hpc_submit.pbs </dev/null
[2026-09-08 09:57:24] [OK] VGG16/Cifar10/CW/ALL
[2026-09-08 09:57:24] [OK] qsub output: Your job 6479465 ("adversarial_hpc_submit.pbs") has been submitted
[2026-09-08 09:57:24] [SUBMIT] VGG16/Cifar10/DeepFool/ALL
[2026-09-08 09:57:24] [CMD] qsub -q all.q -l ngpus=1 -v MODEL="VGG16",DATASET="Cifar10",ATTACK="DeepFool",KIND="ALL",PHASE="generate",OUTPUT_DIR="adversarial_results_ep100_pre300" adversarial_hpc_submit.pbs </dev/null
[2026-09-08 09:57:24] [OK] VGG16/Cifar10/CW/ALL
[2026-09-08 09:57:24] [OK] qsub output: Your job 6479467 ("adversarial_hpc_submit.pbs") has been submitted
[2026-09-08 09:57:25] [SUBMIT] VGG16/Cifar10/DeepFool/ALL
[2026-09-08 09:57:25] [CMD] qsub -q all.q -l ngpus=1 -v MODEL="VGG16",DATASET="Cifar10",ATTACK="DeepFool",KIND="ALL",PHASE="generate",OUTPUT_DIR="adversarial_results_ep200_pre200" adversarial_hpc_submit.pbs </dev/null
[2026-09-08 09:57:27] [OK] VGG16/Cifar100/PGD/ALL
[2026-09-08 09:57:27] [OK] qsub output: Your job 6479468 ("adversarial_hpc_submit.pbs") has been submitted
[2026-09-08 09:57:27] [SUBMIT] VGG16/Cifar100/FGSM/ALL
[2026-09-08 09:57:27] [CMD] qsub -q all.q -l ngpus=1 -v MODEL="VGG16",DATASET="Cifar100",ATTACK="FGSM",KIND="ALL",PHASE="generate",OUTPUT_DIR="adversarial_results_ep300_pre100" adversarial_hpc_submit.pbs </dev/null
[2026-09-08 09:57:29] [OK] VGG16/Cifar10/DeepFool/ALL
[2026-09-08 09:57:29] [OK] qsub output: Your job 6479470 ("adversarial_hpc_submit.pbs") has been submitted
[2026-09-08 09:57:29] [SUBMIT] VGG16/Cifar100/PGD/ALL
[2026-09-08 09:57:29] [CMD] qsub -q all.q -l ngpus=1 -v MODEL="VGG16",DATASET="Cifar100",ATTACK="PGD",KIND="ALL",PHASE="generate",OUTPUT_DIR="adversarial_results_ep200_pre200" adversarial_hpc_submit.pbs </dev/null
[2026-09-08 09:57:31] [OK] VGG16/Cifar10/DeepFool/ALL
[2026-09-08 09:57:31] [OK] qsub output: Your job 6479469 ("adversarial_hpc_submit.pbs") has been submitted
[2026-09-08 09:57:31] [SUBMIT] VGG16/Cifar100/PGD/ALL
[2026-09-08 09:57:31] [CMD] qsub -q all.q -l ngpus=1 -v MODEL="VGG16",DATASET="Cifar100",ATTACK="PGD",KIND="ALL",PHASE="generate",OUTPUT_DIR="adversarial_results_ep100_pre300" adversarial_hpc_submit.pbs </dev/null
[2026-09-08 09:57:32] [OK] VGG16/Cifar100/FGSM/ALL
[2026-09-08 09:57:32] [OK] qsub output: Your job 6479471 ("adversarial_hpc_submit.pbs") has been submitted
[2026-09-08 09:57:32] [SUBMIT] VGG16/Cifar100/IFGSM/ALL
[2026-09-08 09:57:32] [CMD] qsub -q all.q -l ngpus=1 -v MODEL="VGG16",DATASET="Cifar100",ATTACK="IFGSM",KIND="ALL",PHASE="generate",OUTPUT_DIR="adversarial_results_ep300_pre100" adversarial_hpc_submit.pbs </dev/null
[2026-09-08 09:57:39] [OK] VGG16/Cifar100/PGD/ALL
[2026-09-08 09:57:39] [OK] qsub output: Your job 6479472 ("adversarial_hpc_submit.pbs") has been submitted
[2026-09-08 09:57:39] [SUBMIT] VGG16/Cifar100/FGSM/ALL
[2026-09-08 09:57:39] [CMD] qsub -q all.q -l ngpus=1 -v MODEL="VGG16",DATASET="Cifar100",ATTACK="FGSM",KIND="ALL",PHASE="generate",OUTPUT_DIR="adversarial_results_ep200_pre200" adversarial_hpc_submit.pbs </dev/null
[2026-09-08 09:57:40] [OK] VGG16/Cifar100/PGD/ALL
[2026-09-08 09:57:40] [OK] qsub output: Your job 6479473 ("adversarial_hpc_submit.pbs") has been submitted
[2026-09-08 09:57:41] [SUBMIT] VGG16/Cifar100/FGSM/ALL
[2026-09-08 09:57:41] [CMD] qsub -q all.q -l ngpus=1 -v MODEL="VGG16",DATASET="Cifar100",ATTACK="FGSM",KIND="ALL",PHASE="generate",OUTPUT_DIR="adversarial_results_ep100_pre300" adversarial_hpc_submit.pbs </dev/null
[2026-09-08 09:57:46] [OK] VGG16/Cifar100/FGSM/ALL
[2026-09-08 09:57:46] [OK] qsub output: Your job 6479475 ("adversarial_hpc_submit.pbs") has been submitted
[2026-09-08 09:57:46] [SUBMIT] VGG16/Cifar100/IFGSM/ALL
[2026-09-08 09:57:46] [CMD] qsub -q all.q -l ngpus=1 -v MODEL="VGG16",DATASET="Cifar100",ATTACK="IFGSM",KIND="ALL",PHASE="generate",OUTPUT_DIR="adversarial_results_ep200_pre200" adversarial_hpc_submit.pbs </dev/null
[2026-09-08 09:57:46] [OK] VGG16/Cifar100/IFGSM/ALL
[2026-09-08 09:57:46] [OK] qsub output: Your job 6479474 ("adversarial_hpc_submit.pbs") has been submitted
[2026-09-08 09:57:46] [SUBMIT] VGG16/Cifar100/BIM/ALL
[2026-09-08 09:57:46] [CMD] qsub -q all.q -l ngpus=1 -v MODEL="VGG16",DATASET="Cifar100",ATTACK="BIM",KIND="ALL",PHASE="generate",OUTPUT_DIR="adversarial_results_ep300_pre100" adversarial_hpc_submit.pbs </dev/null
[2026-09-08 09:57:48] [OK] VGG16/Cifar100/IFGSM/ALL
[2026-09-08 09:57:48] [OK] qsub output: Your job 6479477 ("adversarial_hpc_submit.pbs") has been submitted
[2026-09-08 09:57:48] [SUBMIT] VGG16/Cifar100/BIM/ALL
[2026-09-08 09:57:48] [CMD] qsub -q all.q -l ngpus=1 -v MODEL="VGG16",DATASET="Cifar100",ATTACK="BIM",KIND="ALL",PHASE="generate",OUTPUT_DIR="adversarial_results_ep200_pre200" adversarial_hpc_submit.pbs </dev/null
[2026-09-08 09:57:52] [OK] VGG16/Cifar100/BIM/ALL
[2026-09-08 09:57:52] [OK] qsub output: Your job 6479478 ("adversarial_hpc_submit.pbs") has been submitted
[2026-09-08 09:57:52] [SUBMIT] VGG16/Cifar100/APGD/ALL
[2026-09-08 09:57:52] [CMD] qsub -q all.q -l ngpus=1 -v MODEL="VGG16",DATASET="Cifar100",ATTACK="APGD",KIND="ALL",PHASE="generate",OUTPUT_DIR="adversarial_results_ep300_pre100" adversarial_hpc_submit.pbs </dev/null
[2026-09-08 09:57:53] [OK] VGG16/Cifar100/FGSM/ALL
[2026-09-08 09:57:53] [OK] qsub output: Your job 6479476 ("adversarial_hpc_submit.pbs") has been submitted
[2026-09-08 09:57:53] [SUBMIT] VGG16/Cifar100/IFGSM/ALL
[2026-09-08 09:57:53] [CMD] qsub -q all.q -l ngpus=1 -v MODEL="VGG16",DATASET="Cifar100",ATTACK="IFGSM",KIND="ALL",PHASE="generate",OUTPUT_DIR="adversarial_results_ep100_pre300" adversarial_hpc_submit.pbs </dev/null
[2026-09-08 09:57:57] [OK] VGG16/Cifar100/APGD/ALL
[2026-09-08 09:57:57] [OK] qsub output: Your job 6479480 ("adversarial_hpc_submit.pbs") has been submitted
[2026-09-08 09:57:57] [SUBMIT] VGG16/Cifar100/CW/ALL
[2026-09-08 09:57:57] [CMD] qsub -q all.q -l ngpus=1 -v MODEL="VGG16",DATASET="Cifar100",ATTACK="CW",KIND="ALL",PHASE="generate",OUTPUT_DIR="adversarial_results_ep300_pre100" adversarial_hpc_submit.pbs </dev/null
[2026-09-08 09:57:58] [OK] VGG16/Cifar100/IFGSM/ALL
[2026-09-08 09:57:58] [OK] qsub output: Your job 6479481 ("adversarial_hpc_submit.pbs") has been submitted
[2026-09-08 09:57:59] [SUBMIT] VGG16/Cifar100/BIM/ALL
[2026-09-08 09:57:59] [CMD] qsub -q all.q -l ngpus=1 -v MODEL="VGG16",DATASET="Cifar100",ATTACK="BIM",KIND="ALL",PHASE="generate",OUTPUT_DIR="adversarial_results_ep100_pre300" adversarial_hpc_submit.pbs </dev/null
[2026-09-08 09:57:59] [OK] VGG16/Cifar100/BIM/ALL
[2026-09-08 09:57:59] [OK] qsub output: Your job 6479479 ("adversarial_hpc_submit.pbs") has been submitted
[2026-09-08 09:57:59] [SUBMIT] VGG16/Cifar100/APGD/ALL
[2026-09-08 09:57:59] [CMD] qsub -q all.q -l ngpus=1 -v MODEL="VGG16",DATASET="Cifar100",ATTACK="APGD",KIND="ALL",PHASE="generate",OUTPUT_DIR="adversarial_results_ep200_pre200" adversarial_hpc_submit.pbs </dev/null
[2026-09-08 09:58:00] [OK] VGG16/Cifar100/CW/ALL
[2026-09-08 09:58:00] [OK] qsub output: Your job 6479482 ("adversarial_hpc_submit.pbs") has been submitted
[2026-09-08 09:58:00] [SUBMIT] VGG16/Cifar100/DeepFool/ALL
[2026-09-08 09:58:00] [CMD] qsub -q all.q -l ngpus=1 -v MODEL="VGG16",DATASET="Cifar100",ATTACK="DeepFool",KIND="ALL",PHASE="generate",OUTPUT_DIR="adversarial_results_ep300_pre100" adversarial_hpc_submit.pbs </dev/null
[2026-09-08 09:58:01] [OK] VGG16/Cifar100/BIM/ALL
[2026-09-08 09:58:01] [OK] qsub output: Your job 6479483 ("adversarial_hpc_submit.pbs") has been submitted
[2026-09-08 09:58:01] [SUBMIT] VGG16/Cifar100/APGD/ALL
[2026-09-08 09:58:01] [CMD] qsub -q all.q -l ngpus=1 -v MODEL="VGG16",DATASET="Cifar100",ATTACK="APGD",KIND="ALL",PHASE="generate",OUTPUT_DIR="adversarial_results_ep100_pre300" adversarial_hpc_submit.pbs </dev/null
[2026-09-08 09:58:02] [OK] VGG16/Cifar100/APGD/ALL
[2026-09-08 09:58:02] [OK] qsub output: Your job 6479484 ("adversarial_hpc_submit.pbs") has been submitted
[2026-09-08 09:58:02] [SUBMIT] VGG16/Cifar100/CW/ALL
[2026-09-08 09:58:02] [CMD] qsub -q all.q -l ngpus=1 -v MODEL="VGG16",DATASET="Cifar100",ATTACK="CW",KIND="ALL",PHASE="generate",OUTPUT_DIR="adversarial_results_ep200_pre200" adversarial_hpc_submit.pbs </dev/null
[2026-09-08 09:58:05] [OK] VGG16/Cifar100/DeepFool/ALL
[2026-09-08 09:58:05] [OK] qsub output: Your job 6479485 ("adversarial_hpc_submit.pbs") has been submitted
[2026-09-08 09:58:05] [SUBMIT] VGG16/TinyImageNet/PGD/ALL
[2026-09-08 09:58:05] [CMD] qsub -q all.q -l ngpus=1 -v MODEL="VGG16",DATASET="TinyImageNet",ATTACK="PGD",KIND="ALL",PHASE="generate",OUTPUT_DIR="adversarial_results_ep300_pre100" adversarial_hpc_submit.pbs </dev/null
[2026-09-08 09:58:10] [OK] VGG16/Cifar100/APGD/ALL
[2026-09-08 09:58:10] [OK] qsub output: Your job 6479486 ("adversarial_hpc_submit.pbs") has been submitted
[2026-09-08 09:58:10] [SUBMIT] VGG16/Cifar100/CW/ALL
[2026-09-08 09:58:10] [CMD] qsub -q all.q -l ngpus=1 -v MODEL="VGG16",DATASET="Cifar100",ATTACK="CW",KIND="ALL",PHASE="generate",OUTPUT_DIR="adversarial_results_ep100_pre300" adversarial_hpc_submit.pbs </dev/null
[2026-09-08 09:58:11] [OK] VGG16/TinyImageNet/PGD/ALL
[2026-09-08 09:58:11] [OK] qsub output: Your job 6479488 ("adversarial_hpc_submit.pbs") has been submitted
[2026-09-08 09:58:11] [SUBMIT] VGG16/TinyImageNet/FGSM/ALL
[2026-09-08 09:58:11] [CMD] qsub -q all.q -l ngpus=1 -v MODEL="VGG16",DATASET="TinyImageNet",ATTACK="FGSM",KIND="ALL",PHASE="generate",OUTPUT_DIR="adversarial_results_ep300_pre100" adversarial_hpc_submit.pbs </dev/null
[2026-09-08 09:58:12] [OK] VGG16/Cifar100/CW/ALL
[2026-09-08 09:58:12] [OK] qsub output: Your job 6479487 ("adversarial_hpc_submit.pbs") has been submitted
[2026-09-08 09:58:12] [SUBMIT] VGG16/Cifar100/DeepFool/ALL
[2026-09-08 09:58:12] [CMD] qsub -q all.q -l ngpus=1 -v MODEL="VGG16",DATASET="Cifar100",ATTACK="DeepFool",KIND="ALL",PHASE="generate",OUTPUT_DIR="adversarial_results_ep200_pre200" adversarial_hpc_submit.pbs </dev/null
[2026-09-08 09:58:13] [OK] VGG16/Cifar100/CW/ALL
[2026-09-08 09:58:13] [OK] qsub output: Your job 6479489 ("adversarial_hpc_submit.pbs") has been submitted
[2026-09-08 09:58:13] [SUBMIT] VGG16/Cifar100/DeepFool/ALL
[2026-09-08 09:58:13] [CMD] qsub -q all.q -l ngpus=1 -v MODEL="VGG16",DATASET="Cifar100",ATTACK="DeepFool",KIND="ALL",PHASE="generate",OUTPUT_DIR="adversarial_results_ep100_pre300" adversarial_hpc_submit.pbs </dev/null
[2026-09-08 09:58:17] [OK] VGG16/Cifar100/DeepFool/ALL
[2026-09-08 09:58:17] [OK] qsub output: Your job 6479491 ("adversarial_hpc_submit.pbs") has been submitted
[2026-09-08 09:58:17] [SUBMIT] VGG16/TinyImageNet/PGD/ALL
[2026-09-08 09:58:17] [CMD] qsub -q all.q -l ngpus=1 -v MODEL="VGG16",DATASET="TinyImageNet",ATTACK="PGD",KIND="ALL",PHASE="generate",OUTPUT_DIR="adversarial_results_ep200_pre200" adversarial_hpc_submit.pbs </dev/null
[2026-09-08 09:58:17] [OK] VGG16/TinyImageNet/FGSM/ALL
[2026-09-08 09:58:17] [OK] qsub output: Your job 6479490 ("adversarial_hpc_submit.pbs") has been submitted
[2026-09-08 09:58:18] [SUBMIT] VGG16/TinyImageNet/IFGSM/ALL
[2026-09-08 09:58:18] [CMD] qsub -q all.q -l ngpus=1 -v MODEL="VGG16",DATASET="TinyImageNet",ATTACK="IFGSM",KIND="ALL",PHASE="generate",OUTPUT_DIR="adversarial_results_ep300_pre100" adversarial_hpc_submit.pbs </dev/null
[2026-09-08 09:58:23] [OK] VGG16/Cifar100/DeepFool/ALL
[2026-09-08 09:58:24] [OK] qsub output: Your job 6479492 ("adversarial_hpc_submit.pbs") has been submitted
[2026-09-08 09:58:24] [SUBMIT] VGG16/TinyImageNet/PGD/ALL
[2026-09-08 09:58:24] [CMD] qsub -q all.q -l ngpus=1 -v MODEL="VGG16",DATASET="TinyImageNet",ATTACK="PGD",KIND="ALL",PHASE="generate",OUTPUT_DIR="adversarial_results_ep100_pre300" adversarial_hpc_submit.pbs </dev/null
[2026-09-08 09:58:25] [OK] VGG16/TinyImageNet/IFGSM/ALL
[2026-09-08 09:58:26] [OK] qsub output: Your job 6479494 ("adversarial_hpc_submit.pbs") has been submitted
[2026-09-08 09:58:26] [SUBMIT] VGG16/TinyImageNet/BIM/ALL
[2026-09-08 09:58:26] [CMD] qsub -q all.q -l ngpus=1 -v MODEL="VGG16",DATASET="TinyImageNet",ATTACK="BIM",KIND="ALL",PHASE="generate",OUTPUT_DIR="adversarial_results_ep300_pre100" adversarial_hpc_submit.pbs </dev/null
[2026-09-08 09:58:27] [OK] VGG16/TinyImageNet/PGD/ALL
[2026-09-08 09:58:27] [OK] qsub output: Your job 6479493 ("adversarial_hpc_submit.pbs") has been submitted
[2026-09-08 09:58:27] [SUBMIT] VGG16/TinyImageNet/FGSM/ALL
[2026-09-08 09:58:27] [CMD] qsub -q all.q -l ngpus=1 -v MODEL="VGG16",DATASET="TinyImageNet",ATTACK="FGSM",KIND="ALL",PHASE="generate",OUTPUT_DIR="adversarial_results_ep200_pre200" adversarial_hpc_submit.pbs </dev/null
[2026-09-08 09:58:31] [OK] VGG16/TinyImageNet/PGD/ALL
[2026-09-08 09:58:31] [OK] qsub output: Your job 6479495 ("adversarial_hpc_submit.pbs") has been submitted
[2026-09-08 09:58:31] [SUBMIT] VGG16/TinyImageNet/FGSM/ALL
[2026-09-08 09:58:31] [CMD] qsub -q all.q -l ngpus=1 -v MODEL="VGG16",DATASET="TinyImageNet",ATTACK="FGSM",KIND="ALL",PHASE="generate",OUTPUT_DIR="adversarial_results_ep100_pre300" adversarial_hpc_submit.pbs </dev/null
[2026-09-08 09:58:34] [OK] VGG16/TinyImageNet/BIM/ALL
[2026-09-08 09:58:34] [OK] qsub output: Your job 6479496 ("adversarial_hpc_submit.pbs") has been submitted
[2026-09-08 09:58:34] [SUBMIT] VGG16/TinyImageNet/APGD/ALL
[2026-09-08 09:58:34] [CMD] qsub -q all.q -l ngpus=1 -v MODEL="VGG16",DATASET="TinyImageNet",ATTACK="APGD",KIND="ALL",PHASE="generate",OUTPUT_DIR="adversarial_results_ep300_pre100" adversarial_hpc_submit.pbs </dev/null
[2026-09-08 09:58:39] [OK] VGG16/TinyImageNet/FGSM/ALL
[2026-09-08 09:58:39] [OK] qsub output: Your job 6479498 ("adversarial_hpc_submit.pbs") has been submitted
[2026-09-08 09:58:39] [SUBMIT] VGG16/TinyImageNet/IFGSM/ALL
[2026-09-08 09:58:39] [CMD] qsub -q all.q -l ngpus=1 -v MODEL="VGG16",DATASET="TinyImageNet",ATTACK="IFGSM",KIND="ALL",PHASE="generate",OUTPUT_DIR="adversarial_results_ep100_pre300" adversarial_hpc_submit.pbs </dev/null
[2026-09-08 09:58:40] [OK] VGG16/TinyImageNet/FGSM/ALL
[2026-09-08 09:58:40] [OK] qsub output: Your job 6479497 ("adversarial_hpc_submit.pbs") has been submitted
[2026-09-08 09:58:40] [SUBMIT] VGG16/TinyImageNet/IFGSM/ALL
[2026-09-08 09:58:40] [CMD] qsub -q all.q -l ngpus=1 -v MODEL="VGG16",DATASET="TinyImageNet",ATTACK="IFGSM",KIND="ALL",PHASE="generate",OUTPUT_DIR="adversarial_results_ep200_pre200" adversarial_hpc_submit.pbs </dev/null
[2026-09-08 09:58:45] [OK] VGG16/TinyImageNet/APGD/ALL
[2026-09-08 09:58:45] [OK] qsub output: Your job 6479499 ("adversarial_hpc_submit.pbs") has been submitted
[2026-09-08 09:58:45] [SUBMIT] VGG16/TinyImageNet/CW/ALL
[2026-09-08 09:58:45] [CMD] qsub -q all.q -l ngpus=1 -v MODEL="VGG16",DATASET="TinyImageNet",ATTACK="CW",KIND="ALL",PHASE="generate",OUTPUT_DIR="adversarial_results_ep300_pre100" adversarial_hpc_submit.pbs </dev/null
[2026-09-08 09:58:46] [OK] VGG16/TinyImageNet/IFGSM/ALL
[2026-09-08 09:58:46] [OK] qsub output: Your job 6479501 ("adversarial_hpc_submit.pbs") has been submitted
[2026-09-08 09:58:46] [SUBMIT] VGG16/TinyImageNet/BIM/ALL
[2026-09-08 09:58:46] [CMD] qsub -q all.q -l ngpus=1 -v MODEL="VGG16",DATASET="TinyImageNet",ATTACK="BIM",KIND="ALL",PHASE="generate",OUTPUT_DIR="adversarial_results_ep200_pre200" adversarial_hpc_submit.pbs </dev/null
[2026-09-08 09:58:48] [OK] VGG16/TinyImageNet/IFGSM/ALL
[2026-09-08 09:58:48] [OK] qsub output: Your job 6479500 ("adversarial_hpc_submit.pbs") has been submitted
[2026-09-08 09:58:48] [SUBMIT] VGG16/TinyImageNet/BIM/ALL
[2026-09-08 09:58:48] [CMD] qsub -q all.q -l ngpus=1 -v MODEL="VGG16",DATASET="TinyImageNet",ATTACK="BIM",KIND="ALL",PHASE="generate",OUTPUT_DIR="adversarial_results_ep100_pre300" adversarial_hpc_submit.pbs </dev/null
[2026-09-08 09:58:53] [OK] VGG16/TinyImageNet/CW/ALL
[2026-09-08 09:58:53] [OK] qsub output: Your job 6479502 ("adversarial_hpc_submit.pbs") has been submitted
[2026-09-08 09:58:53] [SUBMIT] VGG16/TinyImageNet/DeepFool/ALL
[2026-09-08 09:58:53] [CMD] qsub -q all.q -l ngpus=1 -v MODEL="VGG16",DATASET="TinyImageNet",ATTACK="DeepFool",KIND="ALL",PHASE="generate",OUTPUT_DIR="adversarial_results_ep300_pre100" adversarial_hpc_submit.pbs </dev/null
[2026-09-08 09:58:56] [OK] VGG16/TinyImageNet/BIM/ALL
[2026-09-08 09:58:56] [OK] qsub output: Your job 6479503 ("adversarial_hpc_submit.pbs") has been submitted
[2026-09-08 09:58:56] [SUBMIT] VGG16/TinyImageNet/APGD/ALL
[2026-09-08 09:58:56] [CMD] qsub -q all.q -l ngpus=1 -v MODEL="VGG16",DATASET="TinyImageNet",ATTACK="APGD",KIND="ALL",PHASE="generate",OUTPUT_DIR="adversarial_results_ep200_pre200" adversarial_hpc_submit.pbs </dev/null
[2026-09-08 09:59:00] [OK] VGG16/TinyImageNet/BIM/ALL
[2026-09-08 09:59:00] [OK] qsub output: Your job 6479504 ("adversarial_hpc_submit.pbs") has been submitted
[2026-09-08 09:59:00] [SUBMIT] VGG16/TinyImageNet/APGD/ALL
[2026-09-08 09:59:00] [CMD] qsub -q all.q -l ngpus=1 -v MODEL="VGG16",DATASET="TinyImageNet",ATTACK="APGD",KIND="ALL",PHASE="generate",OUTPUT_DIR="adversarial_results_ep100_pre300" adversarial_hpc_submit.pbs </dev/null
[2026-09-08 09:59:03] [OK] VGG16/TinyImageNet/DeepFool/ALL
[2026-09-08 09:59:03] [OK] qsub output: Your job 6479505 ("adversarial_hpc_submit.pbs") has been submitted
[2026-09-08 09:59:03] [SUBMIT] RegNetX_400MF/Cifar10/PGD/ALL
[2026-09-08 09:59:03] [CMD] qsub -q all.q -l ngpus=1 -v MODEL="RegNetX_400MF",DATASET="Cifar10",ATTACK="PGD",KIND="ALL",PHASE="generate",OUTPUT_DIR="adversarial_results_ep300_pre100" adversarial_hpc_submit.pbs </dev/null
[2026-09-08 09:59:04] [OK] VGG16/TinyImageNet/APGD/ALL
[2026-09-08 09:59:04] [OK] qsub output: Your job 6479506 ("adversarial_hpc_submit.pbs") has been submitted
[2026-09-08 09:59:04] [SUBMIT] VGG16/TinyImageNet/CW/ALL
[2026-09-08 09:59:04] [CMD] qsub -q all.q -l ngpus=1 -v MODEL="VGG16",DATASET="TinyImageNet",ATTACK="CW",KIND="ALL",PHASE="generate",OUTPUT_DIR="adversarial_results_ep200_pre200" adversarial_hpc_submit.pbs </dev/null
[2026-09-08 09:59:09] [OK] RegNetX_400MF/Cifar10/PGD/ALL
[2026-09-08 09:59:09] [OK] qsub output: Your job 6479508 ("adversarial_hpc_submit.pbs") has been submitted
[2026-09-08 09:59:09] [SUBMIT] RegNetX_400MF/Cifar10/FGSM/ALL
[2026-09-08 09:59:09] [CMD] qsub -q all.q -l ngpus=1 -v MODEL="RegNetX_400MF",DATASET="Cifar10",ATTACK="FGSM",KIND="ALL",PHASE="generate",OUTPUT_DIR="adversarial_results_ep300_pre100" adversarial_hpc_submit.pbs </dev/null
[2026-09-08 09:59:12] [OK] VGG16/TinyImageNet/APGD/ALL
[2026-09-08 09:59:12] [OK] qsub output: Your job 6479507 ("adversarial_hpc_submit.pbs") has been submitted
[2026-09-08 09:59:12] [SUBMIT] VGG16/TinyImageNet/CW/ALL
[2026-09-08 09:59:12] [CMD] qsub -q all.q -l ngpus=1 -v MODEL="VGG16",DATASET="TinyImageNet",ATTACK="CW",KIND="ALL",PHASE="generate",OUTPUT_DIR="adversarial_results_ep100_pre300" adversarial_hpc_submit.pbs </dev/null
[2026-09-08 09:59:14] [OK] VGG16/TinyImageNet/CW/ALL
[2026-09-08 09:59:14] [OK] qsub output: Your job 6479509 ("adversarial_hpc_submit.pbs") has been submitted
[2026-09-08 09:59:14] [SUBMIT] VGG16/TinyImageNet/DeepFool/ALL
[2026-09-08 09:59:14] [CMD] qsub -q all.q -l ngpus=1 -v MODEL="VGG16",DATASET="TinyImageNet",ATTACK="DeepFool",KIND="ALL",PHASE="generate",OUTPUT_DIR="adversarial_results_ep200_pre200" adversarial_hpc_submit.pbs </dev/null
[2026-09-08 09:59:19] [OK] VGG16/TinyImageNet/CW/ALL
[2026-09-08 09:59:19] [OK] qsub output: Your job 6479511 ("adversarial_hpc_submit.pbs") has been submitted
[2026-09-08 09:59:19] [SUBMIT] VGG16/TinyImageNet/DeepFool/ALL
[2026-09-08 09:59:19] [CMD] qsub -q all.q -l ngpus=1 -v MODEL="VGG16",DATASET="TinyImageNet",ATTACK="DeepFool",KIND="ALL",PHASE="generate",OUTPUT_DIR="adversarial_results_ep100_pre300" adversarial_hpc_submit.pbs </dev/null
[2026-09-08 09:59:22] [OK] RegNetX_400MF/Cifar10/FGSM/ALL
[2026-09-08 09:59:22] [OK] qsub output: Your job 6479510 ("adversarial_hpc_submit.pbs") has been submitted
[2026-09-08 09:59:22] [SUBMIT] RegNetX_400MF/Cifar10/IFGSM/ALL
[2026-09-08 09:59:22] [CMD] qsub -q all.q -l ngpus=1 -v MODEL="RegNetX_400MF",DATASET="Cifar10",ATTACK="IFGSM",KIND="ALL",PHASE="generate",OUTPUT_DIR="adversarial_results_ep300_pre100" adversarial_hpc_submit.pbs </dev/null
[2026-09-08 09:59:23] [OK] VGG16/TinyImageNet/DeepFool/ALL
[2026-09-08 09:59:23] [OK] qsub output: Your job 6479512 ("adversarial_hpc_submit.pbs") has been submitted
[2026-09-08 09:59:23] [SUBMIT] RegNetX_400MF/Cifar10/PGD/ALL
[2026-09-08 09:59:23] [CMD] qsub -q all.q -l ngpus=1 -v MODEL="RegNetX_400MF",DATASET="Cifar10",ATTACK="PGD",KIND="ALL",PHASE="generate",OUTPUT_DIR="adversarial_results_ep200_pre200" adversarial_hpc_submit.pbs </dev/null
[2026-09-08 09:59:26] [OK] RegNetX_400MF/Cifar10/IFGSM/ALL
[2026-09-08 09:59:26] [OK] qsub output: Your job 6479514 ("adversarial_hpc_submit.pbs") has been submitted
[2026-09-08 09:59:26] [SUBMIT] RegNetX_400MF/Cifar10/BIM/ALL
[2026-09-08 09:59:26] [CMD] qsub -q all.q -l ngpus=1 -v MODEL="RegNetX_400MF",DATASET="Cifar10",ATTACK="BIM",KIND="ALL",PHASE="generate",OUTPUT_DIR="adversarial_results_ep300_pre100" adversarial_hpc_submit.pbs </dev/null
[2026-09-08 09:59:29] [OK] RegNetX_400MF/Cifar10/PGD/ALL
[2026-09-08 09:59:29] [OK] qsub output: Your job 6479515 ("adversarial_hpc_submit.pbs") has been submitted
[2026-09-08 09:59:29] [SUBMIT] RegNetX_400MF/Cifar10/FGSM/ALL
[2026-09-08 09:59:29] [CMD] qsub -q all.q -l ngpus=1 -v MODEL="RegNetX_400MF",DATASET="Cifar10",ATTACK="FGSM",KIND="ALL",PHASE="generate",OUTPUT_DIR="adversarial_results_ep200_pre200" adversarial_hpc_submit.pbs </dev/null
[2026-09-08 09:59:29] [OK] VGG16/TinyImageNet/DeepFool/ALL
[2026-09-08 09:59:29] [OK] qsub output: Your job 6479513 ("adversarial_hpc_submit.pbs") has been submitted
[2026-09-08 09:59:30] [SUBMIT] RegNetX_400MF/Cifar10/PGD/ALL
[2026-09-08 09:59:30] [CMD] qsub -q all.q -l ngpus=1 -v MODEL="RegNetX_400MF",DATASET="Cifar10",ATTACK="PGD",KIND="ALL",PHASE="generate",OUTPUT_DIR="adversarial_results_ep100_pre300" adversarial_hpc_submit.pbs </dev/null
[2026-09-08 09:59:31] [OK] RegNetX_400MF/Cifar10/BIM/ALL
[2026-09-08 09:59:31] [OK] qsub output: Your job 6479516 ("adversarial_hpc_submit.pbs") has been submitted
[2026-09-08 09:59:31] [SUBMIT] RegNetX_400MF/Cifar10/APGD/ALL
[2026-09-08 09:59:31] [CMD] qsub -q all.q -l ngpus=1 -v MODEL="RegNetX_400MF",DATASET="Cifar10",ATTACK="APGD",KIND="ALL",PHASE="generate",OUTPUT_DIR="adversarial_results_ep300_pre100" adversarial_hpc_submit.pbs </dev/null
[2026-09-08 09:59:35] [OK] RegNetX_400MF/Cifar10/FGSM/ALL
[2026-09-08 09:59:35] [OK] qsub output: Your job 6479517 ("adversarial_hpc_submit.pbs") has been submitted
[2026-09-08 09:59:36] [SUBMIT] RegNetX_400MF/Cifar10/IFGSM/ALL
[2026-09-08 09:59:36] [CMD] qsub -q all.q -l ngpus=1 -v MODEL="RegNetX_400MF",DATASET="Cifar10",ATTACK="IFGSM",KIND="ALL",PHASE="generate",OUTPUT_DIR="adversarial_results_ep200_pre200" adversarial_hpc_submit.pbs </dev/null
[2026-09-08 09:59:36] [OK] RegNetX_400MF/Cifar10/PGD/ALL
[2026-09-08 09:59:36] [OK] qsub output: Your job 6479518 ("adversarial_hpc_submit.pbs") has been submitted
[2026-09-08 09:59:36] [SUBMIT] RegNetX_400MF/Cifar10/FGSM/ALL
[2026-09-08 09:59:36] [CMD] qsub -q all.q -l ngpus=1 -v MODEL="RegNetX_400MF",DATASET="Cifar10",ATTACK="FGSM",KIND="ALL",PHASE="generate",OUTPUT_DIR="adversarial_results_ep100_pre300" adversarial_hpc_submit.pbs </dev/null
[2026-09-08 09:59:38] [OK] RegNetX_400MF/Cifar10/APGD/ALL
[2026-09-08 09:59:38] [OK] qsub output: Your job 6479519 ("adversarial_hpc_submit.pbs") has been submitted
[2026-09-08 09:59:38] [SUBMIT] RegNetX_400MF/Cifar10/CW/ALL
[2026-09-08 09:59:38] [CMD] qsub -q all.q -l ngpus=1 -v MODEL="RegNetX_400MF",DATASET="Cifar10",ATTACK="CW",KIND="ALL",PHASE="generate",OUTPUT_DIR="adversarial_results_ep300_pre100" adversarial_hpc_submit.pbs </dev/null
[2026-09-08 09:59:39] [OK] RegNetX_400MF/Cifar10/FGSM/ALL
[2026-09-08 09:59:39] [OK] qsub output: Your job 6479521 ("adversarial_hpc_submit.pbs") has been submitted
[2026-09-08 09:59:39] [SUBMIT] RegNetX_400MF/Cifar10/IFGSM/ALL
[2026-09-08 09:59:39] [CMD] qsub -q all.q -l ngpus=1 -v MODEL="RegNetX_400MF",DATASET="Cifar10",ATTACK="IFGSM",KIND="ALL",PHASE="generate",OUTPUT_DIR="adversarial_results_ep100_pre300" adversarial_hpc_submit.pbs </dev/null
[2026-09-08 09:59:41] [OK] RegNetX_400MF/Cifar10/IFGSM/ALL
[2026-09-08 09:59:41] [OK] qsub output: Your job 6479520 ("adversarial_hpc_submit.pbs") has been submitted
[2026-09-08 09:59:42] [SUBMIT] RegNetX_400MF/Cifar10/BIM/ALL
[2026-09-08 09:59:42] [CMD] qsub -q all.q -l ngpus=1 -v MODEL="RegNetX_400MF",DATASET="Cifar10",ATTACK="BIM",KIND="ALL",PHASE="generate",OUTPUT_DIR="adversarial_results_ep200_pre200" adversarial_hpc_submit.pbs </dev/null
[2026-09-08 09:59:43] [OK] RegNetX_400MF/Cifar10/IFGSM/ALL
[2026-09-08 09:59:43] [OK] qsub output: Your job 6479523 ("adversarial_hpc_submit.pbs") has been submitted
[2026-09-08 09:59:43] [SUBMIT] RegNetX_400MF/Cifar10/BIM/ALL
[2026-09-08 09:59:43] [CMD] qsub -q all.q -l ngpus=1 -v MODEL="RegNetX_400MF",DATASET="Cifar10",ATTACK="BIM",KIND="ALL",PHASE="generate",OUTPUT_DIR="adversarial_results_ep100_pre300" adversarial_hpc_submit.pbs </dev/null
[2026-09-08 09:59:43] [OK] RegNetX_400MF/Cifar10/CW/ALL
[2026-09-08 09:59:43] [OK] qsub output: Your job 6479522 ("adversarial_hpc_submit.pbs") has been submitted
[2026-09-08 09:59:43] [SUBMIT] RegNetX_400MF/Cifar10/DeepFool/ALL
[2026-09-08 09:59:43] [CMD] qsub -q all.q -l ngpus=1 -v MODEL="RegNetX_400MF",DATASET="Cifar10",ATTACK="DeepFool",KIND="ALL",PHASE="generate",OUTPUT_DIR="adversarial_results_ep300_pre100" adversarial_hpc_submit.pbs </dev/null
[2026-09-08 09:59:47] [OK] RegNetX_400MF/Cifar10/BIM/ALL
[2026-09-08 09:59:47] [OK] qsub output: Your job 6479525 ("adversarial_hpc_submit.pbs") has been submitted
[2026-09-08 09:59:47] [SUBMIT] RegNetX_400MF/Cifar10/APGD/ALL
[2026-09-08 09:59:47] [CMD] qsub -q all.q -l ngpus=1 -v MODEL="RegNetX_400MF",DATASET="Cifar10",ATTACK="APGD",KIND="ALL",PHASE="generate",OUTPUT_DIR="adversarial_results_ep100_pre300" adversarial_hpc_submit.pbs </dev/null
[2026-09-08 09:59:53] [OK] RegNetX_400MF/Cifar10/BIM/ALL
[2026-09-08 09:59:53] [OK] qsub output: Your job 6479524 ("adversarial_hpc_submit.pbs") has been submitted
[2026-09-08 09:59:53] [SUBMIT] RegNetX_400MF/Cifar10/APGD/ALL
[2026-09-08 09:59:53] [CMD] qsub -q all.q -l ngpus=1 -v MODEL="RegNetX_400MF",DATASET="Cifar10",ATTACK="APGD",KIND="ALL",PHASE="generate",OUTPUT_DIR="adversarial_results_ep200_pre200" adversarial_hpc_submit.pbs </dev/null
[2026-09-08 09:59:53] [OK] RegNetX_400MF/Cifar10/DeepFool/ALL
[2026-09-08 09:59:53] [OK] qsub output: Your job 6479526 ("adversarial_hpc_submit.pbs") has been submitted
[2026-09-08 09:59:54] [SUBMIT] RegNetX_400MF/Cifar100/PGD/ALL
[2026-09-08 09:59:54] [CMD] qsub -q all.q -l ngpus=1 -v MODEL="RegNetX_400MF",DATASET="Cifar100",ATTACK="PGD",KIND="ALL",PHASE="generate",OUTPUT_DIR="adversarial_results_ep300_pre100" adversarial_hpc_submit.pbs </dev/null
[2026-09-08 09:59:55] [OK] RegNetX_400MF/Cifar10/APGD/ALL
[2026-09-08 09:59:55] [OK] qsub output: Your job 6479527 ("adversarial_hpc_submit.pbs") has been submitted
[2026-09-08 09:59:55] [SUBMIT] RegNetX_400MF/Cifar10/CW/ALL
[2026-09-08 09:59:55] [CMD] qsub -q all.q -l ngpus=1 -v MODEL="RegNetX_400MF",DATASET="Cifar10",ATTACK="CW",KIND="ALL",PHASE="generate",OUTPUT_DIR="adversarial_results_ep100_pre300" adversarial_hpc_submit.pbs </dev/null
[2026-09-08 10:00:01] [OK] RegNetX_400MF/Cifar10/APGD/ALL
[2026-09-08 10:00:01] [OK] qsub output: Your job 6479528 ("adversarial_hpc_submit.pbs") has been submitted
[2026-09-08 10:00:01] [SUBMIT] RegNetX_400MF/Cifar10/CW/ALL
[2026-09-08 10:00:01] [CMD] qsub -q all.q -l ngpus=1 -v MODEL="RegNetX_400MF",DATASET="Cifar10",ATTACK="CW",KIND="ALL",PHASE="generate",OUTPUT_DIR="adversarial_results_ep200_pre200" adversarial_hpc_submit.pbs </dev/null
[2026-09-08 10:00:01] [OK] RegNetX_400MF/Cifar100/PGD/ALL
[2026-09-08 10:00:01] [OK] qsub output: Your job 6479529 ("adversarial_hpc_submit.pbs") has been submitted
[2026-09-08 10:00:02] [SUBMIT] RegNetX_400MF/Cifar100/FGSM/ALL
[2026-09-08 10:00:02] [CMD] qsub -q all.q -l ngpus=1 -v MODEL="RegNetX_400MF",DATASET="Cifar100",ATTACK="FGSM",KIND="ALL",PHASE="generate",OUTPUT_DIR="adversarial_results_ep300_pre100" adversarial_hpc_submit.pbs </dev/null
[2026-09-08 10:00:04] [OK] RegNetX_400MF/Cifar10/CW/ALL
[2026-09-08 10:00:04] [OK] qsub output: Your job 6479530 ("adversarial_hpc_submit.pbs") has been submitted
[2026-09-08 10:00:04] [SUBMIT] RegNetX_400MF/Cifar10/DeepFool/ALL
[2026-09-08 10:00:04] [CMD] qsub -q all.q -l ngpus=1 -v MODEL="RegNetX_400MF",DATASET="Cifar10",ATTACK="DeepFool",KIND="ALL",PHASE="generate",OUTPUT_DIR="adversarial_results_ep100_pre300" adversarial_hpc_submit.pbs </dev/null
[2026-09-08 10:00:08] [OK] RegNetX_400MF/Cifar10/CW/ALL
[2026-09-08 10:00:08] [OK] qsub output: Your job 6479531 ("adversarial_hpc_submit.pbs") has been submitted
[2026-09-08 10:00:09] [SUBMIT] RegNetX_400MF/Cifar10/DeepFool/ALL
[2026-09-08 10:00:09] [CMD] qsub -q all.q -l ngpus=1 -v MODEL="RegNetX_400MF",DATASET="Cifar10",ATTACK="DeepFool",KIND="ALL",PHASE="generate",OUTPUT_DIR="adversarial_results_ep200_pre200" adversarial_hpc_submit.pbs </dev/null
[2026-09-08 10:00:11] [OK] RegNetX_400MF/Cifar100/FGSM/ALL
[2026-09-08 10:00:11] [OK] qsub output: Your job 6479532 ("adversarial_hpc_submit.pbs") has been submitted
[2026-09-08 10:00:11] [SUBMIT] RegNetX_400MF/Cifar100/IFGSM/ALL
[2026-09-08 10:00:11] [CMD] qsub -q all.q -l ngpus=1 -v MODEL="RegNetX_400MF",DATASET="Cifar100",ATTACK="IFGSM",KIND="ALL",PHASE="generate",OUTPUT_DIR="adversarial_results_ep300_pre100" adversarial_hpc_submit.pbs </dev/null
[2026-09-08 10:00:13] [OK] RegNetX_400MF/Cifar10/DeepFool/ALL
[2026-09-08 10:00:13] [OK] qsub output: Your job 6479534 ("adversarial_hpc_submit.pbs") has been submitted
[2026-09-08 10:00:13] [SUBMIT] RegNetX_400MF/Cifar100/PGD/ALL
[2026-09-08 10:00:13] [CMD] qsub -q all.q -l ngpus=1 -v MODEL="RegNetX_400MF",DATASET="Cifar100",ATTACK="PGD",KIND="ALL",PHASE="generate",OUTPUT_DIR="adversarial_results_ep200_pre200" adversarial_hpc_submit.pbs </dev/null
[2026-09-08 10:00:13] [OK] RegNetX_400MF/Cifar10/DeepFool/ALL
[2026-09-08 10:00:13] [OK] qsub output: Your job 6479533 ("adversarial_hpc_submit.pbs") has been submitted
[2026-09-08 10:00:13] [SUBMIT] RegNetX_400MF/Cifar100/PGD/ALL
[2026-09-08 10:00:13] [CMD] qsub -q all.q -l ngpus=1 -v MODEL="RegNetX_400MF",DATASET="Cifar100",ATTACK="PGD",KIND="ALL",PHASE="generate",OUTPUT_DIR="adversarial_results_ep100_pre300" adversarial_hpc_submit.pbs </dev/null
[2026-09-08 10:00:31] [OK] RegNetX_400MF/Cifar100/IFGSM/ALL
[2026-09-08 10:00:31] [OK] qsub output: Your job 6479539 ("adversarial_hpc_submit.pbs") has been submitted
[2026-09-08 10:00:31] [SUBMIT] RegNetX_400MF/Cifar100/BIM/ALL
[2026-09-08 10:00:31] [CMD] qsub -q all.q -l ngpus=1 -v MODEL="RegNetX_400MF",DATASET="Cifar100",ATTACK="BIM",KIND="ALL",PHASE="generate",OUTPUT_DIR="adversarial_results_ep300_pre100" adversarial_hpc_submit.pbs </dev/null
[2026-09-08 10:00:39] [OK] RegNetX_400MF/Cifar100/PGD/ALL
[2026-09-08 10:00:39] [OK] qsub output: Your job 6479540 ("adversarial_hpc_submit.pbs") has been submitted
[2026-09-08 10:00:39] [SUBMIT] RegNetX_400MF/Cifar100/FGSM/ALL
[2026-09-08 10:00:39] [CMD] qsub -q all.q -l ngpus=1 -v MODEL="RegNetX_400MF",DATASET="Cifar100",ATTACK="FGSM",KIND="ALL",PHASE="generate",OUTPUT_DIR="adversarial_results_ep200_pre200" adversarial_hpc_submit.pbs </dev/null
[2026-09-08 10:00:39] [OK] RegNetX_400MF/Cifar100/PGD/ALL
[2026-09-08 10:00:39] [OK] qsub output: Your job 6479541 ("adversarial_hpc_submit.pbs") has been submitted
[2026-09-08 10:00:39] [SUBMIT] RegNetX_400MF/Cifar100/FGSM/ALL
[2026-09-08 10:00:39] [CMD] qsub -q all.q -l ngpus=1 -v MODEL="RegNetX_400MF",DATASET="Cifar100",ATTACK="FGSM",KIND="ALL",PHASE="generate",OUTPUT_DIR="adversarial_results_ep100_pre300" adversarial_hpc_submit.pbs </dev/null
[2026-09-08 10:00:46] [OK] RegNetX_400MF/Cifar100/BIM/ALL
[2026-09-08 10:00:46] [OK] qsub output: Your job 6479542 ("adversarial_hpc_submit.pbs") has been submitted
[2026-09-08 10:00:46] [SUBMIT] RegNetX_400MF/Cifar100/APGD/ALL
[2026-09-08 10:00:46] [CMD] qsub -q all.q -l ngpus=1 -v MODEL="RegNetX_400MF",DATASET="Cifar100",ATTACK="APGD",KIND="ALL",PHASE="generate",OUTPUT_DIR="adversarial_results_ep300_pre100" adversarial_hpc_submit.pbs </dev/null
[2026-09-08 10:00:47] [OK] RegNetX_400MF/Cifar100/FGSM/ALL
[2026-09-08 10:00:48] [OK] qsub output: Your job 6479544 ("adversarial_hpc_submit.pbs") has been submitted
[2026-09-08 10:00:48] [SUBMIT] RegNetX_400MF/Cifar100/IFGSM/ALL
[2026-09-08 10:00:48] [CMD] qsub -q all.q -l ngpus=1 -v MODEL="RegNetX_400MF",DATASET="Cifar100",ATTACK="IFGSM",KIND="ALL",PHASE="generate",OUTPUT_DIR="adversarial_results_ep100_pre300" adversarial_hpc_submit.pbs </dev/null
[2026-09-08 10:00:48] [OK] RegNetX_400MF/Cifar100/FGSM/ALL
[2026-09-08 10:00:48] [OK] qsub output: Your job 6479543 ("adversarial_hpc_submit.pbs") has been submitted
[2026-09-08 10:00:48] [SUBMIT] RegNetX_400MF/Cifar100/IFGSM/ALL
[2026-09-08 10:00:48] [CMD] qsub -q all.q -l ngpus=1 -v MODEL="RegNetX_400MF",DATASET="Cifar100",ATTACK="IFGSM",KIND="ALL",PHASE="generate",OUTPUT_DIR="adversarial_results_ep200_pre200" adversarial_hpc_submit.pbs </dev/null
[2026-09-08 10:00:50] [OK] RegNetX_400MF/Cifar100/APGD/ALL
[2026-09-08 10:00:50] [OK] qsub output: Your job 6479545 ("adversarial_hpc_submit.pbs") has been submitted
[2026-09-08 10:00:50] [SUBMIT] RegNetX_400MF/Cifar100/CW/ALL
[2026-09-08 10:00:50] [CMD] qsub -q all.q -l ngpus=1 -v MODEL="RegNetX_400MF",DATASET="Cifar100",ATTACK="CW",KIND="ALL",PHASE="generate",OUTPUT_DIR="adversarial_results_ep300_pre100" adversarial_hpc_submit.pbs </dev/null
[2026-09-08 10:00:55] [OK] RegNetX_400MF/Cifar100/IFGSM/ALL
[2026-09-08 10:00:55] [OK] qsub output: Your job 6479546 ("adversarial_hpc_submit.pbs") has been submitted
[2026-09-08 10:00:55] [SUBMIT] RegNetX_400MF/Cifar100/BIM/ALL
[2026-09-08 10:00:55] [CMD] qsub -q all.q -l ngpus=1 -v MODEL="RegNetX_400MF",DATASET="Cifar100",ATTACK="BIM",KIND="ALL",PHASE="generate",OUTPUT_DIR="adversarial_results_ep100_pre300" adversarial_hpc_submit.pbs </dev/null
[2026-09-08 10:00:57] [OK] RegNetX_400MF/Cifar100/IFGSM/ALL
[2026-09-08 10:00:57] [OK] qsub output: Your job 6479547 ("adversarial_hpc_submit.pbs") has been submitted
[2026-09-08 10:00:57] [SUBMIT] RegNetX_400MF/Cifar100/BIM/ALL
[2026-09-08 10:00:57] [CMD] qsub -q all.q -l ngpus=1 -v MODEL="RegNetX_400MF",DATASET="Cifar100",ATTACK="BIM",KIND="ALL",PHASE="generate",OUTPUT_DIR="adversarial_results_ep200_pre200" adversarial_hpc_submit.pbs </dev/null
[2026-09-08 10:01:02] [OK] RegNetX_400MF/Cifar100/CW/ALL
[2026-09-08 10:01:02] [OK] qsub output: Your job 6479549 ("adversarial_hpc_submit.pbs") has been submitted
[2026-09-08 10:01:02] [SUBMIT] RegNetX_400MF/Cifar100/DeepFool/ALL
[2026-09-08 10:01:02] [CMD] qsub -q all.q -l ngpus=1 -v MODEL="RegNetX_400MF",DATASET="Cifar100",ATTACK="DeepFool",KIND="ALL",PHASE="generate",OUTPUT_DIR="adversarial_results_ep300_pre100" adversarial_hpc_submit.pbs </dev/null
[2026-09-08 10:01:05] [OK] RegNetX_400MF/Cifar100/BIM/ALL
[2026-09-08 10:01:05] [OK] qsub output: Your job 6479551 ("adversarial_hpc_submit.pbs") has been submitted
[2026-09-08 10:01:05] [SUBMIT] RegNetX_400MF/Cifar100/APGD/ALL
[2026-09-08 10:01:05] [CMD] qsub -q all.q -l ngpus=1 -v MODEL="RegNetX_400MF",DATASET="Cifar100",ATTACK="APGD",KIND="ALL",PHASE="generate",OUTPUT_DIR="adversarial_results_ep100_pre300" adversarial_hpc_submit.pbs </dev/null
[2026-09-08 10:01:11] [OK] RegNetX_400MF/Cifar100/DeepFool/ALL
[2026-09-08 10:01:11] [OK] qsub output: Your job 6479553 ("adversarial_hpc_submit.pbs") has been submitted
[2026-09-08 10:01:11] [SUBMIT] RegNetX_400MF/TinyImageNet/PGD/ALL
[2026-09-08 10:01:11] [CMD] qsub -q all.q -l ngpus=1 -v MODEL="RegNetX_400MF",DATASET="TinyImageNet",ATTACK="PGD",KIND="ALL",PHASE="generate",OUTPUT_DIR="adversarial_results_ep300_pre100" adversarial_hpc_submit.pbs </dev/null
[2026-09-08 10:01:11] [OK] RegNetX_400MF/Cifar100/BIM/ALL
[2026-09-08 10:01:11] [OK] qsub output: Your job 6479552 ("adversarial_hpc_submit.pbs") has been submitted
[2026-09-08 10:01:11] [SUBMIT] RegNetX_400MF/Cifar100/APGD/ALL
[2026-09-08 10:01:11] [CMD] qsub -q all.q -l ngpus=1 -v MODEL="RegNetX_400MF",DATASET="Cifar100",ATTACK="APGD",KIND="ALL",PHASE="generate",OUTPUT_DIR="adversarial_results_ep200_pre200" adversarial_hpc_submit.pbs </dev/null
[2026-09-08 10:01:14] [OK] RegNetX_400MF/Cifar100/APGD/ALL
[2026-09-08 10:01:14] [OK] qsub output: Your job 6479554 ("adversarial_hpc_submit.pbs") has been submitted
[2026-09-08 10:01:14] [SUBMIT] RegNetX_400MF/Cifar100/CW/ALL
[2026-09-08 10:01:14] [CMD] qsub -q all.q -l ngpus=1 -v MODEL="RegNetX_400MF",DATASET="Cifar100",ATTACK="CW",KIND="ALL",PHASE="generate",OUTPUT_DIR="adversarial_results_ep100_pre300" adversarial_hpc_submit.pbs </dev/null
[2026-09-08 10:01:16] [OK] RegNetX_400MF/Cifar100/APGD/ALL
[2026-09-08 10:01:16] [OK] qsub output: Your job 6479556 ("adversarial_hpc_submit.pbs") has been submitted
[2026-09-08 10:01:16] [SUBMIT] RegNetX_400MF/Cifar100/CW/ALL
[2026-09-08 10:01:16] [CMD] qsub -q all.q -l ngpus=1 -v MODEL="RegNetX_400MF",DATASET="Cifar100",ATTACK="CW",KIND="ALL",PHASE="generate",OUTPUT_DIR="adversarial_results_ep200_pre200" adversarial_hpc_submit.pbs </dev/null
[2026-09-08 10:01:17] [OK] RegNetX_400MF/TinyImageNet/PGD/ALL
[2026-09-08 10:01:17] [OK] qsub output: Your job 6479555 ("adversarial_hpc_submit.pbs") has been submitted
[2026-09-08 10:01:17] [SUBMIT] RegNetX_400MF/TinyImageNet/FGSM/ALL
[2026-09-08 10:01:17] [CMD] qsub -q all.q -l ngpus=1 -v MODEL="RegNetX_400MF",DATASET="TinyImageNet",ATTACK="FGSM",KIND="ALL",PHASE="generate",OUTPUT_DIR="adversarial_results_ep300_pre100" adversarial_hpc_submit.pbs </dev/null
[2026-09-08 10:01:23] [OK] RegNetX_400MF/Cifar100/CW/ALL
[2026-09-08 10:01:23] [OK] qsub output: Your job 6479558 ("adversarial_hpc_submit.pbs") has been submitted
[2026-09-08 10:01:23] [SUBMIT] RegNetX_400MF/Cifar100/DeepFool/ALL
[2026-09-08 10:01:23] [CMD] qsub -q all.q -l ngpus=1 -v MODEL="RegNetX_400MF",DATASET="Cifar100",ATTACK="DeepFool",KIND="ALL",PHASE="generate",OUTPUT_DIR="adversarial_results_ep200_pre200" adversarial_hpc_submit.pbs </dev/null
[2026-09-08 10:01:25] [OK] RegNetX_400MF/Cifar100/CW/ALL
[2026-09-08 10:01:25] [OK] qsub output: Your job 6479557 ("adversarial_hpc_submit.pbs") has been submitted
[2026-09-08 10:01:25] [SUBMIT] RegNetX_400MF/Cifar100/DeepFool/ALL
[2026-09-08 10:01:25] [CMD] qsub -q all.q -l ngpus=1 -v MODEL="RegNetX_400MF",DATASET="Cifar100",ATTACK="DeepFool",KIND="ALL",PHASE="generate",OUTPUT_DIR="adversarial_results_ep100_pre300" adversarial_hpc_submit.pbs </dev/null
[2026-09-08 10:01:27] [OK] RegNetX_400MF/TinyImageNet/FGSM/ALL
[2026-09-08 10:01:27] [OK] qsub output: Your job 6479559 ("adversarial_hpc_submit.pbs") has been submitted
[2026-09-08 10:01:28] [SUBMIT] RegNetX_400MF/TinyImageNet/IFGSM/ALL
[2026-09-08 10:01:28] [CMD] qsub -q all.q -l ngpus=1 -v MODEL="RegNetX_400MF",DATASET="TinyImageNet",ATTACK="IFGSM",KIND="ALL",PHASE="generate",OUTPUT_DIR="adversarial_results_ep300_pre100" adversarial_hpc_submit.pbs </dev/null
[2026-09-08 10:01:32] [OK] RegNetX_400MF/Cifar100/DeepFool/ALL
[2026-09-08 10:01:32] [OK] qsub output: Your job 6479560 ("adversarial_hpc_submit.pbs") has been submitted
[2026-09-08 10:01:32] [SUBMIT] RegNetX_400MF/TinyImageNet/PGD/ALL
[2026-09-08 10:01:32] [CMD] qsub -q all.q -l ngpus=1 -v MODEL="RegNetX_400MF",DATASET="TinyImageNet",ATTACK="PGD",KIND="ALL",PHASE="generate",OUTPUT_DIR="adversarial_results_ep200_pre200" adversarial_hpc_submit.pbs </dev/null
[2026-09-08 10:01:33] [OK] RegNetX_400MF/Cifar100/DeepFool/ALL
[2026-09-08 10:01:33] [OK] qsub output: Your job 6479561 ("adversarial_hpc_submit.pbs") has been submitted
[2026-09-08 10:01:34] [SUBMIT] RegNetX_400MF/TinyImageNet/PGD/ALL
[2026-09-08 10:01:34] [CMD] qsub -q all.q -l ngpus=1 -v MODEL="RegNetX_400MF",DATASET="TinyImageNet",ATTACK="PGD",KIND="ALL",PHASE="generate",OUTPUT_DIR="adversarial_results_ep100_pre300" adversarial_hpc_submit.pbs </dev/null
[2026-09-08 10:01:36] [OK] RegNetX_400MF/TinyImageNet/IFGSM/ALL
[2026-09-08 10:01:36] [OK] qsub output: Your job 6479563 ("adversarial_hpc_submit.pbs") has been submitted
[2026-09-08 10:01:36] [SUBMIT] RegNetX_400MF/TinyImageNet/BIM/ALL
[2026-09-08 10:01:36] [CMD] qsub -q all.q -l ngpus=1 -v MODEL="RegNetX_400MF",DATASET="TinyImageNet",ATTACK="BIM",KIND="ALL",PHASE="generate",OUTPUT_DIR="adversarial_results_ep300_pre100" adversarial_hpc_submit.pbs </dev/null
[2026-09-08 10:01:41] [OK] RegNetX_400MF/TinyImageNet/PGD/ALL
[2026-09-08 10:01:41] [OK] qsub output: Your job 6479565 ("adversarial_hpc_submit.pbs") has been submitted
[2026-09-08 10:01:41] [SUBMIT] RegNetX_400MF/TinyImageNet/FGSM/ALL
[2026-09-08 10:01:41] [CMD] qsub -q all.q -l ngpus=1 -v MODEL="RegNetX_400MF",DATASET="TinyImageNet",ATTACK="FGSM",KIND="ALL",PHASE="generate",OUTPUT_DIR="adversarial_results_ep100_pre300" adversarial_hpc_submit.pbs </dev/null
[2026-09-08 10:01:42] [OK] RegNetX_400MF/TinyImageNet/PGD/ALL
[2026-09-08 10:01:42] [OK] qsub output: Your job 6479564 ("adversarial_hpc_submit.pbs") has been submitted
[2026-09-08 10:01:42] [SUBMIT] RegNetX_400MF/TinyImageNet/FGSM/ALL
[2026-09-08 10:01:43] [CMD] qsub -q all.q -l ngpus=1 -v MODEL="RegNetX_400MF",DATASET="TinyImageNet",ATTACK="FGSM",KIND="ALL",PHASE="generate",OUTPUT_DIR="adversarial_results_ep200_pre200" adversarial_hpc_submit.pbs </dev/null
[2026-09-08 10:01:44] [OK] RegNetX_400MF/TinyImageNet/FGSM/ALL
[2026-09-08 10:01:44] [OK] qsub output: Your job 6479567 ("adversarial_hpc_submit.pbs") has been submitted
[2026-09-08 10:01:44] [SUBMIT] RegNetX_400MF/TinyImageNet/IFGSM/ALL
[2026-09-08 10:01:44] [CMD] qsub -q all.q -l ngpus=1 -v MODEL="RegNetX_400MF",DATASET="TinyImageNet",ATTACK="IFGSM",KIND="ALL",PHASE="generate",OUTPUT_DIR="adversarial_results_ep100_pre300" adversarial_hpc_submit.pbs </dev/null
[2026-09-08 10:01:44] [OK] RegNetX_400MF/TinyImageNet/BIM/ALL
[2026-09-08 10:01:44] [OK] qsub output: Your job 6479566 ("adversarial_hpc_submit.pbs") has been submitted
[2026-09-08 10:01:44] [SUBMIT] RegNetX_400MF/TinyImageNet/APGD/ALL
[2026-09-08 10:01:44] [CMD] qsub -q all.q -l ngpus=1 -v MODEL="RegNetX_400MF",DATASET="TinyImageNet",ATTACK="APGD",KIND="ALL",PHASE="generate",OUTPUT_DIR="adversarial_results_ep300_pre100" adversarial_hpc_submit.pbs </dev/null
[2026-09-08 10:01:45] [OK] RegNetX_400MF/TinyImageNet/FGSM/ALL
[2026-09-08 10:01:45] [OK] qsub output: Your job 6479568 ("adversarial_hpc_submit.pbs") has been submitted
[2026-09-08 10:01:45] [SUBMIT] RegNetX_400MF/TinyImageNet/IFGSM/ALL
[2026-09-08 10:01:45] [CMD] qsub -q all.q -l ngpus=1 -v MODEL="RegNetX_400MF",DATASET="TinyImageNet",ATTACK="IFGSM",KIND="ALL",PHASE="generate",OUTPUT_DIR="adversarial_results_ep200_pre200" adversarial_hpc_submit.pbs </dev/null
[2026-09-08 10:01:52] [OK] RegNetX_400MF/TinyImageNet/APGD/ALL
[2026-09-08 10:01:52] [OK] qsub output: Your job 6479570 ("adversarial_hpc_submit.pbs") has been submitted
[2026-09-08 10:01:52] [SUBMIT] RegNetX_400MF/TinyImageNet/CW/ALL
[2026-09-08 10:01:52] [CMD] qsub -q all.q -l ngpus=1 -v MODEL="RegNetX_400MF",DATASET="TinyImageNet",ATTACK="CW",KIND="ALL",PHASE="generate",OUTPUT_DIR="adversarial_results_ep300_pre100" adversarial_hpc_submit.pbs </dev/null
[2026-09-08 10:01:53] [OK] RegNetX_400MF/TinyImageNet/IFGSM/ALL
[2026-09-08 10:01:53] [OK] qsub output: Your job 6479569 ("adversarial_hpc_submit.pbs") has been submitted
[2026-09-08 10:01:54] [SUBMIT] RegNetX_400MF/TinyImageNet/BIM/ALL
[2026-09-08 10:01:54] [CMD] qsub -q all.q -l ngpus=1 -v MODEL="RegNetX_400MF",DATASET="TinyImageNet",ATTACK="BIM",KIND="ALL",PHASE="generate",OUTPUT_DIR="adversarial_results_ep100_pre300" adversarial_hpc_submit.pbs </dev/null
[2026-09-08 10:01:56] [OK] RegNetX_400MF/TinyImageNet/IFGSM/ALL
[2026-09-08 10:01:56] [OK] qsub output: Your job 6479571 ("adversarial_hpc_submit.pbs") has been submitted
[2026-09-08 10:01:56] [SUBMIT] RegNetX_400MF/TinyImageNet/BIM/ALL
[2026-09-08 10:01:56] [CMD] qsub -q all.q -l ngpus=1 -v MODEL="RegNetX_400MF",DATASET="TinyImageNet",ATTACK="BIM",KIND="ALL",PHASE="generate",OUTPUT_DIR="adversarial_results_ep200_pre200" adversarial_hpc_submit.pbs </dev/null
[2026-09-08 10:01:59] [OK] RegNetX_400MF/TinyImageNet/CW/ALL
[2026-09-08 10:01:59] [OK] qsub output: Your job 6479572 ("adversarial_hpc_submit.pbs") has been submitted
[2026-09-08 10:01:59] [SUBMIT] RegNetX_400MF/TinyImageNet/DeepFool/ALL
[2026-09-08 10:02:00] [CMD] qsub -q all.q -l ngpus=1 -v MODEL="RegNetX_400MF",DATASET="TinyImageNet",ATTACK="DeepFool",KIND="ALL",PHASE="generate",OUTPUT_DIR="adversarial_results_ep300_pre100" adversarial_hpc_submit.pbs </dev/null
[2026-09-08 10:02:00] [OK] RegNetX_400MF/TinyImageNet/BIM/ALL
[2026-09-08 10:02:00] [OK] qsub output: Your job 6479573 ("adversarial_hpc_submit.pbs") has been submitted
[2026-09-08 10:02:00] [SUBMIT] RegNetX_400MF/TinyImageNet/APGD/ALL
[2026-09-08 10:02:00] [CMD] qsub -q all.q -l ngpus=1 -v MODEL="RegNetX_400MF",DATASET="TinyImageNet",ATTACK="APGD",KIND="ALL",PHASE="generate",OUTPUT_DIR="adversarial_results_ep100_pre300" adversarial_hpc_submit.pbs </dev/null
[2026-09-08 10:02:08] [OK] RegNetX_400MF/TinyImageNet/BIM/ALL
[2026-09-08 10:02:08] [OK] qsub output: Your job 6479574 ("adversarial_hpc_submit.pbs") has been submitted
[2026-09-08 10:02:08] [SUBMIT] RegNetX_400MF/TinyImageNet/APGD/ALL
[2026-09-08 10:02:08] [CMD] qsub -q all.q -l ngpus=1 -v MODEL="RegNetX_400MF",DATASET="TinyImageNet",ATTACK="APGD",KIND="ALL",PHASE="generate",OUTPUT_DIR="adversarial_results_ep200_pre200" adversarial_hpc_submit.pbs </dev/null
[2026-09-08 10:02:09] [OK] RegNetX_400MF/TinyImageNet/DeepFool/ALL
[2026-09-08 10:02:09] [OK] qsub output: Your job 6479575 ("adversarial_hpc_submit.pbs") has been submitted
[2026-09-08 10:02:09] [SUBMIT] InceptionNet/Cifar10/PGD/ALL
[2026-09-08 10:02:09] [CMD] qsub -q all.q -l ngpus=1 -v MODEL="InceptionNet",DATASET="Cifar10",ATTACK="PGD",KIND="ALL",PHASE="generate",OUTPUT_DIR="adversarial_results_ep300_pre100" adversarial_hpc_submit.pbs </dev/null
[2026-09-08 10:02:11] [OK] RegNetX_400MF/TinyImageNet/APGD/ALL
[2026-09-08 10:02:11] [OK] qsub output: Your job 6479576 ("adversarial_hpc_submit.pbs") has been submitted
[2026-09-08 10:02:12] [SUBMIT] RegNetX_400MF/TinyImageNet/CW/ALL
[2026-09-08 10:02:12] [CMD] qsub -q all.q -l ngpus=1 -v MODEL="RegNetX_400MF",DATASET="TinyImageNet",ATTACK="CW",KIND="ALL",PHASE="generate",OUTPUT_DIR="adversarial_results_ep100_pre300" adversarial_hpc_submit.pbs </dev/null
[2026-09-08 10:02:14] [OK] InceptionNet/Cifar10/PGD/ALL
[2026-09-08 10:02:14] [OK] qsub output: Your job 6479578 ("adversarial_hpc_submit.pbs") has been submitted
[2026-09-08 10:02:15] [SUBMIT] InceptionNet/Cifar10/FGSM/ALL
[2026-09-08 10:02:15] [CMD] qsub -q all.q -l ngpus=1 -v MODEL="InceptionNet",DATASET="Cifar10",ATTACK="FGSM",KIND="ALL",PHASE="generate",OUTPUT_DIR="adversarial_results_ep300_pre100" adversarial_hpc_submit.pbs </dev/null
[2026-09-08 10:02:17] [OK] RegNetX_400MF/TinyImageNet/APGD/ALL
[2026-09-08 10:02:17] [OK] qsub output: Your job 6479577 ("adversarial_hpc_submit.pbs") has been submitted
[2026-09-08 10:02:17] [SUBMIT] RegNetX_400MF/TinyImageNet/CW/ALL
[2026-09-08 10:02:17] [CMD] qsub -q all.q -l ngpus=1 -v MODEL="RegNetX_400MF",DATASET="TinyImageNet",ATTACK="CW",KIND="ALL",PHASE="generate",OUTPUT_DIR="adversarial_results_ep200_pre200" adversarial_hpc_submit.pbs </dev/null
[2026-09-08 10:02:23] [OK] RegNetX_400MF/TinyImageNet/CW/ALL
[2026-09-08 10:02:23] [OK] qsub output: Your job 6479579 ("adversarial_hpc_submit.pbs") has been submitted
[2026-09-08 10:02:23] [SUBMIT] RegNetX_400MF/TinyImageNet/DeepFool/ALL
[2026-09-08 10:02:23] [CMD] qsub -q all.q -l ngpus=1 -v MODEL="RegNetX_400MF",DATASET="TinyImageNet",ATTACK="DeepFool",KIND="ALL",PHASE="generate",OUTPUT_DIR="adversarial_results_ep100_pre300" adversarial_hpc_submit.pbs </dev/null
[2026-09-08 10:02:27] [OK] InceptionNet/Cifar10/FGSM/ALL
[2026-09-08 10:02:27] [OK] qsub output: Your job 6479580 ("adversarial_hpc_submit.pbs") has been submitted
[2026-09-08 10:02:27] [SUBMIT] InceptionNet/Cifar10/IFGSM/ALL
[2026-09-08 10:02:27] [CMD] qsub -q all.q -l ngpus=1 -v MODEL="InceptionNet",DATASET="Cifar10",ATTACK="IFGSM",KIND="ALL",PHASE="generate",OUTPUT_DIR="adversarial_results_ep300_pre100" adversarial_hpc_submit.pbs </dev/null
[2026-09-08 10:02:32] [OK] RegNetX_400MF/TinyImageNet/CW/ALL
[2026-09-08 10:02:32] [OK] qsub output: Your job 6479581 ("adversarial_hpc_submit.pbs") has been submitted
[2026-09-08 10:02:32] [SUBMIT] RegNetX_400MF/TinyImageNet/DeepFool/ALL
[2026-09-08 10:02:32] [CMD] qsub -q all.q -l ngpus=1 -v MODEL="RegNetX_400MF",DATASET="TinyImageNet",ATTACK="DeepFool",KIND="ALL",PHASE="generate",OUTPUT_DIR="adversarial_results_ep200_pre200" adversarial_hpc_submit.pbs </dev/null
[2026-09-08 10:02:34] [OK] RegNetX_400MF/TinyImageNet/DeepFool/ALL
[2026-09-08 10:02:34] [OK] qsub output: Your job 6479582 ("adversarial_hpc_submit.pbs") has been submitted
[2026-09-08 10:02:35] [SUBMIT] InceptionNet/Cifar10/PGD/ALL
[2026-09-08 10:02:35] [CMD] qsub -q all.q -l ngpus=1 -v MODEL="InceptionNet",DATASET="Cifar10",ATTACK="PGD",KIND="ALL",PHASE="generate",OUTPUT_DIR="adversarial_results_ep100_pre300" adversarial_hpc_submit.pbs </dev/null
[2026-09-08 10:02:39] [OK] InceptionNet/Cifar10/IFGSM/ALL
[2026-09-08 10:02:39] [OK] qsub output: Your job 6479583 ("adversarial_hpc_submit.pbs") has been submitted
[2026-09-08 10:02:39] [SUBMIT] InceptionNet/Cifar10/BIM/ALL
[2026-09-08 10:02:39] [OK] RegNetX_400MF/TinyImageNet/DeepFool/ALL
[2026-09-08 10:02:39] [CMD] qsub -q all.q -l ngpus=1 -v MODEL="InceptionNet",DATASET="Cifar10",ATTACK="BIM",KIND="ALL",PHASE="generate",OUTPUT_DIR="adversarial_results_ep300_pre100" adversarial_hpc_submit.pbs </dev/null
[2026-09-08 10:02:39] [OK] qsub output: Your job 6479584 ("adversarial_hpc_submit.pbs") has been submitted
[2026-09-08 10:02:39] [SUBMIT] InceptionNet/Cifar10/PGD/ALL
[2026-09-08 10:02:39] [CMD] qsub -q all.q -l ngpus=1 -v MODEL="InceptionNet",DATASET="Cifar10",ATTACK="PGD",KIND="ALL",PHASE="generate",OUTPUT_DIR="adversarial_results_ep200_pre200" adversarial_hpc_submit.pbs </dev/null
[2026-09-08 10:02:42] [OK] InceptionNet/Cifar10/BIM/ALL
[2026-09-08 10:02:42] [OK] qsub output: Your job 6479586 ("adversarial_hpc_submit.pbs") has been submitted
[2026-09-08 10:02:42] [SUBMIT] InceptionNet/Cifar10/APGD/ALL
[2026-09-08 10:02:42] [CMD] qsub -q all.q -l ngpus=1 -v MODEL="InceptionNet",DATASET="Cifar10",ATTACK="APGD",KIND="ALL",PHASE="generate",OUTPUT_DIR="adversarial_results_ep300_pre100" adversarial_hpc_submit.pbs </dev/null
[2026-09-08 10:02:46] [OK] InceptionNet/Cifar10/PGD/ALL
[2026-09-08 10:02:46] [OK] qsub output: Your job 6479587 ("adversarial_hpc_submit.pbs") has been submitted
[2026-09-08 10:02:46] [SUBMIT] InceptionNet/Cifar10/FGSM/ALL
[2026-09-08 10:02:46] [CMD] qsub -q all.q -l ngpus=1 -v MODEL="InceptionNet",DATASET="Cifar10",ATTACK="FGSM",KIND="ALL",PHASE="generate",OUTPUT_DIR="adversarial_results_ep200_pre200" adversarial_hpc_submit.pbs </dev/null
[2026-09-08 10:02:48] [OK] InceptionNet/Cifar10/PGD/ALL
[2026-09-08 10:02:48] [OK] qsub output: Your job 6479585 ("adversarial_hpc_submit.pbs") has been submitted
[2026-09-08 10:02:49] [SUBMIT] InceptionNet/Cifar10/FGSM/ALL
[2026-09-08 10:02:49] [CMD] qsub -q all.q -l ngpus=1 -v MODEL="InceptionNet",DATASET="Cifar10",ATTACK="FGSM",KIND="ALL",PHASE="generate",OUTPUT_DIR="adversarial_results_ep100_pre300" adversarial_hpc_submit.pbs </dev/null
[2026-09-08 10:02:53] [OK] InceptionNet/Cifar10/APGD/ALL
[2026-09-08 10:02:53] [OK] qsub output: Your job 6479589 ("adversarial_hpc_submit.pbs") has been submitted
[2026-09-08 10:02:53] [SUBMIT] InceptionNet/Cifar10/CW/ALL
[2026-09-08 10:02:53] [CMD] qsub -q all.q -l ngpus=1 -v MODEL="InceptionNet",DATASET="Cifar10",ATTACK="CW",KIND="ALL",PHASE="generate",OUTPUT_DIR="adversarial_results_ep300_pre100" adversarial_hpc_submit.pbs </dev/null
[2026-09-08 10:03:03] [OK] InceptionNet/Cifar10/FGSM/ALL
[2026-09-08 10:03:03] [OK] qsub output: Your job 6479590 ("adversarial_hpc_submit.pbs") has been submitted
[2026-09-08 10:03:03] [SUBMIT] InceptionNet/Cifar10/IFGSM/ALL
[2026-09-08 10:03:03] [CMD] qsub -q all.q -l ngpus=1 -v MODEL="InceptionNet",DATASET="Cifar10",ATTACK="IFGSM",KIND="ALL",PHASE="generate",OUTPUT_DIR="adversarial_results_ep200_pre200" adversarial_hpc_submit.pbs </dev/null
[2026-09-08 10:03:05] [OK] InceptionNet/Cifar10/CW/ALL
[2026-09-08 10:03:05] [OK] qsub output: Your job 6479593 ("adversarial_hpc_submit.pbs") has been submitted
[2026-09-08 10:03:05] [SUBMIT] InceptionNet/Cifar10/DeepFool/ALL
[2026-09-08 10:03:05] [CMD] qsub -q all.q -l ngpus=1 -v MODEL="InceptionNet",DATASET="Cifar10",ATTACK="DeepFool",KIND="ALL",PHASE="generate",OUTPUT_DIR="adversarial_results_ep300_pre100" adversarial_hpc_submit.pbs </dev/null
[2026-09-08 10:03:06] [OK] InceptionNet/Cifar10/IFGSM/ALL
[2026-09-08 10:03:06] [OK] qsub output: Your job 6479594 ("adversarial_hpc_submit.pbs") has been submitted
[2026-09-08 10:03:07] [SUBMIT] InceptionNet/Cifar10/BIM/ALL
[2026-09-08 10:03:07] [CMD] qsub -q all.q -l ngpus=1 -v MODEL="InceptionNet",DATASET="Cifar10",ATTACK="BIM",KIND="ALL",PHASE="generate",OUTPUT_DIR="adversarial_results_ep200_pre200" adversarial_hpc_submit.pbs </dev/null
[2026-09-08 10:03:07] [OK] InceptionNet/Cifar10/FGSM/ALL
[2026-09-08 10:03:07] [OK] qsub output: Your job 6479592 ("adversarial_hpc_submit.pbs") has been submitted
[2026-09-08 10:03:07] [SUBMIT] InceptionNet/Cifar10/IFGSM/ALL
[2026-09-08 10:03:07] [CMD] qsub -q all.q -l ngpus=1 -v MODEL="InceptionNet",DATASET="Cifar10",ATTACK="IFGSM",KIND="ALL",PHASE="generate",OUTPUT_DIR="adversarial_results_ep100_pre300" adversarial_hpc_submit.pbs </dev/null
[2026-09-08 10:03:09] [OK] InceptionNet/Cifar10/DeepFool/ALL
[2026-09-08 10:03:09] [OK] qsub output: Your job 6479595 ("adversarial_hpc_submit.pbs") has been submitted
[2026-09-08 10:03:09] [SUBMIT] InceptionNet/Cifar100/PGD/ALL
[2026-09-08 10:03:09] [CMD] qsub -q all.q -l ngpus=1 -v MODEL="InceptionNet",DATASET="Cifar100",ATTACK="PGD",KIND="ALL",PHASE="generate",OUTPUT_DIR="adversarial_results_ep300_pre100" adversarial_hpc_submit.pbs </dev/null
[2026-09-08 10:03:17] [OK] InceptionNet/Cifar10/IFGSM/ALL
[2026-09-08 10:03:17] [OK] qsub output: Your job 6479598 ("adversarial_hpc_submit.pbs") has been submitted
[2026-09-08 10:03:17] [SUBMIT] InceptionNet/Cifar10/BIM/ALL
[2026-09-08 10:03:17] [CMD] qsub -q all.q -l ngpus=1 -v MODEL="InceptionNet",DATASET="Cifar10",ATTACK="BIM",KIND="ALL",PHASE="generate",OUTPUT_DIR="adversarial_results_ep100_pre300" adversarial_hpc_submit.pbs </dev/null
[2026-09-08 10:03:17] [OK] InceptionNet/Cifar10/BIM/ALL
[2026-09-08 10:03:17] [OK] qsub output: Your job 6479597 ("adversarial_hpc_submit.pbs") has been submitted
[2026-09-08 10:03:17] [SUBMIT] InceptionNet/Cifar10/APGD/ALL
[2026-09-08 10:03:17] [CMD] qsub -q all.q -l ngpus=1 -v MODEL="InceptionNet",DATASET="Cifar10",ATTACK="APGD",KIND="ALL",PHASE="generate",OUTPUT_DIR="adversarial_results_ep200_pre200" adversarial_hpc_submit.pbs </dev/null
[2026-09-08 10:03:20] [OK] InceptionNet/Cifar10/BIM/ALL
[2026-09-08 10:03:20] [OK] qsub output: Your job 6479601 ("adversarial_hpc_submit.pbs") has been submitted
[2026-09-08 10:03:20] [SUBMIT] InceptionNet/Cifar10/APGD/ALL
[2026-09-08 10:03:20] [CMD] qsub -q all.q -l ngpus=1 -v MODEL="InceptionNet",DATASET="Cifar10",ATTACK="APGD",KIND="ALL",PHASE="generate",OUTPUT_DIR="adversarial_results_ep100_pre300" adversarial_hpc_submit.pbs </dev/null
[2026-09-08 10:03:22] [OK] InceptionNet/Cifar10/APGD/ALL
[2026-09-08 10:03:22] [OK] qsub output: Your job 6479602 ("adversarial_hpc_submit.pbs") has been submitted
[2026-09-08 10:03:22] [SUBMIT] InceptionNet/Cifar10/CW/ALL
[2026-09-08 10:03:22] [CMD] qsub -q all.q -l ngpus=1 -v MODEL="InceptionNet",DATASET="Cifar10",ATTACK="CW",KIND="ALL",PHASE="generate",OUTPUT_DIR="adversarial_results_ep200_pre200" adversarial_hpc_submit.pbs </dev/null
[2026-09-08 10:03:27] [OK] InceptionNet/Cifar100/PGD/ALL
[2026-09-08 10:03:27] [OK] qsub output: Your job 6479599 ("adversarial_hpc_submit.pbs") has been submitted
[2026-09-08 10:03:27] [SUBMIT] InceptionNet/Cifar100/FGSM/ALL
[2026-09-08 10:03:27] [CMD] qsub -q all.q -l ngpus=1 -v MODEL="InceptionNet",DATASET="Cifar100",ATTACK="FGSM",KIND="ALL",PHASE="generate",OUTPUT_DIR="adversarial_results_ep300_pre100" adversarial_hpc_submit.pbs </dev/null
[2026-09-08 10:03:28] [OK] InceptionNet/Cifar10/APGD/ALL
[2026-09-08 10:03:29] [OK] qsub output: Your job 6479604 ("adversarial_hpc_submit.pbs") has been submitted
[2026-09-08 10:03:29] [SUBMIT] InceptionNet/Cifar10/CW/ALL
[2026-09-08 10:03:29] [CMD] qsub -q all.q -l ngpus=1 -v MODEL="InceptionNet",DATASET="Cifar10",ATTACK="CW",KIND="ALL",PHASE="generate",OUTPUT_DIR="adversarial_results_ep100_pre300" adversarial_hpc_submit.pbs </dev/null
[2026-09-08 10:03:32] [OK] InceptionNet/Cifar10/CW/ALL
[2026-09-08 10:03:32] [OK] qsub output: Your job 6479605 ("adversarial_hpc_submit.pbs") has been submitted
[2026-09-08 10:03:33] [SUBMIT] InceptionNet/Cifar10/DeepFool/ALL
[2026-09-08 10:03:33] [CMD] qsub -q all.q -l ngpus=1 -v MODEL="InceptionNet",DATASET="Cifar10",ATTACK="DeepFool",KIND="ALL",PHASE="generate",OUTPUT_DIR="adversarial_results_ep200_pre200" adversarial_hpc_submit.pbs </dev/null
[2026-09-08 10:03:41] [OK] InceptionNet/Cifar100/FGSM/ALL
[2026-09-08 10:03:41] [OK] qsub output: Your job 6479608 ("adversarial_hpc_submit.pbs") has been submitted
[2026-09-08 10:03:41] [SUBMIT] InceptionNet/Cifar100/IFGSM/ALL
[2026-09-08 10:03:41] [CMD] qsub -q all.q -l ngpus=1 -v MODEL="InceptionNet",DATASET="Cifar100",ATTACK="IFGSM",KIND="ALL",PHASE="generate",OUTPUT_DIR="adversarial_results_ep300_pre100" adversarial_hpc_submit.pbs </dev/null
[2026-09-08 10:03:46] [OK] InceptionNet/Cifar10/CW/ALL
[2026-09-08 10:03:47] [OK] qsub output: Your job 6479609 ("adversarial_hpc_submit.pbs") has been submitted
[2026-09-08 10:03:47] [SUBMIT] InceptionNet/Cifar10/DeepFool/ALL
[2026-09-08 10:03:47] [CMD] qsub -q all.q -l ngpus=1 -v MODEL="InceptionNet",DATASET="Cifar10",ATTACK="DeepFool",KIND="ALL",PHASE="generate",OUTPUT_DIR="adversarial_results_ep100_pre300" adversarial_hpc_submit.pbs </dev/null
[2026-09-08 10:03:55] [OK] InceptionNet/Cifar10/DeepFool/ALL
[2026-09-08 10:03:55] [OK] qsub output: Your job 6479611 ("adversarial_hpc_submit.pbs") has been submitted
[2026-09-08 10:03:55] [SUBMIT] InceptionNet/Cifar100/PGD/ALL
[2026-09-08 10:03:55] [CMD] qsub -q all.q -l ngpus=1 -v MODEL="InceptionNet",DATASET="Cifar100",ATTACK="PGD",KIND="ALL",PHASE="generate",OUTPUT_DIR="adversarial_results_ep200_pre200" adversarial_hpc_submit.pbs </dev/null
[2026-09-08 10:03:58] [OK] InceptionNet/Cifar100/IFGSM/ALL
[2026-09-08 10:03:58] [OK] qsub output: Your job 6479613 ("adversarial_hpc_submit.pbs") has been submitted
[2026-09-08 10:03:58] [SUBMIT] InceptionNet/Cifar100/BIM/ALL
[2026-09-08 10:03:58] [CMD] qsub -q all.q -l ngpus=1 -v MODEL="InceptionNet",DATASET="Cifar100",ATTACK="BIM",KIND="ALL",PHASE="generate",OUTPUT_DIR="adversarial_results_ep300_pre100" adversarial_hpc_submit.pbs </dev/null
[2026-09-08 10:04:01] [OK] InceptionNet/Cifar10/DeepFool/ALL
[2026-09-08 10:04:01] [OK] qsub output: Your job 6479614 ("adversarial_hpc_submit.pbs") has been submitted
[2026-09-08 10:04:02] [SUBMIT] InceptionNet/Cifar100/PGD/ALL
[2026-09-08 10:04:02] [CMD] qsub -q all.q -l ngpus=1 -v MODEL="InceptionNet",DATASET="Cifar100",ATTACK="PGD",KIND="ALL",PHASE="generate",OUTPUT_DIR="adversarial_results_ep100_pre300" adversarial_hpc_submit.pbs </dev/null
[2026-09-08 10:04:06] [OK] InceptionNet/Cifar100/PGD/ALL
[2026-09-08 10:04:06] [OK] qsub output: Your job 6479616 ("adversarial_hpc_submit.pbs") has been submitted
[2026-09-08 10:04:06] [SUBMIT] InceptionNet/Cifar100/FGSM/ALL
[2026-09-08 10:04:06] [CMD] qsub -q all.q -l ngpus=1 -v MODEL="InceptionNet",DATASET="Cifar100",ATTACK="FGSM",KIND="ALL",PHASE="generate",OUTPUT_DIR="adversarial_results_ep200_pre200" adversarial_hpc_submit.pbs </dev/null
[2026-09-08 10:04:08] [OK] InceptionNet/Cifar100/BIM/ALL
[2026-09-08 10:04:08] [OK] qsub output: Your job 6479618 ("adversarial_hpc_submit.pbs") has been submitted
[2026-09-08 10:04:08] [SUBMIT] InceptionNet/Cifar100/APGD/ALL
[2026-09-08 10:04:08] [CMD] qsub -q all.q -l ngpus=1 -v MODEL="InceptionNet",DATASET="Cifar100",ATTACK="APGD",KIND="ALL",PHASE="generate",OUTPUT_DIR="adversarial_results_ep300_pre100" adversarial_hpc_submit.pbs </dev/null
[2026-09-08 10:04:17] [OK] InceptionNet/Cifar100/PGD/ALL
[2026-09-08 10:04:17] [OK] qsub output: Your job 6479620 ("adversarial_hpc_submit.pbs") has been submitted
[2026-09-08 10:04:18] [SUBMIT] InceptionNet/Cifar100/FGSM/ALL
[2026-09-08 10:04:18] [CMD] qsub -q all.q -l ngpus=1 -v MODEL="InceptionNet",DATASET="Cifar100",ATTACK="FGSM",KIND="ALL",PHASE="generate",OUTPUT_DIR="adversarial_results_ep100_pre300" adversarial_hpc_submit.pbs </dev/null
[2026-09-08 10:04:19] [OK] InceptionNet/Cifar100/FGSM/ALL
[2026-09-08 10:04:19] [OK] qsub output: Your job 6479621 ("adversarial_hpc_submit.pbs") has been submitted
[2026-09-08 10:04:19] [SUBMIT] InceptionNet/Cifar100/IFGSM/ALL
[2026-09-08 10:04:19] [CMD] qsub -q all.q -l ngpus=1 -v MODEL="InceptionNet",DATASET="Cifar100",ATTACK="IFGSM",KIND="ALL",PHASE="generate",OUTPUT_DIR="adversarial_results_ep200_pre200" adversarial_hpc_submit.pbs </dev/null
[2026-09-08 10:04:24] [OK] InceptionNet/Cifar100/APGD/ALL
[2026-09-08 10:04:24] [OK] qsub output: Your job 6479622 ("adversarial_hpc_submit.pbs") has been submitted
[2026-09-08 10:04:24] [SUBMIT] InceptionNet/Cifar100/CW/ALL
[2026-09-08 10:04:24] [CMD] qsub -q all.q -l ngpus=1 -v MODEL="InceptionNet",DATASET="Cifar100",ATTACK="CW",KIND="ALL",PHASE="generate",OUTPUT_DIR="adversarial_results_ep300_pre100" adversarial_hpc_submit.pbs </dev/null
[2026-09-08 10:04:27] [OK] InceptionNet/Cifar100/FGSM/ALL
[2026-09-08 10:04:27] [OK] qsub output: Your job 6479624 ("adversarial_hpc_submit.pbs") has been submitted
[2026-09-08 10:04:27] [SUBMIT] InceptionNet/Cifar100/IFGSM/ALL
[2026-09-08 10:04:27] [CMD] qsub -q all.q -l ngpus=1 -v MODEL="InceptionNet",DATASET="Cifar100",ATTACK="IFGSM",KIND="ALL",PHASE="generate",OUTPUT_DIR="adversarial_results_ep100_pre300" adversarial_hpc_submit.pbs </dev/null
[2026-09-08 10:04:35] [OK] InceptionNet/Cifar100/CW/ALL
[2026-09-08 10:04:35] [OK] qsub output: Your job 6479626 ("adversarial_hpc_submit.pbs") has been submitted
[2026-09-08 10:04:35] [SUBMIT] InceptionNet/Cifar100/DeepFool/ALL
[2026-09-08 10:04:35] [CMD] qsub -q all.q -l ngpus=1 -v MODEL="InceptionNet",DATASET="Cifar100",ATTACK="DeepFool",KIND="ALL",PHASE="generate",OUTPUT_DIR="adversarial_results_ep300_pre100" adversarial_hpc_submit.pbs </dev/null
[2026-09-08 10:04:37] [OK] InceptionNet/Cifar100/IFGSM/ALL
[2026-09-08 10:04:37] [OK] qsub output: Your job 6479625 ("adversarial_hpc_submit.pbs") has been submitted
[2026-09-08 10:04:37] [SUBMIT] InceptionNet/Cifar100/BIM/ALL
[2026-09-08 10:04:37] [CMD] qsub -q all.q -l ngpus=1 -v MODEL="InceptionNet",DATASET="Cifar100",ATTACK="BIM",KIND="ALL",PHASE="generate",OUTPUT_DIR="adversarial_results_ep200_pre200" adversarial_hpc_submit.pbs </dev/null
[2026-09-08 10:04:37] [OK] InceptionNet/Cifar100/IFGSM/ALL
[2026-09-08 10:04:37] [OK] qsub output: Your job 6479627 ("adversarial_hpc_submit.pbs") has been submitted
[2026-09-08 10:04:38] [SUBMIT] InceptionNet/Cifar100/BIM/ALL
[2026-09-08 10:04:38] [CMD] qsub -q all.q -l ngpus=1 -v MODEL="InceptionNet",DATASET="Cifar100",ATTACK="BIM",KIND="ALL",PHASE="generate",OUTPUT_DIR="adversarial_results_ep100_pre300" adversarial_hpc_submit.pbs </dev/null
[2026-09-08 10:04:41] [OK] InceptionNet/Cifar100/BIM/ALL
[2026-09-08 10:04:41] [OK] qsub output: Your job 6479630 ("adversarial_hpc_submit.pbs") has been submitted
[2026-09-08 10:04:41] [SUBMIT] InceptionNet/Cifar100/APGD/ALL
[2026-09-08 10:04:41] [CMD] qsub -q all.q -l ngpus=1 -v MODEL="InceptionNet",DATASET="Cifar100",ATTACK="APGD",KIND="ALL",PHASE="generate",OUTPUT_DIR="adversarial_results_ep200_pre200" adversarial_hpc_submit.pbs </dev/null
[2026-09-08 10:04:47] [OK] InceptionNet/Cifar100/DeepFool/ALL
[2026-09-08 10:04:47] [OK] qsub output: Your job 6479629 ("adversarial_hpc_submit.pbs") has been submitted
[2026-09-08 10:04:47] [SUBMIT] InceptionNet/TinyImageNet/PGD/ALL
[2026-09-08 10:04:47] [CMD] qsub -q all.q -l ngpus=1 -v MODEL="InceptionNet",DATASET="TinyImageNet",ATTACK="PGD",KIND="ALL",PHASE="generate",OUTPUT_DIR="adversarial_results_ep300_pre100" adversarial_hpc_submit.pbs </dev/null
[2026-09-08 10:04:48] [OK] InceptionNet/Cifar100/BIM/ALL
[2026-09-08 10:04:48] [OK] qsub output: Your job 6479631 ("adversarial_hpc_submit.pbs") has been submitted
[2026-09-08 10:04:48] [SUBMIT] InceptionNet/Cifar100/APGD/ALL
[2026-09-08 10:04:48] [CMD] qsub -q all.q -l ngpus=1 -v MODEL="InceptionNet",DATASET="Cifar100",ATTACK="APGD",KIND="ALL",PHASE="generate",OUTPUT_DIR="adversarial_results_ep100_pre300" adversarial_hpc_submit.pbs </dev/null
[2026-09-08 10:04:53] [OK] InceptionNet/Cifar100/APGD/ALL
[2026-09-08 10:04:53] [OK] qsub output: Your job 6479633 ("adversarial_hpc_submit.pbs") has been submitted
[2026-09-08 10:04:53] [SUBMIT] InceptionNet/Cifar100/CW/ALL
[2026-09-08 10:04:53] [CMD] qsub -q all.q -l ngpus=1 -v MODEL="InceptionNet",DATASET="Cifar100",ATTACK="CW",KIND="ALL",PHASE="generate",OUTPUT_DIR="adversarial_results_ep200_pre200" adversarial_hpc_submit.pbs </dev/null
[2026-09-08 10:04:58] [OK] InceptionNet/Cifar100/APGD/ALL
[2026-09-08 10:04:58] [OK] qsub output: Your job 6479635 ("adversarial_hpc_submit.pbs") has been submitted
[2026-09-08 10:04:58] [SUBMIT] InceptionNet/Cifar100/CW/ALL
[2026-09-08 10:04:58] [CMD] qsub -q all.q -l ngpus=1 -v MODEL="InceptionNet",DATASET="Cifar100",ATTACK="CW",KIND="ALL",PHASE="generate",OUTPUT_DIR="adversarial_results_ep100_pre300" adversarial_hpc_submit.pbs </dev/null
[2026-09-08 10:05:00] [OK] InceptionNet/TinyImageNet/PGD/ALL
[2026-09-08 10:05:00] [OK] qsub output: Your job 6479634 ("adversarial_hpc_submit.pbs") has been submitted
[2026-09-08 10:05:00] [SUBMIT] InceptionNet/TinyImageNet/FGSM/ALL
[2026-09-08 10:05:00] [CMD] qsub -q all.q -l ngpus=1 -v MODEL="InceptionNet",DATASET="TinyImageNet",ATTACK="FGSM",KIND="ALL",PHASE="generate",OUTPUT_DIR="adversarial_results_ep300_pre100" adversarial_hpc_submit.pbs </dev/null
[2026-09-08 10:05:02] [OK] InceptionNet/Cifar100/CW/ALL
[2026-09-08 10:05:02] [OK] qsub output: Your job 6479636 ("adversarial_hpc_submit.pbs") has been submitted
[2026-09-08 10:05:02] [SUBMIT] InceptionNet/Cifar100/DeepFool/ALL
[2026-09-08 10:05:02] [CMD] qsub -q all.q -l ngpus=1 -v MODEL="InceptionNet",DATASET="Cifar100",ATTACK="DeepFool",KIND="ALL",PHASE="generate",OUTPUT_DIR="adversarial_results_ep200_pre200" adversarial_hpc_submit.pbs </dev/null
[2026-09-08 10:05:04] [OK] InceptionNet/Cifar100/CW/ALL
[2026-09-08 10:05:04] [OK] qsub output: Your job 6479637 ("adversarial_hpc_submit.pbs") has been submitted
[2026-09-08 10:05:04] [SUBMIT] InceptionNet/Cifar100/DeepFool/ALL
[2026-09-08 10:05:04] [CMD] qsub -q all.q -l ngpus=1 -v MODEL="InceptionNet",DATASET="Cifar100",ATTACK="DeepFool",KIND="ALL",PHASE="generate",OUTPUT_DIR="adversarial_results_ep100_pre300" adversarial_hpc_submit.pbs </dev/null
[2026-09-08 10:05:14] [OK] InceptionNet/TinyImageNet/FGSM/ALL
[2026-09-08 10:05:14] [OK] qsub output: Your job 6479639 ("adversarial_hpc_submit.pbs") has been submitted
[2026-09-08 10:05:14] [SUBMIT] InceptionNet/TinyImageNet/IFGSM/ALL
[2026-09-08 10:05:14] [CMD] qsub -q all.q -l ngpus=1 -v MODEL="InceptionNet",DATASET="TinyImageNet",ATTACK="IFGSM",KIND="ALL",PHASE="generate",OUTPUT_DIR="adversarial_results_ep300_pre100" adversarial_hpc_submit.pbs </dev/null
[2026-09-08 10:05:19] [OK] InceptionNet/Cifar100/DeepFool/ALL
[2026-09-08 10:05:19] [OK] qsub output: Your job 6479642 ("adversarial_hpc_submit.pbs") has been submitted
[2026-09-08 10:05:19] [SUBMIT] InceptionNet/TinyImageNet/PGD/ALL
[2026-09-08 10:05:19] [CMD] qsub -q all.q -l ngpus=1 -v MODEL="InceptionNet",DATASET="TinyImageNet",ATTACK="PGD",KIND="ALL",PHASE="generate",OUTPUT_DIR="adversarial_results_ep100_pre300" adversarial_hpc_submit.pbs </dev/null
[2026-09-08 10:05:20] [OK] InceptionNet/Cifar100/DeepFool/ALL
[2026-09-08 10:05:20] [OK] qsub output: Your job 6479641 ("adversarial_hpc_submit.pbs") has been submitted
[2026-09-08 10:05:20] [SUBMIT] InceptionNet/TinyImageNet/PGD/ALL
[2026-09-08 10:05:20] [CMD] qsub -q all.q -l ngpus=1 -v MODEL="InceptionNet",DATASET="TinyImageNet",ATTACK="PGD",KIND="ALL",PHASE="generate",OUTPUT_DIR="adversarial_results_ep200_pre200" adversarial_hpc_submit.pbs </dev/null
[2026-09-08 10:05:23] [OK] InceptionNet/TinyImageNet/PGD/ALL
[2026-09-08 10:05:23] [OK] qsub output: Your job 6479644 ("adversarial_hpc_submit.pbs") has been submitted
[2026-09-08 10:05:24] [SUBMIT] InceptionNet/TinyImageNet/FGSM/ALL
[2026-09-08 10:05:24] [CMD] qsub -q all.q -l ngpus=1 -v MODEL="InceptionNet",DATASET="TinyImageNet",ATTACK="FGSM",KIND="ALL",PHASE="generate",OUTPUT_DIR="adversarial_results_ep100_pre300" adversarial_hpc_submit.pbs </dev/null
[2026-09-08 10:05:24] [OK] InceptionNet/TinyImageNet/IFGSM/ALL
[2026-09-08 10:05:24] [OK] qsub output: Your job 6479643 ("adversarial_hpc_submit.pbs") has been submitted
[2026-09-08 10:05:25] [SUBMIT] InceptionNet/TinyImageNet/BIM/ALL
[2026-09-08 10:05:25] [CMD] qsub -q all.q -l ngpus=1 -v MODEL="InceptionNet",DATASET="TinyImageNet",ATTACK="BIM",KIND="ALL",PHASE="generate",OUTPUT_DIR="adversarial_results_ep300_pre100" adversarial_hpc_submit.pbs </dev/null
[2026-09-08 10:05:25] [OK] InceptionNet/TinyImageNet/PGD/ALL
[2026-09-08 10:05:25] [OK] qsub output: Your job 6479645 ("adversarial_hpc_submit.pbs") has been submitted
[2026-09-08 10:05:25] [SUBMIT] InceptionNet/TinyImageNet/FGSM/ALL
[2026-09-08 10:05:25] [CMD] qsub -q all.q -l ngpus=1 -v MODEL="InceptionNet",DATASET="TinyImageNet",ATTACK="FGSM",KIND="ALL",PHASE="generate",OUTPUT_DIR="adversarial_results_ep200_pre200" adversarial_hpc_submit.pbs </dev/null
[2026-09-08 10:05:34] [OK] InceptionNet/TinyImageNet/FGSM/ALL
[2026-09-08 10:05:34] [OK] qsub output: Your job 6479647 ("adversarial_hpc_submit.pbs") has been submitted
[2026-09-08 10:05:34] [SUBMIT] InceptionNet/TinyImageNet/IFGSM/ALL
[2026-09-08 10:05:34] [CMD] qsub -q all.q -l ngpus=1 -v MODEL="InceptionNet",DATASET="TinyImageNet",ATTACK="IFGSM",KIND="ALL",PHASE="generate",OUTPUT_DIR="adversarial_results_ep100_pre300" adversarial_hpc_submit.pbs </dev/null
[2026-09-08 10:05:37] [OK] InceptionNet/TinyImageNet/BIM/ALL
[2026-09-08 10:05:37] [OK] qsub output: Your job 6479648 ("adversarial_hpc_submit.pbs") has been submitted
[2026-09-08 10:05:37] [SUBMIT] InceptionNet/TinyImageNet/APGD/ALL
[2026-09-08 10:05:37] [CMD] qsub -q all.q -l ngpus=1 -v MODEL="InceptionNet",DATASET="TinyImageNet",ATTACK="APGD",KIND="ALL",PHASE="generate",OUTPUT_DIR="adversarial_results_ep300_pre100" adversarial_hpc_submit.pbs </dev/null
[2026-09-08 10:05:39] [OK] InceptionNet/TinyImageNet/FGSM/ALL
[2026-09-08 10:05:39] [OK] qsub output: Your job 6479649 ("adversarial_hpc_submit.pbs") has been submitted
[2026-09-08 10:05:39] [SUBMIT] InceptionNet/TinyImageNet/IFGSM/ALL
[2026-09-08 10:05:39] [CMD] qsub -q all.q -l ngpus=1 -v MODEL="InceptionNet",DATASET="TinyImageNet",ATTACK="IFGSM",KIND="ALL",PHASE="generate",OUTPUT_DIR="adversarial_results_ep200_pre200" adversarial_hpc_submit.pbs </dev/null
[2026-09-08 10:05:43] [OK] InceptionNet/TinyImageNet/IFGSM/ALL
[2026-09-08 10:05:43] [OK] qsub output: Your job 6479650 ("adversarial_hpc_submit.pbs") has been submitted
[2026-09-08 10:05:43] [SUBMIT] InceptionNet/TinyImageNet/BIM/ALL
[2026-09-08 10:05:43] [CMD] qsub -q all.q -l ngpus=1 -v MODEL="InceptionNet",DATASET="TinyImageNet",ATTACK="BIM",KIND="ALL",PHASE="generate",OUTPUT_DIR="adversarial_results_ep100_pre300" adversarial_hpc_submit.pbs </dev/null
[2026-09-08 10:05:46] [OK] InceptionNet/TinyImageNet/APGD/ALL
[2026-09-08 10:05:46] [OK] qsub output: Your job 6479651 ("adversarial_hpc_submit.pbs") has been submitted
[2026-09-08 10:05:46] [SUBMIT] InceptionNet/TinyImageNet/CW/ALL
[2026-09-08 10:05:47] [CMD] qsub -q all.q -l ngpus=1 -v MODEL="InceptionNet",DATASET="TinyImageNet",ATTACK="CW",KIND="ALL",PHASE="generate",OUTPUT_DIR="adversarial_results_ep300_pre100" adversarial_hpc_submit.pbs </dev/null
[2026-09-08 10:05:48] [OK] InceptionNet/TinyImageNet/IFGSM/ALL
[2026-09-08 10:05:48] [OK] qsub output: Your job 6479652 ("adversarial_hpc_submit.pbs") has been submitted
[2026-09-08 10:05:48] [SUBMIT] InceptionNet/TinyImageNet/BIM/ALL
[2026-09-08 10:05:48] [CMD] qsub -q all.q -l ngpus=1 -v MODEL="InceptionNet",DATASET="TinyImageNet",ATTACK="BIM",KIND="ALL",PHASE="generate",OUTPUT_DIR="adversarial_results_ep200_pre200" adversarial_hpc_submit.pbs </dev/null
[2026-09-08 10:05:51] [OK] InceptionNet/TinyImageNet/BIM/ALL
[2026-09-08 10:05:52] [OK] qsub output: Your job 6479653 ("adversarial_hpc_submit.pbs") has been submitted
[2026-09-08 10:05:52] [SUBMIT] InceptionNet/TinyImageNet/APGD/ALL
[2026-09-08 10:05:52] [CMD] qsub -q all.q -l ngpus=1 -v MODEL="InceptionNet",DATASET="TinyImageNet",ATTACK="APGD",KIND="ALL",PHASE="generate",OUTPUT_DIR="adversarial_results_ep100_pre300" adversarial_hpc_submit.pbs </dev/null
[2026-09-08 10:05:55] [OK] InceptionNet/TinyImageNet/BIM/ALL
[2026-09-08 10:05:55] [OK] qsub output: Your job 6479655 ("adversarial_hpc_submit.pbs") has been submitted
[2026-09-08 10:05:56] [SUBMIT] InceptionNet/TinyImageNet/APGD/ALL
[2026-09-08 10:05:56] [CMD] qsub -q all.q -l ngpus=1 -v MODEL="InceptionNet",DATASET="TinyImageNet",ATTACK="APGD",KIND="ALL",PHASE="generate",OUTPUT_DIR="adversarial_results_ep200_pre200" adversarial_hpc_submit.pbs </dev/null
[2026-09-08 10:05:56] [OK] InceptionNet/TinyImageNet/CW/ALL
[2026-09-08 10:05:56] [OK] qsub output: Your job 6479654 ("adversarial_hpc_submit.pbs") has been submitted
[2026-09-08 10:05:56] [SUBMIT] InceptionNet/TinyImageNet/DeepFool/ALL
[2026-09-08 10:05:56] [CMD] qsub -q all.q -l ngpus=1 -v MODEL="InceptionNet",DATASET="TinyImageNet",ATTACK="DeepFool",KIND="ALL",PHASE="generate",OUTPUT_DIR="adversarial_results_ep300_pre100" adversarial_hpc_submit.pbs </dev/null
[2026-09-08 10:06:04] [OK] InceptionNet/TinyImageNet/APGD/ALL
[2026-09-08 10:06:04] [OK] qsub output: Your job 6479658 ("adversarial_hpc_submit.pbs") has been submitted
[2026-09-08 10:06:05] [OK] InceptionNet/TinyImageNet/APGD/ALL
[2026-09-08 10:06:05] [OK] qsub output: Your job 6479656 ("adversarial_hpc_submit.pbs") has been submitted
[2026-09-08 10:06:05] [SUBMIT] InceptionNet/TinyImageNet/CW/ALL
[2026-09-08 10:06:05] [CMD] qsub -q all.q -l ngpus=1 -v MODEL="InceptionNet",DATASET="TinyImageNet",ATTACK="CW",KIND="ALL",PHASE="generate",OUTPUT_DIR="adversarial_results_ep200_pre200" adversarial_hpc_submit.pbs </dev/null
[2026-09-08 10:06:05] [SUBMIT] InceptionNet/TinyImageNet/CW/ALL
[2026-09-08 10:06:05] [CMD] qsub -q all.q -l ngpus=1 -v MODEL="InceptionNet",DATASET="TinyImageNet",ATTACK="CW",KIND="ALL",PHASE="generate",OUTPUT_DIR="adversarial_results_ep100_pre300" adversarial_hpc_submit.pbs </dev/null
[2026-09-08 10:06:14] [OK] InceptionNet/TinyImageNet/DeepFool/ALL
[2026-09-08 10:06:14] [OK] qsub output: Your job 6479659 ("adversarial_hpc_submit.pbs") has been submitted
[2026-09-08 10:06:14] [SUBMIT] MobileNet/Cifar10/PGD/ALL
[2026-09-08 10:06:14] [CMD] qsub -q all.q -l ngpus=1 -v MODEL="MobileNet",DATASET="Cifar10",ATTACK="PGD",KIND="ALL",PHASE="generate",OUTPUT_DIR="adversarial_results_ep300_pre100" adversarial_hpc_submit.pbs </dev/null
[2026-09-08 10:06:20] [OK] InceptionNet/TinyImageNet/CW/ALL
[2026-09-08 10:06:20] [OK] qsub output: Your job 6479662 ("adversarial_hpc_submit.pbs") has been submitted
[2026-09-08 10:06:20] [SUBMIT] InceptionNet/TinyImageNet/DeepFool/ALL
[2026-09-08 10:06:20] [CMD] qsub -q all.q -l ngpus=1 -v MODEL="InceptionNet",DATASET="TinyImageNet",ATTACK="DeepFool",KIND="ALL",PHASE="generate",OUTPUT_DIR="adversarial_results_ep200_pre200" adversarial_hpc_submit.pbs </dev/null
[2026-09-08 10:06:24] [OK] MobileNet/Cifar10/PGD/ALL
[2026-09-08 10:06:24] [OK] qsub output: Your job 6479664 ("adversarial_hpc_submit.pbs") has been submitted
[2026-09-08 10:06:24] [SUBMIT] MobileNet/Cifar10/FGSM/ALL
[2026-09-08 10:06:24] [CMD] qsub -q all.q -l ngpus=1 -v MODEL="MobileNet",DATASET="Cifar10",ATTACK="FGSM",KIND="ALL",PHASE="generate",OUTPUT_DIR="adversarial_results_ep300_pre100" adversarial_hpc_submit.pbs </dev/null
[2026-09-08 10:06:25] [OK] InceptionNet/TinyImageNet/CW/ALL
[2026-09-08 10:06:25] [OK] qsub output: Your job 6479663 ("adversarial_hpc_submit.pbs") has been submitted
[2026-09-08 10:06:25] [SUBMIT] InceptionNet/TinyImageNet/DeepFool/ALL
[2026-09-08 10:06:25] [CMD] qsub -q all.q -l ngpus=1 -v MODEL="InceptionNet",DATASET="TinyImageNet",ATTACK="DeepFool",KIND="ALL",PHASE="generate",OUTPUT_DIR="adversarial_results_ep100_pre300" adversarial_hpc_submit.pbs </dev/null
[2026-09-08 10:06:28] [OK] InceptionNet/TinyImageNet/DeepFool/ALL
[2026-09-08 10:06:28] [OK] qsub output: Your job 6479666 ("adversarial_hpc_submit.pbs") has been submitted
[2026-09-08 10:06:28] [SUBMIT] MobileNet/Cifar10/PGD/ALL
[2026-09-08 10:06:28] [CMD] qsub -q all.q -l ngpus=1 -v MODEL="MobileNet",DATASET="Cifar10",ATTACK="PGD",KIND="ALL",PHASE="generate",OUTPUT_DIR="adversarial_results_ep200_pre200" adversarial_hpc_submit.pbs </dev/null
[2026-09-08 10:06:35] [OK] InceptionNet/TinyImageNet/DeepFool/ALL
[2026-09-08 10:06:35] [OK] qsub output: Your job 6479668 ("adversarial_hpc_submit.pbs") has been submitted
[2026-09-08 10:06:35] [SUBMIT] MobileNet/Cifar10/PGD/ALL
[2026-09-08 10:06:35] [CMD] qsub -q all.q -l ngpus=1 -v MODEL="MobileNet",DATASET="Cifar10",ATTACK="PGD",KIND="ALL",PHASE="generate",OUTPUT_DIR="adversarial_results_ep100_pre300" adversarial_hpc_submit.pbs </dev/null
[2026-09-08 10:06:37] [OK] MobileNet/Cifar10/FGSM/ALL
[2026-09-08 10:06:37] [OK] qsub output: Your job 6479667 ("adversarial_hpc_submit.pbs") has been submitted
[2026-09-08 10:06:38] [SUBMIT] MobileNet/Cifar10/IFGSM/ALL
[2026-09-08 10:06:38] [CMD] qsub -q all.q -l ngpus=1 -v MODEL="MobileNet",DATASET="Cifar10",ATTACK="IFGSM",KIND="ALL",PHASE="generate",OUTPUT_DIR="adversarial_results_ep300_pre100" adversarial_hpc_submit.pbs </dev/null
[2026-09-08 10:06:40] [OK] MobileNet/Cifar10/PGD/ALL
[2026-09-08 10:06:40] [OK] qsub output: Your job 6479669 ("adversarial_hpc_submit.pbs") has been submitted
[2026-09-08 10:06:40] [SUBMIT] MobileNet/Cifar10/FGSM/ALL
[2026-09-08 10:06:40] [CMD] qsub -q all.q -l ngpus=1 -v MODEL="MobileNet",DATASET="Cifar10",ATTACK="FGSM",KIND="ALL",PHASE="generate",OUTPUT_DIR="adversarial_results_ep200_pre200" adversarial_hpc_submit.pbs </dev/null
[2026-09-08 10:06:44] [OK] MobileNet/Cifar10/IFGSM/ALL
[2026-09-08 10:06:44] [OK] qsub output: Your job 6479672 ("adversarial_hpc_submit.pbs") has been submitted
[2026-09-08 10:06:44] [SUBMIT] MobileNet/Cifar10/BIM/ALL
[2026-09-08 10:06:44] [CMD] qsub -q all.q -l ngpus=1 -v MODEL="MobileNet",DATASET="Cifar10",ATTACK="BIM",KIND="ALL",PHASE="generate",OUTPUT_DIR="adversarial_results_ep300_pre100" adversarial_hpc_submit.pbs </dev/null
[2026-09-08 10:06:46] [OK] MobileNet/Cifar10/PGD/ALL
[2026-09-08 10:06:46] [OK] qsub output: Your job 6479671 ("adversarial_hpc_submit.pbs") has been submitted
[2026-09-08 10:06:46] [SUBMIT] MobileNet/Cifar10/FGSM/ALL
[2026-09-08 10:06:46] [CMD] qsub -q all.q -l ngpus=1 -v MODEL="MobileNet",DATASET="Cifar10",ATTACK="FGSM",KIND="ALL",PHASE="generate",OUTPUT_DIR="adversarial_results_ep100_pre300" adversarial_hpc_submit.pbs </dev/null
[2026-09-08 10:06:49] [OK] MobileNet/Cifar10/FGSM/ALL
[2026-09-08 10:06:49] [OK] qsub output: Your job 6479673 ("adversarial_hpc_submit.pbs") has been submitted
[2026-09-08 10:06:50] [SUBMIT] MobileNet/Cifar10/IFGSM/ALL
[2026-09-08 10:06:50] [CMD] qsub -q all.q -l ngpus=1 -v MODEL="MobileNet",DATASET="Cifar10",ATTACK="IFGSM",KIND="ALL",PHASE="generate",OUTPUT_DIR="adversarial_results_ep200_pre200" adversarial_hpc_submit.pbs </dev/null
[2026-09-08 10:06:52] [OK] MobileNet/Cifar10/BIM/ALL
[2026-09-08 10:06:52] [OK] qsub output: Your job 6479674 ("adversarial_hpc_submit.pbs") has been submitted
[2026-09-08 10:06:52] [SUBMIT] MobileNet/Cifar10/APGD/ALL
[2026-09-08 10:06:52] [CMD] qsub -q all.q -l ngpus=1 -v MODEL="MobileNet",DATASET="Cifar10",ATTACK="APGD",KIND="ALL",PHASE="generate",OUTPUT_DIR="adversarial_results_ep300_pre100" adversarial_hpc_submit.pbs </dev/null
[2026-09-08 10:06:59] [OK] MobileNet/Cifar10/FGSM/ALL
[2026-09-08 10:06:59] [OK] qsub output: Your job 6479675 ("adversarial_hpc_submit.pbs") has been submitted
[2026-09-08 10:06:59] [SUBMIT] MobileNet/Cifar10/IFGSM/ALL
[2026-09-08 10:06:59] [CMD] qsub -q all.q -l ngpus=1 -v MODEL="MobileNet",DATASET="Cifar10",ATTACK="IFGSM",KIND="ALL",PHASE="generate",OUTPUT_DIR="adversarial_results_ep100_pre300" adversarial_hpc_submit.pbs </dev/null
[2026-09-08 10:07:02] [OK] MobileNet/Cifar10/IFGSM/ALL
[2026-09-08 10:07:02] [OK] qsub output: Your job 6479676 ("adversarial_hpc_submit.pbs") has been submitted
[2026-09-08 10:07:02] [SUBMIT] MobileNet/Cifar10/BIM/ALL
[2026-09-08 10:07:02] [CMD] qsub -q all.q -l ngpus=1 -v MODEL="MobileNet",DATASET="Cifar10",ATTACK="BIM",KIND="ALL",PHASE="generate",OUTPUT_DIR="adversarial_results_ep200_pre200" adversarial_hpc_submit.pbs </dev/null
[2026-09-08 10:07:07] [OK] MobileNet/Cifar10/APGD/ALL
[2026-09-08 10:07:07] [OK] qsub output: Your job 6479677 ("adversarial_hpc_submit.pbs") has been submitted
[2026-09-08 10:07:07] [SUBMIT] MobileNet/Cifar10/CW/ALL
[2026-09-08 10:07:07] [CMD] qsub -q all.q -l ngpus=1 -v MODEL="MobileNet",DATASET="Cifar10",ATTACK="CW",KIND="ALL",PHASE="generate",OUTPUT_DIR="adversarial_results_ep300_pre100" adversarial_hpc_submit.pbs </dev/null
[2026-09-08 10:07:09] [OK] MobileNet/Cifar10/IFGSM/ALL
[2026-09-08 10:07:09] [OK] qsub output: Your job 6479678 ("adversarial_hpc_submit.pbs") has been submitted
[2026-09-08 10:07:09] [SUBMIT] MobileNet/Cifar10/BIM/ALL
[2026-09-08 10:07:09] [CMD] qsub -q all.q -l ngpus=1 -v MODEL="MobileNet",DATASET="Cifar10",ATTACK="BIM",KIND="ALL",PHASE="generate",OUTPUT_DIR="adversarial_results_ep100_pre300" adversarial_hpc_submit.pbs </dev/null
[2026-09-08 10:07:14] [OK] MobileNet/Cifar10/CW/ALL
[2026-09-08 10:07:14] [OK] qsub output: Your job 6479680 ("adversarial_hpc_submit.pbs") has been submitted
[2026-09-08 10:07:14] [SUBMIT] MobileNet/Cifar10/DeepFool/ALL
[2026-09-08 10:07:14] [CMD] qsub -q all.q -l ngpus=1 -v MODEL="MobileNet",DATASET="Cifar10",ATTACK="DeepFool",KIND="ALL",PHASE="generate",OUTPUT_DIR="adversarial_results_ep300_pre100" adversarial_hpc_submit.pbs </dev/null
[2026-09-08 10:07:17] [OK] MobileNet/Cifar10/BIM/ALL
[2026-09-08 10:07:17] [OK] qsub output: Your job 6479679 ("adversarial_hpc_submit.pbs") has been submitted
[2026-09-08 10:07:17] [SUBMIT] MobileNet/Cifar10/APGD/ALL
[2026-09-08 10:07:17] [CMD] qsub -q all.q -l ngpus=1 -v MODEL="MobileNet",DATASET="Cifar10",ATTACK="APGD",KIND="ALL",PHASE="generate",OUTPUT_DIR="adversarial_results_ep200_pre200" adversarial_hpc_submit.pbs </dev/null
[2026-09-08 10:07:20] [OK] MobileNet/Cifar10/BIM/ALL
[2026-09-08 10:07:20] [OK] qsub output: Your job 6479681 ("adversarial_hpc_submit.pbs") has been submitted
[2026-09-08 10:07:21] [SUBMIT] MobileNet/Cifar10/APGD/ALL
[2026-09-08 10:07:21] [CMD] qsub -q all.q -l ngpus=1 -v MODEL="MobileNet",DATASET="Cifar10",ATTACK="APGD",KIND="ALL",PHASE="generate",OUTPUT_DIR="adversarial_results_ep100_pre300" adversarial_hpc_submit.pbs </dev/null
[2026-09-08 10:07:25] [OK] MobileNet/Cifar10/APGD/ALL
[2026-09-08 10:07:25] [OK] qsub output: Your job 6479683 ("adversarial_hpc_submit.pbs") has been submitted
[2026-09-08 10:07:25] [SUBMIT] MobileNet/Cifar10/CW/ALL
[2026-09-08 10:07:25] [CMD] qsub -q all.q -l ngpus=1 -v MODEL="MobileNet",DATASET="Cifar10",ATTACK="CW",KIND="ALL",PHASE="generate",OUTPUT_DIR="adversarial_results_ep200_pre200" adversarial_hpc_submit.pbs </dev/null
[2026-09-08 10:07:26] [OK] MobileNet/Cifar10/DeepFool/ALL
[2026-09-08 10:07:26] [OK] qsub output: Your job 6479682 ("adversarial_hpc_submit.pbs") has been submitted
[2026-09-08 10:07:26] [SUBMIT] MobileNet/Cifar100/PGD/ALL
[2026-09-08 10:07:26] [CMD] qsub -q all.q -l ngpus=1 -v MODEL="MobileNet",DATASET="Cifar100",ATTACK="PGD",KIND="ALL",PHASE="generate",OUTPUT_DIR="adversarial_results_ep300_pre100" adversarial_hpc_submit.pbs </dev/null
[2026-09-08 10:07:28] [OK] MobileNet/Cifar10/APGD/ALL
[2026-09-08 10:07:28] [OK] qsub output: Your job 6479685 ("adversarial_hpc_submit.pbs") has been submitted
[2026-09-08 10:07:28] [SUBMIT] MobileNet/Cifar10/CW/ALL
[2026-09-08 10:07:28] [CMD] qsub -q all.q -l ngpus=1 -v MODEL="MobileNet",DATASET="Cifar10",ATTACK="CW",KIND="ALL",PHASE="generate",OUTPUT_DIR="adversarial_results_ep100_pre300" adversarial_hpc_submit.pbs </dev/null
[2026-09-08 10:07:30] [OK] MobileNet/Cifar10/CW/ALL
[2026-09-08 10:07:30] [OK] qsub output: Your job 6479686 ("adversarial_hpc_submit.pbs") has been submitted
[2026-09-08 10:07:30] [SUBMIT] MobileNet/Cifar10/DeepFool/ALL
[2026-09-08 10:07:30] [CMD] qsub -q all.q -l ngpus=1 -v MODEL="MobileNet",DATASET="Cifar10",ATTACK="DeepFool",KIND="ALL",PHASE="generate",OUTPUT_DIR="adversarial_results_ep200_pre200" adversarial_hpc_submit.pbs </dev/null
[2026-09-08 10:07:36] [OK] MobileNet/Cifar100/PGD/ALL
[2026-09-08 10:07:36] [OK] qsub output: Your job 6479687 ("adversarial_hpc_submit.pbs") has been submitted
[2026-09-08 10:07:36] [SUBMIT] MobileNet/Cifar100/FGSM/ALL
[2026-09-08 10:07:36] [CMD] qsub -q all.q -l ngpus=1 -v MODEL="MobileNet",DATASET="Cifar100",ATTACK="FGSM",KIND="ALL",PHASE="generate",OUTPUT_DIR="adversarial_results_ep300_pre100" adversarial_hpc_submit.pbs </dev/null
[2026-09-08 10:07:40] [OK] MobileNet/Cifar10/CW/ALL
[2026-09-08 10:07:40] [OK] qsub output: Your job 6479689 ("adversarial_hpc_submit.pbs") has been submitted
[2026-09-08 10:07:40] [SUBMIT] MobileNet/Cifar10/DeepFool/ALL
[2026-09-08 10:07:40] [CMD] qsub -q all.q -l ngpus=1 -v MODEL="MobileNet",DATASET="Cifar10",ATTACK="DeepFool",KIND="ALL",PHASE="generate",OUTPUT_DIR="adversarial_results_ep100_pre300" adversarial_hpc_submit.pbs </dev/null
[2026-09-08 10:07:43] [OK] MobileNet/Cifar10/DeepFool/ALL
[2026-09-08 10:07:43] [OK] qsub output: Your job 6479690 ("adversarial_hpc_submit.pbs") has been submitted
[2026-09-08 10:07:43] [SUBMIT] MobileNet/Cifar100/PGD/ALL
[2026-09-08 10:07:43] [CMD] qsub -q all.q -l ngpus=1 -v MODEL="MobileNet",DATASET="Cifar100",ATTACK="PGD",KIND="ALL",PHASE="generate",OUTPUT_DIR="adversarial_results_ep200_pre200" adversarial_hpc_submit.pbs </dev/null
[2026-09-08 10:07:52] [OK] MobileNet/Cifar100/FGSM/ALL
[2026-09-08 10:07:52] [OK] qsub output: Your job 6479692 ("adversarial_hpc_submit.pbs") has been submitted
[2026-09-08 10:07:52] [SUBMIT] MobileNet/Cifar100/IFGSM/ALL
[2026-09-08 10:07:52] [CMD] qsub -q all.q -l ngpus=1 -v MODEL="MobileNet",DATASET="Cifar100",ATTACK="IFGSM",KIND="ALL",PHASE="generate",OUTPUT_DIR="adversarial_results_ep300_pre100" adversarial_hpc_submit.pbs </dev/null
[2026-09-08 10:07:53] [OK] MobileNet/Cifar10/DeepFool/ALL
[2026-09-08 10:07:53] [OK] qsub output: Your job 6479693 ("adversarial_hpc_submit.pbs") has been submitted
[2026-09-08 10:07:53] [SUBMIT] MobileNet/Cifar100/PGD/ALL
[2026-09-08 10:07:53] [CMD] qsub -q all.q -l ngpus=1 -v MODEL="MobileNet",DATASET="Cifar100",ATTACK="PGD",KIND="ALL",PHASE="generate",OUTPUT_DIR="adversarial_results_ep100_pre300" adversarial_hpc_submit.pbs </dev/null
[2026-09-08 10:07:57] [OK] MobileNet/Cifar100/PGD/ALL
[2026-09-08 10:07:57] [OK] qsub output: Your job 6479695 ("adversarial_hpc_submit.pbs") has been submitted
[2026-09-08 10:07:57] [SUBMIT] MobileNet/Cifar100/FGSM/ALL
[2026-09-08 10:07:57] [CMD] qsub -q all.q -l ngpus=1 -v MODEL="MobileNet",DATASET="Cifar100",ATTACK="FGSM",KIND="ALL",PHASE="generate",OUTPUT_DIR="adversarial_results_ep200_pre200" adversarial_hpc_submit.pbs </dev/null
[2026-09-08 10:07:59] [OK] MobileNet/Cifar100/PGD/ALL
[2026-09-08 10:07:59] [OK] qsub output: Your job 6479697 ("adversarial_hpc_submit.pbs") has been submitted
[2026-09-08 10:08:00] [SUBMIT] MobileNet/Cifar100/FGSM/ALL
[2026-09-08 10:08:00] [CMD] qsub -q all.q -l ngpus=1 -v MODEL="MobileNet",DATASET="Cifar100",ATTACK="FGSM",KIND="ALL",PHASE="generate",OUTPUT_DIR="adversarial_results_ep100_pre300" adversarial_hpc_submit.pbs </dev/null
[2026-09-08 10:08:06] [OK] MobileNet/Cifar100/IFGSM/ALL
[2026-09-08 10:08:06] [OK] qsub output: Your job 6479696 ("adversarial_hpc_submit.pbs") has been submitted
[2026-09-08 10:08:07] [SUBMIT] MobileNet/Cifar100/BIM/ALL
[2026-09-08 10:08:07] [CMD] qsub -q all.q -l ngpus=1 -v MODEL="MobileNet",DATASET="Cifar100",ATTACK="BIM",KIND="ALL",PHASE="generate",OUTPUT_DIR="adversarial_results_ep300_pre100" adversarial_hpc_submit.pbs </dev/null
[2026-09-08 10:08:08] [OK] MobileNet/Cifar100/FGSM/ALL
[2026-09-08 10:08:08] [OK] qsub output: Your job 6479698 ("adversarial_hpc_submit.pbs") has been submitted
[2026-09-08 10:08:08] [SUBMIT] MobileNet/Cifar100/IFGSM/ALL
[2026-09-08 10:08:08] [CMD] qsub -q all.q -l ngpus=1 -v MODEL="MobileNet",DATASET="Cifar100",ATTACK="IFGSM",KIND="ALL",PHASE="generate",OUTPUT_DIR="adversarial_results_ep200_pre200" adversarial_hpc_submit.pbs </dev/null
[2026-09-08 10:08:11] [OK] MobileNet/Cifar100/FGSM/ALL
[2026-09-08 10:08:11] [OK] qsub output: Your job 6479699 ("adversarial_hpc_submit.pbs") has been submitted
[2026-09-08 10:08:11] [SUBMIT] MobileNet/Cifar100/IFGSM/ALL
[2026-09-08 10:08:11] [CMD] qsub -q all.q -l ngpus=1 -v MODEL="MobileNet",DATASET="Cifar100",ATTACK="IFGSM",KIND="ALL",PHASE="generate",OUTPUT_DIR="adversarial_results_ep100_pre300" adversarial_hpc_submit.pbs </dev/null
[2026-09-08 10:08:19] [OK] MobileNet/Cifar100/BIM/ALL
[2026-09-08 10:08:19] [OK] qsub output: Your job 6479701 ("adversarial_hpc_submit.pbs") has been submitted
[2026-09-08 10:08:19] [SUBMIT] MobileNet/Cifar100/APGD/ALL
[2026-09-08 10:08:19] [CMD] qsub -q all.q -l ngpus=1 -v MODEL="MobileNet",DATASET="Cifar100",ATTACK="APGD",KIND="ALL",PHASE="generate",OUTPUT_DIR="adversarial_results_ep300_pre100" adversarial_hpc_submit.pbs </dev/null
[2026-09-08 10:08:24] [OK] MobileNet/Cifar100/IFGSM/ALL
[2026-09-08 10:08:24] [OK] qsub output: Your job 6479702 ("adversarial_hpc_submit.pbs") has been submitted
[2026-09-08 10:08:24] [SUBMIT] MobileNet/Cifar100/BIM/ALL
[2026-09-08 10:08:24] [CMD] qsub -q all.q -l ngpus=1 -v MODEL="MobileNet",DATASET="Cifar100",ATTACK="BIM",KIND="ALL",PHASE="generate",OUTPUT_DIR="adversarial_results_ep200_pre200" adversarial_hpc_submit.pbs </dev/null
[2026-09-08 10:08:24] [OK] MobileNet/Cifar100/IFGSM/ALL
[2026-09-08 10:08:24] [OK] qsub output: Your job 6479703 ("adversarial_hpc_submit.pbs") has been submitted
[2026-09-08 10:08:24] [SUBMIT] MobileNet/Cifar100/BIM/ALL
[2026-09-08 10:08:24] [CMD] qsub -q all.q -l ngpus=1 -v MODEL="MobileNet",DATASET="Cifar100",ATTACK="BIM",KIND="ALL",PHASE="generate",OUTPUT_DIR="adversarial_results_ep100_pre300" adversarial_hpc_submit.pbs </dev/null
[2026-09-08 10:08:30] [OK] MobileNet/Cifar100/APGD/ALL
[2026-09-08 10:08:30] [OK] qsub output: Your job 6479704 ("adversarial_hpc_submit.pbs") has been submitted
[2026-09-08 10:08:30] [OK] MobileNet/Cifar100/BIM/ALL
[2026-09-08 10:08:30] [OK] qsub output: Your job 6479705 ("adversarial_hpc_submit.pbs") has been submitted
[2026-09-08 10:08:30] [SUBMIT] MobileNet/Cifar100/CW/ALL
[2026-09-08 10:08:30] [CMD] qsub -q all.q -l ngpus=1 -v MODEL="MobileNet",DATASET="Cifar100",ATTACK="CW",KIND="ALL",PHASE="generate",OUTPUT_DIR="adversarial_results_ep300_pre100" adversarial_hpc_submit.pbs </dev/null
[2026-09-08 10:08:31] [SUBMIT] MobileNet/Cifar100/APGD/ALL
[2026-09-08 10:08:31] [CMD] qsub -q all.q -l ngpus=1 -v MODEL="MobileNet",DATASET="Cifar100",ATTACK="APGD",KIND="ALL",PHASE="generate",OUTPUT_DIR="adversarial_results_ep200_pre200" adversarial_hpc_submit.pbs </dev/null
[2026-09-08 10:08:32] [OK] MobileNet/Cifar100/BIM/ALL
[2026-09-08 10:08:33] [OK] MobileNet/Cifar100/CW/ALL
[2026-09-08 10:08:33] [OK] qsub output: Your job 6479706 ("adversarial_hpc_submit.pbs") has been submitted
[2026-09-08 10:08:33] [OK] qsub output: Your job 6479707 ("adversarial_hpc_submit.pbs") has been submitted
[2026-09-08 10:08:33] [SUBMIT] MobileNet/Cifar100/APGD/ALL
[2026-09-08 10:08:33] [SUBMIT] MobileNet/Cifar100/DeepFool/ALL
[2026-09-08 10:08:33] [CMD] qsub -q all.q -l ngpus=1 -v MODEL="MobileNet",DATASET="Cifar100",ATTACK="APGD",KIND="ALL",PHASE="generate",OUTPUT_DIR="adversarial_results_ep100_pre300" adversarial_hpc_submit.pbs </dev/null
[2026-09-08 10:08:33] [CMD] qsub -q all.q -l ngpus=1 -v MODEL="MobileNet",DATASET="Cifar100",ATTACK="DeepFool",KIND="ALL",PHASE="generate",OUTPUT_DIR="adversarial_results_ep300_pre100" adversarial_hpc_submit.pbs </dev/null
[2026-09-08 10:08:36] [OK] MobileNet/Cifar100/APGD/ALL
[2026-09-08 10:08:36] [OK] qsub output: Your job 6479708 ("adversarial_hpc_submit.pbs") has been submitted
[2026-09-08 10:08:36] [SUBMIT] MobileNet/Cifar100/CW/ALL
[2026-09-08 10:08:36] [CMD] qsub -q all.q -l ngpus=1 -v MODEL="MobileNet",DATASET="Cifar100",ATTACK="CW",KIND="ALL",PHASE="generate",OUTPUT_DIR="adversarial_results_ep200_pre200" adversarial_hpc_submit.pbs </dev/null
[2026-09-08 10:08:42] [OK] MobileNet/Cifar100/APGD/ALL
[2026-09-08 10:08:42] [OK] qsub output: Your job 6479709 ("adversarial_hpc_submit.pbs") has been submitted
[2026-09-08 10:08:42] [SUBMIT] MobileNet/Cifar100/CW/ALL
[2026-09-08 10:08:42] [CMD] qsub -q all.q -l ngpus=1 -v MODEL="MobileNet",DATASET="Cifar100",ATTACK="CW",KIND="ALL",PHASE="generate",OUTPUT_DIR="adversarial_results_ep100_pre300" adversarial_hpc_submit.pbs </dev/null
[2026-09-08 10:08:43] [OK] MobileNet/Cifar100/DeepFool/ALL
[2026-09-08 10:08:43] [OK] qsub output: Your job 6479710 ("adversarial_hpc_submit.pbs") has been submitted
[2026-09-08 10:08:43] [SUBMIT] MobileNet/TinyImageNet/PGD/ALL
[2026-09-08 10:08:43] [CMD] qsub -q all.q -l ngpus=1 -v MODEL="MobileNet",DATASET="TinyImageNet",ATTACK="PGD",KIND="ALL",PHASE="generate",OUTPUT_DIR="adversarial_results_ep300_pre100" adversarial_hpc_submit.pbs </dev/null
[2026-09-08 10:08:46] [OK] MobileNet/Cifar100/CW/ALL
[2026-09-08 10:08:46] [OK] qsub output: Your job 6479712 ("adversarial_hpc_submit.pbs") has been submitted
[2026-09-08 10:08:46] [SUBMIT] MobileNet/Cifar100/DeepFool/ALL
[2026-09-08 10:08:46] [CMD] qsub -q all.q -l ngpus=1 -v MODEL="MobileNet",DATASET="Cifar100",ATTACK="DeepFool",KIND="ALL",PHASE="generate",OUTPUT_DIR="adversarial_results_ep100_pre300" adversarial_hpc_submit.pbs </dev/null
[2026-09-08 10:08:48] [OK] MobileNet/Cifar100/CW/ALL
[2026-09-08 10:08:48] [OK] qsub output: Your job 6479711 ("adversarial_hpc_submit.pbs") has been submitted
[2026-09-08 10:08:49] [SUBMIT] MobileNet/Cifar100/DeepFool/ALL
[2026-09-08 10:08:49] [CMD] qsub -q all.q -l ngpus=1 -v MODEL="MobileNet",DATASET="Cifar100",ATTACK="DeepFool",KIND="ALL",PHASE="generate",OUTPUT_DIR="adversarial_results_ep200_pre200" adversarial_hpc_submit.pbs </dev/null
[2026-09-08 10:08:50] [OK] MobileNet/TinyImageNet/PGD/ALL
[2026-09-08 10:08:50] [OK] qsub output: Your job 6479713 ("adversarial_hpc_submit.pbs") has been submitted
[2026-09-08 10:08:50] [SUBMIT] MobileNet/TinyImageNet/FGSM/ALL
[2026-09-08 10:08:50] [CMD] qsub -q all.q -l ngpus=1 -v MODEL="MobileNet",DATASET="TinyImageNet",ATTACK="FGSM",KIND="ALL",PHASE="generate",OUTPUT_DIR="adversarial_results_ep300_pre100" adversarial_hpc_submit.pbs </dev/null
[2026-09-08 10:08:53] [OK] MobileNet/Cifar100/DeepFool/ALL
[2026-09-08 10:08:53] [OK] qsub output: Your job 6479714 ("adversarial_hpc_submit.pbs") has been submitted
[2026-09-08 10:08:53] [SUBMIT] MobileNet/TinyImageNet/PGD/ALL
[2026-09-08 10:08:53] [CMD] qsub -q all.q -l ngpus=1 -v MODEL="MobileNet",DATASET="TinyImageNet",ATTACK="PGD",KIND="ALL",PHASE="generate",OUTPUT_DIR="adversarial_results_ep100_pre300" adversarial_hpc_submit.pbs </dev/null
[2026-09-08 10:08:56] [OK] MobileNet/TinyImageNet/FGSM/ALL
[2026-09-08 10:08:56] [OK] qsub output: Your job 6479716 ("adversarial_hpc_submit.pbs") has been submitted
[2026-09-08 10:08:56] [SUBMIT] MobileNet/TinyImageNet/IFGSM/ALL
[2026-09-08 10:08:56] [CMD] qsub -q all.q -l ngpus=1 -v MODEL="MobileNet",DATASET="TinyImageNet",ATTACK="IFGSM",KIND="ALL",PHASE="generate",OUTPUT_DIR="adversarial_results_ep300_pre100" adversarial_hpc_submit.pbs </dev/null
[2026-09-08 10:08:58] [OK] MobileNet/Cifar100/DeepFool/ALL
[2026-09-08 10:08:58] [OK] qsub output: Your job 6479715 ("adversarial_hpc_submit.pbs") has been submitted
[2026-09-08 10:08:58] [SUBMIT] MobileNet/TinyImageNet/PGD/ALL
[2026-09-08 10:08:58] [CMD] qsub -q all.q -l ngpus=1 -v MODEL="MobileNet",DATASET="TinyImageNet",ATTACK="PGD",KIND="ALL",PHASE="generate",OUTPUT_DIR="adversarial_results_ep200_pre200" adversarial_hpc_submit.pbs </dev/null
[2026-09-08 10:09:02] [OK] MobileNet/TinyImageNet/PGD/ALL
[2026-09-08 10:09:03] [OK] qsub output: Your job 6479717 ("adversarial_hpc_submit.pbs") has been submitted
[2026-09-08 10:09:03] [SUBMIT] MobileNet/TinyImageNet/FGSM/ALL
[2026-09-08 10:09:03] [CMD] qsub -q all.q -l ngpus=1 -v MODEL="MobileNet",DATASET="TinyImageNet",ATTACK="FGSM",KIND="ALL",PHASE="generate",OUTPUT_DIR="adversarial_results_ep100_pre300" adversarial_hpc_submit.pbs </dev/null
[2026-09-08 10:09:05] [OK] MobileNet/TinyImageNet/IFGSM/ALL
[2026-09-08 10:09:05] [OK] qsub output: Your job 6479718 ("adversarial_hpc_submit.pbs") has been submitted
[2026-09-08 10:09:05] [SUBMIT] MobileNet/TinyImageNet/BIM/ALL
[2026-09-08 10:09:05] [CMD] qsub -q all.q -l ngpus=1 -v MODEL="MobileNet",DATASET="TinyImageNet",ATTACK="BIM",KIND="ALL",PHASE="generate",OUTPUT_DIR="adversarial_results_ep300_pre100" adversarial_hpc_submit.pbs </dev/null
[2026-09-08 10:09:08] [OK] MobileNet/TinyImageNet/PGD/ALL
[2026-09-08 10:09:08] [OK] qsub output: Your job 6479719 ("adversarial_hpc_submit.pbs") has been submitted
[2026-09-08 10:09:08] [SUBMIT] MobileNet/TinyImageNet/FGSM/ALL
[2026-09-08 10:09:08] [CMD] qsub -q all.q -l ngpus=1 -v MODEL="MobileNet",DATASET="TinyImageNet",ATTACK="FGSM",KIND="ALL",PHASE="generate",OUTPUT_DIR="adversarial_results_ep200_pre200" adversarial_hpc_submit.pbs </dev/null
[2026-09-08 10:09:11] [OK] MobileNet/TinyImageNet/FGSM/ALL
[2026-09-08 10:09:11] [OK] qsub output: Your job 6479720 ("adversarial_hpc_submit.pbs") has been submitted
[2026-09-08 10:09:11] [SUBMIT] MobileNet/TinyImageNet/IFGSM/ALL
[2026-09-08 10:09:11] [CMD] qsub -q all.q -l ngpus=1 -v MODEL="MobileNet",DATASET="TinyImageNet",ATTACK="IFGSM",KIND="ALL",PHASE="generate",OUTPUT_DIR="adversarial_results_ep100_pre300" adversarial_hpc_submit.pbs </dev/null
[2026-09-08 10:09:11] [OK] MobileNet/TinyImageNet/BIM/ALL
[2026-09-08 10:09:12] [OK] qsub output: Your job 6479721 ("adversarial_hpc_submit.pbs") has been submitted
[2026-09-08 10:09:12] [SUBMIT] MobileNet/TinyImageNet/APGD/ALL
[2026-09-08 10:09:12] [CMD] qsub -q all.q -l ngpus=1 -v MODEL="MobileNet",DATASET="TinyImageNet",ATTACK="APGD",KIND="ALL",PHASE="generate",OUTPUT_DIR="adversarial_results_ep300_pre100" adversarial_hpc_submit.pbs </dev/null
[2026-09-08 10:09:16] [OK] MobileNet/TinyImageNet/FGSM/ALL
[2026-09-08 10:09:16] [OK] qsub output: Your job 6479722 ("adversarial_hpc_submit.pbs") has been submitted
[2026-09-08 10:09:17] [SUBMIT] MobileNet/TinyImageNet/IFGSM/ALL
[2026-09-08 10:09:17] [CMD] qsub -q all.q -l ngpus=1 -v MODEL="MobileNet",DATASET="TinyImageNet",ATTACK="IFGSM",KIND="ALL",PHASE="generate",OUTPUT_DIR="adversarial_results_ep200_pre200" adversarial_hpc_submit.pbs </dev/null
[2026-09-08 10:09:17] [OK] MobileNet/TinyImageNet/IFGSM/ALL
[2026-09-08 10:09:17] [OK] qsub output: Your job 6479723 ("adversarial_hpc_submit.pbs") has been submitted
[2026-09-08 10:09:18] [SUBMIT] MobileNet/TinyImageNet/BIM/ALL
[2026-09-08 10:09:18] [CMD] qsub -q all.q -l ngpus=1 -v MODEL="MobileNet",DATASET="TinyImageNet",ATTACK="BIM",KIND="ALL",PHASE="generate",OUTPUT_DIR="adversarial_results_ep100_pre300" adversarial_hpc_submit.pbs </dev/null
[2026-09-08 10:09:19] [OK] MobileNet/TinyImageNet/IFGSM/ALL
[2026-09-08 10:09:19] [OK] qsub output: Your job 6479725 ("adversarial_hpc_submit.pbs") has been submitted
[2026-09-08 10:09:19] [SUBMIT] MobileNet/TinyImageNet/BIM/ALL
[2026-09-08 10:09:19] [CMD] qsub -q all.q -l ngpus=1 -v MODEL="MobileNet",DATASET="TinyImageNet",ATTACK="BIM",KIND="ALL",PHASE="generate",OUTPUT_DIR="adversarial_results_ep200_pre200" adversarial_hpc_submit.pbs </dev/null
[2026-09-08 10:09:20] [OK] MobileNet/TinyImageNet/APGD/ALL
[2026-09-08 10:09:20] [OK] qsub output: Your job 6479724 ("adversarial_hpc_submit.pbs") has been submitted
[2026-09-08 10:09:20] [SUBMIT] MobileNet/TinyImageNet/CW/ALL
[2026-09-08 10:09:21] [CMD] qsub -q all.q -l ngpus=1 -v MODEL="MobileNet",DATASET="TinyImageNet",ATTACK="CW",KIND="ALL",PHASE="generate",OUTPUT_DIR="adversarial_results_ep300_pre100" adversarial_hpc_submit.pbs </dev/null
[2026-09-08 10:09:23] [OK] MobileNet/TinyImageNet/BIM/ALL
[2026-09-08 10:09:23] [OK] qsub output: Your job 6479727 ("adversarial_hpc_submit.pbs") has been submitted
[2026-09-08 10:09:24] [SUBMIT] MobileNet/TinyImageNet/APGD/ALL
[2026-09-08 10:09:24] [CMD] qsub -q all.q -l ngpus=1 -v MODEL="MobileNet",DATASET="TinyImageNet",ATTACK="APGD",KIND="ALL",PHASE="generate",OUTPUT_DIR="adversarial_results_ep200_pre200" adversarial_hpc_submit.pbs </dev/null
[2026-09-08 10:09:25] [OK] MobileNet/TinyImageNet/CW/ALL
[2026-09-08 10:09:25] [OK] qsub output: Your job 6479728 ("adversarial_hpc_submit.pbs") has been submitted
[2026-09-08 10:09:25] [SUBMIT] MobileNet/TinyImageNet/DeepFool/ALL
[2026-09-08 10:09:25] [CMD] qsub -q all.q -l ngpus=1 -v MODEL="MobileNet",DATASET="TinyImageNet",ATTACK="DeepFool",KIND="ALL",PHASE="generate",OUTPUT_DIR="adversarial_results_ep300_pre100" adversarial_hpc_submit.pbs </dev/null
[2026-09-08 10:09:28] [OK] MobileNet/TinyImageNet/BIM/ALL
[2026-09-08 10:09:28] [OK] qsub output: Your job 6479726 ("adversarial_hpc_submit.pbs") has been submitted
[2026-09-08 10:09:28] [SUBMIT] MobileNet/TinyImageNet/APGD/ALL
[2026-09-08 10:09:28] [CMD] qsub -q all.q -l ngpus=1 -v MODEL="MobileNet",DATASET="TinyImageNet",ATTACK="APGD",KIND="ALL",PHASE="generate",OUTPUT_DIR="adversarial_results_ep100_pre300" adversarial_hpc_submit.pbs </dev/null
[2026-09-08 10:09:30] [OK] MobileNet/TinyImageNet/DeepFool/ALL
[2026-09-08 10:09:30] [OK] qsub output: Your job 6479730 ("adversarial_hpc_submit.pbs") has been submitted
[2026-09-08 10:09:30] [SUBMIT] XceptionNet/Cifar10/PGD/ALL
[2026-09-08 10:09:30] [CMD] qsub -q all.q -l ngpus=1 -v MODEL="XceptionNet",DATASET="Cifar10",ATTACK="PGD",KIND="ALL",PHASE="generate",OUTPUT_DIR="adversarial_results_ep300_pre100" adversarial_hpc_submit.pbs </dev/null
[2026-09-08 10:09:30] [OK] MobileNet/TinyImageNet/APGD/ALL
[2026-09-08 10:09:30] [OK] qsub output: Your job 6479729 ("adversarial_hpc_submit.pbs") has been submitted
[2026-09-08 10:09:30] [SUBMIT] MobileNet/TinyImageNet/CW/ALL
[2026-09-08 10:09:30] [CMD] qsub -q all.q -l ngpus=1 -v MODEL="MobileNet",DATASET="TinyImageNet",ATTACK="CW",KIND="ALL",PHASE="generate",OUTPUT_DIR="adversarial_results_ep200_pre200" adversarial_hpc_submit.pbs </dev/null
[2026-09-08 10:09:31] [OK] MobileNet/TinyImageNet/APGD/ALL
[2026-09-08 10:09:31] [OK] qsub output: Your job 6479731 ("adversarial_hpc_submit.pbs") has been submitted
[2026-09-08 10:09:31] [SUBMIT] MobileNet/TinyImageNet/CW/ALL
[2026-09-08 10:09:32] [CMD] qsub -q all.q -l ngpus=1 -v MODEL="MobileNet",DATASET="TinyImageNet",ATTACK="CW",KIND="ALL",PHASE="generate",OUTPUT_DIR="adversarial_results_ep100_pre300" adversarial_hpc_submit.pbs </dev/null
[2026-09-08 10:09:36] [OK] XceptionNet/Cifar10/PGD/ALL
[2026-09-08 10:09:36] [OK] qsub output: Your job 6479732 ("adversarial_hpc_submit.pbs") has been submitted
[2026-09-08 10:09:36] [SUBMIT] XceptionNet/Cifar10/FGSM/ALL
[2026-09-08 10:09:36] [CMD] qsub -q all.q -l ngpus=1 -v MODEL="XceptionNet",DATASET="Cifar10",ATTACK="FGSM",KIND="ALL",PHASE="generate",OUTPUT_DIR="adversarial_results_ep300_pre100" adversarial_hpc_submit.pbs </dev/null
[2026-09-08 10:09:37] [OK] MobileNet/TinyImageNet/CW/ALL
[2026-09-08 10:09:37] [OK] qsub output: Your job 6479733 ("adversarial_hpc_submit.pbs") has been submitted
[2026-09-08 10:09:37] [SUBMIT] MobileNet/TinyImageNet/DeepFool/ALL
[2026-09-08 10:09:37] [CMD] qsub -q all.q -l ngpus=1 -v MODEL="MobileNet",DATASET="TinyImageNet",ATTACK="DeepFool",KIND="ALL",PHASE="generate",OUTPUT_DIR="adversarial_results_ep200_pre200" adversarial_hpc_submit.pbs </dev/null
[2026-09-08 10:09:41] [OK] XceptionNet/Cifar10/FGSM/ALL
[2026-09-08 10:09:41] [OK] qsub output: Your job 6479735 ("adversarial_hpc_submit.pbs") has been submitted
[2026-09-08 10:09:41] [SUBMIT] XceptionNet/Cifar10/IFGSM/ALL
[2026-09-08 10:09:41] [CMD] qsub -q all.q -l ngpus=1 -v MODEL="XceptionNet",DATASET="Cifar10",ATTACK="IFGSM",KIND="ALL",PHASE="generate",OUTPUT_DIR="adversarial_results_ep300_pre100" adversarial_hpc_submit.pbs </dev/null
[2026-09-08 10:09:43] [OK] MobileNet/TinyImageNet/DeepFool/ALL
[2026-09-08 10:09:43] [OK] qsub output: Your job 6479736 ("adversarial_hpc_submit.pbs") has been submitted
[2026-09-08 10:09:43] [SUBMIT] XceptionNet/Cifar10/PGD/ALL
[2026-09-08 10:09:43] [CMD] qsub -q all.q -l ngpus=1 -v MODEL="XceptionNet",DATASET="Cifar10",ATTACK="PGD",KIND="ALL",PHASE="generate",OUTPUT_DIR="adversarial_results_ep200_pre200" adversarial_hpc_submit.pbs </dev/null
[2026-09-08 10:09:45] [OK] MobileNet/TinyImageNet/CW/ALL
[2026-09-08 10:09:45] [OK] qsub output: Your job 6479734 ("adversarial_hpc_submit.pbs") has been submitted
[2026-09-08 10:09:45] [SUBMIT] MobileNet/TinyImageNet/DeepFool/ALL
[2026-09-08 10:09:45] [CMD] qsub -q all.q -l ngpus=1 -v MODEL="MobileNet",DATASET="TinyImageNet",ATTACK="DeepFool",KIND="ALL",PHASE="generate",OUTPUT_DIR="adversarial_results_ep100_pre300" adversarial_hpc_submit.pbs </dev/null
[2026-09-08 10:09:47] [OK] XceptionNet/Cifar10/IFGSM/ALL
[2026-09-08 10:09:47] [OK] qsub output: Your job 6479737 ("adversarial_hpc_submit.pbs") has been submitted
[2026-09-08 10:09:48] [SUBMIT] XceptionNet/Cifar10/BIM/ALL
[2026-09-08 10:09:48] [CMD] qsub -q all.q -l ngpus=1 -v MODEL="XceptionNet",DATASET="Cifar10",ATTACK="BIM",KIND="ALL",PHASE="generate",OUTPUT_DIR="adversarial_results_ep300_pre100" adversarial_hpc_submit.pbs </dev/null
[2026-09-08 10:09:49] [OK] MobileNet/TinyImageNet/DeepFool/ALL
[2026-09-08 10:09:49] [OK] qsub output: Your job 6479739 ("adversarial_hpc_submit.pbs") has been submitted
[2026-09-08 10:09:49] [SUBMIT] XceptionNet/Cifar10/PGD/ALL
[2026-09-08 10:09:49] [CMD] qsub -q all.q -l ngpus=1 -v MODEL="XceptionNet",DATASET="Cifar10",ATTACK="PGD",KIND="ALL",PHASE="generate",OUTPUT_DIR="adversarial_results_ep100_pre300" adversarial_hpc_submit.pbs </dev/null
[2026-09-08 10:09:51] [OK] XceptionNet/Cifar10/BIM/ALL
[2026-09-08 10:09:51] [OK] qsub output: Your job 6479740 ("adversarial_hpc_submit.pbs") has been submitted
[2026-09-08 10:09:51] [SUBMIT] XceptionNet/Cifar10/APGD/ALL
[2026-09-08 10:09:51] [CMD] qsub -q all.q -l ngpus=1 -v MODEL="XceptionNet",DATASET="Cifar10",ATTACK="APGD",KIND="ALL",PHASE="generate",OUTPUT_DIR="adversarial_results_ep300_pre100" adversarial_hpc_submit.pbs </dev/null
[2026-09-08 10:09:54] [OK] XceptionNet/Cifar10/PGD/ALL
[2026-09-08 10:09:54] [OK] qsub output: Your job 6479741 ("adversarial_hpc_submit.pbs") has been submitted
[2026-09-08 10:09:54] [SUBMIT] XceptionNet/Cifar10/FGSM/ALL
[2026-09-08 10:09:54] [CMD] qsub -q all.q -l ngpus=1 -v MODEL="XceptionNet",DATASET="Cifar10",ATTACK="FGSM",KIND="ALL",PHASE="generate",OUTPUT_DIR="adversarial_results_ep100_pre300" adversarial_hpc_submit.pbs </dev/null
[2026-09-08 10:09:54] [OK] XceptionNet/Cifar10/PGD/ALL
[2026-09-08 10:09:54] [OK] qsub output: Your job 6479738 ("adversarial_hpc_submit.pbs") has been submitted
[2026-09-08 10:09:54] [SUBMIT] XceptionNet/Cifar10/FGSM/ALL
[2026-09-08 10:09:54] [CMD] qsub -q all.q -l ngpus=1 -v MODEL="XceptionNet",DATASET="Cifar10",ATTACK="FGSM",KIND="ALL",PHASE="generate",OUTPUT_DIR="adversarial_results_ep200_pre200" adversarial_hpc_submit.pbs </dev/null
[2026-09-08 10:09:57] [OK] XceptionNet/Cifar10/APGD/ALL
[2026-09-08 10:09:57] [OK] qsub output: Your job 6479742 ("adversarial_hpc_submit.pbs") has been submitted
[2026-09-08 10:09:57] [SUBMIT] XceptionNet/Cifar10/CW/ALL
[2026-09-08 10:09:57] [CMD] qsub -q all.q -l ngpus=1 -v MODEL="XceptionNet",DATASET="Cifar10",ATTACK="CW",KIND="ALL",PHASE="generate",OUTPUT_DIR="adversarial_results_ep300_pre100" adversarial_hpc_submit.pbs </dev/null
[2026-09-08 10:10:00] [OK] XceptionNet/Cifar10/FGSM/ALL
[2026-09-08 10:10:00] [OK] qsub output: Your job 6479743 ("adversarial_hpc_submit.pbs") has been submitted
[2026-09-08 10:10:00] [SUBMIT] XceptionNet/Cifar10/IFGSM/ALL
[2026-09-08 10:10:00] [CMD] qsub -q all.q -l ngpus=1 -v MODEL="XceptionNet",DATASET="Cifar10",ATTACK="IFGSM",KIND="ALL",PHASE="generate",OUTPUT_DIR="adversarial_results_ep100_pre300" adversarial_hpc_submit.pbs </dev/null
[2026-09-08 10:10:03] [OK] XceptionNet/Cifar10/FGSM/ALL
[2026-09-08 10:10:03] [OK] qsub output: Your job 6479744 ("adversarial_hpc_submit.pbs") has been submitted
[2026-09-08 10:10:04] [SUBMIT] XceptionNet/Cifar10/IFGSM/ALL
[2026-09-08 10:10:04] [CMD] qsub -q all.q -l ngpus=1 -v MODEL="XceptionNet",DATASET="Cifar10",ATTACK="IFGSM",KIND="ALL",PHASE="generate",OUTPUT_DIR="adversarial_results_ep200_pre200" adversarial_hpc_submit.pbs </dev/null
[2026-09-08 10:10:07] [OK] XceptionNet/Cifar10/IFGSM/ALL
[2026-09-08 10:10:07] [OK] qsub output: Your job 6479746 ("adversarial_hpc_submit.pbs") has been submitted
[2026-09-08 10:10:08] [SUBMIT] XceptionNet/Cifar10/BIM/ALL
[2026-09-08 10:10:08] [CMD] qsub -q all.q -l ngpus=1 -v MODEL="XceptionNet",DATASET="Cifar10",ATTACK="BIM",KIND="ALL",PHASE="generate",OUTPUT_DIR="adversarial_results_ep100_pre300" adversarial_hpc_submit.pbs </dev/null
[2026-09-08 10:10:08] [OK] XceptionNet/Cifar10/CW/ALL
[2026-09-08 10:10:08] [OK] qsub output: Your job 6479745 ("adversarial_hpc_submit.pbs") has been submitted
[2026-09-08 10:10:08] [SUBMIT] XceptionNet/Cifar10/DeepFool/ALL
[2026-09-08 10:10:08] [CMD] qsub -q all.q -l ngpus=1 -v MODEL="XceptionNet",DATASET="Cifar10",ATTACK="DeepFool",KIND="ALL",PHASE="generate",OUTPUT_DIR="adversarial_results_ep300_pre100" adversarial_hpc_submit.pbs </dev/null
[2026-09-08 10:10:13] [OK] XceptionNet/Cifar10/BIM/ALL
[2026-09-08 10:10:13] [OK] qsub output: Your job 6479748 ("adversarial_hpc_submit.pbs") has been submitted
[2026-09-08 10:10:13] [SUBMIT] XceptionNet/Cifar10/APGD/ALL
[2026-09-08 10:10:13] [CMD] qsub -q all.q -l ngpus=1 -v MODEL="XceptionNet",DATASET="Cifar10",ATTACK="APGD",KIND="ALL",PHASE="generate",OUTPUT_DIR="adversarial_results_ep100_pre300" adversarial_hpc_submit.pbs </dev/null
[2026-09-08 10:10:15] [OK] XceptionNet/Cifar10/IFGSM/ALL
[2026-09-08 10:10:15] [OK] qsub output: Your job 6479747 ("adversarial_hpc_submit.pbs") has been submitted
[2026-09-08 10:10:15] [SUBMIT] XceptionNet/Cifar10/BIM/ALL
[2026-09-08 10:10:15] [CMD] qsub -q all.q -l ngpus=1 -v MODEL="XceptionNet",DATASET="Cifar10",ATTACK="BIM",KIND="ALL",PHASE="generate",OUTPUT_DIR="adversarial_results_ep200_pre200" adversarial_hpc_submit.pbs </dev/null
[2026-09-08 10:10:16] [OK] XceptionNet/Cifar10/DeepFool/ALL
[2026-09-08 10:10:16] [OK] qsub output: Your job 6479749 ("adversarial_hpc_submit.pbs") has been submitted
[2026-09-08 10:10:16] [SUBMIT] XceptionNet/Cifar100/PGD/ALL
[2026-09-08 10:10:16] [CMD] qsub -q all.q -l ngpus=1 -v MODEL="XceptionNet",DATASET="Cifar100",ATTACK="PGD",KIND="ALL",PHASE="generate",OUTPUT_DIR="adversarial_results_ep300_pre100" adversarial_hpc_submit.pbs </dev/null
[2026-09-08 10:10:20] [OK] XceptionNet/Cifar10/BIM/ALL
[2026-09-08 10:10:20] [OK] qsub output: Your job 6479751 ("adversarial_hpc_submit.pbs") has been submitted
[2026-09-08 10:10:20] [SUBMIT] XceptionNet/Cifar10/APGD/ALL
[2026-09-08 10:10:20] [CMD] qsub -q all.q -l ngpus=1 -v MODEL="XceptionNet",DATASET="Cifar10",ATTACK="APGD",KIND="ALL",PHASE="generate",OUTPUT_DIR="adversarial_results_ep200_pre200" adversarial_hpc_submit.pbs </dev/null
[2026-09-08 10:10:24] [OK] XceptionNet/Cifar100/PGD/ALL
[2026-09-08 10:10:24] [OK] qsub output: Your job 6479752 ("adversarial_hpc_submit.pbs") has been submitted
[2026-09-08 10:10:24] [SUBMIT] XceptionNet/Cifar100/FGSM/ALL
[2026-09-08 10:10:24] [CMD] qsub -q all.q -l ngpus=1 -v MODEL="XceptionNet",DATASET="Cifar100",ATTACK="FGSM",KIND="ALL",PHASE="generate",OUTPUT_DIR="adversarial_results_ep300_pre100" adversarial_hpc_submit.pbs </dev/null
[2026-09-08 10:10:25] [OK] XceptionNet/Cifar10/APGD/ALL
[2026-09-08 10:10:25] [OK] qsub output: Your job 6479750 ("adversarial_hpc_submit.pbs") has been submitted
[2026-09-08 10:10:25] [SUBMIT] XceptionNet/Cifar10/CW/ALL
[2026-09-08 10:10:25] [CMD] qsub -q all.q -l ngpus=1 -v MODEL="XceptionNet",DATASET="Cifar10",ATTACK="CW",KIND="ALL",PHASE="generate",OUTPUT_DIR="adversarial_results_ep100_pre300" adversarial_hpc_submit.pbs </dev/null
[2026-09-08 10:10:36] [OK] XceptionNet/Cifar10/APGD/ALL
[2026-09-08 10:10:36] [OK] qsub output: Your job 6479755 ("adversarial_hpc_submit.pbs") has been submitted
[2026-09-08 10:10:36] [SUBMIT] XceptionNet/Cifar10/CW/ALL
[2026-09-08 10:10:36] [CMD] qsub -q all.q -l ngpus=1 -v MODEL="XceptionNet",DATASET="Cifar10",ATTACK="CW",KIND="ALL",PHASE="generate",OUTPUT_DIR="adversarial_results_ep200_pre200" adversarial_hpc_submit.pbs </dev/null
[2026-09-08 10:10:38] [OK] XceptionNet/Cifar10/CW/ALL
[2026-09-08 10:10:38] [OK] qsub output: Your job 6479757 ("adversarial_hpc_submit.pbs") has been submitted
[2026-09-08 10:10:38] [SUBMIT] XceptionNet/Cifar10/DeepFool/ALL
[2026-09-08 10:10:38] [CMD] qsub -q all.q -l ngpus=1 -v MODEL="XceptionNet",DATASET="Cifar10",ATTACK="DeepFool",KIND="ALL",PHASE="generate",OUTPUT_DIR="adversarial_results_ep100_pre300" adversarial_hpc_submit.pbs </dev/null
[2026-09-08 10:10:41] [OK] XceptionNet/Cifar100/FGSM/ALL
[2026-09-08 10:10:41] [OK] qsub output: Your job 6479756 ("adversarial_hpc_submit.pbs") has been submitted
[2026-09-08 10:10:41] [SUBMIT] XceptionNet/Cifar100/IFGSM/ALL
[2026-09-08 10:10:41] [CMD] qsub -q all.q -l ngpus=1 -v MODEL="XceptionNet",DATASET="Cifar100",ATTACK="IFGSM",KIND="ALL",PHASE="generate",OUTPUT_DIR="adversarial_results_ep300_pre100" adversarial_hpc_submit.pbs </dev/null
[2026-09-08 10:10:44] [OK] XceptionNet/Cifar10/DeepFool/ALL
[2026-09-08 10:10:44] [OK] qsub output: Your job 6479760 ("adversarial_hpc_submit.pbs") has been submitted
[2026-09-08 10:10:44] [SUBMIT] XceptionNet/Cifar100/PGD/ALL
[2026-09-08 10:10:44] [CMD] qsub -q all.q -l ngpus=1 -v MODEL="XceptionNet",DATASET="Cifar100",ATTACK="PGD",KIND="ALL",PHASE="generate",OUTPUT_DIR="adversarial_results_ep100_pre300" adversarial_hpc_submit.pbs </dev/null
[2026-09-08 10:10:46] [OK] XceptionNet/Cifar10/CW/ALL
[2026-09-08 10:10:46] [OK] qsub output: Your job 6479759 ("adversarial_hpc_submit.pbs") has been submitted
[2026-09-08 10:10:46] [SUBMIT] XceptionNet/Cifar10/DeepFool/ALL
[2026-09-08 10:10:46] [CMD] qsub -q all.q -l ngpus=1 -v MODEL="XceptionNet",DATASET="Cifar10",ATTACK="DeepFool",KIND="ALL",PHASE="generate",OUTPUT_DIR="adversarial_results_ep200_pre200" adversarial_hpc_submit.pbs </dev/null
[2026-09-08 10:10:50] [OK] XceptionNet/Cifar100/IFGSM/ALL
[2026-09-08 10:10:50] [OK] qsub output: Your job 6479761 ("adversarial_hpc_submit.pbs") has been submitted
[2026-09-08 10:10:50] [SUBMIT] XceptionNet/Cifar100/BIM/ALL
[2026-09-08 10:10:50] [CMD] qsub -q all.q -l ngpus=1 -v MODEL="XceptionNet",DATASET="Cifar100",ATTACK="BIM",KIND="ALL",PHASE="generate",OUTPUT_DIR="adversarial_results_ep300_pre100" adversarial_hpc_submit.pbs </dev/null
[2026-09-08 10:10:51] [OK] XceptionNet/Cifar10/DeepFool/ALL
[2026-09-08 10:10:51] [OK] qsub output: Your job 6479763 ("adversarial_hpc_submit.pbs") has been submitted
[2026-09-08 10:10:51] [SUBMIT] XceptionNet/Cifar100/PGD/ALL
[2026-09-08 10:10:51] [CMD] qsub -q all.q -l ngpus=1 -v MODEL="XceptionNet",DATASET="Cifar100",ATTACK="PGD",KIND="ALL",PHASE="generate",OUTPUT_DIR="adversarial_results_ep200_pre200" adversarial_hpc_submit.pbs </dev/null
[2026-09-08 10:10:53] [OK] XceptionNet/Cifar100/PGD/ALL
[2026-09-08 10:10:53] [OK] qsub output: Your job 6479762 ("adversarial_hpc_submit.pbs") has been submitted
[2026-09-08 10:10:53] [SUBMIT] XceptionNet/Cifar100/FGSM/ALL
[2026-09-08 10:10:53] [CMD] qsub -q all.q -l ngpus=1 -v MODEL="XceptionNet",DATASET="Cifar100",ATTACK="FGSM",KIND="ALL",PHASE="generate",OUTPUT_DIR="adversarial_results_ep100_pre300" adversarial_hpc_submit.pbs </dev/null
[2026-09-08 10:10:59] [OK] XceptionNet/Cifar100/PGD/ALL
[2026-09-08 10:10:59] [OK] qsub output: Your job 6479765 ("adversarial_hpc_submit.pbs") has been submitted
[2026-09-08 10:10:59] [SUBMIT] XceptionNet/Cifar100/FGSM/ALL
[2026-09-08 10:10:59] [CMD] qsub -q all.q -l ngpus=1 -v MODEL="XceptionNet",DATASET="Cifar100",ATTACK="FGSM",KIND="ALL",PHASE="generate",OUTPUT_DIR="adversarial_results_ep200_pre200" adversarial_hpc_submit.pbs </dev/null
[2026-09-08 10:11:00] [OK] XceptionNet/Cifar100/BIM/ALL
[2026-09-08 10:11:00] [OK] qsub output: Your job 6479764 ("adversarial_hpc_submit.pbs") has been submitted
[2026-09-08 10:11:00] [SUBMIT] XceptionNet/Cifar100/APGD/ALL
[2026-09-08 10:11:00] [CMD] qsub -q all.q -l ngpus=1 -v MODEL="XceptionNet",DATASET="Cifar100",ATTACK="APGD",KIND="ALL",PHASE="generate",OUTPUT_DIR="adversarial_results_ep300_pre100" adversarial_hpc_submit.pbs </dev/null
[2026-09-08 10:11:01] [OK] XceptionNet/Cifar100/FGSM/ALL
[2026-09-08 10:11:01] [OK] qsub output: Your job 6479766 ("adversarial_hpc_submit.pbs") has been submitted
[2026-09-08 10:11:01] [SUBMIT] XceptionNet/Cifar100/IFGSM/ALL
[2026-09-08 10:11:01] [CMD] qsub -q all.q -l ngpus=1 -v MODEL="XceptionNet",DATASET="Cifar100",ATTACK="IFGSM",KIND="ALL",PHASE="generate",OUTPUT_DIR="adversarial_results_ep100_pre300" adversarial_hpc_submit.pbs </dev/null
[2026-09-08 10:11:05] [OK] XceptionNet/Cifar100/APGD/ALL
[2026-09-08 10:11:05] [OK] qsub output: Your job 6479768 ("adversarial_hpc_submit.pbs") has been submitted
[2026-09-08 10:11:05] [SUBMIT] XceptionNet/Cifar100/CW/ALL
[2026-09-08 10:11:05] [OK] XceptionNet/Cifar100/FGSM/ALL
[2026-09-08 10:11:06] [CMD] qsub -q all.q -l ngpus=1 -v MODEL="XceptionNet",DATASET="Cifar100",ATTACK="CW",KIND="ALL",PHASE="generate",OUTPUT_DIR="adversarial_results_ep300_pre100" adversarial_hpc_submit.pbs </dev/null
[2026-09-08 10:11:06] [OK] qsub output: Your job 6479767 ("adversarial_hpc_submit.pbs") has been submitted
[2026-09-08 10:11:06] [SUBMIT] XceptionNet/Cifar100/IFGSM/ALL
[2026-09-08 10:11:06] [CMD] qsub -q all.q -l ngpus=1 -v MODEL="XceptionNet",DATASET="Cifar100",ATTACK="IFGSM",KIND="ALL",PHASE="generate",OUTPUT_DIR="adversarial_results_ep200_pre200" adversarial_hpc_submit.pbs </dev/null
[2026-09-08 10:11:11] [OK] XceptionNet/Cifar100/CW/ALL
[2026-09-08 10:11:12] [OK] XceptionNet/Cifar100/IFGSM/ALL
[2026-09-08 10:11:12] [OK] qsub output: Your job 6479770 ("adversarial_hpc_submit.pbs") has been submitted
[2026-09-08 10:11:12] [OK] qsub output: Your job 6479769 ("adversarial_hpc_submit.pbs") has been submitted
[2026-09-08 10:11:12] [SUBMIT] XceptionNet/Cifar100/DeepFool/ALL
[2026-09-08 10:11:12] [SUBMIT] XceptionNet/Cifar100/BIM/ALL
[2026-09-08 10:11:12] [CMD] qsub -q all.q -l ngpus=1 -v MODEL="XceptionNet",DATASET="Cifar100",ATTACK="DeepFool",KIND="ALL",PHASE="generate",OUTPUT_DIR="adversarial_results_ep300_pre100" adversarial_hpc_submit.pbs </dev/null
[2026-09-08 10:11:12] [CMD] qsub -q all.q -l ngpus=1 -v MODEL="XceptionNet",DATASET="Cifar100",ATTACK="BIM",KIND="ALL",PHASE="generate",OUTPUT_DIR="adversarial_results_ep100_pre300" adversarial_hpc_submit.pbs </dev/null
[2026-09-08 10:11:15] [OK] XceptionNet/Cifar100/IFGSM/ALL
[2026-09-08 10:11:15] [OK] qsub output: Your job 6479771 ("adversarial_hpc_submit.pbs") has been submitted
[2026-09-08 10:11:15] [SUBMIT] XceptionNet/Cifar100/BIM/ALL
[2026-09-08 10:11:15] [CMD] qsub -q all.q -l ngpus=1 -v MODEL="XceptionNet",DATASET="Cifar100",ATTACK="BIM",KIND="ALL",PHASE="generate",OUTPUT_DIR="adversarial_results_ep200_pre200" adversarial_hpc_submit.pbs </dev/null
[2026-09-08 10:11:19] [OK] XceptionNet/Cifar100/DeepFool/ALL
[2026-09-08 10:11:19] [OK] qsub output: Your job 6479773 ("adversarial_hpc_submit.pbs") has been submitted
[2026-09-08 10:11:19] [SUBMIT] XceptionNet/TinyImageNet/PGD/ALL
[2026-09-08 10:11:19] [CMD] qsub -q all.q -l ngpus=1 -v MODEL="XceptionNet",DATASET="TinyImageNet",ATTACK="PGD",KIND="ALL",PHASE="generate",OUTPUT_DIR="adversarial_results_ep300_pre100" adversarial_hpc_submit.pbs </dev/null
[2026-09-08 10:11:23] [OK] XceptionNet/Cifar100/BIM/ALL
[2026-09-08 10:11:23] [OK] qsub output: Your job 6479774 ("adversarial_hpc_submit.pbs") has been submitted
[2026-09-08 10:11:23] [SUBMIT] XceptionNet/Cifar100/APGD/ALL
[2026-09-08 10:11:23] [CMD] qsub -q all.q -l ngpus=1 -v MODEL="XceptionNet",DATASET="Cifar100",ATTACK="APGD",KIND="ALL",PHASE="generate",OUTPUT_DIR="adversarial_results_ep100_pre300" adversarial_hpc_submit.pbs </dev/null
[2026-09-08 10:11:27] [OK] XceptionNet/Cifar100/BIM/ALL
[2026-09-08 10:11:27] [OK] qsub output: Your job 6479775 ("adversarial_hpc_submit.pbs") has been submitted
[2026-09-08 10:11:27] [SUBMIT] XceptionNet/Cifar100/APGD/ALL
[2026-09-08 10:11:27] [CMD] qsub -q all.q -l ngpus=1 -v MODEL="XceptionNet",DATASET="Cifar100",ATTACK="APGD",KIND="ALL",PHASE="generate",OUTPUT_DIR="adversarial_results_ep200_pre200" adversarial_hpc_submit.pbs </dev/null
[2026-09-08 10:11:27] [OK] XceptionNet/TinyImageNet/PGD/ALL
[2026-09-08 10:11:27] [OK] qsub output: Your job 6479776 ("adversarial_hpc_submit.pbs") has been submitted
[2026-09-08 10:11:27] [SUBMIT] XceptionNet/TinyImageNet/FGSM/ALL
[2026-09-08 10:11:27] [CMD] qsub -q all.q -l ngpus=1 -v MODEL="XceptionNet",DATASET="TinyImageNet",ATTACK="FGSM",KIND="ALL",PHASE="generate",OUTPUT_DIR="adversarial_results_ep300_pre100" adversarial_hpc_submit.pbs </dev/null
[2026-09-08 10:11:34] [OK] XceptionNet/Cifar100/APGD/ALL
[2026-09-08 10:11:34] [OK] qsub output: Your job 6479777 ("adversarial_hpc_submit.pbs") has been submitted
[2026-09-08 10:11:34] [SUBMIT] XceptionNet/Cifar100/CW/ALL
[2026-09-08 10:11:34] [CMD] qsub -q all.q -l ngpus=1 -v MODEL="XceptionNet",DATASET="Cifar100",ATTACK="CW",KIND="ALL",PHASE="generate",OUTPUT_DIR="adversarial_results_ep100_pre300" adversarial_hpc_submit.pbs </dev/null
[2026-09-08 10:11:37] [OK] XceptionNet/Cifar100/APGD/ALL
[2026-09-08 10:11:37] [OK] qsub output: Your job 6479778 ("adversarial_hpc_submit.pbs") has been submitted
[2026-09-08 10:11:37] [SUBMIT] XceptionNet/Cifar100/CW/ALL
[2026-09-08 10:11:37] [CMD] qsub -q all.q -l ngpus=1 -v MODEL="XceptionNet",DATASET="Cifar100",ATTACK="CW",KIND="ALL",PHASE="generate",OUTPUT_DIR="adversarial_results_ep200_pre200" adversarial_hpc_submit.pbs </dev/null
[2026-09-08 10:11:42] [OK] XceptionNet/TinyImageNet/FGSM/ALL
[2026-09-08 10:11:42] [OK] qsub output: Your job 6479779 ("adversarial_hpc_submit.pbs") has been submitted
[2026-09-08 10:11:43] [SUBMIT] XceptionNet/TinyImageNet/IFGSM/ALL
[2026-09-08 10:11:43] [CMD] qsub -q all.q -l ngpus=1 -v MODEL="XceptionNet",DATASET="TinyImageNet",ATTACK="IFGSM",KIND="ALL",PHASE="generate",OUTPUT_DIR="adversarial_results_ep300_pre100" adversarial_hpc_submit.pbs </dev/null
[2026-09-08 10:11:45] [OK] XceptionNet/Cifar100/CW/ALL
[2026-09-08 10:11:45] [OK] qsub output: Your job 6479780 ("adversarial_hpc_submit.pbs") has been submitted
[2026-09-08 10:11:46] [SUBMIT] XceptionNet/Cifar100/DeepFool/ALL
[2026-09-08 10:11:46] [CMD] qsub -q all.q -l ngpus=1 -v MODEL="XceptionNet",DATASET="Cifar100",ATTACK="DeepFool",KIND="ALL",PHASE="generate",OUTPUT_DIR="adversarial_results_ep100_pre300" adversarial_hpc_submit.pbs </dev/null
[2026-09-08 10:11:47] [OK] XceptionNet/Cifar100/CW/ALL
[2026-09-08 10:11:47] [OK] qsub output: Your job 6479781 ("adversarial_hpc_submit.pbs") has been submitted
[2026-09-08 10:11:47] [SUBMIT] XceptionNet/Cifar100/DeepFool/ALL
[2026-09-08 10:11:47] [CMD] qsub -q all.q -l ngpus=1 -v MODEL="XceptionNet",DATASET="Cifar100",ATTACK="DeepFool",KIND="ALL",PHASE="generate",OUTPUT_DIR="adversarial_results_ep200_pre200" adversarial_hpc_submit.pbs </dev/null
[2026-09-08 10:11:49] [OK] XceptionNet/Cifar100/DeepFool/ALL
[2026-09-08 10:11:49] [OK] qsub output: Your job 6479783 ("adversarial_hpc_submit.pbs") has been submitted
[2026-09-08 10:11:49] [SUBMIT] XceptionNet/TinyImageNet/PGD/ALL
[2026-09-08 10:11:49] [CMD] qsub -q all.q -l ngpus=1 -v MODEL="XceptionNet",DATASET="TinyImageNet",ATTACK="PGD",KIND="ALL",PHASE="generate",OUTPUT_DIR="adversarial_results_ep100_pre300" adversarial_hpc_submit.pbs </dev/null
[2026-09-08 10:11:49] [OK] XceptionNet/TinyImageNet/IFGSM/ALL
[2026-09-08 10:11:49] [OK] qsub output: Your job 6479782 ("adversarial_hpc_submit.pbs") has been submitted
[2026-09-08 10:11:50] [SUBMIT] XceptionNet/TinyImageNet/BIM/ALL
[2026-09-08 10:11:50] [CMD] qsub -q all.q -l ngpus=1 -v MODEL="XceptionNet",DATASET="TinyImageNet",ATTACK="BIM",KIND="ALL",PHASE="generate",OUTPUT_DIR="adversarial_results_ep300_pre100" adversarial_hpc_submit.pbs </dev/null
[2026-09-08 10:11:51] [OK] XceptionNet/TinyImageNet/PGD/ALL
[2026-09-08 10:11:51] [OK] qsub output: Your job 6479785 ("adversarial_hpc_submit.pbs") has been submitted
[2026-09-08 10:11:51] [SUBMIT] XceptionNet/TinyImageNet/FGSM/ALL
[2026-09-08 10:11:51] [CMD] qsub -q all.q -l ngpus=1 -v MODEL="XceptionNet",DATASET="TinyImageNet",ATTACK="FGSM",KIND="ALL",PHASE="generate",OUTPUT_DIR="adversarial_results_ep100_pre300" adversarial_hpc_submit.pbs </dev/null
[2026-09-08 10:11:53] [OK] XceptionNet/Cifar100/DeepFool/ALL
[2026-09-08 10:11:53] [OK] qsub output: Your job 6479784 ("adversarial_hpc_submit.pbs") has been submitted
[2026-09-08 10:11:54] [SUBMIT] XceptionNet/TinyImageNet/PGD/ALL
[2026-09-08 10:11:54] [CMD] qsub -q all.q -l ngpus=1 -v MODEL="XceptionNet",DATASET="TinyImageNet",ATTACK="PGD",KIND="ALL",PHASE="generate",OUTPUT_DIR="adversarial_results_ep200_pre200" adversarial_hpc_submit.pbs </dev/null
[2026-09-08 10:12:00] [OK] XceptionNet/TinyImageNet/BIM/ALL
[2026-09-08 10:12:00] [OK] qsub output: Your job 6479786 ("adversarial_hpc_submit.pbs") has been submitted
[2026-09-08 10:12:00] [SUBMIT] XceptionNet/TinyImageNet/APGD/ALL
[2026-09-08 10:12:00] [CMD] qsub -q all.q -l ngpus=1 -v MODEL="XceptionNet",DATASET="TinyImageNet",ATTACK="APGD",KIND="ALL",PHASE="generate",OUTPUT_DIR="adversarial_results_ep300_pre100" adversarial_hpc_submit.pbs </dev/null
[2026-09-08 10:12:00] [OK] XceptionNet/TinyImageNet/FGSM/ALL
[2026-09-08 10:12:00] [OK] qsub output: Your job 6479787 ("adversarial_hpc_submit.pbs") has been submitted
[2026-09-08 10:12:00] [SUBMIT] XceptionNet/TinyImageNet/IFGSM/ALL
[2026-09-08 10:12:00] [CMD] qsub -q all.q -l ngpus=1 -v MODEL="XceptionNet",DATASET="TinyImageNet",ATTACK="IFGSM",KIND="ALL",PHASE="generate",OUTPUT_DIR="adversarial_results_ep100_pre300" adversarial_hpc_submit.pbs </dev/null
[2026-09-08 10:12:09] [OK] XceptionNet/TinyImageNet/PGD/ALL
[2026-09-08 10:12:09] [OK] qsub output: Your job 6479788 ("adversarial_hpc_submit.pbs") has been submitted
[2026-09-08 10:12:09] [SUBMIT] XceptionNet/TinyImageNet/FGSM/ALL
[2026-09-08 10:12:09] [OK] XceptionNet/TinyImageNet/APGD/ALL
[2026-09-08 10:12:10] [CMD] qsub -q all.q -l ngpus=1 -v MODEL="XceptionNet",DATASET="TinyImageNet",ATTACK="FGSM",KIND="ALL",PHASE="generate",OUTPUT_DIR="adversarial_results_ep200_pre200" adversarial_hpc_submit.pbs </dev/null
[2026-09-08 10:12:10] [OK] qsub output: Your job 6479789 ("adversarial_hpc_submit.pbs") has been submitted
[2026-09-08 10:12:10] [SUBMIT] XceptionNet/TinyImageNet/CW/ALL
[2026-09-08 10:12:10] [CMD] qsub -q all.q -l ngpus=1 -v MODEL="XceptionNet",DATASET="TinyImageNet",ATTACK="CW",KIND="ALL",PHASE="generate",OUTPUT_DIR="adversarial_results_ep300_pre100" adversarial_hpc_submit.pbs </dev/null
[2026-09-08 10:12:11] [OK] XceptionNet/TinyImageNet/IFGSM/ALL
[2026-09-08 10:12:11] [OK] qsub output: Your job 6479790 ("adversarial_hpc_submit.pbs") has been submitted
[2026-09-08 10:12:11] [SUBMIT] XceptionNet/TinyImageNet/BIM/ALL
[2026-09-08 10:12:11] [CMD] qsub -q all.q -l ngpus=1 -v MODEL="XceptionNet",DATASET="TinyImageNet",ATTACK="BIM",KIND="ALL",PHASE="generate",OUTPUT_DIR="adversarial_results_ep100_pre300" adversarial_hpc_submit.pbs </dev/null
[2026-09-08 10:12:12] [OK] XceptionNet/TinyImageNet/FGSM/ALL
[2026-09-08 10:12:12] [OK] qsub output: Your job 6479791 ("adversarial_hpc_submit.pbs") has been submitted
[2026-09-08 10:12:12] [OK] XceptionNet/TinyImageNet/CW/ALL
[2026-09-08 10:12:12] [OK] qsub output: Your job 6479792 ("adversarial_hpc_submit.pbs") has been submitted
[2026-09-08 10:12:12] [SUBMIT] XceptionNet/TinyImageNet/IFGSM/ALL
[2026-09-08 10:12:12] [SUBMIT] XceptionNet/TinyImageNet/DeepFool/ALL
[2026-09-08 10:12:12] [CMD] qsub -q all.q -l ngpus=1 -v MODEL="XceptionNet",DATASET="TinyImageNet",ATTACK="IFGSM",KIND="ALL",PHASE="generate",OUTPUT_DIR="adversarial_results_ep200_pre200" adversarial_hpc_submit.pbs </dev/null
[2026-09-08 10:12:12] [CMD] qsub -q all.q -l ngpus=1 -v MODEL="XceptionNet",DATASET="TinyImageNet",ATTACK="DeepFool",KIND="ALL",PHASE="generate",OUTPUT_DIR="adversarial_results_ep300_pre100" adversarial_hpc_submit.pbs </dev/null
[2026-09-08 10:12:17] [OK] XceptionNet/TinyImageNet/BIM/ALL
[2026-09-08 10:12:18] [OK] qsub output: Your job 6479793 ("adversarial_hpc_submit.pbs") has been submitted
[2026-09-08 10:12:18] [SUBMIT] XceptionNet/TinyImageNet/APGD/ALL
[2026-09-08 10:12:18] [CMD] qsub -q all.q -l ngpus=1 -v MODEL="XceptionNet",DATASET="TinyImageNet",ATTACK="APGD",KIND="ALL",PHASE="generate",OUTPUT_DIR="adversarial_results_ep100_pre300" adversarial_hpc_submit.pbs </dev/null
[2026-09-08 10:12:20] [OK] XceptionNet/TinyImageNet/IFGSM/ALL
[2026-09-08 10:12:20] [OK] qsub output: Your job 6479794 ("adversarial_hpc_submit.pbs") has been submitted
[2026-09-08 10:12:21] [SUBMIT] XceptionNet/TinyImageNet/BIM/ALL
[2026-09-08 10:12:21] [CMD] qsub -q all.q -l ngpus=1 -v MODEL="XceptionNet",DATASET="TinyImageNet",ATTACK="BIM",KIND="ALL",PHASE="generate",OUTPUT_DIR="adversarial_results_ep200_pre200" adversarial_hpc_submit.pbs </dev/null
[2026-09-08 10:12:23] [OK] XceptionNet/TinyImageNet/DeepFool/ALL
[2026-09-08 10:12:23] [OK] qsub output: Your job 6479795 ("adversarial_hpc_submit.pbs") has been submitted
[2026-09-08 10:12:23] [SUBMIT] ConvNeXt/Cifar10/PGD/ALL
[2026-09-08 10:12:23] [CMD] qsub -q all.q -l ngpus=1 -v MODEL="ConvNeXt",DATASET="Cifar10",ATTACK="PGD",KIND="ALL",PHASE="generate",OUTPUT_DIR="adversarial_results_ep300_pre100" adversarial_hpc_submit.pbs </dev/null
[2026-09-08 10:12:25] [OK] XceptionNet/TinyImageNet/BIM/ALL
[2026-09-08 10:12:25] [OK] qsub output: Your job 6479797 ("adversarial_hpc_submit.pbs") has been submitted
[2026-09-08 10:12:25] [SUBMIT] XceptionNet/TinyImageNet/APGD/ALL
[2026-09-08 10:12:25] [CMD] qsub -q all.q -l ngpus=1 -v MODEL="XceptionNet",DATASET="TinyImageNet",ATTACK="APGD",KIND="ALL",PHASE="generate",OUTPUT_DIR="adversarial_results_ep200_pre200" adversarial_hpc_submit.pbs </dev/null
[2026-09-08 10:12:27] [OK] XceptionNet/TinyImageNet/APGD/ALL
[2026-09-08 10:12:27] [OK] qsub output: Your job 6479796 ("adversarial_hpc_submit.pbs") has been submitted
[2026-09-08 10:12:28] [SUBMIT] XceptionNet/TinyImageNet/CW/ALL
[2026-09-08 10:12:28] [CMD] qsub -q all.q -l ngpus=1 -v MODEL="XceptionNet",DATASET="TinyImageNet",ATTACK="CW",KIND="ALL",PHASE="generate",OUTPUT_DIR="adversarial_results_ep100_pre300" adversarial_hpc_submit.pbs </dev/null
[2026-09-08 10:12:33] [OK] ConvNeXt/Cifar10/PGD/ALL
[2026-09-08 10:12:33] [OK] qsub output: Your job 6479798 ("adversarial_hpc_submit.pbs") has been submitted
[2026-09-08 10:12:33] [SUBMIT] ConvNeXt/Cifar10/FGSM/ALL
[2026-09-08 10:12:33] [CMD] qsub -q all.q -l ngpus=1 -v MODEL="ConvNeXt",DATASET="Cifar10",ATTACK="FGSM",KIND="ALL",PHASE="generate",OUTPUT_DIR="adversarial_results_ep300_pre100" adversarial_hpc_submit.pbs </dev/null
[2026-09-08 10:12:38] [OK] XceptionNet/TinyImageNet/APGD/ALL
[2026-09-08 10:12:38] [OK] qsub output: Your job 6479799 ("adversarial_hpc_submit.pbs") has been submitted
[2026-09-08 10:12:38] [SUBMIT] XceptionNet/TinyImageNet/CW/ALL
[2026-09-08 10:12:38] [CMD] qsub -q all.q -l ngpus=1 -v MODEL="XceptionNet",DATASET="TinyImageNet",ATTACK="CW",KIND="ALL",PHASE="generate",OUTPUT_DIR="adversarial_results_ep200_pre200" adversarial_hpc_submit.pbs </dev/null
[2026-09-08 10:12:42] [OK] XceptionNet/TinyImageNet/CW/ALL
[2026-09-08 10:12:42] [OK] qsub output: Your job 6479800 ("adversarial_hpc_submit.pbs") has been submitted
[2026-09-08 10:12:42] [SUBMIT] XceptionNet/TinyImageNet/DeepFool/ALL
[2026-09-08 10:12:42] [CMD] qsub -q all.q -l ngpus=1 -v MODEL="XceptionNet",DATASET="TinyImageNet",ATTACK="DeepFool",KIND="ALL",PHASE="generate",OUTPUT_DIR="adversarial_results_ep100_pre300" adversarial_hpc_submit.pbs </dev/null
[2026-09-08 10:12:46] [OK] ConvNeXt/Cifar10/FGSM/ALL
[2026-09-08 10:12:46] [OK] qsub output: Your job 6479801 ("adversarial_hpc_submit.pbs") has been submitted
[2026-09-08 10:12:46] [SUBMIT] ConvNeXt/Cifar10/IFGSM/ALL
[2026-09-08 10:12:46] [CMD] qsub -q all.q -l ngpus=1 -v MODEL="ConvNeXt",DATASET="Cifar10",ATTACK="IFGSM",KIND="ALL",PHASE="generate",OUTPUT_DIR="adversarial_results_ep300_pre100" adversarial_hpc_submit.pbs </dev/null
[2026-09-08 10:12:48] [OK] XceptionNet/TinyImageNet/DeepFool/ALL
[2026-09-08 10:12:48] [OK] qsub output: Your job 6479803 ("adversarial_hpc_submit.pbs") has been submitted
[2026-09-08 10:12:48] [SUBMIT] ConvNeXt/Cifar10/PGD/ALL
[2026-09-08 10:12:48] [CMD] qsub -q all.q -l ngpus=1 -v MODEL="ConvNeXt",DATASET="Cifar10",ATTACK="PGD",KIND="ALL",PHASE="generate",OUTPUT_DIR="adversarial_results_ep100_pre300" adversarial_hpc_submit.pbs </dev/null
[2026-09-08 10:12:50] [OK] XceptionNet/TinyImageNet/CW/ALL
[2026-09-08 10:12:50] [OK] qsub output: Your job 6479802 ("adversarial_hpc_submit.pbs") has been submitted
[2026-09-08 10:12:50] [SUBMIT] XceptionNet/TinyImageNet/DeepFool/ALL
[2026-09-08 10:12:50] [CMD] qsub -q all.q -l ngpus=1 -v MODEL="XceptionNet",DATASET="TinyImageNet",ATTACK="DeepFool",KIND="ALL",PHASE="generate",OUTPUT_DIR="adversarial_results_ep200_pre200" adversarial_hpc_submit.pbs </dev/null
[2026-09-08 10:12:51] [OK] ConvNeXt/Cifar10/IFGSM/ALL
[2026-09-08 10:12:51] [OK] qsub output: Your job 6479804 ("adversarial_hpc_submit.pbs") has been submitted
[2026-09-08 10:12:51] [SUBMIT] ConvNeXt/Cifar10/BIM/ALL
[2026-09-08 10:12:51] [CMD] qsub -q all.q -l ngpus=1 -v MODEL="ConvNeXt",DATASET="Cifar10",ATTACK="BIM",KIND="ALL",PHASE="generate",OUTPUT_DIR="adversarial_results_ep300_pre100" adversarial_hpc_submit.pbs </dev/null
[2026-09-08 10:12:52] [OK] ConvNeXt/Cifar10/PGD/ALL
[2026-09-08 10:12:52] [OK] qsub output: Your job 6479805 ("adversarial_hpc_submit.pbs") has been submitted
[2026-09-08 10:12:52] [SUBMIT] ConvNeXt/Cifar10/FGSM/ALL
[2026-09-08 10:12:52] [CMD] qsub -q all.q -l ngpus=1 -v MODEL="ConvNeXt",DATASET="Cifar10",ATTACK="FGSM",KIND="ALL",PHASE="generate",OUTPUT_DIR="adversarial_results_ep100_pre300" adversarial_hpc_submit.pbs </dev/null
[2026-09-08 10:12:56] [OK] XceptionNet/TinyImageNet/DeepFool/ALL
[2026-09-08 10:12:56] [OK] qsub output: Your job 6479806 ("adversarial_hpc_submit.pbs") has been submitted
[2026-09-08 10:12:56] [OK] ConvNeXt/Cifar10/BIM/ALL
[2026-09-08 10:12:56] [OK] qsub output: Your job 6479807 ("adversarial_hpc_submit.pbs") has been submitted
[2026-09-08 10:12:56] [SUBMIT] ConvNeXt/Cifar10/PGD/ALL
[2026-09-08 10:12:56] [CMD] qsub -q all.q -l ngpus=1 -v MODEL="ConvNeXt",DATASET="Cifar10",ATTACK="PGD",KIND="ALL",PHASE="generate",OUTPUT_DIR="adversarial_results_ep200_pre200" adversarial_hpc_submit.pbs </dev/null
[2026-09-08 10:12:56] [SUBMIT] ConvNeXt/Cifar10/APGD/ALL
[2026-09-08 10:12:56] [CMD] qsub -q all.q -l ngpus=1 -v MODEL="ConvNeXt",DATASET="Cifar10",ATTACK="APGD",KIND="ALL",PHASE="generate",OUTPUT_DIR="adversarial_results_ep300_pre100" adversarial_hpc_submit.pbs </dev/null
[2026-09-08 10:12:59] [OK] ConvNeXt/Cifar10/FGSM/ALL
[2026-09-08 10:12:59] [OK] qsub output: Your job 6479808 ("adversarial_hpc_submit.pbs") has been submitted
[2026-09-08 10:12:59] [SUBMIT] ConvNeXt/Cifar10/IFGSM/ALL
[2026-09-08 10:12:59] [CMD] qsub -q all.q -l ngpus=1 -v MODEL="ConvNeXt",DATASET="Cifar10",ATTACK="IFGSM",KIND="ALL",PHASE="generate",OUTPUT_DIR="adversarial_results_ep100_pre300" adversarial_hpc_submit.pbs </dev/null
[2026-09-08 10:13:01] [OK] ConvNeXt/Cifar10/PGD/ALL
[2026-09-08 10:13:02] [OK] qsub output: Your job 6479809 ("adversarial_hpc_submit.pbs") has been submitted
[2026-09-08 10:13:02] [SUBMIT] ConvNeXt/Cifar10/FGSM/ALL
[2026-09-08 10:13:02] [CMD] qsub -q all.q -l ngpus=1 -v MODEL="ConvNeXt",DATASET="Cifar10",ATTACK="FGSM",KIND="ALL",PHASE="generate",OUTPUT_DIR="adversarial_results_ep200_pre200" adversarial_hpc_submit.pbs </dev/null
[2026-09-08 10:13:06] [OK] ConvNeXt/Cifar10/APGD/ALL
[2026-09-08 10:13:06] [OK] qsub output: Your job 6479810 ("adversarial_hpc_submit.pbs") has been submitted
[2026-09-08 10:13:06] [SUBMIT] ConvNeXt/Cifar10/CW/ALL
[2026-09-08 10:13:06] [CMD] qsub -q all.q -l ngpus=1 -v MODEL="ConvNeXt",DATASET="Cifar10",ATTACK="CW",KIND="ALL",PHASE="generate",OUTPUT_DIR="adversarial_results_ep300_pre100" adversarial_hpc_submit.pbs </dev/null
[2026-09-08 10:13:11] [OK] ConvNeXt/Cifar10/IFGSM/ALL
[2026-09-08 10:13:11] [OK] qsub output: Your job 6479811 ("adversarial_hpc_submit.pbs") has been submitted
[2026-09-08 10:13:11] [SUBMIT] ConvNeXt/Cifar10/BIM/ALL
[2026-09-08 10:13:11] [CMD] qsub -q all.q -l ngpus=1 -v MODEL="ConvNeXt",DATASET="Cifar10",ATTACK="BIM",KIND="ALL",PHASE="generate",OUTPUT_DIR="adversarial_results_ep100_pre300" adversarial_hpc_submit.pbs </dev/null
[2026-09-08 10:13:14] [OK] ConvNeXt/Cifar10/FGSM/ALL
[2026-09-08 10:13:14] [OK] qsub output: Your job 6479812 ("adversarial_hpc_submit.pbs") has been submitted
[2026-09-08 10:13:14] [SUBMIT] ConvNeXt/Cifar10/IFGSM/ALL
[2026-09-08 10:13:14] [CMD] qsub -q all.q -l ngpus=1 -v MODEL="ConvNeXt",DATASET="Cifar10",ATTACK="IFGSM",KIND="ALL",PHASE="generate",OUTPUT_DIR="adversarial_results_ep200_pre200" adversarial_hpc_submit.pbs </dev/null
[2026-09-08 10:13:20] [OK] ConvNeXt/Cifar10/BIM/ALL
[2026-09-08 10:13:20] [OK] qsub output: Your job 6479814 ("adversarial_hpc_submit.pbs") has been submitted
[2026-09-08 10:13:20] [SUBMIT] ConvNeXt/Cifar10/APGD/ALL
[2026-09-08 10:13:20] [CMD] qsub -q all.q -l ngpus=1 -v MODEL="ConvNeXt",DATASET="Cifar10",ATTACK="APGD",KIND="ALL",PHASE="generate",OUTPUT_DIR="adversarial_results_ep100_pre300" adversarial_hpc_submit.pbs </dev/null
[2026-09-08 10:13:21] [OK] ConvNeXt/Cifar10/CW/ALL
[2026-09-08 10:13:21] [OK] qsub output: Your job 6479813 ("adversarial_hpc_submit.pbs") has been submitted
[2026-09-08 10:13:21] [SUBMIT] ConvNeXt/Cifar10/DeepFool/ALL
[2026-09-08 10:13:21] [CMD] qsub -q all.q -l ngpus=1 -v MODEL="ConvNeXt",DATASET="Cifar10",ATTACK="DeepFool",KIND="ALL",PHASE="generate",OUTPUT_DIR="adversarial_results_ep300_pre100" adversarial_hpc_submit.pbs </dev/null
[2026-09-08 10:13:23] [OK] ConvNeXt/Cifar10/APGD/ALL
[2026-09-08 10:13:23] [OK] qsub output: Your job 6479816 ("adversarial_hpc_submit.pbs") has been submitted
[2026-09-08 10:13:23] [SUBMIT] ConvNeXt/Cifar10/CW/ALL
[2026-09-08 10:13:23] [CMD] qsub -q all.q -l ngpus=1 -v MODEL="ConvNeXt",DATASET="Cifar10",ATTACK="CW",KIND="ALL",PHASE="generate",OUTPUT_DIR="adversarial_results_ep100_pre300" adversarial_hpc_submit.pbs </dev/null
[2026-09-08 10:13:24] [OK] ConvNeXt/Cifar10/IFGSM/ALL
[2026-09-08 10:13:24] [OK] qsub output: Your job 6479815 ("adversarial_hpc_submit.pbs") has been submitted
[2026-09-08 10:13:24] [SUBMIT] ConvNeXt/Cifar10/BIM/ALL
[2026-09-08 10:13:24] [CMD] qsub -q all.q -l ngpus=1 -v MODEL="ConvNeXt",DATASET="Cifar10",ATTACK="BIM",KIND="ALL",PHASE="generate",OUTPUT_DIR="adversarial_results_ep200_pre200" adversarial_hpc_submit.pbs </dev/null
[2026-09-08 10:13:31] [OK] ConvNeXt/Cifar10/DeepFool/ALL
[2026-09-08 10:13:31] [OK] qsub output: Your job 6479817 ("adversarial_hpc_submit.pbs") has been submitted
[2026-09-08 10:13:31] [SUBMIT] ConvNeXt/Cifar100/PGD/ALL
[2026-09-08 10:13:31] [CMD] qsub -q all.q -l ngpus=1 -v MODEL="ConvNeXt",DATASET="Cifar100",ATTACK="PGD",KIND="ALL",PHASE="generate",OUTPUT_DIR="adversarial_results_ep300_pre100" adversarial_hpc_submit.pbs </dev/null
[2026-09-08 10:13:32] [OK] ConvNeXt/Cifar10/BIM/ALL
[2026-09-08 10:13:32] [OK] qsub output: Your job 6479820 ("adversarial_hpc_submit.pbs") has been submitted
[2026-09-08 10:13:32] [SUBMIT] ConvNeXt/Cifar10/APGD/ALL
[2026-09-08 10:13:32] [CMD] qsub -q all.q -l ngpus=1 -v MODEL="ConvNeXt",DATASET="Cifar10",ATTACK="APGD",KIND="ALL",PHASE="generate",OUTPUT_DIR="adversarial_results_ep200_pre200" adversarial_hpc_submit.pbs </dev/null
[2026-09-08 10:13:39] [OK] ConvNeXt/Cifar10/CW/ALL
[2026-09-08 10:13:39] [OK] qsub output: Your job 6479819 ("adversarial_hpc_submit.pbs") has been submitted
[2026-09-08 10:13:39] [SUBMIT] ConvNeXt/Cifar10/DeepFool/ALL
[2026-09-08 10:13:39] [CMD] qsub -q all.q -l ngpus=1 -v MODEL="ConvNeXt",DATASET="Cifar10",ATTACK="DeepFool",KIND="ALL",PHASE="generate",OUTPUT_DIR="adversarial_results_ep100_pre300" adversarial_hpc_submit.pbs </dev/null
[2026-09-08 10:13:44] [OK] ConvNeXt/Cifar100/PGD/ALL
[2026-09-08 10:13:44] [OK] qsub output: Your job 6479822 ("adversarial_hpc_submit.pbs") has been submitted
[2026-09-08 10:13:44] [SUBMIT] ConvNeXt/Cifar100/FGSM/ALL
[2026-09-08 10:13:44] [CMD] qsub -q all.q -l ngpus=1 -v MODEL="ConvNeXt",DATASET="Cifar100",ATTACK="FGSM",KIND="ALL",PHASE="generate",OUTPUT_DIR="adversarial_results_ep300_pre100" adversarial_hpc_submit.pbs </dev/null
[2026-09-08 10:13:45] [OK] ConvNeXt/Cifar10/APGD/ALL
[2026-09-08 10:13:45] [OK] qsub output: Your job 6479823 ("adversarial_hpc_submit.pbs") has been submitted
[2026-09-08 10:13:45] [SUBMIT] ConvNeXt/Cifar10/CW/ALL
[2026-09-08 10:13:45] [CMD] qsub -q all.q -l ngpus=1 -v MODEL="ConvNeXt",DATASET="Cifar10",ATTACK="CW",KIND="ALL",PHASE="generate",OUTPUT_DIR="adversarial_results_ep200_pre200" adversarial_hpc_submit.pbs </dev/null
[2026-09-08 10:13:46] [OK] ConvNeXt/Cifar10/DeepFool/ALL
[2026-09-08 10:13:46] [OK] qsub output: Your job 6479824 ("adversarial_hpc_submit.pbs") has been submitted
[2026-09-08 10:13:46] [SUBMIT] ConvNeXt/Cifar100/PGD/ALL
[2026-09-08 10:13:46] [CMD] qsub -q all.q -l ngpus=1 -v MODEL="ConvNeXt",DATASET="Cifar100",ATTACK="PGD",KIND="ALL",PHASE="generate",OUTPUT_DIR="adversarial_results_ep100_pre300" adversarial_hpc_submit.pbs </dev/null
[2026-09-08 10:13:46] [OK] ConvNeXt/Cifar100/FGSM/ALL
[2026-09-08 10:13:46] [OK] qsub output: Your job 6479825 ("adversarial_hpc_submit.pbs") has been submitted
[2026-09-08 10:13:47] [SUBMIT] ConvNeXt/Cifar100/IFGSM/ALL
[2026-09-08 10:13:47] [CMD] qsub -q all.q -l ngpus=1 -v MODEL="ConvNeXt",DATASET="Cifar100",ATTACK="IFGSM",KIND="ALL",PHASE="generate",OUTPUT_DIR="adversarial_results_ep300_pre100" adversarial_hpc_submit.pbs </dev/null
[2026-09-08 10:13:52] [OK] ConvNeXt/Cifar100/PGD/ALL
[2026-09-08 10:13:52] [OK] qsub output: Your job 6479827 ("adversarial_hpc_submit.pbs") has been submitted
[2026-09-08 10:13:52] [SUBMIT] ConvNeXt/Cifar100/FGSM/ALL
[2026-09-08 10:13:52] [OK] ConvNeXt/Cifar10/CW/ALL
[2026-09-08 10:13:52] [CMD] qsub -q all.q -l ngpus=1 -v MODEL="ConvNeXt",DATASET="Cifar100",ATTACK="FGSM",KIND="ALL",PHASE="generate",OUTPUT_DIR="adversarial_results_ep100_pre300" adversarial_hpc_submit.pbs </dev/null
[2026-09-08 10:13:52] [OK] qsub output: Your job 6479826 ("adversarial_hpc_submit.pbs") has been submitted
[2026-09-08 10:13:52] [SUBMIT] ConvNeXt/Cifar10/DeepFool/ALL
[2026-09-08 10:13:52] [CMD] qsub -q all.q -l ngpus=1 -v MODEL="ConvNeXt",DATASET="Cifar10",ATTACK="DeepFool",KIND="ALL",PHASE="generate",OUTPUT_DIR="adversarial_results_ep200_pre200" adversarial_hpc_submit.pbs </dev/null
[2026-09-08 10:13:55] [OK] ConvNeXt/Cifar100/IFGSM/ALL
[2026-09-08 10:13:55] [OK] qsub output: Your job 6479828 ("adversarial_hpc_submit.pbs") has been submitted
[2026-09-08 10:13:55] [SUBMIT] ConvNeXt/Cifar100/BIM/ALL
[2026-09-08 10:13:55] [CMD] qsub -q all.q -l ngpus=1 -v MODEL="ConvNeXt",DATASET="Cifar100",ATTACK="BIM",KIND="ALL",PHASE="generate",OUTPUT_DIR="adversarial_results_ep300_pre100" adversarial_hpc_submit.pbs </dev/null
[2026-09-08 10:13:56] [OK] ConvNeXt/Cifar100/FGSM/ALL
[2026-09-08 10:13:57] [OK] qsub output: Your job 6479829 ("adversarial_hpc_submit.pbs") has been submitted
[2026-09-08 10:13:57] [SUBMIT] ConvNeXt/Cifar100/IFGSM/ALL
[2026-09-08 10:13:57] [CMD] qsub -q all.q -l ngpus=1 -v MODEL="ConvNeXt",DATASET="Cifar100",ATTACK="IFGSM",KIND="ALL",PHASE="generate",OUTPUT_DIR="adversarial_results_ep100_pre300" adversarial_hpc_submit.pbs </dev/null
[2026-09-08 10:14:00] [OK] ConvNeXt/Cifar10/DeepFool/ALL
[2026-09-08 10:14:00] [OK] qsub output: Your job 6479830 ("adversarial_hpc_submit.pbs") has been submitted
[2026-09-08 10:14:01] [SUBMIT] ConvNeXt/Cifar100/PGD/ALL
[2026-09-08 10:14:01] [CMD] qsub -q all.q -l ngpus=1 -v MODEL="ConvNeXt",DATASET="Cifar100",ATTACK="PGD",KIND="ALL",PHASE="generate",OUTPUT_DIR="adversarial_results_ep200_pre200" adversarial_hpc_submit.pbs </dev/null
[2026-09-08 10:14:03] [OK] ConvNeXt/Cifar100/IFGSM/ALL
[2026-09-08 10:14:04] [OK] qsub output: Your job 6479832 ("adversarial_hpc_submit.pbs") has been submitted
[2026-09-08 10:14:04] [SUBMIT] ConvNeXt/Cifar100/BIM/ALL
[2026-09-08 10:14:04] [CMD] qsub -q all.q -l ngpus=1 -v MODEL="ConvNeXt",DATASET="Cifar100",ATTACK="BIM",KIND="ALL",PHASE="generate",OUTPUT_DIR="adversarial_results_ep100_pre300" adversarial_hpc_submit.pbs </dev/null
[2026-09-08 10:14:05] [OK] ConvNeXt/Cifar100/BIM/ALL
[2026-09-08 10:14:06] [OK] qsub output: Your job 6479831 ("adversarial_hpc_submit.pbs") has been submitted
[2026-09-08 10:14:06] [SUBMIT] ConvNeXt/Cifar100/APGD/ALL
[2026-09-08 10:14:06] [CMD] qsub -q all.q -l ngpus=1 -v MODEL="ConvNeXt",DATASET="Cifar100",ATTACK="APGD",KIND="ALL",PHASE="generate",OUTPUT_DIR="adversarial_results_ep300_pre100" adversarial_hpc_submit.pbs </dev/null
[2026-09-08 10:14:06] [OK] ConvNeXt/Cifar100/PGD/ALL
[2026-09-08 10:14:06] [OK] qsub output: Your job 6479833 ("adversarial_hpc_submit.pbs") has been submitted
[2026-09-08 10:14:06] [SUBMIT] ConvNeXt/Cifar100/FGSM/ALL
[2026-09-08 10:14:06] [CMD] qsub -q all.q -l ngpus=1 -v MODEL="ConvNeXt",DATASET="Cifar100",ATTACK="FGSM",KIND="ALL",PHASE="generate",OUTPUT_DIR="adversarial_results_ep200_pre200" adversarial_hpc_submit.pbs </dev/null
[2026-09-08 10:14:09] [OK] ConvNeXt/Cifar100/BIM/ALL
[2026-09-08 10:14:09] [OK] qsub output: Your job 6479834 ("adversarial_hpc_submit.pbs") has been submitted
[2026-09-08 10:14:09] [SUBMIT] ConvNeXt/Cifar100/APGD/ALL
[2026-09-08 10:14:09] [CMD] qsub -q all.q -l ngpus=1 -v MODEL="ConvNeXt",DATASET="Cifar100",ATTACK="APGD",KIND="ALL",PHASE="generate",OUTPUT_DIR="adversarial_results_ep100_pre300" adversarial_hpc_submit.pbs </dev/null
[2026-09-08 10:14:12] [OK] ConvNeXt/Cifar100/APGD/ALL
[2026-09-08 10:14:12] [OK] qsub output: Your job 6479835 ("adversarial_hpc_submit.pbs") has been submitted
[2026-09-08 10:14:12] [SUBMIT] ConvNeXt/Cifar100/CW/ALL
[2026-09-08 10:14:12] [CMD] qsub -q all.q -l ngpus=1 -v MODEL="ConvNeXt",DATASET="Cifar100",ATTACK="CW",KIND="ALL",PHASE="generate",OUTPUT_DIR="adversarial_results_ep300_pre100" adversarial_hpc_submit.pbs </dev/null
[2026-09-08 10:14:17] [OK] ConvNeXt/Cifar100/FGSM/ALL
[2026-09-08 10:14:17] [OK] qsub output: Your job 6479836 ("adversarial_hpc_submit.pbs") has been submitted
[2026-09-08 10:14:18] [SUBMIT] ConvNeXt/Cifar100/IFGSM/ALL
[2026-09-08 10:14:18] [CMD] qsub -q all.q -l ngpus=1 -v MODEL="ConvNeXt",DATASET="Cifar100",ATTACK="IFGSM",KIND="ALL",PHASE="generate",OUTPUT_DIR="adversarial_results_ep200_pre200" adversarial_hpc_submit.pbs </dev/null
[2026-09-08 10:14:22] [OK] ConvNeXt/Cifar100/APGD/ALL
[2026-09-08 10:14:22] [OK] qsub output: Your job 6479837 ("adversarial_hpc_submit.pbs") has been submitted
[2026-09-08 10:14:22] [SUBMIT] ConvNeXt/Cifar100/CW/ALL
[2026-09-08 10:14:22] [CMD] qsub -q all.q -l ngpus=1 -v MODEL="ConvNeXt",DATASET="Cifar100",ATTACK="CW",KIND="ALL",PHASE="generate",OUTPUT_DIR="adversarial_results_ep100_pre300" adversarial_hpc_submit.pbs </dev/null
[2026-09-08 10:14:23] [OK] ConvNeXt/Cifar100/CW/ALL
[2026-09-08 10:14:23] [OK] qsub output: Your job 6479838 ("adversarial_hpc_submit.pbs") has been submitted
[2026-09-08 10:14:23] [SUBMIT] ConvNeXt/Cifar100/DeepFool/ALL
[2026-09-08 10:14:23] [CMD] qsub -q all.q -l ngpus=1 -v MODEL="ConvNeXt",DATASET="Cifar100",ATTACK="DeepFool",KIND="ALL",PHASE="generate",OUTPUT_DIR="adversarial_results_ep300_pre100" adversarial_hpc_submit.pbs </dev/null
[2026-09-08 10:14:28] [OK] ConvNeXt/Cifar100/CW/ALL
[2026-09-08 10:14:28] [OK] qsub output: Your job 6479840 ("adversarial_hpc_submit.pbs") has been submitted
[2026-09-08 10:14:28] [SUBMIT] ConvNeXt/Cifar100/DeepFool/ALL
[2026-09-08 10:14:28] [CMD] qsub -q all.q -l ngpus=1 -v MODEL="ConvNeXt",DATASET="Cifar100",ATTACK="DeepFool",KIND="ALL",PHASE="generate",OUTPUT_DIR="adversarial_results_ep100_pre300" adversarial_hpc_submit.pbs </dev/null
[2026-09-08 10:14:29] [OK] ConvNeXt/Cifar100/IFGSM/ALL
[2026-09-08 10:14:30] [OK] qsub output: Your job 6479839 ("adversarial_hpc_submit.pbs") has been submitted
[2026-09-08 10:14:30] [SUBMIT] ConvNeXt/Cifar100/BIM/ALL
[2026-09-08 10:14:30] [CMD] qsub -q all.q -l ngpus=1 -v MODEL="ConvNeXt",DATASET="Cifar100",ATTACK="BIM",KIND="ALL",PHASE="generate",OUTPUT_DIR="adversarial_results_ep200_pre200" adversarial_hpc_submit.pbs </dev/null
[2026-09-08 10:14:33] [OK] ConvNeXt/Cifar100/DeepFool/ALL
[2026-09-08 10:14:33] [OK] qsub output: Your job 6479842 ("adversarial_hpc_submit.pbs") has been submitted
[2026-09-08 10:14:33] [SUBMIT] ConvNeXt/TinyImageNet/PGD/ALL
[2026-09-08 10:14:33] [CMD] qsub -q all.q -l ngpus=1 -v MODEL="ConvNeXt",DATASET="TinyImageNet",ATTACK="PGD",KIND="ALL",PHASE="generate",OUTPUT_DIR="adversarial_results_ep100_pre300" adversarial_hpc_submit.pbs </dev/null
[2026-09-08 10:14:36] [OK] ConvNeXt/Cifar100/DeepFool/ALL
[2026-09-08 10:14:36] [OK] qsub output: Your job 6479841 ("adversarial_hpc_submit.pbs") has been submitted
[2026-09-08 10:14:36] [SUBMIT] ConvNeXt/TinyImageNet/PGD/ALL
[2026-09-08 10:14:36] [CMD] qsub -q all.q -l ngpus=1 -v MODEL="ConvNeXt",DATASET="TinyImageNet",ATTACK="PGD",KIND="ALL",PHASE="generate",OUTPUT_DIR="adversarial_results_ep300_pre100" adversarial_hpc_submit.pbs </dev/null
[2026-09-08 10:14:37] [OK] ConvNeXt/Cifar100/BIM/ALL
[2026-09-08 10:14:37] [OK] qsub output: Your job 6479843 ("adversarial_hpc_submit.pbs") has been submitted
[2026-09-08 10:14:37] [SUBMIT] ConvNeXt/Cifar100/APGD/ALL
[2026-09-08 10:14:37] [CMD] qsub -q all.q -l ngpus=1 -v MODEL="ConvNeXt",DATASET="Cifar100",ATTACK="APGD",KIND="ALL",PHASE="generate",OUTPUT_DIR="adversarial_results_ep200_pre200" adversarial_hpc_submit.pbs </dev/null
[2026-09-08 10:14:38] [OK] ConvNeXt/TinyImageNet/PGD/ALL
[2026-09-08 10:14:38] [OK] qsub output: Your job 6479845 ("adversarial_hpc_submit.pbs") has been submitted
[2026-09-08 10:14:38] [SUBMIT] ConvNeXt/TinyImageNet/FGSM/ALL
[2026-09-08 10:14:38] [CMD] qsub -q all.q -l ngpus=1 -v MODEL="ConvNeXt",DATASET="TinyImageNet",ATTACK="FGSM",KIND="ALL",PHASE="generate",OUTPUT_DIR="adversarial_results_ep100_pre300" adversarial_hpc_submit.pbs </dev/null
[2026-09-08 10:14:41] [OK] ConvNeXt/TinyImageNet/PGD/ALL
[2026-09-08 10:14:41] [OK] qsub output: Your job 6479846 ("adversarial_hpc_submit.pbs") has been submitted
[2026-09-08 10:14:41] [SUBMIT] ConvNeXt/TinyImageNet/FGSM/ALL
[2026-09-08 10:14:42] [CMD] qsub -q all.q -l ngpus=1 -v MODEL="ConvNeXt",DATASET="TinyImageNet",ATTACK="FGSM",KIND="ALL",PHASE="generate",OUTPUT_DIR="adversarial_results_ep300_pre100" adversarial_hpc_submit.pbs </dev/null
[2026-09-08 10:14:45] [OK] ConvNeXt/Cifar100/APGD/ALL
[2026-09-08 10:14:46] [OK] qsub output: Your job 6479847 ("adversarial_hpc_submit.pbs") has been submitted
[2026-09-08 10:14:46] [SUBMIT] ConvNeXt/Cifar100/CW/ALL
[2026-09-08 10:14:46] [CMD] qsub -q all.q -l ngpus=1 -v MODEL="ConvNeXt",DATASET="Cifar100",ATTACK="CW",KIND="ALL",PHASE="generate",OUTPUT_DIR="adversarial_results_ep200_pre200" adversarial_hpc_submit.pbs </dev/null
[2026-09-08 10:14:47] [OK] ConvNeXt/TinyImageNet/FGSM/ALL
[2026-09-08 10:14:47] [OK] qsub output: Your job 6479848 ("adversarial_hpc_submit.pbs") has been submitted
[2026-09-08 10:14:47] [SUBMIT] ConvNeXt/TinyImageNet/IFGSM/ALL
[2026-09-08 10:14:47] [CMD] qsub -q all.q -l ngpus=1 -v MODEL="ConvNeXt",DATASET="TinyImageNet",ATTACK="IFGSM",KIND="ALL",PHASE="generate",OUTPUT_DIR="adversarial_results_ep100_pre300" adversarial_hpc_submit.pbs </dev/null
[2026-09-08 10:14:49] [OK] ConvNeXt/Cifar100/CW/ALL
[2026-09-08 10:14:49] [OK] qsub output: Your job 6479850 ("adversarial_hpc_submit.pbs") has been submitted
[2026-09-08 10:14:49] [SUBMIT] ConvNeXt/Cifar100/DeepFool/ALL
[2026-09-08 10:14:49] [CMD] qsub -q all.q -l ngpus=1 -v MODEL="ConvNeXt",DATASET="Cifar100",ATTACK="DeepFool",KIND="ALL",PHASE="generate",OUTPUT_DIR="adversarial_results_ep200_pre200" adversarial_hpc_submit.pbs </dev/null
[2026-09-08 10:14:49] [OK] ConvNeXt/TinyImageNet/FGSM/ALL
[2026-09-08 10:14:49] [OK] qsub output: Your job 6479849 ("adversarial_hpc_submit.pbs") has been submitted
[2026-09-08 10:14:50] [SUBMIT] ConvNeXt/TinyImageNet/IFGSM/ALL
[2026-09-08 10:14:50] [CMD] qsub -q all.q -l ngpus=1 -v MODEL="ConvNeXt",DATASET="TinyImageNet",ATTACK="IFGSM",KIND="ALL",PHASE="generate",OUTPUT_DIR="adversarial_results_ep300_pre100" adversarial_hpc_submit.pbs </dev/null
[2026-09-08 10:14:51] [OK] ConvNeXt/Cifar100/DeepFool/ALL
[2026-09-08 10:14:51] [OK] qsub output: Your job 6479852 ("adversarial_hpc_submit.pbs") has been submitted
[2026-09-08 10:14:52] [SUBMIT] ConvNeXt/TinyImageNet/PGD/ALL
[2026-09-08 10:14:52] [CMD] qsub -q all.q -l ngpus=1 -v MODEL="ConvNeXt",DATASET="TinyImageNet",ATTACK="PGD",KIND="ALL",PHASE="generate",OUTPUT_DIR="adversarial_results_ep200_pre200" adversarial_hpc_submit.pbs </dev/null
[2026-09-08 10:14:55] [OK] ConvNeXt/TinyImageNet/IFGSM/ALL
[2026-09-08 10:14:55] [OK] qsub output: Your job 6479851 ("adversarial_hpc_submit.pbs") has been submitted
[2026-09-08 10:14:55] [SUBMIT] ConvNeXt/TinyImageNet/BIM/ALL
[2026-09-08 10:14:55] [CMD] qsub -q all.q -l ngpus=1 -v MODEL="ConvNeXt",DATASET="TinyImageNet",ATTACK="BIM",KIND="ALL",PHASE="generate",OUTPUT_DIR="adversarial_results_ep100_pre300" adversarial_hpc_submit.pbs </dev/null
[2026-09-08 10:14:59] [OK] ConvNeXt/TinyImageNet/PGD/ALL
[2026-09-08 10:14:59] [OK] qsub output: Your job 6479854 ("adversarial_hpc_submit.pbs") has been submitted
[2026-09-08 10:14:59] [SUBMIT] ConvNeXt/TinyImageNet/FGSM/ALL
[2026-09-08 10:14:59] [CMD] qsub -q all.q -l ngpus=1 -v MODEL="ConvNeXt",DATASET="TinyImageNet",ATTACK="FGSM",KIND="ALL",PHASE="generate",OUTPUT_DIR="adversarial_results_ep200_pre200" adversarial_hpc_submit.pbs </dev/null
[2026-09-08 10:14:59] [OK] ConvNeXt/TinyImageNet/IFGSM/ALL
[2026-09-08 10:14:59] [OK] qsub output: Your job 6479853 ("adversarial_hpc_submit.pbs") has been submitted
[2026-09-08 10:14:59] [SUBMIT] ConvNeXt/TinyImageNet/BIM/ALL
[2026-09-08 10:14:59] [CMD] qsub -q all.q -l ngpus=1 -v MODEL="ConvNeXt",DATASET="TinyImageNet",ATTACK="BIM",KIND="ALL",PHASE="generate",OUTPUT_DIR="adversarial_results_ep300_pre100" adversarial_hpc_submit.pbs </dev/null
[2026-09-08 10:15:09] [OK] ConvNeXt/TinyImageNet/BIM/ALL
[2026-09-08 10:15:09] [OK] qsub output: Your job 6479856 ("adversarial_hpc_submit.pbs") has been submitted
[2026-09-08 10:15:09] [SUBMIT] ConvNeXt/TinyImageNet/APGD/ALL
[2026-09-08 10:15:09] [CMD] qsub -q all.q -l ngpus=1 -v MODEL="ConvNeXt",DATASET="TinyImageNet",ATTACK="APGD",KIND="ALL",PHASE="generate",OUTPUT_DIR="adversarial_results_ep100_pre300" adversarial_hpc_submit.pbs </dev/null
[2026-09-08 10:15:10] [OK] ConvNeXt/TinyImageNet/FGSM/ALL
[2026-09-08 10:15:10] [OK] qsub output: Your job 6479857 ("adversarial_hpc_submit.pbs") has been submitted
[2026-09-08 10:15:10] [SUBMIT] ConvNeXt/TinyImageNet/IFGSM/ALL
[2026-09-08 10:15:10] [CMD] qsub -q all.q -l ngpus=1 -v MODEL="ConvNeXt",DATASET="TinyImageNet",ATTACK="IFGSM",KIND="ALL",PHASE="generate",OUTPUT_DIR="adversarial_results_ep200_pre200" adversarial_hpc_submit.pbs </dev/null
[2026-09-08 10:15:17] [OK] ConvNeXt/TinyImageNet/APGD/ALL
[2026-09-08 10:15:17] [OK] qsub output: Your job 6479859 ("adversarial_hpc_submit.pbs") has been submitted
[2026-09-08 10:15:17] [SUBMIT] ConvNeXt/TinyImageNet/CW/ALL
[2026-09-08 10:15:17] [CMD] qsub -q all.q -l ngpus=1 -v MODEL="ConvNeXt",DATASET="TinyImageNet",ATTACK="CW",KIND="ALL",PHASE="generate",OUTPUT_DIR="adversarial_results_ep100_pre300" adversarial_hpc_submit.pbs </dev/null
[2026-09-08 10:15:18] [OK] ConvNeXt/TinyImageNet/BIM/ALL
[2026-09-08 10:15:18] [OK] qsub output: Your job 6479858 ("adversarial_hpc_submit.pbs") has been submitted
[2026-09-08 10:15:18] [SUBMIT] ConvNeXt/TinyImageNet/APGD/ALL
[2026-09-08 10:15:18] [CMD] qsub -q all.q -l ngpus=1 -v MODEL="ConvNeXt",DATASET="TinyImageNet",ATTACK="APGD",KIND="ALL",PHASE="generate",OUTPUT_DIR="adversarial_results_ep300_pre100" adversarial_hpc_submit.pbs </dev/null
[2026-09-08 10:15:24] [OK] ConvNeXt/TinyImageNet/IFGSM/ALL
[2026-09-08 10:15:24] [OK] qsub output: Your job 6479860 ("adversarial_hpc_submit.pbs") has been submitted
[2026-09-08 10:15:25] [SUBMIT] ConvNeXt/TinyImageNet/BIM/ALL
[2026-09-08 10:15:25] [CMD] qsub -q all.q -l ngpus=1 -v MODEL="ConvNeXt",DATASET="TinyImageNet",ATTACK="BIM",KIND="ALL",PHASE="generate",OUTPUT_DIR="adversarial_results_ep200_pre200" adversarial_hpc_submit.pbs </dev/null
[2026-09-08 10:15:28] [OK] ConvNeXt/TinyImageNet/CW/ALL
[2026-09-08 10:15:28] [OK] qsub output: Your job 6479863 ("adversarial_hpc_submit.pbs") has been submitted
[2026-09-08 10:15:28] [SUBMIT] ConvNeXt/TinyImageNet/DeepFool/ALL
[2026-09-08 10:15:28] [CMD] qsub -q all.q -l ngpus=1 -v MODEL="ConvNeXt",DATASET="TinyImageNet",ATTACK="DeepFool",KIND="ALL",PHASE="generate",OUTPUT_DIR="adversarial_results_ep100_pre300" adversarial_hpc_submit.pbs </dev/null
[2026-09-08 10:15:31] [OK] ConvNeXt/TinyImageNet/APGD/ALL
[2026-09-08 10:15:31] [OK] qsub output: Your job 6479864 ("adversarial_hpc_submit.pbs") has been submitted
[2026-09-08 10:15:32] [SUBMIT] ConvNeXt/TinyImageNet/CW/ALL
[2026-09-08 10:15:32] [CMD] qsub -q all.q -l ngpus=1 -v MODEL="ConvNeXt",DATASET="TinyImageNet",ATTACK="CW",KIND="ALL",PHASE="generate",OUTPUT_DIR="adversarial_results_ep300_pre100" adversarial_hpc_submit.pbs </dev/null
[2026-09-08 10:15:36] [OK] ConvNeXt/TinyImageNet/BIM/ALL
[2026-09-08 10:15:37] [OK] qsub output: Your job 6479866 ("adversarial_hpc_submit.pbs") has been submitted
[2026-09-08 10:15:37] [SUBMIT] ConvNeXt/TinyImageNet/APGD/ALL
[2026-09-08 10:15:37] [CMD] qsub -q all.q -l ngpus=1 -v MODEL="ConvNeXt",DATASET="TinyImageNet",ATTACK="APGD",KIND="ALL",PHASE="generate",OUTPUT_DIR="adversarial_results_ep200_pre200" adversarial_hpc_submit.pbs </dev/null
[2026-09-08 10:15:42] [OK] ConvNeXt/TinyImageNet/CW/ALL
[2026-09-08 10:15:42] [OK] qsub output: Your job 6479869 ("adversarial_hpc_submit.pbs") has been submitted
[2026-09-08 10:15:42] [SUBMIT] ConvNeXt/TinyImageNet/DeepFool/ALL
[2026-09-08 10:15:42] [CMD] qsub -q all.q -l ngpus=1 -v MODEL="ConvNeXt",DATASET="TinyImageNet",ATTACK="DeepFool",KIND="ALL",PHASE="generate",OUTPUT_DIR="adversarial_results_ep300_pre100" adversarial_hpc_submit.pbs </dev/null
[2026-09-08 10:15:45] [OK] ConvNeXt/TinyImageNet/DeepFool/ALL
[2026-09-08 10:15:45] [OK] qsub output: Your job 6479868 ("adversarial_hpc_submit.pbs") has been submitted
[2026-09-08 10:15:45] [SUCCESS] Submitted 126 jobs
[2026-09-08 10:15:45] Monitor progress with: qstat
[2026-09-08 10:15:45] ============================================================================
[2026-09-08 10:15:45] Job submission complete. Check logs/ for details.
[2026-09-08 10:15:45] Run log saved to: /Users/jgafur/LTH/manuscript/Tranfer/logs/adversarial_orchestrate_generate_20260908_095620.log
[2026-09-08 10:15:45] ============================================================================
[2026-09-08 10:15:50] [OK] ConvNeXt/TinyImageNet/APGD/ALL
[2026-09-08 10:15:50] [OK] ConvNeXt/TinyImageNet/DeepFool/ALL
[2026-09-08 10:15:50] [OK] qsub output: Your job 6479872 ("adversarial_hpc_submit.pbs") has been submitted
[2026-09-08 10:15:50] [OK] qsub output: Your job 6479871 ("adversarial_hpc_submit.pbs") has been submitted
[2026-09-08 10:15:50] [SUCCESS] Submitted 126 jobs
[2026-09-08 10:15:50] [SUBMIT] ConvNeXt/TinyImageNet/CW/ALL
[2026-09-08 10:15:50] Monitor progress with: qstat
[2026-09-08 10:15:50] [CMD] qsub -q all.q -l ngpus=1 -v MODEL="ConvNeXt",DATASET="TinyImageNet",ATTACK="CW",KIND="ALL",PHASE="generate",OUTPUT_DIR="adversarial_results_ep200_pre200" adversarial_hpc_submit.pbs </dev/null
[2026-09-08 10:15:50] ============================================================================
[2026-09-08 10:15:51] Job submission complete. Check logs/ for details.
[2026-09-08 10:15:51] Run log saved to: /Users/jgafur/LTH/manuscript/Tranfer/logs/adversarial_orchestrate_generate_20260908_095620.log
[2026-09-08 10:15:51] ============================================================================
[2026-09-08 10:15:55] [OK] ConvNeXt/TinyImageNet/CW/ALL
[2026-09-08 10:15:55] [OK] qsub output: Your job 6479873 ("adversarial_hpc_submit.pbs") has been submitted
[2026-09-08 10:15:55] [SUBMIT] ConvNeXt/TinyImageNet/DeepFool/ALL
[2026-09-08 10:15:55] [CMD] qsub -q all.q -l ngpus=1 -v MODEL="ConvNeXt",DATASET="TinyImageNet",ATTACK="DeepFool",KIND="ALL",PHASE="generate",OUTPUT_DIR="adversarial_results_ep200_pre200" adversarial_hpc_submit.pbs </dev/null
[2026-09-08 10:16:01] [OK] ConvNeXt/TinyImageNet/DeepFool/ALL
[2026-09-08 10:16:01] [OK] qsub output: Your job 6479874 ("adversarial_hpc_submit.pbs") has been submitted
[2026-09-08 10:16:01] [SUCCESS] Submitted 126 jobs
[2026-09-08 10:16:01] Monitor progress with: qstat
[2026-09-08 10:16:01] ============================================================================
[2026-09-08 10:16:01] Job submission complete. Check logs/ for details.
[2026-09-08 10:16:01] Run log saved to: /Users/jgafur/LTH/manuscript/Tranfer/logs/adversarial_orchestrate_generate_20260908_095620.log
[2026-09-08 10:16:01] ============================================================================
