[2026-09-08 13:21:35] Starting orchestration script
[2026-09-08 13:21:35] Starting orchestration script
[2026-09-08 13:21:35] Starting orchestration script
[2026-09-08 13:21:35] Script path: /Users/jgafur/LTH/manuscript/Tranfer
[2026-09-08 13:21:35] Script path: /Users/jgafur/LTH/manuscript/Tranfer
[2026-09-08 13:21:35] Script path: /Users/jgafur/LTH/manuscript/Tranfer
[2026-09-08 13:21:35] Current working directory: /Users/jgafur/LTH/manuscript/Tranfer
[2026-09-08 13:21:35] Current working directory: /Users/jgafur/LTH/manuscript/Tranfer
[2026-09-08 13:21:35] Current working directory: /Users/jgafur/LTH/manuscript/Tranfer
[2026-09-08 13:21:35] Phase: generate
[2026-09-08 13:21:35] Phase: generate
[2026-09-08 13:21:35] Phase: generate
[2026-09-08 13:21:35] Output directory: adversarial_results_ep300_pre100
[2026-09-08 13:21:35] Output directory: adversarial_results_ep200_pre200
[2026-09-08 13:21:35] Output directory: adversarial_results_ep100_pre300
[2026-09-08 13:21:35] Model filter: ALL
[2026-09-08 13:21:35] Model filter: ALL
[2026-09-08 13:21:35] Model filter: ALL
[2026-09-08 13:21:35] Dataset filter: ALL
[2026-09-08 13:21:35] Dataset filter: ALL
[2026-09-08 13:21:35] Dataset filter: ALL
[2026-09-08 13:21:35] Attack filter: ALL
[2026-09-08 13:21:35] Attack filter: ALL
[2026-09-08 13:21:35] Attack filter: ALL
[2026-09-08 13:21:35] Kind filter: ALL
[2026-09-08 13:21:35] Kind filter: ALL
[2026-09-08 13:21:35] Kind filter: ALL
[2026-09-08 13:21:35] Run log: /Users/jgafur/LTH/manuscript/Tranfer/logs/adversarial_orchestrate_generate_20260908_132135.log
[2026-09-08 13:21:35] Run log: /Users/jgafur/LTH/manuscript/Tranfer/logs/adversarial_orchestrate_generate_20260908_132135.log
[2026-09-08 13:21:35] Run log: /Users/jgafur/LTH/manuscript/Tranfer/logs/adversarial_orchestrate_generate_20260908_132135.log
[2026-09-08 13:21:35] qsub command found: /opt/sge/bin/lx-amd64/qsub
[2026-09-08 13:21:35] qsub command found: /opt/sge/bin/lx-amd64/qsub
[2026-09-08 13:21:35] qsub command found: /opt/sge/bin/lx-amd64/qsub
[2026-09-08 13:21:35] Found submission file: /Users/jgafur/LTH/manuscript/Tranfer/adversarial_hpc_submit.pbs
[2026-09-08 13:21:35] Found submission file: /Users/jgafur/LTH/manuscript/Tranfer/adversarial_hpc_submit.pbs
[2026-09-08 13:21:35] Found submission file: /Users/jgafur/LTH/manuscript/Tranfer/adversarial_hpc_submit.pbs
[2026-09-08 13:21:35] ============================================================================
[2026-09-08 13:21:35] ============================================================================
[2026-09-08 13:21:35] ============================================================================
[2026-09-08 13:21:35] Adversarial Analysis HPC Orchestration
[2026-09-08 13:21:35] Adversarial Analysis HPC Orchestration
[2026-09-08 13:21:35] Adversarial Analysis HPC Orchestration
[2026-09-08 13:21:35] ============================================================================
[2026-09-08 13:21:35] ============================================================================
[2026-09-08 13:21:35] ============================================================================
[2026-09-08 13:21:35] Phase:       generate
[2026-09-08 13:21:35] Phase:       generate
[2026-09-08 13:21:35] Output Dir:  adversarial_results_ep300_pre100
[2026-09-08 13:21:35] Phase:       generate
[2026-09-08 13:21:35] Output Dir:  adversarial_results_ep200_pre200
[2026-09-08 13:21:35] Models:      6 architectures
[2026-09-08 13:21:35] Output Dir:  adversarial_results_ep100_pre300
[2026-09-08 13:21:35] Models:      6 architectures
[2026-09-08 13:21:35] Datasets:    3 datasets
[2026-09-08 13:21:35] Models:      6 architectures
[2026-09-08 13:21:35] Datasets:    3 datasets
[2026-09-08 13:21:35] Attacks:     7 attack types
[2026-09-08 13:21:35] Datasets:    3 datasets
[2026-09-08 13:21:35] Attacks:     7 attack types
[2026-09-08 13:21:35] Total Jobs:  ~126
[2026-09-08 13:21:35] Attacks:     7 attack types
[2026-09-08 13:21:35] Total Jobs:  ~126
[2026-09-08 13:21:35] ============================================================================
[2026-09-08 13:21:35] Total Jobs:  ~126
[2026-09-08 13:21:35] ============================================================================
[2026-09-08 13:21:35] ============================================================================
[2026-09-08 13:21:35] Run outputs will be written as txt files in manuscript/Tranfer/
[2026-09-08 13:21:35] Run outputs will be written as txt files in manuscript/Tranfer/
[2026-09-08 13:21:35]   - generate:      <MODEL>_<DATASET>_<ATTACK>_<KIND>_generate_run.txt
[2026-09-08 13:21:35]   - generate:      <MODEL>_<DATASET>_<ATTACK>_<KIND>_generate_run.txt
[2026-09-08 13:21:35] Run outputs will be written as txt files in manuscript/Tranfer/
[2026-09-08 13:21:35]   - analyze:       adversarial_analyze_run.txt
[2026-09-08 13:21:35]   - analyze:       adversarial_analyze_run.txt
[2026-09-08 13:21:35]   - generate:      <MODEL>_<DATASET>_<ATTACK>_<KIND>_generate_run.txt
[2026-09-08 13:21:35]   - plot:          adversarial_plot_run.txt
[2026-09-08 13:21:35]   - plot:          adversarial_plot_run.txt
[2026-09-08 13:21:35]   - analyze:       adversarial_analyze_run.txt
[2026-09-08 13:21:35]   - gradient_sim:  adversarial_gradient_sim_run.txt
[2026-09-08 13:21:35]   - gradient_sim:  adversarial_gradient_sim_run.txt
[2026-09-08 13:21:35]   - plot:          adversarial_plot_run.txt
[2026-09-08 13:21:35]   - epsilon_sweep: adversarial_epsilon_sweep_run.txt
[2026-09-08 13:21:35]   - epsilon_sweep: adversarial_epsilon_sweep_run.txt
[2026-09-08 13:21:35]   - statistics:    adversarial_statistics_run.txt
[2026-09-08 13:21:35]   - gradient_sim:  adversarial_gradient_sim_run.txt
[2026-09-08 13:21:35]   - statistics:    adversarial_statistics_run.txt
[2026-09-08 13:21:35]   - cka:           adversarial_cka_run.txt
[2026-09-08 13:21:35]   - epsilon_sweep: adversarial_epsilon_sweep_run.txt
[2026-09-08 13:21:35]   - cka:           adversarial_cka_run.txt
[2026-09-08 13:21:35]   - compare:       adversarial_compare_run.txt
[2026-09-08 13:21:35]   - statistics:    adversarial_statistics_run.txt
[2026-09-08 13:21:35]   - compare:       adversarial_compare_run.txt
[2026-09-08 13:21:35]   - cka:           adversarial_cka_run.txt
[2026-09-08 13:21:35]   - compute_tradeoff: adversarial_compute_tradeoff_run.txt
[2026-09-08 13:21:35]   - compute_tradeoff: adversarial_compute_tradeoff_run.txt
[2026-09-08 13:21:35]   - compare:       adversarial_compare_run.txt
[2026-09-08 13:21:35]   - correlations:  adversarial_correlations_run.txt
[2026-09-08 13:21:35]   - correlations:  adversarial_correlations_run.txt
[2026-09-08 13:21:35]   - compute_tradeoff: adversarial_compute_tradeoff_run.txt
[2026-09-08 13:21:35] [PHASE: GENERATE] Submitting attack generation jobs...
[2026-09-08 13:21:35]   - correlations:  adversarial_correlations_run.txt
[2026-09-08 13:21:35] [PHASE: GENERATE] Submitting attack generation jobs...
[2026-09-08 13:21:35] [SUBMIT] VGG16/Cifar10/PGD/ALL
[2026-09-08 13:21:35] [SUBMIT] VGG16/Cifar10/PGD/ALL
[2026-09-08 13:21:35] [PHASE: GENERATE] Submitting attack generation jobs...
[2026-09-08 13:21:35] [CMD] qsub -q all.q -l ngpus=1 -v MODEL="VGG16",DATASET="Cifar10",ATTACK="PGD",KIND="ALL",PHASE="generate",OUTPUT_DIR="adversarial_results_ep200_pre200" adversarial_hpc_submit.pbs </dev/null
[2026-09-08 13:21:35] [CMD] qsub -q all.q -l ngpus=1 -v MODEL="VGG16",DATASET="Cifar10",ATTACK="PGD",KIND="ALL",PHASE="generate",OUTPUT_DIR="adversarial_results_ep300_pre100" adversarial_hpc_submit.pbs </dev/null
[2026-09-08 13:21:35] [SUBMIT] VGG16/Cifar10/PGD/ALL
[2026-09-08 13:21:35] [CMD] qsub -q all.q -l ngpus=1 -v MODEL="VGG16",DATASET="Cifar10",ATTACK="PGD",KIND="ALL",PHASE="generate",OUTPUT_DIR="adversarial_results_ep100_pre300" adversarial_hpc_submit.pbs </dev/null
[2026-09-08 13:21:43] [OK] VGG16/Cifar10/PGD/ALL
[2026-09-08 13:21:43] [OK] qsub output: Your job 6480863 ("adversarial_hpc_submit.pbs") has been submitted
[2026-09-08 13:21:43] [SUBMIT] VGG16/Cifar10/FGSM/ALL
[2026-09-08 13:21:43] [CMD] qsub -q all.q -l ngpus=1 -v MODEL="VGG16",DATASET="Cifar10",ATTACK="FGSM",KIND="ALL",PHASE="generate",OUTPUT_DIR="adversarial_results_ep300_pre100" adversarial_hpc_submit.pbs </dev/null
[2026-09-08 13:21:44] [OK] VGG16/Cifar10/PGD/ALL
[2026-09-08 13:21:44] [OK] qsub output: Your job 6480865 ("adversarial_hpc_submit.pbs") has been submitted
[2026-09-08 13:21:44] [SUBMIT] VGG16/Cifar10/FGSM/ALL
[2026-09-08 13:21:44] [CMD] qsub -q all.q -l ngpus=1 -v MODEL="VGG16",DATASET="Cifar10",ATTACK="FGSM",KIND="ALL",PHASE="generate",OUTPUT_DIR="adversarial_results_ep100_pre300" adversarial_hpc_submit.pbs </dev/null
[2026-09-08 13:21:47] [OK] VGG16/Cifar10/PGD/ALL
[2026-09-08 13:21:47] [OK] qsub output: Your job 6480864 ("adversarial_hpc_submit.pbs") has been submitted
[2026-09-08 13:21:47] [SUBMIT] VGG16/Cifar10/FGSM/ALL
[2026-09-08 13:21:47] [CMD] qsub -q all.q -l ngpus=1 -v MODEL="VGG16",DATASET="Cifar10",ATTACK="FGSM",KIND="ALL",PHASE="generate",OUTPUT_DIR="adversarial_results_ep200_pre200" adversarial_hpc_submit.pbs </dev/null
[2026-09-08 13:21:53] [OK] VGG16/Cifar10/FGSM/ALL
[2026-09-08 13:21:53] [OK] qsub output: Your job 6480867 ("adversarial_hpc_submit.pbs") has been submitted
[2026-09-08 13:21:53] [SUBMIT] VGG16/Cifar10/IFGSM/ALL
[2026-09-08 13:21:53] [CMD] qsub -q all.q -l ngpus=1 -v MODEL="VGG16",DATASET="Cifar10",ATTACK="IFGSM",KIND="ALL",PHASE="generate",OUTPUT_DIR="adversarial_results_ep300_pre100" adversarial_hpc_submit.pbs </dev/null
[2026-09-08 13:21:54] [OK] VGG16/Cifar10/FGSM/ALL
[2026-09-08 13:21:54] [OK] qsub output: Your job 6480868 ("adversarial_hpc_submit.pbs") has been submitted
[2026-09-08 13:21:55] [SUBMIT] VGG16/Cifar10/IFGSM/ALL
[2026-09-08 13:21:55] [CMD] qsub -q all.q -l ngpus=1 -v MODEL="VGG16",DATASET="Cifar10",ATTACK="IFGSM",KIND="ALL",PHASE="generate",OUTPUT_DIR="adversarial_results_ep100_pre300" adversarial_hpc_submit.pbs </dev/null
[2026-09-08 13:21:58] [OK] VGG16/Cifar10/FGSM/ALL
[2026-09-08 13:21:58] [OK] qsub output: Your job 6480871 ("adversarial_hpc_submit.pbs") has been submitted
[2026-09-08 13:21:58] [SUBMIT] VGG16/Cifar10/IFGSM/ALL
[2026-09-08 13:21:58] [CMD] qsub -q all.q -l ngpus=1 -v MODEL="VGG16",DATASET="Cifar10",ATTACK="IFGSM",KIND="ALL",PHASE="generate",OUTPUT_DIR="adversarial_results_ep200_pre200" adversarial_hpc_submit.pbs </dev/null
[2026-09-08 13:21:59] [OK] VGG16/Cifar10/IFGSM/ALL
[2026-09-08 13:21:59] [OK] qsub output: Your job 6480872 ("adversarial_hpc_submit.pbs") has been submitted
[2026-09-08 13:21:59] [SUBMIT] VGG16/Cifar10/BIM/ALL
[2026-09-08 13:21:59] [CMD] qsub -q all.q -l ngpus=1 -v MODEL="VGG16",DATASET="Cifar10",ATTACK="BIM",KIND="ALL",PHASE="generate",OUTPUT_DIR="adversarial_results_ep300_pre100" adversarial_hpc_submit.pbs </dev/null
[2026-09-08 13:22:01] [OK] VGG16/Cifar10/IFGSM/ALL
[2026-09-08 13:22:01] [OK] qsub output: Your job 6480873 ("adversarial_hpc_submit.pbs") has been submitted
[2026-09-08 13:22:01] [SUBMIT] VGG16/Cifar10/BIM/ALL
[2026-09-08 13:22:01] [CMD] qsub -q all.q -l ngpus=1 -v MODEL="VGG16",DATASET="Cifar10",ATTACK="BIM",KIND="ALL",PHASE="generate",OUTPUT_DIR="adversarial_results_ep100_pre300" adversarial_hpc_submit.pbs </dev/null
[2026-09-08 13:22:08] [OK] VGG16/Cifar10/IFGSM/ALL
[2026-09-08 13:22:08] [OK] qsub output: Your job 6480875 ("adversarial_hpc_submit.pbs") has been submitted
[2026-09-08 13:22:08] [SUBMIT] VGG16/Cifar10/BIM/ALL
[2026-09-08 13:22:08] [CMD] qsub -q all.q -l ngpus=1 -v MODEL="VGG16",DATASET="Cifar10",ATTACK="BIM",KIND="ALL",PHASE="generate",OUTPUT_DIR="adversarial_results_ep200_pre200" adversarial_hpc_submit.pbs </dev/null
[2026-09-08 13:22:11] [OK] VGG16/Cifar10/BIM/ALL
[2026-09-08 13:22:11] [OK] qsub output: Your job 6480876 ("adversarial_hpc_submit.pbs") has been submitted
[2026-09-08 13:22:11] [SUBMIT] VGG16/Cifar10/APGD/ALL
[2026-09-08 13:22:11] [CMD] qsub -q all.q -l ngpus=1 -v MODEL="VGG16",DATASET="Cifar10",ATTACK="APGD",KIND="ALL",PHASE="generate",OUTPUT_DIR="adversarial_results_ep300_pre100" adversarial_hpc_submit.pbs </dev/null
[2026-09-08 13:22:12] [OK] VGG16/Cifar10/BIM/ALL
[2026-09-08 13:22:12] [OK] qsub output: Your job 6480877 ("adversarial_hpc_submit.pbs") has been submitted
[2026-09-08 13:22:12] [SUBMIT] VGG16/Cifar10/APGD/ALL
[2026-09-08 13:22:12] [CMD] qsub -q all.q -l ngpus=1 -v MODEL="VGG16",DATASET="Cifar10",ATTACK="APGD",KIND="ALL",PHASE="generate",OUTPUT_DIR="adversarial_results_ep100_pre300" adversarial_hpc_submit.pbs </dev/null
[2026-09-08 13:22:14] [OK] VGG16/Cifar10/BIM/ALL
[2026-09-08 13:22:14] [OK] qsub output: Your job 6480878 ("adversarial_hpc_submit.pbs") has been submitted
[2026-09-08 13:22:14] [SUBMIT] VGG16/Cifar10/APGD/ALL
[2026-09-08 13:22:14] [CMD] qsub -q all.q -l ngpus=1 -v MODEL="VGG16",DATASET="Cifar10",ATTACK="APGD",KIND="ALL",PHASE="generate",OUTPUT_DIR="adversarial_results_ep200_pre200" adversarial_hpc_submit.pbs </dev/null
[2026-09-08 13:22:24] [OK] VGG16/Cifar10/APGD/ALL
[2026-09-08 13:22:24] [OK] qsub output: Your job 6480881 ("adversarial_hpc_submit.pbs") has been submitted
[2026-09-08 13:22:24] [SUBMIT] VGG16/Cifar10/CW/ALL
[2026-09-08 13:22:24] [CMD] qsub -q all.q -l ngpus=1 -v MODEL="VGG16",DATASET="Cifar10",ATTACK="CW",KIND="ALL",PHASE="generate",OUTPUT_DIR="adversarial_results_ep300_pre100" adversarial_hpc_submit.pbs </dev/null
[2026-09-08 13:22:27] [OK] VGG16/Cifar10/APGD/ALL
[2026-09-08 13:22:27] [OK] qsub output: Your job 6480883 ("adversarial_hpc_submit.pbs") has been submitted
[2026-09-08 13:22:27] [SUBMIT] VGG16/Cifar10/CW/ALL
[2026-09-08 13:22:27] [CMD] qsub -q all.q -l ngpus=1 -v MODEL="VGG16",DATASET="Cifar10",ATTACK="CW",KIND="ALL",PHASE="generate",OUTPUT_DIR="adversarial_results_ep200_pre200" adversarial_hpc_submit.pbs </dev/null
[2026-09-08 13:22:30] [OK] VGG16/Cifar10/APGD/ALL
[2026-09-08 13:22:30] [OK] qsub output: Your job 6480882 ("adversarial_hpc_submit.pbs") has been submitted
[2026-09-08 13:22:30] [SUBMIT] VGG16/Cifar10/CW/ALL
[2026-09-08 13:22:30] [CMD] qsub -q all.q -l ngpus=1 -v MODEL="VGG16",DATASET="Cifar10",ATTACK="CW",KIND="ALL",PHASE="generate",OUTPUT_DIR="adversarial_results_ep100_pre300" adversarial_hpc_submit.pbs </dev/null
[2026-09-08 13:22:31] [OK] VGG16/Cifar10/CW/ALL
[2026-09-08 13:22:31] [OK] qsub output: Your job 6480886 ("adversarial_hpc_submit.pbs") has been submitted
[2026-09-08 13:22:31] [SUBMIT] VGG16/Cifar10/DeepFool/ALL
[2026-09-08 13:22:31] [CMD] qsub -q all.q -l ngpus=1 -v MODEL="VGG16",DATASET="Cifar10",ATTACK="DeepFool",KIND="ALL",PHASE="generate",OUTPUT_DIR="adversarial_results_ep200_pre200" adversarial_hpc_submit.pbs </dev/null
[2026-09-08 13:22:37] [OK] VGG16/Cifar10/CW/ALL
[2026-09-08 13:22:37] [OK] qsub output: Your job 6480885 ("adversarial_hpc_submit.pbs") has been submitted
[2026-09-08 13:22:37] [SUBMIT] VGG16/Cifar10/DeepFool/ALL
[2026-09-08 13:22:37] [CMD] qsub -q all.q -l ngpus=1 -v MODEL="VGG16",DATASET="Cifar10",ATTACK="DeepFool",KIND="ALL",PHASE="generate",OUTPUT_DIR="adversarial_results_ep300_pre100" adversarial_hpc_submit.pbs </dev/null
[2026-09-08 13:22:38] [OK] VGG16/Cifar10/CW/ALL
[2026-09-08 13:22:38] [OK] qsub output: Your job 6480888 ("adversarial_hpc_submit.pbs") has been submitted
[2026-09-08 13:22:38] [SUBMIT] VGG16/Cifar10/DeepFool/ALL
[2026-09-08 13:22:38] [CMD] qsub -q all.q -l ngpus=1 -v MODEL="VGG16",DATASET="Cifar10",ATTACK="DeepFool",KIND="ALL",PHASE="generate",OUTPUT_DIR="adversarial_results_ep100_pre300" adversarial_hpc_submit.pbs </dev/null
[2026-09-08 13:22:39] [OK] VGG16/Cifar10/DeepFool/ALL
[2026-09-08 13:22:39] [OK] qsub output: Your job 6480889 ("adversarial_hpc_submit.pbs") has been submitted
[2026-09-08 13:22:40] [SUBMIT] VGG16/Cifar100/PGD/ALL
[2026-09-08 13:22:40] [CMD] qsub -q all.q -l ngpus=1 -v MODEL="VGG16",DATASET="Cifar100",ATTACK="PGD",KIND="ALL",PHASE="generate",OUTPUT_DIR="adversarial_results_ep200_pre200" adversarial_hpc_submit.pbs </dev/null
[2026-09-08 13:22:45] [OK] VGG16/Cifar10/DeepFool/ALL
[2026-09-08 13:22:45] [OK] qsub output: Your job 6480891 ("adversarial_hpc_submit.pbs") has been submitted
[2026-09-08 13:22:45] [SUBMIT] VGG16/Cifar100/PGD/ALL
[2026-09-08 13:22:45] [CMD] qsub -q all.q -l ngpus=1 -v MODEL="VGG16",DATASET="Cifar100",ATTACK="PGD",KIND="ALL",PHASE="generate",OUTPUT_DIR="adversarial_results_ep300_pre100" adversarial_hpc_submit.pbs </dev/null
[2026-09-08 13:22:52] [OK] VGG16/Cifar10/DeepFool/ALL
[2026-09-08 13:22:52] [OK] qsub output: Your job 6480892 ("adversarial_hpc_submit.pbs") has been submitted
[2026-09-08 13:22:52] [OK] VGG16/Cifar100/PGD/ALL
[2026-09-08 13:22:52] [OK] qsub output: Your job 6480893 ("adversarial_hpc_submit.pbs") has been submitted
[2026-09-08 13:22:52] [SUBMIT] VGG16/Cifar100/PGD/ALL
[2026-09-08 13:22:52] [CMD] qsub -q all.q -l ngpus=1 -v MODEL="VGG16",DATASET="Cifar100",ATTACK="PGD",KIND="ALL",PHASE="generate",OUTPUT_DIR="adversarial_results_ep100_pre300" adversarial_hpc_submit.pbs </dev/null
[2026-09-08 13:22:52] [SUBMIT] VGG16/Cifar100/FGSM/ALL
[2026-09-08 13:22:52] [CMD] qsub -q all.q -l ngpus=1 -v MODEL="VGG16",DATASET="Cifar100",ATTACK="FGSM",KIND="ALL",PHASE="generate",OUTPUT_DIR="adversarial_results_ep200_pre200" adversarial_hpc_submit.pbs </dev/null
[2026-09-08 13:22:54] [OK] VGG16/Cifar100/PGD/ALL
[2026-09-08 13:22:54] [OK] qsub output: Your job 6480894 ("adversarial_hpc_submit.pbs") has been submitted
[2026-09-08 13:22:54] [SUBMIT] VGG16/Cifar100/FGSM/ALL
[2026-09-08 13:22:54] [CMD] qsub -q all.q -l ngpus=1 -v MODEL="VGG16",DATASET="Cifar100",ATTACK="FGSM",KIND="ALL",PHASE="generate",OUTPUT_DIR="adversarial_results_ep300_pre100" adversarial_hpc_submit.pbs </dev/null
[2026-09-08 13:23:01] [OK] VGG16/Cifar100/PGD/ALL
[2026-09-08 13:23:01] [OK] qsub output: Your job 6480896 ("adversarial_hpc_submit.pbs") has been submitted
[2026-09-08 13:23:01] [SUBMIT] VGG16/Cifar100/FGSM/ALL
[2026-09-08 13:23:01] [CMD] qsub -q all.q -l ngpus=1 -v MODEL="VGG16",DATASET="Cifar100",ATTACK="FGSM",KIND="ALL",PHASE="generate",OUTPUT_DIR="adversarial_results_ep100_pre300" adversarial_hpc_submit.pbs </dev/null
[2026-09-08 13:23:03] [OK] VGG16/Cifar100/FGSM/ALL
[2026-09-08 13:23:03] [OK] qsub output: Your job 6480897 ("adversarial_hpc_submit.pbs") has been submitted
[2026-09-08 13:23:03] [SUBMIT] VGG16/Cifar100/IFGSM/ALL
[2026-09-08 13:23:03] [CMD] qsub -q all.q -l ngpus=1 -v MODEL="VGG16",DATASET="Cifar100",ATTACK="IFGSM",KIND="ALL",PHASE="generate",OUTPUT_DIR="adversarial_results_ep200_pre200" adversarial_hpc_submit.pbs </dev/null
[2026-09-08 13:23:06] [OK] VGG16/Cifar100/FGSM/ALL
[2026-09-08 13:23:06] [OK] qsub output: Your job 6480899 ("adversarial_hpc_submit.pbs") has been submitted
[2026-09-08 13:23:06] [SUBMIT] VGG16/Cifar100/IFGSM/ALL
[2026-09-08 13:23:06] [CMD] qsub -q all.q -l ngpus=1 -v MODEL="VGG16",DATASET="Cifar100",ATTACK="IFGSM",KIND="ALL",PHASE="generate",OUTPUT_DIR="adversarial_results_ep300_pre100" adversarial_hpc_submit.pbs </dev/null
[2026-09-08 13:23:12] [OK] VGG16/Cifar100/FGSM/ALL
[2026-09-08 13:23:12] [OK] qsub output: Your job 6480900 ("adversarial_hpc_submit.pbs") has been submitted
[2026-09-08 13:23:13] [SUBMIT] VGG16/Cifar100/IFGSM/ALL
[2026-09-08 13:23:13] [CMD] qsub -q all.q -l ngpus=1 -v MODEL="VGG16",DATASET="Cifar100",ATTACK="IFGSM",KIND="ALL",PHASE="generate",OUTPUT_DIR="adversarial_results_ep100_pre300" adversarial_hpc_submit.pbs </dev/null
[2026-09-08 13:23:15] [OK] VGG16/Cifar100/IFGSM/ALL
[2026-09-08 13:23:15] [OK] qsub output: Your job 6480901 ("adversarial_hpc_submit.pbs") has been submitted
[2026-09-08 13:23:15] [SUBMIT] VGG16/Cifar100/BIM/ALL
[2026-09-08 13:23:15] [CMD] qsub -q all.q -l ngpus=1 -v MODEL="VGG16",DATASET="Cifar100",ATTACK="BIM",KIND="ALL",PHASE="generate",OUTPUT_DIR="adversarial_results_ep200_pre200" adversarial_hpc_submit.pbs </dev/null
[2026-09-08 13:23:17] [OK] VGG16/Cifar100/IFGSM/ALL
[2026-09-08 13:23:17] [OK] qsub output: Your job 6480902 ("adversarial_hpc_submit.pbs") has been submitted
[2026-09-08 13:23:17] [SUBMIT] VGG16/Cifar100/BIM/ALL
[2026-09-08 13:23:17] [CMD] qsub -q all.q -l ngpus=1 -v MODEL="VGG16",DATASET="Cifar100",ATTACK="BIM",KIND="ALL",PHASE="generate",OUTPUT_DIR="adversarial_results_ep300_pre100" adversarial_hpc_submit.pbs </dev/null
[2026-09-08 13:23:21] [OK] VGG16/Cifar100/IFGSM/ALL
[2026-09-08 13:23:21] [OK] qsub output: Your job 6480905 ("adversarial_hpc_submit.pbs") has been submitted
[2026-09-08 13:23:22] [SUBMIT] VGG16/Cifar100/BIM/ALL
[2026-09-08 13:23:22] [CMD] qsub -q all.q -l ngpus=1 -v MODEL="VGG16",DATASET="Cifar100",ATTACK="BIM",KIND="ALL",PHASE="generate",OUTPUT_DIR="adversarial_results_ep100_pre300" adversarial_hpc_submit.pbs </dev/null
[2026-09-08 13:23:24] [OK] VGG16/Cifar100/BIM/ALL
[2026-09-08 13:23:24] [OK] qsub output: Your job 6480906 ("adversarial_hpc_submit.pbs") has been submitted
[2026-09-08 13:23:24] [SUBMIT] VGG16/Cifar100/APGD/ALL
[2026-09-08 13:23:24] [CMD] qsub -q all.q -l ngpus=1 -v MODEL="VGG16",DATASET="Cifar100",ATTACK="APGD",KIND="ALL",PHASE="generate",OUTPUT_DIR="adversarial_results_ep200_pre200" adversarial_hpc_submit.pbs </dev/null
[2026-09-08 13:23:24] [OK] VGG16/Cifar100/BIM/ALL
[2026-09-08 13:23:24] [OK] qsub output: Your job 6480907 ("adversarial_hpc_submit.pbs") has been submitted
[2026-09-08 13:23:24] [SUBMIT] VGG16/Cifar100/APGD/ALL
[2026-09-08 13:23:24] [CMD] qsub -q all.q -l ngpus=1 -v MODEL="VGG16",DATASET="Cifar100",ATTACK="APGD",KIND="ALL",PHASE="generate",OUTPUT_DIR="adversarial_results_ep300_pre100" adversarial_hpc_submit.pbs </dev/null
[2026-09-08 13:23:28] [OK] VGG16/Cifar100/BIM/ALL
[2026-09-08 13:23:28] [OK] qsub output: Your job 6480909 ("adversarial_hpc_submit.pbs") has been submitted
[2026-09-08 13:23:28] [SUBMIT] VGG16/Cifar100/APGD/ALL
[2026-09-08 13:23:28] [CMD] qsub -q all.q -l ngpus=1 -v MODEL="VGG16",DATASET="Cifar100",ATTACK="APGD",KIND="ALL",PHASE="generate",OUTPUT_DIR="adversarial_results_ep100_pre300" adversarial_hpc_submit.pbs </dev/null
[2026-09-08 13:23:36] [OK] VGG16/Cifar100/APGD/ALL
[2026-09-08 13:23:36] [OK] qsub output: Your job 6480911 ("adversarial_hpc_submit.pbs") has been submitted
[2026-09-08 13:23:36] [SUBMIT] VGG16/Cifar100/CW/ALL
[2026-09-08 13:23:36] [CMD] qsub -q all.q -l ngpus=1 -v MODEL="VGG16",DATASET="Cifar100",ATTACK="CW",KIND="ALL",PHASE="generate",OUTPUT_DIR="adversarial_results_ep300_pre100" adversarial_hpc_submit.pbs </dev/null
[2026-09-08 13:23:36] [OK] VGG16/Cifar100/APGD/ALL
[2026-09-08 13:23:36] [OK] qsub output: Your job 6480910 ("adversarial_hpc_submit.pbs") has been submitted
[2026-09-08 13:23:37] [SUBMIT] VGG16/Cifar100/CW/ALL
[2026-09-08 13:23:37] [CMD] qsub -q all.q -l ngpus=1 -v MODEL="VGG16",DATASET="Cifar100",ATTACK="CW",KIND="ALL",PHASE="generate",OUTPUT_DIR="adversarial_results_ep200_pre200" adversarial_hpc_submit.pbs </dev/null
[2026-09-08 13:23:41] [OK] VGG16/Cifar100/APGD/ALL
[2026-09-08 13:23:41] [OK] qsub output: Your job 6480912 ("adversarial_hpc_submit.pbs") has been submitted
[2026-09-08 13:23:41] [SUBMIT] VGG16/Cifar100/CW/ALL
[2026-09-08 13:23:41] [CMD] qsub -q all.q -l ngpus=1 -v MODEL="VGG16",DATASET="Cifar100",ATTACK="CW",KIND="ALL",PHASE="generate",OUTPUT_DIR="adversarial_results_ep100_pre300" adversarial_hpc_submit.pbs </dev/null
[2026-09-08 13:23:45] [OK] VGG16/Cifar100/CW/ALL
[2026-09-08 13:23:45] [OK] qsub output: Your job 6480915 ("adversarial_hpc_submit.pbs") has been submitted
[2026-09-08 13:23:45] [SUBMIT] VGG16/Cifar100/DeepFool/ALL
[2026-09-08 13:23:45] [CMD] qsub -q all.q -l ngpus=1 -v MODEL="VGG16",DATASET="Cifar100",ATTACK="DeepFool",KIND="ALL",PHASE="generate",OUTPUT_DIR="adversarial_results_ep200_pre200" adversarial_hpc_submit.pbs </dev/null
[2026-09-08 13:23:47] [OK] VGG16/Cifar100/CW/ALL
[2026-09-08 13:23:47] [OK] qsub output: Your job 6480914 ("adversarial_hpc_submit.pbs") has been submitted
[2026-09-08 13:23:48] [SUBMIT] VGG16/Cifar100/DeepFool/ALL
[2026-09-08 13:23:48] [CMD] qsub -q all.q -l ngpus=1 -v MODEL="VGG16",DATASET="Cifar100",ATTACK="DeepFool",KIND="ALL",PHASE="generate",OUTPUT_DIR="adversarial_results_ep300_pre100" adversarial_hpc_submit.pbs </dev/null
[2026-09-08 13:23:48] [OK] VGG16/Cifar100/CW/ALL
[2026-09-08 13:23:48] [OK] qsub output: Your job 6480916 ("adversarial_hpc_submit.pbs") has been submitted
[2026-09-08 13:23:48] [SUBMIT] VGG16/Cifar100/DeepFool/ALL
[2026-09-08 13:23:49] [CMD] qsub -q all.q -l ngpus=1 -v MODEL="VGG16",DATASET="Cifar100",ATTACK="DeepFool",KIND="ALL",PHASE="generate",OUTPUT_DIR="adversarial_results_ep100_pre300" adversarial_hpc_submit.pbs </dev/null
[2026-09-08 13:23:53] [OK] VGG16/Cifar100/DeepFool/ALL
[2026-09-08 13:23:54] [OK] qsub output: Your job 6480919 ("adversarial_hpc_submit.pbs") has been submitted
[2026-09-08 13:23:54] [OK] VGG16/Cifar100/DeepFool/ALL
[2026-09-08 13:23:54] [SUBMIT] VGG16/TinyImageNet/PGD/ALL
[2026-09-08 13:23:54] [OK] qsub output: Your job 6480918 ("adversarial_hpc_submit.pbs") has been submitted
[2026-09-08 13:23:54] [CMD] qsub -q all.q -l ngpus=1 -v MODEL="VGG16",DATASET="TinyImageNet",ATTACK="PGD",KIND="ALL",PHASE="generate",OUTPUT_DIR="adversarial_results_ep300_pre100" adversarial_hpc_submit.pbs </dev/null
[2026-09-08 13:23:55] [SUBMIT] VGG16/TinyImageNet/PGD/ALL
[2026-09-08 13:23:55] [CMD] qsub -q all.q -l ngpus=1 -v MODEL="VGG16",DATASET="TinyImageNet",ATTACK="PGD",KIND="ALL",PHASE="generate",OUTPUT_DIR="adversarial_results_ep200_pre200" adversarial_hpc_submit.pbs </dev/null
[2026-09-08 13:23:56] [OK] VGG16/Cifar100/DeepFool/ALL
[2026-09-08 13:23:56] [OK] qsub output: Your job 6480920 ("adversarial_hpc_submit.pbs") has been submitted
[2026-09-08 13:23:56] [SUBMIT] VGG16/TinyImageNet/PGD/ALL
[2026-09-08 13:23:56] [CMD] qsub -q all.q -l ngpus=1 -v MODEL="VGG16",DATASET="TinyImageNet",ATTACK="PGD",KIND="ALL",PHASE="generate",OUTPUT_DIR="adversarial_results_ep100_pre300" adversarial_hpc_submit.pbs </dev/null
[2026-09-08 13:24:01] [OK] VGG16/TinyImageNet/PGD/ALL
[2026-09-08 13:24:01] [OK] qsub output: Your job 6480922 ("adversarial_hpc_submit.pbs") has been submitted
[2026-09-08 13:24:01] [SUBMIT] VGG16/TinyImageNet/FGSM/ALL
[2026-09-08 13:24:01] [CMD] qsub -q all.q -l ngpus=1 -v MODEL="VGG16",DATASET="TinyImageNet",ATTACK="FGSM",KIND="ALL",PHASE="generate",OUTPUT_DIR="adversarial_results_ep300_pre100" adversarial_hpc_submit.pbs </dev/null
[2026-09-08 13:24:04] [OK] VGG16/TinyImageNet/PGD/ALL
[2026-09-08 13:24:05] [OK] qsub output: Your job 6480923 ("adversarial_hpc_submit.pbs") has been submitted
[2026-09-08 13:24:05] [SUBMIT] VGG16/TinyImageNet/FGSM/ALL
[2026-09-08 13:24:05] [CMD] qsub -q all.q -l ngpus=1 -v MODEL="VGG16",DATASET="TinyImageNet",ATTACK="FGSM",KIND="ALL",PHASE="generate",OUTPUT_DIR="adversarial_results_ep200_pre200" adversarial_hpc_submit.pbs </dev/null
[2026-09-08 13:24:06] [OK] VGG16/TinyImageNet/PGD/ALL
[2026-09-08 13:24:06] [OK] qsub output: Your job 6480924 ("adversarial_hpc_submit.pbs") has been submitted
[2026-09-08 13:24:07] [SUBMIT] VGG16/TinyImageNet/FGSM/ALL
[2026-09-08 13:24:07] [CMD] qsub -q all.q -l ngpus=1 -v MODEL="VGG16",DATASET="TinyImageNet",ATTACK="FGSM",KIND="ALL",PHASE="generate",OUTPUT_DIR="adversarial_results_ep100_pre300" adversarial_hpc_submit.pbs </dev/null
[2026-09-08 13:24:13] [OK] VGG16/TinyImageNet/FGSM/ALL
[2026-09-08 13:24:13] [OK] qsub output: Your job 6480925 ("adversarial_hpc_submit.pbs") has been submitted
[2026-09-08 13:24:13] [SUBMIT] VGG16/TinyImageNet/IFGSM/ALL
[2026-09-08 13:24:13] [CMD] qsub -q all.q -l ngpus=1 -v MODEL="VGG16",DATASET="TinyImageNet",ATTACK="IFGSM",KIND="ALL",PHASE="generate",OUTPUT_DIR="adversarial_results_ep300_pre100" adversarial_hpc_submit.pbs </dev/null
[2026-09-08 13:24:17] [OK] VGG16/TinyImageNet/FGSM/ALL
[2026-09-08 13:24:17] [OK] qsub output: Your job 6480927 ("adversarial_hpc_submit.pbs") has been submitted
[2026-09-08 13:24:17] [SUBMIT] VGG16/TinyImageNet/IFGSM/ALL
[2026-09-08 13:24:18] [CMD] qsub -q all.q -l ngpus=1 -v MODEL="VGG16",DATASET="TinyImageNet",ATTACK="IFGSM",KIND="ALL",PHASE="generate",OUTPUT_DIR="adversarial_results_ep200_pre200" adversarial_hpc_submit.pbs </dev/null
[2026-09-08 13:24:22] [OK] VGG16/TinyImageNet/FGSM/ALL
[2026-09-08 13:24:22] [OK] qsub output: Your job 6480928 ("adversarial_hpc_submit.pbs") has been submitted
[2026-09-08 13:24:22] [SUBMIT] VGG16/TinyImageNet/IFGSM/ALL
[2026-09-08 13:24:22] [CMD] qsub -q all.q -l ngpus=1 -v MODEL="VGG16",DATASET="TinyImageNet",ATTACK="IFGSM",KIND="ALL",PHASE="generate",OUTPUT_DIR="adversarial_results_ep100_pre300" adversarial_hpc_submit.pbs </dev/null
[2026-09-08 13:24:28] [OK] VGG16/TinyImageNet/IFGSM/ALL
[2026-09-08 13:24:28] [OK] qsub output: Your job 6480930 ("adversarial_hpc_submit.pbs") has been submitted
[2026-09-08 13:24:28] [SUBMIT] VGG16/TinyImageNet/BIM/ALL
[2026-09-08 13:24:28] [CMD] qsub -q all.q -l ngpus=1 -v MODEL="VGG16",DATASET="TinyImageNet",ATTACK="BIM",KIND="ALL",PHASE="generate",OUTPUT_DIR="adversarial_results_ep300_pre100" adversarial_hpc_submit.pbs </dev/null
[2026-09-08 13:24:29] [OK] VGG16/TinyImageNet/IFGSM/ALL
[2026-09-08 13:24:29] [OK] qsub output: Your job 6480931 ("adversarial_hpc_submit.pbs") has been submitted
[2026-09-08 13:24:29] [SUBMIT] VGG16/TinyImageNet/BIM/ALL
[2026-09-08 13:24:29] [CMD] qsub -q all.q -l ngpus=1 -v MODEL="VGG16",DATASET="TinyImageNet",ATTACK="BIM",KIND="ALL",PHASE="generate",OUTPUT_DIR="adversarial_results_ep200_pre200" adversarial_hpc_submit.pbs </dev/null
[2026-09-08 13:24:32] [OK] VGG16/TinyImageNet/IFGSM/ALL
[2026-09-08 13:24:32] [OK] qsub output: Your job 6480932 ("adversarial_hpc_submit.pbs") has been submitted
[2026-09-08 13:24:32] [SUBMIT] VGG16/TinyImageNet/BIM/ALL
[2026-09-08 13:24:32] [CMD] qsub -q all.q -l ngpus=1 -v MODEL="VGG16",DATASET="TinyImageNet",ATTACK="BIM",KIND="ALL",PHASE="generate",OUTPUT_DIR="adversarial_results_ep100_pre300" adversarial_hpc_submit.pbs </dev/null
[2026-09-08 13:24:39] [OK] VGG16/TinyImageNet/BIM/ALL
[2026-09-08 13:24:39] [OK] qsub output: Your job 6480934 ("adversarial_hpc_submit.pbs") has been submitted
[2026-09-08 13:24:39] [SUBMIT] VGG16/TinyImageNet/APGD/ALL
[2026-09-08 13:24:39] [CMD] qsub -q all.q -l ngpus=1 -v MODEL="VGG16",DATASET="TinyImageNet",ATTACK="APGD",KIND="ALL",PHASE="generate",OUTPUT_DIR="adversarial_results_ep300_pre100" adversarial_hpc_submit.pbs </dev/null
[2026-09-08 13:24:41] [OK] VGG16/TinyImageNet/BIM/ALL
[2026-09-08 13:24:41] [OK] qsub output: Your job 6480936 ("adversarial_hpc_submit.pbs") has been submitted
[2026-09-08 13:24:41] [SUBMIT] VGG16/TinyImageNet/APGD/ALL
[2026-09-08 13:24:41] [CMD] qsub -q all.q -l ngpus=1 -v MODEL="VGG16",DATASET="TinyImageNet",ATTACK="APGD",KIND="ALL",PHASE="generate",OUTPUT_DIR="adversarial_results_ep100_pre300" adversarial_hpc_submit.pbs </dev/null
[2026-09-08 13:24:46] [OK] VGG16/TinyImageNet/APGD/ALL
[2026-09-08 13:24:46] [OK] qsub output: Your job 6480938 ("adversarial_hpc_submit.pbs") has been submitted
[2026-09-08 13:24:46] [SUBMIT] VGG16/TinyImageNet/CW/ALL
[2026-09-08 13:24:46] [CMD] qsub -q all.q -l ngpus=1 -v MODEL="VGG16",DATASET="TinyImageNet",ATTACK="CW",KIND="ALL",PHASE="generate",OUTPUT_DIR="adversarial_results_ep300_pre100" adversarial_hpc_submit.pbs </dev/null
[2026-09-08 13:24:47] [OK] VGG16/TinyImageNet/BIM/ALL
[2026-09-08 13:24:47] [OK] qsub output: Your job 6480935 ("adversarial_hpc_submit.pbs") has been submitted
[2026-09-08 13:24:47] [SUBMIT] VGG16/TinyImageNet/APGD/ALL
[2026-09-08 13:24:47] [CMD] qsub -q all.q -l ngpus=1 -v MODEL="VGG16",DATASET="TinyImageNet",ATTACK="APGD",KIND="ALL",PHASE="generate",OUTPUT_DIR="adversarial_results_ep200_pre200" adversarial_hpc_submit.pbs </dev/null
[2026-09-08 13:24:53] [OK] VGG16/TinyImageNet/APGD/ALL
[2026-09-08 13:24:53] [OK] qsub output: Your job 6480939 ("adversarial_hpc_submit.pbs") has been submitted
[2026-09-08 13:24:54] [SUBMIT] VGG16/TinyImageNet/CW/ALL
[2026-09-08 13:24:54] [CMD] qsub -q all.q -l ngpus=1 -v MODEL="VGG16",DATASET="TinyImageNet",ATTACK="CW",KIND="ALL",PHASE="generate",OUTPUT_DIR="adversarial_results_ep100_pre300" adversarial_hpc_submit.pbs </dev/null
[2026-09-08 13:24:55] [OK] VGG16/TinyImageNet/CW/ALL
[2026-09-08 13:24:55] [OK] qsub output: Your job 6480941 ("adversarial_hpc_submit.pbs") has been submitted
[2026-09-08 13:24:55] [SUBMIT] VGG16/TinyImageNet/DeepFool/ALL
[2026-09-08 13:24:55] [CMD] qsub -q all.q -l ngpus=1 -v MODEL="VGG16",DATASET="TinyImageNet",ATTACK="DeepFool",KIND="ALL",PHASE="generate",OUTPUT_DIR="adversarial_results_ep300_pre100" adversarial_hpc_submit.pbs </dev/null
[2026-09-08 13:24:57] [OK] VGG16/TinyImageNet/APGD/ALL
[2026-09-08 13:24:57] [OK] qsub output: Your job 6480942 ("adversarial_hpc_submit.pbs") has been submitted
[2026-09-08 13:24:58] [SUBMIT] VGG16/TinyImageNet/CW/ALL
[2026-09-08 13:24:58] [CMD] qsub -q all.q -l ngpus=1 -v MODEL="VGG16",DATASET="TinyImageNet",ATTACK="CW",KIND="ALL",PHASE="generate",OUTPUT_DIR="adversarial_results_ep200_pre200" adversarial_hpc_submit.pbs </dev/null
[2026-09-08 13:25:05] [OK] VGG16/TinyImageNet/CW/ALL
[2026-09-08 13:25:05] [OK] qsub output: Your job 6480943 ("adversarial_hpc_submit.pbs") has been submitted
[2026-09-08 13:25:05] [SUBMIT] VGG16/TinyImageNet/DeepFool/ALL
[2026-09-08 13:25:05] [CMD] qsub -q all.q -l ngpus=1 -v MODEL="VGG16",DATASET="TinyImageNet",ATTACK="DeepFool",KIND="ALL",PHASE="generate",OUTPUT_DIR="adversarial_results_ep100_pre300" adversarial_hpc_submit.pbs </dev/null
[2026-09-08 13:25:10] [OK] VGG16/TinyImageNet/CW/ALL
[2026-09-08 13:25:10] [OK] qsub output: Your job 6480946 ("adversarial_hpc_submit.pbs") has been submitted
[2026-09-08 13:25:10] [SUBMIT] VGG16/TinyImageNet/DeepFool/ALL
[2026-09-08 13:25:10] [CMD] qsub -q all.q -l ngpus=1 -v MODEL="VGG16",DATASET="TinyImageNet",ATTACK="DeepFool",KIND="ALL",PHASE="generate",OUTPUT_DIR="adversarial_results_ep200_pre200" adversarial_hpc_submit.pbs </dev/null
[2026-09-08 13:25:11] [OK] VGG16/TinyImageNet/DeepFool/ALL
[2026-09-08 13:25:11] [OK] qsub output: Your job 6480945 ("adversarial_hpc_submit.pbs") has been submitted
[2026-09-08 13:25:11] [SUBMIT] RegNetX_400MF/Cifar10/PGD/ALL
[2026-09-08 13:25:11] [CMD] qsub -q all.q -l ngpus=1 -v MODEL="RegNetX_400MF",DATASET="Cifar10",ATTACK="PGD",KIND="ALL",PHASE="generate",OUTPUT_DIR="adversarial_results_ep300_pre100" adversarial_hpc_submit.pbs </dev/null
[2026-09-08 13:25:17] [OK] VGG16/TinyImageNet/DeepFool/ALL
[2026-09-08 13:25:17] [OK] qsub output: Your job 6480948 ("adversarial_hpc_submit.pbs") has been submitted
[2026-09-08 13:25:17] [SUBMIT] RegNetX_400MF/Cifar10/PGD/ALL
[2026-09-08 13:25:17] [CMD] qsub -q all.q -l ngpus=1 -v MODEL="RegNetX_400MF",DATASET="Cifar10",ATTACK="PGD",KIND="ALL",PHASE="generate",OUTPUT_DIR="adversarial_results_ep100_pre300" adversarial_hpc_submit.pbs </dev/null
[2026-09-08 13:25:26] [OK] RegNetX_400MF/Cifar10/PGD/ALL
[2026-09-08 13:25:26] [OK] qsub output: Your job 6480951 ("adversarial_hpc_submit.pbs") has been submitted
[2026-09-08 13:25:26] [SUBMIT] RegNetX_400MF/Cifar10/FGSM/ALL
[2026-09-08 13:25:26] [CMD] qsub -q all.q -l ngpus=1 -v MODEL="RegNetX_400MF",DATASET="Cifar10",ATTACK="FGSM",KIND="ALL",PHASE="generate",OUTPUT_DIR="adversarial_results_ep300_pre100" adversarial_hpc_submit.pbs </dev/null
[2026-09-08 13:25:27] [OK] VGG16/TinyImageNet/DeepFool/ALL
[2026-09-08 13:25:27] [OK] qsub output: Your job 6480950 ("adversarial_hpc_submit.pbs") has been submitted
[2026-09-08 13:25:27] [SUBMIT] RegNetX_400MF/Cifar10/PGD/ALL
[2026-09-08 13:25:27] [CMD] qsub -q all.q -l ngpus=1 -v MODEL="RegNetX_400MF",DATASET="Cifar10",ATTACK="PGD",KIND="ALL",PHASE="generate",OUTPUT_DIR="adversarial_results_ep200_pre200" adversarial_hpc_submit.pbs </dev/null
[2026-09-08 13:25:33] [OK] RegNetX_400MF/Cifar10/PGD/ALL
[2026-09-08 13:25:33] [OK] qsub output: Your job 6480953 ("adversarial_hpc_submit.pbs") has been submitted
[2026-09-08 13:25:34] [SUBMIT] RegNetX_400MF/Cifar10/FGSM/ALL
[2026-09-08 13:25:34] [CMD] qsub -q all.q -l ngpus=1 -v MODEL="RegNetX_400MF",DATASET="Cifar10",ATTACK="FGSM",KIND="ALL",PHASE="generate",OUTPUT_DIR="adversarial_results_ep100_pre300" adversarial_hpc_submit.pbs </dev/null
[2026-09-08 13:25:35] [OK] RegNetX_400MF/Cifar10/PGD/ALL
[2026-09-08 13:25:35] [OK] qsub output: Your job 6480955 ("adversarial_hpc_submit.pbs") has been submitted
[2026-09-08 13:25:35] [SUBMIT] RegNetX_400MF/Cifar10/FGSM/ALL
[2026-09-08 13:25:35] [CMD] qsub -q all.q -l ngpus=1 -v MODEL="RegNetX_400MF",DATASET="Cifar10",ATTACK="FGSM",KIND="ALL",PHASE="generate",OUTPUT_DIR="adversarial_results_ep200_pre200" adversarial_hpc_submit.pbs </dev/null
[2026-09-08 13:25:39] [OK] RegNetX_400MF/Cifar10/FGSM/ALL
[2026-09-08 13:25:39] [OK] qsub output: Your job 6480954 ("adversarial_hpc_submit.pbs") has been submitted
[2026-09-08 13:25:39] [SUBMIT] RegNetX_400MF/Cifar10/IFGSM/ALL
[2026-09-08 13:25:39] [CMD] qsub -q all.q -l ngpus=1 -v MODEL="RegNetX_400MF",DATASET="Cifar10",ATTACK="IFGSM",KIND="ALL",PHASE="generate",OUTPUT_DIR="adversarial_results_ep300_pre100" adversarial_hpc_submit.pbs </dev/null
[2026-09-08 13:25:40] [OK] RegNetX_400MF/Cifar10/FGSM/ALL
[2026-09-08 13:25:40] [OK] qsub output: Your job 6480957 ("adversarial_hpc_submit.pbs") has been submitted
[2026-09-08 13:25:40] [SUBMIT] RegNetX_400MF/Cifar10/IFGSM/ALL
[2026-09-08 13:25:40] [CMD] qsub -q all.q -l ngpus=1 -v MODEL="RegNetX_400MF",DATASET="Cifar10",ATTACK="IFGSM",KIND="ALL",PHASE="generate",OUTPUT_DIR="adversarial_results_ep100_pre300" adversarial_hpc_submit.pbs </dev/null
[2026-09-08 13:25:42] [OK] RegNetX_400MF/Cifar10/FGSM/ALL
[2026-09-08 13:25:42] [OK] qsub output: Your job 6480958 ("adversarial_hpc_submit.pbs") has been submitted
[2026-09-08 13:25:42] [SUBMIT] RegNetX_400MF/Cifar10/IFGSM/ALL
[2026-09-08 13:25:42] [CMD] qsub -q all.q -l ngpus=1 -v MODEL="RegNetX_400MF",DATASET="Cifar10",ATTACK="IFGSM",KIND="ALL",PHASE="generate",OUTPUT_DIR="adversarial_results_ep200_pre200" adversarial_hpc_submit.pbs </dev/null
[2026-09-08 13:25:47] [OK] RegNetX_400MF/Cifar10/IFGSM/ALL
[2026-09-08 13:25:47] [OK] qsub output: Your job 6480961 ("adversarial_hpc_submit.pbs") has been submitted
[2026-09-08 13:25:47] [SUBMIT] RegNetX_400MF/Cifar10/BIM/ALL
[2026-09-08 13:25:47] [CMD] qsub -q all.q -l ngpus=1 -v MODEL="RegNetX_400MF",DATASET="Cifar10",ATTACK="BIM",KIND="ALL",PHASE="generate",OUTPUT_DIR="adversarial_results_ep100_pre300" adversarial_hpc_submit.pbs </dev/null
[2026-09-08 13:25:49] [OK] RegNetX_400MF/Cifar10/IFGSM/ALL
[2026-09-08 13:25:49] [OK] qsub output: Your job 6480960 ("adversarial_hpc_submit.pbs") has been submitted
[2026-09-08 13:25:49] [SUBMIT] RegNetX_400MF/Cifar10/BIM/ALL
[2026-09-08 13:25:49] [CMD] qsub -q all.q -l ngpus=1 -v MODEL="RegNetX_400MF",DATASET="Cifar10",ATTACK="BIM",KIND="ALL",PHASE="generate",OUTPUT_DIR="adversarial_results_ep300_pre100" adversarial_hpc_submit.pbs </dev/null
[2026-09-08 13:25:56] [OK] RegNetX_400MF/Cifar10/IFGSM/ALL
[2026-09-08 13:25:56] [OK] qsub output: Your job 6480962 ("adversarial_hpc_submit.pbs") has been submitted
[2026-09-08 13:25:56] [SUBMIT] RegNetX_400MF/Cifar10/BIM/ALL
[2026-09-08 13:25:56] [CMD] qsub -q all.q -l ngpus=1 -v MODEL="RegNetX_400MF",DATASET="Cifar10",ATTACK="BIM",KIND="ALL",PHASE="generate",OUTPUT_DIR="adversarial_results_ep200_pre200" adversarial_hpc_submit.pbs </dev/null
[2026-09-08 13:26:04] [OK] RegNetX_400MF/Cifar10/BIM/ALL
[2026-09-08 13:26:04] [OK] qsub output: Your job 6480964 ("adversarial_hpc_submit.pbs") has been submitted
[2026-09-08 13:26:05] [SUBMIT] RegNetX_400MF/Cifar10/APGD/ALL
[2026-09-08 13:26:05] [CMD] qsub -q all.q -l ngpus=1 -v MODEL="RegNetX_400MF",DATASET="Cifar10",ATTACK="APGD",KIND="ALL",PHASE="generate",OUTPUT_DIR="adversarial_results_ep100_pre300" adversarial_hpc_submit.pbs </dev/null
[2026-09-08 13:26:05] [OK] RegNetX_400MF/Cifar10/BIM/ALL
[2026-09-08 13:26:05] [OK] qsub output: Your job 6480965 ("adversarial_hpc_submit.pbs") has been submitted
[2026-09-08 13:26:05] [SUBMIT] RegNetX_400MF/Cifar10/APGD/ALL
[2026-09-08 13:26:05] [CMD] qsub -q all.q -l ngpus=1 -v MODEL="RegNetX_400MF",DATASET="Cifar10",ATTACK="APGD",KIND="ALL",PHASE="generate",OUTPUT_DIR="adversarial_results_ep300_pre100" adversarial_hpc_submit.pbs </dev/null
[2026-09-08 13:26:07] [OK] RegNetX_400MF/Cifar10/BIM/ALL
[2026-09-08 13:26:07] [OK] qsub output: Your job 6480967 ("adversarial_hpc_submit.pbs") has been submitted
[2026-09-08 13:26:07] [SUBMIT] RegNetX_400MF/Cifar10/APGD/ALL
[2026-09-08 13:26:07] [CMD] qsub -q all.q -l ngpus=1 -v MODEL="RegNetX_400MF",DATASET="Cifar10",ATTACK="APGD",KIND="ALL",PHASE="generate",OUTPUT_DIR="adversarial_results_ep200_pre200" adversarial_hpc_submit.pbs </dev/null
[2026-09-08 13:26:07] [OK] RegNetX_400MF/Cifar10/APGD/ALL
[2026-09-08 13:26:07] [OK] qsub output: Your job 6480968 ("adversarial_hpc_submit.pbs") has been submitted
[2026-09-08 13:26:08] [SUBMIT] RegNetX_400MF/Cifar10/CW/ALL
[2026-09-08 13:26:08] [CMD] qsub -q all.q -l ngpus=1 -v MODEL="RegNetX_400MF",DATASET="Cifar10",ATTACK="CW",KIND="ALL",PHASE="generate",OUTPUT_DIR="adversarial_results_ep100_pre300" adversarial_hpc_submit.pbs </dev/null
[2026-09-08 13:26:16] [OK] RegNetX_400MF/Cifar10/APGD/ALL
[2026-09-08 13:26:16] [OK] qsub output: Your job 6480971 ("adversarial_hpc_submit.pbs") has been submitted
[2026-09-08 13:26:16] [SUBMIT] RegNetX_400MF/Cifar10/CW/ALL
[2026-09-08 13:26:16] [CMD] qsub -q all.q -l ngpus=1 -v MODEL="RegNetX_400MF",DATASET="Cifar10",ATTACK="CW",KIND="ALL",PHASE="generate",OUTPUT_DIR="adversarial_results_ep200_pre200" adversarial_hpc_submit.pbs </dev/null
[2026-09-08 13:26:17] [OK] RegNetX_400MF/Cifar10/APGD/ALL
[2026-09-08 13:26:17] [OK] qsub output: Your job 6480969 ("adversarial_hpc_submit.pbs") has been submitted
[2026-09-08 13:26:17] [SUBMIT] RegNetX_400MF/Cifar10/CW/ALL
[2026-09-08 13:26:17] [CMD] qsub -q all.q -l ngpus=1 -v MODEL="RegNetX_400MF",DATASET="Cifar10",ATTACK="CW",KIND="ALL",PHASE="generate",OUTPUT_DIR="adversarial_results_ep300_pre100" adversarial_hpc_submit.pbs </dev/null
[2026-09-08 13:26:17] [OK] RegNetX_400MF/Cifar10/CW/ALL
[2026-09-08 13:26:17] [OK] qsub output: Your job 6480972 ("adversarial_hpc_submit.pbs") has been submitted
[2026-09-08 13:26:18] [SUBMIT] RegNetX_400MF/Cifar10/DeepFool/ALL
[2026-09-08 13:26:18] [CMD] qsub -q all.q -l ngpus=1 -v MODEL="RegNetX_400MF",DATASET="Cifar10",ATTACK="DeepFool",KIND="ALL",PHASE="generate",OUTPUT_DIR="adversarial_results_ep100_pre300" adversarial_hpc_submit.pbs </dev/null
[2026-09-08 13:26:25] [OK] RegNetX_400MF/Cifar10/CW/ALL
[2026-09-08 13:26:26] [OK] qsub output: Your job 6480974 ("adversarial_hpc_submit.pbs") has been submitted
[2026-09-08 13:26:26] [SUBMIT] RegNetX_400MF/Cifar10/DeepFool/ALL
[2026-09-08 13:26:30] [CMD] qsub -q all.q -l ngpus=1 -v MODEL="RegNetX_400MF",DATASET="Cifar10",ATTACK="DeepFool",KIND="ALL",PHASE="generate",OUTPUT_DIR="adversarial_results_ep200_pre200" adversarial_hpc_submit.pbs </dev/null
[2026-09-08 13:26:31] [OK] RegNetX_400MF/Cifar10/CW/ALL
[2026-09-08 13:26:33] [OK] RegNetX_400MF/Cifar10/DeepFool/ALL
[2026-09-08 13:26:33] [OK] qsub output: Your job 6480975 ("adversarial_hpc_submit.pbs") has been submitted
[2026-09-08 13:26:33] [OK] qsub output: Your job 6480976 ("adversarial_hpc_submit.pbs") has been submitted
[2026-09-08 13:26:33] [SUBMIT] RegNetX_400MF/Cifar10/DeepFool/ALL
[2026-09-08 13:26:33] [SUBMIT] RegNetX_400MF/Cifar100/PGD/ALL
[2026-09-08 13:26:33] [CMD] qsub -q all.q -l ngpus=1 -v MODEL="RegNetX_400MF",DATASET="Cifar10",ATTACK="DeepFool",KIND="ALL",PHASE="generate",OUTPUT_DIR="adversarial_results_ep300_pre100" adversarial_hpc_submit.pbs </dev/null
[2026-09-08 13:26:33] [CMD] qsub -q all.q -l ngpus=1 -v MODEL="RegNetX_400MF",DATASET="Cifar100",ATTACK="PGD",KIND="ALL",PHASE="generate",OUTPUT_DIR="adversarial_results_ep100_pre300" adversarial_hpc_submit.pbs </dev/null
[2026-09-08 13:26:34] [OK] RegNetX_400MF/Cifar10/DeepFool/ALL
[2026-09-08 13:26:34] [OK] qsub output: Your job 6480978 ("adversarial_hpc_submit.pbs") has been submitted
[2026-09-08 13:26:34] [SUBMIT] RegNetX_400MF/Cifar100/PGD/ALL
[2026-09-08 13:26:34] [CMD] qsub -q all.q -l ngpus=1 -v MODEL="RegNetX_400MF",DATASET="Cifar100",ATTACK="PGD",KIND="ALL",PHASE="generate",OUTPUT_DIR="adversarial_results_ep200_pre200" adversarial_hpc_submit.pbs </dev/null
[2026-09-08 13:26:39] [OK] RegNetX_400MF/Cifar10/DeepFool/ALL
[2026-09-08 13:26:39] [OK] qsub output: Your job 6480979 ("adversarial_hpc_submit.pbs") has been submitted
[2026-09-08 13:26:39] [SUBMIT] RegNetX_400MF/Cifar100/PGD/ALL
[2026-09-08 13:26:39] [CMD] qsub -q all.q -l ngpus=1 -v MODEL="RegNetX_400MF",DATASET="Cifar100",ATTACK="PGD",KIND="ALL",PHASE="generate",OUTPUT_DIR="adversarial_results_ep300_pre100" adversarial_hpc_submit.pbs </dev/null
[2026-09-08 13:26:45] [OK] RegNetX_400MF/Cifar100/PGD/ALL
[2026-09-08 13:26:45] [OK] qsub output: Your job 6480980 ("adversarial_hpc_submit.pbs") has been submitted
[2026-09-08 13:26:45] [SUBMIT] RegNetX_400MF/Cifar100/FGSM/ALL
[2026-09-08 13:26:45] [CMD] qsub -q all.q -l ngpus=1 -v MODEL="RegNetX_400MF",DATASET="Cifar100",ATTACK="FGSM",KIND="ALL",PHASE="generate",OUTPUT_DIR="adversarial_results_ep100_pre300" adversarial_hpc_submit.pbs </dev/null
[2026-09-08 13:26:48] [OK] RegNetX_400MF/Cifar100/PGD/ALL
[2026-09-08 13:26:48] [OK] qsub output: Your job 6480981 ("adversarial_hpc_submit.pbs") has been submitted
[2026-09-08 13:26:48] [SUBMIT] RegNetX_400MF/Cifar100/FGSM/ALL
[2026-09-08 13:26:48] [CMD] qsub -q all.q -l ngpus=1 -v MODEL="RegNetX_400MF",DATASET="Cifar100",ATTACK="FGSM",KIND="ALL",PHASE="generate",OUTPUT_DIR="adversarial_results_ep200_pre200" adversarial_hpc_submit.pbs </dev/null
[2026-09-08 13:26:54] [OK] RegNetX_400MF/Cifar100/PGD/ALL
[2026-09-08 13:26:54] [OK] qsub output: Your job 6480982 ("adversarial_hpc_submit.pbs") has been submitted
[2026-09-08 13:26:54] [SUBMIT] RegNetX_400MF/Cifar100/FGSM/ALL
[2026-09-08 13:26:54] [CMD] qsub -q all.q -l ngpus=1 -v MODEL="RegNetX_400MF",DATASET="Cifar100",ATTACK="FGSM",KIND="ALL",PHASE="generate",OUTPUT_DIR="adversarial_results_ep300_pre100" adversarial_hpc_submit.pbs </dev/null
[2026-09-08 13:27:00] [OK] RegNetX_400MF/Cifar100/FGSM/ALL
[2026-09-08 13:27:00] [OK] qsub output: Your job 6480984 ("adversarial_hpc_submit.pbs") has been submitted
[2026-09-08 13:27:00] [SUBMIT] RegNetX_400MF/Cifar100/IFGSM/ALL
[2026-09-08 13:27:00] [CMD] qsub -q all.q -l ngpus=1 -v MODEL="RegNetX_400MF",DATASET="Cifar100",ATTACK="IFGSM",KIND="ALL",PHASE="generate",OUTPUT_DIR="adversarial_results_ep100_pre300" adversarial_hpc_submit.pbs </dev/null
[2026-09-08 13:27:03] [OK] RegNetX_400MF/Cifar100/FGSM/ALL
[2026-09-08 13:27:03] [OK] qsub output: Your job 6480985 ("adversarial_hpc_submit.pbs") has been submitted
[2026-09-08 13:27:03] [SUBMIT] RegNetX_400MF/Cifar100/IFGSM/ALL
[2026-09-08 13:27:03] [CMD] qsub -q all.q -l ngpus=1 -v MODEL="RegNetX_400MF",DATASET="Cifar100",ATTACK="IFGSM",KIND="ALL",PHASE="generate",OUTPUT_DIR="adversarial_results_ep200_pre200" adversarial_hpc_submit.pbs </dev/null
[2026-09-08 13:27:06] [OK] RegNetX_400MF/Cifar100/FGSM/ALL
[2026-09-08 13:27:06] [OK] qsub output: Your job 6480987 ("adversarial_hpc_submit.pbs") has been submitted
[2026-09-08 13:27:07] [SUBMIT] RegNetX_400MF/Cifar100/IFGSM/ALL
[2026-09-08 13:27:07] [CMD] qsub -q all.q -l ngpus=1 -v MODEL="RegNetX_400MF",DATASET="Cifar100",ATTACK="IFGSM",KIND="ALL",PHASE="generate",OUTPUT_DIR="adversarial_results_ep300_pre100" adversarial_hpc_submit.pbs </dev/null
[2026-09-08 13:27:09] [OK] RegNetX_400MF/Cifar100/IFGSM/ALL
[2026-09-08 13:27:09] [OK] qsub output: Your job 6480989 ("adversarial_hpc_submit.pbs") has been submitted
[2026-09-08 13:27:09] [SUBMIT] RegNetX_400MF/Cifar100/BIM/ALL
[2026-09-08 13:27:09] [CMD] qsub -q all.q -l ngpus=1 -v MODEL="RegNetX_400MF",DATASET="Cifar100",ATTACK="BIM",KIND="ALL",PHASE="generate",OUTPUT_DIR="adversarial_results_ep200_pre200" adversarial_hpc_submit.pbs </dev/null
[2026-09-08 13:27:13] [OK] RegNetX_400MF/Cifar100/IFGSM/ALL
[2026-09-08 13:27:13] [OK] qsub output: Your job 6480988 ("adversarial_hpc_submit.pbs") has been submitted
[2026-09-08 13:27:13] [SUBMIT] RegNetX_400MF/Cifar100/BIM/ALL
[2026-09-08 13:27:13] [CMD] qsub -q all.q -l ngpus=1 -v MODEL="RegNetX_400MF",DATASET="Cifar100",ATTACK="BIM",KIND="ALL",PHASE="generate",OUTPUT_DIR="adversarial_results_ep100_pre300" adversarial_hpc_submit.pbs </dev/null
[2026-09-08 13:27:16] [OK] RegNetX_400MF/Cifar100/BIM/ALL
[2026-09-08 13:27:16] [OK] qsub output: Your job 6480992 ("adversarial_hpc_submit.pbs") has been submitted
[2026-09-08 13:27:16] [SUBMIT] RegNetX_400MF/Cifar100/APGD/ALL
[2026-09-08 13:27:16] [CMD] qsub -q all.q -l ngpus=1 -v MODEL="RegNetX_400MF",DATASET="Cifar100",ATTACK="APGD",KIND="ALL",PHASE="generate",OUTPUT_DIR="adversarial_results_ep200_pre200" adversarial_hpc_submit.pbs </dev/null
[2026-09-08 13:27:20] [OK] RegNetX_400MF/Cifar100/IFGSM/ALL
[2026-09-08 13:27:20] [OK] qsub output: Your job 6480991 ("adversarial_hpc_submit.pbs") has been submitted
[2026-09-08 13:27:20] [SUBMIT] RegNetX_400MF/Cifar100/BIM/ALL
[2026-09-08 13:27:20] [CMD] qsub -q all.q -l ngpus=1 -v MODEL="RegNetX_400MF",DATASET="Cifar100",ATTACK="BIM",KIND="ALL",PHASE="generate",OUTPUT_DIR="adversarial_results_ep300_pre100" adversarial_hpc_submit.pbs </dev/null
[2026-09-08 13:27:22] [OK] RegNetX_400MF/Cifar100/BIM/ALL
[2026-09-08 13:27:22] [OK] qsub output: Your job 6480994 ("adversarial_hpc_submit.pbs") has been submitted
[2026-09-08 13:27:22] [SUBMIT] RegNetX_400MF/Cifar100/APGD/ALL
[2026-09-08 13:27:22] [CMD] qsub -q all.q -l ngpus=1 -v MODEL="RegNetX_400MF",DATASET="Cifar100",ATTACK="APGD",KIND="ALL",PHASE="generate",OUTPUT_DIR="adversarial_results_ep100_pre300" adversarial_hpc_submit.pbs </dev/null
[2026-09-08 13:27:26] [OK] RegNetX_400MF/Cifar100/APGD/ALL
[2026-09-08 13:27:26] [OK] qsub output: Your job 6480995 ("adversarial_hpc_submit.pbs") has been submitted
[2026-09-08 13:27:26] [SUBMIT] RegNetX_400MF/Cifar100/CW/ALL
[2026-09-08 13:27:26] [CMD] qsub -q all.q -l ngpus=1 -v MODEL="RegNetX_400MF",DATASET="Cifar100",ATTACK="CW",KIND="ALL",PHASE="generate",OUTPUT_DIR="adversarial_results_ep200_pre200" adversarial_hpc_submit.pbs </dev/null
[2026-09-08 13:27:35] [OK] RegNetX_400MF/Cifar100/APGD/ALL
[2026-09-08 13:27:35] [OK] qsub output: Your job 6480998 ("adversarial_hpc_submit.pbs") has been submitted
[2026-09-08 13:27:35] [SUBMIT] RegNetX_400MF/Cifar100/CW/ALL
[2026-09-08 13:27:35] [CMD] qsub -q all.q -l ngpus=1 -v MODEL="RegNetX_400MF",DATASET="Cifar100",ATTACK="CW",KIND="ALL",PHASE="generate",OUTPUT_DIR="adversarial_results_ep100_pre300" adversarial_hpc_submit.pbs </dev/null
[2026-09-08 13:27:36] [OK] RegNetX_400MF/Cifar100/BIM/ALL
[2026-09-08 13:27:36] [OK] qsub output: Your job 6480997 ("adversarial_hpc_submit.pbs") has been submitted
[2026-09-08 13:27:36] [SUBMIT] RegNetX_400MF/Cifar100/APGD/ALL
[2026-09-08 13:27:36] [CMD] qsub -q all.q -l ngpus=1 -v MODEL="RegNetX_400MF",DATASET="Cifar100",ATTACK="APGD",KIND="ALL",PHASE="generate",OUTPUT_DIR="adversarial_results_ep300_pre100" adversarial_hpc_submit.pbs </dev/null
[2026-09-08 13:27:40] [OK] RegNetX_400MF/Cifar100/CW/ALL
[2026-09-08 13:27:40] [OK] qsub output: Your job 6480999 ("adversarial_hpc_submit.pbs") has been submitted
[2026-09-08 13:27:40] [SUBMIT] RegNetX_400MF/Cifar100/DeepFool/ALL
[2026-09-08 13:27:40] [CMD] qsub -q all.q -l ngpus=1 -v MODEL="RegNetX_400MF",DATASET="Cifar100",ATTACK="DeepFool",KIND="ALL",PHASE="generate",OUTPUT_DIR="adversarial_results_ep200_pre200" adversarial_hpc_submit.pbs </dev/null
[2026-09-08 13:27:47] [OK] RegNetX_400MF/Cifar100/CW/ALL
[2026-09-08 13:27:47] [OK] qsub output: Your job 6481002 ("adversarial_hpc_submit.pbs") has been submitted
[2026-09-08 13:27:47] [SUBMIT] RegNetX_400MF/Cifar100/DeepFool/ALL
[2026-09-08 13:27:47] [CMD] qsub -q all.q -l ngpus=1 -v MODEL="RegNetX_400MF",DATASET="Cifar100",ATTACK="DeepFool",KIND="ALL",PHASE="generate",OUTPUT_DIR="adversarial_results_ep100_pre300" adversarial_hpc_submit.pbs </dev/null
[2026-09-08 13:27:52] [OK] RegNetX_400MF/Cifar100/APGD/ALL
[2026-09-08 13:27:52] [OK] qsub output: Your job 6481003 ("adversarial_hpc_submit.pbs") has been submitted
[2026-09-08 13:27:52] [SUBMIT] RegNetX_400MF/Cifar100/CW/ALL
[2026-09-08 13:27:52] [CMD] qsub -q all.q -l ngpus=1 -v MODEL="RegNetX_400MF",DATASET="Cifar100",ATTACK="CW",KIND="ALL",PHASE="generate",OUTPUT_DIR="adversarial_results_ep300_pre100" adversarial_hpc_submit.pbs </dev/null
[2026-09-08 13:27:54] [OK] RegNetX_400MF/Cifar100/DeepFool/ALL
[2026-09-08 13:27:56] [OK] RegNetX_400MF/Cifar100/DeepFool/ALL
[2026-09-08 13:27:58] [OK] qsub output: Your job 6481004 ("adversarial_hpc_submit.pbs") has been submitted
[2026-09-08 13:28:01] [OK] qsub output: Your job 6481006 ("adversarial_hpc_submit.pbs") has been submitted
[2026-09-08 13:28:01] [SUBMIT] RegNetX_400MF/TinyImageNet/PGD/ALL
[2026-09-08 13:28:01] [SUBMIT] RegNetX_400MF/TinyImageNet/PGD/ALL
[2026-09-08 13:28:03] [OK] RegNetX_400MF/Cifar100/CW/ALL
[2026-09-08 13:28:03] [CMD] qsub -q all.q -l ngpus=1 -v MODEL="RegNetX_400MF",DATASET="TinyImageNet",ATTACK="PGD",KIND="ALL",PHASE="generate",OUTPUT_DIR="adversarial_results_ep200_pre200" adversarial_hpc_submit.pbs </dev/null
[2026-09-08 13:28:04] [CMD] qsub -q all.q -l ngpus=1 -v MODEL="RegNetX_400MF",DATASET="TinyImageNet",ATTACK="PGD",KIND="ALL",PHASE="generate",OUTPUT_DIR="adversarial_results_ep100_pre300" adversarial_hpc_submit.pbs </dev/null
[2026-09-08 13:28:04] [OK] qsub output: Your job 6481007 ("adversarial_hpc_submit.pbs") has been submitted
[2026-09-08 13:28:04] [SUBMIT] RegNetX_400MF/Cifar100/DeepFool/ALL
[2026-09-08 13:28:04] [CMD] qsub -q all.q -l ngpus=1 -v MODEL="RegNetX_400MF",DATASET="Cifar100",ATTACK="DeepFool",KIND="ALL",PHASE="generate",OUTPUT_DIR="adversarial_results_ep300_pre100" adversarial_hpc_submit.pbs </dev/null
[2026-09-08 13:28:13] [OK] RegNetX_400MF/TinyImageNet/PGD/ALL
[2026-09-08 13:28:13] [OK] qsub output: Your job 6481009 ("adversarial_hpc_submit.pbs") has been submitted
[2026-09-08 13:28:13] [SUBMIT] RegNetX_400MF/TinyImageNet/FGSM/ALL
[2026-09-08 13:28:13] [CMD] qsub -q all.q -l ngpus=1 -v MODEL="RegNetX_400MF",DATASET="TinyImageNet",ATTACK="FGSM",KIND="ALL",PHASE="generate",OUTPUT_DIR="adversarial_results_ep200_pre200" adversarial_hpc_submit.pbs </dev/null
[2026-09-08 13:28:15] [OK] RegNetX_400MF/TinyImageNet/PGD/ALL
[2026-09-08 13:28:15] [OK] qsub output: Your job 6481010 ("adversarial_hpc_submit.pbs") has been submitted
[2026-09-08 13:28:15] [SUBMIT] RegNetX_400MF/TinyImageNet/FGSM/ALL
[2026-09-08 13:28:15] [CMD] qsub -q all.q -l ngpus=1 -v MODEL="RegNetX_400MF",DATASET="TinyImageNet",ATTACK="FGSM",KIND="ALL",PHASE="generate",OUTPUT_DIR="adversarial_results_ep100_pre300" adversarial_hpc_submit.pbs </dev/null
[2026-09-08 13:28:16] [OK] RegNetX_400MF/Cifar100/DeepFool/ALL
[2026-09-08 13:28:16] [OK] qsub output: Your job 6481011 ("adversarial_hpc_submit.pbs") has been submitted
[2026-09-08 13:28:16] [SUBMIT] RegNetX_400MF/TinyImageNet/PGD/ALL
[2026-09-08 13:28:16] [CMD] qsub -q all.q -l ngpus=1 -v MODEL="RegNetX_400MF",DATASET="TinyImageNet",ATTACK="PGD",KIND="ALL",PHASE="generate",OUTPUT_DIR="adversarial_results_ep300_pre100" adversarial_hpc_submit.pbs </dev/null
[2026-09-08 13:28:26] [OK] RegNetX_400MF/TinyImageNet/FGSM/ALL
[2026-09-08 13:28:26] [OK] qsub output: Your job 6481015 ("adversarial_hpc_submit.pbs") has been submitted
[2026-09-08 13:28:26] [SUBMIT] RegNetX_400MF/TinyImageNet/IFGSM/ALL
[2026-09-08 13:28:26] [CMD] qsub -q all.q -l ngpus=1 -v MODEL="RegNetX_400MF",DATASET="TinyImageNet",ATTACK="IFGSM",KIND="ALL",PHASE="generate",OUTPUT_DIR="adversarial_results_ep100_pre300" adversarial_hpc_submit.pbs </dev/null
[2026-09-08 13:28:28] [OK] RegNetX_400MF/TinyImageNet/FGSM/ALL
[2026-09-08 13:28:28] [OK] qsub output: Your job 6481014 ("adversarial_hpc_submit.pbs") has been submitted
[2026-09-08 13:28:28] [SUBMIT] RegNetX_400MF/TinyImageNet/IFGSM/ALL
[2026-09-08 13:28:29] [CMD] qsub -q all.q -l ngpus=1 -v MODEL="RegNetX_400MF",DATASET="TinyImageNet",ATTACK="IFGSM",KIND="ALL",PHASE="generate",OUTPUT_DIR="adversarial_results_ep200_pre200" adversarial_hpc_submit.pbs </dev/null
[2026-09-08 13:28:30] [OK] RegNetX_400MF/TinyImageNet/PGD/ALL
[2026-09-08 13:28:30] [OK] qsub output: Your job 6481016 ("adversarial_hpc_submit.pbs") has been submitted
[2026-09-08 13:28:30] [SUBMIT] RegNetX_400MF/TinyImageNet/FGSM/ALL
[2026-09-08 13:28:30] [CMD] qsub -q all.q -l ngpus=1 -v MODEL="RegNetX_400MF",DATASET="TinyImageNet",ATTACK="FGSM",KIND="ALL",PHASE="generate",OUTPUT_DIR="adversarial_results_ep300_pre100" adversarial_hpc_submit.pbs </dev/null
[2026-09-08 13:28:31] [OK] RegNetX_400MF/TinyImageNet/IFGSM/ALL
[2026-09-08 13:28:31] [OK] qsub output: Your job 6481019 ("adversarial_hpc_submit.pbs") has been submitted
[2026-09-08 13:28:31] [SUBMIT] RegNetX_400MF/TinyImageNet/BIM/ALL
[2026-09-08 13:28:31] [CMD] qsub -q all.q -l ngpus=1 -v MODEL="RegNetX_400MF",DATASET="TinyImageNet",ATTACK="BIM",KIND="ALL",PHASE="generate",OUTPUT_DIR="adversarial_results_ep200_pre200" adversarial_hpc_submit.pbs </dev/null
[2026-09-08 13:28:38] [OK] RegNetX_400MF/TinyImageNet/IFGSM/ALL
[2026-09-08 13:28:38] [OK] qsub output: Your job 6481018 ("adversarial_hpc_submit.pbs") has been submitted
[2026-09-08 13:28:38] [SUBMIT] RegNetX_400MF/TinyImageNet/BIM/ALL
[2026-09-08 13:28:38] [CMD] qsub -q all.q -l ngpus=1 -v MODEL="RegNetX_400MF",DATASET="TinyImageNet",ATTACK="BIM",KIND="ALL",PHASE="generate",OUTPUT_DIR="adversarial_results_ep100_pre300" adversarial_hpc_submit.pbs </dev/null
[2026-09-08 13:28:40] [OK] RegNetX_400MF/TinyImageNet/FGSM/ALL
[2026-09-08 13:28:41] [OK] qsub output: Your job 6481021 ("adversarial_hpc_submit.pbs") has been submitted
[2026-09-08 13:28:42] [SUBMIT] RegNetX_400MF/TinyImageNet/IFGSM/ALL
[2026-09-08 13:28:44] [CMD] qsub -q all.q -l ngpus=1 -v MODEL="RegNetX_400MF",DATASET="TinyImageNet",ATTACK="IFGSM",KIND="ALL",PHASE="generate",OUTPUT_DIR="adversarial_results_ep300_pre100" adversarial_hpc_submit.pbs </dev/null
[2026-09-08 13:28:46] [OK] RegNetX_400MF/TinyImageNet/BIM/ALL
[2026-09-08 13:28:46] [OK] qsub output: Your job 6481022 ("adversarial_hpc_submit.pbs") has been submitted
[2026-09-08 13:28:46] [SUBMIT] RegNetX_400MF/TinyImageNet/APGD/ALL
[2026-09-08 13:28:46] [CMD] qsub -q all.q -l ngpus=1 -v MODEL="RegNetX_400MF",DATASET="TinyImageNet",ATTACK="APGD",KIND="ALL",PHASE="generate",OUTPUT_DIR="adversarial_results_ep200_pre200" adversarial_hpc_submit.pbs </dev/null
[2026-09-08 13:28:47] [OK] RegNetX_400MF/TinyImageNet/BIM/ALL
[2026-09-08 13:28:47] [OK] qsub output: Your job 6481023 ("adversarial_hpc_submit.pbs") has been submitted
[2026-09-08 13:28:47] [SUBMIT] RegNetX_400MF/TinyImageNet/APGD/ALL
[2026-09-08 13:28:47] [CMD] qsub -q all.q -l ngpus=1 -v MODEL="RegNetX_400MF",DATASET="TinyImageNet",ATTACK="APGD",KIND="ALL",PHASE="generate",OUTPUT_DIR="adversarial_results_ep100_pre300" adversarial_hpc_submit.pbs </dev/null
[2026-09-08 13:28:49] [OK] RegNetX_400MF/TinyImageNet/IFGSM/ALL
[2026-09-08 13:28:49] [OK] qsub output: Your job 6481025 ("adversarial_hpc_submit.pbs") has been submitted
[2026-09-08 13:28:50] [SUBMIT] RegNetX_400MF/TinyImageNet/BIM/ALL
[2026-09-08 13:28:50] [CMD] qsub -q all.q -l ngpus=1 -v MODEL="RegNetX_400MF",DATASET="TinyImageNet",ATTACK="BIM",KIND="ALL",PHASE="generate",OUTPUT_DIR="adversarial_results_ep300_pre100" adversarial_hpc_submit.pbs </dev/null
[2026-09-08 13:28:59] [OK] RegNetX_400MF/TinyImageNet/APGD/ALL
[2026-09-08 13:28:59] [OK] qsub output: Your job 6481027 ("adversarial_hpc_submit.pbs") has been submitted
[2026-09-08 13:28:59] [SUBMIT] RegNetX_400MF/TinyImageNet/CW/ALL
[2026-09-08 13:28:59] [CMD] qsub -q all.q -l ngpus=1 -v MODEL="RegNetX_400MF",DATASET="TinyImageNet",ATTACK="CW",KIND="ALL",PHASE="generate",OUTPUT_DIR="adversarial_results_ep100_pre300" adversarial_hpc_submit.pbs </dev/null
[2026-09-08 13:28:59] [OK] RegNetX_400MF/TinyImageNet/APGD/ALL
[2026-09-08 13:28:59] [OK] qsub output: Your job 6481026 ("adversarial_hpc_submit.pbs") has been submitted
[2026-09-08 13:28:59] [SUBMIT] RegNetX_400MF/TinyImageNet/CW/ALL
[2026-09-08 13:28:59] [CMD] qsub -q all.q -l ngpus=1 -v MODEL="RegNetX_400MF",DATASET="TinyImageNet",ATTACK="CW",KIND="ALL",PHASE="generate",OUTPUT_DIR="adversarial_results_ep200_pre200" adversarial_hpc_submit.pbs </dev/null
[2026-09-08 13:29:08] [OK] RegNetX_400MF/TinyImageNet/BIM/ALL
[2026-09-08 13:29:08] [OK] qsub output: Your job 6481028 ("adversarial_hpc_submit.pbs") has been submitted
[2026-09-08 13:29:09] [SUBMIT] RegNetX_400MF/TinyImageNet/APGD/ALL
[2026-09-08 13:29:09] [CMD] qsub -q all.q -l ngpus=1 -v MODEL="RegNetX_400MF",DATASET="TinyImageNet",ATTACK="APGD",KIND="ALL",PHASE="generate",OUTPUT_DIR="adversarial_results_ep300_pre100" adversarial_hpc_submit.pbs </dev/null
[2026-09-08 13:29:11] [OK] RegNetX_400MF/TinyImageNet/CW/ALL
[2026-09-08 13:29:11] [OK] qsub output: Your job 6481031 ("adversarial_hpc_submit.pbs") has been submitted
[2026-09-08 13:29:11] [SUBMIT] RegNetX_400MF/TinyImageNet/DeepFool/ALL
[2026-09-08 13:29:11] [CMD] qsub -q all.q -l ngpus=1 -v MODEL="RegNetX_400MF",DATASET="TinyImageNet",ATTACK="DeepFool",KIND="ALL",PHASE="generate",OUTPUT_DIR="adversarial_results_ep200_pre200" adversarial_hpc_submit.pbs </dev/null
[2026-09-08 13:29:16] [OK] RegNetX_400MF/TinyImageNet/CW/ALL
[2026-09-08 13:29:16] [OK] qsub output: Your job 6481030 ("adversarial_hpc_submit.pbs") has been submitted
[2026-09-08 13:29:16] [SUBMIT] RegNetX_400MF/TinyImageNet/DeepFool/ALL
[2026-09-08 13:29:16] [CMD] qsub -q all.q -l ngpus=1 -v MODEL="RegNetX_400MF",DATASET="TinyImageNet",ATTACK="DeepFool",KIND="ALL",PHASE="generate",OUTPUT_DIR="adversarial_results_ep100_pre300" adversarial_hpc_submit.pbs </dev/null
[2026-09-08 13:29:20] [OK] RegNetX_400MF/TinyImageNet/APGD/ALL
[2026-09-08 13:29:20] [OK] qsub output: Your job 6481033 ("adversarial_hpc_submit.pbs") has been submitted
[2026-09-08 13:29:20] [SUBMIT] RegNetX_400MF/TinyImageNet/CW/ALL
[2026-09-08 13:29:20] [CMD] qsub -q all.q -l ngpus=1 -v MODEL="RegNetX_400MF",DATASET="TinyImageNet",ATTACK="CW",KIND="ALL",PHASE="generate",OUTPUT_DIR="adversarial_results_ep300_pre100" adversarial_hpc_submit.pbs </dev/null
[2026-09-08 13:29:23] [OK] RegNetX_400MF/TinyImageNet/DeepFool/ALL
[2026-09-08 13:29:23] [OK] qsub output: Your job 6481034 ("adversarial_hpc_submit.pbs") has been submitted
[2026-09-08 13:29:24] [SUBMIT] InceptionNet/Cifar10/PGD/ALL
[2026-09-08 13:29:24] [CMD] qsub -q all.q -l ngpus=1 -v MODEL="InceptionNet",DATASET="Cifar10",ATTACK="PGD",KIND="ALL",PHASE="generate",OUTPUT_DIR="adversarial_results_ep200_pre200" adversarial_hpc_submit.pbs </dev/null
[2026-09-08 13:29:26] [OK] RegNetX_400MF/TinyImageNet/DeepFool/ALL
[2026-09-08 13:29:26] [OK] qsub output: Your job 6481036 ("adversarial_hpc_submit.pbs") has been submitted
[2026-09-08 13:29:27] [SUBMIT] InceptionNet/Cifar10/PGD/ALL
[2026-09-08 13:29:27] [CMD] qsub -q all.q -l ngpus=1 -v MODEL="InceptionNet",DATASET="Cifar10",ATTACK="PGD",KIND="ALL",PHASE="generate",OUTPUT_DIR="adversarial_results_ep100_pre300" adversarial_hpc_submit.pbs </dev/null
[2026-09-08 13:29:30] [OK] RegNetX_400MF/TinyImageNet/CW/ALL
[2026-09-08 13:29:30] [OK] qsub output: Your job 6481037 ("adversarial_hpc_submit.pbs") has been submitted
[2026-09-08 13:29:31] [SUBMIT] RegNetX_400MF/TinyImageNet/DeepFool/ALL
[2026-09-08 13:29:31] [CMD] qsub -q all.q -l ngpus=1 -v MODEL="RegNetX_400MF",DATASET="TinyImageNet",ATTACK="DeepFool",KIND="ALL",PHASE="generate",OUTPUT_DIR="adversarial_results_ep300_pre100" adversarial_hpc_submit.pbs </dev/null
[2026-09-08 13:29:35] [OK] InceptionNet/Cifar10/PGD/ALL
[2026-09-08 13:29:35] [OK] qsub output: Your job 6481040 ("adversarial_hpc_submit.pbs") has been submitted
[2026-09-08 13:29:35] [SUBMIT] InceptionNet/Cifar10/FGSM/ALL
[2026-09-08 13:29:35] [CMD] qsub -q all.q -l ngpus=1 -v MODEL="InceptionNet",DATASET="Cifar10",ATTACK="FGSM",KIND="ALL",PHASE="generate",OUTPUT_DIR="adversarial_results_ep200_pre200" adversarial_hpc_submit.pbs </dev/null
[2026-09-08 13:29:38] [OK] RegNetX_400MF/TinyImageNet/DeepFool/ALL
[2026-09-08 13:29:39] [OK] qsub output: Your job 6481042 ("adversarial_hpc_submit.pbs") has been submitted
[2026-09-08 13:29:39] [SUBMIT] InceptionNet/Cifar10/PGD/ALL
[2026-09-08 13:29:39] [CMD] qsub -q all.q -l ngpus=1 -v MODEL="InceptionNet",DATASET="Cifar10",ATTACK="PGD",KIND="ALL",PHASE="generate",OUTPUT_DIR="adversarial_results_ep300_pre100" adversarial_hpc_submit.pbs </dev/null
[2026-09-08 13:29:42] [OK] InceptionNet/Cifar10/PGD/ALL
[2026-09-08 13:29:42] [OK] qsub output: Your job 6481041 ("adversarial_hpc_submit.pbs") has been submitted
[2026-09-08 13:29:42] [SUBMIT] InceptionNet/Cifar10/FGSM/ALL
[2026-09-08 13:29:42] [CMD] qsub -q all.q -l ngpus=1 -v MODEL="InceptionNet",DATASET="Cifar10",ATTACK="FGSM",KIND="ALL",PHASE="generate",OUTPUT_DIR="adversarial_results_ep100_pre300" adversarial_hpc_submit.pbs </dev/null
[2026-09-08 13:29:46] [OK] InceptionNet/Cifar10/PGD/ALL
[2026-09-08 13:29:46] [OK] qsub output: Your job 6481045 ("adversarial_hpc_submit.pbs") has been submitted
[2026-09-08 13:29:46] [SUBMIT] InceptionNet/Cifar10/FGSM/ALL
[2026-09-08 13:29:46] [CMD] qsub -q all.q -l ngpus=1 -v MODEL="InceptionNet",DATASET="Cifar10",ATTACK="FGSM",KIND="ALL",PHASE="generate",OUTPUT_DIR="adversarial_results_ep300_pre100" adversarial_hpc_submit.pbs </dev/null
[2026-09-08 13:29:48] [OK] InceptionNet/Cifar10/FGSM/ALL
[2026-09-08 13:29:48] [OK] qsub output: Your job 6481046 ("adversarial_hpc_submit.pbs") has been submitted
[2026-09-08 13:29:48] [SUBMIT] InceptionNet/Cifar10/IFGSM/ALL
[2026-09-08 13:29:48] [CMD] qsub -q all.q -l ngpus=1 -v MODEL="InceptionNet",DATASET="Cifar10",ATTACK="IFGSM",KIND="ALL",PHASE="generate",OUTPUT_DIR="adversarial_results_ep100_pre300" adversarial_hpc_submit.pbs </dev/null
[2026-09-08 13:29:52] [OK] InceptionNet/Cifar10/FGSM/ALL
[2026-09-08 13:29:52] [OK] qsub output: Your job 6481044 ("adversarial_hpc_submit.pbs") has been submitted
[2026-09-08 13:29:52] [SUBMIT] InceptionNet/Cifar10/IFGSM/ALL
[2026-09-08 13:29:52] [CMD] qsub -q all.q -l ngpus=1 -v MODEL="InceptionNet",DATASET="Cifar10",ATTACK="IFGSM",KIND="ALL",PHASE="generate",OUTPUT_DIR="adversarial_results_ep200_pre200" adversarial_hpc_submit.pbs </dev/null
[2026-09-08 13:29:55] [OK] InceptionNet/Cifar10/FGSM/ALL
[2026-09-08 13:29:55] [OK] qsub output: Your job 6481048 ("adversarial_hpc_submit.pbs") has been submitted
[2026-09-08 13:29:56] [SUBMIT] InceptionNet/Cifar10/IFGSM/ALL
[2026-09-08 13:29:56] [CMD] qsub -q all.q -l ngpus=1 -v MODEL="InceptionNet",DATASET="Cifar10",ATTACK="IFGSM",KIND="ALL",PHASE="generate",OUTPUT_DIR="adversarial_results_ep300_pre100" adversarial_hpc_submit.pbs </dev/null
[2026-09-08 13:30:05] [OK] InceptionNet/Cifar10/IFGSM/ALL
[2026-09-08 13:30:05] [OK] InceptionNet/Cifar10/IFGSM/ALL
[2026-09-08 13:30:07] [OK] qsub output: Your job 6481050 ("adversarial_hpc_submit.pbs") has been submitted
[2026-09-08 13:30:07] [OK] qsub output: Your job 6481049 ("adversarial_hpc_submit.pbs") has been submitted
[2026-09-08 13:30:07] [SUBMIT] InceptionNet/Cifar10/BIM/ALL
[2026-09-08 13:30:07] [CMD] qsub -q all.q -l ngpus=1 -v MODEL="InceptionNet",DATASET="Cifar10",ATTACK="BIM",KIND="ALL",PHASE="generate",OUTPUT_DIR="adversarial_results_ep200_pre200" adversarial_hpc_submit.pbs </dev/null
[2026-09-08 13:30:07] [SUBMIT] InceptionNet/Cifar10/BIM/ALL
[2026-09-08 13:30:07] [CMD] qsub -q all.q -l ngpus=1 -v MODEL="InceptionNet",DATASET="Cifar10",ATTACK="BIM",KIND="ALL",PHASE="generate",OUTPUT_DIR="adversarial_results_ep100_pre300" adversarial_hpc_submit.pbs </dev/null
[2026-09-08 13:30:14] [OK] InceptionNet/Cifar10/IFGSM/ALL
[2026-09-08 13:30:14] [OK] qsub output: Your job 6481052 ("adversarial_hpc_submit.pbs") has been submitted
[2026-09-08 13:30:14] [SUBMIT] InceptionNet/Cifar10/BIM/ALL
[2026-09-08 13:30:14] [CMD] qsub -q all.q -l ngpus=1 -v MODEL="InceptionNet",DATASET="Cifar10",ATTACK="BIM",KIND="ALL",PHASE="generate",OUTPUT_DIR="adversarial_results_ep300_pre100" adversarial_hpc_submit.pbs </dev/null
[2026-09-08 13:30:15] [OK] InceptionNet/Cifar10/BIM/ALL
[2026-09-08 13:30:15] [OK] qsub output: Your job 6481053 ("adversarial_hpc_submit.pbs") has been submitted
[2026-09-08 13:30:15] [SUBMIT] InceptionNet/Cifar10/APGD/ALL
[2026-09-08 13:30:15] [CMD] qsub -q all.q -l ngpus=1 -v MODEL="InceptionNet",DATASET="Cifar10",ATTACK="APGD",KIND="ALL",PHASE="generate",OUTPUT_DIR="adversarial_results_ep200_pre200" adversarial_hpc_submit.pbs </dev/null
[2026-09-08 13:30:23] [OK] InceptionNet/Cifar10/BIM/ALL
[2026-09-08 13:30:23] [OK] qsub output: Your job 6481054 ("adversarial_hpc_submit.pbs") has been submitted
[2026-09-08 13:30:23] [SUBMIT] InceptionNet/Cifar10/APGD/ALL
[2026-09-08 13:30:23] [CMD] qsub -q all.q -l ngpus=1 -v MODEL="InceptionNet",DATASET="Cifar10",ATTACK="APGD",KIND="ALL",PHASE="generate",OUTPUT_DIR="adversarial_results_ep100_pre300" adversarial_hpc_submit.pbs </dev/null
[2026-09-08 13:30:28] [OK] InceptionNet/Cifar10/BIM/ALL
[2026-09-08 13:30:28] [OK] qsub output: Your job 6481057 ("adversarial_hpc_submit.pbs") has been submitted
[2026-09-08 13:30:28] [SUBMIT] InceptionNet/Cifar10/APGD/ALL
[2026-09-08 13:30:28] [CMD] qsub -q all.q -l ngpus=1 -v MODEL="InceptionNet",DATASET="Cifar10",ATTACK="APGD",KIND="ALL",PHASE="generate",OUTPUT_DIR="adversarial_results_ep300_pre100" adversarial_hpc_submit.pbs </dev/null
[2026-09-08 13:30:33] [OK] InceptionNet/Cifar10/APGD/ALL
[2026-09-08 13:30:35] [OK] qsub output: Your job 6481058 ("adversarial_hpc_submit.pbs") has been submitted
[2026-09-08 13:30:36] [OK] InceptionNet/Cifar10/APGD/ALL
[2026-09-08 13:30:37] [OK] qsub output: Your job 6481059 ("adversarial_hpc_submit.pbs") has been submitted
[2026-09-08 13:30:37] [SUBMIT] InceptionNet/Cifar10/CW/ALL
[2026-09-08 13:30:37] [CMD] qsub -q all.q -l ngpus=1 -v MODEL="InceptionNet",DATASET="Cifar10",ATTACK="CW",KIND="ALL",PHASE="generate",OUTPUT_DIR="adversarial_results_ep200_pre200" adversarial_hpc_submit.pbs </dev/null
[2026-09-08 13:30:37] [SUBMIT] InceptionNet/Cifar10/CW/ALL
[2026-09-08 13:30:37] [CMD] qsub -q all.q -l ngpus=1 -v MODEL="InceptionNet",DATASET="Cifar10",ATTACK="CW",KIND="ALL",PHASE="generate",OUTPUT_DIR="adversarial_results_ep100_pre300" adversarial_hpc_submit.pbs </dev/null
[2026-09-08 13:30:43] [OK] InceptionNet/Cifar10/APGD/ALL
[2026-09-08 13:30:43] [OK] qsub output: Your job 6481061 ("adversarial_hpc_submit.pbs") has been submitted
[2026-09-08 13:30:43] [SUBMIT] InceptionNet/Cifar10/CW/ALL
[2026-09-08 13:30:43] [CMD] qsub -q all.q -l ngpus=1 -v MODEL="InceptionNet",DATASET="Cifar10",ATTACK="CW",KIND="ALL",PHASE="generate",OUTPUT_DIR="adversarial_results_ep300_pre100" adversarial_hpc_submit.pbs </dev/null
[2026-09-08 13:30:44] [OK] InceptionNet/Cifar10/CW/ALL
[2026-09-08 13:30:45] [OK] qsub output: Your job 6481062 ("adversarial_hpc_submit.pbs") has been submitted
[2026-09-08 13:30:45] [SUBMIT] InceptionNet/Cifar10/DeepFool/ALL
[2026-09-08 13:30:45] [CMD] qsub -q all.q -l ngpus=1 -v MODEL="InceptionNet",DATASET="Cifar10",ATTACK="DeepFool",KIND="ALL",PHASE="generate",OUTPUT_DIR="adversarial_results_ep200_pre200" adversarial_hpc_submit.pbs </dev/null
[2026-09-08 13:30:52] [OK] InceptionNet/Cifar10/CW/ALL
[2026-09-08 13:30:52] [OK] qsub output: Your job 6481063 ("adversarial_hpc_submit.pbs") has been submitted
[2026-09-08 13:30:52] [SUBMIT] InceptionNet/Cifar10/DeepFool/ALL
[2026-09-08 13:30:52] [CMD] qsub -q all.q -l ngpus=1 -v MODEL="InceptionNet",DATASET="Cifar10",ATTACK="DeepFool",KIND="ALL",PHASE="generate",OUTPUT_DIR="adversarial_results_ep100_pre300" adversarial_hpc_submit.pbs </dev/null
[2026-09-08 13:30:56] [OK] InceptionNet/Cifar10/DeepFool/ALL
[2026-09-08 13:30:56] [OK] qsub output: Your job 6481066 ("adversarial_hpc_submit.pbs") has been submitted
[2026-09-08 13:30:56] [SUBMIT] InceptionNet/Cifar100/PGD/ALL
[2026-09-08 13:30:56] [CMD] qsub -q all.q -l ngpus=1 -v MODEL="InceptionNet",DATASET="Cifar100",ATTACK="PGD",KIND="ALL",PHASE="generate",OUTPUT_DIR="adversarial_results_ep200_pre200" adversarial_hpc_submit.pbs </dev/null
[2026-09-08 13:30:56] [OK] InceptionNet/Cifar10/CW/ALL
[2026-09-08 13:30:56] [OK] qsub output: Your job 6481065 ("adversarial_hpc_submit.pbs") has been submitted
[2026-09-08 13:30:57] [SUBMIT] InceptionNet/Cifar10/DeepFool/ALL
[2026-09-08 13:30:57] [CMD] qsub -q all.q -l ngpus=1 -v MODEL="InceptionNet",DATASET="Cifar10",ATTACK="DeepFool",KIND="ALL",PHASE="generate",OUTPUT_DIR="adversarial_results_ep300_pre100" adversarial_hpc_submit.pbs </dev/null
[2026-09-08 13:31:02] [OK] InceptionNet/Cifar10/DeepFool/ALL
[2026-09-08 13:31:02] [OK] qsub output: Your job 6481068 ("adversarial_hpc_submit.pbs") has been submitted
[2026-09-08 13:31:02] [SUBMIT] InceptionNet/Cifar100/PGD/ALL
[2026-09-08 13:31:02] [CMD] qsub -q all.q -l ngpus=1 -v MODEL="InceptionNet",DATASET="Cifar100",ATTACK="PGD",KIND="ALL",PHASE="generate",OUTPUT_DIR="adversarial_results_ep100_pre300" adversarial_hpc_submit.pbs </dev/null
[2026-09-08 13:31:11] [OK] InceptionNet/Cifar100/PGD/ALL
[2026-09-08 13:31:11] [OK] qsub output: Your job 6481069 ("adversarial_hpc_submit.pbs") has been submitted
[2026-09-08 13:31:11] [SUBMIT] InceptionNet/Cifar100/FGSM/ALL
[2026-09-08 13:31:11] [CMD] qsub -q all.q -l ngpus=1 -v MODEL="InceptionNet",DATASET="Cifar100",ATTACK="FGSM",KIND="ALL",PHASE="generate",OUTPUT_DIR="adversarial_results_ep200_pre200" adversarial_hpc_submit.pbs </dev/null
[2026-09-08 13:31:13] [OK] InceptionNet/Cifar100/PGD/ALL
[2026-09-08 13:31:13] [OK] InceptionNet/Cifar10/DeepFool/ALL
[2026-09-08 13:31:13] [OK] qsub output: Your job 6481071 ("adversarial_hpc_submit.pbs") has been submitted
[2026-09-08 13:31:13] [OK] qsub output: Your job 6481070 ("adversarial_hpc_submit.pbs") has been submitted
[2026-09-08 13:31:13] [SUBMIT] InceptionNet/Cifar100/FGSM/ALL
[2026-09-08 13:31:13] [SUBMIT] InceptionNet/Cifar100/PGD/ALL
[2026-09-08 13:31:13] [CMD] qsub -q all.q -l ngpus=1 -v MODEL="InceptionNet",DATASET="Cifar100",ATTACK="FGSM",KIND="ALL",PHASE="generate",OUTPUT_DIR="adversarial_results_ep100_pre300" adversarial_hpc_submit.pbs </dev/null
[2026-09-08 13:31:13] [CMD] qsub -q all.q -l ngpus=1 -v MODEL="InceptionNet",DATASET="Cifar100",ATTACK="PGD",KIND="ALL",PHASE="generate",OUTPUT_DIR="adversarial_results_ep300_pre100" adversarial_hpc_submit.pbs </dev/null
[2026-09-08 13:31:19] [OK] InceptionNet/Cifar100/FGSM/ALL
[2026-09-08 13:31:19] [OK] qsub output: Your job 6481073 ("adversarial_hpc_submit.pbs") has been submitted
[2026-09-08 13:31:19] [SUBMIT] InceptionNet/Cifar100/IFGSM/ALL
[2026-09-08 13:31:19] [CMD] qsub -q all.q -l ngpus=1 -v MODEL="InceptionNet",DATASET="Cifar100",ATTACK="IFGSM",KIND="ALL",PHASE="generate",OUTPUT_DIR="adversarial_results_ep200_pre200" adversarial_hpc_submit.pbs </dev/null
[2026-09-08 13:31:21] [OK] InceptionNet/Cifar100/FGSM/ALL
[2026-09-08 13:31:21] [OK] qsub output: Your job 6481074 ("adversarial_hpc_submit.pbs") has been submitted
[2026-09-08 13:31:21] [SUBMIT] InceptionNet/Cifar100/IFGSM/ALL
[2026-09-08 13:31:21] [CMD] qsub -q all.q -l ngpus=1 -v MODEL="InceptionNet",DATASET="Cifar100",ATTACK="IFGSM",KIND="ALL",PHASE="generate",OUTPUT_DIR="adversarial_results_ep100_pre300" adversarial_hpc_submit.pbs </dev/null
[2026-09-08 13:31:26] [OK] InceptionNet/Cifar100/PGD/ALL
[2026-09-08 13:31:26] [OK] qsub output: Your job 6481075 ("adversarial_hpc_submit.pbs") has been submitted
[2026-09-08 13:31:26] [SUBMIT] InceptionNet/Cifar100/FGSM/ALL
[2026-09-08 13:31:26] [CMD] qsub -q all.q -l ngpus=1 -v MODEL="InceptionNet",DATASET="Cifar100",ATTACK="FGSM",KIND="ALL",PHASE="generate",OUTPUT_DIR="adversarial_results_ep300_pre100" adversarial_hpc_submit.pbs </dev/null
[2026-09-08 13:31:27] [OK] InceptionNet/Cifar100/IFGSM/ALL
[2026-09-08 13:31:27] [OK] qsub output: Your job 6481077 ("adversarial_hpc_submit.pbs") has been submitted
[2026-09-08 13:31:27] [SUBMIT] InceptionNet/Cifar100/BIM/ALL
[2026-09-08 13:31:27] [CMD] qsub -q all.q -l ngpus=1 -v MODEL="InceptionNet",DATASET="Cifar100",ATTACK="BIM",KIND="ALL",PHASE="generate",OUTPUT_DIR="adversarial_results_ep200_pre200" adversarial_hpc_submit.pbs </dev/null
[2026-09-08 13:31:32] [OK] InceptionNet/Cifar100/FGSM/ALL
[2026-09-08 13:31:32] [OK] qsub output: Your job 6481079 ("adversarial_hpc_submit.pbs") has been submitted
[2026-09-08 13:31:32] [SUBMIT] InceptionNet/Cifar100/IFGSM/ALL
[2026-09-08 13:31:32] [CMD] qsub -q all.q -l ngpus=1 -v MODEL="InceptionNet",DATASET="Cifar100",ATTACK="IFGSM",KIND="ALL",PHASE="generate",OUTPUT_DIR="adversarial_results_ep300_pre100" adversarial_hpc_submit.pbs </dev/null
[2026-09-08 13:31:34] [OK] InceptionNet/Cifar100/IFGSM/ALL
[2026-09-08 13:31:34] [OK] qsub output: Your job 6481078 ("adversarial_hpc_submit.pbs") has been submitted
[2026-09-08 13:31:35] [SUBMIT] InceptionNet/Cifar100/BIM/ALL
[2026-09-08 13:31:35] [CMD] qsub -q all.q -l ngpus=1 -v MODEL="InceptionNet",DATASET="Cifar100",ATTACK="BIM",KIND="ALL",PHASE="generate",OUTPUT_DIR="adversarial_results_ep100_pre300" adversarial_hpc_submit.pbs </dev/null
[2026-09-08 13:31:35] [OK] InceptionNet/Cifar100/BIM/ALL
[2026-09-08 13:31:35] [OK] qsub output: Your job 6481080 ("adversarial_hpc_submit.pbs") has been submitted
[2026-09-08 13:31:35] [SUBMIT] InceptionNet/Cifar100/APGD/ALL
[2026-09-08 13:31:35] [CMD] qsub -q all.q -l ngpus=1 -v MODEL="InceptionNet",DATASET="Cifar100",ATTACK="APGD",KIND="ALL",PHASE="generate",OUTPUT_DIR="adversarial_results_ep200_pre200" adversarial_hpc_submit.pbs </dev/null
[2026-09-08 13:31:36] [OK] InceptionNet/Cifar100/IFGSM/ALL
[2026-09-08 13:31:36] [OK] qsub output: Your job 6481082 ("adversarial_hpc_submit.pbs") has been submitted
[2026-09-08 13:31:36] [SUBMIT] InceptionNet/Cifar100/BIM/ALL
[2026-09-08 13:31:36] [CMD] qsub -q all.q -l ngpus=1 -v MODEL="InceptionNet",DATASET="Cifar100",ATTACK="BIM",KIND="ALL",PHASE="generate",OUTPUT_DIR="adversarial_results_ep300_pre100" adversarial_hpc_submit.pbs </dev/null
[2026-09-08 13:31:42] [OK] InceptionNet/Cifar100/BIM/ALL
[2026-09-08 13:31:42] [OK] qsub output: Your job 6481083 ("adversarial_hpc_submit.pbs") has been submitted
[2026-09-08 13:31:42] [SUBMIT] InceptionNet/Cifar100/APGD/ALL
[2026-09-08 13:31:42] [CMD] qsub -q all.q -l ngpus=1 -v MODEL="InceptionNet",DATASET="Cifar100",ATTACK="APGD",KIND="ALL",PHASE="generate",OUTPUT_DIR="adversarial_results_ep100_pre300" adversarial_hpc_submit.pbs </dev/null
[2026-09-08 13:31:47] [OK] InceptionNet/Cifar100/APGD/ALL
[2026-09-08 13:31:47] [OK] qsub output: Your job 6481084 ("adversarial_hpc_submit.pbs") has been submitted
[2026-09-08 13:31:47] [SUBMIT] InceptionNet/Cifar100/CW/ALL
[2026-09-08 13:31:47] [CMD] qsub -q all.q -l ngpus=1 -v MODEL="InceptionNet",DATASET="Cifar100",ATTACK="CW",KIND="ALL",PHASE="generate",OUTPUT_DIR="adversarial_results_ep200_pre200" adversarial_hpc_submit.pbs </dev/null
[2026-09-08 13:31:47] [OK] InceptionNet/Cifar100/BIM/ALL
[2026-09-08 13:31:47] [OK] qsub output: Your job 6481085 ("adversarial_hpc_submit.pbs") has been submitted
[2026-09-08 13:31:48] [SUBMIT] InceptionNet/Cifar100/APGD/ALL
[2026-09-08 13:31:48] [CMD] qsub -q all.q -l ngpus=1 -v MODEL="InceptionNet",DATASET="Cifar100",ATTACK="APGD",KIND="ALL",PHASE="generate",OUTPUT_DIR="adversarial_results_ep300_pre100" adversarial_hpc_submit.pbs </dev/null
[2026-09-08 13:31:50] [OK] InceptionNet/Cifar100/APGD/ALL
[2026-09-08 13:31:50] [OK] qsub output: Your job 6481087 ("adversarial_hpc_submit.pbs") has been submitted
[2026-09-08 13:31:50] [SUBMIT] InceptionNet/Cifar100/CW/ALL
[2026-09-08 13:31:50] [CMD] qsub -q all.q -l ngpus=1 -v MODEL="InceptionNet",DATASET="Cifar100",ATTACK="CW",KIND="ALL",PHASE="generate",OUTPUT_DIR="adversarial_results_ep100_pre300" adversarial_hpc_submit.pbs </dev/null
[2026-09-08 13:31:52] [OK] InceptionNet/Cifar100/CW/ALL
[2026-09-08 13:31:52] [OK] qsub output: Your job 6481089 ("adversarial_hpc_submit.pbs") has been submitted
[2026-09-08 13:31:52] [SUBMIT] InceptionNet/Cifar100/DeepFool/ALL
[2026-09-08 13:31:52] [CMD] qsub -q all.q -l ngpus=1 -v MODEL="InceptionNet",DATASET="Cifar100",ATTACK="DeepFool",KIND="ALL",PHASE="generate",OUTPUT_DIR="adversarial_results_ep200_pre200" adversarial_hpc_submit.pbs </dev/null
[2026-09-08 13:31:59] [OK] InceptionNet/Cifar100/CW/ALL
[2026-09-08 13:31:59] [OK] qsub output: Your job 6481091 ("adversarial_hpc_submit.pbs") has been submitted
[2026-09-08 13:31:59] [SUBMIT] InceptionNet/Cifar100/DeepFool/ALL
[2026-09-08 13:31:59] [CMD] qsub -q all.q -l ngpus=1 -v MODEL="InceptionNet",DATASET="Cifar100",ATTACK="DeepFool",KIND="ALL",PHASE="generate",OUTPUT_DIR="adversarial_results_ep100_pre300" adversarial_hpc_submit.pbs </dev/null
[2026-09-08 13:32:02] [OK] InceptionNet/Cifar100/APGD/ALL
[2026-09-08 13:32:02] [OK] qsub output: Your job 6481090 ("adversarial_hpc_submit.pbs") has been submitted
[2026-09-08 13:32:02] [SUBMIT] InceptionNet/Cifar100/CW/ALL
[2026-09-08 13:32:02] [CMD] qsub -q all.q -l ngpus=1 -v MODEL="InceptionNet",DATASET="Cifar100",ATTACK="CW",KIND="ALL",PHASE="generate",OUTPUT_DIR="adversarial_results_ep300_pre100" adversarial_hpc_submit.pbs </dev/null
[2026-09-08 13:32:05] [OK] InceptionNet/Cifar100/DeepFool/ALL
[2026-09-08 13:32:05] [OK] qsub output: Your job 6481094 ("adversarial_hpc_submit.pbs") has been submitted
[2026-09-08 13:32:05] [SUBMIT] InceptionNet/TinyImageNet/PGD/ALL
[2026-09-08 13:32:05] [CMD] qsub -q all.q -l ngpus=1 -v MODEL="InceptionNet",DATASET="TinyImageNet",ATTACK="PGD",KIND="ALL",PHASE="generate",OUTPUT_DIR="adversarial_results_ep100_pre300" adversarial_hpc_submit.pbs </dev/null
[2026-09-08 13:32:08] [OK] InceptionNet/Cifar100/DeepFool/ALL
[2026-09-08 13:32:08] [OK] qsub output: Your job 6481093 ("adversarial_hpc_submit.pbs") has been submitted
[2026-09-08 13:32:08] [SUBMIT] InceptionNet/TinyImageNet/PGD/ALL
[2026-09-08 13:32:08] [CMD] qsub -q all.q -l ngpus=1 -v MODEL="InceptionNet",DATASET="TinyImageNet",ATTACK="PGD",KIND="ALL",PHASE="generate",OUTPUT_DIR="adversarial_results_ep200_pre200" adversarial_hpc_submit.pbs </dev/null
[2026-09-08 13:32:14] [OK] InceptionNet/TinyImageNet/PGD/ALL
[2026-09-08 13:32:14] [OK] qsub output: Your job 6481097 ("adversarial_hpc_submit.pbs") has been submitted
[2026-09-08 13:32:14] [SUBMIT] InceptionNet/TinyImageNet/FGSM/ALL
[2026-09-08 13:32:14] [CMD] qsub -q all.q -l ngpus=1 -v MODEL="InceptionNet",DATASET="TinyImageNet",ATTACK="FGSM",KIND="ALL",PHASE="generate",OUTPUT_DIR="adversarial_results_ep100_pre300" adversarial_hpc_submit.pbs </dev/null
[2026-09-08 13:32:16] [OK] InceptionNet/Cifar100/CW/ALL
[2026-09-08 13:32:16] [OK] qsub output: Your job 6481096 ("adversarial_hpc_submit.pbs") has been submitted
[2026-09-08 13:32:16] [SUBMIT] InceptionNet/Cifar100/DeepFool/ALL
[2026-09-08 13:32:16] [CMD] qsub -q all.q -l ngpus=1 -v MODEL="InceptionNet",DATASET="Cifar100",ATTACK="DeepFool",KIND="ALL",PHASE="generate",OUTPUT_DIR="adversarial_results_ep300_pre100" adversarial_hpc_submit.pbs </dev/null
[2026-09-08 13:32:24] [OK] InceptionNet/TinyImageNet/PGD/ALL
[2026-09-08 13:32:27] [OK] qsub output: Your job 6481098 ("adversarial_hpc_submit.pbs") has been submitted
[2026-09-08 13:32:27] [SUBMIT] InceptionNet/TinyImageNet/FGSM/ALL
[2026-09-08 13:32:27] [CMD] qsub -q all.q -l ngpus=1 -v MODEL="InceptionNet",DATASET="TinyImageNet",ATTACK="FGSM",KIND="ALL",PHASE="generate",OUTPUT_DIR="adversarial_results_ep200_pre200" adversarial_hpc_submit.pbs </dev/null
[2026-09-08 13:32:30] [OK] InceptionNet/Cifar100/DeepFool/ALL
[2026-09-08 13:32:30] [OK] qsub output: Your job 6481102 ("adversarial_hpc_submit.pbs") has been submitted
[2026-09-08 13:32:30] [SUBMIT] InceptionNet/TinyImageNet/PGD/ALL
[2026-09-08 13:32:30] [CMD] qsub -q all.q -l ngpus=1 -v MODEL="InceptionNet",DATASET="TinyImageNet",ATTACK="PGD",KIND="ALL",PHASE="generate",OUTPUT_DIR="adversarial_results_ep300_pre100" adversarial_hpc_submit.pbs </dev/null
[2026-09-08 13:32:30] [OK] InceptionNet/TinyImageNet/FGSM/ALL
[2026-09-08 13:32:30] [OK] qsub output: Your job 6481101 ("adversarial_hpc_submit.pbs") has been submitted
[2026-09-08 13:32:30] [SUBMIT] InceptionNet/TinyImageNet/IFGSM/ALL
[2026-09-08 13:32:30] [CMD] qsub -q all.q -l ngpus=1 -v MODEL="InceptionNet",DATASET="TinyImageNet",ATTACK="IFGSM",KIND="ALL",PHASE="generate",OUTPUT_DIR="adversarial_results_ep100_pre300" adversarial_hpc_submit.pbs </dev/null
[2026-09-08 13:32:43] [OK] InceptionNet/TinyImageNet/FGSM/ALL
[2026-09-08 13:32:43] [OK] qsub output: Your job 6481105 ("adversarial_hpc_submit.pbs") has been submitted
[2026-09-08 13:32:43] [SUBMIT] InceptionNet/TinyImageNet/IFGSM/ALL
[2026-09-08 13:32:43] [CMD] qsub -q all.q -l ngpus=1 -v MODEL="InceptionNet",DATASET="TinyImageNet",ATTACK="IFGSM",KIND="ALL",PHASE="generate",OUTPUT_DIR="adversarial_results_ep200_pre200" adversarial_hpc_submit.pbs </dev/null
[2026-09-08 13:32:45] [OK] InceptionNet/TinyImageNet/IFGSM/ALL
[2026-09-08 13:32:45] [OK] qsub output: Your job 6481107 ("adversarial_hpc_submit.pbs") has been submitted
[2026-09-08 13:32:46] [SUBMIT] InceptionNet/TinyImageNet/BIM/ALL
[2026-09-08 13:32:46] [CMD] qsub -q all.q -l ngpus=1 -v MODEL="InceptionNet",DATASET="TinyImageNet",ATTACK="BIM",KIND="ALL",PHASE="generate",OUTPUT_DIR="adversarial_results_ep100_pre300" adversarial_hpc_submit.pbs </dev/null
[2026-09-08 13:32:48] [OK] InceptionNet/TinyImageNet/PGD/ALL
[2026-09-08 13:32:48] [OK] qsub output: Your job 6481106 ("adversarial_hpc_submit.pbs") has been submitted
[2026-09-08 13:32:48] [SUBMIT] InceptionNet/TinyImageNet/FGSM/ALL
[2026-09-08 13:32:48] [CMD] qsub -q all.q -l ngpus=1 -v MODEL="InceptionNet",DATASET="TinyImageNet",ATTACK="FGSM",KIND="ALL",PHASE="generate",OUTPUT_DIR="adversarial_results_ep300_pre100" adversarial_hpc_submit.pbs </dev/null
[2026-09-08 13:32:56] [OK] InceptionNet/TinyImageNet/IFGSM/ALL
[2026-09-08 13:32:56] [OK] qsub output: Your job 6481109 ("adversarial_hpc_submit.pbs") has been submitted
[2026-09-08 13:32:56] [SUBMIT] InceptionNet/TinyImageNet/BIM/ALL
[2026-09-08 13:32:56] [CMD] qsub -q all.q -l ngpus=1 -v MODEL="InceptionNet",DATASET="TinyImageNet",ATTACK="BIM",KIND="ALL",PHASE="generate",OUTPUT_DIR="adversarial_results_ep200_pre200" adversarial_hpc_submit.pbs </dev/null
[2026-09-08 13:32:57] [OK] InceptionNet/TinyImageNet/BIM/ALL
[2026-09-08 13:32:57] [OK] qsub output: Your job 6481110 ("adversarial_hpc_submit.pbs") has been submitted
[2026-09-08 13:32:57] [SUBMIT] InceptionNet/TinyImageNet/APGD/ALL
[2026-09-08 13:32:57] [CMD] qsub -q all.q -l ngpus=1 -v MODEL="InceptionNet",DATASET="TinyImageNet",ATTACK="APGD",KIND="ALL",PHASE="generate",OUTPUT_DIR="adversarial_results_ep100_pre300" adversarial_hpc_submit.pbs </dev/null
[2026-09-08 13:33:02] [OK] InceptionNet/TinyImageNet/FGSM/ALL
[2026-09-08 13:33:02] [OK] qsub output: Your job 6481111 ("adversarial_hpc_submit.pbs") has been submitted
[2026-09-08 13:33:02] [SUBMIT] InceptionNet/TinyImageNet/IFGSM/ALL
[2026-09-08 13:33:02] [CMD] qsub -q all.q -l ngpus=1 -v MODEL="InceptionNet",DATASET="TinyImageNet",ATTACK="IFGSM",KIND="ALL",PHASE="generate",OUTPUT_DIR="adversarial_results_ep300_pre100" adversarial_hpc_submit.pbs </dev/null
[2026-09-08 13:33:06] [OK] InceptionNet/TinyImageNet/BIM/ALL
[2026-09-08 13:33:06] [OK] qsub output: Your job 6481113 ("adversarial_hpc_submit.pbs") has been submitted
[2026-09-08 13:33:06] [SUBMIT] InceptionNet/TinyImageNet/APGD/ALL
[2026-09-08 13:33:06] [CMD] qsub -q all.q -l ngpus=1 -v MODEL="InceptionNet",DATASET="TinyImageNet",ATTACK="APGD",KIND="ALL",PHASE="generate",OUTPUT_DIR="adversarial_results_ep200_pre200" adversarial_hpc_submit.pbs </dev/null
[2026-09-08 13:33:06] [OK] InceptionNet/TinyImageNet/APGD/ALL
[2026-09-08 13:33:06] [OK] qsub output: Your job 6481114 ("adversarial_hpc_submit.pbs") has been submitted
[2026-09-08 13:33:06] [SUBMIT] InceptionNet/TinyImageNet/CW/ALL
[2026-09-08 13:33:06] [CMD] qsub -q all.q -l ngpus=1 -v MODEL="InceptionNet",DATASET="TinyImageNet",ATTACK="CW",KIND="ALL",PHASE="generate",OUTPUT_DIR="adversarial_results_ep100_pre300" adversarial_hpc_submit.pbs </dev/null
[2026-09-08 13:33:12] [OK] InceptionNet/TinyImageNet/IFGSM/ALL
[2026-09-08 13:33:13] [OK] qsub output: Your job 6481115 ("adversarial_hpc_submit.pbs") has been submitted
[2026-09-08 13:33:13] [SUBMIT] InceptionNet/TinyImageNet/BIM/ALL
[2026-09-08 13:33:13] [CMD] qsub -q all.q -l ngpus=1 -v MODEL="InceptionNet",DATASET="TinyImageNet",ATTACK="BIM",KIND="ALL",PHASE="generate",OUTPUT_DIR="adversarial_results_ep300_pre100" adversarial_hpc_submit.pbs </dev/null
[2026-09-08 13:33:18] [OK] InceptionNet/TinyImageNet/APGD/ALL
[2026-09-08 13:33:18] [OK] qsub output: Your job 6481117 ("adversarial_hpc_submit.pbs") has been submitted
[2026-09-08 13:33:19] [SUBMIT] InceptionNet/TinyImageNet/CW/ALL
[2026-09-08 13:33:19] [CMD] qsub -q all.q -l ngpus=1 -v MODEL="InceptionNet",DATASET="TinyImageNet",ATTACK="CW",KIND="ALL",PHASE="generate",OUTPUT_DIR="adversarial_results_ep200_pre200" adversarial_hpc_submit.pbs </dev/null
[2026-09-08 13:33:19] [OK] InceptionNet/TinyImageNet/CW/ALL
[2026-09-08 13:33:19] [OK] qsub output: Your job 6481118 ("adversarial_hpc_submit.pbs") has been submitted
[2026-09-08 13:33:19] [SUBMIT] InceptionNet/TinyImageNet/DeepFool/ALL
[2026-09-08 13:33:19] [CMD] qsub -q all.q -l ngpus=1 -v MODEL="InceptionNet",DATASET="TinyImageNet",ATTACK="DeepFool",KIND="ALL",PHASE="generate",OUTPUT_DIR="adversarial_results_ep100_pre300" adversarial_hpc_submit.pbs </dev/null
[2026-09-08 13:33:28] [OK] InceptionNet/TinyImageNet/BIM/ALL
[2026-09-08 13:33:28] [OK] qsub output: Your job 6481120 ("adversarial_hpc_submit.pbs") has been submitted
[2026-09-08 13:33:28] [SUBMIT] InceptionNet/TinyImageNet/APGD/ALL
[2026-09-08 13:33:28] [CMD] qsub -q all.q -l ngpus=1 -v MODEL="InceptionNet",DATASET="TinyImageNet",ATTACK="APGD",KIND="ALL",PHASE="generate",OUTPUT_DIR="adversarial_results_ep300_pre100" adversarial_hpc_submit.pbs </dev/null
[2026-09-08 13:33:30] [OK] InceptionNet/TinyImageNet/CW/ALL
[2026-09-08 13:33:30] [OK] qsub output: Your job 6481122 ("adversarial_hpc_submit.pbs") has been submitted
[2026-09-08 13:33:30] [SUBMIT] InceptionNet/TinyImageNet/DeepFool/ALL
[2026-09-08 13:33:30] [CMD] qsub -q all.q -l ngpus=1 -v MODEL="InceptionNet",DATASET="TinyImageNet",ATTACK="DeepFool",KIND="ALL",PHASE="generate",OUTPUT_DIR="adversarial_results_ep200_pre200" adversarial_hpc_submit.pbs </dev/null
[2026-09-08 13:33:32] [OK] InceptionNet/TinyImageNet/DeepFool/ALL
[2026-09-08 13:33:32] [OK] qsub output: Your job 6481123 ("adversarial_hpc_submit.pbs") has been submitted
[2026-09-08 13:33:32] [SUBMIT] MobileNet/Cifar10/PGD/ALL
[2026-09-08 13:33:32] [CMD] qsub -q all.q -l ngpus=1 -v MODEL="MobileNet",DATASET="Cifar10",ATTACK="PGD",KIND="ALL",PHASE="generate",OUTPUT_DIR="adversarial_results_ep100_pre300" adversarial_hpc_submit.pbs </dev/null
[2026-09-08 13:33:36] [OK] InceptionNet/TinyImageNet/APGD/ALL
[2026-09-08 13:33:36] [OK] qsub output: Your job 6481125 ("adversarial_hpc_submit.pbs") has been submitted
[2026-09-08 13:33:36] [SUBMIT] InceptionNet/TinyImageNet/CW/ALL
[2026-09-08 13:33:36] [CMD] qsub -q all.q -l ngpus=1 -v MODEL="InceptionNet",DATASET="TinyImageNet",ATTACK="CW",KIND="ALL",PHASE="generate",OUTPUT_DIR="adversarial_results_ep300_pre100" adversarial_hpc_submit.pbs </dev/null
[2026-09-08 13:33:42] [OK] InceptionNet/TinyImageNet/DeepFool/ALL
[2026-09-08 13:33:42] [OK] qsub output: Your job 6481126 ("adversarial_hpc_submit.pbs") has been submitted
[2026-09-08 13:33:42] [SUBMIT] MobileNet/Cifar10/PGD/ALL
[2026-09-08 13:33:42] [CMD] qsub -q all.q -l ngpus=1 -v MODEL="MobileNet",DATASET="Cifar10",ATTACK="PGD",KIND="ALL",PHASE="generate",OUTPUT_DIR="adversarial_results_ep200_pre200" adversarial_hpc_submit.pbs </dev/null
[2026-09-08 13:33:42] [OK] MobileNet/Cifar10/PGD/ALL
[2026-09-08 13:33:42] [OK] qsub output: Your job 6481127 ("adversarial_hpc_submit.pbs") has been submitted
[2026-09-08 13:33:42] [SUBMIT] MobileNet/Cifar10/FGSM/ALL
[2026-09-08 13:33:42] [CMD] qsub -q all.q -l ngpus=1 -v MODEL="MobileNet",DATASET="Cifar10",ATTACK="FGSM",KIND="ALL",PHASE="generate",OUTPUT_DIR="adversarial_results_ep100_pre300" adversarial_hpc_submit.pbs </dev/null
[2026-09-08 13:33:47] [OK] InceptionNet/TinyImageNet/CW/ALL
[2026-09-08 13:33:47] [OK] qsub output: Your job 6481129 ("adversarial_hpc_submit.pbs") has been submitted
[2026-09-08 13:33:47] [SUBMIT] InceptionNet/TinyImageNet/DeepFool/ALL
[2026-09-08 13:33:47] [CMD] qsub -q all.q -l ngpus=1 -v MODEL="InceptionNet",DATASET="TinyImageNet",ATTACK="DeepFool",KIND="ALL",PHASE="generate",OUTPUT_DIR="adversarial_results_ep300_pre100" adversarial_hpc_submit.pbs </dev/null
[2026-09-08 13:33:52] [OK] MobileNet/Cifar10/FGSM/ALL
[2026-09-08 13:33:53] [OK] MobileNet/Cifar10/PGD/ALL
[2026-09-08 13:33:53] [OK] qsub output: Your job 6481131 ("adversarial_hpc_submit.pbs") has been submitted
[2026-09-08 13:33:53] [OK] qsub output: Your job 6481130 ("adversarial_hpc_submit.pbs") has been submitted
[2026-09-08 13:33:53] [SUBMIT] MobileNet/Cifar10/IFGSM/ALL
[2026-09-08 13:33:53] [SUBMIT] MobileNet/Cifar10/FGSM/ALL
[2026-09-08 13:33:53] [CMD] qsub -q all.q -l ngpus=1 -v MODEL="MobileNet",DATASET="Cifar10",ATTACK="IFGSM",KIND="ALL",PHASE="generate",OUTPUT_DIR="adversarial_results_ep100_pre300" adversarial_hpc_submit.pbs </dev/null
[2026-09-08 13:33:53] [CMD] qsub -q all.q -l ngpus=1 -v MODEL="MobileNet",DATASET="Cifar10",ATTACK="FGSM",KIND="ALL",PHASE="generate",OUTPUT_DIR="adversarial_results_ep200_pre200" adversarial_hpc_submit.pbs </dev/null
[2026-09-08 13:33:56] [OK] InceptionNet/TinyImageNet/DeepFool/ALL
[2026-09-08 13:33:56] [OK] qsub output: Your job 6481133 ("adversarial_hpc_submit.pbs") has been submitted
[2026-09-08 13:33:56] [SUBMIT] MobileNet/Cifar10/PGD/ALL
[2026-09-08 13:33:56] [CMD] qsub -q all.q -l ngpus=1 -v MODEL="MobileNet",DATASET="Cifar10",ATTACK="PGD",KIND="ALL",PHASE="generate",OUTPUT_DIR="adversarial_results_ep300_pre100" adversarial_hpc_submit.pbs </dev/null
[2026-09-08 13:33:59] [OK] MobileNet/Cifar10/IFGSM/ALL
[2026-09-08 13:34:00] [OK] qsub output: Your job 6481135 ("adversarial_hpc_submit.pbs") has been submitted
[2026-09-08 13:34:00] [SUBMIT] MobileNet/Cifar10/BIM/ALL
[2026-09-08 13:34:00] [CMD] qsub -q all.q -l ngpus=1 -v MODEL="MobileNet",DATASET="Cifar10",ATTACK="BIM",KIND="ALL",PHASE="generate",OUTPUT_DIR="adversarial_results_ep100_pre300" adversarial_hpc_submit.pbs </dev/null
[2026-09-08 13:34:06] [OK] MobileNet/Cifar10/PGD/ALL
[2026-09-08 13:34:06] [OK] MobileNet/Cifar10/FGSM/ALL
[2026-09-08 13:34:06] [OK] qsub output: Your job 6481136 ("adversarial_hpc_submit.pbs") has been submitted
[2026-09-08 13:34:06] [OK] qsub output: Your job 6481134 ("adversarial_hpc_submit.pbs") has been submitted
[2026-09-08 13:34:06] [SUBMIT] MobileNet/Cifar10/FGSM/ALL
[2026-09-08 13:34:06] [SUBMIT] MobileNet/Cifar10/IFGSM/ALL
[2026-09-08 13:34:06] [CMD] qsub -q all.q -l ngpus=1 -v MODEL="MobileNet",DATASET="Cifar10",ATTACK="FGSM",KIND="ALL",PHASE="generate",OUTPUT_DIR="adversarial_results_ep300_pre100" adversarial_hpc_submit.pbs </dev/null
[2026-09-08 13:34:06] [CMD] qsub -q all.q -l ngpus=1 -v MODEL="MobileNet",DATASET="Cifar10",ATTACK="IFGSM",KIND="ALL",PHASE="generate",OUTPUT_DIR="adversarial_results_ep200_pre200" adversarial_hpc_submit.pbs </dev/null
[2026-09-08 13:34:12] [OK] MobileNet/Cifar10/BIM/ALL
[2026-09-08 13:34:14] [OK] qsub output: Your job 6481139 ("adversarial_hpc_submit.pbs") has been submitted
[2026-09-08 13:34:14] [SUBMIT] MobileNet/Cifar10/APGD/ALL
[2026-09-08 13:34:15] [CMD] qsub -q all.q -l ngpus=1 -v MODEL="MobileNet",DATASET="Cifar10",ATTACK="APGD",KIND="ALL",PHASE="generate",OUTPUT_DIR="adversarial_results_ep100_pre300" adversarial_hpc_submit.pbs </dev/null
[2026-09-08 13:34:21] [OK] MobileNet/Cifar10/IFGSM/ALL
[2026-09-08 13:34:21] [OK] MobileNet/Cifar10/FGSM/ALL
[2026-09-08 13:34:22] [OK] qsub output: Your job 6481141 ("adversarial_hpc_submit.pbs") has been submitted
[2026-09-08 13:34:24] [OK] qsub output: Your job 6481140 ("adversarial_hpc_submit.pbs") has been submitted
[2026-09-08 13:34:24] [SUBMIT] MobileNet/Cifar10/BIM/ALL
[2026-09-08 13:34:24] [SUBMIT] MobileNet/Cifar10/IFGSM/ALL
[2026-09-08 13:34:24] [CMD] qsub -q all.q -l ngpus=1 -v MODEL="MobileNet",DATASET="Cifar10",ATTACK="BIM",KIND="ALL",PHASE="generate",OUTPUT_DIR="adversarial_results_ep200_pre200" adversarial_hpc_submit.pbs </dev/null
[2026-09-08 13:34:24] [CMD] qsub -q all.q -l ngpus=1 -v MODEL="MobileNet",DATASET="Cifar10",ATTACK="IFGSM",KIND="ALL",PHASE="generate",OUTPUT_DIR="adversarial_results_ep300_pre100" adversarial_hpc_submit.pbs </dev/null
[2026-09-08 13:34:25] [OK] MobileNet/Cifar10/APGD/ALL
[2026-09-08 13:34:25] [OK] qsub output: Your job 6481143 ("adversarial_hpc_submit.pbs") has been submitted
[2026-09-08 13:34:26] [SUBMIT] MobileNet/Cifar10/CW/ALL
[2026-09-08 13:34:26] [CMD] qsub -q all.q -l ngpus=1 -v MODEL="MobileNet",DATASET="Cifar10",ATTACK="CW",KIND="ALL",PHASE="generate",OUTPUT_DIR="adversarial_results_ep100_pre300" adversarial_hpc_submit.pbs </dev/null
[2026-09-08 13:34:28] [OK] MobileNet/Cifar10/IFGSM/ALL
[2026-09-08 13:34:28] [OK] qsub output: Your job 6481144 ("adversarial_hpc_submit.pbs") has been submitted
[2026-09-08 13:34:28] [SUBMIT] MobileNet/Cifar10/BIM/ALL
[2026-09-08 13:34:28] [CMD] qsub -q all.q -l ngpus=1 -v MODEL="MobileNet",DATASET="Cifar10",ATTACK="BIM",KIND="ALL",PHASE="generate",OUTPUT_DIR="adversarial_results_ep300_pre100" adversarial_hpc_submit.pbs </dev/null
[2026-09-08 13:34:30] [OK] MobileNet/Cifar10/BIM/ALL
[2026-09-08 13:34:30] [OK] qsub output: Your job 6481145 ("adversarial_hpc_submit.pbs") has been submitted
[2026-09-08 13:34:31] [SUBMIT] MobileNet/Cifar10/APGD/ALL
[2026-09-08 13:34:31] [CMD] qsub -q all.q -l ngpus=1 -v MODEL="MobileNet",DATASET="Cifar10",ATTACK="APGD",KIND="ALL",PHASE="generate",OUTPUT_DIR="adversarial_results_ep200_pre200" adversarial_hpc_submit.pbs </dev/null
[2026-09-08 13:34:36] [OK] MobileNet/Cifar10/BIM/ALL
[2026-09-08 13:34:38] [OK] MobileNet/Cifar10/CW/ALL
[2026-09-08 13:34:45] [OK] MobileNet/Cifar10/APGD/ALL
[2026-09-08 13:34:50] [OK] qsub output: Your job 6481148 ("adversarial_hpc_submit.pbs") has been submitted
[2026-09-08 13:34:50] [OK] qsub output: Your job 6481147 ("adversarial_hpc_submit.pbs") has been submitted
[2026-09-08 13:34:50] [OK] qsub output: Your job 6481150 ("adversarial_hpc_submit.pbs") has been submitted
[2026-09-08 13:34:50] [SUBMIT] MobileNet/Cifar10/APGD/ALL
[2026-09-08 13:34:50] [SUBMIT] MobileNet/Cifar10/DeepFool/ALL
[2026-09-08 13:34:50] [CMD] qsub -q all.q -l ngpus=1 -v MODEL="MobileNet",DATASET="Cifar10",ATTACK="APGD",KIND="ALL",PHASE="generate",OUTPUT_DIR="adversarial_results_ep300_pre100" adversarial_hpc_submit.pbs </dev/null
[2026-09-08 13:34:50] [SUBMIT] MobileNet/Cifar10/CW/ALL
[2026-09-08 13:34:50] [CMD] qsub -q all.q -l ngpus=1 -v MODEL="MobileNet",DATASET="Cifar10",ATTACK="DeepFool",KIND="ALL",PHASE="generate",OUTPUT_DIR="adversarial_results_ep100_pre300" adversarial_hpc_submit.pbs </dev/null
[2026-09-08 13:34:50] [CMD] qsub -q all.q -l ngpus=1 -v MODEL="MobileNet",DATASET="Cifar10",ATTACK="CW",KIND="ALL",PHASE="generate",OUTPUT_DIR="adversarial_results_ep200_pre200" adversarial_hpc_submit.pbs </dev/null
[2026-09-08 13:34:59] [OK] MobileNet/Cifar10/DeepFool/ALL
[2026-09-08 13:35:00] [OK] MobileNet/Cifar10/APGD/ALL
[2026-09-08 13:35:01] [OK] MobileNet/Cifar10/CW/ALL
[2026-09-08 13:35:01] [OK] qsub output: Your job 6481154 ("adversarial_hpc_submit.pbs") has been submitted
[2026-09-08 13:35:02] [OK] qsub output: Your job 6481153 ("adversarial_hpc_submit.pbs") has been submitted
[2026-09-08 13:35:02] [OK] qsub output: Your job 6481155 ("adversarial_hpc_submit.pbs") has been submitted
[2026-09-08 13:35:02] [SUBMIT] MobileNet/Cifar100/PGD/ALL
[2026-09-08 13:35:02] [SUBMIT] MobileNet/Cifar10/CW/ALL
[2026-09-08 13:35:02] [CMD] qsub -q all.q -l ngpus=1 -v MODEL="MobileNet",DATASET="Cifar100",ATTACK="PGD",KIND="ALL",PHASE="generate",OUTPUT_DIR="adversarial_results_ep100_pre300" adversarial_hpc_submit.pbs </dev/null
[2026-09-08 13:35:02] [CMD] qsub -q all.q -l ngpus=1 -v MODEL="MobileNet",DATASET="Cifar10",ATTACK="CW",KIND="ALL",PHASE="generate",OUTPUT_DIR="adversarial_results_ep300_pre100" adversarial_hpc_submit.pbs </dev/null
[2026-09-08 13:35:02] [SUBMIT] MobileNet/Cifar10/DeepFool/ALL
[2026-09-08 13:35:02] [CMD] qsub -q all.q -l ngpus=1 -v MODEL="MobileNet",DATASET="Cifar10",ATTACK="DeepFool",KIND="ALL",PHASE="generate",OUTPUT_DIR="adversarial_results_ep200_pre200" adversarial_hpc_submit.pbs </dev/null
[2026-09-08 13:35:06] [OK] MobileNet/Cifar100/PGD/ALL
[2026-09-08 13:35:06] [OK] qsub output: Your job 6481158 ("adversarial_hpc_submit.pbs") has been submitted
[2026-09-08 13:35:06] [SUBMIT] MobileNet/Cifar100/FGSM/ALL
[2026-09-08 13:35:06] [CMD] qsub -q all.q -l ngpus=1 -v MODEL="MobileNet",DATASET="Cifar100",ATTACK="FGSM",KIND="ALL",PHASE="generate",OUTPUT_DIR="adversarial_results_ep100_pre300" adversarial_hpc_submit.pbs </dev/null
[2026-09-08 13:35:07] [OK] MobileNet/Cifar10/CW/ALL
[2026-09-08 13:35:07] [OK] qsub output: Your job 6481159 ("adversarial_hpc_submit.pbs") has been submitted
[2026-09-08 13:35:07] [SUBMIT] MobileNet/Cifar10/DeepFool/ALL
[2026-09-08 13:35:07] [CMD] qsub -q all.q -l ngpus=1 -v MODEL="MobileNet",DATASET="Cifar10",ATTACK="DeepFool",KIND="ALL",PHASE="generate",OUTPUT_DIR="adversarial_results_ep300_pre100" adversarial_hpc_submit.pbs </dev/null
[2026-09-08 13:35:14] [OK] MobileNet/Cifar10/DeepFool/ALL
[2026-09-08 13:35:15] [OK] MobileNet/Cifar100/FGSM/ALL
[2026-09-08 13:35:16] [OK] qsub output: Your job 6481160 ("adversarial_hpc_submit.pbs") has been submitted
[2026-09-08 13:35:16] [OK] qsub output: Your job 6481161 ("adversarial_hpc_submit.pbs") has been submitted
[2026-09-08 13:35:16] [SUBMIT] MobileNet/Cifar100/PGD/ALL
[2026-09-08 13:35:16] [SUBMIT] MobileNet/Cifar100/IFGSM/ALL
[2026-09-08 13:35:16] [CMD] qsub -q all.q -l ngpus=1 -v MODEL="MobileNet",DATASET="Cifar100",ATTACK="IFGSM",KIND="ALL",PHASE="generate",OUTPUT_DIR="adversarial_results_ep100_pre300" adversarial_hpc_submit.pbs </dev/null
[2026-09-08 13:35:16] [CMD] qsub -q all.q -l ngpus=1 -v MODEL="MobileNet",DATASET="Cifar100",ATTACK="PGD",KIND="ALL",PHASE="generate",OUTPUT_DIR="adversarial_results_ep200_pre200" adversarial_hpc_submit.pbs </dev/null
[2026-09-08 13:35:24] [OK] MobileNet/Cifar10/DeepFool/ALL
[2026-09-08 13:35:24] [OK] qsub output: Your job 6481163 ("adversarial_hpc_submit.pbs") has been submitted
[2026-09-08 13:35:24] [SUBMIT] MobileNet/Cifar100/PGD/ALL
[2026-09-08 13:35:24] [CMD] qsub -q all.q -l ngpus=1 -v MODEL="MobileNet",DATASET="Cifar100",ATTACK="PGD",KIND="ALL",PHASE="generate",OUTPUT_DIR="adversarial_results_ep300_pre100" adversarial_hpc_submit.pbs </dev/null
[2026-09-08 13:35:26] [OK] MobileNet/Cifar100/IFGSM/ALL
[2026-09-08 13:35:26] [OK] qsub output: Your job 6481165 ("adversarial_hpc_submit.pbs") has been submitted
[2026-09-08 13:35:27] [SUBMIT] MobileNet/Cifar100/BIM/ALL
[2026-09-08 13:35:27] [CMD] qsub -q all.q -l ngpus=1 -v MODEL="MobileNet",DATASET="Cifar100",ATTACK="BIM",KIND="ALL",PHASE="generate",OUTPUT_DIR="adversarial_results_ep100_pre300" adversarial_hpc_submit.pbs </dev/null
[2026-09-08 13:35:29] [OK] MobileNet/Cifar100/PGD/ALL
[2026-09-08 13:35:29] [OK] qsub output: Your job 6481166 ("adversarial_hpc_submit.pbs") has been submitted
[2026-09-08 13:35:29] [SUBMIT] MobileNet/Cifar100/FGSM/ALL
[2026-09-08 13:35:29] [CMD] qsub -q all.q -l ngpus=1 -v MODEL="MobileNet",DATASET="Cifar100",ATTACK="FGSM",KIND="ALL",PHASE="generate",OUTPUT_DIR="adversarial_results_ep200_pre200" adversarial_hpc_submit.pbs </dev/null
[2026-09-08 13:35:34] [OK] MobileNet/Cifar100/PGD/ALL
[2026-09-08 13:35:34] [OK] qsub output: Your job 6481168 ("adversarial_hpc_submit.pbs") has been submitted
[2026-09-08 13:35:34] [SUBMIT] MobileNet/Cifar100/FGSM/ALL
[2026-09-08 13:35:34] [CMD] qsub -q all.q -l ngpus=1 -v MODEL="MobileNet",DATASET="Cifar100",ATTACK="FGSM",KIND="ALL",PHASE="generate",OUTPUT_DIR="adversarial_results_ep300_pre100" adversarial_hpc_submit.pbs </dev/null
[2026-09-08 13:35:38] [OK] MobileNet/Cifar100/BIM/ALL
[2026-09-08 13:35:39] [OK] qsub output: Your job 6481169 ("adversarial_hpc_submit.pbs") has been submitted
[2026-09-08 13:35:39] [SUBMIT] MobileNet/Cifar100/APGD/ALL
[2026-09-08 13:35:39] [CMD] qsub -q all.q -l ngpus=1 -v MODEL="MobileNet",DATASET="Cifar100",ATTACK="APGD",KIND="ALL",PHASE="generate",OUTPUT_DIR="adversarial_results_ep100_pre300" adversarial_hpc_submit.pbs </dev/null
[2026-09-08 13:35:44] [OK] MobileNet/Cifar100/FGSM/ALL
[2026-09-08 13:35:44] [OK] qsub output: Your job 6481170 ("adversarial_hpc_submit.pbs") has been submitted
[2026-09-08 13:35:44] [SUBMIT] MobileNet/Cifar100/IFGSM/ALL
[2026-09-08 13:35:44] [CMD] qsub -q all.q -l ngpus=1 -v MODEL="MobileNet",DATASET="Cifar100",ATTACK="IFGSM",KIND="ALL",PHASE="generate",OUTPUT_DIR="adversarial_results_ep200_pre200" adversarial_hpc_submit.pbs </dev/null
[2026-09-08 13:35:44] [OK] MobileNet/Cifar100/FGSM/ALL
[2026-09-08 13:35:45] [OK] qsub output: Your job 6481171 ("adversarial_hpc_submit.pbs") has been submitted
[2026-09-08 13:35:45] [SUBMIT] MobileNet/Cifar100/IFGSM/ALL
[2026-09-08 13:35:45] [CMD] qsub -q all.q -l ngpus=1 -v MODEL="MobileNet",DATASET="Cifar100",ATTACK="IFGSM",KIND="ALL",PHASE="generate",OUTPUT_DIR="adversarial_results_ep300_pre100" adversarial_hpc_submit.pbs </dev/null
[2026-09-08 13:35:46] [OK] MobileNet/Cifar100/APGD/ALL
[2026-09-08 13:35:46] [OK] qsub output: Your job 6481173 ("adversarial_hpc_submit.pbs") has been submitted
[2026-09-08 13:35:46] [SUBMIT] MobileNet/Cifar100/CW/ALL
[2026-09-08 13:35:46] [CMD] qsub -q all.q -l ngpus=1 -v MODEL="MobileNet",DATASET="Cifar100",ATTACK="CW",KIND="ALL",PHASE="generate",OUTPUT_DIR="adversarial_results_ep100_pre300" adversarial_hpc_submit.pbs </dev/null
[2026-09-08 13:35:54] [OK] MobileNet/Cifar100/IFGSM/ALL
[2026-09-08 13:35:54] [OK] qsub output: Your job 6481175 ("adversarial_hpc_submit.pbs") has been submitted
[2026-09-08 13:35:54] [SUBMIT] MobileNet/Cifar100/BIM/ALL
[2026-09-08 13:35:54] [CMD] qsub -q all.q -l ngpus=1 -v MODEL="MobileNet",DATASET="Cifar100",ATTACK="BIM",KIND="ALL",PHASE="generate",OUTPUT_DIR="adversarial_results_ep200_pre200" adversarial_hpc_submit.pbs </dev/null
[2026-09-08 13:35:54] [OK] MobileNet/Cifar100/IFGSM/ALL
[2026-09-08 13:35:54] [OK] qsub output: Your job 6481176 ("adversarial_hpc_submit.pbs") has been submitted
[2026-09-08 13:35:54] [SUBMIT] MobileNet/Cifar100/BIM/ALL
[2026-09-08 13:35:54] [CMD] qsub -q all.q -l ngpus=1 -v MODEL="MobileNet",DATASET="Cifar100",ATTACK="BIM",KIND="ALL",PHASE="generate",OUTPUT_DIR="adversarial_results_ep300_pre100" adversarial_hpc_submit.pbs </dev/null
[2026-09-08 13:35:57] [OK] MobileNet/Cifar100/CW/ALL
[2026-09-08 13:35:57] [OK] qsub output: Your job 6481177 ("adversarial_hpc_submit.pbs") has been submitted
[2026-09-08 13:35:57] [SUBMIT] MobileNet/Cifar100/DeepFool/ALL
[2026-09-08 13:35:57] [CMD] qsub -q all.q -l ngpus=1 -v MODEL="MobileNet",DATASET="Cifar100",ATTACK="DeepFool",KIND="ALL",PHASE="generate",OUTPUT_DIR="adversarial_results_ep100_pre300" adversarial_hpc_submit.pbs </dev/null
[2026-09-08 13:36:04] [OK] MobileNet/Cifar100/BIM/ALL
[2026-09-08 13:36:04] [OK] qsub output: Your job 6481179 ("adversarial_hpc_submit.pbs") has been submitted
[2026-09-08 13:36:05] [SUBMIT] MobileNet/Cifar100/APGD/ALL
[2026-09-08 13:36:05] [CMD] qsub -q all.q -l ngpus=1 -v MODEL="MobileNet",DATASET="Cifar100",ATTACK="APGD",KIND="ALL",PHASE="generate",OUTPUT_DIR="adversarial_results_ep200_pre200" adversarial_hpc_submit.pbs </dev/null
[2026-09-08 13:36:06] [OK] MobileNet/Cifar100/BIM/ALL
[2026-09-08 13:36:06] [OK] qsub output: Your job 6481180 ("adversarial_hpc_submit.pbs") has been submitted
[2026-09-08 13:36:07] [SUBMIT] MobileNet/Cifar100/APGD/ALL
[2026-09-08 13:36:07] [CMD] qsub -q all.q -l ngpus=1 -v MODEL="MobileNet",DATASET="Cifar100",ATTACK="APGD",KIND="ALL",PHASE="generate",OUTPUT_DIR="adversarial_results_ep300_pre100" adversarial_hpc_submit.pbs </dev/null
[2026-09-08 13:36:11] [OK] MobileNet/Cifar100/DeepFool/ALL
[2026-09-08 13:36:11] [OK] qsub output: Your job 6481181 ("adversarial_hpc_submit.pbs") has been submitted
[2026-09-08 13:36:11] [SUBMIT] MobileNet/TinyImageNet/PGD/ALL
[2026-09-08 13:36:11] [CMD] qsub -q all.q -l ngpus=1 -v MODEL="MobileNet",DATASET="TinyImageNet",ATTACK="PGD",KIND="ALL",PHASE="generate",OUTPUT_DIR="adversarial_results_ep100_pre300" adversarial_hpc_submit.pbs </dev/null
[2026-09-08 13:36:17] [OK] MobileNet/Cifar100/APGD/ALL
[2026-09-08 13:36:17] [OK] qsub output: Your job 6481184 ("adversarial_hpc_submit.pbs") has been submitted
[2026-09-08 13:36:17] [SUBMIT] MobileNet/Cifar100/CW/ALL
[2026-09-08 13:36:17] [CMD] qsub -q all.q -l ngpus=1 -v MODEL="MobileNet",DATASET="Cifar100",ATTACK="CW",KIND="ALL",PHASE="generate",OUTPUT_DIR="adversarial_results_ep300_pre100" adversarial_hpc_submit.pbs </dev/null
[2026-09-08 13:36:17] [OK] MobileNet/Cifar100/APGD/ALL
[2026-09-08 13:36:17] [OK] qsub output: Your job 6481183 ("adversarial_hpc_submit.pbs") has been submitted
[2026-09-08 13:36:17] [SUBMIT] MobileNet/Cifar100/CW/ALL
[2026-09-08 13:36:17] [CMD] qsub -q all.q -l ngpus=1 -v MODEL="MobileNet",DATASET="Cifar100",ATTACK="CW",KIND="ALL",PHASE="generate",OUTPUT_DIR="adversarial_results_ep200_pre200" adversarial_hpc_submit.pbs </dev/null
[2026-09-08 13:36:26] [OK] MobileNet/TinyImageNet/PGD/ALL
[2026-09-08 13:36:26] [OK] qsub output: Your job 6481186 ("adversarial_hpc_submit.pbs") has been submitted
[2026-09-08 13:36:27] [SUBMIT] MobileNet/TinyImageNet/FGSM/ALL
[2026-09-08 13:36:27] [CMD] qsub -q all.q -l ngpus=1 -v MODEL="MobileNet",DATASET="TinyImageNet",ATTACK="FGSM",KIND="ALL",PHASE="generate",OUTPUT_DIR="adversarial_results_ep100_pre300" adversarial_hpc_submit.pbs </dev/null
[2026-09-08 13:36:34] [OK] MobileNet/Cifar100/CW/ALL
[2026-09-08 13:36:35] [OK] MobileNet/Cifar100/CW/ALL
[2026-09-08 13:36:36] [OK] qsub output: Your job 6481187 ("adversarial_hpc_submit.pbs") has been submitted
[2026-09-08 13:36:37] [OK] qsub output: Your job 6481188 ("adversarial_hpc_submit.pbs") has been submitted
[2026-09-08 13:36:37] [SUBMIT] MobileNet/Cifar100/DeepFool/ALL
[2026-09-08 13:36:37] [SUBMIT] MobileNet/Cifar100/DeepFool/ALL
[2026-09-08 13:36:37] [CMD] qsub -q all.q -l ngpus=1 -v MODEL="MobileNet",DATASET="Cifar100",ATTACK="DeepFool",KIND="ALL",PHASE="generate",OUTPUT_DIR="adversarial_results_ep200_pre200" adversarial_hpc_submit.pbs </dev/null
[2026-09-08 13:36:37] [CMD] qsub -q all.q -l ngpus=1 -v MODEL="MobileNet",DATASET="Cifar100",ATTACK="DeepFool",KIND="ALL",PHASE="generate",OUTPUT_DIR="adversarial_results_ep300_pre100" adversarial_hpc_submit.pbs </dev/null
[2026-09-08 13:36:42] [OK] MobileNet/TinyImageNet/FGSM/ALL
[2026-09-08 13:36:42] [OK] qsub output: Your job 6481190 ("adversarial_hpc_submit.pbs") has been submitted
[2026-09-08 13:36:42] [SUBMIT] MobileNet/TinyImageNet/IFGSM/ALL
[2026-09-08 13:36:42] [CMD] qsub -q all.q -l ngpus=1 -v MODEL="MobileNet",DATASET="TinyImageNet",ATTACK="IFGSM",KIND="ALL",PHASE="generate",OUTPUT_DIR="adversarial_results_ep100_pre300" adversarial_hpc_submit.pbs </dev/null
[2026-09-08 13:36:47] [OK] MobileNet/Cifar100/DeepFool/ALL
[2026-09-08 13:36:47] [OK] qsub output: Your job 6481191 ("adversarial_hpc_submit.pbs") has been submitted
[2026-09-08 13:36:47] [SUBMIT] MobileNet/TinyImageNet/PGD/ALL
[2026-09-08 13:36:47] [CMD] qsub -q all.q -l ngpus=1 -v MODEL="MobileNet",DATASET="TinyImageNet",ATTACK="PGD",KIND="ALL",PHASE="generate",OUTPUT_DIR="adversarial_results_ep300_pre100" adversarial_hpc_submit.pbs </dev/null
[2026-09-08 13:36:51] [OK] MobileNet/Cifar100/DeepFool/ALL
[2026-09-08 13:36:52] [OK] qsub output: Your job 6481192 ("adversarial_hpc_submit.pbs") has been submitted
[2026-09-08 13:36:52] [SUBMIT] MobileNet/TinyImageNet/PGD/ALL
[2026-09-08 13:36:52] [CMD] qsub -q all.q -l ngpus=1 -v MODEL="MobileNet",DATASET="TinyImageNet",ATTACK="PGD",KIND="ALL",PHASE="generate",OUTPUT_DIR="adversarial_results_ep200_pre200" adversarial_hpc_submit.pbs </dev/null
[2026-09-08 13:36:55] [OK] MobileNet/TinyImageNet/IFGSM/ALL
[2026-09-08 13:36:55] [OK] qsub output: Your job 6481194 ("adversarial_hpc_submit.pbs") has been submitted
[2026-09-08 13:36:55] [SUBMIT] MobileNet/TinyImageNet/BIM/ALL
[2026-09-08 13:36:55] [CMD] qsub -q all.q -l ngpus=1 -v MODEL="MobileNet",DATASET="TinyImageNet",ATTACK="BIM",KIND="ALL",PHASE="generate",OUTPUT_DIR="adversarial_results_ep100_pre300" adversarial_hpc_submit.pbs </dev/null
[2026-09-08 13:36:58] [OK] MobileNet/TinyImageNet/PGD/ALL
[2026-09-08 13:36:58] [OK] qsub output: Your job 6481196 ("adversarial_hpc_submit.pbs") has been submitted
[2026-09-08 13:36:58] [SUBMIT] MobileNet/TinyImageNet/FGSM/ALL
[2026-09-08 13:36:58] [CMD] qsub -q all.q -l ngpus=1 -v MODEL="MobileNet",DATASET="TinyImageNet",ATTACK="FGSM",KIND="ALL",PHASE="generate",OUTPUT_DIR="adversarial_results_ep200_pre200" adversarial_hpc_submit.pbs </dev/null
[2026-09-08 13:36:59] [OK] MobileNet/TinyImageNet/PGD/ALL
[2026-09-08 13:36:59] [OK] qsub output: Your job 6481195 ("adversarial_hpc_submit.pbs") has been submitted
[2026-09-08 13:36:59] [SUBMIT] MobileNet/TinyImageNet/FGSM/ALL
[2026-09-08 13:36:59] [CMD] qsub -q all.q -l ngpus=1 -v MODEL="MobileNet",DATASET="TinyImageNet",ATTACK="FGSM",KIND="ALL",PHASE="generate",OUTPUT_DIR="adversarial_results_ep300_pre100" adversarial_hpc_submit.pbs </dev/null
[2026-09-08 13:37:05] [OK] MobileNet/TinyImageNet/BIM/ALL
[2026-09-08 13:37:05] [OK] qsub output: Your job 6481198 ("adversarial_hpc_submit.pbs") has been submitted
[2026-09-08 13:37:05] [SUBMIT] MobileNet/TinyImageNet/APGD/ALL
[2026-09-08 13:37:05] [CMD] qsub -q all.q -l ngpus=1 -v MODEL="MobileNet",DATASET="TinyImageNet",ATTACK="APGD",KIND="ALL",PHASE="generate",OUTPUT_DIR="adversarial_results_ep100_pre300" adversarial_hpc_submit.pbs </dev/null
[2026-09-08 13:37:12] [OK] MobileNet/TinyImageNet/FGSM/ALL
[2026-09-08 13:37:12] [OK] qsub output: Your job 6481199 ("adversarial_hpc_submit.pbs") has been submitted
[2026-09-08 13:37:12] [SUBMIT] MobileNet/TinyImageNet/IFGSM/ALL
[2026-09-08 13:37:12] [CMD] qsub -q all.q -l ngpus=1 -v MODEL="MobileNet",DATASET="TinyImageNet",ATTACK="IFGSM",KIND="ALL",PHASE="generate",OUTPUT_DIR="adversarial_results_ep200_pre200" adversarial_hpc_submit.pbs </dev/null
[2026-09-08 13:37:16] [OK] MobileNet/TinyImageNet/FGSM/ALL
[2026-09-08 13:37:16] [OK] qsub output: Your job 6481200 ("adversarial_hpc_submit.pbs") has been submitted
[2026-09-08 13:37:16] [SUBMIT] MobileNet/TinyImageNet/IFGSM/ALL
[2026-09-08 13:37:16] [CMD] qsub -q all.q -l ngpus=1 -v MODEL="MobileNet",DATASET="TinyImageNet",ATTACK="IFGSM",KIND="ALL",PHASE="generate",OUTPUT_DIR="adversarial_results_ep300_pre100" adversarial_hpc_submit.pbs </dev/null
[2026-09-08 13:37:21] [OK] MobileNet/TinyImageNet/APGD/ALL
[2026-09-08 13:37:21] [OK] qsub output: Your job 6481202 ("adversarial_hpc_submit.pbs") has been submitted
[2026-09-08 13:37:21] [SUBMIT] MobileNet/TinyImageNet/CW/ALL
[2026-09-08 13:37:21] [CMD] qsub -q all.q -l ngpus=1 -v MODEL="MobileNet",DATASET="TinyImageNet",ATTACK="CW",KIND="ALL",PHASE="generate",OUTPUT_DIR="adversarial_results_ep100_pre300" adversarial_hpc_submit.pbs </dev/null
[2026-09-08 13:37:25] [OK] MobileNet/TinyImageNet/IFGSM/ALL
[2026-09-08 13:37:25] [OK] qsub output: Your job 6481204 ("adversarial_hpc_submit.pbs") has been submitted
[2026-09-08 13:37:25] [SUBMIT] MobileNet/TinyImageNet/BIM/ALL
[2026-09-08 13:37:25] [CMD] qsub -q all.q -l ngpus=1 -v MODEL="MobileNet",DATASET="TinyImageNet",ATTACK="BIM",KIND="ALL",PHASE="generate",OUTPUT_DIR="adversarial_results_ep200_pre200" adversarial_hpc_submit.pbs </dev/null
[2026-09-08 13:37:28] [OK] MobileNet/TinyImageNet/CW/ALL
[2026-09-08 13:37:28] [OK] qsub output: Your job 6481206 ("adversarial_hpc_submit.pbs") has been submitted
[2026-09-08 13:37:28] [SUBMIT] MobileNet/TinyImageNet/DeepFool/ALL
[2026-09-08 13:37:28] [CMD] qsub -q all.q -l ngpus=1 -v MODEL="MobileNet",DATASET="TinyImageNet",ATTACK="DeepFool",KIND="ALL",PHASE="generate",OUTPUT_DIR="adversarial_results_ep100_pre300" adversarial_hpc_submit.pbs </dev/null
[2026-09-08 13:37:31] [OK] MobileNet/TinyImageNet/BIM/ALL
[2026-09-08 13:37:31] [OK] qsub output: Your job 6481207 ("adversarial_hpc_submit.pbs") has been submitted
[2026-09-08 13:37:31] [SUBMIT] MobileNet/TinyImageNet/APGD/ALL
[2026-09-08 13:37:31] [CMD] qsub -q all.q -l ngpus=1 -v MODEL="MobileNet",DATASET="TinyImageNet",ATTACK="APGD",KIND="ALL",PHASE="generate",OUTPUT_DIR="adversarial_results_ep200_pre200" adversarial_hpc_submit.pbs </dev/null
[2026-09-08 13:37:32] [OK] MobileNet/TinyImageNet/IFGSM/ALL
[2026-09-08 13:37:32] [OK] qsub output: Your job 6481205 ("adversarial_hpc_submit.pbs") has been submitted
[2026-09-08 13:37:32] [SUBMIT] MobileNet/TinyImageNet/BIM/ALL
[2026-09-08 13:37:32] [CMD] qsub -q all.q -l ngpus=1 -v MODEL="MobileNet",DATASET="TinyImageNet",ATTACK="BIM",KIND="ALL",PHASE="generate",OUTPUT_DIR="adversarial_results_ep300_pre100" adversarial_hpc_submit.pbs </dev/null
[2026-09-08 13:37:33] [OK] MobileNet/TinyImageNet/DeepFool/ALL
[2026-09-08 13:37:33] [OK] qsub output: Your job 6481209 ("adversarial_hpc_submit.pbs") has been submitted
[2026-09-08 13:37:33] [SUBMIT] XceptionNet/Cifar10/PGD/ALL
[2026-09-08 13:37:33] [CMD] qsub -q all.q -l ngpus=1 -v MODEL="XceptionNet",DATASET="Cifar10",ATTACK="PGD",KIND="ALL",PHASE="generate",OUTPUT_DIR="adversarial_results_ep100_pre300" adversarial_hpc_submit.pbs </dev/null
[2026-09-08 13:37:40] [OK] MobileNet/TinyImageNet/BIM/ALL
[2026-09-08 13:37:40] [OK] qsub output: Your job 6481211 ("adversarial_hpc_submit.pbs") has been submitted
[2026-09-08 13:37:40] [SUBMIT] MobileNet/TinyImageNet/APGD/ALL
[2026-09-08 13:37:40] [CMD] qsub -q all.q -l ngpus=1 -v MODEL="MobileNet",DATASET="TinyImageNet",ATTACK="APGD",KIND="ALL",PHASE="generate",OUTPUT_DIR="adversarial_results_ep300_pre100" adversarial_hpc_submit.pbs </dev/null
[2026-09-08 13:37:42] [OK] MobileNet/TinyImageNet/APGD/ALL
[2026-09-08 13:37:42] [OK] qsub output: Your job 6481210 ("adversarial_hpc_submit.pbs") has been submitted
[2026-09-08 13:37:42] [SUBMIT] MobileNet/TinyImageNet/CW/ALL
[2026-09-08 13:37:42] [CMD] qsub -q all.q -l ngpus=1 -v MODEL="MobileNet",DATASET="TinyImageNet",ATTACK="CW",KIND="ALL",PHASE="generate",OUTPUT_DIR="adversarial_results_ep200_pre200" adversarial_hpc_submit.pbs </dev/null
[2026-09-08 13:37:43] [OK] XceptionNet/Cifar10/PGD/ALL
[2026-09-08 13:37:43] [OK] qsub output: Your job 6481212 ("adversarial_hpc_submit.pbs") has been submitted
[2026-09-08 13:37:43] [SUBMIT] XceptionNet/Cifar10/FGSM/ALL
[2026-09-08 13:37:43] [CMD] qsub -q all.q -l ngpus=1 -v MODEL="XceptionNet",DATASET="Cifar10",ATTACK="FGSM",KIND="ALL",PHASE="generate",OUTPUT_DIR="adversarial_results_ep100_pre300" adversarial_hpc_submit.pbs </dev/null
[2026-09-08 13:37:46] [OK] MobileNet/TinyImageNet/APGD/ALL
[2026-09-08 13:37:46] [OK] qsub output: Your job 6481214 ("adversarial_hpc_submit.pbs") has been submitted
[2026-09-08 13:37:46] [SUBMIT] MobileNet/TinyImageNet/CW/ALL
[2026-09-08 13:37:46] [CMD] qsub -q all.q -l ngpus=1 -v MODEL="MobileNet",DATASET="TinyImageNet",ATTACK="CW",KIND="ALL",PHASE="generate",OUTPUT_DIR="adversarial_results_ep300_pre100" adversarial_hpc_submit.pbs </dev/null
[2026-09-08 13:37:51] [OK] MobileNet/TinyImageNet/CW/ALL
[2026-09-08 13:37:51] [OK] qsub output: Your job 6481215 ("adversarial_hpc_submit.pbs") has been submitted
[2026-09-08 13:37:51] [SUBMIT] MobileNet/TinyImageNet/DeepFool/ALL
[2026-09-08 13:37:51] [CMD] qsub -q all.q -l ngpus=1 -v MODEL="MobileNet",DATASET="TinyImageNet",ATTACK="DeepFool",KIND="ALL",PHASE="generate",OUTPUT_DIR="adversarial_results_ep200_pre200" adversarial_hpc_submit.pbs </dev/null
[2026-09-08 13:37:53] [OK] XceptionNet/Cifar10/FGSM/ALL
[2026-09-08 13:37:53] [OK] qsub output: Your job 6481216 ("adversarial_hpc_submit.pbs") has been submitted
[2026-09-08 13:37:53] [SUBMIT] XceptionNet/Cifar10/IFGSM/ALL
[2026-09-08 13:37:53] [CMD] qsub -q all.q -l ngpus=1 -v MODEL="XceptionNet",DATASET="Cifar10",ATTACK="IFGSM",KIND="ALL",PHASE="generate",OUTPUT_DIR="adversarial_results_ep100_pre300" adversarial_hpc_submit.pbs </dev/null
[2026-09-08 13:37:54] [OK] MobileNet/TinyImageNet/CW/ALL
[2026-09-08 13:37:54] [OK] qsub output: Your job 6481218 ("adversarial_hpc_submit.pbs") has been submitted
[2026-09-08 13:37:55] [SUBMIT] MobileNet/TinyImageNet/DeepFool/ALL
[2026-09-08 13:37:55] [CMD] qsub -q all.q -l ngpus=1 -v MODEL="MobileNet",DATASET="TinyImageNet",ATTACK="DeepFool",KIND="ALL",PHASE="generate",OUTPUT_DIR="adversarial_results_ep300_pre100" adversarial_hpc_submit.pbs </dev/null
[2026-09-08 13:37:58] [OK] XceptionNet/Cifar10/IFGSM/ALL
[2026-09-08 13:37:58] [OK] qsub output: Your job 6481220 ("adversarial_hpc_submit.pbs") has been submitted
[2026-09-08 13:37:58] [OK] MobileNet/TinyImageNet/DeepFool/ALL
[2026-09-08 13:37:58] [OK] qsub output: Your job 6481219 ("adversarial_hpc_submit.pbs") has been submitted
[2026-09-08 13:37:58] [SUBMIT] XceptionNet/Cifar10/BIM/ALL
[2026-09-08 13:37:58] [CMD] qsub -q all.q -l ngpus=1 -v MODEL="XceptionNet",DATASET="Cifar10",ATTACK="BIM",KIND="ALL",PHASE="generate",OUTPUT_DIR="adversarial_results_ep100_pre300" adversarial_hpc_submit.pbs </dev/null
[2026-09-08 13:37:58] [SUBMIT] XceptionNet/Cifar10/PGD/ALL
[2026-09-08 13:37:58] [CMD] qsub -q all.q -l ngpus=1 -v MODEL="XceptionNet",DATASET="Cifar10",ATTACK="PGD",KIND="ALL",PHASE="generate",OUTPUT_DIR="adversarial_results_ep200_pre200" adversarial_hpc_submit.pbs </dev/null
[2026-09-08 13:38:01] [OK] MobileNet/TinyImageNet/DeepFool/ALL
[2026-09-08 13:38:01] [OK] qsub output: Your job 6481221 ("adversarial_hpc_submit.pbs") has been submitted
[2026-09-08 13:38:01] [SUBMIT] XceptionNet/Cifar10/PGD/ALL
[2026-09-08 13:38:01] [CMD] qsub -q all.q -l ngpus=1 -v MODEL="XceptionNet",DATASET="Cifar10",ATTACK="PGD",KIND="ALL",PHASE="generate",OUTPUT_DIR="adversarial_results_ep300_pre100" adversarial_hpc_submit.pbs </dev/null
[2026-09-08 13:38:05] [OK] XceptionNet/Cifar10/BIM/ALL
[2026-09-08 13:38:05] [OK] qsub output: Your job 6481224 ("adversarial_hpc_submit.pbs") has been submitted
[2026-09-08 13:38:05] [SUBMIT] XceptionNet/Cifar10/APGD/ALL
[2026-09-08 13:38:05] [CMD] qsub -q all.q -l ngpus=1 -v MODEL="XceptionNet",DATASET="Cifar10",ATTACK="APGD",KIND="ALL",PHASE="generate",OUTPUT_DIR="adversarial_results_ep100_pre300" adversarial_hpc_submit.pbs </dev/null
[2026-09-08 13:38:08] [OK] XceptionNet/Cifar10/PGD/ALL
[2026-09-08 13:38:09] [OK] qsub output: Your job 6481225 ("adversarial_hpc_submit.pbs") has been submitted
[2026-09-08 13:38:09] [SUBMIT] XceptionNet/Cifar10/FGSM/ALL
[2026-09-08 13:38:09] [CMD] qsub -q all.q -l ngpus=1 -v MODEL="XceptionNet",DATASET="Cifar10",ATTACK="FGSM",KIND="ALL",PHASE="generate",OUTPUT_DIR="adversarial_results_ep200_pre200" adversarial_hpc_submit.pbs </dev/null
[2026-09-08 13:38:09] [OK] XceptionNet/Cifar10/PGD/ALL
[2026-09-08 13:38:09] [OK] qsub output: Your job 6481226 ("adversarial_hpc_submit.pbs") has been submitted
[2026-09-08 13:38:10] [SUBMIT] XceptionNet/Cifar10/FGSM/ALL
[2026-09-08 13:38:10] [CMD] qsub -q all.q -l ngpus=1 -v MODEL="XceptionNet",DATASET="Cifar10",ATTACK="FGSM",KIND="ALL",PHASE="generate",OUTPUT_DIR="adversarial_results_ep300_pre100" adversarial_hpc_submit.pbs </dev/null
[2026-09-08 13:38:12] [OK] XceptionNet/Cifar10/APGD/ALL
[2026-09-08 13:38:12] [OK] qsub output: Your job 6481227 ("adversarial_hpc_submit.pbs") has been submitted
[2026-09-08 13:38:12] [SUBMIT] XceptionNet/Cifar10/CW/ALL
[2026-09-08 13:38:12] [CMD] qsub -q all.q -l ngpus=1 -v MODEL="XceptionNet",DATASET="Cifar10",ATTACK="CW",KIND="ALL",PHASE="generate",OUTPUT_DIR="adversarial_results_ep100_pre300" adversarial_hpc_submit.pbs </dev/null
[2026-09-08 13:38:16] [OK] XceptionNet/Cifar10/FGSM/ALL
[2026-09-08 13:38:18] [OK] qsub output: Your job 6481229 ("adversarial_hpc_submit.pbs") has been submitted
[2026-09-08 13:38:18] [SUBMIT] XceptionNet/Cifar10/IFGSM/ALL
[2026-09-08 13:38:18] [CMD] qsub -q all.q -l ngpus=1 -v MODEL="XceptionNet",DATASET="Cifar10",ATTACK="IFGSM",KIND="ALL",PHASE="generate",OUTPUT_DIR="adversarial_results_ep200_pre200" adversarial_hpc_submit.pbs </dev/null
[2026-09-08 13:38:23] [OK] XceptionNet/Cifar10/FGSM/ALL
[2026-09-08 13:38:23] [OK] qsub output: Your job 6481230 ("adversarial_hpc_submit.pbs") has been submitted
[2026-09-08 13:38:23] [SUBMIT] XceptionNet/Cifar10/IFGSM/ALL
[2026-09-08 13:38:23] [CMD] qsub -q all.q -l ngpus=1 -v MODEL="XceptionNet",DATASET="Cifar10",ATTACK="IFGSM",KIND="ALL",PHASE="generate",OUTPUT_DIR="adversarial_results_ep300_pre100" adversarial_hpc_submit.pbs </dev/null
[2026-09-08 13:38:24] [OK] XceptionNet/Cifar10/CW/ALL
[2026-09-08 13:38:24] [OK] qsub output: Your job 6481231 ("adversarial_hpc_submit.pbs") has been submitted
[2026-09-08 13:38:24] [SUBMIT] XceptionNet/Cifar10/DeepFool/ALL
[2026-09-08 13:38:24] [CMD] qsub -q all.q -l ngpus=1 -v MODEL="XceptionNet",DATASET="Cifar10",ATTACK="DeepFool",KIND="ALL",PHASE="generate",OUTPUT_DIR="adversarial_results_ep100_pre300" adversarial_hpc_submit.pbs </dev/null
[2026-09-08 13:38:26] [OK] XceptionNet/Cifar10/IFGSM/ALL
[2026-09-08 13:38:26] [OK] qsub output: Your job 6481232 ("adversarial_hpc_submit.pbs") has been submitted
[2026-09-08 13:38:26] [SUBMIT] XceptionNet/Cifar10/BIM/ALL
[2026-09-08 13:38:26] [CMD] qsub -q all.q -l ngpus=1 -v MODEL="XceptionNet",DATASET="Cifar10",ATTACK="BIM",KIND="ALL",PHASE="generate",OUTPUT_DIR="adversarial_results_ep200_pre200" adversarial_hpc_submit.pbs </dev/null
[2026-09-08 13:38:29] [OK] XceptionNet/Cifar10/IFGSM/ALL
[2026-09-08 13:38:29] [OK] qsub output: Your job 6481234 ("adversarial_hpc_submit.pbs") has been submitted
[2026-09-08 13:38:29] [SUBMIT] XceptionNet/Cifar10/BIM/ALL
[2026-09-08 13:38:29] [CMD] qsub -q all.q -l ngpus=1 -v MODEL="XceptionNet",DATASET="Cifar10",ATTACK="BIM",KIND="ALL",PHASE="generate",OUTPUT_DIR="adversarial_results_ep300_pre100" adversarial_hpc_submit.pbs </dev/null
[2026-09-08 13:38:31] [OK] XceptionNet/Cifar10/BIM/ALL
[2026-09-08 13:38:31] [OK] qsub output: Your job 6481236 ("adversarial_hpc_submit.pbs") has been submitted
[2026-09-08 13:38:32] [SUBMIT] XceptionNet/Cifar10/APGD/ALL
[2026-09-08 13:38:32] [CMD] qsub -q all.q -l ngpus=1 -v MODEL="XceptionNet",DATASET="Cifar10",ATTACK="APGD",KIND="ALL",PHASE="generate",OUTPUT_DIR="adversarial_results_ep200_pre200" adversarial_hpc_submit.pbs </dev/null
[2026-09-08 13:38:36] [OK] XceptionNet/Cifar10/DeepFool/ALL
[2026-09-08 13:38:38] [OK] qsub output: Your job 6481235 ("adversarial_hpc_submit.pbs") has been submitted
[2026-09-08 13:38:40] [SUBMIT] XceptionNet/Cifar100/PGD/ALL
[2026-09-08 13:38:40] [CMD] qsub -q all.q -l ngpus=1 -v MODEL="XceptionNet",DATASET="Cifar100",ATTACK="PGD",KIND="ALL",PHASE="generate",OUTPUT_DIR="adversarial_results_ep100_pre300" adversarial_hpc_submit.pbs </dev/null
[2026-09-08 13:38:43] [OK] XceptionNet/Cifar10/BIM/ALL
[2026-09-08 13:38:43] [OK] qsub output: Your job 6481238 ("adversarial_hpc_submit.pbs") has been submitted
[2026-09-08 13:38:43] [SUBMIT] XceptionNet/Cifar10/APGD/ALL
[2026-09-08 13:38:43] [CMD] qsub -q all.q -l ngpus=1 -v MODEL="XceptionNet",DATASET="Cifar10",ATTACK="APGD",KIND="ALL",PHASE="generate",OUTPUT_DIR="adversarial_results_ep300_pre100" adversarial_hpc_submit.pbs </dev/null
[2026-09-08 13:38:45] [OK] XceptionNet/Cifar100/PGD/ALL
[2026-09-08 13:38:45] [OK] qsub output: Your job 6481240 ("adversarial_hpc_submit.pbs") has been submitted
[2026-09-08 13:38:45] [SUBMIT] XceptionNet/Cifar100/FGSM/ALL
[2026-09-08 13:38:45] [CMD] qsub -q all.q -l ngpus=1 -v MODEL="XceptionNet",DATASET="Cifar100",ATTACK="FGSM",KIND="ALL",PHASE="generate",OUTPUT_DIR="adversarial_results_ep100_pre300" adversarial_hpc_submit.pbs </dev/null
[2026-09-08 13:38:48] [OK] XceptionNet/Cifar10/APGD/ALL
[2026-09-08 13:38:48] [OK] qsub output: Your job 6481239 ("adversarial_hpc_submit.pbs") has been submitted
[2026-09-08 13:38:48] [SUBMIT] XceptionNet/Cifar10/CW/ALL
[2026-09-08 13:38:48] [CMD] qsub -q all.q -l ngpus=1 -v MODEL="XceptionNet",DATASET="Cifar10",ATTACK="CW",KIND="ALL",PHASE="generate",OUTPUT_DIR="adversarial_results_ep200_pre200" adversarial_hpc_submit.pbs </dev/null
[2026-09-08 13:38:52] [OK] XceptionNet/Cifar10/APGD/ALL
[2026-09-08 13:38:52] [OK] qsub output: Your job 6481243 ("adversarial_hpc_submit.pbs") has been submitted
[2026-09-08 13:38:52] [SUBMIT] XceptionNet/Cifar10/CW/ALL
[2026-09-08 13:38:52] [CMD] qsub -q all.q -l ngpus=1 -v MODEL="XceptionNet",DATASET="Cifar10",ATTACK="CW",KIND="ALL",PHASE="generate",OUTPUT_DIR="adversarial_results_ep300_pre100" adversarial_hpc_submit.pbs </dev/null
[2026-09-08 13:38:55] [OK] XceptionNet/Cifar10/CW/ALL
[2026-09-08 13:38:55] [OK] qsub output: Your job 6481245 ("adversarial_hpc_submit.pbs") has been submitted
[2026-09-08 13:38:55] [SUBMIT] XceptionNet/Cifar10/DeepFool/ALL
[2026-09-08 13:38:55] [CMD] qsub -q all.q -l ngpus=1 -v MODEL="XceptionNet",DATASET="Cifar10",ATTACK="DeepFool",KIND="ALL",PHASE="generate",OUTPUT_DIR="adversarial_results_ep200_pre200" adversarial_hpc_submit.pbs </dev/null
[2026-09-08 13:38:58] [OK] XceptionNet/Cifar100/FGSM/ALL
[2026-09-08 13:38:58] [OK] qsub output: Your job 6481244 ("adversarial_hpc_submit.pbs") has been submitted
[2026-09-08 13:38:58] [SUBMIT] XceptionNet/Cifar100/IFGSM/ALL
[2026-09-08 13:38:58] [CMD] qsub -q all.q -l ngpus=1 -v MODEL="XceptionNet",DATASET="Cifar100",ATTACK="IFGSM",KIND="ALL",PHASE="generate",OUTPUT_DIR="adversarial_results_ep100_pre300" adversarial_hpc_submit.pbs </dev/null
[2026-09-08 13:39:02] [OK] XceptionNet/Cifar10/DeepFool/ALL
[2026-09-08 13:39:02] [OK] qsub output: Your job 6481248 ("adversarial_hpc_submit.pbs") has been submitted
[2026-09-08 13:39:02] [SUBMIT] XceptionNet/Cifar100/PGD/ALL
[2026-09-08 13:39:02] [CMD] qsub -q all.q -l ngpus=1 -v MODEL="XceptionNet",DATASET="Cifar100",ATTACK="PGD",KIND="ALL",PHASE="generate",OUTPUT_DIR="adversarial_results_ep200_pre200" adversarial_hpc_submit.pbs </dev/null
[2026-09-08 13:39:03] [OK] XceptionNet/Cifar10/CW/ALL
[2026-09-08 13:39:03] [OK] qsub output: Your job 6481247 ("adversarial_hpc_submit.pbs") has been submitted
[2026-09-08 13:39:03] [SUBMIT] XceptionNet/Cifar10/DeepFool/ALL
[2026-09-08 13:39:03] [CMD] qsub -q all.q -l ngpus=1 -v MODEL="XceptionNet",DATASET="Cifar10",ATTACK="DeepFool",KIND="ALL",PHASE="generate",OUTPUT_DIR="adversarial_results_ep300_pre100" adversarial_hpc_submit.pbs </dev/null
[2026-09-08 13:39:11] [OK] XceptionNet/Cifar100/IFGSM/ALL
[2026-09-08 13:39:13] [OK] qsub output: Your job 6481249 ("adversarial_hpc_submit.pbs") has been submitted
[2026-09-08 13:39:13] [SUBMIT] XceptionNet/Cifar100/BIM/ALL
[2026-09-08 13:39:13] [CMD] qsub -q all.q -l ngpus=1 -v MODEL="XceptionNet",DATASET="Cifar100",ATTACK="BIM",KIND="ALL",PHASE="generate",OUTPUT_DIR="adversarial_results_ep100_pre300" adversarial_hpc_submit.pbs </dev/null
[2026-09-08 13:39:18] [OK] XceptionNet/Cifar100/PGD/ALL
[2026-09-08 13:39:18] [OK] qsub output: Your job 6481251 ("adversarial_hpc_submit.pbs") has been submitted
[2026-09-08 13:39:18] [SUBMIT] XceptionNet/Cifar100/FGSM/ALL
[2026-09-08 13:39:18] [CMD] qsub -q all.q -l ngpus=1 -v MODEL="XceptionNet",DATASET="Cifar100",ATTACK="FGSM",KIND="ALL",PHASE="generate",OUTPUT_DIR="adversarial_results_ep200_pre200" adversarial_hpc_submit.pbs </dev/null
[2026-09-08 13:39:19] [OK] XceptionNet/Cifar10/DeepFool/ALL
[2026-09-08 13:39:19] [OK] qsub output: Your job 6481252 ("adversarial_hpc_submit.pbs") has been submitted
[2026-09-08 13:39:19] [SUBMIT] XceptionNet/Cifar100/PGD/ALL
[2026-09-08 13:39:19] [CMD] qsub -q all.q -l ngpus=1 -v MODEL="XceptionNet",DATASET="Cifar100",ATTACK="PGD",KIND="ALL",PHASE="generate",OUTPUT_DIR="adversarial_results_ep300_pre100" adversarial_hpc_submit.pbs </dev/null
[2026-09-08 13:39:26] [OK] XceptionNet/Cifar100/BIM/ALL
[2026-09-08 13:39:26] [OK] qsub output: Your job 6481255 ("adversarial_hpc_submit.pbs") has been submitted
[2026-09-08 13:39:26] [SUBMIT] XceptionNet/Cifar100/APGD/ALL
[2026-09-08 13:39:26] [CMD] qsub -q all.q -l ngpus=1 -v MODEL="XceptionNet",DATASET="Cifar100",ATTACK="APGD",KIND="ALL",PHASE="generate",OUTPUT_DIR="adversarial_results_ep100_pre300" adversarial_hpc_submit.pbs </dev/null
[2026-09-08 13:39:32] [OK] XceptionNet/Cifar100/FGSM/ALL
[2026-09-08 13:39:32] [OK] qsub output: Your job 6481256 ("adversarial_hpc_submit.pbs") has been submitted
[2026-09-08 13:39:32] [SUBMIT] XceptionNet/Cifar100/IFGSM/ALL
[2026-09-08 13:39:32] [CMD] qsub -q all.q -l ngpus=1 -v MODEL="XceptionNet",DATASET="Cifar100",ATTACK="IFGSM",KIND="ALL",PHASE="generate",OUTPUT_DIR="adversarial_results_ep200_pre200" adversarial_hpc_submit.pbs </dev/null
[2026-09-08 13:39:33] [OK] XceptionNet/Cifar100/PGD/ALL
[2026-09-08 13:39:33] [OK] qsub output: Your job 6481257 ("adversarial_hpc_submit.pbs") has been submitted
[2026-09-08 13:39:33] [SUBMIT] XceptionNet/Cifar100/FGSM/ALL
[2026-09-08 13:39:33] [CMD] qsub -q all.q -l ngpus=1 -v MODEL="XceptionNet",DATASET="Cifar100",ATTACK="FGSM",KIND="ALL",PHASE="generate",OUTPUT_DIR="adversarial_results_ep300_pre100" adversarial_hpc_submit.pbs </dev/null
[2026-09-08 13:39:37] [OK] XceptionNet/Cifar100/APGD/ALL
[2026-09-08 13:39:37] [OK] qsub output: Your job 6481260 ("adversarial_hpc_submit.pbs") has been submitted
[2026-09-08 13:39:38] [SUBMIT] XceptionNet/Cifar100/CW/ALL
[2026-09-08 13:39:38] [CMD] qsub -q all.q -l ngpus=1 -v MODEL="XceptionNet",DATASET="Cifar100",ATTACK="CW",KIND="ALL",PHASE="generate",OUTPUT_DIR="adversarial_results_ep100_pre300" adversarial_hpc_submit.pbs </dev/null
[2026-09-08 13:39:44] [OK] XceptionNet/Cifar100/IFGSM/ALL
[2026-09-08 13:39:44] [OK] qsub output: Your job 6481261 ("adversarial_hpc_submit.pbs") has been submitted
[2026-09-08 13:39:44] [SUBMIT] XceptionNet/Cifar100/BIM/ALL
[2026-09-08 13:39:44] [CMD] qsub -q all.q -l ngpus=1 -v MODEL="XceptionNet",DATASET="Cifar100",ATTACK="BIM",KIND="ALL",PHASE="generate",OUTPUT_DIR="adversarial_results_ep200_pre200" adversarial_hpc_submit.pbs </dev/null
[2026-09-08 13:39:47] [OK] XceptionNet/Cifar100/FGSM/ALL
[2026-09-08 13:39:47] [OK] qsub output: Your job 6481262 ("adversarial_hpc_submit.pbs") has been submitted
[2026-09-08 13:39:47] [SUBMIT] XceptionNet/Cifar100/IFGSM/ALL
[2026-09-08 13:39:47] [CMD] qsub -q all.q -l ngpus=1 -v MODEL="XceptionNet",DATASET="Cifar100",ATTACK="IFGSM",KIND="ALL",PHASE="generate",OUTPUT_DIR="adversarial_results_ep300_pre100" adversarial_hpc_submit.pbs </dev/null
[2026-09-08 13:39:51] [OK] XceptionNet/Cifar100/CW/ALL
[2026-09-08 13:39:52] [OK] qsub output: Your job 6481263 ("adversarial_hpc_submit.pbs") has been submitted
[2026-09-08 13:39:52] [SUBMIT] XceptionNet/Cifar100/DeepFool/ALL
[2026-09-08 13:39:52] [CMD] qsub -q all.q -l ngpus=1 -v MODEL="XceptionNet",DATASET="Cifar100",ATTACK="DeepFool",KIND="ALL",PHASE="generate",OUTPUT_DIR="adversarial_results_ep100_pre300" adversarial_hpc_submit.pbs </dev/null
[2026-09-08 13:40:02] [OK] XceptionNet/Cifar100/IFGSM/ALL
[2026-09-08 13:40:02] [OK] qsub output: Your job 6481268 ("adversarial_hpc_submit.pbs") has been submitted
[2026-09-08 13:40:03] [SUBMIT] XceptionNet/Cifar100/BIM/ALL
[2026-09-08 13:40:03] [CMD] qsub -q all.q -l ngpus=1 -v MODEL="XceptionNet",DATASET="Cifar100",ATTACK="BIM",KIND="ALL",PHASE="generate",OUTPUT_DIR="adversarial_results_ep300_pre100" adversarial_hpc_submit.pbs </dev/null
[2026-09-08 13:40:05] [OK] XceptionNet/Cifar100/BIM/ALL
[2026-09-08 13:40:05] [OK] qsub output: Your job 6481267 ("adversarial_hpc_submit.pbs") has been submitted
[2026-09-08 13:40:05] [SUBMIT] XceptionNet/Cifar100/APGD/ALL
[2026-09-08 13:40:05] [CMD] qsub -q all.q -l ngpus=1 -v MODEL="XceptionNet",DATASET="Cifar100",ATTACK="APGD",KIND="ALL",PHASE="generate",OUTPUT_DIR="adversarial_results_ep200_pre200" adversarial_hpc_submit.pbs </dev/null
[2026-09-08 13:40:10] [OK] XceptionNet/Cifar100/DeepFool/ALL
[2026-09-08 13:40:10] [OK] qsub output: Your job 6481269 ("adversarial_hpc_submit.pbs") has been submitted
[2026-09-08 13:40:10] [SUBMIT] XceptionNet/TinyImageNet/PGD/ALL
[2026-09-08 13:40:10] [CMD] qsub -q all.q -l ngpus=1 -v MODEL="XceptionNet",DATASET="TinyImageNet",ATTACK="PGD",KIND="ALL",PHASE="generate",OUTPUT_DIR="adversarial_results_ep100_pre300" adversarial_hpc_submit.pbs </dev/null
[2026-09-08 13:40:16] [OK] XceptionNet/Cifar100/BIM/ALL
[2026-09-08 13:40:16] [OK] qsub output: Your job 6481271 ("adversarial_hpc_submit.pbs") has been submitted
[2026-09-08 13:40:16] [SUBMIT] XceptionNet/Cifar100/APGD/ALL
[2026-09-08 13:40:16] [CMD] qsub -q all.q -l ngpus=1 -v MODEL="XceptionNet",DATASET="Cifar100",ATTACK="APGD",KIND="ALL",PHASE="generate",OUTPUT_DIR="adversarial_results_ep300_pre100" adversarial_hpc_submit.pbs </dev/null
[2026-09-08 13:40:17] [OK] XceptionNet/Cifar100/APGD/ALL
[2026-09-08 13:40:17] [OK] qsub output: Your job 6481272 ("adversarial_hpc_submit.pbs") has been submitted
[2026-09-08 13:40:17] [SUBMIT] XceptionNet/Cifar100/CW/ALL
[2026-09-08 13:40:17] [CMD] qsub -q all.q -l ngpus=1 -v MODEL="XceptionNet",DATASET="Cifar100",ATTACK="CW",KIND="ALL",PHASE="generate",OUTPUT_DIR="adversarial_results_ep200_pre200" adversarial_hpc_submit.pbs </dev/null
[2026-09-08 13:40:21] [OK] XceptionNet/TinyImageNet/PGD/ALL
[2026-09-08 13:40:21] [OK] qsub output: Your job 6481275 ("adversarial_hpc_submit.pbs") has been submitted
[2026-09-08 13:40:22] [SUBMIT] XceptionNet/TinyImageNet/FGSM/ALL
[2026-09-08 13:40:22] [CMD] qsub -q all.q -l ngpus=1 -v MODEL="XceptionNet",DATASET="TinyImageNet",ATTACK="FGSM",KIND="ALL",PHASE="generate",OUTPUT_DIR="adversarial_results_ep100_pre300" adversarial_hpc_submit.pbs </dev/null
[2026-09-08 13:40:25] [OK] XceptionNet/Cifar100/CW/ALL
[2026-09-08 13:40:26] [OK] qsub output: Your job 6481277 ("adversarial_hpc_submit.pbs") has been submitted
[2026-09-08 13:40:26] [SUBMIT] XceptionNet/Cifar100/DeepFool/ALL
[2026-09-08 13:40:26] [CMD] qsub -q all.q -l ngpus=1 -v MODEL="XceptionNet",DATASET="Cifar100",ATTACK="DeepFool",KIND="ALL",PHASE="generate",OUTPUT_DIR="adversarial_results_ep200_pre200" adversarial_hpc_submit.pbs </dev/null
[2026-09-08 13:40:28] [OK] XceptionNet/Cifar100/APGD/ALL
[2026-09-08 13:40:28] [OK] qsub output: Your job 6481276 ("adversarial_hpc_submit.pbs") has been submitted
[2026-09-08 13:40:28] [SUBMIT] XceptionNet/Cifar100/CW/ALL
[2026-09-08 13:40:29] [CMD] qsub -q all.q -l ngpus=1 -v MODEL="XceptionNet",DATASET="Cifar100",ATTACK="CW",KIND="ALL",PHASE="generate",OUTPUT_DIR="adversarial_results_ep300_pre100" adversarial_hpc_submit.pbs </dev/null
[2026-09-08 13:40:36] [OK] XceptionNet/Cifar100/DeepFool/ALL
[2026-09-08 13:40:36] [OK] qsub output: Your job 6481280 ("adversarial_hpc_submit.pbs") has been submitted
[2026-09-08 13:40:36] [SUBMIT] XceptionNet/TinyImageNet/PGD/ALL
[2026-09-08 13:40:36] [CMD] qsub -q all.q -l ngpus=1 -v MODEL="XceptionNet",DATASET="TinyImageNet",ATTACK="PGD",KIND="ALL",PHASE="generate",OUTPUT_DIR="adversarial_results_ep200_pre200" adversarial_hpc_submit.pbs </dev/null
[2026-09-08 13:40:36] [OK] XceptionNet/TinyImageNet/FGSM/ALL
[2026-09-08 13:40:36] [OK] qsub output: Your job 6481279 ("adversarial_hpc_submit.pbs") has been submitted
[2026-09-08 13:40:36] [SUBMIT] XceptionNet/TinyImageNet/IFGSM/ALL
[2026-09-08 13:40:36] [CMD] qsub -q all.q -l ngpus=1 -v MODEL="XceptionNet",DATASET="TinyImageNet",ATTACK="IFGSM",KIND="ALL",PHASE="generate",OUTPUT_DIR="adversarial_results_ep100_pre300" adversarial_hpc_submit.pbs </dev/null
[2026-09-08 13:40:44] [OK] XceptionNet/Cifar100/CW/ALL
[2026-09-08 13:40:44] [OK] qsub output: Your job 6481281 ("adversarial_hpc_submit.pbs") has been submitted
[2026-09-08 13:40:44] [SUBMIT] XceptionNet/Cifar100/DeepFool/ALL
[2026-09-08 13:40:44] [CMD] qsub -q all.q -l ngpus=1 -v MODEL="XceptionNet",DATASET="Cifar100",ATTACK="DeepFool",KIND="ALL",PHASE="generate",OUTPUT_DIR="adversarial_results_ep300_pre100" adversarial_hpc_submit.pbs </dev/null
[2026-09-08 13:40:46] [OK] XceptionNet/TinyImageNet/IFGSM/ALL
[2026-09-08 13:40:46] [OK] qsub output: Your job 6481284 ("adversarial_hpc_submit.pbs") has been submitted
[2026-09-08 13:40:46] [SUBMIT] XceptionNet/TinyImageNet/BIM/ALL
[2026-09-08 13:40:46] [CMD] qsub -q all.q -l ngpus=1 -v MODEL="XceptionNet",DATASET="TinyImageNet",ATTACK="BIM",KIND="ALL",PHASE="generate",OUTPUT_DIR="adversarial_results_ep100_pre300" adversarial_hpc_submit.pbs </dev/null
[2026-09-08 13:40:49] [OK] XceptionNet/TinyImageNet/PGD/ALL
[2026-09-08 13:40:49] [OK] qsub output: Your job 6481283 ("adversarial_hpc_submit.pbs") has been submitted
[2026-09-08 13:40:49] [SUBMIT] XceptionNet/TinyImageNet/FGSM/ALL
[2026-09-08 13:40:49] [CMD] qsub -q all.q -l ngpus=1 -v MODEL="XceptionNet",DATASET="TinyImageNet",ATTACK="FGSM",KIND="ALL",PHASE="generate",OUTPUT_DIR="adversarial_results_ep200_pre200" adversarial_hpc_submit.pbs </dev/null
[2026-09-08 13:40:57] [OK] XceptionNet/TinyImageNet/BIM/ALL
[2026-09-08 13:40:57] [OK] qsub output: Your job 6481287 ("adversarial_hpc_submit.pbs") has been submitted
[2026-09-08 13:40:57] [SUBMIT] XceptionNet/TinyImageNet/APGD/ALL
[2026-09-08 13:40:57] [CMD] qsub -q all.q -l ngpus=1 -v MODEL="XceptionNet",DATASET="TinyImageNet",ATTACK="APGD",KIND="ALL",PHASE="generate",OUTPUT_DIR="adversarial_results_ep100_pre300" adversarial_hpc_submit.pbs </dev/null
[2026-09-08 13:40:58] [OK] XceptionNet/Cifar100/DeepFool/ALL
[2026-09-08 13:40:58] [OK] qsub output: Your job 6481286 ("adversarial_hpc_submit.pbs") has been submitted
[2026-09-08 13:40:59] [SUBMIT] XceptionNet/TinyImageNet/PGD/ALL
[2026-09-08 13:40:59] [CMD] qsub -q all.q -l ngpus=1 -v MODEL="XceptionNet",DATASET="TinyImageNet",ATTACK="PGD",KIND="ALL",PHASE="generate",OUTPUT_DIR="adversarial_results_ep300_pre100" adversarial_hpc_submit.pbs </dev/null
[2026-09-08 13:41:03] [OK] XceptionNet/TinyImageNet/FGSM/ALL
[2026-09-08 13:41:03] [OK] qsub output: Your job 6481289 ("adversarial_hpc_submit.pbs") has been submitted
[2026-09-08 13:41:03] [SUBMIT] XceptionNet/TinyImageNet/IFGSM/ALL
[2026-09-08 13:41:03] [CMD] qsub -q all.q -l ngpus=1 -v MODEL="XceptionNet",DATASET="TinyImageNet",ATTACK="IFGSM",KIND="ALL",PHASE="generate",OUTPUT_DIR="adversarial_results_ep200_pre200" adversarial_hpc_submit.pbs </dev/null
[2026-09-08 13:41:10] [OK] XceptionNet/TinyImageNet/PGD/ALL
[2026-09-08 13:41:10] [OK] qsub output: Your job 6481292 ("adversarial_hpc_submit.pbs") has been submitted
[2026-09-08 13:41:10] [SUBMIT] XceptionNet/TinyImageNet/FGSM/ALL
[2026-09-08 13:41:10] [CMD] qsub -q all.q -l ngpus=1 -v MODEL="XceptionNet",DATASET="TinyImageNet",ATTACK="FGSM",KIND="ALL",PHASE="generate",OUTPUT_DIR="adversarial_results_ep300_pre100" adversarial_hpc_submit.pbs </dev/null
[2026-09-08 13:41:10] [OK] XceptionNet/TinyImageNet/APGD/ALL
[2026-09-08 13:41:10] [OK] qsub output: Your job 6481291 ("adversarial_hpc_submit.pbs") has been submitted
[2026-09-08 13:41:11] [SUBMIT] XceptionNet/TinyImageNet/CW/ALL
[2026-09-08 13:41:11] [CMD] qsub -q all.q -l ngpus=1 -v MODEL="XceptionNet",DATASET="TinyImageNet",ATTACK="CW",KIND="ALL",PHASE="generate",OUTPUT_DIR="adversarial_results_ep100_pre300" adversarial_hpc_submit.pbs </dev/null
[2026-09-08 13:41:14] [OK] XceptionNet/TinyImageNet/IFGSM/ALL
[2026-09-08 13:41:14] [OK] qsub output: Your job 6481293 ("adversarial_hpc_submit.pbs") has been submitted
[2026-09-08 13:41:14] [SUBMIT] XceptionNet/TinyImageNet/BIM/ALL
[2026-09-08 13:41:14] [CMD] qsub -q all.q -l ngpus=1 -v MODEL="XceptionNet",DATASET="TinyImageNet",ATTACK="BIM",KIND="ALL",PHASE="generate",OUTPUT_DIR="adversarial_results_ep200_pre200" adversarial_hpc_submit.pbs </dev/null
[2026-09-08 13:41:20] [OK] XceptionNet/TinyImageNet/FGSM/ALL
[2026-09-08 13:41:20] [OK] qsub output: Your job 6481295 ("adversarial_hpc_submit.pbs") has been submitted
[2026-09-08 13:41:20] [OK] XceptionNet/TinyImageNet/CW/ALL
[2026-09-08 13:41:20] [OK] qsub output: Your job 6481296 ("adversarial_hpc_submit.pbs") has been submitted
[2026-09-08 13:41:20] [SUBMIT] XceptionNet/TinyImageNet/IFGSM/ALL
[2026-09-08 13:41:20] [CMD] qsub -q all.q -l ngpus=1 -v MODEL="XceptionNet",DATASET="TinyImageNet",ATTACK="IFGSM",KIND="ALL",PHASE="generate",OUTPUT_DIR="adversarial_results_ep300_pre100" adversarial_hpc_submit.pbs </dev/null
[2026-09-08 13:41:20] [SUBMIT] XceptionNet/TinyImageNet/DeepFool/ALL
[2026-09-08 13:41:20] [CMD] qsub -q all.q -l ngpus=1 -v MODEL="XceptionNet",DATASET="TinyImageNet",ATTACK="DeepFool",KIND="ALL",PHASE="generate",OUTPUT_DIR="adversarial_results_ep100_pre300" adversarial_hpc_submit.pbs </dev/null
[2026-09-08 13:41:27] [OK] XceptionNet/TinyImageNet/BIM/ALL
[2026-09-08 13:41:27] [OK] qsub output: Your job 6481297 ("adversarial_hpc_submit.pbs") has been submitted
[2026-09-08 13:41:27] [SUBMIT] XceptionNet/TinyImageNet/APGD/ALL
[2026-09-08 13:41:27] [CMD] qsub -q all.q -l ngpus=1 -v MODEL="XceptionNet",DATASET="TinyImageNet",ATTACK="APGD",KIND="ALL",PHASE="generate",OUTPUT_DIR="adversarial_results_ep200_pre200" adversarial_hpc_submit.pbs </dev/null
[2026-09-08 13:41:35] [OK] XceptionNet/TinyImageNet/IFGSM/ALL
[2026-09-08 13:41:35] [OK] qsub output: Your job 6481299 ("adversarial_hpc_submit.pbs") has been submitted
[2026-09-08 13:41:35] [SUBMIT] XceptionNet/TinyImageNet/BIM/ALL
[2026-09-08 13:41:35] [OK] XceptionNet/TinyImageNet/DeepFool/ALL
[2026-09-08 13:41:35] [CMD] qsub -q all.q -l ngpus=1 -v MODEL="XceptionNet",DATASET="TinyImageNet",ATTACK="BIM",KIND="ALL",PHASE="generate",OUTPUT_DIR="adversarial_results_ep300_pre100" adversarial_hpc_submit.pbs </dev/null
[2026-09-08 13:41:35] [OK] qsub output: Your job 6481300 ("adversarial_hpc_submit.pbs") has been submitted
[2026-09-08 13:41:35] [SUBMIT] ConvNeXt/Cifar10/PGD/ALL
[2026-09-08 13:41:35] [CMD] qsub -q all.q -l ngpus=1 -v MODEL="ConvNeXt",DATASET="Cifar10",ATTACK="PGD",KIND="ALL",PHASE="generate",OUTPUT_DIR="adversarial_results_ep100_pre300" adversarial_hpc_submit.pbs </dev/null
[2026-09-08 13:41:42] [OK] XceptionNet/TinyImageNet/APGD/ALL
[2026-09-08 13:41:42] [OK] qsub output: Your job 6481301 ("adversarial_hpc_submit.pbs") has been submitted
[2026-09-08 13:41:42] [SUBMIT] XceptionNet/TinyImageNet/CW/ALL
[2026-09-08 13:41:42] [CMD] qsub -q all.q -l ngpus=1 -v MODEL="XceptionNet",DATASET="TinyImageNet",ATTACK="CW",KIND="ALL",PHASE="generate",OUTPUT_DIR="adversarial_results_ep200_pre200" adversarial_hpc_submit.pbs </dev/null
[2026-09-08 13:41:44] [OK] ConvNeXt/Cifar10/PGD/ALL
[2026-09-08 13:41:44] [OK] qsub output: Your job 6481304 ("adversarial_hpc_submit.pbs") has been submitted
[2026-09-08 13:41:44] [SUBMIT] ConvNeXt/Cifar10/FGSM/ALL
[2026-09-08 13:41:44] [CMD] qsub -q all.q -l ngpus=1 -v MODEL="ConvNeXt",DATASET="Cifar10",ATTACK="FGSM",KIND="ALL",PHASE="generate",OUTPUT_DIR="adversarial_results_ep100_pre300" adversarial_hpc_submit.pbs </dev/null
[2026-09-08 13:41:49] [OK] XceptionNet/TinyImageNet/BIM/ALL
[2026-09-08 13:41:49] [OK] qsub output: Your job 6481303 ("adversarial_hpc_submit.pbs") has been submitted
[2026-09-08 13:41:49] [SUBMIT] XceptionNet/TinyImageNet/APGD/ALL
[2026-09-08 13:41:49] [CMD] qsub -q all.q -l ngpus=1 -v MODEL="XceptionNet",DATASET="TinyImageNet",ATTACK="APGD",KIND="ALL",PHASE="generate",OUTPUT_DIR="adversarial_results_ep300_pre100" adversarial_hpc_submit.pbs </dev/null
[2026-09-08 13:41:51] [OK] XceptionNet/TinyImageNet/CW/ALL
[2026-09-08 13:41:51] [OK] qsub output: Your job 6481306 ("adversarial_hpc_submit.pbs") has been submitted
[2026-09-08 13:41:51] [SUBMIT] XceptionNet/TinyImageNet/DeepFool/ALL
[2026-09-08 13:41:51] [CMD] qsub -q all.q -l ngpus=1 -v MODEL="XceptionNet",DATASET="TinyImageNet",ATTACK="DeepFool",KIND="ALL",PHASE="generate",OUTPUT_DIR="adversarial_results_ep200_pre200" adversarial_hpc_submit.pbs </dev/null
[2026-09-08 13:41:59] [OK] ConvNeXt/Cifar10/FGSM/ALL
[2026-09-08 13:42:01] [OK] qsub output: Your job 6481307 ("adversarial_hpc_submit.pbs") has been submitted
[2026-09-08 13:42:02] [SUBMIT] ConvNeXt/Cifar10/IFGSM/ALL
[2026-09-08 13:42:02] [CMD] qsub -q all.q -l ngpus=1 -v MODEL="ConvNeXt",DATASET="Cifar10",ATTACK="IFGSM",KIND="ALL",PHASE="generate",OUTPUT_DIR="adversarial_results_ep100_pre300" adversarial_hpc_submit.pbs </dev/null
[2026-09-08 13:42:04] [OK] XceptionNet/TinyImageNet/APGD/ALL
[2026-09-08 13:42:04] [OK] qsub output: Your job 6481308 ("adversarial_hpc_submit.pbs") has been submitted
[2026-09-08 13:42:04] [SUBMIT] XceptionNet/TinyImageNet/CW/ALL
[2026-09-08 13:42:04] [CMD] qsub -q all.q -l ngpus=1 -v MODEL="XceptionNet",DATASET="TinyImageNet",ATTACK="CW",KIND="ALL",PHASE="generate",OUTPUT_DIR="adversarial_results_ep300_pre100" adversarial_hpc_submit.pbs </dev/null
[2026-09-08 13:42:07] [OK] XceptionNet/TinyImageNet/DeepFool/ALL
[2026-09-08 13:42:07] [OK] qsub output: Your job 6481309 ("adversarial_hpc_submit.pbs") has been submitted
[2026-09-08 13:42:07] [SUBMIT] ConvNeXt/Cifar10/PGD/ALL
[2026-09-08 13:42:07] [CMD] qsub -q all.q -l ngpus=1 -v MODEL="ConvNeXt",DATASET="Cifar10",ATTACK="PGD",KIND="ALL",PHASE="generate",OUTPUT_DIR="adversarial_results_ep200_pre200" adversarial_hpc_submit.pbs </dev/null
[2026-09-08 13:42:13] [OK] XceptionNet/TinyImageNet/CW/ALL
[2026-09-08 13:42:13] [OK] qsub output: Your job 6481312 ("adversarial_hpc_submit.pbs") has been submitted
[2026-09-08 13:42:13] [SUBMIT] XceptionNet/TinyImageNet/DeepFool/ALL
[2026-09-08 13:42:13] [CMD] qsub -q all.q -l ngpus=1 -v MODEL="XceptionNet",DATASET="TinyImageNet",ATTACK="DeepFool",KIND="ALL",PHASE="generate",OUTPUT_DIR="adversarial_results_ep300_pre100" adversarial_hpc_submit.pbs </dev/null
[2026-09-08 13:42:13] [OK] ConvNeXt/Cifar10/IFGSM/ALL
[2026-09-08 13:42:14] [OK] qsub output: Your job 6481311 ("adversarial_hpc_submit.pbs") has been submitted
[2026-09-08 13:42:15] [SUBMIT] ConvNeXt/Cifar10/BIM/ALL
[2026-09-08 13:42:15] [CMD] qsub -q all.q -l ngpus=1 -v MODEL="ConvNeXt",DATASET="Cifar10",ATTACK="BIM",KIND="ALL",PHASE="generate",OUTPUT_DIR="adversarial_results_ep100_pre300" adversarial_hpc_submit.pbs </dev/null
[2026-09-08 13:42:16] [OK] ConvNeXt/Cifar10/PGD/ALL
[2026-09-08 13:42:16] [OK] qsub output: Your job 6481313 ("adversarial_hpc_submit.pbs") has been submitted
[2026-09-08 13:42:17] [SUBMIT] ConvNeXt/Cifar10/FGSM/ALL
[2026-09-08 13:42:17] [CMD] qsub -q all.q -l ngpus=1 -v MODEL="ConvNeXt",DATASET="Cifar10",ATTACK="FGSM",KIND="ALL",PHASE="generate",OUTPUT_DIR="adversarial_results_ep200_pre200" adversarial_hpc_submit.pbs </dev/null
[2026-09-08 13:42:27] [OK] ConvNeXt/Cifar10/BIM/ALL
[2026-09-08 13:42:27] [OK] qsub output: Your job 6481317 ("adversarial_hpc_submit.pbs") has been submitted
[2026-09-08 13:42:27] [SUBMIT] ConvNeXt/Cifar10/APGD/ALL
[2026-09-08 13:42:27] [CMD] qsub -q all.q -l ngpus=1 -v MODEL="ConvNeXt",DATASET="Cifar10",ATTACK="APGD",KIND="ALL",PHASE="generate",OUTPUT_DIR="adversarial_results_ep100_pre300" adversarial_hpc_submit.pbs </dev/null
[2026-09-08 13:42:27] [OK] XceptionNet/TinyImageNet/DeepFool/ALL
[2026-09-08 13:42:28] [OK] qsub output: Your job 6481316 ("adversarial_hpc_submit.pbs") has been submitted
[2026-09-08 13:42:28] [SUBMIT] ConvNeXt/Cifar10/PGD/ALL
[2026-09-08 13:42:28] [CMD] qsub -q all.q -l ngpus=1 -v MODEL="ConvNeXt",DATASET="Cifar10",ATTACK="PGD",KIND="ALL",PHASE="generate",OUTPUT_DIR="adversarial_results_ep300_pre100" adversarial_hpc_submit.pbs </dev/null
[2026-09-08 13:42:29] [OK] ConvNeXt/Cifar10/FGSM/ALL
[2026-09-08 13:42:29] [OK] qsub output: Your job 6481318 ("adversarial_hpc_submit.pbs") has been submitted
[2026-09-08 13:42:30] [SUBMIT] ConvNeXt/Cifar10/IFGSM/ALL
[2026-09-08 13:42:30] [CMD] qsub -q all.q -l ngpus=1 -v MODEL="ConvNeXt",DATASET="Cifar10",ATTACK="IFGSM",KIND="ALL",PHASE="generate",OUTPUT_DIR="adversarial_results_ep200_pre200" adversarial_hpc_submit.pbs </dev/null
[2026-09-08 13:42:35] [OK] ConvNeXt/Cifar10/PGD/ALL
[2026-09-08 13:42:35] [OK] qsub output: Your job 6481321 ("adversarial_hpc_submit.pbs") has been submitted
[2026-09-08 13:42:35] [SUBMIT] ConvNeXt/Cifar10/FGSM/ALL
[2026-09-08 13:42:35] [CMD] qsub -q all.q -l ngpus=1 -v MODEL="ConvNeXt",DATASET="Cifar10",ATTACK="FGSM",KIND="ALL",PHASE="generate",OUTPUT_DIR="adversarial_results_ep300_pre100" adversarial_hpc_submit.pbs </dev/null
[2026-09-08 13:42:38] [OK] ConvNeXt/Cifar10/APGD/ALL
[2026-09-08 13:42:38] [OK] qsub output: Your job 6481320 ("adversarial_hpc_submit.pbs") has been submitted
[2026-09-08 13:42:38] [SUBMIT] ConvNeXt/Cifar10/CW/ALL
[2026-09-08 13:42:38] [CMD] qsub -q all.q -l ngpus=1 -v MODEL="ConvNeXt",DATASET="Cifar10",ATTACK="CW",KIND="ALL",PHASE="generate",OUTPUT_DIR="adversarial_results_ep100_pre300" adversarial_hpc_submit.pbs </dev/null
[2026-09-08 13:42:45] [OK] ConvNeXt/Cifar10/IFGSM/ALL
[2026-09-08 13:42:45] [OK] qsub output: Your job 6481323 ("adversarial_hpc_submit.pbs") has been submitted
[2026-09-08 13:42:45] [SUBMIT] ConvNeXt/Cifar10/BIM/ALL
[2026-09-08 13:42:45] [CMD] qsub -q all.q -l ngpus=1 -v MODEL="ConvNeXt",DATASET="Cifar10",ATTACK="BIM",KIND="ALL",PHASE="generate",OUTPUT_DIR="adversarial_results_ep200_pre200" adversarial_hpc_submit.pbs </dev/null
[2026-09-08 13:42:46] [OK] ConvNeXt/Cifar10/FGSM/ALL
[2026-09-08 13:42:46] [OK] qsub output: Your job 6481324 ("adversarial_hpc_submit.pbs") has been submitted
[2026-09-08 13:42:46] [SUBMIT] ConvNeXt/Cifar10/IFGSM/ALL
[2026-09-08 13:42:46] [CMD] qsub -q all.q -l ngpus=1 -v MODEL="ConvNeXt",DATASET="Cifar10",ATTACK="IFGSM",KIND="ALL",PHASE="generate",OUTPUT_DIR="adversarial_results_ep300_pre100" adversarial_hpc_submit.pbs </dev/null
[2026-09-08 13:42:53] [OK] ConvNeXt/Cifar10/CW/ALL
[2026-09-08 13:42:53] [OK] qsub output: Your job 6481327 ("adversarial_hpc_submit.pbs") has been submitted
[2026-09-08 13:42:53] [SUBMIT] ConvNeXt/Cifar10/DeepFool/ALL
[2026-09-08 13:42:53] [CMD] qsub -q all.q -l ngpus=1 -v MODEL="ConvNeXt",DATASET="Cifar10",ATTACK="DeepFool",KIND="ALL",PHASE="generate",OUTPUT_DIR="adversarial_results_ep100_pre300" adversarial_hpc_submit.pbs </dev/null
[2026-09-08 13:42:54] [OK] ConvNeXt/Cifar10/BIM/ALL
[2026-09-08 13:42:54] [OK] qsub output: Your job 6481328 ("adversarial_hpc_submit.pbs") has been submitted
[2026-09-08 13:42:55] [SUBMIT] ConvNeXt/Cifar10/APGD/ALL
[2026-09-08 13:42:55] [CMD] qsub -q all.q -l ngpus=1 -v MODEL="ConvNeXt",DATASET="Cifar10",ATTACK="APGD",KIND="ALL",PHASE="generate",OUTPUT_DIR="adversarial_results_ep200_pre200" adversarial_hpc_submit.pbs </dev/null
[2026-09-08 13:42:59] [OK] ConvNeXt/Cifar10/IFGSM/ALL
[2026-09-08 13:42:59] [OK] qsub output: Your job 6481329 ("adversarial_hpc_submit.pbs") has been submitted
[2026-09-08 13:42:59] [SUBMIT] ConvNeXt/Cifar10/BIM/ALL
[2026-09-08 13:42:59] [CMD] qsub -q all.q -l ngpus=1 -v MODEL="ConvNeXt",DATASET="Cifar10",ATTACK="BIM",KIND="ALL",PHASE="generate",OUTPUT_DIR="adversarial_results_ep300_pre100" adversarial_hpc_submit.pbs </dev/null
[2026-09-08 13:43:04] [OK] ConvNeXt/Cifar10/APGD/ALL
[2026-09-08 13:43:04] [OK] qsub output: Your job 6481332 ("adversarial_hpc_submit.pbs") has been submitted
[2026-09-08 13:43:04] [SUBMIT] ConvNeXt/Cifar10/CW/ALL
[2026-09-08 13:43:04] [CMD] qsub -q all.q -l ngpus=1 -v MODEL="ConvNeXt",DATASET="Cifar10",ATTACK="CW",KIND="ALL",PHASE="generate",OUTPUT_DIR="adversarial_results_ep200_pre200" adversarial_hpc_submit.pbs </dev/null
[2026-09-08 13:43:07] [OK] ConvNeXt/Cifar10/DeepFool/ALL
[2026-09-08 13:43:07] [OK] qsub output: Your job 6481331 ("adversarial_hpc_submit.pbs") has been submitted
[2026-09-08 13:43:07] [SUBMIT] ConvNeXt/Cifar100/PGD/ALL
[2026-09-08 13:43:07] [CMD] qsub -q all.q -l ngpus=1 -v MODEL="ConvNeXt",DATASET="Cifar100",ATTACK="PGD",KIND="ALL",PHASE="generate",OUTPUT_DIR="adversarial_results_ep100_pre300" adversarial_hpc_submit.pbs </dev/null
[2026-09-08 13:43:10] [OK] ConvNeXt/Cifar10/BIM/ALL
[2026-09-08 13:43:10] [OK] qsub output: Your job 6481333 ("adversarial_hpc_submit.pbs") has been submitted
[2026-09-08 13:43:10] [SUBMIT] ConvNeXt/Cifar10/APGD/ALL
[2026-09-08 13:43:10] [CMD] qsub -q all.q -l ngpus=1 -v MODEL="ConvNeXt",DATASET="Cifar10",ATTACK="APGD",KIND="ALL",PHASE="generate",OUTPUT_DIR="adversarial_results_ep300_pre100" adversarial_hpc_submit.pbs </dev/null
[2026-09-08 13:43:15] [OK] ConvNeXt/Cifar100/PGD/ALL
[2026-09-08 13:43:15] [OK] qsub output: Your job 6481336 ("adversarial_hpc_submit.pbs") has been submitted
[2026-09-08 13:43:16] [SUBMIT] ConvNeXt/Cifar100/FGSM/ALL
[2026-09-08 13:43:16] [CMD] qsub -q all.q -l ngpus=1 -v MODEL="ConvNeXt",DATASET="Cifar100",ATTACK="FGSM",KIND="ALL",PHASE="generate",OUTPUT_DIR="adversarial_results_ep100_pre300" adversarial_hpc_submit.pbs </dev/null
[2026-09-08 13:43:17] [OK] ConvNeXt/Cifar10/APGD/ALL
[2026-09-08 13:43:17] [OK] qsub output: Your job 6481337 ("adversarial_hpc_submit.pbs") has been submitted
[2026-09-08 13:43:17] [SUBMIT] ConvNeXt/Cifar10/CW/ALL
[2026-09-08 13:43:17] [CMD] qsub -q all.q -l ngpus=1 -v MODEL="ConvNeXt",DATASET="Cifar10",ATTACK="CW",KIND="ALL",PHASE="generate",OUTPUT_DIR="adversarial_results_ep300_pre100" adversarial_hpc_submit.pbs </dev/null
[2026-09-08 13:43:20] [OK] ConvNeXt/Cifar10/CW/ALL
[2026-09-08 13:43:20] [OK] qsub output: Your job 6481335 ("adversarial_hpc_submit.pbs") has been submitted
[2026-09-08 13:43:20] [SUBMIT] ConvNeXt/Cifar10/DeepFool/ALL
[2026-09-08 13:43:20] [CMD] qsub -q all.q -l ngpus=1 -v MODEL="ConvNeXt",DATASET="Cifar10",ATTACK="DeepFool",KIND="ALL",PHASE="generate",OUTPUT_DIR="adversarial_results_ep200_pre200" adversarial_hpc_submit.pbs </dev/null
[2026-09-08 13:43:22] [OK] ConvNeXt/Cifar100/FGSM/ALL
[2026-09-08 13:43:22] [OK] qsub output: Your job 6481339 ("adversarial_hpc_submit.pbs") has been submitted
[2026-09-08 13:43:22] [SUBMIT] ConvNeXt/Cifar100/IFGSM/ALL
[2026-09-08 13:43:22] [CMD] qsub -q all.q -l ngpus=1 -v MODEL="ConvNeXt",DATASET="Cifar100",ATTACK="IFGSM",KIND="ALL",PHASE="generate",OUTPUT_DIR="adversarial_results_ep100_pre300" adversarial_hpc_submit.pbs </dev/null
[2026-09-08 13:43:31] [OK] ConvNeXt/Cifar10/CW/ALL
[2026-09-08 13:43:31] [OK] qsub output: Your job 6481340 ("adversarial_hpc_submit.pbs") has been submitted
[2026-09-08 13:43:31] [SUBMIT] ConvNeXt/Cifar10/DeepFool/ALL
[2026-09-08 13:43:31] [CMD] qsub -q all.q -l ngpus=1 -v MODEL="ConvNeXt",DATASET="Cifar10",ATTACK="DeepFool",KIND="ALL",PHASE="generate",OUTPUT_DIR="adversarial_results_ep300_pre100" adversarial_hpc_submit.pbs </dev/null
[2026-09-08 13:43:35] [OK] ConvNeXt/Cifar10/DeepFool/ALL
[2026-09-08 13:43:35] [OK] qsub output: Your job 6481342 ("adversarial_hpc_submit.pbs") has been submitted
[2026-09-08 13:43:35] [SUBMIT] ConvNeXt/Cifar100/PGD/ALL
[2026-09-08 13:43:35] [CMD] qsub -q all.q -l ngpus=1 -v MODEL="ConvNeXt",DATASET="Cifar100",ATTACK="PGD",KIND="ALL",PHASE="generate",OUTPUT_DIR="adversarial_results_ep200_pre200" adversarial_hpc_submit.pbs </dev/null
[2026-09-08 13:43:42] [OK] ConvNeXt/Cifar100/IFGSM/ALL
[2026-09-08 13:43:43] [OK] qsub output: Your job 6481343 ("adversarial_hpc_submit.pbs") has been submitted
[2026-09-08 13:43:43] [SUBMIT] ConvNeXt/Cifar100/BIM/ALL
[2026-09-08 13:43:43] [CMD] qsub -q all.q -l ngpus=1 -v MODEL="ConvNeXt",DATASET="Cifar100",ATTACK="BIM",KIND="ALL",PHASE="generate",OUTPUT_DIR="adversarial_results_ep100_pre300" adversarial_hpc_submit.pbs </dev/null
[2026-09-08 13:43:43] [OK] ConvNeXt/Cifar100/PGD/ALL
[2026-09-08 13:43:43] [OK] qsub output: Your job 6481346 ("adversarial_hpc_submit.pbs") has been submitted
[2026-09-08 13:43:44] [SUBMIT] ConvNeXt/Cifar100/FGSM/ALL
[2026-09-08 13:43:44] [CMD] qsub -q all.q -l ngpus=1 -v MODEL="ConvNeXt",DATASET="Cifar100",ATTACK="FGSM",KIND="ALL",PHASE="generate",OUTPUT_DIR="adversarial_results_ep200_pre200" adversarial_hpc_submit.pbs </dev/null
[2026-09-08 13:43:44] [OK] ConvNeXt/Cifar10/DeepFool/ALL
[2026-09-08 13:43:44] [OK] qsub output: Your job 6481345 ("adversarial_hpc_submit.pbs") has been submitted
[2026-09-08 13:43:44] [SUBMIT] ConvNeXt/Cifar100/PGD/ALL
[2026-09-08 13:43:44] [CMD] qsub -q all.q -l ngpus=1 -v MODEL="ConvNeXt",DATASET="Cifar100",ATTACK="PGD",KIND="ALL",PHASE="generate",OUTPUT_DIR="adversarial_results_ep300_pre100" adversarial_hpc_submit.pbs </dev/null
[2026-09-08 13:43:50] [OK] ConvNeXt/Cifar100/FGSM/ALL
[2026-09-08 13:43:50] [OK] ConvNeXt/Cifar100/BIM/ALL
[2026-09-08 13:43:50] [OK] qsub output: Your job 6481349 ("adversarial_hpc_submit.pbs") has been submitted
[2026-09-08 13:43:50] [OK] qsub output: Your job 6481348 ("adversarial_hpc_submit.pbs") has been submitted
[2026-09-08 13:43:50] [SUBMIT] ConvNeXt/Cifar100/IFGSM/ALL
[2026-09-08 13:43:50] [SUBMIT] ConvNeXt/Cifar100/APGD/ALL
[2026-09-08 13:43:50] [CMD] qsub -q all.q -l ngpus=1 -v MODEL="ConvNeXt",DATASET="Cifar100",ATTACK="IFGSM",KIND="ALL",PHASE="generate",OUTPUT_DIR="adversarial_results_ep200_pre200" adversarial_hpc_submit.pbs </dev/null
[2026-09-08 13:43:50] [CMD] qsub -q all.q -l ngpus=1 -v MODEL="ConvNeXt",DATASET="Cifar100",ATTACK="APGD",KIND="ALL",PHASE="generate",OUTPUT_DIR="adversarial_results_ep100_pre300" adversarial_hpc_submit.pbs </dev/null
[2026-09-08 13:43:53] [OK] ConvNeXt/Cifar100/PGD/ALL
[2026-09-08 13:43:53] [OK] qsub output: Your job 6481350 ("adversarial_hpc_submit.pbs") has been submitted
[2026-09-08 13:43:54] [SUBMIT] ConvNeXt/Cifar100/FGSM/ALL
[2026-09-08 13:43:54] [CMD] qsub -q all.q -l ngpus=1 -v MODEL="ConvNeXt",DATASET="Cifar100",ATTACK="FGSM",KIND="ALL",PHASE="generate",OUTPUT_DIR="adversarial_results_ep300_pre100" adversarial_hpc_submit.pbs </dev/null
[2026-09-08 13:44:00] [OK] ConvNeXt/Cifar100/IFGSM/ALL
[2026-09-08 13:44:00] [OK] qsub output: Your job 6481352 ("adversarial_hpc_submit.pbs") has been submitted
[2026-09-08 13:44:00] [SUBMIT] ConvNeXt/Cifar100/BIM/ALL
[2026-09-08 13:44:00] [CMD] qsub -q all.q -l ngpus=1 -v MODEL="ConvNeXt",DATASET="Cifar100",ATTACK="BIM",KIND="ALL",PHASE="generate",OUTPUT_DIR="adversarial_results_ep200_pre200" adversarial_hpc_submit.pbs </dev/null
[2026-09-08 13:44:03] [OK] ConvNeXt/Cifar100/APGD/ALL
[2026-09-08 13:44:03] [OK] qsub output: Your job 6481353 ("adversarial_hpc_submit.pbs") has been submitted
[2026-09-08 13:44:03] [SUBMIT] ConvNeXt/Cifar100/CW/ALL
[2026-09-08 13:44:03] [CMD] qsub -q all.q -l ngpus=1 -v MODEL="ConvNeXt",DATASET="Cifar100",ATTACK="CW",KIND="ALL",PHASE="generate",OUTPUT_DIR="adversarial_results_ep100_pre300" adversarial_hpc_submit.pbs </dev/null
[2026-09-08 13:44:05] [OK] ConvNeXt/Cifar100/FGSM/ALL
[2026-09-08 13:44:05] [OK] qsub output: Your job 6481355 ("adversarial_hpc_submit.pbs") has been submitted
[2026-09-08 13:44:05] [SUBMIT] ConvNeXt/Cifar100/IFGSM/ALL
[2026-09-08 13:44:05] [CMD] qsub -q all.q -l ngpus=1 -v MODEL="ConvNeXt",DATASET="Cifar100",ATTACK="IFGSM",KIND="ALL",PHASE="generate",OUTPUT_DIR="adversarial_results_ep300_pre100" adversarial_hpc_submit.pbs </dev/null
[2026-09-08 13:44:10] [OK] ConvNeXt/Cifar100/BIM/ALL
[2026-09-08 13:44:10] [OK] qsub output: Your job 6481357 ("adversarial_hpc_submit.pbs") has been submitted
[2026-09-08 13:44:10] [SUBMIT] ConvNeXt/Cifar100/APGD/ALL
[2026-09-08 13:44:10] [CMD] qsub -q all.q -l ngpus=1 -v MODEL="ConvNeXt",DATASET="Cifar100",ATTACK="APGD",KIND="ALL",PHASE="generate",OUTPUT_DIR="adversarial_results_ep200_pre200" adversarial_hpc_submit.pbs </dev/null
[2026-09-08 13:44:19] [OK] ConvNeXt/Cifar100/CW/ALL
[2026-09-08 13:44:20] [OK] qsub output: Your job 6481358 ("adversarial_hpc_submit.pbs") has been submitted
[2026-09-08 13:44:20] [SUBMIT] ConvNeXt/Cifar100/DeepFool/ALL
[2026-09-08 13:44:20] [CMD] qsub -q all.q -l ngpus=1 -v MODEL="ConvNeXt",DATASET="Cifar100",ATTACK="DeepFool",KIND="ALL",PHASE="generate",OUTPUT_DIR="adversarial_results_ep100_pre300" adversarial_hpc_submit.pbs </dev/null
[2026-09-08 13:44:21] [OK] ConvNeXt/Cifar100/IFGSM/ALL
[2026-09-08 13:44:21] [OK] qsub output: Your job 6481359 ("adversarial_hpc_submit.pbs") has been submitted
[2026-09-08 13:44:21] [SUBMIT] ConvNeXt/Cifar100/BIM/ALL
[2026-09-08 13:44:22] [CMD] qsub -q all.q -l ngpus=1 -v MODEL="ConvNeXt",DATASET="Cifar100",ATTACK="BIM",KIND="ALL",PHASE="generate",OUTPUT_DIR="adversarial_results_ep300_pre100" adversarial_hpc_submit.pbs </dev/null
[2026-09-08 13:44:26] [OK] ConvNeXt/Cifar100/APGD/ALL
[2026-09-08 13:44:26] [OK] qsub output: Your job 6481361 ("adversarial_hpc_submit.pbs") has been submitted
[2026-09-08 13:44:26] [SUBMIT] ConvNeXt/Cifar100/CW/ALL
[2026-09-08 13:44:26] [CMD] qsub -q all.q -l ngpus=1 -v MODEL="ConvNeXt",DATASET="Cifar100",ATTACK="CW",KIND="ALL",PHASE="generate",OUTPUT_DIR="adversarial_results_ep200_pre200" adversarial_hpc_submit.pbs </dev/null
[2026-09-08 13:44:30] [OK] ConvNeXt/Cifar100/DeepFool/ALL
[2026-09-08 13:44:30] [OK] ConvNeXt/Cifar100/BIM/ALL
[2026-09-08 13:44:31] [OK] qsub output: Your job 6481363 ("adversarial_hpc_submit.pbs") has been submitted
[2026-09-08 13:44:31] [OK] qsub output: Your job 6481364 ("adversarial_hpc_submit.pbs") has been submitted
[2026-09-08 13:44:31] [SUBMIT] ConvNeXt/TinyImageNet/PGD/ALL
[2026-09-08 13:44:31] [SUBMIT] ConvNeXt/Cifar100/APGD/ALL
[2026-09-08 13:44:31] [CMD] qsub -q all.q -l ngpus=1 -v MODEL="ConvNeXt",DATASET="TinyImageNet",ATTACK="PGD",KIND="ALL",PHASE="generate",OUTPUT_DIR="adversarial_results_ep100_pre300" adversarial_hpc_submit.pbs </dev/null
[2026-09-08 13:44:31] [CMD] qsub -q all.q -l ngpus=1 -v MODEL="ConvNeXt",DATASET="Cifar100",ATTACK="APGD",KIND="ALL",PHASE="generate",OUTPUT_DIR="adversarial_results_ep300_pre100" adversarial_hpc_submit.pbs </dev/null
[2026-09-08 13:44:32] [OK] ConvNeXt/Cifar100/CW/ALL
[2026-09-08 13:44:33] [OK] qsub output: Your job 6481365 ("adversarial_hpc_submit.pbs") has been submitted
[2026-09-08 13:44:33] [SUBMIT] ConvNeXt/Cifar100/DeepFool/ALL
[2026-09-08 13:44:33] [CMD] qsub -q all.q -l ngpus=1 -v MODEL="ConvNeXt",DATASET="Cifar100",ATTACK="DeepFool",KIND="ALL",PHASE="generate",OUTPUT_DIR="adversarial_results_ep200_pre200" adversarial_hpc_submit.pbs </dev/null
[2026-09-08 13:44:42] [OK] ConvNeXt/Cifar100/APGD/ALL
[2026-09-08 13:44:42] [OK] qsub output: Your job 6481367 ("adversarial_hpc_submit.pbs") has been submitted
[2026-09-08 13:44:42] [SUBMIT] ConvNeXt/Cifar100/CW/ALL
[2026-09-08 13:44:42] [CMD] qsub -q all.q -l ngpus=1 -v MODEL="ConvNeXt",DATASET="Cifar100",ATTACK="CW",KIND="ALL",PHASE="generate",OUTPUT_DIR="adversarial_results_ep300_pre100" adversarial_hpc_submit.pbs </dev/null
[2026-09-08 13:44:44] [OK] ConvNeXt/TinyImageNet/PGD/ALL
[2026-09-08 13:44:46] [OK] qsub output: Your job 6481368 ("adversarial_hpc_submit.pbs") has been submitted
[2026-09-08 13:44:46] [SUBMIT] ConvNeXt/TinyImageNet/FGSM/ALL
[2026-09-08 13:44:46] [CMD] qsub -q all.q -l ngpus=1 -v MODEL="ConvNeXt",DATASET="TinyImageNet",ATTACK="FGSM",KIND="ALL",PHASE="generate",OUTPUT_DIR="adversarial_results_ep100_pre300" adversarial_hpc_submit.pbs </dev/null
[2026-09-08 13:44:50] [OK] ConvNeXt/Cifar100/DeepFool/ALL
[2026-09-08 13:44:50] [OK] qsub output: Your job 6481369 ("adversarial_hpc_submit.pbs") has been submitted
[2026-09-08 13:44:50] [SUBMIT] ConvNeXt/TinyImageNet/PGD/ALL
[2026-09-08 13:44:50] [CMD] qsub -q all.q -l ngpus=1 -v MODEL="ConvNeXt",DATASET="TinyImageNet",ATTACK="PGD",KIND="ALL",PHASE="generate",OUTPUT_DIR="adversarial_results_ep200_pre200" adversarial_hpc_submit.pbs </dev/null
[2026-09-08 13:44:59] [OK] ConvNeXt/Cifar100/CW/ALL
[2026-09-08 13:44:59] [OK] qsub output: Your job 6481372 ("adversarial_hpc_submit.pbs") has been submitted
[2026-09-08 13:44:59] [SUBMIT] ConvNeXt/Cifar100/DeepFool/ALL
[2026-09-08 13:44:59] [CMD] qsub -q all.q -l ngpus=1 -v MODEL="ConvNeXt",DATASET="Cifar100",ATTACK="DeepFool",KIND="ALL",PHASE="generate",OUTPUT_DIR="adversarial_results_ep300_pre100" adversarial_hpc_submit.pbs </dev/null
[2026-09-08 13:45:03] [OK] ConvNeXt/TinyImageNet/FGSM/ALL
[2026-09-08 13:45:03] [OK] qsub output: Your job 6481373 ("adversarial_hpc_submit.pbs") has been submitted
[2026-09-08 13:45:03] [SUBMIT] ConvNeXt/TinyImageNet/IFGSM/ALL
[2026-09-08 13:45:03] [CMD] qsub -q all.q -l ngpus=1 -v MODEL="ConvNeXt",DATASET="TinyImageNet",ATTACK="IFGSM",KIND="ALL",PHASE="generate",OUTPUT_DIR="adversarial_results_ep100_pre300" adversarial_hpc_submit.pbs </dev/null
[2026-09-08 13:45:03] [OK] ConvNeXt/TinyImageNet/PGD/ALL
[2026-09-08 13:45:03] [OK] qsub output: Your job 6481374 ("adversarial_hpc_submit.pbs") has been submitted
[2026-09-08 13:45:04] [SUBMIT] ConvNeXt/TinyImageNet/FGSM/ALL
[2026-09-08 13:45:04] [CMD] qsub -q all.q -l ngpus=1 -v MODEL="ConvNeXt",DATASET="TinyImageNet",ATTACK="FGSM",KIND="ALL",PHASE="generate",OUTPUT_DIR="adversarial_results_ep200_pre200" adversarial_hpc_submit.pbs </dev/null
[2026-09-08 13:45:08] [OK] ConvNeXt/Cifar100/DeepFool/ALL
[2026-09-08 13:45:09] [OK] qsub output: Your job 6481375 ("adversarial_hpc_submit.pbs") has been submitted
[2026-09-08 13:45:09] [SUBMIT] ConvNeXt/TinyImageNet/PGD/ALL
[2026-09-08 13:45:09] [CMD] qsub -q all.q -l ngpus=1 -v MODEL="ConvNeXt",DATASET="TinyImageNet",ATTACK="PGD",KIND="ALL",PHASE="generate",OUTPUT_DIR="adversarial_results_ep300_pre100" adversarial_hpc_submit.pbs </dev/null
[2026-09-08 13:45:09] [OK] ConvNeXt/TinyImageNet/IFGSM/ALL
[2026-09-08 13:45:10] [OK] qsub output: Your job 6481377 ("adversarial_hpc_submit.pbs") has been submitted
[2026-09-08 13:45:10] [SUBMIT] ConvNeXt/TinyImageNet/BIM/ALL
[2026-09-08 13:45:10] [CMD] qsub -q all.q -l ngpus=1 -v MODEL="ConvNeXt",DATASET="TinyImageNet",ATTACK="BIM",KIND="ALL",PHASE="generate",OUTPUT_DIR="adversarial_results_ep100_pre300" adversarial_hpc_submit.pbs </dev/null
[2026-09-08 13:45:17] [OK] ConvNeXt/TinyImageNet/FGSM/ALL
[2026-09-08 13:45:17] [OK] qsub output: Your job 6481378 ("adversarial_hpc_submit.pbs") has been submitted
[2026-09-08 13:45:17] [SUBMIT] ConvNeXt/TinyImageNet/IFGSM/ALL
[2026-09-08 13:45:17] [CMD] qsub -q all.q -l ngpus=1 -v MODEL="ConvNeXt",DATASET="TinyImageNet",ATTACK="IFGSM",KIND="ALL",PHASE="generate",OUTPUT_DIR="adversarial_results_ep200_pre200" adversarial_hpc_submit.pbs </dev/null
[2026-09-08 13:45:21] [OK] ConvNeXt/TinyImageNet/PGD/ALL
[2026-09-08 13:45:21] [OK] qsub output: Your job 6481381 ("adversarial_hpc_submit.pbs") has been submitted
[2026-09-08 13:45:21] [SUBMIT] ConvNeXt/TinyImageNet/FGSM/ALL
[2026-09-08 13:45:21] [CMD] qsub -q all.q -l ngpus=1 -v MODEL="ConvNeXt",DATASET="TinyImageNet",ATTACK="FGSM",KIND="ALL",PHASE="generate",OUTPUT_DIR="adversarial_results_ep300_pre100" adversarial_hpc_submit.pbs </dev/null
[2026-09-08 13:45:22] [OK] ConvNeXt/TinyImageNet/BIM/ALL
[2026-09-08 13:45:22] [OK] qsub output: Your job 6481382 ("adversarial_hpc_submit.pbs") has been submitted
[2026-09-08 13:45:22] [SUBMIT] ConvNeXt/TinyImageNet/APGD/ALL
[2026-09-08 13:45:22] [CMD] qsub -q all.q -l ngpus=1 -v MODEL="ConvNeXt",DATASET="TinyImageNet",ATTACK="APGD",KIND="ALL",PHASE="generate",OUTPUT_DIR="adversarial_results_ep100_pre300" adversarial_hpc_submit.pbs </dev/null
[2026-09-08 13:45:31] [OK] ConvNeXt/TinyImageNet/IFGSM/ALL
[2026-09-08 13:45:31] [OK] qsub output: Your job 6481384 ("adversarial_hpc_submit.pbs") has been submitted
[2026-09-08 13:45:31] [SUBMIT] ConvNeXt/TinyImageNet/BIM/ALL
[2026-09-08 13:45:31] [CMD] qsub -q all.q -l ngpus=1 -v MODEL="ConvNeXt",DATASET="TinyImageNet",ATTACK="BIM",KIND="ALL",PHASE="generate",OUTPUT_DIR="adversarial_results_ep200_pre200" adversarial_hpc_submit.pbs </dev/null
[2026-09-08 13:45:33] [OK] ConvNeXt/TinyImageNet/FGSM/ALL
[2026-09-08 13:45:33] [OK] qsub output: Your job 6481386 ("adversarial_hpc_submit.pbs") has been submitted
[2026-09-08 13:45:33] [SUBMIT] ConvNeXt/TinyImageNet/IFGSM/ALL
[2026-09-08 13:45:33] [CMD] qsub -q all.q -l ngpus=1 -v MODEL="ConvNeXt",DATASET="TinyImageNet",ATTACK="IFGSM",KIND="ALL",PHASE="generate",OUTPUT_DIR="adversarial_results_ep300_pre100" adversarial_hpc_submit.pbs </dev/null
[2026-09-08 13:45:35] [OK] ConvNeXt/TinyImageNet/APGD/ALL
[2026-09-08 13:45:35] [OK] qsub output: Your job 6481387 ("adversarial_hpc_submit.pbs") has been submitted
[2026-09-08 13:45:36] [SUBMIT] ConvNeXt/TinyImageNet/CW/ALL
[2026-09-08 13:45:36] [CMD] qsub -q all.q -l ngpus=1 -v MODEL="ConvNeXt",DATASET="TinyImageNet",ATTACK="CW",KIND="ALL",PHASE="generate",OUTPUT_DIR="adversarial_results_ep100_pre300" adversarial_hpc_submit.pbs </dev/null
[2026-09-08 13:45:38] [OK] ConvNeXt/TinyImageNet/BIM/ALL
[2026-09-08 13:45:38] [OK] qsub output: Your job 6481390 ("adversarial_hpc_submit.pbs") has been submitted
[2026-09-08 13:45:38] [SUBMIT] ConvNeXt/TinyImageNet/APGD/ALL
[2026-09-08 13:45:38] [CMD] qsub -q all.q -l ngpus=1 -v MODEL="ConvNeXt",DATASET="TinyImageNet",ATTACK="APGD",KIND="ALL",PHASE="generate",OUTPUT_DIR="adversarial_results_ep200_pre200" adversarial_hpc_submit.pbs </dev/null
[2026-09-08 13:45:41] [OK] ConvNeXt/TinyImageNet/IFGSM/ALL
[2026-09-08 13:45:44] [OK] qsub output: Your job 6481391 ("adversarial_hpc_submit.pbs") has been submitted
[2026-09-08 13:45:44] [SUBMIT] ConvNeXt/TinyImageNet/BIM/ALL
[2026-09-08 13:45:44] [CMD] qsub -q all.q -l ngpus=1 -v MODEL="ConvNeXt",DATASET="TinyImageNet",ATTACK="BIM",KIND="ALL",PHASE="generate",OUTPUT_DIR="adversarial_results_ep300_pre100" adversarial_hpc_submit.pbs </dev/null
[2026-09-08 13:45:46] [OK] ConvNeXt/TinyImageNet/APGD/ALL
[2026-09-08 13:45:47] [OK] ConvNeXt/TinyImageNet/CW/ALL
[2026-09-08 13:45:47] [OK] qsub output: Your job 6481393 ("adversarial_hpc_submit.pbs") has been submitted
[2026-09-08 13:45:47] [OK] qsub output: Your job 6481392 ("adversarial_hpc_submit.pbs") has been submitted
[2026-09-08 13:45:47] [SUBMIT] ConvNeXt/TinyImageNet/CW/ALL
[2026-09-08 13:45:47] [SUBMIT] ConvNeXt/TinyImageNet/DeepFool/ALL
[2026-09-08 13:45:47] [CMD] qsub -q all.q -l ngpus=1 -v MODEL="ConvNeXt",DATASET="TinyImageNet",ATTACK="CW",KIND="ALL",PHASE="generate",OUTPUT_DIR="adversarial_results_ep200_pre200" adversarial_hpc_submit.pbs </dev/null
[2026-09-08 13:45:47] [CMD] qsub -q all.q -l ngpus=1 -v MODEL="ConvNeXt",DATASET="TinyImageNet",ATTACK="DeepFool",KIND="ALL",PHASE="generate",OUTPUT_DIR="adversarial_results_ep100_pre300" adversarial_hpc_submit.pbs </dev/null
[2026-09-08 13:45:53] [OK] ConvNeXt/TinyImageNet/BIM/ALL
[2026-09-08 13:45:53] [OK] qsub output: Your job 6481395 ("adversarial_hpc_submit.pbs") has been submitted
[2026-09-08 13:45:53] [SUBMIT] ConvNeXt/TinyImageNet/APGD/ALL
[2026-09-08 13:45:53] [CMD] qsub -q all.q -l ngpus=1 -v MODEL="ConvNeXt",DATASET="TinyImageNet",ATTACK="APGD",KIND="ALL",PHASE="generate",OUTPUT_DIR="adversarial_results_ep300_pre100" adversarial_hpc_submit.pbs </dev/null
[2026-09-08 13:45:56] [OK] ConvNeXt/TinyImageNet/CW/ALL
[2026-09-08 13:45:56] [OK] qsub output: Your job 6481396 ("adversarial_hpc_submit.pbs") has been submitted
[2026-09-08 13:45:56] [SUBMIT] ConvNeXt/TinyImageNet/DeepFool/ALL
[2026-09-08 13:45:56] [CMD] qsub -q all.q -l ngpus=1 -v MODEL="ConvNeXt",DATASET="TinyImageNet",ATTACK="DeepFool",KIND="ALL",PHASE="generate",OUTPUT_DIR="adversarial_results_ep200_pre200" adversarial_hpc_submit.pbs </dev/null
[2026-09-08 13:45:57] [OK] ConvNeXt/TinyImageNet/DeepFool/ALL
[2026-09-08 13:45:57] [OK] qsub output: Your job 6481397 ("adversarial_hpc_submit.pbs") has been submitted
[2026-09-08 13:45:57] [SUCCESS] Submitted 126 jobs
[2026-09-08 13:45:57] Monitor progress with: qstat
[2026-09-08 13:45:57] ============================================================================
[2026-09-08 13:45:57] Job submission complete. Check logs/ for details.
[2026-09-08 13:45:57] Run log saved to: /Users/jgafur/LTH/manuscript/Tranfer/logs/adversarial_orchestrate_generate_20260908_132135.log
[2026-09-08 13:45:57] ============================================================================
[2026-09-08 13:45:59] [OK] ConvNeXt/TinyImageNet/APGD/ALL
[2026-09-08 13:45:59] [OK] qsub output: Your job 6481399 ("adversarial_hpc_submit.pbs") has been submitted
[2026-09-08 13:45:59] [SUBMIT] ConvNeXt/TinyImageNet/CW/ALL
[2026-09-08 13:45:59] [CMD] qsub -q all.q -l ngpus=1 -v MODEL="ConvNeXt",DATASET="TinyImageNet",ATTACK="CW",KIND="ALL",PHASE="generate",OUTPUT_DIR="adversarial_results_ep300_pre100" adversarial_hpc_submit.pbs </dev/null
[2026-09-08 13:46:00] [OK] ConvNeXt/TinyImageNet/DeepFool/ALL
[2026-09-08 13:46:00] [OK] qsub output: Your job 6481400 ("adversarial_hpc_submit.pbs") has been submitted
[2026-09-08 13:46:00] [SUCCESS] Submitted 126 jobs
[2026-09-08 13:46:00] Monitor progress with: qstat
[2026-09-08 13:46:00] ============================================================================
[2026-09-08 13:46:00] Job submission complete. Check logs/ for details.
[2026-09-08 13:46:00] Run log saved to: /Users/jgafur/LTH/manuscript/Tranfer/logs/adversarial_orchestrate_generate_20260908_132135.log
[2026-09-08 13:46:00] ============================================================================
[2026-09-08 13:46:02] [OK] ConvNeXt/TinyImageNet/CW/ALL
[2026-09-08 13:46:02] [OK] qsub output: Your job 6481401 ("adversarial_hpc_submit.pbs") has been submitted
[2026-09-08 13:46:03] [SUBMIT] ConvNeXt/TinyImageNet/DeepFool/ALL
[2026-09-08 13:46:04] [CMD] qsub -q all.q -l ngpus=1 -v MODEL="ConvNeXt",DATASET="TinyImageNet",ATTACK="DeepFool",KIND="ALL",PHASE="generate",OUTPUT_DIR="adversarial_results_ep300_pre100" adversarial_hpc_submit.pbs </dev/null
[2026-09-08 13:46:10] [OK] ConvNeXt/TinyImageNet/DeepFool/ALL
[2026-09-08 13:46:10] [OK] qsub output: Your job 6481403 ("adversarial_hpc_submit.pbs") has been submitted
[2026-09-08 13:46:10] [SUCCESS] Submitted 126 jobs
[2026-09-08 13:46:10] Monitor progress with: qstat
[2026-09-08 13:46:10] ============================================================================
[2026-09-08 13:46:10] Job submission complete. Check logs/ for details.
[2026-09-08 13:46:10] Run log saved to: /Users/jgafur/LTH/manuscript/Tranfer/logs/adversarial_orchestrate_generate_20260908_132135.log
[2026-09-08 13:46:10] ============================================================================
