[2026-09-07 09:33:59] Starting orchestration script
[2026-09-07 09:33:59] Starting orchestration script
[2026-09-07 09:33:59] Script path: /Users/jgafur/LTH/manuscript/Tranfer
[2026-09-07 09:33:59] Starting orchestration script
[2026-09-07 09:33:59] Script path: /Users/jgafur/LTH/manuscript/Tranfer
[2026-09-07 09:33:59] Script path: /Users/jgafur/LTH/manuscript/Tranfer
[2026-09-07 09:33:59] Current working directory: /Users/jgafur/LTH/manuscript/Tranfer
[2026-09-07 09:33:59] Current working directory: /Users/jgafur/LTH/manuscript/Tranfer
[2026-09-07 09:33:59] Phase: generate
[2026-09-07 09:33:59] Current working directory: /Users/jgafur/LTH/manuscript/Tranfer
[2026-09-07 09:33:59] Phase: generate
[2026-09-07 09:33:59] Output directory: adversarial_results_ep200_pre200
[2026-09-07 09:33:59] Phase: generate
[2026-09-07 09:33:59] Output directory: adversarial_results_ep300_pre100
[2026-09-07 09:33:59] Model filter: ALL
[2026-09-07 09:33:59] Output directory: adversarial_results_ep100_pre300
[2026-09-07 09:33:59] Dataset filter: ALL
[2026-09-07 09:33:59] Model filter: ALL
[2026-09-07 09:33:59] Model filter: ALL
[2026-09-07 09:33:59] Attack filter: ALL
[2026-09-07 09:33:59] Dataset filter: ALL
[2026-09-07 09:33:59] Dataset filter: ALL
[2026-09-07 09:33:59] Kind filter: ALL
[2026-09-07 09:33:59] Attack filter: ALL
[2026-09-07 09:33:59] Attack filter: ALL
[2026-09-07 09:33:59] Run log: /Users/jgafur/LTH/manuscript/Tranfer/logs/adversarial_orchestrate_generate_20260907_093359.log
[2026-09-07 09:33:59] Kind filter: ALL
[2026-09-07 09:33:59] Kind filter: ALL
[2026-09-07 09:33:59] qsub command found: /opt/sge/bin/lx-amd64/qsub
[2026-09-07 09:33:59] Run log: /Users/jgafur/LTH/manuscript/Tranfer/logs/adversarial_orchestrate_generate_20260907_093359.log
[2026-09-07 09:33:59] Run log: /Users/jgafur/LTH/manuscript/Tranfer/logs/adversarial_orchestrate_generate_20260907_093359.log
[2026-09-07 09:33:59] Found submission file: /Users/jgafur/LTH/manuscript/Tranfer/adversarial_hpc_submit.pbs
[2026-09-07 09:33:59] qsub command found: /opt/sge/bin/lx-amd64/qsub
[2026-09-07 09:33:59] ============================================================================
[2026-09-07 09:33:59] qsub command found: /opt/sge/bin/lx-amd64/qsub
[2026-09-07 09:33:59] Found submission file: /Users/jgafur/LTH/manuscript/Tranfer/adversarial_hpc_submit.pbs
[2026-09-07 09:33:59] Adversarial Analysis HPC Orchestration
[2026-09-07 09:33:59] Found submission file: /Users/jgafur/LTH/manuscript/Tranfer/adversarial_hpc_submit.pbs
[2026-09-07 09:33:59] ============================================================================
[2026-09-07 09:33:59] ============================================================================
[2026-09-07 09:33:59] ============================================================================
[2026-09-07 09:33:59] Adversarial Analysis HPC Orchestration
[2026-09-07 09:33:59] Phase:       generate
[2026-09-07 09:33:59] Adversarial Analysis HPC Orchestration
[2026-09-07 09:33:59] ============================================================================
[2026-09-07 09:33:59] Output Dir:  adversarial_results_ep200_pre200
[2026-09-07 09:33:59] ============================================================================
[2026-09-07 09:33:59] Models:      6 architectures
[2026-09-07 09:33:59] Phase:       generate
[2026-09-07 09:33:59] Phase:       generate
[2026-09-07 09:33:59] Datasets:    2 datasets
[2026-09-07 09:33:59] Output Dir:  adversarial_results_ep300_pre100
[2026-09-07 09:33:59] Output Dir:  adversarial_results_ep100_pre300
[2026-09-07 09:33:59] Attacks:     7 attack types
[2026-09-07 09:33:59] Models:      6 architectures
[2026-09-07 09:33:59] Models:      6 architectures
[2026-09-07 09:33:59] Total Jobs:  ~84
[2026-09-07 09:33:59] Datasets:    2 datasets
[2026-09-07 09:33:59] Datasets:    2 datasets
[2026-09-07 09:33:59] Attacks:     7 attack types
[2026-09-07 09:33:59] ============================================================================
[2026-09-07 09:33:59] Attacks:     7 attack types
[2026-09-07 09:33:59] Total Jobs:  ~84
[2026-09-07 09:33:59] Total Jobs:  ~84
[2026-09-07 09:33:59] ============================================================================
[2026-09-07 09:33:59] Run outputs will be written as txt files in manuscript/Tranfer/
[2026-09-07 09:33:59] ============================================================================
[2026-09-07 09:33:59]   - generate:      <MODEL>_<DATASET>_<ATTACK>_<KIND>_generate_run.txt
[2026-09-07 09:33:59] Run outputs will be written as txt files in manuscript/Tranfer/
[2026-09-07 09:33:59]   - analyze:       adversarial_analyze_run.txt
[2026-09-07 09:33:59] Run outputs will be written as txt files in manuscript/Tranfer/
[2026-09-07 09:33:59]   - generate:      <MODEL>_<DATASET>_<ATTACK>_<KIND>_generate_run.txt
[2026-09-07 09:33:59]   - plot:          adversarial_plot_run.txt
[2026-09-07 09:33:59]   - generate:      <MODEL>_<DATASET>_<ATTACK>_<KIND>_generate_run.txt
[2026-09-07 09:33:59]   - analyze:       adversarial_analyze_run.txt
[2026-09-07 09:33:59]   - gradient_sim:  adversarial_gradient_sim_run.txt
[2026-09-07 09:33:59]   - analyze:       adversarial_analyze_run.txt
[2026-09-07 09:33:59]   - plot:          adversarial_plot_run.txt
[2026-09-07 09:33:59]   - epsilon_sweep: adversarial_epsilon_sweep_run.txt
[2026-09-07 09:33:59]   - plot:          adversarial_plot_run.txt
[2026-09-07 09:33:59]   - gradient_sim:  adversarial_gradient_sim_run.txt
[2026-09-07 09:33:59]   - statistics:    adversarial_statistics_run.txt
[2026-09-07 09:33:59]   - gradient_sim:  adversarial_gradient_sim_run.txt
[2026-09-07 09:33:59]   - epsilon_sweep: adversarial_epsilon_sweep_run.txt
[2026-09-07 09:33:59]   - cka:           adversarial_cka_run.txt
[2026-09-07 09:33:59]   - epsilon_sweep: adversarial_epsilon_sweep_run.txt
[2026-09-07 09:33:59]   - statistics:    adversarial_statistics_run.txt
[2026-09-07 09:33:59]   - compare:       adversarial_compare_run.txt
[2026-09-07 09:33:59]   - statistics:    adversarial_statistics_run.txt
[2026-09-07 09:33:59]   - cka:           adversarial_cka_run.txt
[2026-09-07 09:33:59]   - compute_tradeoff: adversarial_compute_tradeoff_run.txt
[2026-09-07 09:33:59]   - cka:           adversarial_cka_run.txt
[2026-09-07 09:33:59]   - compare:       adversarial_compare_run.txt
[2026-09-07 09:33:59]   - correlations:  adversarial_correlations_run.txt
[2026-09-07 09:34:00]   - compare:       adversarial_compare_run.txt
[2026-09-07 09:34:00]   - compute_tradeoff: adversarial_compute_tradeoff_run.txt
[2026-09-07 09:34:00]   - correlations:  adversarial_correlations_run.txt
[2026-09-07 09:34:00]   - compute_tradeoff: adversarial_compute_tradeoff_run.txt
[2026-09-07 09:34:00] [PHASE: GENERATE] Submitting attack generation jobs...
[2026-09-07 09:34:00]   - correlations:  adversarial_correlations_run.txt
[2026-09-07 09:34:00] [SUBMIT] VGG16/Cifar10/PGD/ALL
[2026-09-07 09:34:00] [PHASE: GENERATE] Submitting attack generation jobs...
[2026-09-07 09:34:00] [CMD] qsub -q all.q -l ngpus=1 -v MODEL="VGG16",DATASET="Cifar10",ATTACK="PGD",KIND="ALL",PHASE="generate",OUTPUT_DIR="adversarial_results_ep200_pre200" adversarial_hpc_submit.pbs </dev/null
[2026-09-07 09:34:00] [SUBMIT] VGG16/Cifar10/PGD/ALL
[2026-09-07 09:34:00] [PHASE: GENERATE] Submitting attack generation jobs...
[2026-09-07 09:34:00] [CMD] qsub -q all.q -l ngpus=1 -v MODEL="VGG16",DATASET="Cifar10",ATTACK="PGD",KIND="ALL",PHASE="generate",OUTPUT_DIR="adversarial_results_ep300_pre100" adversarial_hpc_submit.pbs </dev/null
[2026-09-07 09:34:00] [SUBMIT] VGG16/Cifar10/PGD/ALL
[2026-09-07 09:34:00] [CMD] qsub -q all.q -l ngpus=1 -v MODEL="VGG16",DATASET="Cifar10",ATTACK="PGD",KIND="ALL",PHASE="generate",OUTPUT_DIR="adversarial_results_ep100_pre300" adversarial_hpc_submit.pbs </dev/null
[2026-09-07 09:34:05] [OK] VGG16/Cifar10/PGD/ALL
[2026-09-07 09:34:05] [OK] qsub output: Your job 6475519 ("adversarial_hpc_submit.pbs") has been submitted
[2026-09-07 09:34:05] [SUBMIT] VGG16/Cifar10/FGSM/ALL
[2026-09-07 09:34:05] [CMD] qsub -q all.q -l ngpus=1 -v MODEL="VGG16",DATASET="Cifar10",ATTACK="FGSM",KIND="ALL",PHASE="generate",OUTPUT_DIR="adversarial_results_ep100_pre300" adversarial_hpc_submit.pbs </dev/null
[2026-09-07 09:34:07] [OK] VGG16/Cifar10/PGD/ALL
[2026-09-07 09:34:07] [OK] qsub output: Your job 6475520 ("adversarial_hpc_submit.pbs") has been submitted
[2026-09-07 09:34:07] [SUBMIT] VGG16/Cifar10/FGSM/ALL
[2026-09-07 09:34:07] [CMD] qsub -q all.q -l ngpus=1 -v MODEL="VGG16",DATASET="Cifar10",ATTACK="FGSM",KIND="ALL",PHASE="generate",OUTPUT_DIR="adversarial_results_ep300_pre100" adversarial_hpc_submit.pbs </dev/null
[2026-09-07 09:34:08] [OK] VGG16/Cifar10/PGD/ALL
[2026-09-07 09:34:08] [OK] qsub output: Your job 6475518 ("adversarial_hpc_submit.pbs") has been submitted
[2026-09-07 09:34:08] [SUBMIT] VGG16/Cifar10/FGSM/ALL
[2026-09-07 09:34:08] [CMD] qsub -q all.q -l ngpus=1 -v MODEL="VGG16",DATASET="Cifar10",ATTACK="FGSM",KIND="ALL",PHASE="generate",OUTPUT_DIR="adversarial_results_ep200_pre200" adversarial_hpc_submit.pbs </dev/null
[2026-09-07 09:34:09] [OK] VGG16/Cifar10/FGSM/ALL
[2026-09-07 09:34:09] [OK] qsub output: Your job 6475522 ("adversarial_hpc_submit.pbs") has been submitted
[2026-09-07 09:34:09] [SUBMIT] VGG16/Cifar10/IFGSM/ALL
[2026-09-07 09:34:09] [CMD] qsub -q all.q -l ngpus=1 -v MODEL="VGG16",DATASET="Cifar10",ATTACK="IFGSM",KIND="ALL",PHASE="generate",OUTPUT_DIR="adversarial_results_ep300_pre100" adversarial_hpc_submit.pbs </dev/null
[2026-09-07 09:34:10] [OK] VGG16/Cifar10/FGSM/ALL
[2026-09-07 09:34:10] [OK] qsub output: Your job 6475521 ("adversarial_hpc_submit.pbs") has been submitted
[2026-09-07 09:34:10] [SUBMIT] VGG16/Cifar10/IFGSM/ALL
[2026-09-07 09:34:10] [CMD] qsub -q all.q -l ngpus=1 -v MODEL="VGG16",DATASET="Cifar10",ATTACK="IFGSM",KIND="ALL",PHASE="generate",OUTPUT_DIR="adversarial_results_ep100_pre300" adversarial_hpc_submit.pbs </dev/null
[2026-09-07 09:34:13] [OK] VGG16/Cifar10/IFGSM/ALL
[2026-09-07 09:34:13] [OK] qsub output: Your job 6475524 ("adversarial_hpc_submit.pbs") has been submitted
[2026-09-07 09:34:13] [SUBMIT] VGG16/Cifar10/BIM/ALL
[2026-09-07 09:34:13] [CMD] qsub -q all.q -l ngpus=1 -v MODEL="VGG16",DATASET="Cifar10",ATTACK="BIM",KIND="ALL",PHASE="generate",OUTPUT_DIR="adversarial_results_ep300_pre100" adversarial_hpc_submit.pbs </dev/null
[2026-09-07 09:34:15] [OK] VGG16/Cifar10/FGSM/ALL
[2026-09-07 09:34:15] [OK] qsub output: Your job 6475523 ("adversarial_hpc_submit.pbs") has been submitted
[2026-09-07 09:34:15] [SUBMIT] VGG16/Cifar10/IFGSM/ALL
[2026-09-07 09:34:15] [CMD] qsub -q all.q -l ngpus=1 -v MODEL="VGG16",DATASET="Cifar10",ATTACK="IFGSM",KIND="ALL",PHASE="generate",OUTPUT_DIR="adversarial_results_ep200_pre200" adversarial_hpc_submit.pbs </dev/null
[2026-09-07 09:34:18] [OK] VGG16/Cifar10/BIM/ALL
[2026-09-07 09:34:18] [OK] qsub output: Your job 6475526 ("adversarial_hpc_submit.pbs") has been submitted
[2026-09-07 09:34:18] [SUBMIT] VGG16/Cifar10/APGD/ALL
[2026-09-07 09:34:18] [CMD] qsub -q all.q -l ngpus=1 -v MODEL="VGG16",DATASET="Cifar10",ATTACK="APGD",KIND="ALL",PHASE="generate",OUTPUT_DIR="adversarial_results_ep300_pre100" adversarial_hpc_submit.pbs </dev/null
[2026-09-07 09:34:22] [OK] VGG16/Cifar10/IFGSM/ALL
[2026-09-07 09:34:22] [OK] qsub output: Your job 6475525 ("adversarial_hpc_submit.pbs") has been submitted
[2026-09-07 09:34:22] [SUBMIT] VGG16/Cifar10/BIM/ALL
[2026-09-07 09:34:22] [CMD] qsub -q all.q -l ngpus=1 -v MODEL="VGG16",DATASET="Cifar10",ATTACK="BIM",KIND="ALL",PHASE="generate",OUTPUT_DIR="adversarial_results_ep100_pre300" adversarial_hpc_submit.pbs </dev/null
[2026-09-07 09:34:23] [OK] VGG16/Cifar10/APGD/ALL
[2026-09-07 09:34:23] [OK] qsub output: Your job 6475528 ("adversarial_hpc_submit.pbs") has been submitted
[2026-09-07 09:34:24] [SUBMIT] VGG16/Cifar10/CW/ALL
[2026-09-07 09:34:24] [CMD] qsub -q all.q -l ngpus=1 -v MODEL="VGG16",DATASET="Cifar10",ATTACK="CW",KIND="ALL",PHASE="generate",OUTPUT_DIR="adversarial_results_ep300_pre100" adversarial_hpc_submit.pbs </dev/null
[2026-09-07 09:34:24] [OK] VGG16/Cifar10/IFGSM/ALL
[2026-09-07 09:34:24] [OK] qsub output: Your job 6475527 ("adversarial_hpc_submit.pbs") has been submitted
[2026-09-07 09:34:24] [SUBMIT] VGG16/Cifar10/BIM/ALL
[2026-09-07 09:34:24] [CMD] qsub -q all.q -l ngpus=1 -v MODEL="VGG16",DATASET="Cifar10",ATTACK="BIM",KIND="ALL",PHASE="generate",OUTPUT_DIR="adversarial_results_ep200_pre200" adversarial_hpc_submit.pbs </dev/null
[2026-09-07 09:34:28] [OK] VGG16/Cifar10/CW/ALL
[2026-09-07 09:34:28] [OK] qsub output: Your job 6475530 ("adversarial_hpc_submit.pbs") has been submitted
[2026-09-07 09:34:28] [SUBMIT] VGG16/Cifar10/DeepFool/ALL
[2026-09-07 09:34:28] [CMD] qsub -q all.q -l ngpus=1 -v MODEL="VGG16",DATASET="Cifar10",ATTACK="DeepFool",KIND="ALL",PHASE="generate",OUTPUT_DIR="adversarial_results_ep300_pre100" adversarial_hpc_submit.pbs </dev/null
[2026-09-07 09:34:30] [OK] VGG16/Cifar10/BIM/ALL
[2026-09-07 09:34:30] [OK] qsub output: Your job 6475531 ("adversarial_hpc_submit.pbs") has been submitted
[2026-09-07 09:34:30] [SUBMIT] VGG16/Cifar10/APGD/ALL
[2026-09-07 09:34:30] [CMD] qsub -q all.q -l ngpus=1 -v MODEL="VGG16",DATASET="Cifar10",ATTACK="APGD",KIND="ALL",PHASE="generate",OUTPUT_DIR="adversarial_results_ep200_pre200" adversarial_hpc_submit.pbs </dev/null
[2026-09-07 09:34:33] [OK] VGG16/Cifar10/BIM/ALL
[2026-09-07 09:34:33] [OK] qsub output: Your job 6475529 ("adversarial_hpc_submit.pbs") has been submitted
[2026-09-07 09:34:33] [SUBMIT] VGG16/Cifar10/APGD/ALL
[2026-09-07 09:34:33] [CMD] qsub -q all.q -l ngpus=1 -v MODEL="VGG16",DATASET="Cifar10",ATTACK="APGD",KIND="ALL",PHASE="generate",OUTPUT_DIR="adversarial_results_ep100_pre300" adversarial_hpc_submit.pbs </dev/null
[2026-09-07 09:34:39] [OK] VGG16/Cifar10/DeepFool/ALL
[2026-09-07 09:34:39] [OK] qsub output: Your job 6475532 ("adversarial_hpc_submit.pbs") has been submitted
[2026-09-07 09:34:39] [SUBMIT] VGG16/Cifar100/PGD/ALL
[2026-09-07 09:34:39] [CMD] qsub -q all.q -l ngpus=1 -v MODEL="VGG16",DATASET="Cifar100",ATTACK="PGD",KIND="ALL",PHASE="generate",OUTPUT_DIR="adversarial_results_ep300_pre100" adversarial_hpc_submit.pbs </dev/null
[2026-09-07 09:34:46] [OK] VGG16/Cifar10/APGD/ALL
[2026-09-07 09:34:46] [OK] qsub output: Your job 6475534 ("adversarial_hpc_submit.pbs") has been submitted
[2026-09-07 09:34:47] [SUBMIT] VGG16/Cifar10/CW/ALL
[2026-09-07 09:34:47] [CMD] qsub -q all.q -l ngpus=1 -v MODEL="VGG16",DATASET="Cifar10",ATTACK="CW",KIND="ALL",PHASE="generate",OUTPUT_DIR="adversarial_results_ep200_pre200" adversarial_hpc_submit.pbs </dev/null
[2026-09-07 09:34:49] [OK] VGG16/Cifar100/PGD/ALL
[2026-09-07 09:34:49] [OK] qsub output: Your job 6475536 ("adversarial_hpc_submit.pbs") has been submitted
[2026-09-07 09:34:49] [SUBMIT] VGG16/Cifar100/FGSM/ALL
[2026-09-07 09:34:49] [CMD] qsub -q all.q -l ngpus=1 -v MODEL="VGG16",DATASET="Cifar100",ATTACK="FGSM",KIND="ALL",PHASE="generate",OUTPUT_DIR="adversarial_results_ep300_pre100" adversarial_hpc_submit.pbs </dev/null
[2026-09-07 09:34:50] [OK] VGG16/Cifar10/APGD/ALL
[2026-09-07 09:34:50] [OK] qsub output: Your job 6475535 ("adversarial_hpc_submit.pbs") has been submitted
[2026-09-07 09:34:50] [SUBMIT] VGG16/Cifar10/CW/ALL
[2026-09-07 09:34:50] [CMD] qsub -q all.q -l ngpus=1 -v MODEL="VGG16",DATASET="Cifar10",ATTACK="CW",KIND="ALL",PHASE="generate",OUTPUT_DIR="adversarial_results_ep100_pre300" adversarial_hpc_submit.pbs </dev/null
[2026-09-07 09:34:56] [OK] VGG16/Cifar100/FGSM/ALL
[2026-09-07 09:34:56] [OK] qsub output: Your job 6475538 ("adversarial_hpc_submit.pbs") has been submitted
[2026-09-07 09:34:56] [SUBMIT] VGG16/Cifar100/IFGSM/ALL
[2026-09-07 09:34:56] [CMD] qsub -q all.q -l ngpus=1 -v MODEL="VGG16",DATASET="Cifar100",ATTACK="IFGSM",KIND="ALL",PHASE="generate",OUTPUT_DIR="adversarial_results_ep300_pre100" adversarial_hpc_submit.pbs </dev/null
[2026-09-07 09:34:58] [OK] VGG16/Cifar10/CW/ALL
[2026-09-07 09:34:58] [OK] qsub output: Your job 6475539 ("adversarial_hpc_submit.pbs") has been submitted
[2026-09-07 09:34:58] [SUBMIT] VGG16/Cifar10/DeepFool/ALL
[2026-09-07 09:34:58] [CMD] qsub -q all.q -l ngpus=1 -v MODEL="VGG16",DATASET="Cifar10",ATTACK="DeepFool",KIND="ALL",PHASE="generate",OUTPUT_DIR="adversarial_results_ep100_pre300" adversarial_hpc_submit.pbs </dev/null
[2026-09-07 09:34:59] [OK] VGG16/Cifar10/CW/ALL
[2026-09-07 09:34:59] [OK] qsub output: Your job 6475537 ("adversarial_hpc_submit.pbs") has been submitted
[2026-09-07 09:34:59] [SUBMIT] VGG16/Cifar10/DeepFool/ALL
[2026-09-07 09:34:59] [CMD] qsub -q all.q -l ngpus=1 -v MODEL="VGG16",DATASET="Cifar10",ATTACK="DeepFool",KIND="ALL",PHASE="generate",OUTPUT_DIR="adversarial_results_ep200_pre200" adversarial_hpc_submit.pbs </dev/null
[2026-09-07 09:35:03] [OK] VGG16/Cifar10/DeepFool/ALL
[2026-09-07 09:35:03] [OK] qsub output: Your job 6475541 ("adversarial_hpc_submit.pbs") has been submitted
[2026-09-07 09:35:03] [SUBMIT] VGG16/Cifar100/PGD/ALL
[2026-09-07 09:35:03] [CMD] qsub -q all.q -l ngpus=1 -v MODEL="VGG16",DATASET="Cifar100",ATTACK="PGD",KIND="ALL",PHASE="generate",OUTPUT_DIR="adversarial_results_ep100_pre300" adversarial_hpc_submit.pbs </dev/null
[2026-09-07 09:35:07] [OK] VGG16/Cifar100/IFGSM/ALL
[2026-09-07 09:35:07] [OK] qsub output: Your job 6475540 ("adversarial_hpc_submit.pbs") has been submitted
[2026-09-07 09:35:08] [SUBMIT] VGG16/Cifar100/BIM/ALL
[2026-09-07 09:35:08] [CMD] qsub -q all.q -l ngpus=1 -v MODEL="VGG16",DATASET="Cifar100",ATTACK="BIM",KIND="ALL",PHASE="generate",OUTPUT_DIR="adversarial_results_ep300_pre100" adversarial_hpc_submit.pbs </dev/null
[2026-09-07 09:35:09] [OK] VGG16/Cifar10/DeepFool/ALL
[2026-09-07 09:35:09] [OK] qsub output: Your job 6475542 ("adversarial_hpc_submit.pbs") has been submitted
[2026-09-07 09:35:09] [SUBMIT] VGG16/Cifar100/PGD/ALL
[2026-09-07 09:35:09] [CMD] qsub -q all.q -l ngpus=1 -v MODEL="VGG16",DATASET="Cifar100",ATTACK="PGD",KIND="ALL",PHASE="generate",OUTPUT_DIR="adversarial_results_ep200_pre200" adversarial_hpc_submit.pbs </dev/null
[2026-09-07 09:35:13] [OK] VGG16/Cifar100/PGD/ALL
[2026-09-07 09:35:13] [OK] qsub output: Your job 6475544 ("adversarial_hpc_submit.pbs") has been submitted
[2026-09-07 09:35:13] [SUBMIT] VGG16/Cifar100/FGSM/ALL
[2026-09-07 09:35:13] [CMD] qsub -q all.q -l ngpus=1 -v MODEL="VGG16",DATASET="Cifar100",ATTACK="FGSM",KIND="ALL",PHASE="generate",OUTPUT_DIR="adversarial_results_ep100_pre300" adversarial_hpc_submit.pbs </dev/null
[2026-09-07 09:35:16] [OK] VGG16/Cifar100/PGD/ALL
[2026-09-07 09:35:16] [OK] qsub output: Your job 6475546 ("adversarial_hpc_submit.pbs") has been submitted
[2026-09-07 09:35:17] [SUBMIT] VGG16/Cifar100/FGSM/ALL
[2026-09-07 09:35:17] [CMD] qsub -q all.q -l ngpus=1 -v MODEL="VGG16",DATASET="Cifar100",ATTACK="FGSM",KIND="ALL",PHASE="generate",OUTPUT_DIR="adversarial_results_ep200_pre200" adversarial_hpc_submit.pbs </dev/null
[2026-09-07 09:35:19] [OK] VGG16/Cifar100/BIM/ALL
[2026-09-07 09:35:19] [OK] qsub output: Your job 6475545 ("adversarial_hpc_submit.pbs") has been submitted
[2026-09-07 09:35:19] [SUBMIT] VGG16/Cifar100/APGD/ALL
[2026-09-07 09:35:19] [CMD] qsub -q all.q -l ngpus=1 -v MODEL="VGG16",DATASET="Cifar100",ATTACK="APGD",KIND="ALL",PHASE="generate",OUTPUT_DIR="adversarial_results_ep300_pre100" adversarial_hpc_submit.pbs </dev/null
[2026-09-07 09:35:20] [OK] VGG16/Cifar100/FGSM/ALL
[2026-09-07 09:35:20] [OK] qsub output: Your job 6475547 ("adversarial_hpc_submit.pbs") has been submitted
[2026-09-07 09:35:20] [SUBMIT] VGG16/Cifar100/IFGSM/ALL
[2026-09-07 09:35:20] [CMD] qsub -q all.q -l ngpus=1 -v MODEL="VGG16",DATASET="Cifar100",ATTACK="IFGSM",KIND="ALL",PHASE="generate",OUTPUT_DIR="adversarial_results_ep100_pre300" adversarial_hpc_submit.pbs </dev/null
[2026-09-07 09:35:21] [OK] VGG16/Cifar100/APGD/ALL
[2026-09-07 09:35:21] [OK] qsub output: Your job 6475549 ("adversarial_hpc_submit.pbs") has been submitted
[2026-09-07 09:35:21] [SUBMIT] VGG16/Cifar100/CW/ALL
[2026-09-07 09:35:21] [CMD] qsub -q all.q -l ngpus=1 -v MODEL="VGG16",DATASET="Cifar100",ATTACK="CW",KIND="ALL",PHASE="generate",OUTPUT_DIR="adversarial_results_ep300_pre100" adversarial_hpc_submit.pbs </dev/null
[2026-09-07 09:35:22] [OK] VGG16/Cifar100/FGSM/ALL
[2026-09-07 09:35:22] [OK] qsub output: Your job 6475548 ("adversarial_hpc_submit.pbs") has been submitted
[2026-09-07 09:35:22] [SUBMIT] VGG16/Cifar100/IFGSM/ALL
[2026-09-07 09:35:22] [CMD] qsub -q all.q -l ngpus=1 -v MODEL="VGG16",DATASET="Cifar100",ATTACK="IFGSM",KIND="ALL",PHASE="generate",OUTPUT_DIR="adversarial_results_ep200_pre200" adversarial_hpc_submit.pbs </dev/null
[2026-09-07 09:35:23] [OK] VGG16/Cifar100/IFGSM/ALL
[2026-09-07 09:35:23] [OK] qsub output: Your job 6475550 ("adversarial_hpc_submit.pbs") has been submitted
[2026-09-07 09:35:23] [SUBMIT] VGG16/Cifar100/BIM/ALL
[2026-09-07 09:35:23] [CMD] qsub -q all.q -l ngpus=1 -v MODEL="VGG16",DATASET="Cifar100",ATTACK="BIM",KIND="ALL",PHASE="generate",OUTPUT_DIR="adversarial_results_ep100_pre300" adversarial_hpc_submit.pbs </dev/null
[2026-09-07 09:35:30] [OK] VGG16/Cifar100/IFGSM/ALL
[2026-09-07 09:35:30] [OK] qsub output: Your job 6475553 ("adversarial_hpc_submit.pbs") has been submitted
[2026-09-07 09:35:30] [SUBMIT] VGG16/Cifar100/BIM/ALL
[2026-09-07 09:35:30] [CMD] qsub -q all.q -l ngpus=1 -v MODEL="VGG16",DATASET="Cifar100",ATTACK="BIM",KIND="ALL",PHASE="generate",OUTPUT_DIR="adversarial_results_ep200_pre200" adversarial_hpc_submit.pbs </dev/null
[2026-09-07 09:35:33] [OK] VGG16/Cifar100/CW/ALL
[2026-09-07 09:35:33] [OK] qsub output: Your job 6475552 ("adversarial_hpc_submit.pbs") has been submitted
[2026-09-07 09:35:33] [SUBMIT] VGG16/Cifar100/DeepFool/ALL
[2026-09-07 09:35:33] [CMD] qsub -q all.q -l ngpus=1 -v MODEL="VGG16",DATASET="Cifar100",ATTACK="DeepFool",KIND="ALL",PHASE="generate",OUTPUT_DIR="adversarial_results_ep300_pre100" adversarial_hpc_submit.pbs </dev/null
[2026-09-07 09:35:36] [OK] VGG16/Cifar100/BIM/ALL
[2026-09-07 09:35:36] [OK] qsub output: Your job 6475555 ("adversarial_hpc_submit.pbs") has been submitted
[2026-09-07 09:35:36] [SUBMIT] VGG16/Cifar100/APGD/ALL
[2026-09-07 09:35:36] [CMD] qsub -q all.q -l ngpus=1 -v MODEL="VGG16",DATASET="Cifar100",ATTACK="APGD",KIND="ALL",PHASE="generate",OUTPUT_DIR="adversarial_results_ep200_pre200" adversarial_hpc_submit.pbs </dev/null
[2026-09-07 09:35:40] [OK] VGG16/Cifar100/BIM/ALL
[2026-09-07 09:35:40] [OK] qsub output: Your job 6475554 ("adversarial_hpc_submit.pbs") has been submitted
[2026-09-07 09:35:40] [SUBMIT] VGG16/Cifar100/APGD/ALL
[2026-09-07 09:35:40] [CMD] qsub -q all.q -l ngpus=1 -v MODEL="VGG16",DATASET="Cifar100",ATTACK="APGD",KIND="ALL",PHASE="generate",OUTPUT_DIR="adversarial_results_ep100_pre300" adversarial_hpc_submit.pbs </dev/null
[2026-09-07 09:35:45] [OK] VGG16/Cifar100/APGD/ALL
[2026-09-07 09:35:45] [OK] VGG16/Cifar100/DeepFool/ALL
[2026-09-07 09:35:45] [OK] qsub output: Your job 6475557 ("adversarial_hpc_submit.pbs") has been submitted
[2026-09-07 09:35:45] [OK] qsub output: Your job 6475556 ("adversarial_hpc_submit.pbs") has been submitted
[2026-09-07 09:35:45] [SUBMIT] VGG16/Cifar100/CW/ALL
[2026-09-07 09:35:45] [SUBMIT] RegNetX_400MF/Cifar10/PGD/ALL
[2026-09-07 09:35:45] [CMD] qsub -q all.q -l ngpus=1 -v MODEL="VGG16",DATASET="Cifar100",ATTACK="CW",KIND="ALL",PHASE="generate",OUTPUT_DIR="adversarial_results_ep200_pre200" adversarial_hpc_submit.pbs </dev/null
[2026-09-07 09:35:45] [CMD] qsub -q all.q -l ngpus=1 -v MODEL="RegNetX_400MF",DATASET="Cifar10",ATTACK="PGD",KIND="ALL",PHASE="generate",OUTPUT_DIR="adversarial_results_ep300_pre100" adversarial_hpc_submit.pbs </dev/null
[2026-09-07 09:35:48] [OK] VGG16/Cifar100/APGD/ALL
[2026-09-07 09:35:48] [OK] qsub output: Your job 6475558 ("adversarial_hpc_submit.pbs") has been submitted
[2026-09-07 09:35:48] [SUBMIT] VGG16/Cifar100/CW/ALL
[2026-09-07 09:35:48] [CMD] qsub -q all.q -l ngpus=1 -v MODEL="VGG16",DATASET="Cifar100",ATTACK="CW",KIND="ALL",PHASE="generate",OUTPUT_DIR="adversarial_results_ep100_pre300" adversarial_hpc_submit.pbs </dev/null
[2026-09-07 09:35:53] [OK] RegNetX_400MF/Cifar10/PGD/ALL
[2026-09-07 09:35:53] [OK] qsub output: Your job 6475560 ("adversarial_hpc_submit.pbs") has been submitted
[2026-09-07 09:35:53] [SUBMIT] RegNetX_400MF/Cifar10/FGSM/ALL
[2026-09-07 09:35:53] [CMD] qsub -q all.q -l ngpus=1 -v MODEL="RegNetX_400MF",DATASET="Cifar10",ATTACK="FGSM",KIND="ALL",PHASE="generate",OUTPUT_DIR="adversarial_results_ep300_pre100" adversarial_hpc_submit.pbs </dev/null
[2026-09-07 09:35:53] [OK] VGG16/Cifar100/CW/ALL
[2026-09-07 09:35:53] [OK] qsub output: Your job 6475559 ("adversarial_hpc_submit.pbs") has been submitted
[2026-09-07 09:35:54] [SUBMIT] VGG16/Cifar100/DeepFool/ALL
[2026-09-07 09:35:54] [CMD] qsub -q all.q -l ngpus=1 -v MODEL="VGG16",DATASET="Cifar100",ATTACK="DeepFool",KIND="ALL",PHASE="generate",OUTPUT_DIR="adversarial_results_ep200_pre200" adversarial_hpc_submit.pbs </dev/null
[2026-09-07 09:35:58] [OK] VGG16/Cifar100/CW/ALL
[2026-09-07 09:35:58] [OK] qsub output: Your job 6475561 ("adversarial_hpc_submit.pbs") has been submitted
[2026-09-07 09:35:58] [SUBMIT] VGG16/Cifar100/DeepFool/ALL
[2026-09-07 09:35:58] [CMD] qsub -q all.q -l ngpus=1 -v MODEL="VGG16",DATASET="Cifar100",ATTACK="DeepFool",KIND="ALL",PHASE="generate",OUTPUT_DIR="adversarial_results_ep100_pre300" adversarial_hpc_submit.pbs </dev/null
[2026-09-07 09:36:03] [OK] RegNetX_400MF/Cifar10/FGSM/ALL
[2026-09-07 09:36:03] [OK] qsub output: Your job 6475562 ("adversarial_hpc_submit.pbs") has been submitted
[2026-09-07 09:36:03] [SUBMIT] RegNetX_400MF/Cifar10/IFGSM/ALL
[2026-09-07 09:36:03] [CMD] qsub -q all.q -l ngpus=1 -v MODEL="RegNetX_400MF",DATASET="Cifar10",ATTACK="IFGSM",KIND="ALL",PHASE="generate",OUTPUT_DIR="adversarial_results_ep300_pre100" adversarial_hpc_submit.pbs </dev/null
[2026-09-07 09:36:05] [OK] VGG16/Cifar100/DeepFool/ALL
[2026-09-07 09:36:05] [OK] qsub output: Your job 6475564 ("adversarial_hpc_submit.pbs") has been submitted
[2026-09-07 09:36:05] [SUBMIT] RegNetX_400MF/Cifar10/PGD/ALL
[2026-09-07 09:36:05] [CMD] qsub -q all.q -l ngpus=1 -v MODEL="RegNetX_400MF",DATASET="Cifar10",ATTACK="PGD",KIND="ALL",PHASE="generate",OUTPUT_DIR="adversarial_results_ep100_pre300" adversarial_hpc_submit.pbs </dev/null
[2026-09-07 09:36:05] [OK] VGG16/Cifar100/DeepFool/ALL
[2026-09-07 09:36:05] [OK] qsub output: Your job 6475563 ("adversarial_hpc_submit.pbs") has been submitted
[2026-09-07 09:36:05] [SUBMIT] RegNetX_400MF/Cifar10/PGD/ALL
[2026-09-07 09:36:06] [CMD] qsub -q all.q -l ngpus=1 -v MODEL="RegNetX_400MF",DATASET="Cifar10",ATTACK="PGD",KIND="ALL",PHASE="generate",OUTPUT_DIR="adversarial_results_ep200_pre200" adversarial_hpc_submit.pbs </dev/null
[2026-09-07 09:36:08] [OK] RegNetX_400MF/Cifar10/IFGSM/ALL
[2026-09-07 09:36:08] [OK] qsub output: Your job 6475565 ("adversarial_hpc_submit.pbs") has been submitted
[2026-09-07 09:36:08] [SUBMIT] RegNetX_400MF/Cifar10/BIM/ALL
[2026-09-07 09:36:08] [CMD] qsub -q all.q -l ngpus=1 -v MODEL="RegNetX_400MF",DATASET="Cifar10",ATTACK="BIM",KIND="ALL",PHASE="generate",OUTPUT_DIR="adversarial_results_ep300_pre100" adversarial_hpc_submit.pbs </dev/null
[2026-09-07 09:36:09] [OK] RegNetX_400MF/Cifar10/PGD/ALL
[2026-09-07 09:36:10] [OK] qsub output: Your job 6475567 ("adversarial_hpc_submit.pbs") has been submitted
[2026-09-07 09:36:10] [SUBMIT] RegNetX_400MF/Cifar10/FGSM/ALL
[2026-09-07 09:36:10] [CMD] qsub -q all.q -l ngpus=1 -v MODEL="RegNetX_400MF",DATASET="Cifar10",ATTACK="FGSM",KIND="ALL",PHASE="generate",OUTPUT_DIR="adversarial_results_ep200_pre200" adversarial_hpc_submit.pbs </dev/null
[2026-09-07 09:36:14] [OK] RegNetX_400MF/Cifar10/PGD/ALL
[2026-09-07 09:36:14] [OK] qsub output: Your job 6475566 ("adversarial_hpc_submit.pbs") has been submitted
[2026-09-07 09:36:14] [SUBMIT] RegNetX_400MF/Cifar10/FGSM/ALL
[2026-09-07 09:36:14] [CMD] qsub -q all.q -l ngpus=1 -v MODEL="RegNetX_400MF",DATASET="Cifar10",ATTACK="FGSM",KIND="ALL",PHASE="generate",OUTPUT_DIR="adversarial_results_ep100_pre300" adversarial_hpc_submit.pbs </dev/null
[2026-09-07 09:36:16] [OK] RegNetX_400MF/Cifar10/BIM/ALL
[2026-09-07 09:36:16] [OK] qsub output: Your job 6475569 ("adversarial_hpc_submit.pbs") has been submitted
[2026-09-07 09:36:16] [SUBMIT] RegNetX_400MF/Cifar10/APGD/ALL
[2026-09-07 09:36:16] [CMD] qsub -q all.q -l ngpus=1 -v MODEL="RegNetX_400MF",DATASET="Cifar10",ATTACK="APGD",KIND="ALL",PHASE="generate",OUTPUT_DIR="adversarial_results_ep300_pre100" adversarial_hpc_submit.pbs </dev/null
[2026-09-07 09:36:20] [OK] RegNetX_400MF/Cifar10/FGSM/ALL
[2026-09-07 09:36:20] [OK] qsub output: Your job 6475568 ("adversarial_hpc_submit.pbs") has been submitted
[2026-09-07 09:36:20] [SUBMIT] RegNetX_400MF/Cifar10/IFGSM/ALL
[2026-09-07 09:36:20] [CMD] qsub -q all.q -l ngpus=1 -v MODEL="RegNetX_400MF",DATASET="Cifar10",ATTACK="IFGSM",KIND="ALL",PHASE="generate",OUTPUT_DIR="adversarial_results_ep200_pre200" adversarial_hpc_submit.pbs </dev/null
[2026-09-07 09:36:20] [OK] RegNetX_400MF/Cifar10/FGSM/ALL
[2026-09-07 09:36:20] [OK] qsub output: Your job 6475570 ("adversarial_hpc_submit.pbs") has been submitted
[2026-09-07 09:36:21] [SUBMIT] RegNetX_400MF/Cifar10/IFGSM/ALL
[2026-09-07 09:36:21] [CMD] qsub -q all.q -l ngpus=1 -v MODEL="RegNetX_400MF",DATASET="Cifar10",ATTACK="IFGSM",KIND="ALL",PHASE="generate",OUTPUT_DIR="adversarial_results_ep100_pre300" adversarial_hpc_submit.pbs </dev/null
[2026-09-07 09:36:24] [OK] RegNetX_400MF/Cifar10/IFGSM/ALL
[2026-09-07 09:36:24] [OK] qsub output: Your job 6475572 ("adversarial_hpc_submit.pbs") has been submitted
[2026-09-07 09:36:24] [SUBMIT] RegNetX_400MF/Cifar10/BIM/ALL
[2026-09-07 09:36:24] [CMD] qsub -q all.q -l ngpus=1 -v MODEL="RegNetX_400MF",DATASET="Cifar10",ATTACK="BIM",KIND="ALL",PHASE="generate",OUTPUT_DIR="adversarial_results_ep200_pre200" adversarial_hpc_submit.pbs </dev/null
[2026-09-07 09:36:29] [OK] RegNetX_400MF/Cifar10/APGD/ALL
[2026-09-07 09:36:29] [OK] qsub output: Your job 6475571 ("adversarial_hpc_submit.pbs") has been submitted
[2026-09-07 09:36:29] [SUBMIT] RegNetX_400MF/Cifar10/CW/ALL
[2026-09-07 09:36:29] [CMD] qsub -q all.q -l ngpus=1 -v MODEL="RegNetX_400MF",DATASET="Cifar10",ATTACK="CW",KIND="ALL",PHASE="generate",OUTPUT_DIR="adversarial_results_ep300_pre100" adversarial_hpc_submit.pbs </dev/null
[2026-09-07 09:36:38] [OK] RegNetX_400MF/Cifar10/CW/ALL
[2026-09-07 09:36:40] [OK] RegNetX_400MF/Cifar10/BIM/ALL
[2026-09-07 09:36:41] [OK] RegNetX_400MF/Cifar10/IFGSM/ALL
[2026-09-07 09:36:43] [OK] qsub output: Your job 6475574 ("adversarial_hpc_submit.pbs") has been submitted
[2026-09-07 09:36:44] [OK] qsub output: Your job 6475573 ("adversarial_hpc_submit.pbs") has been submitted
[2026-09-07 09:36:44] [OK] qsub output: Your job 6475575 ("adversarial_hpc_submit.pbs") has been submitted
[2026-09-07 09:36:44] [SUBMIT] RegNetX_400MF/Cifar10/DeepFool/ALL
[2026-09-07 09:36:44] [SUBMIT] RegNetX_400MF/Cifar10/APGD/ALL
[2026-09-07 09:36:44] [SUBMIT] RegNetX_400MF/Cifar10/BIM/ALL
[2026-09-07 09:36:44] [CMD] qsub -q all.q -l ngpus=1 -v MODEL="RegNetX_400MF",DATASET="Cifar10",ATTACK="DeepFool",KIND="ALL",PHASE="generate",OUTPUT_DIR="adversarial_results_ep300_pre100" adversarial_hpc_submit.pbs </dev/null
[2026-09-07 09:36:44] [CMD] qsub -q all.q -l ngpus=1 -v MODEL="RegNetX_400MF",DATASET="Cifar10",ATTACK="APGD",KIND="ALL",PHASE="generate",OUTPUT_DIR="adversarial_results_ep200_pre200" adversarial_hpc_submit.pbs </dev/null
[2026-09-07 09:36:44] [CMD] qsub -q all.q -l ngpus=1 -v MODEL="RegNetX_400MF",DATASET="Cifar10",ATTACK="BIM",KIND="ALL",PHASE="generate",OUTPUT_DIR="adversarial_results_ep100_pre300" adversarial_hpc_submit.pbs </dev/null
[2026-09-07 09:36:49] [OK] RegNetX_400MF/Cifar10/DeepFool/ALL
[2026-09-07 09:36:49] [OK] qsub output: Your job 6475576 ("adversarial_hpc_submit.pbs") has been submitted
[2026-09-07 09:36:49] [SUBMIT] RegNetX_400MF/Cifar100/PGD/ALL
[2026-09-07 09:36:49] [CMD] qsub -q all.q -l ngpus=1 -v MODEL="RegNetX_400MF",DATASET="Cifar100",ATTACK="PGD",KIND="ALL",PHASE="generate",OUTPUT_DIR="adversarial_results_ep300_pre100" adversarial_hpc_submit.pbs </dev/null
[2026-09-07 09:36:51] [OK] RegNetX_400MF/Cifar10/APGD/ALL
[2026-09-07 09:36:51] [OK] qsub output: Your job 6475577 ("adversarial_hpc_submit.pbs") has been submitted
[2026-09-07 09:36:51] [SUBMIT] RegNetX_400MF/Cifar10/CW/ALL
[2026-09-07 09:36:51] [CMD] qsub -q all.q -l ngpus=1 -v MODEL="RegNetX_400MF",DATASET="Cifar10",ATTACK="CW",KIND="ALL",PHASE="generate",OUTPUT_DIR="adversarial_results_ep200_pre200" adversarial_hpc_submit.pbs </dev/null
[2026-09-07 09:36:53] [OK] RegNetX_400MF/Cifar100/PGD/ALL
[2026-09-07 09:36:53] [OK] qsub output: Your job 6475579 ("adversarial_hpc_submit.pbs") has been submitted
[2026-09-07 09:36:53] [SUBMIT] RegNetX_400MF/Cifar100/FGSM/ALL
[2026-09-07 09:36:53] [CMD] qsub -q all.q -l ngpus=1 -v MODEL="RegNetX_400MF",DATASET="Cifar100",ATTACK="FGSM",KIND="ALL",PHASE="generate",OUTPUT_DIR="adversarial_results_ep300_pre100" adversarial_hpc_submit.pbs </dev/null
[2026-09-07 09:36:53] [OK] RegNetX_400MF/Cifar10/BIM/ALL
[2026-09-07 09:36:54] [OK] qsub output: Your job 6475578 ("adversarial_hpc_submit.pbs") has been submitted
[2026-09-07 09:36:54] [SUBMIT] RegNetX_400MF/Cifar10/APGD/ALL
[2026-09-07 09:36:55] [CMD] qsub -q all.q -l ngpus=1 -v MODEL="RegNetX_400MF",DATASET="Cifar10",ATTACK="APGD",KIND="ALL",PHASE="generate",OUTPUT_DIR="adversarial_results_ep100_pre300" adversarial_hpc_submit.pbs </dev/null
[2026-09-07 09:36:56] [OK] RegNetX_400MF/Cifar100/FGSM/ALL
[2026-09-07 09:36:56] [OK] qsub output: Your job 6475581 ("adversarial_hpc_submit.pbs") has been submitted
[2026-09-07 09:36:56] [SUBMIT] RegNetX_400MF/Cifar100/IFGSM/ALL
[2026-09-07 09:36:56] [CMD] qsub -q all.q -l ngpus=1 -v MODEL="RegNetX_400MF",DATASET="Cifar100",ATTACK="IFGSM",KIND="ALL",PHASE="generate",OUTPUT_DIR="adversarial_results_ep300_pre100" adversarial_hpc_submit.pbs </dev/null
[2026-09-07 09:36:59] [OK] RegNetX_400MF/Cifar10/CW/ALL
[2026-09-07 09:36:59] [OK] qsub output: Your job 6475580 ("adversarial_hpc_submit.pbs") has been submitted
[2026-09-07 09:36:59] [SUBMIT] RegNetX_400MF/Cifar10/DeepFool/ALL
[2026-09-07 09:36:59] [CMD] qsub -q all.q -l ngpus=1 -v MODEL="RegNetX_400MF",DATASET="Cifar10",ATTACK="DeepFool",KIND="ALL",PHASE="generate",OUTPUT_DIR="adversarial_results_ep200_pre200" adversarial_hpc_submit.pbs </dev/null
[2026-09-07 09:37:02] [OK] RegNetX_400MF/Cifar10/APGD/ALL
[2026-09-07 09:37:02] [OK] qsub output: Your job 6475582 ("adversarial_hpc_submit.pbs") has been submitted
[2026-09-07 09:37:02] [SUBMIT] RegNetX_400MF/Cifar10/CW/ALL
[2026-09-07 09:37:02] [CMD] qsub -q all.q -l ngpus=1 -v MODEL="RegNetX_400MF",DATASET="Cifar10",ATTACK="CW",KIND="ALL",PHASE="generate",OUTPUT_DIR="adversarial_results_ep100_pre300" adversarial_hpc_submit.pbs </dev/null
[2026-09-07 09:37:04] [OK] RegNetX_400MF/Cifar10/DeepFool/ALL
[2026-09-07 09:37:05] [OK] qsub output: Your job 6475584 ("adversarial_hpc_submit.pbs") has been submitted
[2026-09-07 09:37:05] [SUBMIT] RegNetX_400MF/Cifar100/PGD/ALL
[2026-09-07 09:37:05] [CMD] qsub -q all.q -l ngpus=1 -v MODEL="RegNetX_400MF",DATASET="Cifar100",ATTACK="PGD",KIND="ALL",PHASE="generate",OUTPUT_DIR="adversarial_results_ep200_pre200" adversarial_hpc_submit.pbs </dev/null
[2026-09-07 09:37:06] [OK] RegNetX_400MF/Cifar100/IFGSM/ALL
[2026-09-07 09:37:06] [OK] qsub output: Your job 6475583 ("adversarial_hpc_submit.pbs") has been submitted
[2026-09-07 09:37:07] [SUBMIT] RegNetX_400MF/Cifar100/BIM/ALL
[2026-09-07 09:37:07] [CMD] qsub -q all.q -l ngpus=1 -v MODEL="RegNetX_400MF",DATASET="Cifar100",ATTACK="BIM",KIND="ALL",PHASE="generate",OUTPUT_DIR="adversarial_results_ep300_pre100" adversarial_hpc_submit.pbs </dev/null
[2026-09-07 09:37:08] [OK] RegNetX_400MF/Cifar10/CW/ALL
[2026-09-07 09:37:08] [OK] RegNetX_400MF/Cifar100/PGD/ALL
[2026-09-07 09:37:08] [OK] qsub output: Your job 6475585 ("adversarial_hpc_submit.pbs") has been submitted
[2026-09-07 09:37:08] [OK] qsub output: Your job 6475586 ("adversarial_hpc_submit.pbs") has been submitted
[2026-09-07 09:37:08] [SUBMIT] RegNetX_400MF/Cifar10/DeepFool/ALL
[2026-09-07 09:37:08] [SUBMIT] RegNetX_400MF/Cifar100/FGSM/ALL
[2026-09-07 09:37:08] [CMD] qsub -q all.q -l ngpus=1 -v MODEL="RegNetX_400MF",DATASET="Cifar10",ATTACK="DeepFool",KIND="ALL",PHASE="generate",OUTPUT_DIR="adversarial_results_ep100_pre300" adversarial_hpc_submit.pbs </dev/null
[2026-09-07 09:37:08] [CMD] qsub -q all.q -l ngpus=1 -v MODEL="RegNetX_400MF",DATASET="Cifar100",ATTACK="FGSM",KIND="ALL",PHASE="generate",OUTPUT_DIR="adversarial_results_ep200_pre200" adversarial_hpc_submit.pbs </dev/null
[2026-09-07 09:37:12] [OK] RegNetX_400MF/Cifar100/BIM/ALL
[2026-09-07 09:37:13] [OK] qsub output: Your job 6475587 ("adversarial_hpc_submit.pbs") has been submitted
[2026-09-07 09:37:13] [SUBMIT] RegNetX_400MF/Cifar100/APGD/ALL
[2026-09-07 09:37:13] [CMD] qsub -q all.q -l ngpus=1 -v MODEL="RegNetX_400MF",DATASET="Cifar100",ATTACK="APGD",KIND="ALL",PHASE="generate",OUTPUT_DIR="adversarial_results_ep300_pre100" adversarial_hpc_submit.pbs </dev/null
[2026-09-07 09:37:14] [OK] RegNetX_400MF/Cifar100/FGSM/ALL
[2026-09-07 09:37:14] [OK] qsub output: Your job 6475589 ("adversarial_hpc_submit.pbs") has been submitted
[2026-09-07 09:37:14] [SUBMIT] RegNetX_400MF/Cifar100/IFGSM/ALL
[2026-09-07 09:37:14] [CMD] qsub -q all.q -l ngpus=1 -v MODEL="RegNetX_400MF",DATASET="Cifar100",ATTACK="IFGSM",KIND="ALL",PHASE="generate",OUTPUT_DIR="adversarial_results_ep200_pre200" adversarial_hpc_submit.pbs </dev/null
[2026-09-07 09:37:18] [OK] RegNetX_400MF/Cifar10/DeepFool/ALL
[2026-09-07 09:37:18] [OK] qsub output: Your job 6475588 ("adversarial_hpc_submit.pbs") has been submitted
[2026-09-07 09:37:18] [SUBMIT] RegNetX_400MF/Cifar100/PGD/ALL
[2026-09-07 09:37:18] [CMD] qsub -q all.q -l ngpus=1 -v MODEL="RegNetX_400MF",DATASET="Cifar100",ATTACK="PGD",KIND="ALL",PHASE="generate",OUTPUT_DIR="adversarial_results_ep100_pre300" adversarial_hpc_submit.pbs </dev/null
[2026-09-07 09:37:21] [OK] RegNetX_400MF/Cifar100/APGD/ALL
[2026-09-07 09:37:21] [OK] qsub output: Your job 6475590 ("adversarial_hpc_submit.pbs") has been submitted
[2026-09-07 09:37:21] [SUBMIT] RegNetX_400MF/Cifar100/CW/ALL
[2026-09-07 09:37:21] [CMD] qsub -q all.q -l ngpus=1 -v MODEL="RegNetX_400MF",DATASET="Cifar100",ATTACK="CW",KIND="ALL",PHASE="generate",OUTPUT_DIR="adversarial_results_ep300_pre100" adversarial_hpc_submit.pbs </dev/null
[2026-09-07 09:37:22] [OK] RegNetX_400MF/Cifar100/IFGSM/ALL
[2026-09-07 09:37:22] [OK] qsub output: Your job 6475591 ("adversarial_hpc_submit.pbs") has been submitted
[2026-09-07 09:37:22] [SUBMIT] RegNetX_400MF/Cifar100/BIM/ALL
[2026-09-07 09:37:22] [CMD] qsub -q all.q -l ngpus=1 -v MODEL="RegNetX_400MF",DATASET="Cifar100",ATTACK="BIM",KIND="ALL",PHASE="generate",OUTPUT_DIR="adversarial_results_ep200_pre200" adversarial_hpc_submit.pbs </dev/null
[2026-09-07 09:37:25] [OK] RegNetX_400MF/Cifar100/PGD/ALL
[2026-09-07 09:37:25] [OK] qsub output: Your job 6475592 ("adversarial_hpc_submit.pbs") has been submitted
[2026-09-07 09:37:25] [SUBMIT] RegNetX_400MF/Cifar100/FGSM/ALL
[2026-09-07 09:37:26] [CMD] qsub -q all.q -l ngpus=1 -v MODEL="RegNetX_400MF",DATASET="Cifar100",ATTACK="FGSM",KIND="ALL",PHASE="generate",OUTPUT_DIR="adversarial_results_ep100_pre300" adversarial_hpc_submit.pbs </dev/null
[2026-09-07 09:37:28] [OK] RegNetX_400MF/Cifar100/CW/ALL
[2026-09-07 09:37:28] [OK] qsub output: Your job 6475593 ("adversarial_hpc_submit.pbs") has been submitted
[2026-09-07 09:37:28] [SUBMIT] RegNetX_400MF/Cifar100/DeepFool/ALL
[2026-09-07 09:37:28] [CMD] qsub -q all.q -l ngpus=1 -v MODEL="RegNetX_400MF",DATASET="Cifar100",ATTACK="DeepFool",KIND="ALL",PHASE="generate",OUTPUT_DIR="adversarial_results_ep300_pre100" adversarial_hpc_submit.pbs </dev/null
[2026-09-07 09:37:34] [OK] RegNetX_400MF/Cifar100/BIM/ALL
[2026-09-07 09:37:34] [OK] qsub output: Your job 6475594 ("adversarial_hpc_submit.pbs") has been submitted
[2026-09-07 09:37:35] [SUBMIT] RegNetX_400MF/Cifar100/APGD/ALL
[2026-09-07 09:37:35] [CMD] qsub -q all.q -l ngpus=1 -v MODEL="RegNetX_400MF",DATASET="Cifar100",ATTACK="APGD",KIND="ALL",PHASE="generate",OUTPUT_DIR="adversarial_results_ep200_pre200" adversarial_hpc_submit.pbs </dev/null
[2026-09-07 09:37:39] [OK] RegNetX_400MF/Cifar100/FGSM/ALL
[2026-09-07 09:37:39] [OK] qsub output: Your job 6475597 ("adversarial_hpc_submit.pbs") has been submitted
[2026-09-07 09:37:40] [SUBMIT] RegNetX_400MF/Cifar100/IFGSM/ALL
[2026-09-07 09:37:41] [CMD] qsub -q all.q -l ngpus=1 -v MODEL="RegNetX_400MF",DATASET="Cifar100",ATTACK="IFGSM",KIND="ALL",PHASE="generate",OUTPUT_DIR="adversarial_results_ep100_pre300" adversarial_hpc_submit.pbs </dev/null
[2026-09-07 09:37:43] [OK] RegNetX_400MF/Cifar100/DeepFool/ALL
[2026-09-07 09:37:44] [OK] qsub output: Your job 6475596 ("adversarial_hpc_submit.pbs") has been submitted
[2026-09-07 09:37:45] [SUBMIT] InceptionNet/Cifar10/PGD/ALL
[2026-09-07 09:37:45] [CMD] qsub -q all.q -l ngpus=1 -v MODEL="InceptionNet",DATASET="Cifar10",ATTACK="PGD",KIND="ALL",PHASE="generate",OUTPUT_DIR="adversarial_results_ep300_pre100" adversarial_hpc_submit.pbs </dev/null
[2026-09-07 09:37:47] [OK] RegNetX_400MF/Cifar100/APGD/ALL
[2026-09-07 09:37:50] [OK] RegNetX_400MF/Cifar100/IFGSM/ALL
[2026-09-07 09:37:52] [OK] InceptionNet/Cifar10/PGD/ALL
[2026-09-07 09:37:53] [OK] qsub output: Your job 6475598 ("adversarial_hpc_submit.pbs") has been submitted
[2026-09-07 09:37:56] [OK] qsub output: Your job 6475599 ("adversarial_hpc_submit.pbs") has been submitted
[2026-09-07 09:37:56] [OK] qsub output: Your job 6475600 ("adversarial_hpc_submit.pbs") has been submitted
[2026-09-07 09:37:56] [SUBMIT] RegNetX_400MF/Cifar100/CW/ALL
[2026-09-07 09:37:56] [SUBMIT] RegNetX_400MF/Cifar100/BIM/ALL
[2026-09-07 09:37:56] [SUBMIT] InceptionNet/Cifar10/FGSM/ALL
[2026-09-07 09:37:56] [CMD] qsub -q all.q -l ngpus=1 -v MODEL="RegNetX_400MF",DATASET="Cifar100",ATTACK="CW",KIND="ALL",PHASE="generate",OUTPUT_DIR="adversarial_results_ep200_pre200" adversarial_hpc_submit.pbs </dev/null
[2026-09-07 09:37:56] [CMD] qsub -q all.q -l ngpus=1 -v MODEL="RegNetX_400MF",DATASET="Cifar100",ATTACK="BIM",KIND="ALL",PHASE="generate",OUTPUT_DIR="adversarial_results_ep100_pre300" adversarial_hpc_submit.pbs </dev/null
[2026-09-07 09:37:56] [CMD] qsub -q all.q -l ngpus=1 -v MODEL="InceptionNet",DATASET="Cifar10",ATTACK="FGSM",KIND="ALL",PHASE="generate",OUTPUT_DIR="adversarial_results_ep300_pre100" adversarial_hpc_submit.pbs </dev/null
[2026-09-07 09:37:58] [OK] RegNetX_400MF/Cifar100/CW/ALL
[2026-09-07 09:38:06] [OK] RegNetX_400MF/Cifar100/BIM/ALL
[2026-09-07 09:38:06] [OK] InceptionNet/Cifar10/FGSM/ALL
[2026-09-07 09:38:08] [OK] qsub output: Your job 6475601 ("adversarial_hpc_submit.pbs") has been submitted
[2026-09-07 09:38:13] [OK] qsub output: Your job 6475603 ("adversarial_hpc_submit.pbs") has been submitted
[2026-09-07 09:38:13] [OK] qsub output: Your job 6475602 ("adversarial_hpc_submit.pbs") has been submitted
[2026-09-07 09:38:13] [SUBMIT] RegNetX_400MF/Cifar100/DeepFool/ALL
[2026-09-07 09:38:13] [SUBMIT] RegNetX_400MF/Cifar100/APGD/ALL
[2026-09-07 09:38:13] [SUBMIT] InceptionNet/Cifar10/IFGSM/ALL
[2026-09-07 09:38:21] [CMD] qsub -q all.q -l ngpus=1 -v MODEL="RegNetX_400MF",DATASET="Cifar100",ATTACK="DeepFool",KIND="ALL",PHASE="generate",OUTPUT_DIR="adversarial_results_ep200_pre200" adversarial_hpc_submit.pbs </dev/null
[2026-09-07 09:38:26] [CMD] qsub -q all.q -l ngpus=1 -v MODEL="RegNetX_400MF",DATASET="Cifar100",ATTACK="APGD",KIND="ALL",PHASE="generate",OUTPUT_DIR="adversarial_results_ep100_pre300" adversarial_hpc_submit.pbs </dev/null
[2026-09-07 09:38:26] [CMD] qsub -q all.q -l ngpus=1 -v MODEL="InceptionNet",DATASET="Cifar10",ATTACK="IFGSM",KIND="ALL",PHASE="generate",OUTPUT_DIR="adversarial_results_ep300_pre100" adversarial_hpc_submit.pbs </dev/null
[2026-09-07 09:39:05] [OK] InceptionNet/Cifar10/IFGSM/ALL
[2026-09-07 09:39:08] [OK] RegNetX_400MF/Cifar100/APGD/ALL
[2026-09-07 09:39:12] [OK] qsub output: Your job 6475605 ("adversarial_hpc_submit.pbs") has been submitted
[2026-09-07 09:39:14] [OK] RegNetX_400MF/Cifar100/DeepFool/ALL
[2026-09-07 09:39:15] [OK] qsub output: Your job 6475604 ("adversarial_hpc_submit.pbs") has been submitted
[2026-09-07 09:39:16] [SUBMIT] InceptionNet/Cifar10/BIM/ALL
[2026-09-07 09:39:23] [OK] qsub output: Your job 6475606 ("adversarial_hpc_submit.pbs") has been submitted
[2026-09-07 09:39:28] [SUBMIT] RegNetX_400MF/Cifar100/CW/ALL
[2026-09-07 09:39:29] [CMD] qsub -q all.q -l ngpus=1 -v MODEL="InceptionNet",DATASET="Cifar10",ATTACK="BIM",KIND="ALL",PHASE="generate",OUTPUT_DIR="adversarial_results_ep300_pre100" adversarial_hpc_submit.pbs </dev/null
[2026-09-07 09:39:29] [CMD] qsub -q all.q -l ngpus=1 -v MODEL="RegNetX_400MF",DATASET="Cifar100",ATTACK="CW",KIND="ALL",PHASE="generate",OUTPUT_DIR="adversarial_results_ep100_pre300" adversarial_hpc_submit.pbs </dev/null
[2026-09-07 09:39:30] [SUBMIT] InceptionNet/Cifar10/PGD/ALL
[2026-09-07 09:39:30] [CMD] qsub -q all.q -l ngpus=1 -v MODEL="InceptionNet",DATASET="Cifar10",ATTACK="PGD",KIND="ALL",PHASE="generate",OUTPUT_DIR="adversarial_results_ep200_pre200" adversarial_hpc_submit.pbs </dev/null
[2026-09-07 09:39:55] [OK] InceptionNet/Cifar10/PGD/ALL
[2026-09-07 09:39:56] [OK] InceptionNet/Cifar10/BIM/ALL
[2026-09-07 09:40:03] [OK] RegNetX_400MF/Cifar100/CW/ALL
[2026-09-07 09:40:10] [OK] qsub output: Your job 6475608 ("adversarial_hpc_submit.pbs") has been submitted
[2026-09-07 09:40:21] [OK] qsub output: Your job 6475607 ("adversarial_hpc_submit.pbs") has been submitted
[2026-09-07 09:40:23] [OK] qsub output: Your job 6475609 ("adversarial_hpc_submit.pbs") has been submitted
[2026-09-07 09:40:23] [SUBMIT] InceptionNet/Cifar10/FGSM/ALL
[2026-09-07 09:40:23] [SUBMIT] InceptionNet/Cifar10/APGD/ALL
[2026-09-07 09:40:23] [CMD] qsub -q all.q -l ngpus=1 -v MODEL="InceptionNet",DATASET="Cifar10",ATTACK="FGSM",KIND="ALL",PHASE="generate",OUTPUT_DIR="adversarial_results_ep200_pre200" adversarial_hpc_submit.pbs </dev/null
[2026-09-07 09:40:23] [SUBMIT] RegNetX_400MF/Cifar100/DeepFool/ALL
[2026-09-07 09:40:23] [CMD] qsub -q all.q -l ngpus=1 -v MODEL="InceptionNet",DATASET="Cifar10",ATTACK="APGD",KIND="ALL",PHASE="generate",OUTPUT_DIR="adversarial_results_ep300_pre100" adversarial_hpc_submit.pbs </dev/null
[2026-09-07 09:40:23] [CMD] qsub -q all.q -l ngpus=1 -v MODEL="RegNetX_400MF",DATASET="Cifar100",ATTACK="DeepFool",KIND="ALL",PHASE="generate",OUTPUT_DIR="adversarial_results_ep100_pre300" adversarial_hpc_submit.pbs </dev/null
[2026-09-07 09:41:12] [OK] InceptionNet/Cifar10/APGD/ALL
[2026-09-07 09:41:15] [OK] RegNetX_400MF/Cifar100/DeepFool/ALL
[2026-09-07 09:41:18] [OK] qsub output: Your job 6475614 ("adversarial_hpc_submit.pbs") has been submitted
[2026-09-07 09:41:18] [OK] InceptionNet/Cifar10/FGSM/ALL
[2026-09-07 09:41:25] [OK] qsub output: Your job 6475613 ("adversarial_hpc_submit.pbs") has been submitted
[2026-09-07 09:41:26] [SUBMIT] InceptionNet/Cifar10/CW/ALL
[2026-09-07 09:41:27] [OK] qsub output: Your job 6475615 ("adversarial_hpc_submit.pbs") has been submitted
[2026-09-07 09:41:30] [SUBMIT] InceptionNet/Cifar10/PGD/ALL
[2026-09-07 09:41:33] [CMD] qsub -q all.q -l ngpus=1 -v MODEL="InceptionNet",DATASET="Cifar10",ATTACK="CW",KIND="ALL",PHASE="generate",OUTPUT_DIR="adversarial_results_ep300_pre100" adversarial_hpc_submit.pbs </dev/null
[2026-09-07 09:41:33] [CMD] qsub -q all.q -l ngpus=1 -v MODEL="InceptionNet",DATASET="Cifar10",ATTACK="PGD",KIND="ALL",PHASE="generate",OUTPUT_DIR="adversarial_results_ep100_pre300" adversarial_hpc_submit.pbs </dev/null
[2026-09-07 09:41:33] [SUBMIT] InceptionNet/Cifar10/IFGSM/ALL
[2026-09-07 09:41:33] [CMD] qsub -q all.q -l ngpus=1 -v MODEL="InceptionNet",DATASET="Cifar10",ATTACK="IFGSM",KIND="ALL",PHASE="generate",OUTPUT_DIR="adversarial_results_ep200_pre200" adversarial_hpc_submit.pbs </dev/null
[2026-09-07 09:41:38] [OK] InceptionNet/Cifar10/CW/ALL
[2026-09-07 09:41:38] [OK] qsub output: Your job 6475617 ("adversarial_hpc_submit.pbs") has been submitted
[2026-09-07 09:41:38] [SUBMIT] InceptionNet/Cifar10/DeepFool/ALL
[2026-09-07 09:41:38] [CMD] qsub -q all.q -l ngpus=1 -v MODEL="InceptionNet",DATASET="Cifar10",ATTACK="DeepFool",KIND="ALL",PHASE="generate",OUTPUT_DIR="adversarial_results_ep300_pre100" adversarial_hpc_submit.pbs </dev/null
[2026-09-07 09:41:41] [OK] InceptionNet/Cifar10/PGD/ALL
[2026-09-07 09:41:41] [OK] qsub output: Your job 6475618 ("adversarial_hpc_submit.pbs") has been submitted
[2026-09-07 09:41:41] [SUBMIT] InceptionNet/Cifar10/FGSM/ALL
[2026-09-07 09:41:41] [CMD] qsub -q all.q -l ngpus=1 -v MODEL="InceptionNet",DATASET="Cifar10",ATTACK="FGSM",KIND="ALL",PHASE="generate",OUTPUT_DIR="adversarial_results_ep100_pre300" adversarial_hpc_submit.pbs </dev/null
[2026-09-07 09:41:43] [OK] InceptionNet/Cifar10/IFGSM/ALL
[2026-09-07 09:41:43] [OK] qsub output: Your job 6475619 ("adversarial_hpc_submit.pbs") has been submitted
[2026-09-07 09:41:43] [SUBMIT] InceptionNet/Cifar10/BIM/ALL
[2026-09-07 09:41:43] [CMD] qsub -q all.q -l ngpus=1 -v MODEL="InceptionNet",DATASET="Cifar10",ATTACK="BIM",KIND="ALL",PHASE="generate",OUTPUT_DIR="adversarial_results_ep200_pre200" adversarial_hpc_submit.pbs </dev/null
[2026-09-07 09:41:48] [OK] InceptionNet/Cifar10/FGSM/ALL
[2026-09-07 09:41:48] [OK] qsub output: Your job 6475621 ("adversarial_hpc_submit.pbs") has been submitted
[2026-09-07 09:41:48] [SUBMIT] InceptionNet/Cifar10/IFGSM/ALL
[2026-09-07 09:41:48] [CMD] qsub -q all.q -l ngpus=1 -v MODEL="InceptionNet",DATASET="Cifar10",ATTACK="IFGSM",KIND="ALL",PHASE="generate",OUTPUT_DIR="adversarial_results_ep100_pre300" adversarial_hpc_submit.pbs </dev/null
[2026-09-07 09:41:49] [OK] InceptionNet/Cifar10/DeepFool/ALL
[2026-09-07 09:41:49] [OK] qsub output: Your job 6475620 ("adversarial_hpc_submit.pbs") has been submitted
[2026-09-07 09:41:49] [SUBMIT] InceptionNet/Cifar100/PGD/ALL
[2026-09-07 09:41:49] [CMD] qsub -q all.q -l ngpus=1 -v MODEL="InceptionNet",DATASET="Cifar100",ATTACK="PGD",KIND="ALL",PHASE="generate",OUTPUT_DIR="adversarial_results_ep300_pre100" adversarial_hpc_submit.pbs </dev/null
[2026-09-07 09:41:55] [OK] InceptionNet/Cifar10/BIM/ALL
[2026-09-07 09:41:56] [OK] qsub output: Your job 6475622 ("adversarial_hpc_submit.pbs") has been submitted
[2026-09-07 09:41:56] [SUBMIT] InceptionNet/Cifar10/APGD/ALL
[2026-09-07 09:41:56] [CMD] qsub -q all.q -l ngpus=1 -v MODEL="InceptionNet",DATASET="Cifar10",ATTACK="APGD",KIND="ALL",PHASE="generate",OUTPUT_DIR="adversarial_results_ep200_pre200" adversarial_hpc_submit.pbs </dev/null
[2026-09-07 09:41:57] [OK] InceptionNet/Cifar10/IFGSM/ALL
[2026-09-07 09:41:57] [OK] qsub output: Your job 6475623 ("adversarial_hpc_submit.pbs") has been submitted
[2026-09-07 09:41:57] [OK] InceptionNet/Cifar100/PGD/ALL
[2026-09-07 09:41:57] [OK] qsub output: Your job 6475624 ("adversarial_hpc_submit.pbs") has been submitted
[2026-09-07 09:41:57] [SUBMIT] InceptionNet/Cifar10/BIM/ALL
[2026-09-07 09:41:57] [CMD] qsub -q all.q -l ngpus=1 -v MODEL="InceptionNet",DATASET="Cifar10",ATTACK="BIM",KIND="ALL",PHASE="generate",OUTPUT_DIR="adversarial_results_ep100_pre300" adversarial_hpc_submit.pbs </dev/null
[2026-09-07 09:41:57] [SUBMIT] InceptionNet/Cifar100/FGSM/ALL
[2026-09-07 09:41:57] [CMD] qsub -q all.q -l ngpus=1 -v MODEL="InceptionNet",DATASET="Cifar100",ATTACK="FGSM",KIND="ALL",PHASE="generate",OUTPUT_DIR="adversarial_results_ep300_pre100" adversarial_hpc_submit.pbs </dev/null
[2026-09-07 09:42:00] [OK] InceptionNet/Cifar10/BIM/ALL
[2026-09-07 09:42:00] [OK] qsub output: Your job 6475626 ("adversarial_hpc_submit.pbs") has been submitted
[2026-09-07 09:42:00] [SUBMIT] InceptionNet/Cifar10/APGD/ALL
[2026-09-07 09:42:00] [CMD] qsub -q all.q -l ngpus=1 -v MODEL="InceptionNet",DATASET="Cifar10",ATTACK="APGD",KIND="ALL",PHASE="generate",OUTPUT_DIR="adversarial_results_ep100_pre300" adversarial_hpc_submit.pbs </dev/null
[2026-09-07 09:42:03] [OK] InceptionNet/Cifar10/APGD/ALL
[2026-09-07 09:42:03] [OK] qsub output: Your job 6475625 ("adversarial_hpc_submit.pbs") has been submitted
[2026-09-07 09:42:04] [SUBMIT] InceptionNet/Cifar10/CW/ALL
[2026-09-07 09:42:04] [CMD] qsub -q all.q -l ngpus=1 -v MODEL="InceptionNet",DATASET="Cifar10",ATTACK="CW",KIND="ALL",PHASE="generate",OUTPUT_DIR="adversarial_results_ep200_pre200" adversarial_hpc_submit.pbs </dev/null
[2026-09-07 09:42:05] [OK] InceptionNet/Cifar100/FGSM/ALL
[2026-09-07 09:42:05] [OK] qsub output: Your job 6475627 ("adversarial_hpc_submit.pbs") has been submitted
[2026-09-07 09:42:06] [SUBMIT] InceptionNet/Cifar100/IFGSM/ALL
[2026-09-07 09:42:06] [CMD] qsub -q all.q -l ngpus=1 -v MODEL="InceptionNet",DATASET="Cifar100",ATTACK="IFGSM",KIND="ALL",PHASE="generate",OUTPUT_DIR="adversarial_results_ep300_pre100" adversarial_hpc_submit.pbs </dev/null
[2026-09-07 09:42:07] [OK] InceptionNet/Cifar10/APGD/ALL
[2026-09-07 09:42:07] [OK] qsub output: Your job 6475628 ("adversarial_hpc_submit.pbs") has been submitted
[2026-09-07 09:42:08] [SUBMIT] InceptionNet/Cifar10/CW/ALL
[2026-09-07 09:42:08] [CMD] qsub -q all.q -l ngpus=1 -v MODEL="InceptionNet",DATASET="Cifar10",ATTACK="CW",KIND="ALL",PHASE="generate",OUTPUT_DIR="adversarial_results_ep100_pre300" adversarial_hpc_submit.pbs </dev/null
[2026-09-07 09:42:10] [OK] InceptionNet/Cifar10/CW/ALL
[2026-09-07 09:42:10] [OK] qsub output: Your job 6475629 ("adversarial_hpc_submit.pbs") has been submitted
[2026-09-07 09:42:10] [SUBMIT] InceptionNet/Cifar10/DeepFool/ALL
[2026-09-07 09:42:10] [CMD] qsub -q all.q -l ngpus=1 -v MODEL="InceptionNet",DATASET="Cifar10",ATTACK="DeepFool",KIND="ALL",PHASE="generate",OUTPUT_DIR="adversarial_results_ep200_pre200" adversarial_hpc_submit.pbs </dev/null
[2026-09-07 09:42:13] [OK] InceptionNet/Cifar10/CW/ALL
[2026-09-07 09:42:13] [OK] InceptionNet/Cifar100/IFGSM/ALL
[2026-09-07 09:42:14] [OK] qsub output: Your job 6475631 ("adversarial_hpc_submit.pbs") has been submitted
[2026-09-07 09:42:14] [OK] qsub output: Your job 6475630 ("adversarial_hpc_submit.pbs") has been submitted
[2026-09-07 09:42:15] [SUBMIT] InceptionNet/Cifar10/DeepFool/ALL
[2026-09-07 09:42:16] [SUBMIT] InceptionNet/Cifar100/BIM/ALL
[2026-09-07 09:42:18] [CMD] qsub -q all.q -l ngpus=1 -v MODEL="InceptionNet",DATASET="Cifar10",ATTACK="DeepFool",KIND="ALL",PHASE="generate",OUTPUT_DIR="adversarial_results_ep100_pre300" adversarial_hpc_submit.pbs </dev/null
[2026-09-07 09:42:18] [OK] InceptionNet/Cifar10/DeepFool/ALL
[2026-09-07 09:42:21] [CMD] qsub -q all.q -l ngpus=1 -v MODEL="InceptionNet",DATASET="Cifar100",ATTACK="BIM",KIND="ALL",PHASE="generate",OUTPUT_DIR="adversarial_results_ep300_pre100" adversarial_hpc_submit.pbs </dev/null
[2026-09-07 09:42:23] [OK] qsub output: Your job 6475632 ("adversarial_hpc_submit.pbs") has been submitted
[2026-09-07 09:42:23] [SUBMIT] InceptionNet/Cifar100/PGD/ALL
[2026-09-07 09:42:23] [CMD] qsub -q all.q -l ngpus=1 -v MODEL="InceptionNet",DATASET="Cifar100",ATTACK="PGD",KIND="ALL",PHASE="generate",OUTPUT_DIR="adversarial_results_ep200_pre200" adversarial_hpc_submit.pbs </dev/null
[2026-09-07 09:42:30] [OK] InceptionNet/Cifar10/DeepFool/ALL
[2026-09-07 09:42:32] [OK] InceptionNet/Cifar100/BIM/ALL
[2026-09-07 09:42:33] [OK] qsub output: Your job 6475634 ("adversarial_hpc_submit.pbs") has been submitted
[2026-09-07 09:42:34] [OK] InceptionNet/Cifar100/PGD/ALL
[2026-09-07 09:42:34] [OK] qsub output: Your job 6475635 ("adversarial_hpc_submit.pbs") has been submitted
[2026-09-07 09:42:34] [OK] qsub output: Your job 6475636 ("adversarial_hpc_submit.pbs") has been submitted
[2026-09-07 09:42:34] [SUBMIT] InceptionNet/Cifar100/PGD/ALL
[2026-09-07 09:42:34] [SUBMIT] InceptionNet/Cifar100/APGD/ALL
[2026-09-07 09:42:34] [CMD] qsub -q all.q -l ngpus=1 -v MODEL="InceptionNet",DATASET="Cifar100",ATTACK="PGD",KIND="ALL",PHASE="generate",OUTPUT_DIR="adversarial_results_ep100_pre300" adversarial_hpc_submit.pbs </dev/null
[2026-09-07 09:42:34] [SUBMIT] InceptionNet/Cifar100/FGSM/ALL
[2026-09-07 09:42:34] [CMD] qsub -q all.q -l ngpus=1 -v MODEL="InceptionNet",DATASET="Cifar100",ATTACK="APGD",KIND="ALL",PHASE="generate",OUTPUT_DIR="adversarial_results_ep300_pre100" adversarial_hpc_submit.pbs </dev/null
[2026-09-07 09:42:34] [CMD] qsub -q all.q -l ngpus=1 -v MODEL="InceptionNet",DATASET="Cifar100",ATTACK="FGSM",KIND="ALL",PHASE="generate",OUTPUT_DIR="adversarial_results_ep200_pre200" adversarial_hpc_submit.pbs </dev/null
[2026-09-07 09:42:36] [OK] InceptionNet/Cifar100/APGD/ALL
[2026-09-07 09:42:37] [OK] qsub output: Your job 6475637 ("adversarial_hpc_submit.pbs") has been submitted
[2026-09-07 09:42:39] [SUBMIT] InceptionNet/Cifar100/CW/ALL
[2026-09-07 09:42:39] [CMD] qsub -q all.q -l ngpus=1 -v MODEL="InceptionNet",DATASET="Cifar100",ATTACK="CW",KIND="ALL",PHASE="generate",OUTPUT_DIR="adversarial_results_ep300_pre100" adversarial_hpc_submit.pbs </dev/null
[2026-09-07 09:42:39] [OK] InceptionNet/Cifar100/PGD/ALL
[2026-09-07 09:42:40] [OK] qsub output: Your job 6475638 ("adversarial_hpc_submit.pbs") has been submitted
[2026-09-07 09:42:40] [OK] InceptionNet/Cifar100/FGSM/ALL
[2026-09-07 09:42:40] [SUBMIT] InceptionNet/Cifar100/FGSM/ALL
[2026-09-07 09:42:40] [OK] qsub output: Your job 6475639 ("adversarial_hpc_submit.pbs") has been submitted
[2026-09-07 09:42:40] [CMD] qsub -q all.q -l ngpus=1 -v MODEL="InceptionNet",DATASET="Cifar100",ATTACK="FGSM",KIND="ALL",PHASE="generate",OUTPUT_DIR="adversarial_results_ep100_pre300" adversarial_hpc_submit.pbs </dev/null
[2026-09-07 09:42:40] [SUBMIT] InceptionNet/Cifar100/IFGSM/ALL
[2026-09-07 09:42:40] [CMD] qsub -q all.q -l ngpus=1 -v MODEL="InceptionNet",DATASET="Cifar100",ATTACK="IFGSM",KIND="ALL",PHASE="generate",OUTPUT_DIR="adversarial_results_ep200_pre200" adversarial_hpc_submit.pbs </dev/null
[2026-09-07 09:42:44] [OK] InceptionNet/Cifar100/FGSM/ALL
[2026-09-07 09:42:44] [OK] qsub output: Your job 6475641 ("adversarial_hpc_submit.pbs") has been submitted
[2026-09-07 09:42:44] [SUBMIT] InceptionNet/Cifar100/IFGSM/ALL
[2026-09-07 09:42:44] [CMD] qsub -q all.q -l ngpus=1 -v MODEL="InceptionNet",DATASET="Cifar100",ATTACK="IFGSM",KIND="ALL",PHASE="generate",OUTPUT_DIR="adversarial_results_ep100_pre300" adversarial_hpc_submit.pbs </dev/null
[2026-09-07 09:42:48] [OK] InceptionNet/Cifar100/CW/ALL
[2026-09-07 09:42:48] [OK] qsub output: Your job 6475640 ("adversarial_hpc_submit.pbs") has been submitted
[2026-09-07 09:42:48] [SUBMIT] InceptionNet/Cifar100/DeepFool/ALL
[2026-09-07 09:42:48] [CMD] qsub -q all.q -l ngpus=1 -v MODEL="InceptionNet",DATASET="Cifar100",ATTACK="DeepFool",KIND="ALL",PHASE="generate",OUTPUT_DIR="adversarial_results_ep300_pre100" adversarial_hpc_submit.pbs </dev/null
[2026-09-07 09:42:51] [OK] InceptionNet/Cifar100/IFGSM/ALL
[2026-09-07 09:42:51] [OK] qsub output: Your job 6475643 ("adversarial_hpc_submit.pbs") has been submitted
[2026-09-07 09:42:52] [SUBMIT] InceptionNet/Cifar100/BIM/ALL
[2026-09-07 09:42:52] [CMD] qsub -q all.q -l ngpus=1 -v MODEL="InceptionNet",DATASET="Cifar100",ATTACK="BIM",KIND="ALL",PHASE="generate",OUTPUT_DIR="adversarial_results_ep100_pre300" adversarial_hpc_submit.pbs </dev/null
[2026-09-07 09:42:54] [OK] InceptionNet/Cifar100/IFGSM/ALL
[2026-09-07 09:42:55] [OK] qsub output: Your job 6475642 ("adversarial_hpc_submit.pbs") has been submitted
[2026-09-07 09:42:55] [SUBMIT] InceptionNet/Cifar100/BIM/ALL
[2026-09-07 09:42:55] [CMD] qsub -q all.q -l ngpus=1 -v MODEL="InceptionNet",DATASET="Cifar100",ATTACK="BIM",KIND="ALL",PHASE="generate",OUTPUT_DIR="adversarial_results_ep200_pre200" adversarial_hpc_submit.pbs </dev/null
[2026-09-07 09:42:57] [OK] InceptionNet/Cifar100/DeepFool/ALL
[2026-09-07 09:42:59] [OK] InceptionNet/Cifar100/BIM/ALL
[2026-09-07 09:43:03] [OK] qsub output: Your job 6475644 ("adversarial_hpc_submit.pbs") has been submitted
[2026-09-07 09:43:04] [OK] qsub output: Your job 6475645 ("adversarial_hpc_submit.pbs") has been submitted
[2026-09-07 09:43:04] [OK] InceptionNet/Cifar100/BIM/ALL
[2026-09-07 09:43:04] [OK] qsub output: Your job 6475646 ("adversarial_hpc_submit.pbs") has been submitted
[2026-09-07 09:43:05] [SUBMIT] MobileNet/Cifar10/PGD/ALL
[2026-09-07 09:43:05] [SUBMIT] InceptionNet/Cifar100/APGD/ALL
[2026-09-07 09:43:05] [SUBMIT] InceptionNet/Cifar100/APGD/ALL
[2026-09-07 09:43:05] [CMD] qsub -q all.q -l ngpus=1 -v MODEL="MobileNet",DATASET="Cifar10",ATTACK="PGD",KIND="ALL",PHASE="generate",OUTPUT_DIR="adversarial_results_ep300_pre100" adversarial_hpc_submit.pbs </dev/null
[2026-09-07 09:43:05] [CMD] qsub -q all.q -l ngpus=1 -v MODEL="InceptionNet",DATASET="Cifar100",ATTACK="APGD",KIND="ALL",PHASE="generate",OUTPUT_DIR="adversarial_results_ep100_pre300" adversarial_hpc_submit.pbs </dev/null
[2026-09-07 09:43:05] [CMD] qsub -q all.q -l ngpus=1 -v MODEL="InceptionNet",DATASET="Cifar100",ATTACK="APGD",KIND="ALL",PHASE="generate",OUTPUT_DIR="adversarial_results_ep200_pre200" adversarial_hpc_submit.pbs </dev/null
[2026-09-07 09:43:14] [OK] InceptionNet/Cifar100/APGD/ALL
[2026-09-07 09:43:14] [OK] qsub output: Your job 6475649 ("adversarial_hpc_submit.pbs") has been submitted
[2026-09-07 09:43:14] [SUBMIT] InceptionNet/Cifar100/CW/ALL
[2026-09-07 09:43:14] [CMD] qsub -q all.q -l ngpus=1 -v MODEL="InceptionNet",DATASET="Cifar100",ATTACK="CW",KIND="ALL",PHASE="generate",OUTPUT_DIR="adversarial_results_ep100_pre300" adversarial_hpc_submit.pbs </dev/null
[2026-09-07 09:43:15] [OK] MobileNet/Cifar10/PGD/ALL
[2026-09-07 09:43:15] [OK] qsub output: Your job 6475648 ("adversarial_hpc_submit.pbs") has been submitted
[2026-09-07 09:43:16] [SUBMIT] MobileNet/Cifar10/FGSM/ALL
[2026-09-07 09:43:16] [CMD] qsub -q all.q -l ngpus=1 -v MODEL="MobileNet",DATASET="Cifar10",ATTACK="FGSM",KIND="ALL",PHASE="generate",OUTPUT_DIR="adversarial_results_ep300_pre100" adversarial_hpc_submit.pbs </dev/null
[2026-09-07 09:43:17] [OK] InceptionNet/Cifar100/CW/ALL
[2026-09-07 09:43:17] [OK] qsub output: Your job 6475651 ("adversarial_hpc_submit.pbs") has been submitted
[2026-09-07 09:43:17] [SUBMIT] InceptionNet/Cifar100/DeepFool/ALL
[2026-09-07 09:43:18] [CMD] qsub -q all.q -l ngpus=1 -v MODEL="InceptionNet",DATASET="Cifar100",ATTACK="DeepFool",KIND="ALL",PHASE="generate",OUTPUT_DIR="adversarial_results_ep100_pre300" adversarial_hpc_submit.pbs </dev/null
[2026-09-07 09:43:21] [OK] InceptionNet/Cifar100/APGD/ALL
[2026-09-07 09:43:23] [OK] qsub output: Your job 6475650 ("adversarial_hpc_submit.pbs") has been submitted
[2026-09-07 09:43:24] [SUBMIT] InceptionNet/Cifar100/CW/ALL
[2026-09-07 09:43:24] [CMD] qsub -q all.q -l ngpus=1 -v MODEL="InceptionNet",DATASET="Cifar100",ATTACK="CW",KIND="ALL",PHASE="generate",OUTPUT_DIR="adversarial_results_ep200_pre200" adversarial_hpc_submit.pbs </dev/null
[2026-09-07 09:43:24] [OK] MobileNet/Cifar10/FGSM/ALL
[2026-09-07 09:43:27] [OK] InceptionNet/Cifar100/CW/ALL
[2026-09-07 09:43:31] [OK] InceptionNet/Cifar100/DeepFool/ALL
[2026-09-07 09:43:33] [OK] qsub output: Your job 6475652 ("adversarial_hpc_submit.pbs") has been submitted
[2026-09-07 09:43:35] [OK] qsub output: Your job 6475654 ("adversarial_hpc_submit.pbs") has been submitted
[2026-09-07 09:43:45] [OK] qsub output: Your job 6475653 ("adversarial_hpc_submit.pbs") has been submitted
[2026-09-07 09:43:51] [SUBMIT] MobileNet/Cifar10/IFGSM/ALL
[2026-09-07 09:43:53] [SUBMIT] InceptionNet/Cifar100/DeepFool/ALL
[2026-09-07 09:44:08] [SUBMIT] MobileNet/Cifar10/PGD/ALL
[2026-09-07 09:44:12] [CMD] qsub -q all.q -l ngpus=1 -v MODEL="MobileNet",DATASET="Cifar10",ATTACK="IFGSM",KIND="ALL",PHASE="generate",OUTPUT_DIR="adversarial_results_ep300_pre100" adversarial_hpc_submit.pbs </dev/null
[2026-09-07 09:44:12] [CMD] qsub -q all.q -l ngpus=1 -v MODEL="InceptionNet",DATASET="Cifar100",ATTACK="DeepFool",KIND="ALL",PHASE="generate",OUTPUT_DIR="adversarial_results_ep200_pre200" adversarial_hpc_submit.pbs </dev/null
[2026-09-07 09:44:12] [CMD] qsub -q all.q -l ngpus=1 -v MODEL="MobileNet",DATASET="Cifar10",ATTACK="PGD",KIND="ALL",PHASE="generate",OUTPUT_DIR="adversarial_results_ep100_pre300" adversarial_hpc_submit.pbs </dev/null
[2026-09-07 09:44:18] [OK] MobileNet/Cifar10/PGD/ALL
[2026-09-07 09:44:20] [OK] MobileNet/Cifar10/IFGSM/ALL
[2026-09-07 09:44:22] [OK] InceptionNet/Cifar100/DeepFool/ALL
[2026-09-07 09:44:27] [OK] qsub output: Your job 6475657 ("adversarial_hpc_submit.pbs") has been submitted
[2026-09-07 09:44:31] [OK] qsub output: Your job 6475656 ("adversarial_hpc_submit.pbs") has been submitted
[2026-09-07 09:44:34] [OK] qsub output: Your job 6475658 ("adversarial_hpc_submit.pbs") has been submitted
[2026-09-07 09:44:37] [SUBMIT] MobileNet/Cifar10/FGSM/ALL
[2026-09-07 09:44:37] [CMD] qsub -q all.q -l ngpus=1 -v MODEL="MobileNet",DATASET="Cifar10",ATTACK="FGSM",KIND="ALL",PHASE="generate",OUTPUT_DIR="adversarial_results_ep100_pre300" adversarial_hpc_submit.pbs </dev/null
[2026-09-07 09:44:37] [SUBMIT] MobileNet/Cifar10/BIM/ALL
[2026-09-07 09:44:37] [SUBMIT] MobileNet/Cifar10/PGD/ALL
[2026-09-07 09:44:37] [CMD] qsub -q all.q -l ngpus=1 -v MODEL="MobileNet",DATASET="Cifar10",ATTACK="BIM",KIND="ALL",PHASE="generate",OUTPUT_DIR="adversarial_results_ep300_pre100" adversarial_hpc_submit.pbs </dev/null
[2026-09-07 09:44:37] [CMD] qsub -q all.q -l ngpus=1 -v MODEL="MobileNet",DATASET="Cifar10",ATTACK="PGD",KIND="ALL",PHASE="generate",OUTPUT_DIR="adversarial_results_ep200_pre200" adversarial_hpc_submit.pbs </dev/null
[2026-09-07 09:44:39] [OK] MobileNet/Cifar10/FGSM/ALL
[2026-09-07 09:44:39] [OK] qsub output: Your job 6475659 ("adversarial_hpc_submit.pbs") has been submitted
[2026-09-07 09:44:39] [SUBMIT] MobileNet/Cifar10/IFGSM/ALL
[2026-09-07 09:44:39] [CMD] qsub -q all.q -l ngpus=1 -v MODEL="MobileNet",DATASET="Cifar10",ATTACK="IFGSM",KIND="ALL",PHASE="generate",OUTPUT_DIR="adversarial_results_ep100_pre300" adversarial_hpc_submit.pbs </dev/null
[2026-09-07 09:44:43] [OK] MobileNet/Cifar10/BIM/ALL
[2026-09-07 09:44:43] [OK] qsub output: Your job 6475660 ("adversarial_hpc_submit.pbs") has been submitted
[2026-09-07 09:44:44] [SUBMIT] MobileNet/Cifar10/APGD/ALL
[2026-09-07 09:44:44] [CMD] qsub -q all.q -l ngpus=1 -v MODEL="MobileNet",DATASET="Cifar10",ATTACK="APGD",KIND="ALL",PHASE="generate",OUTPUT_DIR="adversarial_results_ep300_pre100" adversarial_hpc_submit.pbs </dev/null
[2026-09-07 09:44:48] [OK] MobileNet/Cifar10/PGD/ALL
[2026-09-07 09:44:49] [OK] qsub output: Your job 6475661 ("adversarial_hpc_submit.pbs") has been submitted
[2026-09-07 09:44:49] [SUBMIT] MobileNet/Cifar10/FGSM/ALL
[2026-09-07 09:44:49] [CMD] qsub -q all.q -l ngpus=1 -v MODEL="MobileNet",DATASET="Cifar10",ATTACK="FGSM",KIND="ALL",PHASE="generate",OUTPUT_DIR="adversarial_results_ep200_pre200" adversarial_hpc_submit.pbs </dev/null
[2026-09-07 09:44:51] [OK] MobileNet/Cifar10/APGD/ALL
[2026-09-07 09:44:52] [OK] qsub output: Your job 6475663 ("adversarial_hpc_submit.pbs") has been submitted
[2026-09-07 09:44:52] [OK] MobileNet/Cifar10/IFGSM/ALL
[2026-09-07 09:44:52] [SUBMIT] MobileNet/Cifar10/CW/ALL
[2026-09-07 09:44:53] [OK] qsub output: Your job 6475662 ("adversarial_hpc_submit.pbs") has been submitted
[2026-09-07 09:44:53] [CMD] qsub -q all.q -l ngpus=1 -v MODEL="MobileNet",DATASET="Cifar10",ATTACK="CW",KIND="ALL",PHASE="generate",OUTPUT_DIR="adversarial_results_ep300_pre100" adversarial_hpc_submit.pbs </dev/null
[2026-09-07 09:44:53] [SUBMIT] MobileNet/Cifar10/BIM/ALL
[2026-09-07 09:44:53] [CMD] qsub -q all.q -l ngpus=1 -v MODEL="MobileNet",DATASET="Cifar10",ATTACK="BIM",KIND="ALL",PHASE="generate",OUTPUT_DIR="adversarial_results_ep100_pre300" adversarial_hpc_submit.pbs </dev/null
[2026-09-07 09:44:57] [OK] MobileNet/Cifar10/FGSM/ALL
[2026-09-07 09:44:58] [OK] qsub output: Your job 6475664 ("adversarial_hpc_submit.pbs") has been submitted
[2026-09-07 09:44:59] [SUBMIT] MobileNet/Cifar10/IFGSM/ALL
[2026-09-07 09:44:59] [CMD] qsub -q all.q -l ngpus=1 -v MODEL="MobileNet",DATASET="Cifar10",ATTACK="IFGSM",KIND="ALL",PHASE="generate",OUTPUT_DIR="adversarial_results_ep200_pre200" adversarial_hpc_submit.pbs </dev/null
[2026-09-07 09:45:00] [OK] MobileNet/Cifar10/CW/ALL
[2026-09-07 09:45:02] [OK] qsub output: Your job 6475665 ("adversarial_hpc_submit.pbs") has been submitted
[2026-09-07 09:45:03] [SUBMIT] MobileNet/Cifar10/DeepFool/ALL
[2026-09-07 09:45:03] [OK] MobileNet/Cifar10/IFGSM/ALL
[2026-09-07 09:45:03] [CMD] qsub -q all.q -l ngpus=1 -v MODEL="MobileNet",DATASET="Cifar10",ATTACK="DeepFool",KIND="ALL",PHASE="generate",OUTPUT_DIR="adversarial_results_ep300_pre100" adversarial_hpc_submit.pbs </dev/null
[2026-09-07 09:45:04] [OK] qsub output: Your job 6475667 ("adversarial_hpc_submit.pbs") has been submitted
[2026-09-07 09:45:04] [SUBMIT] MobileNet/Cifar10/BIM/ALL
[2026-09-07 09:45:06] [OK] MobileNet/Cifar10/BIM/ALL
[2026-09-07 09:45:09] [CMD] qsub -q all.q -l ngpus=1 -v MODEL="MobileNet",DATASET="Cifar10",ATTACK="BIM",KIND="ALL",PHASE="generate",OUTPUT_DIR="adversarial_results_ep200_pre200" adversarial_hpc_submit.pbs </dev/null
[2026-09-07 09:45:09] [OK] MobileNet/Cifar10/DeepFool/ALL
[2026-09-07 09:45:11] [OK] qsub output: Your job 6475666 ("adversarial_hpc_submit.pbs") has been submitted
[2026-09-07 09:45:11] [OK] qsub output: Your job 6475669 ("adversarial_hpc_submit.pbs") has been submitted
[2026-09-07 09:45:11] [SUBMIT] MobileNet/Cifar10/APGD/ALL
[2026-09-07 09:45:11] [CMD] qsub -q all.q -l ngpus=1 -v MODEL="MobileNet",DATASET="Cifar10",ATTACK="APGD",KIND="ALL",PHASE="generate",OUTPUT_DIR="adversarial_results_ep100_pre300" adversarial_hpc_submit.pbs </dev/null
[2026-09-07 09:45:11] [SUBMIT] MobileNet/Cifar100/PGD/ALL
[2026-09-07 09:45:11] [CMD] qsub -q all.q -l ngpus=1 -v MODEL="MobileNet",DATASET="Cifar100",ATTACK="PGD",KIND="ALL",PHASE="generate",OUTPUT_DIR="adversarial_results_ep300_pre100" adversarial_hpc_submit.pbs </dev/null
[2026-09-07 09:45:19] [OK] MobileNet/Cifar10/BIM/ALL
[2026-09-07 09:45:20] [OK] MobileNet/Cifar10/APGD/ALL
[2026-09-07 09:45:21] [OK] MobileNet/Cifar100/PGD/ALL
[2026-09-07 09:45:26] [OK] qsub output: Your job 6475670 ("adversarial_hpc_submit.pbs") has been submitted
[2026-09-07 09:45:26] [OK] qsub output: Your job 6475671 ("adversarial_hpc_submit.pbs") has been submitted
[2026-09-07 09:45:26] [OK] qsub output: Your job 6475672 ("adversarial_hpc_submit.pbs") has been submitted
[2026-09-07 09:45:26] [SUBMIT] MobileNet/Cifar10/APGD/ALL
[2026-09-07 09:45:26] [SUBMIT] MobileNet/Cifar10/CW/ALL
[2026-09-07 09:45:26] [SUBMIT] MobileNet/Cifar100/FGSM/ALL
[2026-09-07 09:45:26] [CMD] qsub -q all.q -l ngpus=1 -v MODEL="MobileNet",DATASET="Cifar10",ATTACK="APGD",KIND="ALL",PHASE="generate",OUTPUT_DIR="adversarial_results_ep200_pre200" adversarial_hpc_submit.pbs </dev/null
[2026-09-07 09:45:26] [CMD] qsub -q all.q -l ngpus=1 -v MODEL="MobileNet",DATASET="Cifar10",ATTACK="CW",KIND="ALL",PHASE="generate",OUTPUT_DIR="adversarial_results_ep100_pre300" adversarial_hpc_submit.pbs </dev/null
[2026-09-07 09:45:26] [CMD] qsub -q all.q -l ngpus=1 -v MODEL="MobileNet",DATASET="Cifar100",ATTACK="FGSM",KIND="ALL",PHASE="generate",OUTPUT_DIR="adversarial_results_ep300_pre100" adversarial_hpc_submit.pbs </dev/null
[2026-09-07 09:45:32] [OK] MobileNet/Cifar10/APGD/ALL
[2026-09-07 09:45:35] [OK] MobileNet/Cifar10/CW/ALL
[2026-09-07 09:45:37] [OK] qsub output: Your job 6475674 ("adversarial_hpc_submit.pbs") has been submitted
[2026-09-07 09:45:38] [OK] MobileNet/Cifar100/FGSM/ALL
[2026-09-07 09:45:42] [OK] qsub output: Your job 6475675 ("adversarial_hpc_submit.pbs") has been submitted
[2026-09-07 09:45:42] [OK] qsub output: Your job 6475676 ("adversarial_hpc_submit.pbs") has been submitted
[2026-09-07 09:45:42] [SUBMIT] MobileNet/Cifar10/CW/ALL
[2026-09-07 09:45:42] [SUBMIT] MobileNet/Cifar10/DeepFool/ALL
[2026-09-07 09:45:42] [SUBMIT] MobileNet/Cifar100/IFGSM/ALL
[2026-09-07 09:45:42] [CMD] qsub -q all.q -l ngpus=1 -v MODEL="MobileNet",DATASET="Cifar10",ATTACK="CW",KIND="ALL",PHASE="generate",OUTPUT_DIR="adversarial_results_ep200_pre200" adversarial_hpc_submit.pbs </dev/null
[2026-09-07 09:45:42] [CMD] qsub -q all.q -l ngpus=1 -v MODEL="MobileNet",DATASET="Cifar10",ATTACK="DeepFool",KIND="ALL",PHASE="generate",OUTPUT_DIR="adversarial_results_ep100_pre300" adversarial_hpc_submit.pbs </dev/null
[2026-09-07 09:45:42] [CMD] qsub -q all.q -l ngpus=1 -v MODEL="MobileNet",DATASET="Cifar100",ATTACK="IFGSM",KIND="ALL",PHASE="generate",OUTPUT_DIR="adversarial_results_ep300_pre100" adversarial_hpc_submit.pbs </dev/null
[2026-09-07 09:45:46] [OK] MobileNet/Cifar10/DeepFool/ALL
[2026-09-07 09:45:49] [OK] MobileNet/Cifar100/IFGSM/ALL
[2026-09-07 09:45:50] [OK] MobileNet/Cifar10/CW/ALL
[2026-09-07 09:45:50] [OK] qsub output: Your job 6475679 ("adversarial_hpc_submit.pbs") has been submitted
[2026-09-07 09:45:51] [OK] qsub output: Your job 6475680 ("adversarial_hpc_submit.pbs") has been submitted
[2026-09-07 09:45:51] [OK] qsub output: Your job 6475678 ("adversarial_hpc_submit.pbs") has been submitted
[2026-09-07 09:45:51] [SUBMIT] MobileNet/Cifar100/PGD/ALL
[2026-09-07 09:45:51] [SUBMIT] MobileNet/Cifar100/BIM/ALL
[2026-09-07 09:45:51] [SUBMIT] MobileNet/Cifar10/DeepFool/ALL
[2026-09-07 09:45:51] [CMD] qsub -q all.q -l ngpus=1 -v MODEL="MobileNet",DATASET="Cifar100",ATTACK="PGD",KIND="ALL",PHASE="generate",OUTPUT_DIR="adversarial_results_ep100_pre300" adversarial_hpc_submit.pbs </dev/null
[2026-09-07 09:45:52] [CMD] qsub -q all.q -l ngpus=1 -v MODEL="MobileNet",DATASET="Cifar100",ATTACK="BIM",KIND="ALL",PHASE="generate",OUTPUT_DIR="adversarial_results_ep300_pre100" adversarial_hpc_submit.pbs </dev/null
[2026-09-07 09:45:53] [CMD] qsub -q all.q -l ngpus=1 -v MODEL="MobileNet",DATASET="Cifar10",ATTACK="DeepFool",KIND="ALL",PHASE="generate",OUTPUT_DIR="adversarial_results_ep200_pre200" adversarial_hpc_submit.pbs </dev/null
[2026-09-07 09:46:01] [OK] MobileNet/Cifar100/PGD/ALL
[2026-09-07 09:46:03] [OK] qsub output: Your job 6475682 ("adversarial_hpc_submit.pbs") has been submitted
[2026-09-07 09:46:04] [OK] MobileNet/Cifar10/DeepFool/ALL
[2026-09-07 09:46:04] [OK] qsub output: Your job 6475684 ("adversarial_hpc_submit.pbs") has been submitted
[2026-09-07 09:46:04] [SUBMIT] MobileNet/Cifar100/FGSM/ALL
[2026-09-07 09:46:04] [CMD] qsub -q all.q -l ngpus=1 -v MODEL="MobileNet",DATASET="Cifar100",ATTACK="FGSM",KIND="ALL",PHASE="generate",OUTPUT_DIR="adversarial_results_ep100_pre300" adversarial_hpc_submit.pbs </dev/null
[2026-09-07 09:46:04] [SUBMIT] MobileNet/Cifar100/PGD/ALL
[2026-09-07 09:46:04] [CMD] qsub -q all.q -l ngpus=1 -v MODEL="MobileNet",DATASET="Cifar100",ATTACK="PGD",KIND="ALL",PHASE="generate",OUTPUT_DIR="adversarial_results_ep200_pre200" adversarial_hpc_submit.pbs </dev/null
[2026-09-07 09:46:05] [OK] MobileNet/Cifar100/BIM/ALL
[2026-09-07 09:46:05] [OK] qsub output: Your job 6475683 ("adversarial_hpc_submit.pbs") has been submitted
[2026-09-07 09:46:05] [SUBMIT] MobileNet/Cifar100/APGD/ALL
[2026-09-07 09:46:05] [CMD] qsub -q all.q -l ngpus=1 -v MODEL="MobileNet",DATASET="Cifar100",ATTACK="APGD",KIND="ALL",PHASE="generate",OUTPUT_DIR="adversarial_results_ep300_pre100" adversarial_hpc_submit.pbs </dev/null
[2026-09-07 09:46:07] [OK] MobileNet/Cifar100/PGD/ALL
[2026-09-07 09:46:07] [OK] qsub output: Your job 6475686 ("adversarial_hpc_submit.pbs") has been submitted
[2026-09-07 09:46:07] [SUBMIT] MobileNet/Cifar100/FGSM/ALL
[2026-09-07 09:46:07] [CMD] qsub -q all.q -l ngpus=1 -v MODEL="MobileNet",DATASET="Cifar100",ATTACK="FGSM",KIND="ALL",PHASE="generate",OUTPUT_DIR="adversarial_results_ep200_pre200" adversarial_hpc_submit.pbs </dev/null
[2026-09-07 09:46:09] [OK] MobileNet/Cifar100/FGSM/ALL
[2026-09-07 09:46:10] [OK] qsub output: Your job 6475685 ("adversarial_hpc_submit.pbs") has been submitted
[2026-09-07 09:46:12] [OK] MobileNet/Cifar100/FGSM/ALL
[2026-09-07 09:46:12] [OK] qsub output: Your job 6475688 ("adversarial_hpc_submit.pbs") has been submitted
[2026-09-07 09:46:12] [SUBMIT] MobileNet/Cifar100/IFGSM/ALL
[2026-09-07 09:46:12] [CMD] qsub -q all.q -l ngpus=1 -v MODEL="MobileNet",DATASET="Cifar100",ATTACK="IFGSM",KIND="ALL",PHASE="generate",OUTPUT_DIR="adversarial_results_ep100_pre300" adversarial_hpc_submit.pbs </dev/null
[2026-09-07 09:46:12] [SUBMIT] MobileNet/Cifar100/IFGSM/ALL
[2026-09-07 09:46:12] [CMD] qsub -q all.q -l ngpus=1 -v MODEL="MobileNet",DATASET="Cifar100",ATTACK="IFGSM",KIND="ALL",PHASE="generate",OUTPUT_DIR="adversarial_results_ep200_pre200" adversarial_hpc_submit.pbs </dev/null
[2026-09-07 09:46:15] [OK] MobileNet/Cifar100/APGD/ALL
[2026-09-07 09:46:17] [OK] qsub output: Your job 6475687 ("adversarial_hpc_submit.pbs") has been submitted
[2026-09-07 09:46:19] [OK] MobileNet/Cifar100/IFGSM/ALL
[2026-09-07 09:46:20] [OK] qsub output: Your job 6475691 ("adversarial_hpc_submit.pbs") has been submitted
[2026-09-07 09:46:20] [SUBMIT] MobileNet/Cifar100/CW/ALL
[2026-09-07 09:46:20] [CMD] qsub -q all.q -l ngpus=1 -v MODEL="MobileNet",DATASET="Cifar100",ATTACK="CW",KIND="ALL",PHASE="generate",OUTPUT_DIR="adversarial_results_ep300_pre100" adversarial_hpc_submit.pbs </dev/null
[2026-09-07 09:46:20] [SUBMIT] MobileNet/Cifar100/BIM/ALL
[2026-09-07 09:46:20] [CMD] qsub -q all.q -l ngpus=1 -v MODEL="MobileNet",DATASET="Cifar100",ATTACK="BIM",KIND="ALL",PHASE="generate",OUTPUT_DIR="adversarial_results_ep200_pre200" adversarial_hpc_submit.pbs </dev/null
[2026-09-07 09:46:24] [OK] MobileNet/Cifar100/IFGSM/ALL
[2026-09-07 09:46:26] [OK] qsub output: Your job 6475690 ("adversarial_hpc_submit.pbs") has been submitted
[2026-09-07 09:46:26] [SUBMIT] MobileNet/Cifar100/BIM/ALL
[2026-09-07 09:46:26] [CMD] qsub -q all.q -l ngpus=1 -v MODEL="MobileNet",DATASET="Cifar100",ATTACK="BIM",KIND="ALL",PHASE="generate",OUTPUT_DIR="adversarial_results_ep100_pre300" adversarial_hpc_submit.pbs </dev/null
[2026-09-07 09:46:30] [OK] MobileNet/Cifar100/CW/ALL
[2026-09-07 09:46:31] [OK] qsub output: Your job 6475692 ("adversarial_hpc_submit.pbs") has been submitted
[2026-09-07 09:46:31] [SUBMIT] MobileNet/Cifar100/DeepFool/ALL
[2026-09-07 09:46:31] [CMD] qsub -q all.q -l ngpus=1 -v MODEL="MobileNet",DATASET="Cifar100",ATTACK="DeepFool",KIND="ALL",PHASE="generate",OUTPUT_DIR="adversarial_results_ep300_pre100" adversarial_hpc_submit.pbs </dev/null
[2026-09-07 09:46:32] [OK] MobileNet/Cifar100/BIM/ALL
[2026-09-07 09:46:33] [OK] MobileNet/Cifar100/BIM/ALL
[2026-09-07 09:46:35] [OK] qsub output: Your job 6475693 ("adversarial_hpc_submit.pbs") has been submitted
[2026-09-07 09:46:36] [OK] qsub output: Your job 6475694 ("adversarial_hpc_submit.pbs") has been submitted
[2026-09-07 09:46:36] [SUBMIT] MobileNet/Cifar100/APGD/ALL
[2026-09-07 09:46:36] [SUBMIT] MobileNet/Cifar100/APGD/ALL
[2026-09-07 09:46:36] [CMD] qsub -q all.q -l ngpus=1 -v MODEL="MobileNet",DATASET="Cifar100",ATTACK="APGD",KIND="ALL",PHASE="generate",OUTPUT_DIR="adversarial_results_ep200_pre200" adversarial_hpc_submit.pbs </dev/null
[2026-09-07 09:46:36] [CMD] qsub -q all.q -l ngpus=1 -v MODEL="MobileNet",DATASET="Cifar100",ATTACK="APGD",KIND="ALL",PHASE="generate",OUTPUT_DIR="adversarial_results_ep100_pre300" adversarial_hpc_submit.pbs </dev/null
[2026-09-07 09:46:38] [OK] MobileNet/Cifar100/DeepFool/ALL
[2026-09-07 09:46:38] [OK] MobileNet/Cifar100/APGD/ALL
[2026-09-07 09:46:44] [OK] qsub output: Your job 6475695 ("adversarial_hpc_submit.pbs") has been submitted
[2026-09-07 09:46:48] [OK] MobileNet/Cifar100/APGD/ALL
[2026-09-07 09:46:48] [OK] qsub output: Your job 6475696 ("adversarial_hpc_submit.pbs") has been submitted
[2026-09-07 09:46:48] [OK] qsub output: Your job 6475697 ("adversarial_hpc_submit.pbs") has been submitted
[2026-09-07 09:46:48] [SUBMIT] XceptionNet/Cifar10/PGD/ALL
[2026-09-07 09:46:48] [SUBMIT] MobileNet/Cifar100/CW/ALL
[2026-09-07 09:46:48] [CMD] qsub -q all.q -l ngpus=1 -v MODEL="XceptionNet",DATASET="Cifar10",ATTACK="PGD",KIND="ALL",PHASE="generate",OUTPUT_DIR="adversarial_results_ep300_pre100" adversarial_hpc_submit.pbs </dev/null
[2026-09-07 09:46:48] [SUBMIT] MobileNet/Cifar100/CW/ALL
[2026-09-07 09:46:48] [CMD] qsub -q all.q -l ngpus=1 -v MODEL="MobileNet",DATASET="Cifar100",ATTACK="CW",KIND="ALL",PHASE="generate",OUTPUT_DIR="adversarial_results_ep200_pre200" adversarial_hpc_submit.pbs </dev/null
[2026-09-07 09:46:48] [CMD] qsub -q all.q -l ngpus=1 -v MODEL="MobileNet",DATASET="Cifar100",ATTACK="CW",KIND="ALL",PHASE="generate",OUTPUT_DIR="adversarial_results_ep100_pre300" adversarial_hpc_submit.pbs </dev/null
[2026-09-07 09:46:55] [OK] XceptionNet/Cifar10/PGD/ALL
[2026-09-07 09:46:55] [OK] MobileNet/Cifar100/CW/ALL
[2026-09-07 09:47:03] [OK] MobileNet/Cifar100/CW/ALL
[2026-09-07 09:47:05] [OK] qsub output: Your job 6475699 ("adversarial_hpc_submit.pbs") has been submitted
[2026-09-07 09:47:05] [OK] qsub output: Your job 6475700 ("adversarial_hpc_submit.pbs") has been submitted
[2026-09-07 09:47:05] [OK] qsub output: Your job 6475701 ("adversarial_hpc_submit.pbs") has been submitted
[2026-09-07 09:47:05] [SUBMIT] XceptionNet/Cifar10/FGSM/ALL
[2026-09-07 09:47:05] [CMD] qsub -q all.q -l ngpus=1 -v MODEL="XceptionNet",DATASET="Cifar10",ATTACK="FGSM",KIND="ALL",PHASE="generate",OUTPUT_DIR="adversarial_results_ep300_pre100" adversarial_hpc_submit.pbs </dev/null
[2026-09-07 09:47:05] [SUBMIT] MobileNet/Cifar100/DeepFool/ALL
[2026-09-07 09:47:05] [SUBMIT] MobileNet/Cifar100/DeepFool/ALL
[2026-09-07 09:47:05] [CMD] qsub -q all.q -l ngpus=1 -v MODEL="MobileNet",DATASET="Cifar100",ATTACK="DeepFool",KIND="ALL",PHASE="generate",OUTPUT_DIR="adversarial_results_ep100_pre300" adversarial_hpc_submit.pbs </dev/null
[2026-09-07 09:47:05] [CMD] qsub -q all.q -l ngpus=1 -v MODEL="MobileNet",DATASET="Cifar100",ATTACK="DeepFool",KIND="ALL",PHASE="generate",OUTPUT_DIR="adversarial_results_ep200_pre200" adversarial_hpc_submit.pbs </dev/null
[2026-09-07 09:47:09] [OK] MobileNet/Cifar100/DeepFool/ALL
[2026-09-07 09:47:11] [OK] qsub output: Your job 6475703 ("adversarial_hpc_submit.pbs") has been submitted
[2026-09-07 09:47:11] [OK] XceptionNet/Cifar10/FGSM/ALL
[2026-09-07 09:47:13] [OK] qsub output: Your job 6475702 ("adversarial_hpc_submit.pbs") has been submitted
[2026-09-07 09:47:13] [SUBMIT] XceptionNet/Cifar10/PGD/ALL
[2026-09-07 09:47:13] [CMD] qsub -q all.q -l ngpus=1 -v MODEL="XceptionNet",DATASET="Cifar10",ATTACK="PGD",KIND="ALL",PHASE="generate",OUTPUT_DIR="adversarial_results_ep200_pre200" adversarial_hpc_submit.pbs </dev/null
[2026-09-07 09:47:13] [SUBMIT] XceptionNet/Cifar10/IFGSM/ALL
[2026-09-07 09:47:13] [CMD] qsub -q all.q -l ngpus=1 -v MODEL="XceptionNet",DATASET="Cifar10",ATTACK="IFGSM",KIND="ALL",PHASE="generate",OUTPUT_DIR="adversarial_results_ep300_pre100" adversarial_hpc_submit.pbs </dev/null
[2026-09-07 09:47:15] [OK] MobileNet/Cifar100/DeepFool/ALL
[2026-09-07 09:47:15] [OK] qsub output: Your job 6475704 ("adversarial_hpc_submit.pbs") has been submitted
[2026-09-07 09:47:15] [SUBMIT] XceptionNet/Cifar10/PGD/ALL
[2026-09-07 09:47:15] [CMD] qsub -q all.q -l ngpus=1 -v MODEL="XceptionNet",DATASET="Cifar10",ATTACK="PGD",KIND="ALL",PHASE="generate",OUTPUT_DIR="adversarial_results_ep100_pre300" adversarial_hpc_submit.pbs </dev/null
[2026-09-07 09:47:18] [OK] XceptionNet/Cifar10/IFGSM/ALL
[2026-09-07 09:47:18] [OK] qsub output: Your job 6475706 ("adversarial_hpc_submit.pbs") has been submitted
[2026-09-07 09:47:18] [SUBMIT] XceptionNet/Cifar10/BIM/ALL
[2026-09-07 09:47:18] [CMD] qsub -q all.q -l ngpus=1 -v MODEL="XceptionNet",DATASET="Cifar10",ATTACK="BIM",KIND="ALL",PHASE="generate",OUTPUT_DIR="adversarial_results_ep300_pre100" adversarial_hpc_submit.pbs </dev/null
[2026-09-07 09:47:21] [OK] XceptionNet/Cifar10/PGD/ALL
[2026-09-07 09:47:21] [OK] qsub output: Your job 6475707 ("adversarial_hpc_submit.pbs") has been submitted
[2026-09-07 09:47:21] [SUBMIT] XceptionNet/Cifar10/FGSM/ALL
[2026-09-07 09:47:21] [CMD] qsub -q all.q -l ngpus=1 -v MODEL="XceptionNet",DATASET="Cifar10",ATTACK="FGSM",KIND="ALL",PHASE="generate",OUTPUT_DIR="adversarial_results_ep100_pre300" adversarial_hpc_submit.pbs </dev/null
[2026-09-07 09:47:21] [OK] XceptionNet/Cifar10/PGD/ALL
[2026-09-07 09:47:22] [OK] qsub output: Your job 6475705 ("adversarial_hpc_submit.pbs") has been submitted
[2026-09-07 09:47:22] [SUBMIT] XceptionNet/Cifar10/FGSM/ALL
[2026-09-07 09:47:22] [CMD] qsub -q all.q -l ngpus=1 -v MODEL="XceptionNet",DATASET="Cifar10",ATTACK="FGSM",KIND="ALL",PHASE="generate",OUTPUT_DIR="adversarial_results_ep200_pre200" adversarial_hpc_submit.pbs </dev/null
[2026-09-07 09:47:26] [OK] XceptionNet/Cifar10/BIM/ALL
[2026-09-07 09:47:26] [OK] qsub output: Your job 6475708 ("adversarial_hpc_submit.pbs") has been submitted
[2026-09-07 09:47:26] [SUBMIT] XceptionNet/Cifar10/APGD/ALL
[2026-09-07 09:47:26] [CMD] qsub -q all.q -l ngpus=1 -v MODEL="XceptionNet",DATASET="Cifar10",ATTACK="APGD",KIND="ALL",PHASE="generate",OUTPUT_DIR="adversarial_results_ep300_pre100" adversarial_hpc_submit.pbs </dev/null
[2026-09-07 09:47:29] [OK] XceptionNet/Cifar10/FGSM/ALL
[2026-09-07 09:47:29] [OK] qsub output: Your job 6475710 ("adversarial_hpc_submit.pbs") has been submitted
[2026-09-07 09:47:30] [SUBMIT] XceptionNet/Cifar10/IFGSM/ALL
[2026-09-07 09:47:30] [CMD] qsub -q all.q -l ngpus=1 -v MODEL="XceptionNet",DATASET="Cifar10",ATTACK="IFGSM",KIND="ALL",PHASE="generate",OUTPUT_DIR="adversarial_results_ep200_pre200" adversarial_hpc_submit.pbs </dev/null
[2026-09-07 09:47:31] [OK] XceptionNet/Cifar10/FGSM/ALL
[2026-09-07 09:47:31] [OK] qsub output: Your job 6475709 ("adversarial_hpc_submit.pbs") has been submitted
[2026-09-07 09:47:31] [SUBMIT] XceptionNet/Cifar10/IFGSM/ALL
[2026-09-07 09:47:31] [CMD] qsub -q all.q -l ngpus=1 -v MODEL="XceptionNet",DATASET="Cifar10",ATTACK="IFGSM",KIND="ALL",PHASE="generate",OUTPUT_DIR="adversarial_results_ep100_pre300" adversarial_hpc_submit.pbs </dev/null
[2026-09-07 09:47:33] [OK] XceptionNet/Cifar10/IFGSM/ALL
[2026-09-07 09:47:33] [OK] qsub output: Your job 6475712 ("adversarial_hpc_submit.pbs") has been submitted
[2026-09-07 09:47:34] [SUBMIT] XceptionNet/Cifar10/BIM/ALL
[2026-09-07 09:47:34] [CMD] qsub -q all.q -l ngpus=1 -v MODEL="XceptionNet",DATASET="Cifar10",ATTACK="BIM",KIND="ALL",PHASE="generate",OUTPUT_DIR="adversarial_results_ep200_pre200" adversarial_hpc_submit.pbs </dev/null
[2026-09-07 09:47:34] [OK] XceptionNet/Cifar10/APGD/ALL
[2026-09-07 09:47:34] [OK] qsub output: Your job 6475711 ("adversarial_hpc_submit.pbs") has been submitted
[2026-09-07 09:47:34] [SUBMIT] XceptionNet/Cifar10/CW/ALL
[2026-09-07 09:47:34] [CMD] qsub -q all.q -l ngpus=1 -v MODEL="XceptionNet",DATASET="Cifar10",ATTACK="CW",KIND="ALL",PHASE="generate",OUTPUT_DIR="adversarial_results_ep300_pre100" adversarial_hpc_submit.pbs </dev/null
[2026-09-07 09:47:35] [OK] XceptionNet/Cifar10/BIM/ALL
[2026-09-07 09:47:36] [OK] qsub output: Your job 6475714 ("adversarial_hpc_submit.pbs") has been submitted
[2026-09-07 09:47:36] [SUBMIT] XceptionNet/Cifar10/APGD/ALL
[2026-09-07 09:47:36] [CMD] qsub -q all.q -l ngpus=1 -v MODEL="XceptionNet",DATASET="Cifar10",ATTACK="APGD",KIND="ALL",PHASE="generate",OUTPUT_DIR="adversarial_results_ep200_pre200" adversarial_hpc_submit.pbs </dev/null
[2026-09-07 09:47:38] [OK] XceptionNet/Cifar10/IFGSM/ALL
[2026-09-07 09:47:38] [OK] qsub output: Your job 6475713 ("adversarial_hpc_submit.pbs") has been submitted
[2026-09-07 09:47:38] [SUBMIT] XceptionNet/Cifar10/BIM/ALL
[2026-09-07 09:47:38] [CMD] qsub -q all.q -l ngpus=1 -v MODEL="XceptionNet",DATASET="Cifar10",ATTACK="BIM",KIND="ALL",PHASE="generate",OUTPUT_DIR="adversarial_results_ep100_pre300" adversarial_hpc_submit.pbs </dev/null
[2026-09-07 09:47:43] [OK] XceptionNet/Cifar10/CW/ALL
[2026-09-07 09:47:43] [OK] qsub output: Your job 6475715 ("adversarial_hpc_submit.pbs") has been submitted
[2026-09-07 09:47:43] [SUBMIT] XceptionNet/Cifar10/DeepFool/ALL
[2026-09-07 09:47:43] [CMD] qsub -q all.q -l ngpus=1 -v MODEL="XceptionNet",DATASET="Cifar10",ATTACK="DeepFool",KIND="ALL",PHASE="generate",OUTPUT_DIR="adversarial_results_ep300_pre100" adversarial_hpc_submit.pbs </dev/null
[2026-09-07 09:47:44] [OK] XceptionNet/Cifar10/BIM/ALL
[2026-09-07 09:47:46] [OK] XceptionNet/Cifar10/DeepFool/ALL
[2026-09-07 09:47:46] [OK] qsub output: Your job 6475717 ("adversarial_hpc_submit.pbs") has been submitted
[2026-09-07 09:47:46] [OK] XceptionNet/Cifar10/APGD/ALL
[2026-09-07 09:47:49] [OK] qsub output: Your job 6475718 ("adversarial_hpc_submit.pbs") has been submitted
[2026-09-07 09:47:49] [SUBMIT] XceptionNet/Cifar10/APGD/ALL
[2026-09-07 09:47:50] [OK] qsub output: Your job 6475716 ("adversarial_hpc_submit.pbs") has been submitted
[2026-09-07 09:47:54] [SUBMIT] XceptionNet/Cifar100/PGD/ALL
[2026-09-07 09:47:56] [CMD] qsub -q all.q -l ngpus=1 -v MODEL="XceptionNet",DATASET="Cifar10",ATTACK="APGD",KIND="ALL",PHASE="generate",OUTPUT_DIR="adversarial_results_ep100_pre300" adversarial_hpc_submit.pbs </dev/null
[2026-09-07 09:47:57] [SUBMIT] XceptionNet/Cifar10/CW/ALL
[2026-09-07 09:47:58] [CMD] qsub -q all.q -l ngpus=1 -v MODEL="XceptionNet",DATASET="Cifar100",ATTACK="PGD",KIND="ALL",PHASE="generate",OUTPUT_DIR="adversarial_results_ep300_pre100" adversarial_hpc_submit.pbs </dev/null
[2026-09-07 09:48:04] [CMD] qsub -q all.q -l ngpus=1 -v MODEL="XceptionNet",DATASET="Cifar10",ATTACK="CW",KIND="ALL",PHASE="generate",OUTPUT_DIR="adversarial_results_ep200_pre200" adversarial_hpc_submit.pbs </dev/null
[2026-09-07 09:48:09] [OK] XceptionNet/Cifar10/APGD/ALL
[2026-09-07 09:48:19] [OK] qsub output: Your job 6475719 ("adversarial_hpc_submit.pbs") has been submitted
[2026-09-07 09:48:21] [OK] XceptionNet/Cifar100/PGD/ALL
[2026-09-07 09:48:26] [OK] XceptionNet/Cifar10/CW/ALL
[2026-09-07 09:48:31] [SUBMIT] XceptionNet/Cifar10/CW/ALL
[2026-09-07 09:48:38] [OK] qsub output: Your job 6475720 ("adversarial_hpc_submit.pbs") has been submitted
[2026-09-07 09:48:44] [OK] qsub output: Your job 6475721 ("adversarial_hpc_submit.pbs") has been submitted
[2026-09-07 09:48:49] [CMD] qsub -q all.q -l ngpus=1 -v MODEL="XceptionNet",DATASET="Cifar10",ATTACK="CW",KIND="ALL",PHASE="generate",OUTPUT_DIR="adversarial_results_ep100_pre300" adversarial_hpc_submit.pbs </dev/null
[2026-09-07 09:48:52] [SUBMIT] XceptionNet/Cifar100/FGSM/ALL
[2026-09-07 09:48:57] [SUBMIT] XceptionNet/Cifar10/DeepFool/ALL
[2026-09-07 09:49:07] [OK] XceptionNet/Cifar10/CW/ALL
[2026-09-07 09:49:15] [CMD] qsub -q all.q -l ngpus=1 -v MODEL="XceptionNet",DATASET="Cifar100",ATTACK="FGSM",KIND="ALL",PHASE="generate",OUTPUT_DIR="adversarial_results_ep300_pre100" adversarial_hpc_submit.pbs </dev/null
[2026-09-07 09:49:18] [CMD] qsub -q all.q -l ngpus=1 -v MODEL="XceptionNet",DATASET="Cifar10",ATTACK="DeepFool",KIND="ALL",PHASE="generate",OUTPUT_DIR="adversarial_results_ep200_pre200" adversarial_hpc_submit.pbs </dev/null
[2026-09-07 09:49:34] [OK] qsub output: Your job 6475723 ("adversarial_hpc_submit.pbs") has been submitted
[2026-09-07 09:49:40] [OK] XceptionNet/Cifar10/DeepFool/ALL
[2026-09-07 09:49:42] [OK] XceptionNet/Cifar100/FGSM/ALL
[2026-09-07 09:49:47] [SUBMIT] XceptionNet/Cifar10/DeepFool/ALL
[2026-09-07 09:49:51] [OK] qsub output: Your job 6475725 ("adversarial_hpc_submit.pbs") has been submitted
[2026-09-07 09:50:02] [OK] qsub output: Your job 6475724 ("adversarial_hpc_submit.pbs") has been submitted
[2026-09-07 09:50:04] [CMD] qsub -q all.q -l ngpus=1 -v MODEL="XceptionNet",DATASET="Cifar10",ATTACK="DeepFool",KIND="ALL",PHASE="generate",OUTPUT_DIR="adversarial_results_ep100_pre300" adversarial_hpc_submit.pbs </dev/null
[2026-09-07 09:50:12] [SUBMIT] XceptionNet/Cifar100/PGD/ALL
[2026-09-07 09:50:17] [SUBMIT] XceptionNet/Cifar100/IFGSM/ALL
[2026-09-07 09:50:22] [CMD] qsub -q all.q -l ngpus=1 -v MODEL="XceptionNet",DATASET="Cifar100",ATTACK="PGD",KIND="ALL",PHASE="generate",OUTPUT_DIR="adversarial_results_ep200_pre200" adversarial_hpc_submit.pbs </dev/null
[2026-09-07 09:50:23] [CMD] qsub -q all.q -l ngpus=1 -v MODEL="XceptionNet",DATASET="Cifar100",ATTACK="IFGSM",KIND="ALL",PHASE="generate",OUTPUT_DIR="adversarial_results_ep300_pre100" adversarial_hpc_submit.pbs </dev/null
[2026-09-07 09:50:29] [OK] XceptionNet/Cifar100/PGD/ALL
[2026-09-07 09:50:30] [OK] XceptionNet/Cifar10/DeepFool/ALL
[2026-09-07 09:50:30] [OK] XceptionNet/Cifar100/IFGSM/ALL
[2026-09-07 09:50:31] [OK] qsub output: Your job 6475730 ("adversarial_hpc_submit.pbs") has been submitted
[2026-09-07 09:50:33] [OK] qsub output: Your job 6475728 ("adversarial_hpc_submit.pbs") has been submitted
[2026-09-07 09:50:33] [OK] qsub output: Your job 6475731 ("adversarial_hpc_submit.pbs") has been submitted
[2026-09-07 09:50:34] [SUBMIT] XceptionNet/Cifar100/FGSM/ALL
[2026-09-07 09:50:34] [SUBMIT] XceptionNet/Cifar100/PGD/ALL
[2026-09-07 09:50:34] [SUBMIT] XceptionNet/Cifar100/BIM/ALL
[2026-09-07 09:50:34] [CMD] qsub -q all.q -l ngpus=1 -v MODEL="XceptionNet",DATASET="Cifar100",ATTACK="FGSM",KIND="ALL",PHASE="generate",OUTPUT_DIR="adversarial_results_ep200_pre200" adversarial_hpc_submit.pbs </dev/null
[2026-09-07 09:50:34] [CMD] qsub -q all.q -l ngpus=1 -v MODEL="XceptionNet",DATASET="Cifar100",ATTACK="PGD",KIND="ALL",PHASE="generate",OUTPUT_DIR="adversarial_results_ep100_pre300" adversarial_hpc_submit.pbs </dev/null
[2026-09-07 09:50:34] [CMD] qsub -q all.q -l ngpus=1 -v MODEL="XceptionNet",DATASET="Cifar100",ATTACK="BIM",KIND="ALL",PHASE="generate",OUTPUT_DIR="adversarial_results_ep300_pre100" adversarial_hpc_submit.pbs </dev/null
[2026-09-07 09:50:43] [OK] XceptionNet/Cifar100/PGD/ALL
[2026-09-07 09:50:43] [OK] qsub output: Your job 6475733 ("adversarial_hpc_submit.pbs") has been submitted
[2026-09-07 09:50:43] [SUBMIT] XceptionNet/Cifar100/FGSM/ALL
[2026-09-07 09:50:43] [CMD] qsub -q all.q -l ngpus=1 -v MODEL="XceptionNet",DATASET="Cifar100",ATTACK="FGSM",KIND="ALL",PHASE="generate",OUTPUT_DIR="adversarial_results_ep100_pre300" adversarial_hpc_submit.pbs </dev/null
[2026-09-07 09:50:43] [OK] XceptionNet/Cifar100/FGSM/ALL
[2026-09-07 09:50:43] [OK] qsub output: Your job 6475732 ("adversarial_hpc_submit.pbs") has been submitted
[2026-09-07 09:50:44] [SUBMIT] XceptionNet/Cifar100/IFGSM/ALL
[2026-09-07 09:50:44] [CMD] qsub -q all.q -l ngpus=1 -v MODEL="XceptionNet",DATASET="Cifar100",ATTACK="IFGSM",KIND="ALL",PHASE="generate",OUTPUT_DIR="adversarial_results_ep200_pre200" adversarial_hpc_submit.pbs </dev/null
[2026-09-07 09:50:50] [OK] XceptionNet/Cifar100/FGSM/ALL
[2026-09-07 09:50:50] [OK] XceptionNet/Cifar100/BIM/ALL
[2026-09-07 09:50:54] [OK] XceptionNet/Cifar100/IFGSM/ALL
[2026-09-07 09:50:58] [OK] qsub output: Your job 6475735 ("adversarial_hpc_submit.pbs") has been submitted
[2026-09-07 09:50:58] [OK] qsub output: Your job 6475734 ("adversarial_hpc_submit.pbs") has been submitted
[2026-09-07 09:50:58] [OK] qsub output: Your job 6475736 ("adversarial_hpc_submit.pbs") has been submitted
[2026-09-07 09:50:58] [SUBMIT] XceptionNet/Cifar100/IFGSM/ALL
[2026-09-07 09:50:58] [SUBMIT] XceptionNet/Cifar100/APGD/ALL
[2026-09-07 09:50:58] [SUBMIT] XceptionNet/Cifar100/BIM/ALL
[2026-09-07 09:50:59] [CMD] qsub -q all.q -l ngpus=1 -v MODEL="XceptionNet",DATASET="Cifar100",ATTACK="IFGSM",KIND="ALL",PHASE="generate",OUTPUT_DIR="adversarial_results_ep100_pre300" adversarial_hpc_submit.pbs </dev/null
[2026-09-07 09:50:59] [CMD] qsub -q all.q -l ngpus=1 -v MODEL="XceptionNet",DATASET="Cifar100",ATTACK="APGD",KIND="ALL",PHASE="generate",OUTPUT_DIR="adversarial_results_ep300_pre100" adversarial_hpc_submit.pbs </dev/null
[2026-09-07 09:50:59] [CMD] qsub -q all.q -l ngpus=1 -v MODEL="XceptionNet",DATASET="Cifar100",ATTACK="BIM",KIND="ALL",PHASE="generate",OUTPUT_DIR="adversarial_results_ep200_pre200" adversarial_hpc_submit.pbs </dev/null
[2026-09-07 09:51:06] [OK] XceptionNet/Cifar100/APGD/ALL
[2026-09-07 09:51:08] [OK] qsub output: Your job 6475738 ("adversarial_hpc_submit.pbs") has been submitted
[2026-09-07 09:51:08] [OK] XceptionNet/Cifar100/IFGSM/ALL
[2026-09-07 09:51:08] [OK] qsub output: Your job 6475737 ("adversarial_hpc_submit.pbs") has been submitted
[2026-09-07 09:51:08] [SUBMIT] XceptionNet/Cifar100/CW/ALL
[2026-09-07 09:51:08] [OK] XceptionNet/Cifar100/BIM/ALL
[2026-09-07 09:51:08] [SUBMIT] XceptionNet/Cifar100/BIM/ALL
[2026-09-07 09:51:09] [CMD] qsub -q all.q -l ngpus=1 -v MODEL="XceptionNet",DATASET="Cifar100",ATTACK="CW",KIND="ALL",PHASE="generate",OUTPUT_DIR="adversarial_results_ep300_pre100" adversarial_hpc_submit.pbs </dev/null
[2026-09-07 09:51:09] [OK] qsub output: Your job 6475739 ("adversarial_hpc_submit.pbs") has been submitted
[2026-09-07 09:51:09] [CMD] qsub -q all.q -l ngpus=1 -v MODEL="XceptionNet",DATASET="Cifar100",ATTACK="BIM",KIND="ALL",PHASE="generate",OUTPUT_DIR="adversarial_results_ep100_pre300" adversarial_hpc_submit.pbs </dev/null
[2026-09-07 09:51:09] [SUBMIT] XceptionNet/Cifar100/APGD/ALL
[2026-09-07 09:51:09] [CMD] qsub -q all.q -l ngpus=1 -v MODEL="XceptionNet",DATASET="Cifar100",ATTACK="APGD",KIND="ALL",PHASE="generate",OUTPUT_DIR="adversarial_results_ep200_pre200" adversarial_hpc_submit.pbs </dev/null
[2026-09-07 09:51:16] [OK] XceptionNet/Cifar100/BIM/ALL
[2026-09-07 09:51:19] [OK] XceptionNet/Cifar100/CW/ALL
[2026-09-07 09:51:20] [OK] qsub output: Your job 6475741 ("adversarial_hpc_submit.pbs") has been submitted
[2026-09-07 09:51:20] [OK] qsub output: Your job 6475740 ("adversarial_hpc_submit.pbs") has been submitted
[2026-09-07 09:51:20] [SUBMIT] XceptionNet/Cifar100/APGD/ALL
[2026-09-07 09:51:20] [SUBMIT] XceptionNet/Cifar100/DeepFool/ALL
[2026-09-07 09:51:20] [CMD] qsub -q all.q -l ngpus=1 -v MODEL="XceptionNet",DATASET="Cifar100",ATTACK="APGD",KIND="ALL",PHASE="generate",OUTPUT_DIR="adversarial_results_ep100_pre300" adversarial_hpc_submit.pbs </dev/null
[2026-09-07 09:51:24] [OK] XceptionNet/Cifar100/APGD/ALL
[2026-09-07 09:51:24] [CMD] qsub -q all.q -l ngpus=1 -v MODEL="XceptionNet",DATASET="Cifar100",ATTACK="DeepFool",KIND="ALL",PHASE="generate",OUTPUT_DIR="adversarial_results_ep300_pre100" adversarial_hpc_submit.pbs </dev/null
[2026-09-07 09:51:26] [OK] qsub output: Your job 6475742 ("adversarial_hpc_submit.pbs") has been submitted
[2026-09-07 09:51:26] [SUBMIT] XceptionNet/Cifar100/CW/ALL
[2026-09-07 09:51:26] [CMD] qsub -q all.q -l ngpus=1 -v MODEL="XceptionNet",DATASET="Cifar100",ATTACK="CW",KIND="ALL",PHASE="generate",OUTPUT_DIR="adversarial_results_ep200_pre200" adversarial_hpc_submit.pbs </dev/null
[2026-09-07 09:51:28] [OK] XceptionNet/Cifar100/APGD/ALL
[2026-09-07 09:51:29] [OK] XceptionNet/Cifar100/CW/ALL
[2026-09-07 09:51:33] [OK] XceptionNet/Cifar100/DeepFool/ALL
[2026-09-07 09:51:34] [OK] qsub output: Your job 6475743 ("adversarial_hpc_submit.pbs") has been submitted
[2026-09-07 09:51:36] [OK] qsub output: Your job 6475745 ("adversarial_hpc_submit.pbs") has been submitted
[2026-09-07 09:51:36] [OK] qsub output: Your job 6475744 ("adversarial_hpc_submit.pbs") has been submitted
[2026-09-07 09:51:37] [SUBMIT] XceptionNet/Cifar100/CW/ALL
[2026-09-07 09:51:40] [SUBMIT] XceptionNet/Cifar100/DeepFool/ALL
[2026-09-07 09:51:42] [SUBMIT] ConvNeXt/Cifar10/PGD/ALL
[2026-09-07 09:51:43] [CMD] qsub -q all.q -l ngpus=1 -v MODEL="XceptionNet",DATASET="Cifar100",ATTACK="CW",KIND="ALL",PHASE="generate",OUTPUT_DIR="adversarial_results_ep100_pre300" adversarial_hpc_submit.pbs </dev/null
[2026-09-07 09:51:43] [CMD] qsub -q all.q -l ngpus=1 -v MODEL="XceptionNet",DATASET="Cifar100",ATTACK="DeepFool",KIND="ALL",PHASE="generate",OUTPUT_DIR="adversarial_results_ep200_pre200" adversarial_hpc_submit.pbs </dev/null
[2026-09-07 09:51:43] [CMD] qsub -q all.q -l ngpus=1 -v MODEL="ConvNeXt",DATASET="Cifar10",ATTACK="PGD",KIND="ALL",PHASE="generate",OUTPUT_DIR="adversarial_results_ep300_pre100" adversarial_hpc_submit.pbs </dev/null
[2026-09-07 09:51:49] [OK] XceptionNet/Cifar100/CW/ALL
[2026-09-07 09:51:49] [OK] ConvNeXt/Cifar10/PGD/ALL
[2026-09-07 09:51:52] [OK] XceptionNet/Cifar100/DeepFool/ALL
[2026-09-07 09:51:53] [OK] qsub output: Your job 6475748 ("adversarial_hpc_submit.pbs") has been submitted
[2026-09-07 09:51:55] [OK] qsub output: Your job 6475747 ("adversarial_hpc_submit.pbs") has been submitted
[2026-09-07 09:51:55] [OK] qsub output: Your job 6475749 ("adversarial_hpc_submit.pbs") has been submitted
[2026-09-07 09:51:55] [SUBMIT] XceptionNet/Cifar100/DeepFool/ALL
[2026-09-07 09:51:55] [SUBMIT] ConvNeXt/Cifar10/FGSM/ALL
[2026-09-07 09:51:55] [SUBMIT] ConvNeXt/Cifar10/PGD/ALL
[2026-09-07 09:51:55] [CMD] qsub -q all.q -l ngpus=1 -v MODEL="XceptionNet",DATASET="Cifar100",ATTACK="DeepFool",KIND="ALL",PHASE="generate",OUTPUT_DIR="adversarial_results_ep100_pre300" adversarial_hpc_submit.pbs </dev/null
[2026-09-07 09:51:55] [CMD] qsub -q all.q -l ngpus=1 -v MODEL="ConvNeXt",DATASET="Cifar10",ATTACK="FGSM",KIND="ALL",PHASE="generate",OUTPUT_DIR="adversarial_results_ep300_pre100" adversarial_hpc_submit.pbs </dev/null
[2026-09-07 09:51:58] [CMD] qsub -q all.q -l ngpus=1 -v MODEL="ConvNeXt",DATASET="Cifar10",ATTACK="PGD",KIND="ALL",PHASE="generate",OUTPUT_DIR="adversarial_results_ep200_pre200" adversarial_hpc_submit.pbs </dev/null
[2026-09-07 09:52:04] [OK] XceptionNet/Cifar100/DeepFool/ALL
[2026-09-07 09:52:04] [OK] qsub output: Your job 6475750 ("adversarial_hpc_submit.pbs") has been submitted
[2026-09-07 09:52:04] [SUBMIT] ConvNeXt/Cifar10/PGD/ALL
[2026-09-07 09:52:04] [CMD] qsub -q all.q -l ngpus=1 -v MODEL="ConvNeXt",DATASET="Cifar10",ATTACK="PGD",KIND="ALL",PHASE="generate",OUTPUT_DIR="adversarial_results_ep100_pre300" adversarial_hpc_submit.pbs </dev/null
[2026-09-07 09:52:08] [OK] ConvNeXt/Cifar10/FGSM/ALL
[2026-09-07 09:52:09] [OK] qsub output: Your job 6475751 ("adversarial_hpc_submit.pbs") has been submitted
[2026-09-07 09:52:09] [SUBMIT] ConvNeXt/Cifar10/IFGSM/ALL
[2026-09-07 09:52:09] [CMD] qsub -q all.q -l ngpus=1 -v MODEL="ConvNeXt",DATASET="Cifar10",ATTACK="IFGSM",KIND="ALL",PHASE="generate",OUTPUT_DIR="adversarial_results_ep300_pre100" adversarial_hpc_submit.pbs </dev/null
[2026-09-07 09:52:12] [OK] ConvNeXt/Cifar10/PGD/ALL
[2026-09-07 09:52:13] [OK] ConvNeXt/Cifar10/PGD/ALL
[2026-09-07 09:52:14] [OK] qsub output: Your job 6475752 ("adversarial_hpc_submit.pbs") has been submitted
[2026-09-07 09:52:14] [OK] qsub output: Your job 6475753 ("adversarial_hpc_submit.pbs") has been submitted
[2026-09-07 09:52:14] [SUBMIT] ConvNeXt/Cifar10/FGSM/ALL
[2026-09-07 09:52:14] [SUBMIT] ConvNeXt/Cifar10/FGSM/ALL
[2026-09-07 09:52:14] [CMD] qsub -q all.q -l ngpus=1 -v MODEL="ConvNeXt",DATASET="Cifar10",ATTACK="FGSM",KIND="ALL",PHASE="generate",OUTPUT_DIR="adversarial_results_ep200_pre200" adversarial_hpc_submit.pbs </dev/null
[2026-09-07 09:52:15] [CMD] qsub -q all.q -l ngpus=1 -v MODEL="ConvNeXt",DATASET="Cifar10",ATTACK="FGSM",KIND="ALL",PHASE="generate",OUTPUT_DIR="adversarial_results_ep100_pre300" adversarial_hpc_submit.pbs </dev/null
[2026-09-07 09:52:18] [OK] ConvNeXt/Cifar10/IFGSM/ALL
[2026-09-07 09:52:21] [OK] qsub output: Your job 6475754 ("adversarial_hpc_submit.pbs") has been submitted
[2026-09-07 09:52:22] [SUBMIT] ConvNeXt/Cifar10/BIM/ALL
[2026-09-07 09:52:25] [OK] ConvNeXt/Cifar10/FGSM/ALL
[2026-09-07 09:52:27] [OK] ConvNeXt/Cifar10/FGSM/ALL
[2026-09-07 09:52:34] [CMD] qsub -q all.q -l ngpus=1 -v MODEL="ConvNeXt",DATASET="Cifar10",ATTACK="BIM",KIND="ALL",PHASE="generate",OUTPUT_DIR="adversarial_results_ep300_pre100" adversarial_hpc_submit.pbs </dev/null
[2026-09-07 09:52:38] [OK] qsub output: Your job 6475755 ("adversarial_hpc_submit.pbs") has been submitted
[2026-09-07 09:52:40] [OK] qsub output: Your job 6475756 ("adversarial_hpc_submit.pbs") has been submitted
[2026-09-07 09:52:44] [SUBMIT] ConvNeXt/Cifar10/IFGSM/ALL
[2026-09-07 09:52:44] [SUBMIT] ConvNeXt/Cifar10/IFGSM/ALL
[2026-09-07 09:52:51] [OK] ConvNeXt/Cifar10/BIM/ALL
[2026-09-07 09:52:52] [CMD] qsub -q all.q -l ngpus=1 -v MODEL="ConvNeXt",DATASET="Cifar10",ATTACK="IFGSM",KIND="ALL",PHASE="generate",OUTPUT_DIR="adversarial_results_ep200_pre200" adversarial_hpc_submit.pbs </dev/null
[2026-09-07 09:52:54] [CMD] qsub -q all.q -l ngpus=1 -v MODEL="ConvNeXt",DATASET="Cifar10",ATTACK="IFGSM",KIND="ALL",PHASE="generate",OUTPUT_DIR="adversarial_results_ep100_pre300" adversarial_hpc_submit.pbs </dev/null
[2026-09-07 09:52:54] [OK] qsub output: Your job 6475758 ("adversarial_hpc_submit.pbs") has been submitted
[2026-09-07 09:52:54] [SUBMIT] ConvNeXt/Cifar10/APGD/ALL
[2026-09-07 09:52:54] [CMD] qsub -q all.q -l ngpus=1 -v MODEL="ConvNeXt",DATASET="Cifar10",ATTACK="APGD",KIND="ALL",PHASE="generate",OUTPUT_DIR="adversarial_results_ep300_pre100" adversarial_hpc_submit.pbs </dev/null
[2026-09-07 09:53:03] [OK] ConvNeXt/Cifar10/IFGSM/ALL
[2026-09-07 09:53:04] [OK] qsub output: Your job 6475759 ("adversarial_hpc_submit.pbs") has been submitted
[2026-09-07 09:53:04] [SUBMIT] ConvNeXt/Cifar10/BIM/ALL
[2026-09-07 09:53:04] [CMD] qsub -q all.q -l ngpus=1 -v MODEL="ConvNeXt",DATASET="Cifar10",ATTACK="BIM",KIND="ALL",PHASE="generate",OUTPUT_DIR="adversarial_results_ep200_pre200" adversarial_hpc_submit.pbs </dev/null
[2026-09-07 09:53:04] [OK] ConvNeXt/Cifar10/IFGSM/ALL
[2026-09-07 09:53:06] [OK] ConvNeXt/Cifar10/APGD/ALL
[2026-09-07 09:53:12] [OK] qsub output: Your job 6475760 ("adversarial_hpc_submit.pbs") has been submitted
[2026-09-07 09:53:12] [OK] ConvNeXt/Cifar10/BIM/ALL
[2026-09-07 09:53:21] [OK] qsub output: Your job 6475761 ("adversarial_hpc_submit.pbs") has been submitted
[2026-09-07 09:53:22] [SUBMIT] ConvNeXt/Cifar10/BIM/ALL
[2026-09-07 09:53:22] [OK] qsub output: Your job 6475762 ("adversarial_hpc_submit.pbs") has been submitted
[2026-09-07 09:53:22] [SUBMIT] ConvNeXt/Cifar10/CW/ALL
[2026-09-07 09:53:23] [CMD] qsub -q all.q -l ngpus=1 -v MODEL="ConvNeXt",DATASET="Cifar10",ATTACK="BIM",KIND="ALL",PHASE="generate",OUTPUT_DIR="adversarial_results_ep100_pre300" adversarial_hpc_submit.pbs </dev/null
[2026-09-07 09:53:27] [SUBMIT] ConvNeXt/Cifar10/APGD/ALL
[2026-09-07 09:53:29] [CMD] qsub -q all.q -l ngpus=1 -v MODEL="ConvNeXt",DATASET="Cifar10",ATTACK="CW",KIND="ALL",PHASE="generate",OUTPUT_DIR="adversarial_results_ep300_pre100" adversarial_hpc_submit.pbs </dev/null
[2026-09-07 09:53:32] [OK] ConvNeXt/Cifar10/BIM/ALL
[2026-09-07 09:53:34] [CMD] qsub -q all.q -l ngpus=1 -v MODEL="ConvNeXt",DATASET="Cifar10",ATTACK="APGD",KIND="ALL",PHASE="generate",OUTPUT_DIR="adversarial_results_ep200_pre200" adversarial_hpc_submit.pbs </dev/null
[2026-09-07 09:53:41] [OK] ConvNeXt/Cifar10/CW/ALL
[2026-09-07 09:53:43] [OK] qsub output: Your job 6475763 ("adversarial_hpc_submit.pbs") has been submitted
[2026-09-07 09:53:44] [OK] qsub output: Your job 6475764 ("adversarial_hpc_submit.pbs") has been submitted
[2026-09-07 09:53:44] [SUBMIT] ConvNeXt/Cifar10/APGD/ALL
[2026-09-07 09:53:44] [SUBMIT] ConvNeXt/Cifar10/DeepFool/ALL
[2026-09-07 09:53:44] [CMD] qsub -q all.q -l ngpus=1 -v MODEL="ConvNeXt",DATASET="Cifar10",ATTACK="APGD",KIND="ALL",PHASE="generate",OUTPUT_DIR="adversarial_results_ep100_pre300" adversarial_hpc_submit.pbs </dev/null
[2026-09-07 09:53:44] [CMD] qsub -q all.q -l ngpus=1 -v MODEL="ConvNeXt",DATASET="Cifar10",ATTACK="DeepFool",KIND="ALL",PHASE="generate",OUTPUT_DIR="adversarial_results_ep300_pre100" adversarial_hpc_submit.pbs </dev/null
[2026-09-07 09:53:49] [OK] ConvNeXt/Cifar10/APGD/ALL
[2026-09-07 09:53:49] [OK] qsub output: Your job 6475765 ("adversarial_hpc_submit.pbs") has been submitted
[2026-09-07 09:53:50] [SUBMIT] ConvNeXt/Cifar10/CW/ALL
[2026-09-07 09:53:50] [CMD] qsub -q all.q -l ngpus=1 -v MODEL="ConvNeXt",DATASET="Cifar10",ATTACK="CW",KIND="ALL",PHASE="generate",OUTPUT_DIR="adversarial_results_ep200_pre200" adversarial_hpc_submit.pbs </dev/null
[2026-09-07 09:53:51] [OK] ConvNeXt/Cifar10/DeepFool/ALL
[2026-09-07 09:53:51] [OK] qsub output: Your job 6475767 ("adversarial_hpc_submit.pbs") has been submitted
[2026-09-07 09:53:51] [SUBMIT] ConvNeXt/Cifar100/PGD/ALL
[2026-09-07 09:53:51] [CMD] qsub -q all.q -l ngpus=1 -v MODEL="ConvNeXt",DATASET="Cifar100",ATTACK="PGD",KIND="ALL",PHASE="generate",OUTPUT_DIR="adversarial_results_ep300_pre100" adversarial_hpc_submit.pbs </dev/null
[2026-09-07 09:53:52] [OK] ConvNeXt/Cifar10/APGD/ALL
[2026-09-07 09:53:52] [OK] qsub output: Your job 6475766 ("adversarial_hpc_submit.pbs") has been submitted
[2026-09-07 09:53:52] [SUBMIT] ConvNeXt/Cifar10/CW/ALL
[2026-09-07 09:53:52] [CMD] qsub -q all.q -l ngpus=1 -v MODEL="ConvNeXt",DATASET="Cifar10",ATTACK="CW",KIND="ALL",PHASE="generate",OUTPUT_DIR="adversarial_results_ep100_pre300" adversarial_hpc_submit.pbs </dev/null
[2026-09-07 09:53:55] [OK] ConvNeXt/Cifar10/CW/ALL
[2026-09-07 09:53:55] [OK] qsub output: Your job 6475769 ("adversarial_hpc_submit.pbs") has been submitted
[2026-09-07 09:53:55] [SUBMIT] ConvNeXt/Cifar10/DeepFool/ALL
[2026-09-07 09:53:55] [CMD] qsub -q all.q -l ngpus=1 -v MODEL="ConvNeXt",DATASET="Cifar10",ATTACK="DeepFool",KIND="ALL",PHASE="generate",OUTPUT_DIR="adversarial_results_ep200_pre200" adversarial_hpc_submit.pbs </dev/null
[2026-09-07 09:53:57] [OK] ConvNeXt/Cifar100/PGD/ALL
[2026-09-07 09:53:58] [OK] qsub output: Your job 6475770 ("adversarial_hpc_submit.pbs") has been submitted
[2026-09-07 09:53:58] [SUBMIT] ConvNeXt/Cifar100/FGSM/ALL
[2026-09-07 09:53:58] [CMD] qsub -q all.q -l ngpus=1 -v MODEL="ConvNeXt",DATASET="Cifar100",ATTACK="FGSM",KIND="ALL",PHASE="generate",OUTPUT_DIR="adversarial_results_ep300_pre100" adversarial_hpc_submit.pbs </dev/null
[2026-09-07 09:54:01] [OK] ConvNeXt/Cifar10/DeepFool/ALL
[2026-09-07 09:54:01] [OK] qsub output: Your job 6475772 ("adversarial_hpc_submit.pbs") has been submitted
[2026-09-07 09:54:02] [SUBMIT] ConvNeXt/Cifar100/PGD/ALL
[2026-09-07 09:54:02] [CMD] qsub -q all.q -l ngpus=1 -v MODEL="ConvNeXt",DATASET="Cifar100",ATTACK="PGD",KIND="ALL",PHASE="generate",OUTPUT_DIR="adversarial_results_ep200_pre200" adversarial_hpc_submit.pbs </dev/null
[2026-09-07 09:54:03] [OK] ConvNeXt/Cifar100/FGSM/ALL
[2026-09-07 09:54:03] [OK] qsub output: Your job 6475773 ("adversarial_hpc_submit.pbs") has been submitted
[2026-09-07 09:54:03] [SUBMIT] ConvNeXt/Cifar100/IFGSM/ALL
[2026-09-07 09:54:03] [CMD] qsub -q all.q -l ngpus=1 -v MODEL="ConvNeXt",DATASET="Cifar100",ATTACK="IFGSM",KIND="ALL",PHASE="generate",OUTPUT_DIR="adversarial_results_ep300_pre100" adversarial_hpc_submit.pbs </dev/null
[2026-09-07 09:54:03] [OK] ConvNeXt/Cifar10/CW/ALL
[2026-09-07 09:54:03] [OK] qsub output: Your job 6475771 ("adversarial_hpc_submit.pbs") has been submitted
[2026-09-07 09:54:04] [SUBMIT] ConvNeXt/Cifar10/DeepFool/ALL
[2026-09-07 09:54:04] [CMD] qsub -q all.q -l ngpus=1 -v MODEL="ConvNeXt",DATASET="Cifar10",ATTACK="DeepFool",KIND="ALL",PHASE="generate",OUTPUT_DIR="adversarial_results_ep100_pre300" adversarial_hpc_submit.pbs </dev/null
[2026-09-07 09:54:07] [OK] ConvNeXt/Cifar100/PGD/ALL
[2026-09-07 09:54:07] [OK] qsub output: Your job 6475774 ("adversarial_hpc_submit.pbs") has been submitted
[2026-09-07 09:54:07] [SUBMIT] ConvNeXt/Cifar100/FGSM/ALL
[2026-09-07 09:54:07] [CMD] qsub -q all.q -l ngpus=1 -v MODEL="ConvNeXt",DATASET="Cifar100",ATTACK="FGSM",KIND="ALL",PHASE="generate",OUTPUT_DIR="adversarial_results_ep200_pre200" adversarial_hpc_submit.pbs </dev/null
[2026-09-07 09:54:08] [OK] ConvNeXt/Cifar100/IFGSM/ALL
[2026-09-07 09:54:08] [OK] qsub output: Your job 6475775 ("adversarial_hpc_submit.pbs") has been submitted
[2026-09-07 09:54:08] [SUBMIT] ConvNeXt/Cifar100/BIM/ALL
[2026-09-07 09:54:08] [CMD] qsub -q all.q -l ngpus=1 -v MODEL="ConvNeXt",DATASET="Cifar100",ATTACK="BIM",KIND="ALL",PHASE="generate",OUTPUT_DIR="adversarial_results_ep300_pre100" adversarial_hpc_submit.pbs </dev/null
[2026-09-07 09:54:10] [OK] ConvNeXt/Cifar10/DeepFool/ALL
[2026-09-07 09:54:10] [OK] qsub output: Your job 6475776 ("adversarial_hpc_submit.pbs") has been submitted
[2026-09-07 09:54:10] [SUBMIT] ConvNeXt/Cifar100/PGD/ALL
[2026-09-07 09:54:10] [CMD] qsub -q all.q -l ngpus=1 -v MODEL="ConvNeXt",DATASET="Cifar100",ATTACK="PGD",KIND="ALL",PHASE="generate",OUTPUT_DIR="adversarial_results_ep100_pre300" adversarial_hpc_submit.pbs </dev/null
[2026-09-07 09:54:14] [OK] ConvNeXt/Cifar100/FGSM/ALL
[2026-09-07 09:54:14] [OK] qsub output: Your job 6475777 ("adversarial_hpc_submit.pbs") has been submitted
[2026-09-07 09:54:14] [SUBMIT] ConvNeXt/Cifar100/IFGSM/ALL
[2026-09-07 09:54:14] [CMD] qsub -q all.q -l ngpus=1 -v MODEL="ConvNeXt",DATASET="Cifar100",ATTACK="IFGSM",KIND="ALL",PHASE="generate",OUTPUT_DIR="adversarial_results_ep200_pre200" adversarial_hpc_submit.pbs </dev/null
[2026-09-07 09:54:16] [OK] ConvNeXt/Cifar100/BIM/ALL
[2026-09-07 09:54:16] [OK] qsub output: Your job 6475778 ("adversarial_hpc_submit.pbs") has been submitted
[2026-09-07 09:54:16] [SUBMIT] ConvNeXt/Cifar100/APGD/ALL
[2026-09-07 09:54:16] [CMD] qsub -q all.q -l ngpus=1 -v MODEL="ConvNeXt",DATASET="Cifar100",ATTACK="APGD",KIND="ALL",PHASE="generate",OUTPUT_DIR="adversarial_results_ep300_pre100" adversarial_hpc_submit.pbs </dev/null
[2026-09-07 09:54:17] [OK] ConvNeXt/Cifar100/IFGSM/ALL
[2026-09-07 09:54:17] [OK] qsub output: Your job 6475780 ("adversarial_hpc_submit.pbs") has been submitted
[2026-09-07 09:54:17] [SUBMIT] ConvNeXt/Cifar100/BIM/ALL
[2026-09-07 09:54:17] [CMD] qsub -q all.q -l ngpus=1 -v MODEL="ConvNeXt",DATASET="Cifar100",ATTACK="BIM",KIND="ALL",PHASE="generate",OUTPUT_DIR="adversarial_results_ep200_pre200" adversarial_hpc_submit.pbs </dev/null
[2026-09-07 09:54:19] [OK] ConvNeXt/Cifar100/APGD/ALL
[2026-09-07 09:54:19] [OK] qsub output: Your job 6475781 ("adversarial_hpc_submit.pbs") has been submitted
[2026-09-07 09:54:19] [SUBMIT] ConvNeXt/Cifar100/CW/ALL
[2026-09-07 09:54:19] [CMD] qsub -q all.q -l ngpus=1 -v MODEL="ConvNeXt",DATASET="Cifar100",ATTACK="CW",KIND="ALL",PHASE="generate",OUTPUT_DIR="adversarial_results_ep300_pre100" adversarial_hpc_submit.pbs </dev/null
[2026-09-07 09:54:19] [OK] ConvNeXt/Cifar100/PGD/ALL
[2026-09-07 09:54:19] [OK] qsub output: Your job 6475779 ("adversarial_hpc_submit.pbs") has been submitted
[2026-09-07 09:54:19] [SUBMIT] ConvNeXt/Cifar100/FGSM/ALL
[2026-09-07 09:54:20] [CMD] qsub -q all.q -l ngpus=1 -v MODEL="ConvNeXt",DATASET="Cifar100",ATTACK="FGSM",KIND="ALL",PHASE="generate",OUTPUT_DIR="adversarial_results_ep100_pre300" adversarial_hpc_submit.pbs </dev/null
[2026-09-07 09:54:25] [OK] ConvNeXt/Cifar100/BIM/ALL
[2026-09-07 09:54:27] [OK] ConvNeXt/Cifar100/CW/ALL
[2026-09-07 09:54:27] [OK] ConvNeXt/Cifar100/FGSM/ALL
[2026-09-07 09:54:43] [OK] qsub output: Your job 6475783 ("adversarial_hpc_submit.pbs") has been submitted
[2026-09-07 09:54:43] [OK] qsub output: Your job 6475782 ("adversarial_hpc_submit.pbs") has been submitted
[2026-09-07 09:54:43] [OK] qsub output: Your job 6475784 ("adversarial_hpc_submit.pbs") has been submitted
[2026-09-07 09:54:43] [SUBMIT] ConvNeXt/Cifar100/DeepFool/ALL
[2026-09-07 09:54:43] [CMD] qsub -q all.q -l ngpus=1 -v MODEL="ConvNeXt",DATASET="Cifar100",ATTACK="DeepFool",KIND="ALL",PHASE="generate",OUTPUT_DIR="adversarial_results_ep300_pre100" adversarial_hpc_submit.pbs </dev/null
[2026-09-07 09:54:43] [SUBMIT] ConvNeXt/Cifar100/IFGSM/ALL
[2026-09-07 09:54:43] [SUBMIT] ConvNeXt/Cifar100/APGD/ALL
[2026-09-07 09:54:43] [CMD] qsub -q all.q -l ngpus=1 -v MODEL="ConvNeXt",DATASET="Cifar100",ATTACK="IFGSM",KIND="ALL",PHASE="generate",OUTPUT_DIR="adversarial_results_ep100_pre300" adversarial_hpc_submit.pbs </dev/null
[2026-09-07 09:54:43] [CMD] qsub -q all.q -l ngpus=1 -v MODEL="ConvNeXt",DATASET="Cifar100",ATTACK="APGD",KIND="ALL",PHASE="generate",OUTPUT_DIR="adversarial_results_ep200_pre200" adversarial_hpc_submit.pbs </dev/null
[2026-09-07 09:54:49] [OK] ConvNeXt/Cifar100/DeepFool/ALL
[2026-09-07 09:54:51] [OK] qsub output: Your job 6475785 ("adversarial_hpc_submit.pbs") has been submitted
[2026-09-07 09:54:52] [OK] ConvNeXt/Cifar100/IFGSM/ALL
[2026-09-07 09:54:55] [SUCCESS] Submitted 84 jobs
[2026-09-07 09:54:56] [OK] ConvNeXt/Cifar100/APGD/ALL
[2026-09-07 09:54:59] [OK] qsub output: Your job 6475786 ("adversarial_hpc_submit.pbs") has been submitted
[2026-09-07 09:55:00] Monitor progress with: qstat
[2026-09-07 09:55:00] [OK] qsub output: Your job 6475787 ("adversarial_hpc_submit.pbs") has been submitted
[2026-09-07 09:55:01] [SUBMIT] ConvNeXt/Cifar100/BIM/ALL
[2026-09-07 09:55:01] ============================================================================
[2026-09-07 09:55:02] [SUBMIT] ConvNeXt/Cifar100/CW/ALL
[2026-09-07 09:55:02] [CMD] qsub -q all.q -l ngpus=1 -v MODEL="ConvNeXt",DATASET="Cifar100",ATTACK="BIM",KIND="ALL",PHASE="generate",OUTPUT_DIR="adversarial_results_ep100_pre300" adversarial_hpc_submit.pbs </dev/null
[2026-09-07 09:55:02] Job submission complete. Check logs/ for details.
[2026-09-07 09:55:02] [CMD] qsub -q all.q -l ngpus=1 -v MODEL="ConvNeXt",DATASET="Cifar100",ATTACK="CW",KIND="ALL",PHASE="generate",OUTPUT_DIR="adversarial_results_ep200_pre200" adversarial_hpc_submit.pbs </dev/null
[2026-09-07 09:55:02] Run log saved to: /Users/jgafur/LTH/manuscript/Tranfer/logs/adversarial_orchestrate_generate_20260907_093359.log
[2026-09-07 09:55:02] ============================================================================
[2026-09-07 09:55:04] [OK] ConvNeXt/Cifar100/CW/ALL
[2026-09-07 09:55:04] [OK] qsub output: Your job 6475789 ("adversarial_hpc_submit.pbs") has been submitted
[2026-09-07 09:55:04] [SUBMIT] ConvNeXt/Cifar100/DeepFool/ALL
[2026-09-07 09:55:04] [CMD] qsub -q all.q -l ngpus=1 -v MODEL="ConvNeXt",DATASET="Cifar100",ATTACK="DeepFool",KIND="ALL",PHASE="generate",OUTPUT_DIR="adversarial_results_ep200_pre200" adversarial_hpc_submit.pbs </dev/null
[2026-09-07 09:55:05] [OK] ConvNeXt/Cifar100/BIM/ALL
[2026-09-07 09:55:05] [OK] qsub output: Your job 6475788 ("adversarial_hpc_submit.pbs") has been submitted
[2026-09-07 09:55:05] [SUBMIT] ConvNeXt/Cifar100/APGD/ALL
[2026-09-07 09:55:05] [CMD] qsub -q all.q -l ngpus=1 -v MODEL="ConvNeXt",DATASET="Cifar100",ATTACK="APGD",KIND="ALL",PHASE="generate",OUTPUT_DIR="adversarial_results_ep100_pre300" adversarial_hpc_submit.pbs </dev/null
[2026-09-07 09:55:06] [OK] ConvNeXt/Cifar100/DeepFool/ALL
[2026-09-07 09:55:06] [OK] qsub output: Your job 6475790 ("adversarial_hpc_submit.pbs") has been submitted
[2026-09-07 09:55:06] [SUCCESS] Submitted 84 jobs
[2026-09-07 09:55:06] Monitor progress with: qstat
[2026-09-07 09:55:06] ============================================================================
[2026-09-07 09:55:06] Job submission complete. Check logs/ for details.
[2026-09-07 09:55:06] Run log saved to: /Users/jgafur/LTH/manuscript/Tranfer/logs/adversarial_orchestrate_generate_20260907_093359.log
[2026-09-07 09:55:06] ============================================================================
[2026-09-07 09:55:13] [OK] ConvNeXt/Cifar100/APGD/ALL
[2026-09-07 09:55:13] [OK] qsub output: Your job 6475791 ("adversarial_hpc_submit.pbs") has been submitted
[2026-09-07 09:55:13] [SUBMIT] ConvNeXt/Cifar100/CW/ALL
[2026-09-07 09:55:13] [CMD] qsub -q all.q -l ngpus=1 -v MODEL="ConvNeXt",DATASET="Cifar100",ATTACK="CW",KIND="ALL",PHASE="generate",OUTPUT_DIR="adversarial_results_ep100_pre300" adversarial_hpc_submit.pbs </dev/null
[2026-09-07 09:55:16] [OK] ConvNeXt/Cifar100/CW/ALL
[2026-09-07 09:55:16] [OK] qsub output: Your job 6475792 ("adversarial_hpc_submit.pbs") has been submitted
[2026-09-07 09:55:16] [SUBMIT] ConvNeXt/Cifar100/DeepFool/ALL
[2026-09-07 09:55:16] [CMD] qsub -q all.q -l ngpus=1 -v MODEL="ConvNeXt",DATASET="Cifar100",ATTACK="DeepFool",KIND="ALL",PHASE="generate",OUTPUT_DIR="adversarial_results_ep100_pre300" adversarial_hpc_submit.pbs </dev/null
[2026-09-07 09:55:24] [OK] ConvNeXt/Cifar100/DeepFool/ALL
[2026-09-07 09:55:24] [OK] qsub output: Your job 6475793 ("adversarial_hpc_submit.pbs") has been submitted
[2026-09-07 09:55:24] [SUCCESS] Submitted 84 jobs
[2026-09-07 09:55:24] Monitor progress with: qstat
[2026-09-07 09:55:24] ============================================================================
[2026-09-07 09:55:24] Job submission complete. Check logs/ for details.
[2026-09-07 09:55:24] Run log saved to: /Users/jgafur/LTH/manuscript/Tranfer/logs/adversarial_orchestrate_generate_20260907_093359.log
[2026-09-07 09:55:24] ============================================================================
