source_model,source_kind,source_label,source_attack,target_model,target_kind,target_label,dataset,transfer_acc,transfer_success_rate,source_attack_success_rate,normalized_transfer_rate,same_architecture,same_kind,pair_type
VGG16,Finetuned,VGG16 (Finetuned),PGD,VGG16,Finetuned,VGG16 (Finetuned),Cifar10,0.1036,0.8964,0.8964,1.0,True,True,self_same_kind
VGG16,Finetuned,VGG16 (Finetuned),PGD,VGG16,Original,VGG16 (Original),Cifar10,0.4425,0.5575,0.8964,0.6219321731369924,True,False,same_arch_cross_kind
VGG16,Finetuned,VGG16 (Finetuned),PGD,RegNetX_400MF,Finetuned,RegNetX_400MF (Finetuned),Cifar10,0.3408,0.6592,0.8964,0.7353859883980366,False,True,cross_arch_same_kind
VGG16,Finetuned,VGG16 (Finetuned),PGD,RegNetX_400MF,Original,RegNetX_400MF (Original),Cifar10,0.2802,0.7198,0.8964,0.8029897367246766,False,False,cross_arch_cross_kind
VGG16,Finetuned,VGG16 (Finetuned),PGD,InceptionNet,Finetuned,InceptionNet (Finetuned),Cifar10,0.4591,0.5408999999999999,0.8964,0.6034136546184738,False,True,cross_arch_same_kind
VGG16,Finetuned,VGG16 (Finetuned),PGD,InceptionNet,Original,InceptionNet (Original),Cifar10,0.4588,0.5412,0.8964,0.603748326639893,False,False,cross_arch_cross_kind
VGG16,Finetuned,VGG16 (Finetuned),PGD,MobileNet,Original,MobileNet (Original),Cifar10,0.3443,0.6557,0.8964,0.7314814814814814,False,False,cross_arch_cross_kind
VGG16,Finetuned,VGG16 (Finetuned),PGD,XceptionNet,Finetuned,XceptionNet (Finetuned),Cifar10,0.4997,0.5003,0.8964,0.5581213743864346,False,True,cross_arch_same_kind
VGG16,Finetuned,VGG16 (Finetuned),PGD,XceptionNet,Original,XceptionNet (Original),Cifar10,0.4838,0.5162,0.8964,0.5758589915216421,False,False,cross_arch_cross_kind
VGG16,Finetuned,VGG16 (Finetuned),PGD,ConvNeXt,Finetuned,ConvNeXt (Finetuned),Cifar10,0.0993,0.9007000000000001,0.8964,1.0047969656403393,False,True,cross_arch_same_kind
VGG16,Finetuned,VGG16 (Finetuned),PGD,ConvNeXt,Original,ConvNeXt (Original),Cifar10,0.3545,0.6455,0.8964,0.7201026327532352,False,False,cross_arch_cross_kind
VGG16,Finetuned,VGG16 (Finetuned),FGSM,VGG16,Finetuned,VGG16 (Finetuned),Cifar10,0.3939,0.6061000000000001,0.6061000000000001,1.0,True,True,self_same_kind
VGG16,Finetuned,VGG16 (Finetuned),FGSM,VGG16,Original,VGG16 (Original),Cifar10,0.4738,0.5262,0.6061000000000001,0.8681735687180332,True,False,same_arch_cross_kind
VGG16,Finetuned,VGG16 (Finetuned),FGSM,RegNetX_400MF,Finetuned,RegNetX_400MF (Finetuned),Cifar10,0.3421,0.6578999999999999,0.6061000000000001,1.085464444811087,False,True,cross_arch_same_kind
VGG16,Finetuned,VGG16 (Finetuned),FGSM,RegNetX_400MF,Original,RegNetX_400MF (Original),Cifar10,0.282,0.718,0.6061000000000001,1.184622999505032,False,False,cross_arch_cross_kind
VGG16,Finetuned,VGG16 (Finetuned),FGSM,InceptionNet,Finetuned,InceptionNet (Finetuned),Cifar10,0.4601,0.5399,0.6061000000000001,0.8907770994885332,False,True,cross_arch_same_kind
VGG16,Finetuned,VGG16 (Finetuned),FGSM,InceptionNet,Original,InceptionNet (Original),Cifar10,0.46,0.54,0.6061000000000001,0.8909420887642303,False,False,cross_arch_cross_kind
VGG16,Finetuned,VGG16 (Finetuned),FGSM,MobileNet,Original,MobileNet (Original),Cifar10,0.3439,0.6561,0.6061000000000001,1.0824946378485398,False,False,cross_arch_cross_kind
VGG16,Finetuned,VGG16 (Finetuned),FGSM,XceptionNet,Finetuned,XceptionNet (Finetuned),Cifar10,0.503,0.497,0.6061000000000001,0.8199967002144859,False,True,cross_arch_same_kind
VGG16,Finetuned,VGG16 (Finetuned),FGSM,XceptionNet,Original,XceptionNet (Original),Cifar10,0.4852,0.5147999999999999,0.6061000000000001,0.849364791288566,False,False,cross_arch_cross_kind
VGG16,Finetuned,VGG16 (Finetuned),FGSM,ConvNeXt,Finetuned,ConvNeXt (Finetuned),Cifar10,0.0996,0.9004,0.6061000000000001,1.4855634383765053,False,True,cross_arch_same_kind
VGG16,Finetuned,VGG16 (Finetuned),FGSM,ConvNeXt,Original,ConvNeXt (Original),Cifar10,0.3545,0.6455,0.6061000000000001,1.0650057746246493,False,False,cross_arch_cross_kind
VGG16,Finetuned,VGG16 (Finetuned),BIM,VGG16,Finetuned,VGG16 (Finetuned),Cifar10,0.5211,0.4789,0.4789,1.0,True,True,self_same_kind
VGG16,Finetuned,VGG16 (Finetuned),BIM,VGG16,Original,VGG16 (Original),Cifar10,0.8563,0.14370000000000005,0.4789,0.3000626435581542,True,False,same_arch_cross_kind
VGG16,Finetuned,VGG16 (Finetuned),BIM,RegNetX_400MF,Finetuned,RegNetX_400MF (Finetuned),Cifar10,0.7504,0.24960000000000004,0.4789,0.5211944038421383,False,True,cross_arch_same_kind
VGG16,Finetuned,VGG16 (Finetuned),BIM,RegNetX_400MF,Original,RegNetX_400MF (Original),Cifar10,0.6736,0.3264,0.4789,0.6815619127166423,False,False,cross_arch_cross_kind
VGG16,Finetuned,VGG16 (Finetuned),BIM,InceptionNet,Finetuned,InceptionNet (Finetuned),Cifar10,0.8394,0.16059999999999997,0.4789,0.3353518479849655,False,True,cross_arch_same_kind
VGG16,Finetuned,VGG16 (Finetuned),BIM,InceptionNet,Original,InceptionNet (Original),Cifar10,0.8269,0.17310000000000003,0.4789,0.3614533305491753,False,False,cross_arch_cross_kind
VGG16,Finetuned,VGG16 (Finetuned),BIM,MobileNet,Original,MobileNet (Original),Cifar10,0.7496,0.25039999999999996,0.4789,0.5228648987262475,False,False,cross_arch_cross_kind
VGG16,Finetuned,VGG16 (Finetuned),BIM,XceptionNet,Finetuned,XceptionNet (Finetuned),Cifar10,0.862,0.138,0.4789,0.2881603675088745,False,True,cross_arch_same_kind
VGG16,Finetuned,VGG16 (Finetuned),BIM,XceptionNet,Original,XceptionNet (Original),Cifar10,0.8497,0.1503,0.4789,0.3138442263520568,False,False,cross_arch_cross_kind
VGG16,Finetuned,VGG16 (Finetuned),BIM,ConvNeXt,Finetuned,ConvNeXt (Finetuned),Cifar10,0.0904,0.9096,0.4789,1.8993526832324075,False,True,cross_arch_same_kind
VGG16,Finetuned,VGG16 (Finetuned),BIM,ConvNeXt,Original,ConvNeXt (Original),Cifar10,0.7248,0.2752,0.4789,0.5746502401336396,False,False,cross_arch_cross_kind
VGG16,Finetuned,VGG16 (Finetuned),APGD,VGG16,Finetuned,VGG16 (Finetuned),Cifar10,0.0502,0.9498,0.9498,1.0,True,True,self_same_kind
VGG16,Finetuned,VGG16 (Finetuned),APGD,VGG16,Original,VGG16 (Original),Cifar10,0.4362,0.5638000000000001,0.9498,0.5935986523478628,True,False,same_arch_cross_kind
VGG16,Finetuned,VGG16 (Finetuned),APGD,RegNetX_400MF,Finetuned,RegNetX_400MF (Finetuned),Cifar10,0.3577,0.6423,0.9498,0.6762476310802275,False,True,cross_arch_same_kind
VGG16,Finetuned,VGG16 (Finetuned),APGD,RegNetX_400MF,Original,RegNetX_400MF (Original),Cifar10,0.3035,0.6965,0.9498,0.7333122762686882,False,False,cross_arch_cross_kind
VGG16,Finetuned,VGG16 (Finetuned),APGD,InceptionNet,Finetuned,InceptionNet (Finetuned),Cifar10,0.4722,0.5278,0.9498,0.5556959359865236,False,True,cross_arch_same_kind
VGG16,Finetuned,VGG16 (Finetuned),APGD,InceptionNet,Original,InceptionNet (Original),Cifar10,0.4745,0.5255000000000001,0.9498,0.5532743735523269,False,False,cross_arch_cross_kind
VGG16,Finetuned,VGG16 (Finetuned),APGD,MobileNet,Original,MobileNet (Original),Cifar10,0.363,0.637,0.9498,0.6706675089492525,False,False,cross_arch_cross_kind
VGG16,Finetuned,VGG16 (Finetuned),APGD,XceptionNet,Finetuned,XceptionNet (Finetuned),Cifar10,0.5137,0.48629999999999995,0.9498,0.5120025268477574,False,True,cross_arch_same_kind
VGG16,Finetuned,VGG16 (Finetuned),APGD,XceptionNet,Original,XceptionNet (Original),Cifar10,0.4912,0.5087999999999999,0.9498,0.5356917245735944,False,False,cross_arch_cross_kind
VGG16,Finetuned,VGG16 (Finetuned),APGD,ConvNeXt,Finetuned,ConvNeXt (Finetuned),Cifar10,0.1009,0.8991,0.9498,0.9466203411244473,False,True,cross_arch_same_kind
VGG16,Finetuned,VGG16 (Finetuned),APGD,ConvNeXt,Original,ConvNeXt (Original),Cifar10,0.3775,0.6225,0.9498,0.655401137081491,False,False,cross_arch_cross_kind
VGG16,Finetuned,VGG16 (Finetuned),CW,VGG16,Finetuned,VGG16 (Finetuned),Cifar10,0.012,0.988,0.988,1.0,True,True,self_same_kind
VGG16,Finetuned,VGG16 (Finetuned),CW,VGG16,Original,VGG16 (Original),Cifar10,0.5097,0.49029999999999996,0.988,0.4962550607287449,True,False,same_arch_cross_kind
VGG16,Finetuned,VGG16 (Finetuned),CW,RegNetX_400MF,Finetuned,RegNetX_400MF (Finetuned),Cifar10,0.349,0.651,0.988,0.6589068825910932,False,True,cross_arch_same_kind
VGG16,Finetuned,VGG16 (Finetuned),CW,RegNetX_400MF,Original,RegNetX_400MF (Original),Cifar10,0.2895,0.7105,0.988,0.7191295546558705,False,False,cross_arch_cross_kind
VGG16,Finetuned,VGG16 (Finetuned),CW,InceptionNet,Finetuned,InceptionNet (Finetuned),Cifar10,0.4725,0.5275000000000001,0.988,0.5339068825910932,False,True,cross_arch_same_kind
VGG16,Finetuned,VGG16 (Finetuned),CW,InceptionNet,Original,InceptionNet (Original),Cifar10,0.4718,0.5282,0.988,0.5346153846153846,False,False,cross_arch_cross_kind
VGG16,Finetuned,VGG16 (Finetuned),CW,MobileNet,Original,MobileNet (Original),Cifar10,0.3532,0.6468,0.988,0.6546558704453441,False,False,cross_arch_cross_kind
VGG16,Finetuned,VGG16 (Finetuned),CW,XceptionNet,Finetuned,XceptionNet (Finetuned),Cifar10,0.5157,0.48429999999999995,0.988,0.4901821862348178,False,True,cross_arch_same_kind
VGG16,Finetuned,VGG16 (Finetuned),CW,XceptionNet,Original,XceptionNet (Original),Cifar10,0.5001,0.4999,0.988,0.5059716599190284,False,False,cross_arch_cross_kind
VGG16,Finetuned,VGG16 (Finetuned),CW,ConvNeXt,Finetuned,ConvNeXt (Finetuned),Cifar10,0.0989,0.9011,0.988,0.9120445344129555,False,True,cross_arch_same_kind
VGG16,Finetuned,VGG16 (Finetuned),CW,ConvNeXt,Original,ConvNeXt (Original),Cifar10,0.3616,0.6384000000000001,0.988,0.6461538461538462,False,False,cross_arch_cross_kind
VGG16,Original,VGG16 (Original),PGD,VGG16,Finetuned,VGG16 (Finetuned),Cifar10,0.3894,0.6106,0.8178,0.7466373196380534,True,False,same_arch_cross_kind
VGG16,Original,VGG16 (Original),PGD,VGG16,Original,VGG16 (Original),Cifar10,0.1822,0.8178,0.8178,1.0,True,True,self_same_kind
VGG16,Original,VGG16 (Original),PGD,RegNetX_400MF,Finetuned,RegNetX_400MF (Finetuned),Cifar10,0.3367,0.6633,0.8178,0.8110785033015407,False,False,cross_arch_cross_kind
VGG16,Original,VGG16 (Original),PGD,RegNetX_400MF,Original,RegNetX_400MF (Original),Cifar10,0.2798,0.7202,0.8178,0.8806554169723648,False,True,cross_arch_same_kind
VGG16,Original,VGG16 (Original),PGD,InceptionNet,Finetuned,InceptionNet (Finetuned),Cifar10,0.4521,0.5479,0.8178,0.669968207385669,False,False,cross_arch_cross_kind
VGG16,Original,VGG16 (Original),PGD,InceptionNet,Original,InceptionNet (Original),Cifar10,0.4522,0.5478000000000001,0.8178,0.66984592809978,False,True,cross_arch_same_kind
VGG16,Original,VGG16 (Original),PGD,MobileNet,Original,MobileNet (Original),Cifar10,0.3429,0.6571,0.8178,0.8034971875764246,False,True,cross_arch_same_kind
VGG16,Original,VGG16 (Original),PGD,XceptionNet,Finetuned,XceptionNet (Finetuned),Cifar10,0.4868,0.5132,0.8178,0.6275372951821961,False,False,cross_arch_cross_kind
VGG16,Original,VGG16 (Original),PGD,XceptionNet,Original,XceptionNet (Original),Cifar10,0.4729,0.5271,0.8178,0.644534115920763,False,True,cross_arch_same_kind
VGG16,Original,VGG16 (Original),PGD,ConvNeXt,Finetuned,ConvNeXt (Finetuned),Cifar10,0.0993,0.9007000000000001,0.8178,1.1013695280019566,False,False,cross_arch_cross_kind
VGG16,Original,VGG16 (Original),PGD,ConvNeXt,Original,ConvNeXt (Original),Cifar10,0.3535,0.6465000000000001,0.8178,0.7905355832721939,False,True,cross_arch_same_kind
VGG16,Original,VGG16 (Original),FGSM,VGG16,Finetuned,VGG16 (Finetuned),Cifar10,0.4682,0.5318,0.5538000000000001,0.9602744673167208,True,False,same_arch_cross_kind
VGG16,Original,VGG16 (Original),FGSM,VGG16,Original,VGG16 (Original),Cifar10,0.4462,0.5538000000000001,0.5538000000000001,1.0,True,True,self_same_kind
VGG16,Original,VGG16 (Original),FGSM,RegNetX_400MF,Finetuned,RegNetX_400MF (Finetuned),Cifar10,0.3432,0.6568,0.5538000000000001,1.1859877211989887,False,False,cross_arch_cross_kind
VGG16,Original,VGG16 (Original),FGSM,RegNetX_400MF,Original,RegNetX_400MF (Original),Cifar10,0.2829,0.7171000000000001,0.5538000000000001,1.294871794871795,False,True,cross_arch_same_kind
VGG16,Original,VGG16 (Original),FGSM,InceptionNet,Finetuned,InceptionNet (Finetuned),Cifar10,0.4611,0.5388999999999999,0.5538000000000001,0.9730949801372334,False,False,cross_arch_cross_kind
VGG16,Original,VGG16 (Original),FGSM,InceptionNet,Original,InceptionNet (Original),Cifar10,0.4622,0.5378000000000001,0.5538000000000001,0.9711087035030697,False,True,cross_arch_same_kind
VGG16,Original,VGG16 (Original),FGSM,MobileNet,Original,MobileNet (Original),Cifar10,0.344,0.656,0.5538000000000001,1.1845431563741422,False,True,cross_arch_same_kind
VGG16,Original,VGG16 (Original),FGSM,XceptionNet,Finetuned,XceptionNet (Finetuned),Cifar10,0.5039,0.4961,0.5538000000000001,0.895810762007945,False,False,cross_arch_cross_kind
VGG16,Original,VGG16 (Original),FGSM,XceptionNet,Original,XceptionNet (Original),Cifar10,0.4868,0.5132,0.5538000000000001,0.9266883351390393,False,True,cross_arch_same_kind
VGG16,Original,VGG16 (Original),FGSM,ConvNeXt,Finetuned,ConvNeXt (Finetuned),Cifar10,0.0994,0.9006,0.5538000000000001,1.626218851570964,False,False,cross_arch_cross_kind
VGG16,Original,VGG16 (Original),FGSM,ConvNeXt,Original,ConvNeXt (Original),Cifar10,0.3559,0.6441,0.5538000000000001,1.1630552546045503,False,True,cross_arch_same_kind
VGG16,Original,VGG16 (Original),BIM,VGG16,Finetuned,VGG16 (Finetuned),Cifar10,0.827,0.17300000000000004,0.3481999999999999,0.49684089603676074,True,False,same_arch_cross_kind
VGG16,Original,VGG16 (Original),BIM,VGG16,Original,VGG16 (Original),Cifar10,0.6518,0.34819999999999995,0.3481999999999999,1.0000000000000002,True,True,self_same_kind
VGG16,Original,VGG16 (Original),BIM,RegNetX_400MF,Finetuned,RegNetX_400MF (Finetuned),Cifar10,0.7474,0.25260000000000005,0.3481999999999999,0.7254451464675478,False,False,cross_arch_cross_kind
VGG16,Original,VGG16 (Original),BIM,RegNetX_400MF,Original,RegNetX_400MF (Original),Cifar10,0.6736,0.3264,0.3481999999999999,0.9373923032739808,False,True,cross_arch_same_kind
VGG16,Original,VGG16 (Original),BIM,InceptionNet,Finetuned,InceptionNet (Finetuned),Cifar10,0.8347,0.1653,0.3481999999999999,0.474727168294084,False,False,cross_arch_cross_kind
VGG16,Original,VGG16 (Original),BIM,InceptionNet,Original,InceptionNet (Original),Cifar10,0.8228,0.17720000000000002,0.3481999999999999,0.5089029293509479,False,True,cross_arch_same_kind
VGG16,Original,VGG16 (Original),BIM,MobileNet,Original,MobileNet (Original),Cifar10,0.7483,0.25170000000000003,0.3481999999999999,0.722860425043079,False,True,cross_arch_same_kind
VGG16,Original,VGG16 (Original),BIM,XceptionNet,Finetuned,XceptionNet (Finetuned),Cifar10,0.8568,0.1432,0.3481999999999999,0.4112578977599082,False,False,cross_arch_cross_kind
VGG16,Original,VGG16 (Original),BIM,XceptionNet,Original,XceptionNet (Original),Cifar10,0.8417,0.1583,0.3481999999999999,0.45462377943710525,False,True,cross_arch_same_kind
VGG16,Original,VGG16 (Original),BIM,ConvNeXt,Finetuned,ConvNeXt (Finetuned),Cifar10,0.0905,0.9095,0.3481999999999999,2.612004595060311,False,False,cross_arch_cross_kind
VGG16,Original,VGG16 (Original),BIM,ConvNeXt,Original,ConvNeXt (Original),Cifar10,0.7241,0.27590000000000003,0.3481999999999999,0.7923607122343485,False,True,cross_arch_same_kind
VGG16,Original,VGG16 (Original),APGD,VGG16,Finetuned,VGG16 (Finetuned),Cifar10,0.3803,0.6196999999999999,0.8882,0.6977032199954964,True,False,same_arch_cross_kind
VGG16,Original,VGG16 (Original),APGD,VGG16,Original,VGG16 (Original),Cifar10,0.1118,0.8882,0.8882,1.0,True,True,self_same_kind
VGG16,Original,VGG16 (Original),APGD,RegNetX_400MF,Finetuned,RegNetX_400MF (Finetuned),Cifar10,0.3728,0.6272,0.8882,0.7061472641297005,False,False,cross_arch_cross_kind
VGG16,Original,VGG16 (Original),APGD,RegNetX_400MF,Original,RegNetX_400MF (Original),Cifar10,0.3195,0.6805,0.8882,0.7661562711101103,False,True,cross_arch_same_kind
VGG16,Original,VGG16 (Original),APGD,InceptionNet,Finetuned,InceptionNet (Finetuned),Cifar10,0.4685,0.5315,0.8882,0.5984012609772573,False,False,cross_arch_cross_kind
VGG16,Original,VGG16 (Original),APGD,InceptionNet,Original,InceptionNet (Original),Cifar10,0.4702,0.5298,0.8882,0.5964872776401712,False,True,cross_arch_same_kind
VGG16,Original,VGG16 (Original),APGD,MobileNet,Original,MobileNet (Original),Cifar10,0.3768,0.6232,0.8882,0.7016437739247917,False,True,cross_arch_same_kind
VGG16,Original,VGG16 (Original),APGD,XceptionNet,Finetuned,XceptionNet (Finetuned),Cifar10,0.5009,0.4991,0.8882,0.561922990317496,False,False,cross_arch_cross_kind
VGG16,Original,VGG16 (Original),APGD,XceptionNet,Original,XceptionNet (Original),Cifar10,0.4818,0.5182,0.8882,0.5834271560459356,False,True,cross_arch_same_kind
VGG16,Original,VGG16 (Original),APGD,ConvNeXt,Finetuned,ConvNeXt (Finetuned),Cifar10,0.1002,0.8998,0.8882,1.0130601215942356,False,False,cross_arch_cross_kind
VGG16,Original,VGG16 (Original),APGD,ConvNeXt,Original,ConvNeXt (Original),Cifar10,0.3928,0.6072,0.8882,0.6836298131051565,False,True,cross_arch_same_kind
VGG16,Original,VGG16 (Original),CW,VGG16,Finetuned,VGG16 (Finetuned),Cifar10,0.4661,0.5339,0.9992,0.5343274619695757,True,False,same_arch_cross_kind
VGG16,Original,VGG16 (Original),CW,VGG16,Original,VGG16 (Original),Cifar10,0.0008,0.9992,0.9992,1.0,True,True,self_same_kind
VGG16,Original,VGG16 (Original),CW,RegNetX_400MF,Finetuned,RegNetX_400MF (Finetuned),Cifar10,0.34,0.6599999999999999,0.9992,0.6605284227381905,False,False,cross_arch_cross_kind
VGG16,Original,VGG16 (Original),CW,RegNetX_400MF,Original,RegNetX_400MF (Original),Cifar10,0.2799,0.7201,0.9992,0.7206765412329864,False,True,cross_arch_same_kind
VGG16,Original,VGG16 (Original),CW,InceptionNet,Finetuned,InceptionNet (Finetuned),Cifar10,0.463,0.5369999999999999,0.9992,0.5374299439551641,False,False,cross_arch_cross_kind
VGG16,Original,VGG16 (Original),CW,InceptionNet,Original,InceptionNet (Original),Cifar10,0.462,0.538,0.9992,0.5384307445956766,False,True,cross_arch_same_kind
VGG16,Original,VGG16 (Original),CW,MobileNet,Original,MobileNet (Original),Cifar10,0.3442,0.6557999999999999,0.9992,0.6563250600480384,False,True,cross_arch_same_kind
VGG16,Original,VGG16 (Original),CW,XceptionNet,Finetuned,XceptionNet (Finetuned),Cifar10,0.5055,0.49450000000000005,0.9992,0.4948959167333868,False,False,cross_arch_cross_kind
VGG16,Original,VGG16 (Original),CW,XceptionNet,Original,XceptionNet (Original),Cifar10,0.4889,0.5111,0.9992,0.5115092073658927,False,True,cross_arch_same_kind
VGG16,Original,VGG16 (Original),CW,ConvNeXt,Finetuned,ConvNeXt (Finetuned),Cifar10,0.0988,0.9012,0.9992,0.9019215372297839,False,False,cross_arch_cross_kind
VGG16,Original,VGG16 (Original),CW,ConvNeXt,Original,ConvNeXt (Original),Cifar10,0.3556,0.6444,0.9992,0.644915932746197,False,True,cross_arch_same_kind
VGG16,Finetuned,VGG16 (Finetuned),PGD,VGG16,Finetuned,VGG16 (Finetuned),Cifar100,0.043,0.957,0.957,1.0,True,True,self_same_kind
VGG16,Finetuned,VGG16 (Finetuned),PGD,VGG16,Original,VGG16 (Original),Cifar100,0.1133,0.8867,0.957,0.926541274817137,True,False,same_arch_cross_kind
VGG16,Finetuned,VGG16 (Finetuned),PGD,RegNetX_400MF,Finetuned,RegNetX_400MF (Finetuned),Cifar100,0.0835,0.9165,0.957,0.9576802507836991,False,True,cross_arch_same_kind
VGG16,Finetuned,VGG16 (Finetuned),PGD,RegNetX_400MF,Original,RegNetX_400MF (Original),Cifar100,0.0635,0.9365,0.957,0.9785788923719959,False,False,cross_arch_cross_kind
VGG16,Finetuned,VGG16 (Finetuned),PGD,InceptionNet,Finetuned,InceptionNet (Finetuned),Cifar100,0.1745,0.8255,0.957,0.8625914315569488,False,True,cross_arch_same_kind
VGG16,Finetuned,VGG16 (Finetuned),PGD,InceptionNet,Original,InceptionNet (Original),Cifar100,0.1563,0.8437,0.957,0.8816091954022989,False,False,cross_arch_cross_kind
VGG16,Finetuned,VGG16 (Finetuned),PGD,MobileNet,Original,MobileNet (Original),Cifar100,0.1012,0.8988,0.957,0.9391849529780565,False,False,cross_arch_cross_kind
VGG16,Finetuned,VGG16 (Finetuned),PGD,XceptionNet,Finetuned,XceptionNet (Finetuned),Cifar100,0.1965,0.8035,0.957,0.8396029258098224,False,True,cross_arch_same_kind
VGG16,Finetuned,VGG16 (Finetuned),PGD,XceptionNet,Original,XceptionNet (Original),Cifar100,0.191,0.8089999999999999,0.957,0.845350052246604,False,False,cross_arch_cross_kind
VGG16,Finetuned,VGG16 (Finetuned),PGD,ConvNeXt,Finetuned,ConvNeXt (Finetuned),Cifar100,0.0109,0.9891,0.957,1.0335423197492164,False,True,cross_arch_same_kind
VGG16,Finetuned,VGG16 (Finetuned),PGD,ConvNeXt,Original,ConvNeXt (Original),Cifar100,0.1147,0.8853,0.957,0.9250783699059562,False,False,cross_arch_cross_kind
VGG16,Finetuned,VGG16 (Finetuned),FGSM,VGG16,Finetuned,VGG16 (Finetuned),Cifar100,0.1749,0.8251,0.8251,1.0,True,True,self_same_kind
VGG16,Finetuned,VGG16 (Finetuned),FGSM,VGG16,Original,VGG16 (Original),Cifar100,0.1305,0.8694999999999999,0.8251,1.053811659192825,True,False,same_arch_cross_kind
VGG16,Finetuned,VGG16 (Finetuned),FGSM,RegNetX_400MF,Finetuned,RegNetX_400MF (Finetuned),Cifar100,0.0832,0.9168000000000001,0.8251,1.11113804387347,False,True,cross_arch_same_kind
VGG16,Finetuned,VGG16 (Finetuned),FGSM,RegNetX_400MF,Original,RegNetX_400MF (Original),Cifar100,0.0634,0.9366,0.8251,1.135135135135135,False,False,cross_arch_cross_kind
VGG16,Finetuned,VGG16 (Finetuned),FGSM,InceptionNet,Finetuned,InceptionNet (Finetuned),Cifar100,0.1761,0.8239,0.8251,0.9985456308326264,False,True,cross_arch_same_kind
VGG16,Finetuned,VGG16 (Finetuned),FGSM,InceptionNet,Original,InceptionNet (Original),Cifar100,0.1581,0.8419,0.8251,1.0203611683432312,False,False,cross_arch_cross_kind
VGG16,Finetuned,VGG16 (Finetuned),FGSM,MobileNet,Original,MobileNet (Original),Cifar100,0.1003,0.8996999999999999,0.8251,1.0904132832383953,False,False,cross_arch_cross_kind
VGG16,Finetuned,VGG16 (Finetuned),FGSM,XceptionNet,Finetuned,XceptionNet (Finetuned),Cifar100,0.1998,0.8002,0.8251,0.9698218397769969,False,True,cross_arch_same_kind
VGG16,Finetuned,VGG16 (Finetuned),FGSM,XceptionNet,Original,XceptionNet (Original),Cifar100,0.1922,0.8078,0.8251,0.9790328445036965,False,False,cross_arch_cross_kind
VGG16,Finetuned,VGG16 (Finetuned),FGSM,ConvNeXt,Finetuned,ConvNeXt (Finetuned),Cifar100,0.0111,0.9889,0.8251,1.1985213913465036,False,True,cross_arch_same_kind
VGG16,Finetuned,VGG16 (Finetuned),FGSM,ConvNeXt,Original,ConvNeXt (Original),Cifar100,0.1146,0.8854,0.8251,1.073082050660526,False,False,cross_arch_cross_kind
VGG16,Finetuned,VGG16 (Finetuned),BIM,VGG16,Finetuned,VGG16 (Finetuned),Cifar100,0.2729,0.7271000000000001,0.7272000000000001,0.9998624862486248,True,True,self_same_kind
VGG16,Finetuned,VGG16 (Finetuned),BIM,VGG16,Original,VGG16 (Original),Cifar100,0.4487,0.5513,0.7272000000000001,0.758113311331133,True,False,same_arch_cross_kind
VGG16,Finetuned,VGG16 (Finetuned),BIM,RegNetX_400MF,Finetuned,RegNetX_400MF (Finetuned),Cifar100,0.3415,0.6585,0.7272000000000001,0.9055280528052804,False,True,cross_arch_same_kind
VGG16,Finetuned,VGG16 (Finetuned),BIM,RegNetX_400MF,Original,RegNetX_400MF (Original),Cifar100,0.2882,0.7118,0.7272000000000001,0.9788228822882287,False,False,cross_arch_cross_kind
VGG16,Finetuned,VGG16 (Finetuned),BIM,InceptionNet,Finetuned,InceptionNet (Finetuned),Cifar100,0.5298,0.47019999999999995,0.7272000000000001,0.6465896589658965,False,True,cross_arch_same_kind
VGG16,Finetuned,VGG16 (Finetuned),BIM,InceptionNet,Original,InceptionNet (Original),Cifar100,0.5012,0.4988,0.7272000000000001,0.6859185918591859,False,False,cross_arch_cross_kind
VGG16,Finetuned,VGG16 (Finetuned),BIM,MobileNet,Original,MobileNet (Original),Cifar100,0.3623,0.6376999999999999,0.7272000000000001,0.8769251925192517,False,False,cross_arch_cross_kind
VGG16,Finetuned,VGG16 (Finetuned),BIM,XceptionNet,Finetuned,XceptionNet (Finetuned),Cifar100,0.5512,0.4488,0.7272000000000001,0.6171617161716171,False,True,cross_arch_same_kind
VGG16,Finetuned,VGG16 (Finetuned),BIM,XceptionNet,Original,XceptionNet (Original),Cifar100,0.5407,0.45930000000000004,0.7272000000000001,0.6316006600660066,False,False,cross_arch_cross_kind
VGG16,Finetuned,VGG16 (Finetuned),BIM,ConvNeXt,Finetuned,ConvNeXt (Finetuned),Cifar100,0.0106,0.9894,0.7272000000000001,1.3605610561056103,False,True,cross_arch_same_kind
VGG16,Finetuned,VGG16 (Finetuned),BIM,ConvNeXt,Original,ConvNeXt (Original),Cifar100,0.3636,0.6364000000000001,0.7272000000000001,0.8751375137513752,False,False,cross_arch_cross_kind
VGG16,Finetuned,VGG16 (Finetuned),APGD,VGG16,Finetuned,VGG16 (Finetuned),Cifar100,0.0238,0.9762,0.9763,0.9998975724674792,True,True,self_same_kind
VGG16,Finetuned,VGG16 (Finetuned),APGD,VGG16,Original,VGG16 (Original),Cifar100,0.1541,0.8459,0.9763,0.866434497592953,True,False,same_arch_cross_kind
VGG16,Finetuned,VGG16 (Finetuned),APGD,RegNetX_400MF,Finetuned,RegNetX_400MF (Finetuned),Cifar100,0.121,0.879,0.9763,0.9003380108573185,False,True,cross_arch_same_kind
VGG16,Finetuned,VGG16 (Finetuned),APGD,RegNetX_400MF,Original,RegNetX_400MF (Original),Cifar100,0.1036,0.8964,0.9763,0.9181604015159275,False,False,cross_arch_cross_kind
VGG16,Finetuned,VGG16 (Finetuned),APGD,InceptionNet,Finetuned,InceptionNet (Finetuned),Cifar100,0.2228,0.7772,0.9763,0.7960667827512036,False,True,cross_arch_same_kind
VGG16,Finetuned,VGG16 (Finetuned),APGD,InceptionNet,Original,InceptionNet (Original),Cifar100,0.2013,0.7987,0.9763,0.818088702243163,False,False,cross_arch_cross_kind
VGG16,Finetuned,VGG16 (Finetuned),APGD,MobileNet,Original,MobileNet (Original),Cifar100,0.1396,0.8604,0.9763,0.8812864898084606,False,False,cross_arch_cross_kind
VGG16,Finetuned,VGG16 (Finetuned),APGD,XceptionNet,Finetuned,XceptionNet (Finetuned),Cifar100,0.2478,0.7522,0.9763,0.7704598996210181,False,True,cross_arch_same_kind
VGG16,Finetuned,VGG16 (Finetuned),APGD,XceptionNet,Original,XceptionNet (Original),Cifar100,0.238,0.762,0.9763,0.7804977978080508,False,False,cross_arch_cross_kind
VGG16,Finetuned,VGG16 (Finetuned),APGD,ConvNeXt,Finetuned,ConvNeXt (Finetuned),Cifar100,0.0103,0.9897,0.9763,1.0137252893577795,False,True,cross_arch_same_kind
VGG16,Finetuned,VGG16 (Finetuned),APGD,ConvNeXt,Original,ConvNeXt (Original),Cifar100,0.1542,0.8458,0.9763,0.8663320700604323,False,False,cross_arch_cross_kind
VGG16,Finetuned,VGG16 (Finetuned),CW,VGG16,Finetuned,VGG16 (Finetuned),Cifar100,0.002,0.998,0.998,1.0,True,True,self_same_kind
VGG16,Finetuned,VGG16 (Finetuned),CW,VGG16,Original,VGG16 (Original),Cifar100,0.1345,0.8654999999999999,0.998,0.8672344689378757,True,False,same_arch_cross_kind
VGG16,Finetuned,VGG16 (Finetuned),CW,RegNetX_400MF,Finetuned,RegNetX_400MF (Finetuned),Cifar100,0.0868,0.9132,0.998,0.9150300601202405,False,True,cross_arch_same_kind
VGG16,Finetuned,VGG16 (Finetuned),CW,RegNetX_400MF,Original,RegNetX_400MF (Original),Cifar100,0.0655,0.9345,0.998,0.9363727454909819,False,False,cross_arch_cross_kind
VGG16,Finetuned,VGG16 (Finetuned),CW,InceptionNet,Finetuned,InceptionNet (Finetuned),Cifar100,0.1793,0.8207,0.998,0.8223446893787575,False,True,cross_arch_same_kind
VGG16,Finetuned,VGG16 (Finetuned),CW,InceptionNet,Original,InceptionNet (Original),Cifar100,0.1607,0.8392999999999999,0.998,0.8409819639278556,False,False,cross_arch_cross_kind
VGG16,Finetuned,VGG16 (Finetuned),CW,MobileNet,Original,MobileNet (Original),Cifar100,0.1039,0.8961,0.998,0.8978957915831663,False,False,cross_arch_cross_kind
VGG16,Finetuned,VGG16 (Finetuned),CW,XceptionNet,Finetuned,XceptionNet (Finetuned),Cifar100,0.2025,0.7975,0.998,0.7990981963927856,False,True,cross_arch_same_kind
VGG16,Finetuned,VGG16 (Finetuned),CW,XceptionNet,Original,XceptionNet (Original),Cifar100,0.1988,0.8012,0.998,0.8028056112224449,False,False,cross_arch_cross_kind
VGG16,Finetuned,VGG16 (Finetuned),CW,ConvNeXt,Finetuned,ConvNeXt (Finetuned),Cifar100,0.011,0.989,0.998,0.9909819639278558,False,True,cross_arch_same_kind
VGG16,Finetuned,VGG16 (Finetuned),CW,ConvNeXt,Original,ConvNeXt (Original),Cifar100,0.1157,0.8843,0.998,0.8860721442885772,False,False,cross_arch_cross_kind
VGG16,Finetuned,VGG16 (Finetuned),DeepFool,VGG16,Finetuned,VGG16 (Finetuned),Cifar100,0.0996,0.9004,,,True,True,self_same_kind
VGG16,Finetuned,VGG16 (Finetuned),DeepFool,VGG16,Original,VGG16 (Original),Cifar100,0.1724,0.8276,,,True,False,same_arch_cross_kind
VGG16,Finetuned,VGG16 (Finetuned),DeepFool,RegNetX_400MF,Finetuned,RegNetX_400MF (Finetuned),Cifar100,0.114,0.886,,,False,True,cross_arch_same_kind
VGG16,Finetuned,VGG16 (Finetuned),DeepFool,RegNetX_400MF,Original,RegNetX_400MF (Original),Cifar100,0.0948,0.9052,,,False,False,cross_arch_cross_kind
VGG16,Finetuned,VGG16 (Finetuned),DeepFool,InceptionNet,Finetuned,InceptionNet (Finetuned),Cifar100,0.2226,0.7774,,,False,True,cross_arch_same_kind
VGG16,Finetuned,VGG16 (Finetuned),DeepFool,InceptionNet,Original,InceptionNet (Original),Cifar100,0.2009,0.7991,,,False,False,cross_arch_cross_kind
VGG16,Finetuned,VGG16 (Finetuned),DeepFool,MobileNet,Original,MobileNet (Original),Cifar100,0.1353,0.8647,,,False,False,cross_arch_cross_kind
VGG16,Finetuned,VGG16 (Finetuned),DeepFool,XceptionNet,Finetuned,XceptionNet (Finetuned),Cifar100,0.2516,0.7484,,,False,True,cross_arch_same_kind
VGG16,Finetuned,VGG16 (Finetuned),DeepFool,XceptionNet,Original,XceptionNet (Original),Cifar100,0.2434,0.7565999999999999,,,False,False,cross_arch_cross_kind
VGG16,Finetuned,VGG16 (Finetuned),DeepFool,ConvNeXt,Finetuned,ConvNeXt (Finetuned),Cifar100,0.0106,0.9894,,,False,True,cross_arch_same_kind
VGG16,Finetuned,VGG16 (Finetuned),DeepFool,ConvNeXt,Original,ConvNeXt (Original),Cifar100,0.148,0.852,,,False,False,cross_arch_cross_kind
VGG16,Original,VGG16 (Original),PGD,VGG16,Finetuned,VGG16 (Finetuned),Cifar100,0.1768,0.8231999999999999,0.9701,0.8485723121327697,True,False,same_arch_cross_kind
VGG16,Original,VGG16 (Original),PGD,VGG16,Original,VGG16 (Original),Cifar100,0.0299,0.9701,0.9701,1.0,True,True,self_same_kind
VGG16,Original,VGG16 (Original),PGD,RegNetX_400MF,Finetuned,RegNetX_400MF (Finetuned),Cifar100,0.0844,0.9156,0.9701,0.9438202247191011,False,False,cross_arch_cross_kind
VGG16,Original,VGG16 (Original),PGD,RegNetX_400MF,Original,RegNetX_400MF (Original),Cifar100,0.0637,0.9363,0.9701,0.9651582311101948,False,True,cross_arch_same_kind
VGG16,Original,VGG16 (Original),PGD,InceptionNet,Finetuned,InceptionNet (Finetuned),Cifar100,0.1731,0.8269,0.9701,0.8523863519224822,False,False,cross_arch_cross_kind
VGG16,Original,VGG16 (Original),PGD,InceptionNet,Original,InceptionNet (Original),Cifar100,0.1557,0.8443,0.9701,0.8703226471497785,False,True,cross_arch_same_kind
VGG16,Original,VGG16 (Original),PGD,MobileNet,Original,MobileNet (Original),Cifar100,0.1012,0.8988,0.9701,0.9265024224306774,False,True,cross_arch_same_kind
VGG16,Original,VGG16 (Original),PGD,XceptionNet,Finetuned,XceptionNet (Finetuned),Cifar100,0.1962,0.8038,0.9701,0.8285743737758994,False,False,cross_arch_cross_kind
VGG16,Original,VGG16 (Original),PGD,XceptionNet,Original,XceptionNet (Original),Cifar100,0.19,0.81,0.9701,0.8349654674775797,False,True,cross_arch_same_kind
VGG16,Original,VGG16 (Original),PGD,ConvNeXt,Finetuned,ConvNeXt (Finetuned),Cifar100,0.0109,0.9891,0.9701,1.0195856097309557,False,False,cross_arch_cross_kind
VGG16,Original,VGG16 (Original),PGD,ConvNeXt,Original,ConvNeXt (Original),Cifar100,0.1152,0.8848,0.9701,0.9120709205236575,False,True,cross_arch_same_kind
VGG16,Original,VGG16 (Original),FGSM,VGG16,Finetuned,VGG16 (Finetuned),Cifar100,0.184,0.8160000000000001,0.8972,0.9094962104324567,True,False,same_arch_cross_kind
VGG16,Original,VGG16 (Original),FGSM,VGG16,Original,VGG16 (Original),Cifar100,0.1028,0.8972,0.8972,1.0,True,True,self_same_kind
VGG16,Original,VGG16 (Original),FGSM,RegNetX_400MF,Finetuned,RegNetX_400MF (Finetuned),Cifar100,0.0823,0.9177,0.8972,1.022848863129737,False,False,cross_arch_cross_kind
VGG16,Original,VGG16 (Original),FGSM,RegNetX_400MF,Original,RegNetX_400MF (Original),Cifar100,0.0637,0.9363,0.8972,1.0435800267498885,False,True,cross_arch_same_kind
VGG16,Original,VGG16 (Original),FGSM,InceptionNet,Finetuned,InceptionNet (Finetuned),Cifar100,0.1729,0.8271,0.8972,0.921868033883192,False,False,cross_arch_cross_kind
VGG16,Original,VGG16 (Original),FGSM,InceptionNet,Original,InceptionNet (Original),Cifar100,0.1548,0.8452,0.8972,0.9420419081587159,False,True,cross_arch_same_kind
VGG16,Original,VGG16 (Original),FGSM,MobileNet,Original,MobileNet (Original),Cifar100,0.0997,0.9003,0.8972,1.003455193936692,False,True,cross_arch_same_kind
VGG16,Original,VGG16 (Original),FGSM,XceptionNet,Finetuned,XceptionNet (Finetuned),Cifar100,0.196,0.804,0.8972,0.8961212661613911,False,False,cross_arch_cross_kind
VGG16,Original,VGG16 (Original),FGSM,XceptionNet,Original,XceptionNet (Original),Cifar100,0.1904,0.8096,0.8972,0.9023629068212216,False,True,cross_arch_same_kind
VGG16,Original,VGG16 (Original),FGSM,ConvNeXt,Finetuned,ConvNeXt (Finetuned),Cifar100,0.0111,0.9889,0.8972,1.1022068658047257,False,False,cross_arch_cross_kind
VGG16,Original,VGG16 (Original),FGSM,ConvNeXt,Original,ConvNeXt (Original),Cifar100,0.1143,0.8857,0.8972,0.9871823450735623,False,True,cross_arch_same_kind
VGG16,Original,VGG16 (Original),BIM,VGG16,Finetuned,VGG16 (Finetuned),Cifar100,0.5725,0.4275,0.7956,0.5373303167420814,True,False,same_arch_cross_kind
VGG16,Original,VGG16 (Original),BIM,VGG16,Original,VGG16 (Original),Cifar100,0.2045,0.7955,0.7956,0.9998743086978381,True,True,self_same_kind
VGG16,Original,VGG16 (Original),BIM,RegNetX_400MF,Finetuned,RegNetX_400MF (Finetuned),Cifar100,0.3418,0.6582,0.7956,0.8273001508295627,False,False,cross_arch_cross_kind
VGG16,Original,VGG16 (Original),BIM,RegNetX_400MF,Original,RegNetX_400MF (Original),Cifar100,0.2869,0.7131000000000001,0.7956,0.8963046757164406,False,True,cross_arch_same_kind
VGG16,Original,VGG16 (Original),BIM,InceptionNet,Finetuned,InceptionNet (Finetuned),Cifar100,0.5289,0.47109999999999996,0.7956,0.5921317244846657,False,False,cross_arch_cross_kind
VGG16,Original,VGG16 (Original),BIM,InceptionNet,Original,InceptionNet (Original),Cifar100,0.4997,0.5003,0.7956,0.6288335847159376,False,True,cross_arch_same_kind
VGG16,Original,VGG16 (Original),BIM,MobileNet,Original,MobileNet (Original),Cifar100,0.3613,0.6387,0.7956,0.802790346907994,False,True,cross_arch_same_kind
VGG16,Original,VGG16 (Original),BIM,XceptionNet,Finetuned,XceptionNet (Finetuned),Cifar100,0.551,0.44899999999999995,0.7956,0.5643539467068879,False,False,cross_arch_cross_kind
VGG16,Original,VGG16 (Original),BIM,XceptionNet,Original,XceptionNet (Original),Cifar100,0.5394,0.4606,0.7956,0.5789341377576672,False,True,cross_arch_same_kind
VGG16,Original,VGG16 (Original),BIM,ConvNeXt,Finetuned,ConvNeXt (Finetuned),Cifar100,0.0108,0.9892,0.7956,1.2433383609854198,False,False,cross_arch_cross_kind
VGG16,Original,VGG16 (Original),BIM,ConvNeXt,Original,ConvNeXt (Original),Cifar100,0.3629,0.6371,0.7956,0.8007792860734038,False,True,cross_arch_same_kind
VGG16,Original,VGG16 (Original),APGD,VGG16,Finetuned,VGG16 (Finetuned),Cifar100,0.3163,0.6837,0.9834,0.6952410006101281,True,False,same_arch_cross_kind
VGG16,Original,VGG16 (Original),APGD,VGG16,Original,VGG16 (Original),Cifar100,0.0167,0.9833,0.9834,0.9998983119788488,True,True,self_same_kind
VGG16,Original,VGG16 (Original),APGD,RegNetX_400MF,Finetuned,RegNetX_400MF (Finetuned),Cifar100,0.1521,0.8479,0.9834,0.862212731340248,False,False,cross_arch_cross_kind
VGG16,Original,VGG16 (Original),APGD,RegNetX_400MF,Original,RegNetX_400MF (Original),Cifar100,0.1288,0.8712,0.9834,0.8859060402684563,False,True,cross_arch_same_kind
VGG16,Original,VGG16 (Original),APGD,InceptionNet,Finetuned,InceptionNet (Finetuned),Cifar100,0.2792,0.7208,0.9834,0.7329672564571893,False,False,cross_arch_cross_kind
VGG16,Original,VGG16 (Original),APGD,InceptionNet,Original,InceptionNet (Original),Cifar100,0.2482,0.7518,0.9834,0.764490543014033,False,True,cross_arch_same_kind
VGG16,Original,VGG16 (Original),APGD,MobileNet,Original,MobileNet (Original),Cifar100,0.1702,0.8298,0.9834,0.8438071995118974,False,True,cross_arch_same_kind
VGG16,Original,VGG16 (Original),APGD,XceptionNet,Finetuned,XceptionNet (Finetuned),Cifar100,0.3078,0.6921999999999999,0.9834,0.7038844824079722,False,False,cross_arch_cross_kind
VGG16,Original,VGG16 (Original),APGD,XceptionNet,Original,XceptionNet (Original),Cifar100,0.3007,0.6993,0.9834,0.711104331909701,False,True,cross_arch_same_kind
VGG16,Original,VGG16 (Original),APGD,ConvNeXt,Finetuned,ConvNeXt (Finetuned),Cifar100,0.0111,0.9889,0.9834,1.0055928411633108,False,False,cross_arch_cross_kind
VGG16,Original,VGG16 (Original),APGD,ConvNeXt,Original,ConvNeXt (Original),Cifar100,0.183,0.817,0.9834,0.8307911328045555,False,True,cross_arch_same_kind
VGG16,Original,VGG16 (Original),CW,VGG16,Finetuned,VGG16 (Finetuned),Cifar100,0.2209,0.7791,0.9996,0.7794117647058824,True,False,same_arch_cross_kind
VGG16,Original,VGG16 (Original),CW,VGG16,Original,VGG16 (Original),Cifar100,0.0004,0.9996,0.9996,1.0,True,True,self_same_kind
VGG16,Original,VGG16 (Original),CW,RegNetX_400MF,Finetuned,RegNetX_400MF (Finetuned),Cifar100,0.0862,0.9138,0.9996,0.9141656662665065,False,False,cross_arch_cross_kind
VGG16,Original,VGG16 (Original),CW,RegNetX_400MF,Original,RegNetX_400MF (Original),Cifar100,0.0653,0.9347,0.9996,0.9350740296118447,False,True,cross_arch_same_kind
VGG16,Original,VGG16 (Original),CW,InceptionNet,Finetuned,InceptionNet (Finetuned),Cifar100,0.179,0.821,0.9996,0.8213285314125649,False,False,cross_arch_cross_kind
VGG16,Original,VGG16 (Original),CW,InceptionNet,Original,InceptionNet (Original),Cifar100,0.1606,0.8394,0.9996,0.8397358943577431,False,True,cross_arch_same_kind
VGG16,Original,VGG16 (Original),CW,MobileNet,Original,MobileNet (Original),Cifar100,0.104,0.896,0.9996,0.8963585434173669,False,True,cross_arch_same_kind
VGG16,Original,VGG16 (Original),CW,XceptionNet,Finetuned,XceptionNet (Finetuned),Cifar100,0.2023,0.7977,0.9996,0.7980192076830731,False,False,cross_arch_cross_kind
VGG16,Original,VGG16 (Original),CW,XceptionNet,Original,XceptionNet (Original),Cifar100,0.1978,0.8022,0.9996,0.8025210084033614,False,True,cross_arch_same_kind
VGG16,Original,VGG16 (Original),CW,ConvNeXt,Finetuned,ConvNeXt (Finetuned),Cifar100,0.011,0.989,0.9996,0.9893957583033213,False,False,cross_arch_cross_kind
VGG16,Original,VGG16 (Original),CW,ConvNeXt,Original,ConvNeXt (Original),Cifar100,0.115,0.885,0.9996,0.8853541416566626,False,True,cross_arch_same_kind
RegNetX_400MF,Finetuned,RegNetX_400MF (Finetuned),PGD,VGG16,Finetuned,VGG16 (Finetuned),Cifar10,0.4929,0.5071,0.8505,0.5962375073486185,False,True,cross_arch_same_kind
RegNetX_400MF,Finetuned,RegNetX_400MF (Finetuned),PGD,VGG16,Original,VGG16 (Original),Cifar10,0.5047,0.49529999999999996,0.8505,0.582363315696649,False,False,cross_arch_cross_kind
RegNetX_400MF,Finetuned,RegNetX_400MF (Finetuned),PGD,RegNetX_400MF,Finetuned,RegNetX_400MF (Finetuned),Cifar10,0.1495,0.8505,0.8505,1.0,True,True,self_same_kind
RegNetX_400MF,Finetuned,RegNetX_400MF (Finetuned),PGD,RegNetX_400MF,Original,RegNetX_400MF (Original),Cifar10,0.2408,0.7592,0.8505,0.8926513815402704,True,False,same_arch_cross_kind
RegNetX_400MF,Finetuned,RegNetX_400MF (Finetuned),PGD,InceptionNet,Finetuned,InceptionNet (Finetuned),Cifar10,0.4545,0.5455,0.8505,0.6413874191651969,False,True,cross_arch_same_kind
RegNetX_400MF,Finetuned,RegNetX_400MF (Finetuned),PGD,InceptionNet,Original,InceptionNet (Original),Cifar10,0.4537,0.5463,0.8505,0.6423280423280423,False,False,cross_arch_cross_kind
RegNetX_400MF,Finetuned,RegNetX_400MF (Finetuned),PGD,MobileNet,Original,MobileNet (Original),Cifar10,0.3199,0.6800999999999999,0.8505,0.7996472663139329,False,False,cross_arch_cross_kind
RegNetX_400MF,Finetuned,RegNetX_400MF (Finetuned),PGD,XceptionNet,Finetuned,XceptionNet (Finetuned),Cifar10,0.492,0.508,0.8505,0.5972957084068194,False,True,cross_arch_same_kind
RegNetX_400MF,Finetuned,RegNetX_400MF (Finetuned),PGD,XceptionNet,Original,XceptionNet (Original),Cifar10,0.4701,0.5299,0.8505,0.623045267489712,False,False,cross_arch_cross_kind
RegNetX_400MF,Finetuned,RegNetX_400MF (Finetuned),PGD,ConvNeXt,Finetuned,ConvNeXt (Finetuned),Cifar10,0.0986,0.9014,0.8505,1.0598471487360375,False,True,cross_arch_same_kind
RegNetX_400MF,Finetuned,RegNetX_400MF (Finetuned),PGD,ConvNeXt,Original,ConvNeXt (Original),Cifar10,0.3465,0.6535,0.8505,0.7683715461493239,False,False,cross_arch_cross_kind
RegNetX_400MF,Finetuned,RegNetX_400MF (Finetuned),FGSM,VGG16,Finetuned,VGG16 (Finetuned),Cifar10,0.4889,0.5111,0.6942999999999999,0.7361371165202363,False,True,cross_arch_same_kind
RegNetX_400MF,Finetuned,RegNetX_400MF (Finetuned),FGSM,VGG16,Original,VGG16 (Original),Cifar10,0.503,0.497,0.6942999999999999,0.7158288924096213,False,False,cross_arch_cross_kind
RegNetX_400MF,Finetuned,RegNetX_400MF (Finetuned),FGSM,RegNetX_400MF,Finetuned,RegNetX_400MF (Finetuned),Cifar10,0.3057,0.6942999999999999,0.6942999999999999,1.0,True,True,self_same_kind
RegNetX_400MF,Finetuned,RegNetX_400MF (Finetuned),FGSM,RegNetX_400MF,Original,RegNetX_400MF (Original),Cifar10,0.2632,0.7368,0.6942999999999999,1.0612127322483078,True,False,same_arch_cross_kind
RegNetX_400MF,Finetuned,RegNetX_400MF (Finetuned),FGSM,InceptionNet,Finetuned,InceptionNet (Finetuned),Cifar10,0.4567,0.5433,0.6942999999999999,0.7825147630707188,False,True,cross_arch_same_kind
RegNetX_400MF,Finetuned,RegNetX_400MF (Finetuned),FGSM,InceptionNet,Original,InceptionNet (Original),Cifar10,0.455,0.5449999999999999,0.6942999999999999,0.784963272360651,False,False,cross_arch_cross_kind
RegNetX_400MF,Finetuned,RegNetX_400MF (Finetuned),FGSM,MobileNet,Original,MobileNet (Original),Cifar10,0.3332,0.6668000000000001,0.6942999999999999,0.9603917614863894,False,False,cross_arch_cross_kind
RegNetX_400MF,Finetuned,RegNetX_400MF (Finetuned),FGSM,XceptionNet,Finetuned,XceptionNet (Finetuned),Cifar10,0.4942,0.5058,0.6942999999999999,0.7285035287339768,False,True,cross_arch_same_kind
RegNetX_400MF,Finetuned,RegNetX_400MF (Finetuned),FGSM,XceptionNet,Original,XceptionNet (Original),Cifar10,0.4747,0.5253,0.6942999999999999,0.7565893705890826,False,False,cross_arch_cross_kind
RegNetX_400MF,Finetuned,RegNetX_400MF (Finetuned),FGSM,ConvNeXt,Finetuned,ConvNeXt (Finetuned),Cifar10,0.0992,0.9008,0.6942999999999999,1.2974218637476598,False,True,cross_arch_same_kind
RegNetX_400MF,Finetuned,RegNetX_400MF (Finetuned),FGSM,ConvNeXt,Original,ConvNeXt (Original),Cifar10,0.349,0.651,0.6942999999999999,0.937635028085842,False,False,cross_arch_cross_kind
RegNetX_400MF,Finetuned,RegNetX_400MF (Finetuned),BIM,VGG16,Finetuned,VGG16 (Finetuned),Cifar10,0.8897,0.11029999999999995,0.4608,0.23936631944444434,False,True,cross_arch_same_kind
RegNetX_400MF,Finetuned,RegNetX_400MF (Finetuned),BIM,VGG16,Original,VGG16 (Original),Cifar10,0.8911,0.1089,0.4608,0.236328125,False,False,cross_arch_cross_kind
RegNetX_400MF,Finetuned,RegNetX_400MF (Finetuned),BIM,RegNetX_400MF,Finetuned,RegNetX_400MF (Finetuned),Cifar10,0.5392,0.4608,0.4608,1.0,True,True,self_same_kind
RegNetX_400MF,Finetuned,RegNetX_400MF (Finetuned),BIM,RegNetX_400MF,Original,RegNetX_400MF (Original),Cifar10,0.6364,0.36360000000000003,0.4608,0.7890625000000001,True,False,same_arch_cross_kind
RegNetX_400MF,Finetuned,RegNetX_400MF (Finetuned),BIM,InceptionNet,Finetuned,InceptionNet (Finetuned),Cifar10,0.8363,0.16369999999999996,0.4608,0.35525173611111105,False,True,cross_arch_same_kind
RegNetX_400MF,Finetuned,RegNetX_400MF (Finetuned),BIM,InceptionNet,Original,InceptionNet (Original),Cifar10,0.8239,0.17610000000000003,0.4608,0.3821614583333334,False,False,cross_arch_cross_kind
RegNetX_400MF,Finetuned,RegNetX_400MF (Finetuned),BIM,MobileNet,Original,MobileNet (Original),Cifar10,0.7326,0.26739999999999997,0.4608,0.5802951388888888,False,False,cross_arch_cross_kind
RegNetX_400MF,Finetuned,RegNetX_400MF (Finetuned),BIM,XceptionNet,Finetuned,XceptionNet (Finetuned),Cifar10,0.8584,0.14159999999999995,0.4608,0.3072916666666666,False,True,cross_arch_same_kind
RegNetX_400MF,Finetuned,RegNetX_400MF (Finetuned),BIM,XceptionNet,Original,XceptionNet (Original),Cifar10,0.8412,0.15880000000000005,0.4608,0.3446180555555557,False,False,cross_arch_cross_kind
RegNetX_400MF,Finetuned,RegNetX_400MF (Finetuned),BIM,ConvNeXt,Finetuned,ConvNeXt (Finetuned),Cifar10,0.0915,0.9085,0.4608,1.9715711805555556,False,True,cross_arch_same_kind
RegNetX_400MF,Finetuned,RegNetX_400MF (Finetuned),BIM,ConvNeXt,Original,ConvNeXt (Original),Cifar10,0.7173,0.28269999999999995,0.4608,0.6134982638888888,False,False,cross_arch_cross_kind
RegNetX_400MF,Finetuned,RegNetX_400MF (Finetuned),APGD,VGG16,Finetuned,VGG16 (Finetuned),Cifar10,0.5788,0.4212,0.9101,0.4628062850236238,False,True,cross_arch_same_kind
RegNetX_400MF,Finetuned,RegNetX_400MF (Finetuned),APGD,VGG16,Original,VGG16 (Original),Cifar10,0.5957,0.4043,0.9101,0.4442368970442808,False,False,cross_arch_cross_kind
RegNetX_400MF,Finetuned,RegNetX_400MF (Finetuned),APGD,RegNetX_400MF,Finetuned,RegNetX_400MF (Finetuned),Cifar10,0.0899,0.9101,0.9101,1.0,True,True,self_same_kind
RegNetX_400MF,Finetuned,RegNetX_400MF (Finetuned),APGD,RegNetX_400MF,Original,RegNetX_400MF (Original),Cifar10,0.2622,0.7378,0.9101,0.8106801450390066,True,False,same_arch_cross_kind
RegNetX_400MF,Finetuned,RegNetX_400MF (Finetuned),APGD,InceptionNet,Finetuned,InceptionNet (Finetuned),Cifar10,0.5131,0.4869,0.9101,0.5349961542687617,False,True,cross_arch_same_kind
RegNetX_400MF,Finetuned,RegNetX_400MF (Finetuned),APGD,InceptionNet,Original,InceptionNet (Original),Cifar10,0.509,0.491,0.9101,0.5395011537193715,False,False,cross_arch_cross_kind
RegNetX_400MF,Finetuned,RegNetX_400MF (Finetuned),APGD,MobileNet,Original,MobileNet (Original),Cifar10,0.3518,0.6482,0.9101,0.7122294253378749,False,False,cross_arch_cross_kind
RegNetX_400MF,Finetuned,RegNetX_400MF (Finetuned),APGD,XceptionNet,Finetuned,XceptionNet (Finetuned),Cifar10,0.5548,0.44520000000000004,0.9101,0.48917701351499837,False,True,cross_arch_same_kind
RegNetX_400MF,Finetuned,RegNetX_400MF (Finetuned),APGD,XceptionNet,Original,XceptionNet (Original),Cifar10,0.5218,0.47819999999999996,0.9101,0.5254367651906383,False,False,cross_arch_cross_kind
RegNetX_400MF,Finetuned,RegNetX_400MF (Finetuned),APGD,ConvNeXt,Finetuned,ConvNeXt (Finetuned),Cifar10,0.1006,0.8994,0.9101,0.9882430502142622,False,True,cross_arch_same_kind
RegNetX_400MF,Finetuned,RegNetX_400MF (Finetuned),APGD,ConvNeXt,Original,ConvNeXt (Original),Cifar10,0.3851,0.6149,0.9101,0.6756400395560928,False,False,cross_arch_cross_kind
RegNetX_400MF,Finetuned,RegNetX_400MF (Finetuned),CW,VGG16,Finetuned,VGG16 (Finetuned),Cifar10,0.5102,0.4898,0.989,0.49524772497472197,False,True,cross_arch_same_kind
RegNetX_400MF,Finetuned,RegNetX_400MF (Finetuned),CW,VGG16,Original,VGG16 (Original),Cifar10,0.5216,0.47840000000000005,0.989,0.4837209302325582,False,False,cross_arch_cross_kind
RegNetX_400MF,Finetuned,RegNetX_400MF (Finetuned),CW,RegNetX_400MF,Finetuned,RegNetX_400MF (Finetuned),Cifar10,0.011,0.989,0.989,1.0,True,True,self_same_kind
RegNetX_400MF,Finetuned,RegNetX_400MF (Finetuned),CW,RegNetX_400MF,Original,RegNetX_400MF (Original),Cifar10,0.2626,0.7374,0.989,0.7456016177957534,True,False,same_arch_cross_kind
RegNetX_400MF,Finetuned,RegNetX_400MF (Finetuned),CW,InceptionNet,Finetuned,InceptionNet (Finetuned),Cifar10,0.4686,0.5314,0.989,0.5373104145601618,False,True,cross_arch_same_kind
RegNetX_400MF,Finetuned,RegNetX_400MF (Finetuned),CW,InceptionNet,Original,InceptionNet (Original),Cifar10,0.4687,0.5313,0.989,0.5372093023255814,False,False,cross_arch_cross_kind
RegNetX_400MF,Finetuned,RegNetX_400MF (Finetuned),CW,MobileNet,Original,MobileNet (Original),Cifar10,0.3403,0.6597,0.989,0.6670374115267947,False,False,cross_arch_cross_kind
RegNetX_400MF,Finetuned,RegNetX_400MF (Finetuned),CW,XceptionNet,Finetuned,XceptionNet (Finetuned),Cifar10,0.5099,0.4901,0.989,0.4955510616784631,False,True,cross_arch_same_kind
RegNetX_400MF,Finetuned,RegNetX_400MF (Finetuned),CW,XceptionNet,Original,XceptionNet (Original),Cifar10,0.4941,0.5059,0.989,0.5115267947421638,False,False,cross_arch_cross_kind
RegNetX_400MF,Finetuned,RegNetX_400MF (Finetuned),CW,ConvNeXt,Finetuned,ConvNeXt (Finetuned),Cifar10,0.0986,0.9014,0.989,0.9114256825075834,False,True,cross_arch_same_kind
RegNetX_400MF,Finetuned,RegNetX_400MF (Finetuned),CW,ConvNeXt,Original,ConvNeXt (Original),Cifar10,0.357,0.643,0.989,0.6501516683518705,False,False,cross_arch_cross_kind
RegNetX_400MF,Finetuned,RegNetX_400MF (Finetuned),DeepFool,VGG16,Finetuned,VGG16 (Finetuned),Cifar10,0.5833,0.41669999999999996,0.8633,0.48268272906289816,False,True,cross_arch_same_kind
RegNetX_400MF,Finetuned,RegNetX_400MF (Finetuned),DeepFool,VGG16,Original,VGG16 (Original),Cifar10,0.5924,0.40759999999999996,0.8633,0.47214178153596664,False,False,cross_arch_cross_kind
RegNetX_400MF,Finetuned,RegNetX_400MF (Finetuned),DeepFool,RegNetX_400MF,Finetuned,RegNetX_400MF (Finetuned),Cifar10,0.1367,0.8633,0.8633,1.0,True,True,self_same_kind
RegNetX_400MF,Finetuned,RegNetX_400MF (Finetuned),DeepFool,RegNetX_400MF,Original,RegNetX_400MF (Original),Cifar10,0.2683,0.7317,0.8633,0.8475616819182208,True,False,same_arch_cross_kind
RegNetX_400MF,Finetuned,RegNetX_400MF (Finetuned),DeepFool,InceptionNet,Finetuned,InceptionNet (Finetuned),Cifar10,0.5124,0.48760000000000003,0.8633,0.5648094521023979,False,True,cross_arch_same_kind
RegNetX_400MF,Finetuned,RegNetX_400MF (Finetuned),DeepFool,InceptionNet,Original,InceptionNet (Original),Cifar10,0.5095,0.49050000000000005,0.8633,0.568168655160431,False,False,cross_arch_cross_kind
RegNetX_400MF,Finetuned,RegNetX_400MF (Finetuned),DeepFool,MobileNet,Original,MobileNet (Original),Cifar10,0.3574,0.6426000000000001,0.8633,0.7443530638248582,False,False,cross_arch_cross_kind
RegNetX_400MF,Finetuned,RegNetX_400MF (Finetuned),DeepFool,XceptionNet,Finetuned,XceptionNet (Finetuned),Cifar10,0.5601,0.43989999999999996,0.8633,0.5095563535271632,False,True,cross_arch_same_kind
RegNetX_400MF,Finetuned,RegNetX_400MF (Finetuned),DeepFool,XceptionNet,Original,XceptionNet (Original),Cifar10,0.53,0.47,0.8633,0.5444225645777829,False,False,cross_arch_cross_kind
RegNetX_400MF,Finetuned,RegNetX_400MF (Finetuned),DeepFool,ConvNeXt,Finetuned,ConvNeXt (Finetuned),Cifar10,0.0973,0.9027000000000001,0.8633,1.0456388277539674,False,True,cross_arch_same_kind
RegNetX_400MF,Finetuned,RegNetX_400MF (Finetuned),DeepFool,ConvNeXt,Original,ConvNeXt (Original),Cifar10,0.3791,0.6209,0.8633,0.7192169581837137,False,False,cross_arch_cross_kind
RegNetX_400MF,Original,RegNetX_400MF (Original),PGD,VGG16,Finetuned,VGG16 (Finetuned),Cifar10,0.5048,0.4952,0.9177,0.5396098943009698,False,False,cross_arch_cross_kind
RegNetX_400MF,Original,RegNetX_400MF (Original),PGD,VGG16,Original,VGG16 (Original),Cifar10,0.5159,0.4841,0.9177,0.527514438269587,False,True,cross_arch_same_kind
RegNetX_400MF,Original,RegNetX_400MF (Original),PGD,RegNetX_400MF,Finetuned,RegNetX_400MF (Finetuned),Cifar10,0.3138,0.6861999999999999,0.9177,0.7477389124986379,True,False,same_arch_cross_kind
RegNetX_400MF,Original,RegNetX_400MF (Original),PGD,RegNetX_400MF,Original,RegNetX_400MF (Original),Cifar10,0.0823,0.9177,0.9177,1.0,True,True,self_same_kind
RegNetX_400MF,Original,RegNetX_400MF (Original),PGD,InceptionNet,Finetuned,InceptionNet (Finetuned),Cifar10,0.4623,0.5377000000000001,0.9177,0.58592132505176,False,False,cross_arch_cross_kind
RegNetX_400MF,Original,RegNetX_400MF (Original),PGD,InceptionNet,Original,InceptionNet (Original),Cifar10,0.4617,0.5383,0.9177,0.5865751334858886,False,True,cross_arch_same_kind
RegNetX_400MF,Original,RegNetX_400MF (Original),PGD,MobileNet,Original,MobileNet (Original),Cifar10,0.328,0.6719999999999999,0.9177,0.7322654462242563,False,True,cross_arch_same_kind
RegNetX_400MF,Original,RegNetX_400MF (Original),PGD,XceptionNet,Finetuned,XceptionNet (Finetuned),Cifar10,0.5024,0.49760000000000004,0.9177,0.5422251280374851,False,False,cross_arch_cross_kind
RegNetX_400MF,Original,RegNetX_400MF (Original),PGD,XceptionNet,Original,XceptionNet (Original),Cifar10,0.4823,0.5177,0.9177,0.5641277105807999,False,True,cross_arch_same_kind
RegNetX_400MF,Original,RegNetX_400MF (Original),PGD,ConvNeXt,Finetuned,ConvNeXt (Finetuned),Cifar10,0.0993,0.9007000000000001,0.9177,0.9814754276996841,False,False,cross_arch_cross_kind
RegNetX_400MF,Original,RegNetX_400MF (Original),PGD,ConvNeXt,Original,ConvNeXt (Original),Cifar10,0.3517,0.6483,0.9177,0.7064400130761687,False,True,cross_arch_same_kind
RegNetX_400MF,Original,RegNetX_400MF (Original),FGSM,VGG16,Finetuned,VGG16 (Finetuned),Cifar10,0.5002,0.4998,0.7662,0.6523101018010964,False,False,cross_arch_cross_kind
RegNetX_400MF,Original,RegNetX_400MF (Original),FGSM,VGG16,Original,VGG16 (Original),Cifar10,0.5146,0.48540000000000005,0.7662,0.6335160532498043,False,True,cross_arch_same_kind
RegNetX_400MF,Original,RegNetX_400MF (Original),FGSM,RegNetX_400MF,Finetuned,RegNetX_400MF (Finetuned),Cifar10,0.3262,0.6738,0.7662,0.8794048551292091,True,False,same_arch_cross_kind
RegNetX_400MF,Original,RegNetX_400MF (Original),FGSM,RegNetX_400MF,Original,RegNetX_400MF (Original),Cifar10,0.2338,0.7662,0.7662,1.0,True,True,self_same_kind
RegNetX_400MF,Original,RegNetX_400MF (Original),FGSM,InceptionNet,Finetuned,InceptionNet (Finetuned),Cifar10,0.465,0.5349999999999999,0.7662,0.6982511093709214,False,False,cross_arch_cross_kind
RegNetX_400MF,Original,RegNetX_400MF (Original),FGSM,InceptionNet,Original,InceptionNet (Original),Cifar10,0.4605,0.5395,0.7662,0.7041242495432002,False,True,cross_arch_same_kind
RegNetX_400MF,Original,RegNetX_400MF (Original),FGSM,MobileNet,Original,MobileNet (Original),Cifar10,0.3333,0.6667000000000001,0.7662,0.8701383450796137,False,True,cross_arch_same_kind
RegNetX_400MF,Original,RegNetX_400MF (Original),FGSM,XceptionNet,Finetuned,XceptionNet (Finetuned),Cifar10,0.5033,0.49670000000000003,0.7662,0.6482641607935266,False,False,cross_arch_cross_kind
RegNetX_400MF,Original,RegNetX_400MF (Original),FGSM,XceptionNet,Original,XceptionNet (Original),Cifar10,0.4806,0.5194,0.7662,0.6778908901070216,False,True,cross_arch_same_kind
RegNetX_400MF,Original,RegNetX_400MF (Original),FGSM,ConvNeXt,Finetuned,ConvNeXt (Finetuned),Cifar10,0.0985,0.9015,0.7662,1.1765857478465152,False,False,cross_arch_cross_kind
RegNetX_400MF,Original,RegNetX_400MF (Original),FGSM,ConvNeXt,Original,ConvNeXt (Original),Cifar10,0.3518,0.6482,0.7662,0.8459932132602453,False,True,cross_arch_same_kind
RegNetX_400MF,Original,RegNetX_400MF (Original),BIM,VGG16,Finetuned,VGG16 (Finetuned),Cifar10,0.8942,0.1058,0.6173,0.17139154381986071,False,False,cross_arch_cross_kind
RegNetX_400MF,Original,RegNetX_400MF (Original),BIM,VGG16,Original,VGG16 (Original),Cifar10,0.897,0.10299999999999998,0.6173,0.1668556617527944,False,True,cross_arch_same_kind
RegNetX_400MF,Original,RegNetX_400MF (Original),BIM,RegNetX_400MF,Finetuned,RegNetX_400MF (Finetuned),Cifar10,0.7295,0.27049999999999996,0.6173,0.43819860683622225,True,False,same_arch_cross_kind
RegNetX_400MF,Original,RegNetX_400MF (Original),BIM,RegNetX_400MF,Original,RegNetX_400MF (Original),Cifar10,0.3827,0.6173,0.6173,1.0,True,True,self_same_kind
RegNetX_400MF,Original,RegNetX_400MF (Original),BIM,InceptionNet,Finetuned,InceptionNet (Finetuned),Cifar10,0.8433,0.15669999999999995,0.6173,0.25384739996760075,False,False,cross_arch_cross_kind
RegNetX_400MF,Original,RegNetX_400MF (Original),BIM,InceptionNet,Original,InceptionNet (Original),Cifar10,0.8294,0.17059999999999997,0.6173,0.2763648145148226,False,True,cross_arch_same_kind
RegNetX_400MF,Original,RegNetX_400MF (Original),BIM,MobileNet,Original,MobileNet (Original),Cifar10,0.7369,0.2631,0.6173,0.4262109185161186,False,True,cross_arch_same_kind
RegNetX_400MF,Original,RegNetX_400MF (Original),BIM,XceptionNet,Finetuned,XceptionNet (Finetuned),Cifar10,0.863,0.137,0.6173,0.22193422971002758,False,False,cross_arch_cross_kind
RegNetX_400MF,Original,RegNetX_400MF (Original),BIM,XceptionNet,Original,XceptionNet (Original),Cifar10,0.8468,0.1532,0.6173,0.24817754738376804,False,True,cross_arch_same_kind
RegNetX_400MF,Original,RegNetX_400MF (Original),BIM,ConvNeXt,Finetuned,ConvNeXt (Finetuned),Cifar10,0.0904,0.9096,0.6173,1.4735136886440954,False,False,cross_arch_cross_kind
RegNetX_400MF,Original,RegNetX_400MF (Original),BIM,ConvNeXt,Original,ConvNeXt (Original),Cifar10,0.7222,0.27780000000000005,0.6173,0.45002429936821653,False,True,cross_arch_same_kind
RegNetX_400MF,Original,RegNetX_400MF (Original),APGD,VGG16,Finetuned,VGG16 (Finetuned),Cifar10,0.6248,0.3752,0.9584,0.39148580968280466,False,False,cross_arch_cross_kind
RegNetX_400MF,Original,RegNetX_400MF (Original),APGD,VGG16,Original,VGG16 (Original),Cifar10,0.6351,0.3649,0.9584,0.38073873121869783,False,True,cross_arch_same_kind
RegNetX_400MF,Original,RegNetX_400MF (Original),APGD,RegNetX_400MF,Finetuned,RegNetX_400MF (Finetuned),Cifar10,0.3717,0.6283000000000001,0.9584,0.6555717863105176,True,False,same_arch_cross_kind
RegNetX_400MF,Original,RegNetX_400MF (Original),APGD,RegNetX_400MF,Original,RegNetX_400MF (Original),Cifar10,0.0416,0.9584,0.9584,1.0,True,True,self_same_kind
RegNetX_400MF,Original,RegNetX_400MF (Original),APGD,InceptionNet,Finetuned,InceptionNet (Finetuned),Cifar10,0.5537,0.44630000000000003,0.9584,0.4656719532554257,False,False,cross_arch_cross_kind
RegNetX_400MF,Original,RegNetX_400MF (Original),APGD,InceptionNet,Original,InceptionNet (Original),Cifar10,0.5494,0.4506,0.9584,0.4701585976627713,False,True,cross_arch_same_kind
RegNetX_400MF,Original,RegNetX_400MF (Original),APGD,MobileNet,Original,MobileNet (Original),Cifar10,0.3922,0.6078,0.9584,0.6341819699499165,False,True,cross_arch_same_kind
RegNetX_400MF,Original,RegNetX_400MF (Original),APGD,XceptionNet,Finetuned,XceptionNet (Finetuned),Cifar10,0.5976,0.4024,0.9584,0.41986644407345575,False,False,cross_arch_cross_kind
RegNetX_400MF,Original,RegNetX_400MF (Original),APGD,XceptionNet,Original,XceptionNet (Original),Cifar10,0.5699,0.43010000000000004,0.9584,0.4487687813021703,False,True,cross_arch_same_kind
RegNetX_400MF,Original,RegNetX_400MF (Original),APGD,ConvNeXt,Finetuned,ConvNeXt (Finetuned),Cifar10,0.0975,0.9025,0.9584,0.9416736227045075,False,False,cross_arch_cross_kind
RegNetX_400MF,Original,RegNetX_400MF (Original),APGD,ConvNeXt,Original,ConvNeXt (Original),Cifar10,0.41,0.5900000000000001,0.9584,0.6156093489148582,False,True,cross_arch_same_kind
RegNetX_400MF,Original,RegNetX_400MF (Original),CW,VGG16,Finetuned,VGG16 (Finetuned),Cifar10,0.5131,0.4869,0.9955,0.48910095429432443,False,False,cross_arch_cross_kind
RegNetX_400MF,Original,RegNetX_400MF (Original),CW,VGG16,Original,VGG16 (Original),Cifar10,0.5228,0.47719999999999996,0.9955,0.4793571069814163,False,True,cross_arch_same_kind
RegNetX_400MF,Original,RegNetX_400MF (Original),CW,RegNetX_400MF,Finetuned,RegNetX_400MF (Finetuned),Cifar10,0.341,0.659,0.9955,0.6619789050728278,True,False,same_arch_cross_kind
RegNetX_400MF,Original,RegNetX_400MF (Original),CW,RegNetX_400MF,Original,RegNetX_400MF (Original),Cifar10,0.0045,0.9955,0.9955,1.0,True,True,self_same_kind
RegNetX_400MF,Original,RegNetX_400MF (Original),CW,InceptionNet,Finetuned,InceptionNet (Finetuned),Cifar10,0.4701,0.5299,0.9955,0.5322953289804119,False,False,cross_arch_cross_kind
RegNetX_400MF,Original,RegNetX_400MF (Original),CW,InceptionNet,Original,InceptionNet (Original),Cifar10,0.4687,0.5313,0.9955,0.5337016574585635,False,True,cross_arch_same_kind
RegNetX_400MF,Original,RegNetX_400MF (Original),CW,MobileNet,Original,MobileNet (Original),Cifar10,0.3465,0.6535,0.9955,0.6564540431943746,False,True,cross_arch_same_kind
RegNetX_400MF,Original,RegNetX_400MF (Original),CW,XceptionNet,Finetuned,XceptionNet (Finetuned),Cifar10,0.513,0.487,0.9955,0.48920140632847814,False,False,cross_arch_cross_kind
RegNetX_400MF,Original,RegNetX_400MF (Original),CW,XceptionNet,Original,XceptionNet (Original),Cifar10,0.4985,0.5015000000000001,0.9955,0.5037669512807634,False,True,cross_arch_same_kind
RegNetX_400MF,Original,RegNetX_400MF (Original),CW,ConvNeXt,Finetuned,ConvNeXt (Finetuned),Cifar10,0.0986,0.9014,0.9955,0.9054746358613761,False,False,cross_arch_cross_kind
RegNetX_400MF,Original,RegNetX_400MF (Original),CW,ConvNeXt,Original,ConvNeXt (Original),Cifar10,0.3565,0.6435,0.9955,0.6464088397790054,False,True,cross_arch_same_kind
RegNetX_400MF,Original,RegNetX_400MF (Original),DeepFool,VGG16,Finetuned,VGG16 (Finetuned),Cifar10,0.629,0.371,0.8911,0.41633935585231735,False,False,cross_arch_cross_kind
RegNetX_400MF,Original,RegNetX_400MF (Original),DeepFool,VGG16,Original,VGG16 (Original),Cifar10,0.6365,0.36350000000000005,0.8911,0.40792279205476384,False,True,cross_arch_same_kind
RegNetX_400MF,Original,RegNetX_400MF (Original),DeepFool,RegNetX_400MF,Finetuned,RegNetX_400MF (Finetuned),Cifar10,0.3969,0.6031,0.8911,0.6768039501739422,True,False,same_arch_cross_kind
RegNetX_400MF,Original,RegNetX_400MF (Original),DeepFool,RegNetX_400MF,Original,RegNetX_400MF (Original),Cifar10,0.1089,0.8911,0.8911,1.0,True,True,self_same_kind
RegNetX_400MF,Original,RegNetX_400MF (Original),DeepFool,InceptionNet,Finetuned,InceptionNet (Finetuned),Cifar10,0.5549,0.44510000000000005,0.8911,0.4994950061721468,False,False,cross_arch_cross_kind
RegNetX_400MF,Original,RegNetX_400MF (Original),DeepFool,InceptionNet,Original,InceptionNet (Original),Cifar10,0.5516,0.4484,0.8911,0.5031982942430704,False,True,cross_arch_same_kind
RegNetX_400MF,Original,RegNetX_400MF (Original),DeepFool,MobileNet,Original,MobileNet (Original),Cifar10,0.4065,0.5935,0.8911,0.6660307485130738,False,True,cross_arch_same_kind
RegNetX_400MF,Original,RegNetX_400MF (Original),DeepFool,XceptionNet,Finetuned,XceptionNet (Finetuned),Cifar10,0.6031,0.39690000000000003,0.8911,0.4454045561665358,False,False,cross_arch_cross_kind
RegNetX_400MF,Original,RegNetX_400MF (Original),DeepFool,XceptionNet,Original,XceptionNet (Original),Cifar10,0.5803,0.41969999999999996,0.8911,0.4709909101110986,False,True,cross_arch_same_kind
RegNetX_400MF,Original,RegNetX_400MF (Original),DeepFool,ConvNeXt,Finetuned,ConvNeXt (Finetuned),Cifar10,0.0972,0.9028,0.8911,1.0131298395241837,False,False,cross_arch_cross_kind
RegNetX_400MF,Original,RegNetX_400MF (Original),DeepFool,ConvNeXt,Original,ConvNeXt (Original),Cifar10,0.4097,0.5903,0.8911,0.6624396812927843,False,True,cross_arch_same_kind
RegNetX_400MF,Finetuned,RegNetX_400MF (Finetuned),PGD,VGG16,Finetuned,VGG16 (Finetuned),Cifar100,0.2184,0.7816,0.9699,0.8058562738426641,False,True,cross_arch_same_kind
RegNetX_400MF,Finetuned,RegNetX_400MF (Finetuned),PGD,VGG16,Original,VGG16 (Original),Cifar100,0.1386,0.8613999999999999,0.9699,0.8881327971955871,False,False,cross_arch_cross_kind
RegNetX_400MF,Finetuned,RegNetX_400MF (Finetuned),PGD,RegNetX_400MF,Finetuned,RegNetX_400MF (Finetuned),Cifar100,0.0301,0.9699,0.9699,1.0,True,True,self_same_kind
RegNetX_400MF,Finetuned,RegNetX_400MF (Finetuned),PGD,RegNetX_400MF,Original,RegNetX_400MF (Original),Cifar100,0.0553,0.9447,0.9699,0.9740179399938138,True,False,same_arch_cross_kind
RegNetX_400MF,Finetuned,RegNetX_400MF (Finetuned),PGD,InceptionNet,Finetuned,InceptionNet (Finetuned),Cifar100,0.1739,0.8261000000000001,0.9699,0.851737292504382,False,True,cross_arch_same_kind
RegNetX_400MF,Finetuned,RegNetX_400MF (Finetuned),PGD,InceptionNet,Original,InceptionNet (Original),Cifar100,0.1577,0.8423,0.9699,0.8684400453655017,False,False,cross_arch_cross_kind
RegNetX_400MF,Finetuned,RegNetX_400MF (Finetuned),PGD,MobileNet,Original,MobileNet (Original),Cifar100,0.0971,0.9029,0.9699,0.9309207134756161,False,False,cross_arch_cross_kind
RegNetX_400MF,Finetuned,RegNetX_400MF (Finetuned),PGD,XceptionNet,Finetuned,XceptionNet (Finetuned),Cifar100,0.1949,0.8051,0.9699,0.8300855758325602,False,True,cross_arch_same_kind
RegNetX_400MF,Finetuned,RegNetX_400MF (Finetuned),PGD,XceptionNet,Original,XceptionNet (Original),Cifar100,0.1885,0.8115,0.9699,0.8366841942468296,False,False,cross_arch_cross_kind
RegNetX_400MF,Finetuned,RegNetX_400MF (Finetuned),PGD,ConvNeXt,Finetuned,ConvNeXt (Finetuned),Cifar100,0.0109,0.9891,0.9699,1.0197958552428086,False,True,cross_arch_same_kind
RegNetX_400MF,Finetuned,RegNetX_400MF (Finetuned),PGD,ConvNeXt,Original,ConvNeXt (Original),Cifar100,0.1132,0.8868,0.9699,0.9143210640272194,False,False,cross_arch_cross_kind
RegNetX_400MF,Finetuned,RegNetX_400MF (Finetuned),FGSM,VGG16,Finetuned,VGG16 (Finetuned),Cifar100,0.2128,0.7872,0.9268,0.849374190763919,False,True,cross_arch_same_kind
RegNetX_400MF,Finetuned,RegNetX_400MF (Finetuned),FGSM,VGG16,Original,VGG16 (Original),Cifar100,0.1391,0.8609,0.9268,0.9288951230038843,False,False,cross_arch_cross_kind
RegNetX_400MF,Finetuned,RegNetX_400MF (Finetuned),FGSM,RegNetX_400MF,Finetuned,RegNetX_400MF (Finetuned),Cifar100,0.0732,0.9268,0.9268,1.0,True,True,self_same_kind
RegNetX_400MF,Finetuned,RegNetX_400MF (Finetuned),FGSM,RegNetX_400MF,Original,RegNetX_400MF (Original),Cifar100,0.0591,0.9409,0.9268,1.0152136383254209,True,False,same_arch_cross_kind
RegNetX_400MF,Finetuned,RegNetX_400MF (Finetuned),FGSM,InceptionNet,Finetuned,InceptionNet (Finetuned),Cifar100,0.176,0.8240000000000001,0.9268,0.8890807078118258,False,True,cross_arch_same_kind
RegNetX_400MF,Finetuned,RegNetX_400MF (Finetuned),FGSM,InceptionNet,Original,InceptionNet (Original),Cifar100,0.1582,0.8418,0.9268,0.9082865774708675,False,False,cross_arch_cross_kind
RegNetX_400MF,Finetuned,RegNetX_400MF (Finetuned),FGSM,MobileNet,Original,MobileNet (Original),Cifar100,0.0993,0.9007000000000001,0.9268,0.9718385843763488,False,False,cross_arch_cross_kind
RegNetX_400MF,Finetuned,RegNetX_400MF (Finetuned),FGSM,XceptionNet,Finetuned,XceptionNet (Finetuned),Cifar100,0.1959,0.8041,0.9268,0.8676089771255935,False,True,cross_arch_same_kind
RegNetX_400MF,Finetuned,RegNetX_400MF (Finetuned),FGSM,XceptionNet,Original,XceptionNet (Original),Cifar100,0.1887,0.8113,0.9268,0.8753776435045317,False,False,cross_arch_cross_kind
RegNetX_400MF,Finetuned,RegNetX_400MF (Finetuned),FGSM,ConvNeXt,Finetuned,ConvNeXt (Finetuned),Cifar100,0.0109,0.9891,0.9268,1.0672205438066467,False,True,cross_arch_same_kind
RegNetX_400MF,Finetuned,RegNetX_400MF (Finetuned),FGSM,ConvNeXt,Original,ConvNeXt (Original),Cifar100,0.1121,0.8879,0.9268,0.958027621924903,False,False,cross_arch_cross_kind
RegNetX_400MF,Finetuned,RegNetX_400MF (Finetuned),BIM,VGG16,Finetuned,VGG16 (Finetuned),Cifar100,0.6312,0.3688,0.8068,0.45711452652454143,False,True,cross_arch_same_kind
RegNetX_400MF,Finetuned,RegNetX_400MF (Finetuned),BIM,VGG16,Original,VGG16 (Original),Cifar100,0.4963,0.5037,0.8068,0.6243182944967774,False,False,cross_arch_cross_kind
RegNetX_400MF,Finetuned,RegNetX_400MF (Finetuned),BIM,RegNetX_400MF,Finetuned,RegNetX_400MF (Finetuned),Cifar100,0.1932,0.8068,0.8068,1.0,True,True,self_same_kind
RegNetX_400MF,Finetuned,RegNetX_400MF (Finetuned),BIM,RegNetX_400MF,Original,RegNetX_400MF (Original),Cifar100,0.2634,0.7365999999999999,0.8068,0.9129895884977689,True,False,same_arch_cross_kind
RegNetX_400MF,Finetuned,RegNetX_400MF (Finetuned),BIM,InceptionNet,Finetuned,InceptionNet (Finetuned),Cifar100,0.531,0.469,0.8068,0.5813088745661874,False,True,cross_arch_same_kind
RegNetX_400MF,Finetuned,RegNetX_400MF (Finetuned),BIM,InceptionNet,Original,InceptionNet (Original),Cifar100,0.5026,0.49739999999999995,0.8068,0.6165096678235003,False,False,cross_arch_cross_kind
RegNetX_400MF,Finetuned,RegNetX_400MF (Finetuned),BIM,MobileNet,Original,MobileNet (Original),Cifar100,0.3541,0.6458999999999999,0.8068,0.8005701536936043,False,False,cross_arch_cross_kind
RegNetX_400MF,Finetuned,RegNetX_400MF (Finetuned),BIM,XceptionNet,Finetuned,XceptionNet (Finetuned),Cifar100,0.5485,0.4515,0.8068,0.5596182449181953,False,True,cross_arch_same_kind
RegNetX_400MF,Finetuned,RegNetX_400MF (Finetuned),BIM,XceptionNet,Original,XceptionNet (Original),Cifar100,0.5363,0.4637,0.8068,0.5747397124442242,False,False,cross_arch_cross_kind
RegNetX_400MF,Finetuned,RegNetX_400MF (Finetuned),BIM,ConvNeXt,Finetuned,ConvNeXt (Finetuned),Cifar100,0.0108,0.9892,0.8068,1.226078334159643,False,True,cross_arch_same_kind
RegNetX_400MF,Finetuned,RegNetX_400MF (Finetuned),BIM,ConvNeXt,Original,ConvNeXt (Original),Cifar100,0.3593,0.6407,0.8068,0.7941249380267725,False,False,cross_arch_cross_kind
RegNetX_400MF,Finetuned,RegNetX_400MF (Finetuned),APGD,VGG16,Finetuned,VGG16 (Finetuned),Cifar100,0.4524,0.5476,0.9872,0.5547001620745543,False,True,cross_arch_same_kind
RegNetX_400MF,Finetuned,RegNetX_400MF (Finetuned),APGD,VGG16,Original,VGG16 (Original),Cifar100,0.3189,0.6811,0.9872,0.6899311183144247,False,False,cross_arch_cross_kind
RegNetX_400MF,Finetuned,RegNetX_400MF (Finetuned),APGD,RegNetX_400MF,Finetuned,RegNetX_400MF (Finetuned),Cifar100,0.0128,0.9872,0.9872,1.0,True,True,self_same_kind
RegNetX_400MF,Finetuned,RegNetX_400MF (Finetuned),APGD,RegNetX_400MF,Original,RegNetX_400MF (Original),Cifar100,0.1112,0.8888,0.9872,0.90032414910859,True,False,same_arch_cross_kind
RegNetX_400MF,Finetuned,RegNetX_400MF (Finetuned),APGD,InceptionNet,Finetuned,InceptionNet (Finetuned),Cifar100,0.341,0.659,0.9872,0.6675445705024312,False,True,cross_arch_same_kind
RegNetX_400MF,Finetuned,RegNetX_400MF (Finetuned),APGD,InceptionNet,Original,InceptionNet (Original),Cifar100,0.3152,0.6848000000000001,0.9872,0.693679092382496,False,False,cross_arch_cross_kind
RegNetX_400MF,Finetuned,RegNetX_400MF (Finetuned),APGD,MobileNet,Original,MobileNet (Original),Cifar100,0.1862,0.8138,0.9872,0.8243517017828201,False,False,cross_arch_cross_kind
RegNetX_400MF,Finetuned,RegNetX_400MF (Finetuned),APGD,XceptionNet,Finetuned,XceptionNet (Finetuned),Cifar100,0.3728,0.6272,0.9872,0.6353322528363047,False,True,cross_arch_same_kind
RegNetX_400MF,Finetuned,RegNetX_400MF (Finetuned),APGD,XceptionNet,Original,XceptionNet (Original),Cifar100,0.3602,0.6397999999999999,0.9872,0.648095623987034,False,False,cross_arch_cross_kind
RegNetX_400MF,Finetuned,RegNetX_400MF (Finetuned),APGD,ConvNeXt,Finetuned,ConvNeXt (Finetuned),Cifar100,0.0114,0.9886,0.9872,1.0014181523500811,False,True,cross_arch_same_kind
RegNetX_400MF,Finetuned,RegNetX_400MF (Finetuned),APGD,ConvNeXt,Original,ConvNeXt (Original),Cifar100,0.2027,0.7973,0.9872,0.8076377633711508,False,False,cross_arch_cross_kind
RegNetX_400MF,Finetuned,RegNetX_400MF (Finetuned),CW,VGG16,Finetuned,VGG16 (Finetuned),Cifar100,0.2262,0.7738,0.9987,0.7748072494242515,False,True,cross_arch_same_kind
RegNetX_400MF,Finetuned,RegNetX_400MF (Finetuned),CW,VGG16,Original,VGG16 (Original),Cifar100,0.1415,0.8585,0.9987,0.8596175027535796,False,False,cross_arch_cross_kind
RegNetX_400MF,Finetuned,RegNetX_400MF (Finetuned),CW,RegNetX_400MF,Finetuned,RegNetX_400MF (Finetuned),Cifar100,0.0013,0.9987,0.9987,1.0,True,True,self_same_kind
RegNetX_400MF,Finetuned,RegNetX_400MF (Finetuned),CW,RegNetX_400MF,Original,RegNetX_400MF (Original),Cifar100,0.0617,0.9383,0.9987,0.9395213777911284,True,False,same_arch_cross_kind
RegNetX_400MF,Finetuned,RegNetX_400MF (Finetuned),CW,InceptionNet,Finetuned,InceptionNet (Finetuned),Cifar100,0.179,0.821,0.9987,0.8220686892960848,False,True,cross_arch_same_kind
RegNetX_400MF,Finetuned,RegNetX_400MF (Finetuned),CW,InceptionNet,Original,InceptionNet (Original),Cifar100,0.1607,0.8392999999999999,0.9987,0.8403925102633423,False,False,cross_arch_cross_kind
RegNetX_400MF,Finetuned,RegNetX_400MF (Finetuned),CW,MobileNet,Original,MobileNet (Original),Cifar100,0.1035,0.8965,0.9987,0.8976669670571743,False,False,cross_arch_cross_kind
RegNetX_400MF,Finetuned,RegNetX_400MF (Finetuned),CW,XceptionNet,Finetuned,XceptionNet (Finetuned),Cifar100,0.2027,0.7973,0.9987,0.7983378391909483,False,True,cross_arch_same_kind
RegNetX_400MF,Finetuned,RegNetX_400MF (Finetuned),CW,XceptionNet,Original,XceptionNet (Original),Cifar100,0.1983,0.8017,0.9987,0.8027435666366276,False,False,cross_arch_cross_kind
RegNetX_400MF,Finetuned,RegNetX_400MF (Finetuned),CW,ConvNeXt,Finetuned,ConvNeXt (Finetuned),Cifar100,0.011,0.989,0.9987,0.9902873735856613,False,True,cross_arch_same_kind
RegNetX_400MF,Finetuned,RegNetX_400MF (Finetuned),CW,ConvNeXt,Original,ConvNeXt (Original),Cifar100,0.1151,0.8849,0.9987,0.886051867427656,False,False,cross_arch_cross_kind
RegNetX_400MF,Original,RegNetX_400MF (Original),PGD,VGG16,Finetuned,VGG16 (Finetuned),Cifar100,0.2178,0.7822,0.9804,0.7978376172990616,False,False,cross_arch_cross_kind
RegNetX_400MF,Original,RegNetX_400MF (Original),PGD,VGG16,Original,VGG16 (Original),Cifar100,0.1424,0.8576,0.9804,0.8747450020399836,False,True,cross_arch_same_kind
RegNetX_400MF,Original,RegNetX_400MF (Original),PGD,RegNetX_400MF,Finetuned,RegNetX_400MF (Finetuned),Cifar100,0.0722,0.9278,0.9804,0.9463484292125662,True,False,same_arch_cross_kind
RegNetX_400MF,Original,RegNetX_400MF (Original),PGD,RegNetX_400MF,Original,RegNetX_400MF (Original),Cifar100,0.0196,0.9804,0.9804,1.0,True,True,self_same_kind
RegNetX_400MF,Original,RegNetX_400MF (Original),PGD,InceptionNet,Finetuned,InceptionNet (Finetuned),Cifar100,0.1772,0.8228,0.9804,0.8392492860057119,False,False,cross_arch_cross_kind
RegNetX_400MF,Original,RegNetX_400MF (Original),PGD,InceptionNet,Original,InceptionNet (Original),Cifar100,0.1589,0.8411,0.9804,0.8579151366789065,False,True,cross_arch_same_kind
RegNetX_400MF,Original,RegNetX_400MF (Original),PGD,MobileNet,Original,MobileNet (Original),Cifar100,0.0992,0.9008,0.9804,0.9188086495308038,False,True,cross_arch_same_kind
RegNetX_400MF,Original,RegNetX_400MF (Original),PGD,XceptionNet,Finetuned,XceptionNet (Finetuned),Cifar100,0.1954,0.8046,0.9804,0.8206854345165238,False,False,cross_arch_cross_kind
RegNetX_400MF,Original,RegNetX_400MF (Original),PGD,XceptionNet,Original,XceptionNet (Original),Cifar100,0.1917,0.8083,0.9804,0.8244594043247654,False,True,cross_arch_same_kind
RegNetX_400MF,Original,RegNetX_400MF (Original),PGD,ConvNeXt,Finetuned,ConvNeXt (Finetuned),Cifar100,0.0113,0.9887,0.9804,1.0084659322725418,False,False,cross_arch_cross_kind
RegNetX_400MF,Original,RegNetX_400MF (Original),PGD,ConvNeXt,Original,ConvNeXt (Original),Cifar100,0.1118,0.8882,0.9804,0.9059567523459812,False,True,cross_arch_same_kind
RegNetX_400MF,Original,RegNetX_400MF (Original),FGSM,VGG16,Finetuned,VGG16 (Finetuned),Cifar100,0.2153,0.7847,0.9486,0.8272190596668775,False,False,cross_arch_cross_kind
RegNetX_400MF,Original,RegNetX_400MF (Original),FGSM,VGG16,Original,VGG16 (Original),Cifar100,0.1417,0.8583000000000001,0.9486,0.9048070841239723,False,True,cross_arch_same_kind
RegNetX_400MF,Original,RegNetX_400MF (Original),FGSM,RegNetX_400MF,Finetuned,RegNetX_400MF (Finetuned),Cifar100,0.0762,0.9238,0.9486,0.9738562091503268,True,False,same_arch_cross_kind
RegNetX_400MF,Original,RegNetX_400MF (Original),FGSM,RegNetX_400MF,Original,RegNetX_400MF (Original),Cifar100,0.0514,0.9486,0.9486,1.0,True,True,self_same_kind
RegNetX_400MF,Original,RegNetX_400MF (Original),FGSM,InceptionNet,Finetuned,InceptionNet (Finetuned),Cifar100,0.1751,0.8249,0.9486,0.8695973012861058,False,False,cross_arch_cross_kind
RegNetX_400MF,Original,RegNetX_400MF (Original),FGSM,InceptionNet,Original,InceptionNet (Original),Cifar100,0.1596,0.8404,0.9486,0.8859371705671516,False,True,cross_arch_same_kind
RegNetX_400MF,Original,RegNetX_400MF (Original),FGSM,MobileNet,Original,MobileNet (Original),Cifar100,0.1012,0.8988,0.9486,0.9475015812776724,False,True,cross_arch_same_kind
RegNetX_400MF,Original,RegNetX_400MF (Original),FGSM,XceptionNet,Finetuned,XceptionNet (Finetuned),Cifar100,0.1966,0.8034,0.9486,0.846932321315623,False,False,cross_arch_cross_kind
RegNetX_400MF,Original,RegNetX_400MF (Original),FGSM,XceptionNet,Original,XceptionNet (Original),Cifar100,0.1921,0.8079000000000001,0.9486,0.8516761543327009,False,True,cross_arch_same_kind
RegNetX_400MF,Original,RegNetX_400MF (Original),FGSM,ConvNeXt,Finetuned,ConvNeXt (Finetuned),Cifar100,0.011,0.989,0.9486,1.0425890786422096,False,False,cross_arch_cross_kind
RegNetX_400MF,Original,RegNetX_400MF (Original),FGSM,ConvNeXt,Original,ConvNeXt (Original),Cifar100,0.1138,0.8862,0.9486,0.9342188488298545,False,True,cross_arch_same_kind
RegNetX_400MF,Original,RegNetX_400MF (Original),BIM,VGG16,Finetuned,VGG16 (Finetuned),Cifar100,0.6337,0.36629999999999996,0.8482000000000001,0.4318556944116953,False,False,cross_arch_cross_kind
RegNetX_400MF,Original,RegNetX_400MF (Original),BIM,VGG16,Original,VGG16 (Original),Cifar100,0.4972,0.5028,0.8482000000000001,0.5927847205847677,False,True,cross_arch_same_kind
RegNetX_400MF,Original,RegNetX_400MF (Original),BIM,RegNetX_400MF,Finetuned,RegNetX_400MF (Finetuned),Cifar100,0.3171,0.6829000000000001,0.8482000000000001,0.8051167177552464,True,False,same_arch_cross_kind
RegNetX_400MF,Original,RegNetX_400MF (Original),BIM,RegNetX_400MF,Original,RegNetX_400MF (Original),Cifar100,0.1518,0.8482000000000001,0.8482000000000001,1.0,True,True,self_same_kind
RegNetX_400MF,Original,RegNetX_400MF (Original),BIM,InceptionNet,Finetuned,InceptionNet (Finetuned),Cifar100,0.5304,0.4696,0.8482000000000001,0.5536430087243575,False,False,cross_arch_cross_kind
RegNetX_400MF,Original,RegNetX_400MF (Original),BIM,InceptionNet,Original,InceptionNet (Original),Cifar100,0.5041,0.4959,0.8482000000000001,0.5846498467342608,False,True,cross_arch_same_kind
RegNetX_400MF,Original,RegNetX_400MF (Original),BIM,MobileNet,Original,MobileNet (Original),Cifar100,0.3591,0.6409,0.8482000000000001,0.755600094317378,False,True,cross_arch_same_kind
RegNetX_400MF,Original,RegNetX_400MF (Original),BIM,XceptionNet,Finetuned,XceptionNet (Finetuned),Cifar100,0.5524,0.4476,0.8482000000000001,0.5277057297807121,False,False,cross_arch_cross_kind
RegNetX_400MF,Original,RegNetX_400MF (Original),BIM,XceptionNet,Original,XceptionNet (Original),Cifar100,0.5429,0.45709999999999995,0.8482000000000001,0.538905918415468,False,True,cross_arch_same_kind
RegNetX_400MF,Original,RegNetX_400MF (Original),BIM,ConvNeXt,Finetuned,ConvNeXt (Finetuned),Cifar100,0.0106,0.9894,0.8482000000000001,1.1664701721292146,False,False,cross_arch_cross_kind
RegNetX_400MF,Original,RegNetX_400MF (Original),BIM,ConvNeXt,Original,ConvNeXt (Original),Cifar100,0.3602,0.6397999999999999,0.8482000000000001,0.7543032303701955,False,True,cross_arch_same_kind
RegNetX_400MF,Original,RegNetX_400MF (Original),APGD,VGG16,Finetuned,VGG16 (Finetuned),Cifar100,0.4813,0.5186999999999999,0.9921,0.5228303598427577,False,False,cross_arch_cross_kind
RegNetX_400MF,Original,RegNetX_400MF (Original),APGD,VGG16,Original,VGG16 (Original),Cifar100,0.3467,0.6533,0.9921,0.65850216712025,False,True,cross_arch_same_kind
RegNetX_400MF,Original,RegNetX_400MF (Original),APGD,RegNetX_400MF,Finetuned,RegNetX_400MF (Finetuned),Cifar100,0.161,0.839,0.9921,0.8456808789436548,True,False,same_arch_cross_kind
RegNetX_400MF,Original,RegNetX_400MF (Original),APGD,RegNetX_400MF,Original,RegNetX_400MF (Original),Cifar100,0.0079,0.9921,0.9921,1.0,True,True,self_same_kind
RegNetX_400MF,Original,RegNetX_400MF (Original),APGD,InceptionNet,Finetuned,InceptionNet (Finetuned),Cifar100,0.3692,0.6308,0.9921,0.635823001713537,False,False,cross_arch_cross_kind
RegNetX_400MF,Original,RegNetX_400MF (Original),APGD,InceptionNet,Original,InceptionNet (Original),Cifar100,0.3428,0.6572,0.9921,0.6624332224574135,False,True,cross_arch_same_kind
RegNetX_400MF,Original,RegNetX_400MF (Original),APGD,MobileNet,Original,MobileNet (Original),Cifar100,0.2072,0.7928,0.9921,0.7991129926418707,False,True,cross_arch_same_kind
RegNetX_400MF,Original,RegNetX_400MF (Original),APGD,XceptionNet,Finetuned,XceptionNet (Finetuned),Cifar100,0.4036,0.5964,0.9921,0.6011490777139402,False,False,cross_arch_cross_kind
RegNetX_400MF,Original,RegNetX_400MF (Original),APGD,XceptionNet,Original,XceptionNet (Original),Cifar100,0.3895,0.6105,0.9921,0.615361354702147,False,True,cross_arch_same_kind
RegNetX_400MF,Original,RegNetX_400MF (Original),APGD,ConvNeXt,Finetuned,ConvNeXt (Finetuned),Cifar100,0.0123,0.9877,0.9921,0.995564963209354,False,False,cross_arch_cross_kind
RegNetX_400MF,Original,RegNetX_400MF (Original),APGD,ConvNeXt,Original,ConvNeXt (Original),Cifar100,0.2139,0.7861,0.9921,0.7923596411652052,False,True,cross_arch_same_kind
RegNetX_400MF,Original,RegNetX_400MF (Original),CW,VGG16,Finetuned,VGG16 (Finetuned),Cifar100,0.2256,0.7744,0.9994,0.7748649189513709,False,False,cross_arch_cross_kind
RegNetX_400MF,Original,RegNetX_400MF (Original),CW,VGG16,Original,VGG16 (Original),Cifar100,0.1427,0.8573,0.9994,0.8578146888132879,False,True,cross_arch_same_kind
RegNetX_400MF,Original,RegNetX_400MF (Original),CW,RegNetX_400MF,Finetuned,RegNetX_400MF (Finetuned),Cifar100,0.0836,0.9164,0.9994,0.9169501701020613,True,False,same_arch_cross_kind
RegNetX_400MF,Original,RegNetX_400MF (Original),CW,RegNetX_400MF,Original,RegNetX_400MF (Original),Cifar100,0.0006,0.9994,0.9994,1.0,True,True,self_same_kind
RegNetX_400MF,Original,RegNetX_400MF (Original),CW,InceptionNet,Finetuned,InceptionNet (Finetuned),Cifar100,0.179,0.821,0.9994,0.8214928957374424,False,False,cross_arch_cross_kind
RegNetX_400MF,Original,RegNetX_400MF (Original),CW,InceptionNet,Original,InceptionNet (Original),Cifar100,0.1618,0.8382000000000001,0.9994,0.8387032219331599,False,True,cross_arch_same_kind
RegNetX_400MF,Original,RegNetX_400MF (Original),CW,MobileNet,Original,MobileNet (Original),Cifar100,0.1034,0.8966,0.9994,0.8971382829697818,False,True,cross_arch_same_kind
RegNetX_400MF,Original,RegNetX_400MF (Original),CW,XceptionNet,Finetuned,XceptionNet (Finetuned),Cifar100,0.2032,0.7968,0.9994,0.7972783670202122,False,False,cross_arch_cross_kind
RegNetX_400MF,Original,RegNetX_400MF (Original),CW,XceptionNet,Original,XceptionNet (Original),Cifar100,0.1986,0.8014,0.9994,0.8018811286772064,False,True,cross_arch_same_kind
RegNetX_400MF,Original,RegNetX_400MF (Original),CW,ConvNeXt,Finetuned,ConvNeXt (Finetuned),Cifar100,0.011,0.989,0.9994,0.9895937562537522,False,False,cross_arch_cross_kind
RegNetX_400MF,Original,RegNetX_400MF (Original),CW,ConvNeXt,Original,ConvNeXt (Original),Cifar100,0.1152,0.8848,0.9994,0.8853311987192316,False,True,cross_arch_same_kind
InceptionNet,Finetuned,InceptionNet (Finetuned),PGD,VGG16,Finetuned,VGG16 (Finetuned),Cifar10,0.4838,0.5162,0.7471,0.6909382947396601,False,True,cross_arch_same_kind
InceptionNet,Finetuned,InceptionNet (Finetuned),PGD,VGG16,Original,VGG16 (Original),Cifar10,0.4902,0.5098,0.7471,0.6823718377727213,False,False,cross_arch_cross_kind
InceptionNet,Finetuned,InceptionNet (Finetuned),PGD,RegNetX_400MF,Finetuned,RegNetX_400MF (Finetuned),Cifar10,0.331,0.669,0.7471,0.8954624548253246,False,True,cross_arch_same_kind
InceptionNet,Finetuned,InceptionNet (Finetuned),PGD,RegNetX_400MF,Original,RegNetX_400MF (Original),Cifar10,0.2733,0.7267,0.7471,0.9726944184178825,False,False,cross_arch_cross_kind
InceptionNet,Finetuned,InceptionNet (Finetuned),PGD,InceptionNet,Finetuned,InceptionNet (Finetuned),Cifar10,0.2529,0.7471,0.7471,1.0,True,True,self_same_kind
InceptionNet,Finetuned,InceptionNet (Finetuned),PGD,InceptionNet,Original,InceptionNet (Original),Cifar10,0.4197,0.5803,0.7471,0.7767367152991568,True,False,same_arch_cross_kind
InceptionNet,Finetuned,InceptionNet (Finetuned),PGD,MobileNet,Original,MobileNet (Original),Cifar10,0.3354,0.6646000000000001,0.7471,0.8895730156605542,False,False,cross_arch_cross_kind
InceptionNet,Finetuned,InceptionNet (Finetuned),PGD,XceptionNet,Finetuned,XceptionNet (Finetuned),Cifar10,0.4819,0.5181,0.7471,0.69348146165172,False,True,cross_arch_same_kind
InceptionNet,Finetuned,InceptionNet (Finetuned),PGD,XceptionNet,Original,XceptionNet (Original),Cifar10,0.4673,0.5327,0.7471,0.7130236916075492,False,False,cross_arch_cross_kind
InceptionNet,Finetuned,InceptionNet (Finetuned),PGD,ConvNeXt,Finetuned,ConvNeXt (Finetuned),Cifar10,0.0984,0.9016,0.7471,1.2067996252175077,False,True,cross_arch_same_kind
InceptionNet,Finetuned,InceptionNet (Finetuned),PGD,ConvNeXt,Original,ConvNeXt (Original),Cifar10,0.3459,0.6541,0.7471,0.8755186721991701,False,False,cross_arch_cross_kind
InceptionNet,Finetuned,InceptionNet (Finetuned),FGSM,VGG16,Finetuned,VGG16 (Finetuned),Cifar10,0.4803,0.5197,0.5848,0.8886798905608756,False,True,cross_arch_same_kind
InceptionNet,Finetuned,InceptionNet (Finetuned),FGSM,VGG16,Original,VGG16 (Original),Cifar10,0.492,0.508,0.5848,0.8686730506155951,False,False,cross_arch_cross_kind
InceptionNet,Finetuned,InceptionNet (Finetuned),FGSM,RegNetX_400MF,Finetuned,RegNetX_400MF (Finetuned),Cifar10,0.3352,0.6648000000000001,0.5848,1.1367989056087553,False,True,cross_arch_same_kind
InceptionNet,Finetuned,InceptionNet (Finetuned),FGSM,RegNetX_400MF,Original,RegNetX_400MF (Original),Cifar10,0.2771,0.7229,0.5848,1.2361491108071136,False,False,cross_arch_cross_kind
InceptionNet,Finetuned,InceptionNet (Finetuned),FGSM,InceptionNet,Finetuned,InceptionNet (Finetuned),Cifar10,0.4152,0.5848,0.5848,1.0,True,True,self_same_kind
InceptionNet,Finetuned,InceptionNet (Finetuned),FGSM,InceptionNet,Original,InceptionNet (Original),Cifar10,0.4371,0.5629,0.5848,0.9625512995896033,True,False,same_arch_cross_kind
InceptionNet,Finetuned,InceptionNet (Finetuned),FGSM,MobileNet,Original,MobileNet (Original),Cifar10,0.336,0.6639999999999999,0.5848,1.1354309165526675,False,False,cross_arch_cross_kind
InceptionNet,Finetuned,InceptionNet (Finetuned),FGSM,XceptionNet,Finetuned,XceptionNet (Finetuned),Cifar10,0.4875,0.5125,0.5848,0.8763679890560875,False,True,cross_arch_same_kind
InceptionNet,Finetuned,InceptionNet (Finetuned),FGSM,XceptionNet,Original,XceptionNet (Original),Cifar10,0.4733,0.5267,0.5848,0.9006497948016415,False,False,cross_arch_cross_kind
InceptionNet,Finetuned,InceptionNet (Finetuned),FGSM,ConvNeXt,Finetuned,ConvNeXt (Finetuned),Cifar10,0.0983,0.9017,0.5848,1.5418946648426812,False,True,cross_arch_same_kind
InceptionNet,Finetuned,InceptionNet (Finetuned),FGSM,ConvNeXt,Original,ConvNeXt (Original),Cifar10,0.347,0.653,0.5848,1.1166210670314638,False,False,cross_arch_cross_kind
InceptionNet,Finetuned,InceptionNet (Finetuned),BIM,VGG16,Finetuned,VGG16 (Finetuned),Cifar10,0.8832,0.11680000000000001,0.3198999999999999,0.3651140981556738,False,True,cross_arch_same_kind
InceptionNet,Finetuned,InceptionNet (Finetuned),BIM,VGG16,Original,VGG16 (Original),Cifar10,0.8851,0.1149,0.3198999999999999,0.35917474210690853,False,False,cross_arch_cross_kind
InceptionNet,Finetuned,InceptionNet (Finetuned),BIM,RegNetX_400MF,Finetuned,RegNetX_400MF (Finetuned),Cifar10,0.7424,0.25760000000000005,0.3198999999999999,0.805251641137856,False,True,cross_arch_same_kind
InceptionNet,Finetuned,InceptionNet (Finetuned),BIM,RegNetX_400MF,Original,RegNetX_400MF (Original),Cifar10,0.6675,0.3325,0.3198999999999999,1.0393873085339171,False,False,cross_arch_cross_kind
InceptionNet,Finetuned,InceptionNet (Finetuned),BIM,InceptionNet,Finetuned,InceptionNet (Finetuned),Cifar10,0.6801,0.31989999999999996,0.3198999999999999,1.0000000000000002,True,True,self_same_kind
InceptionNet,Finetuned,InceptionNet (Finetuned),BIM,InceptionNet,Original,InceptionNet (Original),Cifar10,0.8046,0.19540000000000002,0.3198999999999999,0.6108158799624885,True,False,same_arch_cross_kind
InceptionNet,Finetuned,InceptionNet (Finetuned),BIM,MobileNet,Original,MobileNet (Original),Cifar10,0.7421,0.2579,0.3198999999999999,0.8061894341981872,False,False,cross_arch_cross_kind
InceptionNet,Finetuned,InceptionNet (Finetuned),BIM,XceptionNet,Finetuned,XceptionNet (Finetuned),Cifar10,0.8552,0.14480000000000004,0.3198999999999999,0.4526414504532669,False,True,cross_arch_same_kind
InceptionNet,Finetuned,InceptionNet (Finetuned),BIM,XceptionNet,Original,XceptionNet (Original),Cifar10,0.84,0.16000000000000003,0.3198999999999999,0.5001562988433887,False,False,cross_arch_cross_kind
InceptionNet,Finetuned,InceptionNet (Finetuned),BIM,ConvNeXt,Finetuned,ConvNeXt (Finetuned),Cifar10,0.0908,0.9092,0.3198999999999999,2.842138168177556,False,True,cross_arch_same_kind
InceptionNet,Finetuned,InceptionNet (Finetuned),BIM,ConvNeXt,Original,ConvNeXt (Original),Cifar10,0.7177,0.2823,0.3198999999999999,0.8824632697718039,False,False,cross_arch_cross_kind
InceptionNet,Finetuned,InceptionNet (Finetuned),APGD,VGG16,Finetuned,VGG16 (Finetuned),Cifar10,0.5486,0.4514,0.8204,0.5502194051682107,False,True,cross_arch_same_kind
InceptionNet,Finetuned,InceptionNet (Finetuned),APGD,VGG16,Original,VGG16 (Original),Cifar10,0.5549,0.44510000000000005,0.8204,0.5425402242808387,False,False,cross_arch_cross_kind
InceptionNet,Finetuned,InceptionNet (Finetuned),APGD,RegNetX_400MF,Finetuned,RegNetX_400MF (Finetuned),Cifar10,0.3797,0.6203000000000001,0.8204,0.7560945880058508,False,True,cross_arch_same_kind
InceptionNet,Finetuned,InceptionNet (Finetuned),APGD,RegNetX_400MF,Original,RegNetX_400MF (Original),Cifar10,0.3389,0.6611,0.8204,0.8058264261335933,False,False,cross_arch_cross_kind
InceptionNet,Finetuned,InceptionNet (Finetuned),APGD,InceptionNet,Finetuned,InceptionNet (Finetuned),Cifar10,0.1797,0.8203,0.8204,0.999878108239883,True,True,self_same_kind
InceptionNet,Finetuned,InceptionNet (Finetuned),APGD,InceptionNet,Original,InceptionNet (Original),Cifar10,0.4376,0.5624,0.8204,0.6855192588980985,True,False,same_arch_cross_kind
InceptionNet,Finetuned,InceptionNet (Finetuned),APGD,MobileNet,Original,MobileNet (Original),Cifar10,0.3791,0.6209,0.8204,0.7568259385665529,False,False,cross_arch_cross_kind
InceptionNet,Finetuned,InceptionNet (Finetuned),APGD,XceptionNet,Finetuned,XceptionNet (Finetuned),Cifar10,0.5134,0.48660000000000003,0.8204,0.5931253047294003,False,True,cross_arch_same_kind
InceptionNet,Finetuned,InceptionNet (Finetuned),APGD,XceptionNet,Original,XceptionNet (Original),Cifar10,0.498,0.502,0.8204,0.6118966357874207,False,False,cross_arch_cross_kind
InceptionNet,Finetuned,InceptionNet (Finetuned),APGD,ConvNeXt,Finetuned,ConvNeXt (Finetuned),Cifar10,0.0969,0.9031,0.8204,1.1008044856167722,False,True,cross_arch_same_kind
InceptionNet,Finetuned,InceptionNet (Finetuned),APGD,ConvNeXt,Original,ConvNeXt (Original),Cifar10,0.3967,0.6033,0.8204,0.735372988785958,False,False,cross_arch_cross_kind
InceptionNet,Finetuned,InceptionNet (Finetuned),CW,VGG16,Finetuned,VGG16 (Finetuned),Cifar10,0.5012,0.4988,0.9822,0.5078395438810833,False,True,cross_arch_same_kind
InceptionNet,Finetuned,InceptionNet (Finetuned),CW,VGG16,Original,VGG16 (Original),Cifar10,0.5094,0.49060000000000004,0.9822,0.4994909387090206,False,False,cross_arch_cross_kind
InceptionNet,Finetuned,InceptionNet (Finetuned),CW,RegNetX_400MF,Finetuned,RegNetX_400MF (Finetuned),Cifar10,0.3385,0.6615,0.9822,0.6734880879657911,False,True,cross_arch_same_kind
InceptionNet,Finetuned,InceptionNet (Finetuned),CW,RegNetX_400MF,Original,RegNetX_400MF (Original),Cifar10,0.2829,0.7171000000000001,0.9822,0.7300957035227043,False,False,cross_arch_cross_kind
InceptionNet,Finetuned,InceptionNet (Finetuned),CW,InceptionNet,Finetuned,InceptionNet (Finetuned),Cifar10,0.0178,0.9822,0.9822,1.0,True,True,self_same_kind
InceptionNet,Finetuned,InceptionNet (Finetuned),CW,InceptionNet,Original,InceptionNet (Original),Cifar10,0.4468,0.5532,0.9822,0.5632254123396457,True,False,same_arch_cross_kind
InceptionNet,Finetuned,InceptionNet (Finetuned),CW,MobileNet,Original,MobileNet (Original),Cifar10,0.3406,0.6594,0.9822,0.6713500305436775,False,False,cross_arch_cross_kind
InceptionNet,Finetuned,InceptionNet (Finetuned),CW,XceptionNet,Finetuned,XceptionNet (Finetuned),Cifar10,0.5008,0.4992,0.9822,0.5082467929138669,False,True,cross_arch_same_kind
InceptionNet,Finetuned,InceptionNet (Finetuned),CW,XceptionNet,Original,XceptionNet (Original),Cifar10,0.4869,0.5131,0.9822,0.5223986968030951,False,False,cross_arch_cross_kind
InceptionNet,Finetuned,InceptionNet (Finetuned),CW,ConvNeXt,Finetuned,ConvNeXt (Finetuned),Cifar10,0.0984,0.9016,0.9822,0.9179393198941153,False,True,cross_arch_same_kind
InceptionNet,Finetuned,InceptionNet (Finetuned),CW,ConvNeXt,Original,ConvNeXt (Original),Cifar10,0.3559,0.6441,0.9822,0.6557727550397068,False,False,cross_arch_cross_kind
InceptionNet,Finetuned,InceptionNet (Finetuned),DeepFool,VGG16,Finetuned,VGG16 (Finetuned),Cifar10,0.511,0.489,0.8488,0.5761074458058435,False,True,cross_arch_same_kind
InceptionNet,Finetuned,InceptionNet (Finetuned),DeepFool,VGG16,Original,VGG16 (Original),Cifar10,0.5188,0.48119999999999996,0.8488,0.5669180018850141,False,False,cross_arch_cross_kind
InceptionNet,Finetuned,InceptionNet (Finetuned),DeepFool,RegNetX_400MF,Finetuned,RegNetX_400MF (Finetuned),Cifar10,0.3354,0.6646000000000001,0.8488,0.7829877474081056,False,True,cross_arch_same_kind
InceptionNet,Finetuned,InceptionNet (Finetuned),DeepFool,RegNetX_400MF,Original,RegNetX_400MF (Original),Cifar10,0.2832,0.7168,0.8488,0.8444863336475024,False,False,cross_arch_cross_kind
InceptionNet,Finetuned,InceptionNet (Finetuned),DeepFool,InceptionNet,Finetuned,InceptionNet (Finetuned),Cifar10,0.1512,0.8488,0.8488,1.0,True,True,self_same_kind
InceptionNet,Finetuned,InceptionNet (Finetuned),DeepFool,InceptionNet,Original,InceptionNet (Original),Cifar10,0.4313,0.5687,0.8488,0.670004712535344,True,False,same_arch_cross_kind
InceptionNet,Finetuned,InceptionNet (Finetuned),DeepFool,MobileNet,Original,MobileNet (Original),Cifar10,0.3371,0.6629,0.8488,0.7809849198868992,False,False,cross_arch_cross_kind
InceptionNet,Finetuned,InceptionNet (Finetuned),DeepFool,XceptionNet,Finetuned,XceptionNet (Finetuned),Cifar10,0.5009,0.4991,0.8488,0.5880065975494816,False,True,cross_arch_same_kind
InceptionNet,Finetuned,InceptionNet (Finetuned),DeepFool,XceptionNet,Original,XceptionNet (Original),Cifar10,0.4825,0.5175000000000001,0.8488,0.6096842601319511,False,False,cross_arch_cross_kind
InceptionNet,Finetuned,InceptionNet (Finetuned),DeepFool,ConvNeXt,Finetuned,ConvNeXt (Finetuned),Cifar10,0.0972,0.9028,0.8488,1.0636192271442035,False,True,cross_arch_same_kind
InceptionNet,Finetuned,InceptionNet (Finetuned),DeepFool,ConvNeXt,Original,ConvNeXt (Original),Cifar10,0.3596,0.6404000000000001,0.8488,0.7544769085768144,False,False,cross_arch_cross_kind
InceptionNet,Original,InceptionNet (Original),PGD,VGG16,Finetuned,VGG16 (Finetuned),Cifar10,0.4878,0.5122,0.7724,0.6631279129984464,False,False,cross_arch_cross_kind
InceptionNet,Original,InceptionNet (Original),PGD,VGG16,Original,VGG16 (Original),Cifar10,0.4961,0.5039,0.7724,0.6523821853961679,False,True,cross_arch_same_kind
InceptionNet,Original,InceptionNet (Original),PGD,RegNetX_400MF,Finetuned,RegNetX_400MF (Finetuned),Cifar10,0.3325,0.6675,0.7724,0.8641895390989125,False,False,cross_arch_cross_kind
InceptionNet,Original,InceptionNet (Original),PGD,RegNetX_400MF,Original,RegNetX_400MF (Original),Cifar10,0.2751,0.7249,0.7724,0.9385033661315381,False,True,cross_arch_same_kind
InceptionNet,Original,InceptionNet (Original),PGD,InceptionNet,Finetuned,InceptionNet (Finetuned),Cifar10,0.4286,0.5714,0.7724,0.7397721387881927,True,False,same_arch_cross_kind
InceptionNet,Original,InceptionNet (Original),PGD,InceptionNet,Original,InceptionNet (Original),Cifar10,0.2276,0.7724,0.7724,1.0,True,True,self_same_kind
InceptionNet,Original,InceptionNet (Original),PGD,MobileNet,Original,MobileNet (Original),Cifar10,0.3344,0.6656,0.7724,0.861729673744174,False,True,cross_arch_same_kind
InceptionNet,Original,InceptionNet (Original),PGD,XceptionNet,Finetuned,XceptionNet (Finetuned),Cifar10,0.4845,0.5155000000000001,0.7724,0.6674003107198344,False,False,cross_arch_cross_kind
InceptionNet,Original,InceptionNet (Original),PGD,XceptionNet,Original,XceptionNet (Original),Cifar10,0.4703,0.5297000000000001,0.7724,0.685784567581564,False,True,cross_arch_same_kind
InceptionNet,Original,InceptionNet (Original),PGD,ConvNeXt,Finetuned,ConvNeXt (Finetuned),Cifar10,0.099,0.901,0.7724,1.1664940445365097,False,False,cross_arch_cross_kind
InceptionNet,Original,InceptionNet (Original),PGD,ConvNeXt,Original,ConvNeXt (Original),Cifar10,0.3463,0.6537,0.7724,0.846323148627654,False,True,cross_arch_same_kind
InceptionNet,Original,InceptionNet (Original),FGSM,VGG16,Finetuned,VGG16 (Finetuned),Cifar10,0.4847,0.5153,0.5972,0.8628600133958473,False,False,cross_arch_cross_kind
InceptionNet,Original,InceptionNet (Original),FGSM,VGG16,Original,VGG16 (Original),Cifar10,0.4959,0.5041,0.5972,0.8441058271935701,False,True,cross_arch_same_kind
InceptionNet,Original,InceptionNet (Original),FGSM,RegNetX_400MF,Finetuned,RegNetX_400MF (Finetuned),Cifar10,0.3351,0.6649,0.5972,1.1133623576691227,False,False,cross_arch_cross_kind
InceptionNet,Original,InceptionNet (Original),FGSM,RegNetX_400MF,Original,RegNetX_400MF (Original),Cifar10,0.2777,0.7222999999999999,0.5972,1.2094775619557938,False,True,cross_arch_same_kind
InceptionNet,Original,InceptionNet (Original),FGSM,InceptionNet,Finetuned,InceptionNet (Finetuned),Cifar10,0.4393,0.5607,0.5972,0.9388814467515071,True,False,same_arch_cross_kind
InceptionNet,Original,InceptionNet (Original),FGSM,InceptionNet,Original,InceptionNet (Original),Cifar10,0.4028,0.5972,0.5972,1.0,True,True,self_same_kind
InceptionNet,Original,InceptionNet (Original),FGSM,MobileNet,Original,MobileNet (Original),Cifar10,0.3386,0.6614,0.5972,1.107501674480911,False,True,cross_arch_same_kind
InceptionNet,Original,InceptionNet (Original),FGSM,XceptionNet,Finetuned,XceptionNet (Finetuned),Cifar10,0.4879,0.5121,0.5972,0.857501674480911,False,False,cross_arch_cross_kind
InceptionNet,Original,InceptionNet (Original),FGSM,XceptionNet,Original,XceptionNet (Original),Cifar10,0.4737,0.5263,0.5972,0.8812793034159411,False,True,cross_arch_same_kind
InceptionNet,Original,InceptionNet (Original),FGSM,ConvNeXt,Finetuned,ConvNeXt (Finetuned),Cifar10,0.0985,0.9015,0.5972,1.5095445411922306,False,False,cross_arch_cross_kind
InceptionNet,Original,InceptionNet (Original),FGSM,ConvNeXt,Original,ConvNeXt (Original),Cifar10,0.3494,0.6506000000000001,0.5972,1.089417280643001,False,True,cross_arch_same_kind
InceptionNet,Original,InceptionNet (Original),BIM,VGG16,Finetuned,VGG16 (Finetuned),Cifar10,0.8865,0.11350000000000005,0.3564,0.31846240179573526,False,False,cross_arch_cross_kind
InceptionNet,Original,InceptionNet (Original),BIM,VGG16,Original,VGG16 (Original),Cifar10,0.8877,0.11229999999999996,0.3564,0.31509539842873163,False,True,cross_arch_same_kind
InceptionNet,Original,InceptionNet (Original),BIM,RegNetX_400MF,Finetuned,RegNetX_400MF (Finetuned),Cifar10,0.744,0.256,0.3564,0.718294051627385,False,False,cross_arch_cross_kind
InceptionNet,Original,InceptionNet (Original),BIM,RegNetX_400MF,Original,RegNetX_400MF (Original),Cifar10,0.6696,0.3304,0.3564,0.9270482603815938,False,True,cross_arch_same_kind
InceptionNet,Original,InceptionNet (Original),BIM,InceptionNet,Finetuned,InceptionNet (Finetuned),Cifar10,0.8188,0.18120000000000003,0.3564,0.5084175084175085,True,False,same_arch_cross_kind
InceptionNet,Original,InceptionNet (Original),BIM,InceptionNet,Original,InceptionNet (Original),Cifar10,0.6436,0.35640000000000005,0.3564,1.0000000000000002,True,True,self_same_kind
InceptionNet,Original,InceptionNet (Original),BIM,MobileNet,Original,MobileNet (Original),Cifar10,0.7399,0.2601,0.3564,0.7297979797979798,False,True,cross_arch_same_kind
InceptionNet,Original,InceptionNet (Original),BIM,XceptionNet,Finetuned,XceptionNet (Finetuned),Cifar10,0.8554,0.14459999999999995,0.3564,0.4057239057239056,False,False,cross_arch_cross_kind
InceptionNet,Original,InceptionNet (Original),BIM,XceptionNet,Original,XceptionNet (Original),Cifar10,0.8417,0.1583,0.3564,0.4441638608305275,False,True,cross_arch_same_kind
InceptionNet,Original,InceptionNet (Original),BIM,ConvNeXt,Finetuned,ConvNeXt (Finetuned),Cifar10,0.0903,0.9097,0.3564,2.552469135802469,False,False,cross_arch_cross_kind
InceptionNet,Original,InceptionNet (Original),BIM,ConvNeXt,Original,ConvNeXt (Original),Cifar10,0.7178,0.2822,0.3564,0.7918069584736251,False,True,cross_arch_same_kind
InceptionNet,Original,InceptionNet (Original),APGD,VGG16,Finetuned,VGG16 (Finetuned),Cifar10,0.559,0.44099999999999995,0.8445,0.5222024866785079,False,False,cross_arch_cross_kind
InceptionNet,Original,InceptionNet (Original),APGD,VGG16,Original,VGG16 (Original),Cifar10,0.5633,0.4367,0.8445,0.5171107164002368,False,True,cross_arch_same_kind
InceptionNet,Original,InceptionNet (Original),APGD,RegNetX_400MF,Finetuned,RegNetX_400MF (Finetuned),Cifar10,0.382,0.618,0.8445,0.7317939609236234,False,False,cross_arch_cross_kind
InceptionNet,Original,InceptionNet (Original),APGD,RegNetX_400MF,Original,RegNetX_400MF (Original),Cifar10,0.3329,0.6671,0.8445,0.789934872705743,False,True,cross_arch_same_kind
InceptionNet,Original,InceptionNet (Original),APGD,InceptionNet,Finetuned,InceptionNet (Finetuned),Cifar10,0.4514,0.5486,0.8445,0.6496151568975724,True,False,same_arch_cross_kind
InceptionNet,Original,InceptionNet (Original),APGD,InceptionNet,Original,InceptionNet (Original),Cifar10,0.1555,0.8445,0.8445,1.0,True,True,self_same_kind
InceptionNet,Original,InceptionNet (Original),APGD,MobileNet,Original,MobileNet (Original),Cifar10,0.3819,0.6181,0.8445,0.7319123741859088,False,True,cross_arch_same_kind
InceptionNet,Original,InceptionNet (Original),APGD,XceptionNet,Finetuned,XceptionNet (Finetuned),Cifar10,0.5175,0.48250000000000004,0.8445,0.5713439905269391,False,False,cross_arch_cross_kind
InceptionNet,Original,InceptionNet (Original),APGD,XceptionNet,Original,XceptionNet (Original),Cifar10,0.5013,0.49870000000000003,0.8445,0.5905269390171699,False,True,cross_arch_same_kind
InceptionNet,Original,InceptionNet (Original),APGD,ConvNeXt,Finetuned,ConvNeXt (Finetuned),Cifar10,0.0955,0.9045,0.8445,1.0710479573712255,False,False,cross_arch_cross_kind
InceptionNet,Original,InceptionNet (Original),APGD,ConvNeXt,Original,ConvNeXt (Original),Cifar10,0.3969,0.6031,0.8445,0.7141503848431023,False,True,cross_arch_same_kind
InceptionNet,Original,InceptionNet (Original),CW,VGG16,Finetuned,VGG16 (Finetuned),Cifar10,0.5014,0.49860000000000004,0.9931,0.5020642432786225,False,False,cross_arch_cross_kind
InceptionNet,Original,InceptionNet (Original),CW,VGG16,Original,VGG16 (Original),Cifar10,0.5124,0.48760000000000003,0.9931,0.49098781592991647,False,True,cross_arch_same_kind
InceptionNet,Original,InceptionNet (Original),CW,RegNetX_400MF,Finetuned,RegNetX_400MF (Finetuned),Cifar10,0.3358,0.6642,0.9931,0.6688148222736885,False,False,cross_arch_cross_kind
InceptionNet,Original,InceptionNet (Original),CW,RegNetX_400MF,Original,RegNetX_400MF (Original),Cifar10,0.2788,0.7212000000000001,0.9931,0.7262108548988018,False,True,cross_arch_same_kind
InceptionNet,Original,InceptionNet (Original),CW,InceptionNet,Finetuned,InceptionNet (Finetuned),Cifar10,0.4533,0.5467,0.9931,0.5504984392306917,True,False,same_arch_cross_kind
InceptionNet,Original,InceptionNet (Original),CW,InceptionNet,Original,InceptionNet (Original),Cifar10,0.0069,0.9931,0.9931,1.0,True,True,self_same_kind
InceptionNet,Original,InceptionNet (Original),CW,MobileNet,Original,MobileNet (Original),Cifar10,0.3409,0.6591,0.9931,0.663679387775652,False,True,cross_arch_same_kind
InceptionNet,Original,InceptionNet (Original),CW,XceptionNet,Finetuned,XceptionNet (Finetuned),Cifar10,0.5027,0.49729999999999996,0.9931,0.5007552109555936,False,False,cross_arch_cross_kind
InceptionNet,Original,InceptionNet (Original),CW,XceptionNet,Original,XceptionNet (Original),Cifar10,0.4887,0.5113,0.9931,0.514852482126674,False,True,cross_arch_same_kind
InceptionNet,Original,InceptionNet (Original),CW,ConvNeXt,Finetuned,ConvNeXt (Finetuned),Cifar10,0.0988,0.9012,0.9931,0.9074614842412647,False,False,cross_arch_cross_kind
InceptionNet,Original,InceptionNet (Original),CW,ConvNeXt,Original,ConvNeXt (Original),Cifar10,0.3518,0.6482,0.9931,0.6527036552210251,False,True,cross_arch_same_kind
InceptionNet,Original,InceptionNet (Original),DeepFool,VGG16,Finetuned,VGG16 (Finetuned),Cifar10,0.533,0.46699999999999997,0.8537,0.5470305728007496,False,False,cross_arch_cross_kind
InceptionNet,Original,InceptionNet (Original),DeepFool,VGG16,Original,VGG16 (Original),Cifar10,0.5385,0.4615,0.8537,0.5405880285814689,False,True,cross_arch_same_kind
InceptionNet,Original,InceptionNet (Original),DeepFool,RegNetX_400MF,Finetuned,RegNetX_400MF (Finetuned),Cifar10,0.3472,0.6528,0.8537,0.7646714302448168,False,False,cross_arch_cross_kind
InceptionNet,Original,InceptionNet (Original),DeepFool,RegNetX_400MF,Original,RegNetX_400MF (Original),Cifar10,0.2888,0.7112,0.8537,0.8330795361368163,False,True,cross_arch_same_kind
InceptionNet,Original,InceptionNet (Original),DeepFool,InceptionNet,Finetuned,InceptionNet (Finetuned),Cifar10,0.4514,0.5486,0.8537,0.6426145015813517,True,False,same_arch_cross_kind
InceptionNet,Original,InceptionNet (Original),DeepFool,InceptionNet,Original,InceptionNet (Original),Cifar10,0.1463,0.8537,0.8537,1.0,True,True,self_same_kind
InceptionNet,Original,InceptionNet (Original),DeepFool,MobileNet,Original,MobileNet (Original),Cifar10,0.3449,0.6551,0.8537,0.7673655851001523,False,True,cross_arch_same_kind
InceptionNet,Original,InceptionNet (Original),DeepFool,XceptionNet,Finetuned,XceptionNet (Finetuned),Cifar10,0.5117,0.48829999999999996,0.8537,0.5719807895045097,False,False,cross_arch_cross_kind
InceptionNet,Original,InceptionNet (Original),DeepFool,XceptionNet,Original,XceptionNet (Original),Cifar10,0.4921,0.5079,0.8537,0.594939674358674,False,True,cross_arch_same_kind
InceptionNet,Original,InceptionNet (Original),DeepFool,ConvNeXt,Finetuned,ConvNeXt (Finetuned),Cifar10,0.1,0.9,0.8537,1.054234508609582,False,False,cross_arch_cross_kind
InceptionNet,Original,InceptionNet (Original),DeepFool,ConvNeXt,Original,ConvNeXt (Original),Cifar10,0.3631,0.6369,0.8537,0.7460466205927141,False,True,cross_arch_same_kind
InceptionNet,Finetuned,InceptionNet (Finetuned),PGD,VGG16,Finetuned,VGG16 (Finetuned),Cifar100,0.2064,0.7936,0.9161,0.8662809736928282,False,True,cross_arch_same_kind
InceptionNet,Finetuned,InceptionNet (Finetuned),PGD,VGG16,Original,VGG16 (Original),Cifar100,0.1342,0.8658,0.9161,0.9450933304224429,False,False,cross_arch_cross_kind
InceptionNet,Finetuned,InceptionNet (Finetuned),PGD,RegNetX_400MF,Finetuned,RegNetX_400MF (Finetuned),Cifar100,0.0815,0.9185,0.9161,1.0026198013317322,False,True,cross_arch_same_kind
InceptionNet,Finetuned,InceptionNet (Finetuned),PGD,RegNetX_400MF,Original,RegNetX_400MF (Original),Cifar100,0.0624,0.9376,0.9161,1.0234690535967688,False,False,cross_arch_cross_kind
InceptionNet,Finetuned,InceptionNet (Finetuned),PGD,InceptionNet,Finetuned,InceptionNet (Finetuned),Cifar100,0.0839,0.9161,0.9161,1.0,True,True,self_same_kind
InceptionNet,Finetuned,InceptionNet (Finetuned),PGD,InceptionNet,Original,InceptionNet (Original),Cifar100,0.137,0.863,0.9161,0.9420368955354219,True,False,same_arch_cross_kind
InceptionNet,Finetuned,InceptionNet (Finetuned),PGD,MobileNet,Original,MobileNet (Original),Cifar100,0.0974,0.9026,0.9161,0.9852636175090055,False,False,cross_arch_cross_kind
InceptionNet,Finetuned,InceptionNet (Finetuned),PGD,XceptionNet,Finetuned,XceptionNet (Finetuned),Cifar100,0.1846,0.8154,0.9161,0.8900775024560638,False,True,cross_arch_same_kind
InceptionNet,Finetuned,InceptionNet (Finetuned),PGD,XceptionNet,Original,XceptionNet (Original),Cifar100,0.179,0.821,0.9161,0.8961903722301058,False,False,cross_arch_cross_kind
InceptionNet,Finetuned,InceptionNet (Finetuned),PGD,ConvNeXt,Finetuned,ConvNeXt (Finetuned),Cifar100,0.0113,0.9887,0.9161,1.0792489902849034,False,True,cross_arch_same_kind
InceptionNet,Finetuned,InceptionNet (Finetuned),PGD,ConvNeXt,Original,ConvNeXt (Original),Cifar100,0.1128,0.8872,0.9161,0.9684532256303896,False,False,cross_arch_cross_kind
InceptionNet,Finetuned,InceptionNet (Finetuned),FGSM,VGG16,Finetuned,VGG16 (Finetuned),Cifar100,0.2067,0.7933,0.8424,0.9417141500474834,False,True,cross_arch_same_kind
InceptionNet,Finetuned,InceptionNet (Finetuned),FGSM,VGG16,Original,VGG16 (Original),Cifar100,0.1362,0.8638,0.8424,1.025403608736942,False,False,cross_arch_cross_kind
InceptionNet,Finetuned,InceptionNet (Finetuned),FGSM,RegNetX_400MF,Finetuned,RegNetX_400MF (Finetuned),Cifar100,0.082,0.918,0.8424,1.0897435897435896,False,True,cross_arch_same_kind
InceptionNet,Finetuned,InceptionNet (Finetuned),FGSM,RegNetX_400MF,Original,RegNetX_400MF (Original),Cifar100,0.0637,0.9363,0.8424,1.1114672364672364,False,False,cross_arch_cross_kind
InceptionNet,Finetuned,InceptionNet (Finetuned),FGSM,InceptionNet,Finetuned,InceptionNet (Finetuned),Cifar100,0.1576,0.8424,0.8424,1.0,True,True,self_same_kind
InceptionNet,Finetuned,InceptionNet (Finetuned),FGSM,InceptionNet,Original,InceptionNet (Original),Cifar100,0.1469,0.8531,0.8424,1.012701804368471,True,False,same_arch_cross_kind
InceptionNet,Finetuned,InceptionNet (Finetuned),FGSM,MobileNet,Original,MobileNet (Original),Cifar100,0.101,0.899,0.8424,1.0671889838556505,False,False,cross_arch_cross_kind
InceptionNet,Finetuned,InceptionNet (Finetuned),FGSM,XceptionNet,Finetuned,XceptionNet (Finetuned),Cifar100,0.1878,0.8122,0.8424,0.9641500474833808,False,True,cross_arch_same_kind
InceptionNet,Finetuned,InceptionNet (Finetuned),FGSM,XceptionNet,Original,XceptionNet (Original),Cifar100,0.1849,0.8150999999999999,0.8424,0.9675925925925924,False,False,cross_arch_cross_kind
InceptionNet,Finetuned,InceptionNet (Finetuned),FGSM,ConvNeXt,Finetuned,ConvNeXt (Finetuned),Cifar100,0.0108,0.9892,0.8424,1.1742640075973407,False,True,cross_arch_same_kind
InceptionNet,Finetuned,InceptionNet (Finetuned),FGSM,ConvNeXt,Original,ConvNeXt (Original),Cifar100,0.1138,0.8862,0.8424,1.0519943019943019,False,False,cross_arch_cross_kind
InceptionNet,Finetuned,InceptionNet (Finetuned),BIM,VGG16,Finetuned,VGG16 (Finetuned),Cifar100,0.6162,0.38380000000000003,0.6402,0.5995001562011871,False,True,cross_arch_same_kind
InceptionNet,Finetuned,InceptionNet (Finetuned),BIM,VGG16,Original,VGG16 (Original),Cifar100,0.4846,0.5154000000000001,0.6402,0.8050609184629804,False,False,cross_arch_cross_kind
InceptionNet,Finetuned,InceptionNet (Finetuned),BIM,RegNetX_400MF,Finetuned,RegNetX_400MF (Finetuned),Cifar100,0.338,0.6619999999999999,0.6402,1.0340518587941268,False,True,cross_arch_same_kind
InceptionNet,Finetuned,InceptionNet (Finetuned),BIM,RegNetX_400MF,Original,RegNetX_400MF (Original),Cifar100,0.2853,0.7147,0.6402,1.1163698844111216,False,False,cross_arch_cross_kind
InceptionNet,Finetuned,InceptionNet (Finetuned),BIM,InceptionNet,Finetuned,InceptionNet (Finetuned),Cifar100,0.3598,0.6402,0.6402,1.0,True,True,self_same_kind
InceptionNet,Finetuned,InceptionNet (Finetuned),BIM,InceptionNet,Original,InceptionNet (Original),Cifar100,0.473,0.527,0.6402,0.823180256169947,True,False,same_arch_cross_kind
InceptionNet,Finetuned,InceptionNet (Finetuned),BIM,MobileNet,Original,MobileNet (Original),Cifar100,0.3543,0.6456999999999999,0.6402,1.0085910652920962,False,False,cross_arch_cross_kind
InceptionNet,Finetuned,InceptionNet (Finetuned),BIM,XceptionNet,Finetuned,XceptionNet (Finetuned),Cifar100,0.5364,0.4636,0.6402,0.7241487035301468,False,True,cross_arch_same_kind
InceptionNet,Finetuned,InceptionNet (Finetuned),BIM,XceptionNet,Original,XceptionNet (Original),Cifar100,0.528,0.472,0.6402,0.7372696032489847,False,False,cross_arch_cross_kind
InceptionNet,Finetuned,InceptionNet (Finetuned),BIM,ConvNeXt,Finetuned,ConvNeXt (Finetuned),Cifar100,0.0107,0.9893,0.6402,1.5452983442674164,False,True,cross_arch_same_kind
InceptionNet,Finetuned,InceptionNet (Finetuned),BIM,ConvNeXt,Original,ConvNeXt (Original),Cifar100,0.3603,0.6396999999999999,0.6402,0.9992189940643548,False,False,cross_arch_cross_kind
InceptionNet,Finetuned,InceptionNet (Finetuned),APGD,VGG16,Finetuned,VGG16 (Finetuned),Cifar100,0.3464,0.6536,0.9418,0.6939902314716501,False,True,cross_arch_same_kind
InceptionNet,Finetuned,InceptionNet (Finetuned),APGD,VGG16,Original,VGG16 (Original),Cifar100,0.2344,0.7656000000000001,0.9418,0.8129114461669145,False,False,cross_arch_cross_kind
InceptionNet,Finetuned,InceptionNet (Finetuned),APGD,RegNetX_400MF,Finetuned,RegNetX_400MF (Finetuned),Cifar100,0.1419,0.8581,0.9418,0.9111276279464855,False,True,cross_arch_same_kind
InceptionNet,Finetuned,InceptionNet (Finetuned),APGD,RegNetX_400MF,Original,RegNetX_400MF (Original),Cifar100,0.1211,0.8789,0.9418,0.9332129963898917,False,False,cross_arch_cross_kind
InceptionNet,Finetuned,InceptionNet (Finetuned),APGD,InceptionNet,Finetuned,InceptionNet (Finetuned),Cifar100,0.0582,0.9418,0.9418,1.0,True,True,self_same_kind
InceptionNet,Finetuned,InceptionNet (Finetuned),APGD,InceptionNet,Original,InceptionNet (Original),Cifar100,0.2025,0.7975,0.9418,0.8467827564238692,True,False,same_arch_cross_kind
InceptionNet,Finetuned,InceptionNet (Finetuned),APGD,MobileNet,Original,MobileNet (Original),Cifar100,0.1567,0.8432999999999999,0.9418,0.895413038861754,False,False,cross_arch_cross_kind
InceptionNet,Finetuned,InceptionNet (Finetuned),APGD,XceptionNet,Finetuned,XceptionNet (Finetuned),Cifar100,0.264,0.736,0.9418,0.7814822679974517,False,True,cross_arch_same_kind
InceptionNet,Finetuned,InceptionNet (Finetuned),APGD,XceptionNet,Original,XceptionNet (Original),Cifar100,0.2593,0.7407,0.9418,0.7864727118284137,False,False,cross_arch_cross_kind
InceptionNet,Finetuned,InceptionNet (Finetuned),APGD,ConvNeXt,Finetuned,ConvNeXt (Finetuned),Cifar100,0.0115,0.9885,0.9418,1.0495858993416862,False,True,cross_arch_same_kind
InceptionNet,Finetuned,InceptionNet (Finetuned),APGD,ConvNeXt,Original,ConvNeXt (Original),Cifar100,0.172,0.8280000000000001,0.9418,0.8791675514971332,False,False,cross_arch_cross_kind
InceptionNet,Finetuned,InceptionNet (Finetuned),CW,VGG16,Finetuned,VGG16 (Finetuned),Cifar100,0.2267,0.7733,0.985,0.7850761421319797,False,True,cross_arch_same_kind
InceptionNet,Finetuned,InceptionNet (Finetuned),CW,VGG16,Original,VGG16 (Original),Cifar100,0.144,0.856,0.985,0.8690355329949239,False,False,cross_arch_cross_kind
InceptionNet,Finetuned,InceptionNet (Finetuned),CW,RegNetX_400MF,Finetuned,RegNetX_400MF (Finetuned),Cifar100,0.09,0.91,0.985,0.9238578680203046,False,True,cross_arch_same_kind
InceptionNet,Finetuned,InceptionNet (Finetuned),CW,RegNetX_400MF,Original,RegNetX_400MF (Original),Cifar100,0.0691,0.9309000000000001,0.985,0.9450761421319798,False,False,cross_arch_cross_kind
InceptionNet,Finetuned,InceptionNet (Finetuned),CW,InceptionNet,Finetuned,InceptionNet (Finetuned),Cifar100,0.015,0.985,0.985,1.0,True,True,self_same_kind
InceptionNet,Finetuned,InceptionNet (Finetuned),CW,InceptionNet,Original,InceptionNet (Original),Cifar100,0.1575,0.8425,0.985,0.8553299492385787,True,False,same_arch_cross_kind
InceptionNet,Finetuned,InceptionNet (Finetuned),CW,MobileNet,Original,MobileNet (Original),Cifar100,0.1061,0.8939,0.985,0.90751269035533,False,False,cross_arch_cross_kind
InceptionNet,Finetuned,InceptionNet (Finetuned),CW,XceptionNet,Finetuned,XceptionNet (Finetuned),Cifar100,0.2018,0.7982,0.985,0.8103553299492386,False,True,cross_arch_same_kind
InceptionNet,Finetuned,InceptionNet (Finetuned),CW,XceptionNet,Original,XceptionNet (Original),Cifar100,0.1968,0.8032,0.985,0.8154314720812184,False,False,cross_arch_cross_kind
InceptionNet,Finetuned,InceptionNet (Finetuned),CW,ConvNeXt,Finetuned,ConvNeXt (Finetuned),Cifar100,0.0111,0.9889,0.985,1.0039593908629443,False,True,cross_arch_same_kind
InceptionNet,Finetuned,InceptionNet (Finetuned),CW,ConvNeXt,Original,ConvNeXt (Original),Cifar100,0.1185,0.8815,0.985,0.8949238578680203,False,False,cross_arch_cross_kind
InceptionNet,Finetuned,InceptionNet (Finetuned),DeepFool,VGG16,Finetuned,VGG16 (Finetuned),Cifar100,0.3386,0.6614,,,False,True,cross_arch_same_kind
InceptionNet,Finetuned,InceptionNet (Finetuned),DeepFool,VGG16,Original,VGG16 (Original),Cifar100,0.2181,0.7819,,,False,False,cross_arch_cross_kind
InceptionNet,Finetuned,InceptionNet (Finetuned),DeepFool,RegNetX_400MF,Finetuned,RegNetX_400MF (Finetuned),Cifar100,0.1199,0.8801,,,False,True,cross_arch_same_kind
InceptionNet,Finetuned,InceptionNet (Finetuned),DeepFool,RegNetX_400MF,Original,RegNetX_400MF (Original),Cifar100,0.0965,0.9035,,,False,False,cross_arch_cross_kind
InceptionNet,Finetuned,InceptionNet (Finetuned),DeepFool,InceptionNet,Finetuned,InceptionNet (Finetuned),Cifar100,0.0534,0.9466,,,True,True,self_same_kind
InceptionNet,Finetuned,InceptionNet (Finetuned),DeepFool,InceptionNet,Original,InceptionNet (Original),Cifar100,0.1992,0.8008,,,True,False,same_arch_cross_kind
InceptionNet,Finetuned,InceptionNet (Finetuned),DeepFool,MobileNet,Original,MobileNet (Original),Cifar100,0.14,0.86,,,False,False,cross_arch_cross_kind
InceptionNet,Finetuned,InceptionNet (Finetuned),DeepFool,XceptionNet,Finetuned,XceptionNet (Finetuned),Cifar100,0.2628,0.7372000000000001,,,False,True,cross_arch_same_kind
InceptionNet,Finetuned,InceptionNet (Finetuned),DeepFool,XceptionNet,Original,XceptionNet (Original),Cifar100,0.2597,0.7403,,,False,False,cross_arch_cross_kind
InceptionNet,Finetuned,InceptionNet (Finetuned),DeepFool,ConvNeXt,Finetuned,ConvNeXt (Finetuned),Cifar100,0.0111,0.9889,,,False,True,cross_arch_same_kind
InceptionNet,Finetuned,InceptionNet (Finetuned),DeepFool,ConvNeXt,Original,ConvNeXt (Original),Cifar100,0.1528,0.8472,,,False,False,cross_arch_cross_kind
InceptionNet,Original,InceptionNet (Original),PGD,VGG16,Finetuned,VGG16 (Finetuned),Cifar100,0.2092,0.7908,0.9405,0.8408293460925039,False,False,cross_arch_cross_kind
InceptionNet,Original,InceptionNet (Original),PGD,VGG16,Original,VGG16 (Original),Cifar100,0.1317,0.8683,0.9405,0.9232323232323232,False,True,cross_arch_same_kind
InceptionNet,Original,InceptionNet (Original),PGD,RegNetX_400MF,Finetuned,RegNetX_400MF (Finetuned),Cifar100,0.0841,0.9159,0.9405,0.9738437001594897,False,False,cross_arch_cross_kind
InceptionNet,Original,InceptionNet (Original),PGD,RegNetX_400MF,Original,RegNetX_400MF (Original),Cifar100,0.0634,0.9366,0.9405,0.9958532695374801,False,True,cross_arch_same_kind
InceptionNet,Original,InceptionNet (Original),PGD,InceptionNet,Finetuned,InceptionNet (Finetuned),Cifar100,0.1612,0.8388,0.9405,0.8918660287081339,True,False,same_arch_cross_kind
InceptionNet,Original,InceptionNet (Original),PGD,InceptionNet,Original,InceptionNet (Original),Cifar100,0.0595,0.9405,0.9405,1.0,True,True,self_same_kind
InceptionNet,Original,InceptionNet (Original),PGD,MobileNet,Original,MobileNet (Original),Cifar100,0.0993,0.9007000000000001,0.9405,0.9576820839978736,False,True,cross_arch_same_kind
InceptionNet,Original,InceptionNet (Original),PGD,XceptionNet,Finetuned,XceptionNet (Finetuned),Cifar100,0.1891,0.8109,0.9405,0.862200956937799,False,False,cross_arch_cross_kind
InceptionNet,Original,InceptionNet (Original),PGD,XceptionNet,Original,XceptionNet (Original),Cifar100,0.1851,0.8149,0.9405,0.8664540138224348,False,True,cross_arch_same_kind
InceptionNet,Original,InceptionNet (Original),PGD,ConvNeXt,Finetuned,ConvNeXt (Finetuned),Cifar100,0.0111,0.9889,0.9405,1.0514619883040937,False,False,cross_arch_cross_kind
InceptionNet,Original,InceptionNet (Original),PGD,ConvNeXt,Original,ConvNeXt (Original),Cifar100,0.1134,0.8866,0.9405,0.9426900584795322,False,True,cross_arch_same_kind
InceptionNet,Original,InceptionNet (Original),FGSM,VGG16,Finetuned,VGG16 (Finetuned),Cifar100,0.208,0.792,0.8649,0.9157127991675339,False,False,cross_arch_cross_kind
InceptionNet,Original,InceptionNet (Original),FGSM,VGG16,Original,VGG16 (Original),Cifar100,0.1345,0.8654999999999999,0.8649,1.0006937218175511,False,True,cross_arch_same_kind
InceptionNet,Original,InceptionNet (Original),FGSM,RegNetX_400MF,Finetuned,RegNetX_400MF (Finetuned),Cifar100,0.0827,0.9173,0.8649,1.0605850387328015,False,False,cross_arch_cross_kind
InceptionNet,Original,InceptionNet (Original),FGSM,RegNetX_400MF,Original,RegNetX_400MF (Original),Cifar100,0.0637,0.9363,0.8649,1.0825528962885882,False,True,cross_arch_same_kind
InceptionNet,Original,InceptionNet (Original),FGSM,InceptionNet,Finetuned,InceptionNet (Finetuned),Cifar100,0.1669,0.8331,0.8649,0.9632327436697884,True,False,same_arch_cross_kind
InceptionNet,Original,InceptionNet (Original),FGSM,InceptionNet,Original,InceptionNet (Original),Cifar100,0.1351,0.8649,0.8649,1.0,True,True,self_same_kind
InceptionNet,Original,InceptionNet (Original),FGSM,MobileNet,Original,MobileNet (Original),Cifar100,0.1003,0.8996999999999999,0.8649,1.0402358654179673,False,True,cross_arch_same_kind
InceptionNet,Original,InceptionNet (Original),FGSM,XceptionNet,Finetuned,XceptionNet (Finetuned),Cifar100,0.192,0.808,0.8649,0.9342120476355649,False,False,cross_arch_cross_kind
InceptionNet,Original,InceptionNet (Original),FGSM,XceptionNet,Original,XceptionNet (Original),Cifar100,0.1881,0.8119000000000001,0.8649,0.9387212394496475,False,True,cross_arch_same_kind
InceptionNet,Original,InceptionNet (Original),FGSM,ConvNeXt,Finetuned,ConvNeXt (Finetuned),Cifar100,0.011,0.989,0.8649,1.1434847959301653,False,False,cross_arch_cross_kind
InceptionNet,Original,InceptionNet (Original),FGSM,ConvNeXt,Original,ConvNeXt (Original),Cifar100,0.1137,0.8863,0.8649,1.0247427448259914,False,True,cross_arch_same_kind
InceptionNet,Original,InceptionNet (Original),BIM,VGG16,Finetuned,VGG16 (Finetuned),Cifar100,0.6242,0.3758,0.7007,0.5363208220351078,False,False,cross_arch_cross_kind
InceptionNet,Original,InceptionNet (Original),BIM,VGG16,Original,VGG16 (Original),Cifar100,0.4858,0.5142,0.7007,0.7338375909804481,False,True,cross_arch_same_kind
InceptionNet,Original,InceptionNet (Original),BIM,RegNetX_400MF,Finetuned,RegNetX_400MF (Finetuned),Cifar100,0.3396,0.6604,0.7007,0.9424860853432282,False,False,cross_arch_cross_kind
InceptionNet,Original,InceptionNet (Original),BIM,RegNetX_400MF,Original,RegNetX_400MF (Original),Cifar100,0.2863,0.7137,0.7007,1.018552875695733,False,True,cross_arch_same_kind
InceptionNet,Original,InceptionNet (Original),BIM,InceptionNet,Finetuned,InceptionNet (Finetuned),Cifar100,0.512,0.488,0.7007,0.696446410732125,True,False,same_arch_cross_kind
InceptionNet,Original,InceptionNet (Original),BIM,InceptionNet,Original,InceptionNet (Original),Cifar100,0.2993,0.7007,0.7007,1.0,True,True,self_same_kind
InceptionNet,Original,InceptionNet (Original),BIM,MobileNet,Original,MobileNet (Original),Cifar100,0.3573,0.6427,0.7007,0.9172256315113458,False,True,cross_arch_same_kind
InceptionNet,Original,InceptionNet (Original),BIM,XceptionNet,Finetuned,XceptionNet (Finetuned),Cifar100,0.5443,0.4557,0.7007,0.6503496503496503,False,False,cross_arch_cross_kind
InceptionNet,Original,InceptionNet (Original),BIM,XceptionNet,Original,XceptionNet (Original),Cifar100,0.5347,0.46530000000000005,0.7007,0.664050235478807,False,True,cross_arch_same_kind
InceptionNet,Original,InceptionNet (Original),BIM,ConvNeXt,Finetuned,ConvNeXt (Finetuned),Cifar100,0.0106,0.9894,0.7007,1.4120165548736976,False,False,cross_arch_cross_kind
InceptionNet,Original,InceptionNet (Original),BIM,ConvNeXt,Original,ConvNeXt (Original),Cifar100,0.3606,0.6394,0.7007,0.9125160553731982,False,True,cross_arch_same_kind
InceptionNet,Original,InceptionNet (Original),APGD,VGG16,Finetuned,VGG16 (Finetuned),Cifar100,0.3573,0.6427,0.9611,0.6687129330974926,False,False,cross_arch_cross_kind
InceptionNet,Original,InceptionNet (Original),APGD,VGG16,Original,VGG16 (Original),Cifar100,0.2351,0.7649,0.9611,0.7958589116637187,False,True,cross_arch_same_kind
InceptionNet,Original,InceptionNet (Original),APGD,RegNetX_400MF,Finetuned,RegNetX_400MF (Finetuned),Cifar100,0.1429,0.8571,0.9611,0.8917906565393819,False,False,cross_arch_cross_kind
InceptionNet,Original,InceptionNet (Original),APGD,RegNetX_400MF,Original,RegNetX_400MF (Original),Cifar100,0.122,0.878,0.9611,0.9135365726771408,False,True,cross_arch_same_kind
InceptionNet,Original,InceptionNet (Original),APGD,InceptionNet,Finetuned,InceptionNet (Finetuned),Cifar100,0.2388,0.7612,0.9611,0.792009156175216,True,False,same_arch_cross_kind
InceptionNet,Original,InceptionNet (Original),APGD,InceptionNet,Original,InceptionNet (Original),Cifar100,0.0389,0.9611,0.9611,1.0,True,True,self_same_kind
InceptionNet,Original,InceptionNet (Original),APGD,MobileNet,Original,MobileNet (Original),Cifar100,0.159,0.841,0.9611,0.8750390177921132,False,True,cross_arch_same_kind
InceptionNet,Original,InceptionNet (Original),APGD,XceptionNet,Finetuned,XceptionNet (Finetuned),Cifar100,0.2868,0.7132000000000001,0.9611,0.7420663822703154,False,False,cross_arch_cross_kind
InceptionNet,Original,InceptionNet (Original),APGD,XceptionNet,Original,XceptionNet (Original),Cifar100,0.2748,0.7252000000000001,0.9611,0.7545520757465405,False,True,cross_arch_same_kind
InceptionNet,Original,InceptionNet (Original),APGD,ConvNeXt,Finetuned,ConvNeXt (Finetuned),Cifar100,0.0115,0.9885,0.9611,1.0285090001040476,False,False,cross_arch_cross_kind
InceptionNet,Original,InceptionNet (Original),APGD,ConvNeXt,Original,ConvNeXt (Original),Cifar100,0.1733,0.8267,0.9611,0.8601602330662782,False,True,cross_arch_same_kind
InceptionNet,Original,InceptionNet (Original),CW,VGG16,Finetuned,VGG16 (Finetuned),Cifar100,0.2235,0.7765,0.9966,0.7791491069636765,False,False,cross_arch_cross_kind
InceptionNet,Original,InceptionNet (Original),CW,VGG16,Original,VGG16 (Original),Cifar100,0.14,0.86,0.9966,0.8629339755167569,False,True,cross_arch_same_kind
InceptionNet,Original,InceptionNet (Original),CW,RegNetX_400MF,Finetuned,RegNetX_400MF (Finetuned),Cifar100,0.0859,0.9141,0.9966,0.9172185430463576,False,False,cross_arch_cross_kind
InceptionNet,Original,InceptionNet (Original),CW,RegNetX_400MF,Original,RegNetX_400MF (Original),Cifar100,0.0652,0.9348,0.9966,0.937989163154726,False,True,cross_arch_same_kind
InceptionNet,Original,InceptionNet (Original),CW,InceptionNet,Finetuned,InceptionNet (Finetuned),Cifar100,0.1747,0.8253,0.9966,0.8281155930162553,True,False,same_arch_cross_kind
InceptionNet,Original,InceptionNet (Original),CW,InceptionNet,Original,InceptionNet (Original),Cifar100,0.0034,0.9966,0.9966,1.0,True,True,self_same_kind
InceptionNet,Original,InceptionNet (Original),CW,MobileNet,Original,MobileNet (Original),Cifar100,0.1033,0.8967,0.9966,0.8997591812161349,False,True,cross_arch_same_kind
InceptionNet,Original,InceptionNet (Original),CW,XceptionNet,Finetuned,XceptionNet (Finetuned),Cifar100,0.2009,0.7991,0.9966,0.8018262091109774,False,False,cross_arch_cross_kind
InceptionNet,Original,InceptionNet (Original),CW,XceptionNet,Original,XceptionNet (Original),Cifar100,0.1959,0.8041,0.9966,0.8068432671081678,False,True,cross_arch_same_kind
InceptionNet,Original,InceptionNet (Original),CW,ConvNeXt,Finetuned,ConvNeXt (Finetuned),Cifar100,0.0108,0.9892,0.9966,0.9925747541641581,False,False,cross_arch_cross_kind
InceptionNet,Original,InceptionNet (Original),CW,ConvNeXt,Original,ConvNeXt (Original),Cifar100,0.1153,0.8847,0.9966,0.8877182420228777,False,True,cross_arch_same_kind
MobileNet,Original,MobileNet (Original),PGD,VGG16,Finetuned,VGG16 (Finetuned),Cifar10,0.5025,0.49750000000000005,0.8911,0.558298731904388,False,False,cross_arch_cross_kind
MobileNet,Original,MobileNet (Original),PGD,VGG16,Original,VGG16 (Original),Cifar10,0.5133,0.4867,0.8911,0.5461788800359106,False,True,cross_arch_same_kind
MobileNet,Original,MobileNet (Original),PGD,RegNetX_400MF,Finetuned,RegNetX_400MF (Finetuned),Cifar10,0.3289,0.6711,0.8911,0.7531141286050949,False,False,cross_arch_cross_kind
MobileNet,Original,MobileNet (Original),PGD,RegNetX_400MF,Original,RegNetX_400MF (Original),Cifar10,0.2611,0.7389,0.8911,0.8291998653349792,False,True,cross_arch_same_kind
MobileNet,Original,MobileNet (Original),PGD,InceptionNet,Finetuned,InceptionNet (Finetuned),Cifar10,0.458,0.542,0.8911,0.6082370104365391,False,False,cross_arch_cross_kind
MobileNet,Original,MobileNet (Original),PGD,InceptionNet,Original,InceptionNet (Original),Cifar10,0.4568,0.5432,0.8911,0.6095836606441477,False,True,cross_arch_same_kind
MobileNet,Original,MobileNet (Original),PGD,MobileNet,Original,MobileNet (Original),Cifar10,0.1089,0.8911,0.8911,1.0,True,True,self_same_kind
MobileNet,Original,MobileNet (Original),PGD,XceptionNet,Finetuned,XceptionNet (Finetuned),Cifar10,0.4985,0.5015000000000001,0.8911,0.5627875659297498,False,False,cross_arch_cross_kind
MobileNet,Original,MobileNet (Original),PGD,XceptionNet,Original,XceptionNet (Original),Cifar10,0.4784,0.5216000000000001,0.8911,0.5853439569071934,False,True,cross_arch_same_kind
MobileNet,Original,MobileNet (Original),PGD,ConvNeXt,Finetuned,ConvNeXt (Finetuned),Cifar10,0.098,0.902,0.8911,1.0122320727191112,False,False,cross_arch_cross_kind
MobileNet,Original,MobileNet (Original),PGD,ConvNeXt,Original,ConvNeXt (Original),Cifar10,0.3493,0.6507000000000001,0.8911,0.7302210750757492,False,True,cross_arch_same_kind
MobileNet,Original,MobileNet (Original),FGSM,VGG16,Finetuned,VGG16 (Finetuned),Cifar10,0.4977,0.5023,0.7011000000000001,0.7164455855084866,False,False,cross_arch_cross_kind
MobileNet,Original,MobileNet (Original),FGSM,VGG16,Original,VGG16 (Original),Cifar10,0.5098,0.49019999999999997,0.7011000000000001,0.6991869918699186,False,True,cross_arch_same_kind
MobileNet,Original,MobileNet (Original),FGSM,RegNetX_400MF,Finetuned,RegNetX_400MF (Finetuned),Cifar10,0.3338,0.6662,0.7011000000000001,0.9502210811581799,False,False,cross_arch_cross_kind
MobileNet,Original,MobileNet (Original),FGSM,RegNetX_400MF,Original,RegNetX_400MF (Original),Cifar10,0.2717,0.7283,0.7011000000000001,1.0387961774354584,False,True,cross_arch_same_kind
MobileNet,Original,MobileNet (Original),FGSM,InceptionNet,Finetuned,InceptionNet (Finetuned),Cifar10,0.4582,0.5418000000000001,0.7011000000000001,0.772785622593068,False,False,cross_arch_cross_kind
MobileNet,Original,MobileNet (Original),FGSM,InceptionNet,Original,InceptionNet (Original),Cifar10,0.459,0.5409999999999999,0.7011000000000001,0.7716445585508485,False,True,cross_arch_same_kind
MobileNet,Original,MobileNet (Original),FGSM,MobileNet,Original,MobileNet (Original),Cifar10,0.2989,0.7011000000000001,0.7011000000000001,1.0,True,True,self_same_kind
MobileNet,Original,MobileNet (Original),FGSM,XceptionNet,Finetuned,XceptionNet (Finetuned),Cifar10,0.4984,0.5016,0.7011000000000001,0.7154471544715447,False,False,cross_arch_cross_kind
MobileNet,Original,MobileNet (Original),FGSM,XceptionNet,Original,XceptionNet (Original),Cifar10,0.4788,0.5212,0.7011000000000001,0.7434032235059193,False,True,cross_arch_same_kind
MobileNet,Original,MobileNet (Original),FGSM,ConvNeXt,Finetuned,ConvNeXt (Finetuned),Cifar10,0.0974,0.9026,0.7011000000000001,1.2874055056340035,False,False,cross_arch_cross_kind
MobileNet,Original,MobileNet (Original),FGSM,ConvNeXt,Original,ConvNeXt (Original),Cifar10,0.3528,0.6472,0.7011000000000001,0.9231208101554699,False,True,cross_arch_same_kind
MobileNet,Original,MobileNet (Original),BIM,VGG16,Finetuned,VGG16 (Finetuned),Cifar10,0.8948,0.10519999999999996,0.5366,0.19604919865821835,False,False,cross_arch_cross_kind
MobileNet,Original,MobileNet (Original),BIM,VGG16,Original,VGG16 (Original),Cifar10,0.8949,0.10509999999999997,0.5366,0.19586284010436075,False,True,cross_arch_same_kind
MobileNet,Original,MobileNet (Original),BIM,RegNetX_400MF,Finetuned,RegNetX_400MF (Finetuned),Cifar10,0.7413,0.25870000000000004,0.5366,0.4821095788296684,False,False,cross_arch_cross_kind
MobileNet,Original,MobileNet (Original),BIM,RegNetX_400MF,Original,RegNetX_400MF (Original),Cifar10,0.6586,0.34140000000000004,0.5366,0.6362281028699218,False,True,cross_arch_same_kind
MobileNet,Original,MobileNet (Original),BIM,InceptionNet,Finetuned,InceptionNet (Finetuned),Cifar10,0.8403,0.15969999999999995,0.5366,0.2976146105106224,False,False,cross_arch_cross_kind
MobileNet,Original,MobileNet (Original),BIM,InceptionNet,Original,InceptionNet (Original),Cifar10,0.8255,0.1745,0.5366,0.3251956764815505,False,True,cross_arch_same_kind
MobileNet,Original,MobileNet (Original),BIM,MobileNet,Original,MobileNet (Original),Cifar10,0.4634,0.5366,0.5366,1.0,True,True,self_same_kind
MobileNet,Original,MobileNet (Original),BIM,XceptionNet,Finetuned,XceptionNet (Finetuned),Cifar10,0.8619,0.1381,0.5366,0.2573611628773761,False,False,cross_arch_cross_kind
MobileNet,Original,MobileNet (Original),BIM,XceptionNet,Original,XceptionNet (Original),Cifar10,0.8459,0.15410000000000001,0.5366,0.28717853149459566,False,True,cross_arch_same_kind
MobileNet,Original,MobileNet (Original),BIM,ConvNeXt,Finetuned,ConvNeXt (Finetuned),Cifar10,0.0912,0.9088,0.5366,1.6936265374580695,False,False,cross_arch_cross_kind
MobileNet,Original,MobileNet (Original),BIM,ConvNeXt,Original,ConvNeXt (Original),Cifar10,0.7213,0.27869999999999995,0.5366,0.5193812896011927,False,True,cross_arch_same_kind
MobileNet,Original,MobileNet (Original),APGD,VGG16,Finetuned,VGG16 (Finetuned),Cifar10,0.59,0.41000000000000003,0.9445,0.4340921122286925,False,False,cross_arch_cross_kind
MobileNet,Original,MobileNet (Original),APGD,VGG16,Original,VGG16 (Original),Cifar10,0.6017,0.3983,0.9445,0.4217046056114346,False,True,cross_arch_same_kind
MobileNet,Original,MobileNet (Original),APGD,RegNetX_400MF,Finetuned,RegNetX_400MF (Finetuned),Cifar10,0.3606,0.6394,0.9445,0.6769719428268925,False,False,cross_arch_cross_kind
MobileNet,Original,MobileNet (Original),APGD,RegNetX_400MF,Original,RegNetX_400MF (Original),Cifar10,0.2899,0.7101,0.9445,0.7518263631551084,False,True,cross_arch_same_kind
MobileNet,Original,MobileNet (Original),APGD,InceptionNet,Finetuned,InceptionNet (Finetuned),Cifar10,0.5182,0.4818,0.9445,0.5101111699311806,False,False,cross_arch_cross_kind
MobileNet,Original,MobileNet (Original),APGD,InceptionNet,Original,InceptionNet (Original),Cifar10,0.5122,0.4878,0.9445,0.5164637374272102,False,True,cross_arch_same_kind
MobileNet,Original,MobileNet (Original),APGD,MobileNet,Original,MobileNet (Original),Cifar10,0.0555,0.9445,0.9445,1.0,True,True,self_same_kind
MobileNet,Original,MobileNet (Original),APGD,XceptionNet,Finetuned,XceptionNet (Finetuned),Cifar10,0.5601,0.43989999999999996,0.9445,0.46574907358390677,False,False,cross_arch_cross_kind
MobileNet,Original,MobileNet (Original),APGD,XceptionNet,Original,XceptionNet (Original),Cifar10,0.5348,0.46519999999999995,0.9445,0.4925357331921651,False,True,cross_arch_same_kind
MobileNet,Original,MobileNet (Original),APGD,ConvNeXt,Finetuned,ConvNeXt (Finetuned),Cifar10,0.0985,0.9015,0.9445,0.9544732662784542,False,False,cross_arch_cross_kind
MobileNet,Original,MobileNet (Original),APGD,ConvNeXt,Original,ConvNeXt (Original),Cifar10,0.3899,0.6101,0.9445,0.6459502382212811,False,True,cross_arch_same_kind
MobileNet,Original,MobileNet (Original),CW,VGG16,Finetuned,VGG16 (Finetuned),Cifar10,0.5115,0.48850000000000005,0.998,0.48947895791583174,False,False,cross_arch_cross_kind
MobileNet,Original,MobileNet (Original),CW,VGG16,Original,VGG16 (Original),Cifar10,0.5215,0.47850000000000004,0.998,0.4794589178356714,False,True,cross_arch_same_kind
MobileNet,Original,MobileNet (Original),CW,RegNetX_400MF,Finetuned,RegNetX_400MF (Finetuned),Cifar10,0.3418,0.6582,0.998,0.6595190380761523,False,False,cross_arch_cross_kind
MobileNet,Original,MobileNet (Original),CW,RegNetX_400MF,Original,RegNetX_400MF (Original),Cifar10,0.2767,0.7233,0.998,0.724749498997996,False,True,cross_arch_same_kind
MobileNet,Original,MobileNet (Original),CW,InceptionNet,Finetuned,InceptionNet (Finetuned),Cifar10,0.4683,0.5317000000000001,0.998,0.5327655310621243,False,False,cross_arch_cross_kind
MobileNet,Original,MobileNet (Original),CW,InceptionNet,Original,InceptionNet (Original),Cifar10,0.4681,0.5319,0.998,0.5329659318637275,False,True,cross_arch_same_kind
MobileNet,Original,MobileNet (Original),CW,MobileNet,Original,MobileNet (Original),Cifar10,0.002,0.998,0.998,1.0,True,True,self_same_kind
MobileNet,Original,MobileNet (Original),CW,XceptionNet,Finetuned,XceptionNet (Finetuned),Cifar10,0.5116,0.48839999999999995,0.998,0.48937875751503,False,False,cross_arch_cross_kind
MobileNet,Original,MobileNet (Original),CW,XceptionNet,Original,XceptionNet (Original),Cifar10,0.4958,0.5042,0.998,0.5052104208416833,False,True,cross_arch_same_kind
MobileNet,Original,MobileNet (Original),CW,ConvNeXt,Finetuned,ConvNeXt (Finetuned),Cifar10,0.0987,0.9013,0.998,0.9031062124248497,False,False,cross_arch_cross_kind
MobileNet,Original,MobileNet (Original),CW,ConvNeXt,Original,ConvNeXt (Original),Cifar10,0.3554,0.6446000000000001,0.998,0.6458917835671343,False,True,cross_arch_same_kind
MobileNet,Original,MobileNet (Original),DeepFool,VGG16,Finetuned,VGG16 (Finetuned),Cifar10,0.5937,0.4063,0.8444,0.4811700615821885,False,False,cross_arch_cross_kind
MobileNet,Original,MobileNet (Original),DeepFool,VGG16,Original,VGG16 (Original),Cifar10,0.6019,0.3981,0.8444,0.47145902415916624,False,True,cross_arch_same_kind
MobileNet,Original,MobileNet (Original),DeepFool,RegNetX_400MF,Finetuned,RegNetX_400MF (Finetuned),Cifar10,0.3708,0.6292,0.8444,0.7451444812884888,False,False,cross_arch_cross_kind
MobileNet,Original,MobileNet (Original),DeepFool,RegNetX_400MF,Original,RegNetX_400MF (Original),Cifar10,0.2987,0.7013,0.8444,0.8305305542396968,False,True,cross_arch_same_kind
MobileNet,Original,MobileNet (Original),DeepFool,InceptionNet,Finetuned,InceptionNet (Finetuned),Cifar10,0.5217,0.47829999999999995,0.8444,0.5664377072477498,False,False,cross_arch_cross_kind
MobileNet,Original,MobileNet (Original),DeepFool,InceptionNet,Original,InceptionNet (Original),Cifar10,0.5162,0.4838,0.8444,0.5729512079583136,False,True,cross_arch_same_kind
MobileNet,Original,MobileNet (Original),DeepFool,MobileNet,Original,MobileNet (Original),Cifar10,0.1556,0.8444,0.8444,1.0,True,True,self_same_kind
MobileNet,Original,MobileNet (Original),DeepFool,XceptionNet,Finetuned,XceptionNet (Finetuned),Cifar10,0.5662,0.43379999999999996,0.8444,0.513737565135007,False,False,cross_arch_cross_kind
MobileNet,Original,MobileNet (Original),DeepFool,XceptionNet,Original,XceptionNet (Original),Cifar10,0.5452,0.4548,0.8444,0.5386072951207957,False,True,cross_arch_same_kind
MobileNet,Original,MobileNet (Original),DeepFool,ConvNeXt,Finetuned,ConvNeXt (Finetuned),Cifar10,0.0973,0.9027000000000001,0.8444,1.0690431075319753,False,False,cross_arch_cross_kind
MobileNet,Original,MobileNet (Original),DeepFool,ConvNeXt,Original,ConvNeXt (Original),Cifar10,0.387,0.613,0.8444,0.7259592610137375,False,True,cross_arch_same_kind
MobileNet,Original,MobileNet (Original),PGD,VGG16,Finetuned,VGG16 (Finetuned),Cifar100,0.2169,0.7831,0.9705,0.8069036579082947,False,False,cross_arch_cross_kind
MobileNet,Original,MobileNet (Original),PGD,VGG16,Original,VGG16 (Original),Cifar100,0.1368,0.8632,0.9705,0.8894384337970118,False,True,cross_arch_same_kind
MobileNet,Original,MobileNet (Original),PGD,RegNetX_400MF,Finetuned,RegNetX_400MF (Finetuned),Cifar100,0.0804,0.9196,0.9705,0.9475528078310149,False,False,cross_arch_cross_kind
MobileNet,Original,MobileNet (Original),PGD,RegNetX_400MF,Original,RegNetX_400MF (Original),Cifar100,0.0616,0.9384,0.9705,0.9669242658423493,False,True,cross_arch_same_kind
MobileNet,Original,MobileNet (Original),PGD,InceptionNet,Finetuned,InceptionNet (Finetuned),Cifar100,0.173,0.827,0.9705,0.8521380731581658,False,False,cross_arch_cross_kind
MobileNet,Original,MobileNet (Original),PGD,InceptionNet,Original,InceptionNet (Original),Cifar100,0.1575,0.8425,0.9705,0.8681092220504895,False,True,cross_arch_same_kind
MobileNet,Original,MobileNet (Original),PGD,MobileNet,Original,MobileNet (Original),Cifar100,0.0295,0.9705,0.9705,1.0,True,True,self_same_kind
MobileNet,Original,MobileNet (Original),PGD,XceptionNet,Finetuned,XceptionNet (Finetuned),Cifar100,0.1936,0.8064,0.9705,0.8309119010819165,False,False,cross_arch_cross_kind
MobileNet,Original,MobileNet (Original),PGD,XceptionNet,Original,XceptionNet (Original),Cifar100,0.1869,0.8130999999999999,0.9705,0.8378155589902111,False,True,cross_arch_same_kind
MobileNet,Original,MobileNet (Original),PGD,ConvNeXt,Finetuned,ConvNeXt (Finetuned),Cifar100,0.0107,0.9893,0.9705,1.0193714580113342,False,False,cross_arch_cross_kind
MobileNet,Original,MobileNet (Original),PGD,ConvNeXt,Original,ConvNeXt (Original),Cifar100,0.1134,0.8866,0.9705,0.9135497166409068,False,True,cross_arch_same_kind
MobileNet,Original,MobileNet (Original),FGSM,VGG16,Finetuned,VGG16 (Finetuned),Cifar100,0.2106,0.7894,0.9153,0.8624494701190867,False,False,cross_arch_cross_kind
MobileNet,Original,MobileNet (Original),FGSM,VGG16,Original,VGG16 (Original),Cifar100,0.1366,0.8634,0.9153,0.9432972795804654,False,True,cross_arch_same_kind
MobileNet,Original,MobileNet (Original),FGSM,RegNetX_400MF,Finetuned,RegNetX_400MF (Finetuned),Cifar100,0.0808,0.9192,0.9153,1.0042608980662078,False,False,cross_arch_cross_kind
MobileNet,Original,MobileNet (Original),FGSM,RegNetX_400MF,Original,RegNetX_400MF (Original),Cifar100,0.0615,0.9385,0.9153,1.025346880804108,False,True,cross_arch_same_kind
MobileNet,Original,MobileNet (Original),FGSM,InceptionNet,Finetuned,InceptionNet (Finetuned),Cifar100,0.1748,0.8251999999999999,0.9153,0.9015623292909428,False,False,cross_arch_cross_kind
MobileNet,Original,MobileNet (Original),FGSM,InceptionNet,Original,InceptionNet (Original),Cifar100,0.1559,0.8441,0.9153,0.9222112968425652,False,True,cross_arch_same_kind
MobileNet,Original,MobileNet (Original),FGSM,MobileNet,Original,MobileNet (Original),Cifar100,0.0847,0.9153,0.9153,1.0,True,True,self_same_kind
MobileNet,Original,MobileNet (Original),FGSM,XceptionNet,Finetuned,XceptionNet (Finetuned),Cifar100,0.1931,0.8069,0.9153,0.8815688845187369,False,False,cross_arch_cross_kind
MobileNet,Original,MobileNet (Original),FGSM,XceptionNet,Original,XceptionNet (Original),Cifar100,0.1873,0.8127,0.9153,0.887905604719764,False,True,cross_arch_same_kind
MobileNet,Original,MobileNet (Original),FGSM,ConvNeXt,Finetuned,ConvNeXt (Finetuned),Cifar100,0.0108,0.9892,0.9153,1.0807385556648093,False,False,cross_arch_cross_kind
MobileNet,Original,MobileNet (Original),FGSM,ConvNeXt,Original,ConvNeXt (Original),Cifar100,0.1149,0.8851,0.9153,0.9670053534360319,False,True,cross_arch_same_kind
MobileNet,Original,MobileNet (Original),BIM,VGG16,Finetuned,VGG16 (Finetuned),Cifar100,0.6302,0.3698,0.8161,0.45313074378139934,False,False,cross_arch_cross_kind
MobileNet,Original,MobileNet (Original),BIM,VGG16,Original,VGG16 (Original),Cifar100,0.4928,0.5072,0.8161,0.621492464158804,False,True,cross_arch_same_kind
MobileNet,Original,MobileNet (Original),BIM,RegNetX_400MF,Finetuned,RegNetX_400MF (Finetuned),Cifar100,0.3359,0.6641,0.8161,0.8137483151574562,False,False,cross_arch_cross_kind
MobileNet,Original,MobileNet (Original),BIM,RegNetX_400MF,Original,RegNetX_400MF (Original),Cifar100,0.2799,0.7201,0.8161,0.8823673569415512,False,True,cross_arch_same_kind
MobileNet,Original,MobileNet (Original),BIM,InceptionNet,Finetuned,InceptionNet (Finetuned),Cifar100,0.5278,0.47219999999999995,0.8161,0.5786055630437446,False,False,cross_arch_cross_kind
MobileNet,Original,MobileNet (Original),BIM,InceptionNet,Original,InceptionNet (Original),Cifar100,0.4994,0.5005999999999999,0.8161,0.6134052199485356,False,True,cross_arch_same_kind
MobileNet,Original,MobileNet (Original),BIM,MobileNet,Original,MobileNet (Original),Cifar100,0.1839,0.8161,0.8161,1.0,True,True,self_same_kind
MobileNet,Original,MobileNet (Original),BIM,XceptionNet,Finetuned,XceptionNet (Finetuned),Cifar100,0.5479,0.45209999999999995,0.8161,0.5539762284033818,False,False,cross_arch_cross_kind
MobileNet,Original,MobileNet (Original),BIM,XceptionNet,Original,XceptionNet (Original),Cifar100,0.5354,0.4646,0.8161,0.5692929788016174,False,True,cross_arch_same_kind
MobileNet,Original,MobileNet (Original),BIM,ConvNeXt,Finetuned,ConvNeXt (Finetuned),Cifar100,0.0105,0.9895,0.8161,1.212473961524323,False,False,cross_arch_cross_kind
MobileNet,Original,MobileNet (Original),BIM,ConvNeXt,Original,ConvNeXt (Original),Cifar100,0.3619,0.6381,0.8161,0.7818894743291263,False,True,cross_arch_same_kind
MobileNet,Original,MobileNet (Original),APGD,VGG16,Finetuned,VGG16 (Finetuned),Cifar100,0.433,0.567,0.986,0.575050709939148,False,False,cross_arch_cross_kind
MobileNet,Original,MobileNet (Original),APGD,VGG16,Original,VGG16 (Original),Cifar100,0.3011,0.6989000000000001,0.986,0.7088235294117647,False,True,cross_arch_same_kind
MobileNet,Original,MobileNet (Original),APGD,RegNetX_400MF,Finetuned,RegNetX_400MF (Finetuned),Cifar100,0.1476,0.8524,0.986,0.8645030425963489,False,False,cross_arch_cross_kind
MobileNet,Original,MobileNet (Original),APGD,RegNetX_400MF,Original,RegNetX_400MF (Original),Cifar100,0.12,0.88,0.986,0.8924949290060852,False,True,cross_arch_same_kind
MobileNet,Original,MobileNet (Original),APGD,InceptionNet,Finetuned,InceptionNet (Finetuned),Cifar100,0.3276,0.6724,0.986,0.681947261663286,False,False,cross_arch_cross_kind
MobileNet,Original,MobileNet (Original),APGD,InceptionNet,Original,InceptionNet (Original),Cifar100,0.2973,0.7027,0.986,0.7126774847870182,False,True,cross_arch_same_kind
MobileNet,Original,MobileNet (Original),APGD,MobileNet,Original,MobileNet (Original),Cifar100,0.014,0.986,0.986,1.0,True,True,self_same_kind
MobileNet,Original,MobileNet (Original),APGD,XceptionNet,Finetuned,XceptionNet (Finetuned),Cifar100,0.3602,0.6397999999999999,0.986,0.6488843813387424,False,False,cross_arch_cross_kind
MobileNet,Original,MobileNet (Original),APGD,XceptionNet,Original,XceptionNet (Original),Cifar100,0.3409,0.6591,0.986,0.6684584178498986,False,True,cross_arch_same_kind
MobileNet,Original,MobileNet (Original),APGD,ConvNeXt,Finetuned,ConvNeXt (Finetuned),Cifar100,0.0114,0.9886,0.986,1.0026369168356999,False,False,cross_arch_cross_kind
MobileNet,Original,MobileNet (Original),APGD,ConvNeXt,Original,ConvNeXt (Original),Cifar100,0.1959,0.8041,0.986,0.8155172413793104,False,True,cross_arch_same_kind
MobileNet,Original,MobileNet (Original),CW,VGG16,Finetuned,VGG16 (Finetuned),Cifar100,0.2256,0.7744,0.999,0.7751751751751752,False,False,cross_arch_cross_kind
MobileNet,Original,MobileNet (Original),CW,VGG16,Original,VGG16 (Original),Cifar100,0.1419,0.8581,0.999,0.8589589589589589,False,True,cross_arch_same_kind
MobileNet,Original,MobileNet (Original),CW,RegNetX_400MF,Finetuned,RegNetX_400MF (Finetuned),Cifar100,0.0853,0.9147,0.999,0.9156156156156156,False,False,cross_arch_cross_kind
MobileNet,Original,MobileNet (Original),CW,RegNetX_400MF,Original,RegNetX_400MF (Original),Cifar100,0.0641,0.9359,0.999,0.9368368368368368,False,True,cross_arch_same_kind
MobileNet,Original,MobileNet (Original),CW,InceptionNet,Finetuned,InceptionNet (Finetuned),Cifar100,0.1784,0.8216,0.999,0.8224224224224225,False,False,cross_arch_cross_kind
MobileNet,Original,MobileNet (Original),CW,InceptionNet,Original,InceptionNet (Original),Cifar100,0.1614,0.8386,0.999,0.8394394394394394,False,True,cross_arch_same_kind
MobileNet,Original,MobileNet (Original),CW,MobileNet,Original,MobileNet (Original),Cifar100,0.001,0.999,0.999,1.0,True,True,self_same_kind
MobileNet,Original,MobileNet (Original),CW,XceptionNet,Finetuned,XceptionNet (Finetuned),Cifar100,0.2029,0.7971,0.999,0.7978978978978979,False,False,cross_arch_cross_kind
MobileNet,Original,MobileNet (Original),CW,XceptionNet,Original,XceptionNet (Original),Cifar100,0.1986,0.8014,0.999,0.8022022022022022,False,True,cross_arch_same_kind
MobileNet,Original,MobileNet (Original),CW,ConvNeXt,Finetuned,ConvNeXt (Finetuned),Cifar100,0.0111,0.9889,0.999,0.9898898898898899,False,False,cross_arch_cross_kind
MobileNet,Original,MobileNet (Original),CW,ConvNeXt,Original,ConvNeXt (Original),Cifar100,0.1147,0.8853,0.999,0.8861861861861862,False,True,cross_arch_same_kind
MobileNet,Original,MobileNet (Original),DeepFool,VGG16,Finetuned,VGG16 (Finetuned),Cifar100,0.4372,0.5628,0.962,0.585031185031185,False,False,cross_arch_cross_kind
MobileNet,Original,MobileNet (Original),DeepFool,VGG16,Original,VGG16 (Original),Cifar100,0.3036,0.6964,0.962,0.723908523908524,False,True,cross_arch_same_kind
MobileNet,Original,MobileNet (Original),DeepFool,RegNetX_400MF,Finetuned,RegNetX_400MF (Finetuned),Cifar100,0.1498,0.8502000000000001,0.962,0.8837837837837839,False,False,cross_arch_cross_kind
MobileNet,Original,MobileNet (Original),DeepFool,RegNetX_400MF,Original,RegNetX_400MF (Original),Cifar100,0.1176,0.8824,0.962,0.9172557172557172,False,True,cross_arch_same_kind
MobileNet,Original,MobileNet (Original),DeepFool,InceptionNet,Finetuned,InceptionNet (Finetuned),Cifar100,0.3296,0.6704,0.962,0.6968814968814969,False,False,cross_arch_cross_kind
MobileNet,Original,MobileNet (Original),DeepFool,InceptionNet,Original,InceptionNet (Original),Cifar100,0.2977,0.7022999999999999,0.962,0.73004158004158,False,True,cross_arch_same_kind
MobileNet,Original,MobileNet (Original),DeepFool,MobileNet,Original,MobileNet (Original),Cifar100,0.038,0.962,0.962,1.0,True,True,self_same_kind
MobileNet,Original,MobileNet (Original),DeepFool,XceptionNet,Finetuned,XceptionNet (Finetuned),Cifar100,0.3661,0.6339,0.962,0.658939708939709,False,False,cross_arch_cross_kind
MobileNet,Original,MobileNet (Original),DeepFool,XceptionNet,Original,XceptionNet (Original),Cifar100,0.3483,0.6517,0.962,0.6774428274428274,False,True,cross_arch_same_kind
MobileNet,Original,MobileNet (Original),DeepFool,ConvNeXt,Finetuned,ConvNeXt (Finetuned),Cifar100,0.0112,0.9888,0.962,1.027858627858628,False,False,cross_arch_cross_kind
MobileNet,Original,MobileNet (Original),DeepFool,ConvNeXt,Original,ConvNeXt (Original),Cifar100,0.1953,0.8047,0.962,0.8364864864864865,False,True,cross_arch_same_kind
XceptionNet,Finetuned,XceptionNet (Finetuned),FGSM,VGG16,Finetuned,VGG16 (Finetuned),Cifar10,0.4805,0.5195000000000001,0.5568,0.9330100574712645,False,True,cross_arch_same_kind
XceptionNet,Finetuned,XceptionNet (Finetuned),FGSM,VGG16,Original,VGG16 (Original),Cifar10,0.4929,0.5071,0.5568,0.9107399425287357,False,False,cross_arch_cross_kind
XceptionNet,Finetuned,XceptionNet (Finetuned),FGSM,RegNetX_400MF,Finetuned,RegNetX_400MF (Finetuned),Cifar10,0.3344,0.6656,0.5568,1.1954022988505748,False,True,cross_arch_same_kind
XceptionNet,Finetuned,XceptionNet (Finetuned),FGSM,RegNetX_400MF,Original,RegNetX_400MF (Original),Cifar10,0.2754,0.7246,0.5568,1.3013649425287357,False,False,cross_arch_cross_kind
XceptionNet,Finetuned,XceptionNet (Finetuned),FGSM,InceptionNet,Finetuned,InceptionNet (Finetuned),Cifar10,0.4517,0.5483,0.5568,0.9847341954022989,False,True,cross_arch_same_kind
XceptionNet,Finetuned,XceptionNet (Finetuned),FGSM,InceptionNet,Original,InceptionNet (Original),Cifar10,0.4501,0.5499,0.5568,0.9876077586206898,False,False,cross_arch_cross_kind
XceptionNet,Finetuned,XceptionNet (Finetuned),FGSM,MobileNet,Original,MobileNet (Original),Cifar10,0.337,0.663,0.5568,1.1907327586206897,False,False,cross_arch_cross_kind
XceptionNet,Finetuned,XceptionNet (Finetuned),FGSM,XceptionNet,Finetuned,XceptionNet (Finetuned),Cifar10,0.4432,0.5568,0.5568,1.0,True,True,self_same_kind
XceptionNet,Finetuned,XceptionNet (Finetuned),FGSM,XceptionNet,Original,XceptionNet (Original),Cifar10,0.4548,0.5452,0.5568,0.9791666666666667,True,False,same_arch_cross_kind
XceptionNet,Finetuned,XceptionNet (Finetuned),FGSM,ConvNeXt,Finetuned,ConvNeXt (Finetuned),Cifar10,0.0981,0.9019,0.5568,1.6197916666666667,False,True,cross_arch_same_kind
XceptionNet,Finetuned,XceptionNet (Finetuned),FGSM,ConvNeXt,Original,ConvNeXt (Original),Cifar10,0.3522,0.6477999999999999,0.5568,1.163433908045977,False,False,cross_arch_cross_kind
XceptionNet,Finetuned,XceptionNet (Finetuned),BIM,VGG16,Finetuned,VGG16 (Finetuned),Cifar10,0.8836,0.11639999999999995,0.3219999999999999,0.3614906832298136,False,True,cross_arch_same_kind
XceptionNet,Finetuned,XceptionNet (Finetuned),BIM,VGG16,Original,VGG16 (Original),Cifar10,0.8813,0.11870000000000003,0.3219999999999999,0.368633540372671,False,False,cross_arch_cross_kind
XceptionNet,Finetuned,XceptionNet (Finetuned),BIM,RegNetX_400MF,Finetuned,RegNetX_400MF (Finetuned),Cifar10,0.7386,0.26139999999999997,0.3219999999999999,0.811801242236025,False,True,cross_arch_same_kind
XceptionNet,Finetuned,XceptionNet (Finetuned),BIM,RegNetX_400MF,Original,RegNetX_400MF (Original),Cifar10,0.6616,0.33840000000000003,0.3219999999999999,1.0509316770186339,False,False,cross_arch_cross_kind
XceptionNet,Finetuned,XceptionNet (Finetuned),BIM,InceptionNet,Finetuned,InceptionNet (Finetuned),Cifar10,0.8301,0.16990000000000005,0.3219999999999999,0.5276397515527954,False,True,cross_arch_same_kind
XceptionNet,Finetuned,XceptionNet (Finetuned),BIM,InceptionNet,Original,InceptionNet (Original),Cifar10,0.8182,0.18179999999999996,0.3219999999999999,0.5645962732919255,False,False,cross_arch_cross_kind
XceptionNet,Finetuned,XceptionNet (Finetuned),BIM,MobileNet,Original,MobileNet (Original),Cifar10,0.7374,0.26259999999999994,0.3219999999999999,0.8155279503105591,False,False,cross_arch_cross_kind
XceptionNet,Finetuned,XceptionNet (Finetuned),BIM,XceptionNet,Finetuned,XceptionNet (Finetuned),Cifar10,0.678,0.32199999999999995,0.3219999999999999,1.0000000000000002,True,True,self_same_kind
XceptionNet,Finetuned,XceptionNet (Finetuned),BIM,XceptionNet,Original,XceptionNet (Original),Cifar10,0.8158,0.18420000000000003,0.3219999999999999,0.5720496894409941,True,False,same_arch_cross_kind
XceptionNet,Finetuned,XceptionNet (Finetuned),BIM,ConvNeXt,Finetuned,ConvNeXt (Finetuned),Cifar10,0.0902,0.9097999999999999,0.3219999999999999,2.8254658385093174,False,True,cross_arch_same_kind
XceptionNet,Finetuned,XceptionNet (Finetuned),BIM,ConvNeXt,Original,ConvNeXt (Original),Cifar10,0.7198,0.2802,0.3219999999999999,0.870186335403727,False,False,cross_arch_cross_kind
XceptionNet,Finetuned,XceptionNet (Finetuned),APGD,VGG16,Finetuned,VGG16 (Finetuned),Cifar10,0.5226,0.47740000000000005,0.8398,0.5684686830197667,False,True,cross_arch_same_kind
XceptionNet,Finetuned,XceptionNet (Finetuned),APGD,VGG16,Original,VGG16 (Original),Cifar10,0.5267,0.47330000000000005,0.8398,0.5635865682305311,False,False,cross_arch_cross_kind
XceptionNet,Finetuned,XceptionNet (Finetuned),APGD,RegNetX_400MF,Finetuned,RegNetX_400MF (Finetuned),Cifar10,0.369,0.631,0.8398,0.7513693736603954,False,True,cross_arch_same_kind
XceptionNet,Finetuned,XceptionNet (Finetuned),APGD,RegNetX_400MF,Original,RegNetX_400MF (Original),Cifar10,0.3245,0.6755,0.8398,0.8043581805191712,False,False,cross_arch_cross_kind
XceptionNet,Finetuned,XceptionNet (Finetuned),APGD,InceptionNet,Finetuned,InceptionNet (Finetuned),Cifar10,0.4635,0.5365,0.8398,0.6388425815670398,False,True,cross_arch_same_kind
XceptionNet,Finetuned,XceptionNet (Finetuned),APGD,InceptionNet,Original,InceptionNet (Original),Cifar10,0.4577,0.5423,0.8398,0.645748987854251,False,False,cross_arch_cross_kind
XceptionNet,Finetuned,XceptionNet (Finetuned),APGD,MobileNet,Original,MobileNet (Original),Cifar10,0.3641,0.6359,0.8398,0.7572040962133841,False,False,cross_arch_cross_kind
XceptionNet,Finetuned,XceptionNet (Finetuned),APGD,XceptionNet,Finetuned,XceptionNet (Finetuned),Cifar10,0.1602,0.8398,0.8398,1.0,True,True,self_same_kind
XceptionNet,Finetuned,XceptionNet (Finetuned),APGD,XceptionNet,Original,XceptionNet (Original),Cifar10,0.4335,0.5665,0.8398,0.6745653727077876,True,False,same_arch_cross_kind
XceptionNet,Finetuned,XceptionNet (Finetuned),APGD,ConvNeXt,Finetuned,ConvNeXt (Finetuned),Cifar10,0.0991,0.9009,0.8398,1.0727554179566563,False,True,cross_arch_same_kind
XceptionNet,Finetuned,XceptionNet (Finetuned),APGD,ConvNeXt,Original,ConvNeXt (Original),Cifar10,0.3945,0.6054999999999999,0.8398,0.7210050011907596,False,False,cross_arch_cross_kind
XceptionNet,Finetuned,XceptionNet (Finetuned),CW,VGG16,Finetuned,VGG16 (Finetuned),Cifar10,0.5059,0.4941,0.9707,0.5090141135263212,False,True,cross_arch_same_kind
XceptionNet,Finetuned,XceptionNet (Finetuned),CW,VGG16,Original,VGG16 (Original),Cifar10,0.5169,0.4831,0.9707,0.49768208509323164,False,False,cross_arch_cross_kind
XceptionNet,Finetuned,XceptionNet (Finetuned),CW,RegNetX_400MF,Finetuned,RegNetX_400MF (Finetuned),Cifar10,0.3439,0.6561,0.9707,0.6759039868136396,False,True,cross_arch_same_kind
XceptionNet,Finetuned,XceptionNet (Finetuned),CW,RegNetX_400MF,Original,RegNetX_400MF (Original),Cifar10,0.2865,0.7135,0.9707,0.7350365715463069,False,False,cross_arch_cross_kind
XceptionNet,Finetuned,XceptionNet (Finetuned),CW,InceptionNet,Finetuned,InceptionNet (Finetuned),Cifar10,0.4674,0.5326,0.9707,0.5486762130421345,False,True,cross_arch_same_kind
XceptionNet,Finetuned,XceptionNet (Finetuned),CW,InceptionNet,Original,InceptionNet (Original),Cifar10,0.4669,0.5331,0.9707,0.5491913052436386,False,False,cross_arch_cross_kind
XceptionNet,Finetuned,XceptionNet (Finetuned),CW,MobileNet,Original,MobileNet (Original),Cifar10,0.3471,0.6529,0.9707,0.6726073967240136,False,False,cross_arch_cross_kind
XceptionNet,Finetuned,XceptionNet (Finetuned),CW,XceptionNet,Finetuned,XceptionNet (Finetuned),Cifar10,0.0293,0.9707,0.9707,1.0,True,True,self_same_kind
XceptionNet,Finetuned,XceptionNet (Finetuned),CW,XceptionNet,Original,XceptionNet (Original),Cifar10,0.4725,0.5275000000000001,0.9707,0.5434222725867931,True,False,same_arch_cross_kind
XceptionNet,Finetuned,XceptionNet (Finetuned),CW,ConvNeXt,Finetuned,ConvNeXt (Finetuned),Cifar10,0.0996,0.9004,0.9707,0.9275780364685279,False,True,cross_arch_same_kind
XceptionNet,Finetuned,XceptionNet (Finetuned),CW,ConvNeXt,Original,ConvNeXt (Original),Cifar10,0.3636,0.6364000000000001,0.9707,0.6556093540743794,False,False,cross_arch_cross_kind
XceptionNet,Finetuned,XceptionNet (Finetuned),DeepFool,VGG16,Finetuned,VGG16 (Finetuned),Cifar10,0.5167,0.48329999999999995,,,False,True,cross_arch_same_kind
XceptionNet,Finetuned,XceptionNet (Finetuned),DeepFool,VGG16,Original,VGG16 (Original),Cifar10,0.5255,0.47450000000000003,,,False,False,cross_arch_cross_kind
XceptionNet,Finetuned,XceptionNet (Finetuned),DeepFool,RegNetX_400MF,Finetuned,RegNetX_400MF (Finetuned),Cifar10,0.3371,0.6629,,,False,True,cross_arch_same_kind
XceptionNet,Finetuned,XceptionNet (Finetuned),DeepFool,RegNetX_400MF,Original,RegNetX_400MF (Original),Cifar10,0.2804,0.7196,,,False,False,cross_arch_cross_kind
XceptionNet,Finetuned,XceptionNet (Finetuned),DeepFool,InceptionNet,Finetuned,InceptionNet (Finetuned),Cifar10,0.4624,0.5376000000000001,,,False,True,cross_arch_same_kind
XceptionNet,Finetuned,XceptionNet (Finetuned),DeepFool,InceptionNet,Original,InceptionNet (Original),Cifar10,0.4567,0.5433,,,False,False,cross_arch_cross_kind
XceptionNet,Finetuned,XceptionNet (Finetuned),DeepFool,MobileNet,Original,MobileNet (Original),Cifar10,0.3335,0.6665,,,False,False,cross_arch_cross_kind
XceptionNet,Finetuned,XceptionNet (Finetuned),DeepFool,XceptionNet,Finetuned,XceptionNet (Finetuned),Cifar10,0.2479,0.7521,,,True,True,self_same_kind
XceptionNet,Finetuned,XceptionNet (Finetuned),DeepFool,XceptionNet,Original,XceptionNet (Original),Cifar10,0.4548,0.5452,,,True,False,same_arch_cross_kind
XceptionNet,Finetuned,XceptionNet (Finetuned),DeepFool,ConvNeXt,Finetuned,ConvNeXt (Finetuned),Cifar10,0.0999,0.9001,,,False,True,cross_arch_same_kind
XceptionNet,Finetuned,XceptionNet (Finetuned),DeepFool,ConvNeXt,Original,ConvNeXt (Original),Cifar10,0.3606,0.6394,,,False,False,cross_arch_cross_kind
XceptionNet,Original,XceptionNet (Original),FGSM,VGG16,Finetuned,VGG16 (Finetuned),Cifar10,0.4849,0.5151,0.596,0.864261744966443,False,False,cross_arch_cross_kind
XceptionNet,Original,XceptionNet (Original),FGSM,VGG16,Original,VGG16 (Original),Cifar10,0.4981,0.5019,0.596,0.8421140939597316,False,True,cross_arch_same_kind
XceptionNet,Original,XceptionNet (Original),FGSM,RegNetX_400MF,Finetuned,RegNetX_400MF (Finetuned),Cifar10,0.3351,0.6649,0.596,1.1156040268456378,False,False,cross_arch_cross_kind
XceptionNet,Original,XceptionNet (Original),FGSM,RegNetX_400MF,Original,RegNetX_400MF (Original),Cifar10,0.2749,0.7251000000000001,0.596,1.2166107382550337,False,True,cross_arch_same_kind
XceptionNet,Original,XceptionNet (Original),FGSM,InceptionNet,Finetuned,InceptionNet (Finetuned),Cifar10,0.4541,0.5459,0.596,0.9159395973154364,False,False,cross_arch_cross_kind
XceptionNet,Original,XceptionNet (Original),FGSM,InceptionNet,Original,InceptionNet (Original),Cifar10,0.4529,0.5470999999999999,0.596,0.9179530201342281,False,True,cross_arch_same_kind
XceptionNet,Original,XceptionNet (Original),FGSM,MobileNet,Original,MobileNet (Original),Cifar10,0.3345,0.6655,0.596,1.1166107382550337,False,True,cross_arch_same_kind
XceptionNet,Original,XceptionNet (Original),FGSM,XceptionNet,Finetuned,XceptionNet (Finetuned),Cifar10,0.4753,0.5246999999999999,0.596,0.8803691275167784,True,False,same_arch_cross_kind
XceptionNet,Original,XceptionNet (Original),FGSM,XceptionNet,Original,XceptionNet (Original),Cifar10,0.404,0.596,0.596,1.0,True,True,self_same_kind
XceptionNet,Original,XceptionNet (Original),FGSM,ConvNeXt,Finetuned,ConvNeXt (Finetuned),Cifar10,0.0991,0.9009,0.596,1.5115771812080538,False,False,cross_arch_cross_kind
XceptionNet,Original,XceptionNet (Original),FGSM,ConvNeXt,Original,ConvNeXt (Original),Cifar10,0.3516,0.6484,0.596,1.0879194630872484,False,True,cross_arch_same_kind
XceptionNet,Original,XceptionNet (Original),BIM,VGG16,Finetuned,VGG16 (Finetuned),Cifar10,0.8849,0.11509999999999998,0.3892,0.2957348406988694,False,False,cross_arch_cross_kind
XceptionNet,Original,XceptionNet (Original),BIM,VGG16,Original,VGG16 (Original),Cifar10,0.8847,0.11529999999999996,0.3892,0.2962487153134634,False,True,cross_arch_same_kind
XceptionNet,Original,XceptionNet (Original),BIM,RegNetX_400MF,Finetuned,RegNetX_400MF (Finetuned),Cifar10,0.7387,0.2613,0.3892,0.671377183967112,False,False,cross_arch_cross_kind
XceptionNet,Original,XceptionNet (Original),BIM,RegNetX_400MF,Original,RegNetX_400MF (Original),Cifar10,0.6605,0.3395,0.3892,0.8723021582733814,False,True,cross_arch_same_kind
XceptionNet,Original,XceptionNet (Original),BIM,InceptionNet,Finetuned,InceptionNet (Finetuned),Cifar10,0.8338,0.16620000000000001,0.3892,0.4270298047276465,False,False,cross_arch_cross_kind
XceptionNet,Original,XceptionNet (Original),BIM,InceptionNet,Original,InceptionNet (Original),Cifar10,0.8213,0.17869999999999997,0.3892,0.45914696813977385,False,True,cross_arch_same_kind
XceptionNet,Original,XceptionNet (Original),BIM,MobileNet,Original,MobileNet (Original),Cifar10,0.7371,0.2629,0.3892,0.6754881808838644,False,True,cross_arch_same_kind
XceptionNet,Original,XceptionNet (Original),BIM,XceptionNet,Finetuned,XceptionNet (Finetuned),Cifar10,0.8416,0.15839999999999999,0.3892,0.40698869475847893,True,False,same_arch_cross_kind
XceptionNet,Original,XceptionNet (Original),BIM,XceptionNet,Original,XceptionNet (Original),Cifar10,0.6108,0.3892,0.3892,1.0,True,True,self_same_kind
XceptionNet,Original,XceptionNet (Original),BIM,ConvNeXt,Finetuned,ConvNeXt (Finetuned),Cifar10,0.0906,0.9094,0.3892,2.3365878725590954,False,False,cross_arch_cross_kind
XceptionNet,Original,XceptionNet (Original),BIM,ConvNeXt,Original,ConvNeXt (Original),Cifar10,0.7203,0.27969999999999995,0.3892,0.7186536485097635,False,True,cross_arch_same_kind
XceptionNet,Original,XceptionNet (Original),APGD,VGG16,Finetuned,VGG16 (Finetuned),Cifar10,0.5314,0.4686,0.8838,0.5302104548540394,False,False,cross_arch_cross_kind
XceptionNet,Original,XceptionNet (Original),APGD,VGG16,Original,VGG16 (Original),Cifar10,0.5376,0.46240000000000003,0.8838,0.5231952930527268,False,True,cross_arch_same_kind
XceptionNet,Original,XceptionNet (Original),APGD,RegNetX_400MF,Finetuned,RegNetX_400MF (Finetuned),Cifar10,0.3584,0.6416,0.8838,0.7259560986648562,False,False,cross_arch_cross_kind
XceptionNet,Original,XceptionNet (Original),APGD,RegNetX_400MF,Original,RegNetX_400MF (Original),Cifar10,0.3136,0.6864,0.8838,0.7766463000678886,False,True,cross_arch_same_kind
XceptionNet,Original,XceptionNet (Original),APGD,InceptionNet,Finetuned,InceptionNet (Finetuned),Cifar10,0.4737,0.5263,0.8838,0.5954967187146413,False,False,cross_arch_cross_kind
XceptionNet,Original,XceptionNet (Original),APGD,InceptionNet,Original,InceptionNet (Original),Cifar10,0.4701,0.5299,0.8838,0.5995700384702422,False,True,cross_arch_same_kind
XceptionNet,Original,XceptionNet (Original),APGD,MobileNet,Original,MobileNet (Original),Cifar10,0.3604,0.6396,0.8838,0.7236931432450779,False,True,cross_arch_same_kind
XceptionNet,Original,XceptionNet (Original),APGD,XceptionNet,Finetuned,XceptionNet (Finetuned),Cifar10,0.4699,0.5301,0.8838,0.59979633401222,True,False,same_arch_cross_kind
XceptionNet,Original,XceptionNet (Original),APGD,XceptionNet,Original,XceptionNet (Original),Cifar10,0.1162,0.8838,0.8838,1.0,True,True,self_same_kind
XceptionNet,Original,XceptionNet (Original),APGD,ConvNeXt,Finetuned,ConvNeXt (Finetuned),Cifar10,0.1003,0.8996999999999999,0.8838,1.0179904955872368,False,False,cross_arch_cross_kind
XceptionNet,Original,XceptionNet (Original),APGD,ConvNeXt,Original,ConvNeXt (Original),Cifar10,0.3904,0.6095999999999999,0.8838,0.6897488119484045,False,True,cross_arch_same_kind
XceptionNet,Original,XceptionNet (Original),CW,VGG16,Finetuned,VGG16 (Finetuned),Cifar10,0.5051,0.4949,0.9986,0.49559383136390944,False,False,cross_arch_cross_kind
XceptionNet,Original,XceptionNet (Original),CW,VGG16,Original,VGG16 (Original),Cifar10,0.5123,0.4877,0.9986,0.48838373723212497,False,True,cross_arch_same_kind
XceptionNet,Original,XceptionNet (Original),CW,RegNetX_400MF,Finetuned,RegNetX_400MF (Finetuned),Cifar10,0.3345,0.6655,0.9986,0.6664330062086922,False,False,cross_arch_cross_kind
XceptionNet,Original,XceptionNet (Original),CW,RegNetX_400MF,Original,RegNetX_400MF (Original),Cifar10,0.2743,0.7257,0.9986,0.7267174043661125,False,True,cross_arch_same_kind
XceptionNet,Original,XceptionNet (Original),CW,InceptionNet,Finetuned,InceptionNet (Finetuned),Cifar10,0.464,0.536,0.9986,0.536751452032846,False,False,cross_arch_cross_kind
XceptionNet,Original,XceptionNet (Original),CW,InceptionNet,Original,InceptionNet (Original),Cifar10,0.4622,0.5378000000000001,0.9986,0.5385539755657921,False,True,cross_arch_same_kind
XceptionNet,Original,XceptionNet (Original),CW,MobileNet,Original,MobileNet (Original),Cifar10,0.3394,0.6606000000000001,0.9986,0.6615261365912277,False,True,cross_arch_same_kind
XceptionNet,Original,XceptionNet (Original),CW,XceptionNet,Finetuned,XceptionNet (Finetuned),Cifar10,0.4968,0.5032,0.9986,0.5039054676547166,True,False,same_arch_cross_kind
XceptionNet,Original,XceptionNet (Original),CW,XceptionNet,Original,XceptionNet (Original),Cifar10,0.0014,0.9986,0.9986,1.0,True,True,self_same_kind
XceptionNet,Original,XceptionNet (Original),CW,ConvNeXt,Finetuned,ConvNeXt (Finetuned),Cifar10,0.099,0.901,0.9986,0.9022631684358101,False,False,cross_arch_cross_kind
XceptionNet,Original,XceptionNet (Original),CW,ConvNeXt,Original,ConvNeXt (Original),Cifar10,0.3552,0.6448,0.9986,0.6457039855798118,False,True,cross_arch_same_kind
XceptionNet,Finetuned,XceptionNet (Finetuned),PGD,VGG16,Finetuned,VGG16 (Finetuned),Cifar100,0.2051,0.7948999999999999,0.9136,0.8700744308231173,False,True,cross_arch_same_kind
XceptionNet,Finetuned,XceptionNet (Finetuned),PGD,VGG16,Original,VGG16 (Original),Cifar100,0.1334,0.8666,0.9136,0.9485551663747812,False,False,cross_arch_cross_kind
XceptionNet,Finetuned,XceptionNet (Finetuned),PGD,RegNetX_400MF,Finetuned,RegNetX_400MF (Finetuned),Cifar100,0.0808,0.9192,0.9136,1.0061295971978985,False,True,cross_arch_same_kind
XceptionNet,Finetuned,XceptionNet (Finetuned),PGD,RegNetX_400MF,Original,RegNetX_400MF (Original),Cifar100,0.0625,0.9375,0.9136,1.026160245183888,False,False,cross_arch_cross_kind
XceptionNet,Finetuned,XceptionNet (Finetuned),PGD,InceptionNet,Finetuned,InceptionNet (Finetuned),Cifar100,0.1651,0.8349,0.9136,0.9138572679509632,False,True,cross_arch_same_kind
XceptionNet,Finetuned,XceptionNet (Finetuned),PGD,InceptionNet,Original,InceptionNet (Original),Cifar100,0.1471,0.8529,0.9136,0.9335595446584939,False,False,cross_arch_cross_kind
XceptionNet,Finetuned,XceptionNet (Finetuned),PGD,MobileNet,Original,MobileNet (Original),Cifar100,0.0959,0.9041,0.9136,0.9896015761821366,False,False,cross_arch_cross_kind
XceptionNet,Finetuned,XceptionNet (Finetuned),PGD,XceptionNet,Finetuned,XceptionNet (Finetuned),Cifar100,0.0864,0.9136,0.9136,1.0,True,True,self_same_kind
XceptionNet,Finetuned,XceptionNet (Finetuned),PGD,XceptionNet,Original,XceptionNet (Original),Cifar100,0.1589,0.8411,0.9136,0.9206436077057794,True,False,same_arch_cross_kind
XceptionNet,Finetuned,XceptionNet (Finetuned),PGD,ConvNeXt,Finetuned,ConvNeXt (Finetuned),Cifar100,0.0108,0.9892,0.9136,1.0827495621716288,False,True,cross_arch_same_kind
XceptionNet,Finetuned,XceptionNet (Finetuned),PGD,ConvNeXt,Original,ConvNeXt (Original),Cifar100,0.1131,0.8869,0.9136,0.9707749562171629,False,False,cross_arch_cross_kind
XceptionNet,Finetuned,XceptionNet (Finetuned),FGSM,VGG16,Finetuned,VGG16 (Finetuned),Cifar100,0.2112,0.7888,0.8322,0.9478490747416485,False,True,cross_arch_same_kind
XceptionNet,Finetuned,XceptionNet (Finetuned),FGSM,VGG16,Original,VGG16 (Original),Cifar100,0.1361,0.8639,0.8322,1.0380918048546022,False,False,cross_arch_cross_kind
XceptionNet,Finetuned,XceptionNet (Finetuned),FGSM,RegNetX_400MF,Finetuned,RegNetX_400MF (Finetuned),Cifar100,0.0826,0.9174,0.8322,1.1023792357606343,False,True,cross_arch_same_kind
XceptionNet,Finetuned,XceptionNet (Finetuned),FGSM,RegNetX_400MF,Original,RegNetX_400MF (Original),Cifar100,0.0632,0.9368,0.8322,1.125690939677962,False,False,cross_arch_cross_kind
XceptionNet,Finetuned,XceptionNet (Finetuned),FGSM,InceptionNet,Finetuned,InceptionNet (Finetuned),Cifar100,0.1688,0.8311999999999999,0.8322,0.9987983657774572,False,True,cross_arch_same_kind
XceptionNet,Finetuned,XceptionNet (Finetuned),FGSM,InceptionNet,Original,InceptionNet (Original),Cifar100,0.152,0.848,0.8322,1.018985820716174,False,False,cross_arch_cross_kind
XceptionNet,Finetuned,XceptionNet (Finetuned),FGSM,MobileNet,Original,MobileNet (Original),Cifar100,0.0992,0.9008,0.8322,1.0824321076664263,False,False,cross_arch_cross_kind
XceptionNet,Finetuned,XceptionNet (Finetuned),FGSM,XceptionNet,Finetuned,XceptionNet (Finetuned),Cifar100,0.1678,0.8322,0.8322,1.0,True,True,self_same_kind
XceptionNet,Finetuned,XceptionNet (Finetuned),FGSM,XceptionNet,Original,XceptionNet (Original),Cifar100,0.1789,0.8210999999999999,0.8322,0.9866618601297764,True,False,same_arch_cross_kind
XceptionNet,Finetuned,XceptionNet (Finetuned),FGSM,ConvNeXt,Finetuned,ConvNeXt (Finetuned),Cifar100,0.0111,0.9889,0.8322,1.1882960826724345,False,True,cross_arch_same_kind
XceptionNet,Finetuned,XceptionNet (Finetuned),FGSM,ConvNeXt,Original,ConvNeXt (Original),Cifar100,0.1144,0.8855999999999999,0.8322,1.0641672674837779,False,False,cross_arch_cross_kind
XceptionNet,Finetuned,XceptionNet (Finetuned),BIM,VGG16,Finetuned,VGG16 (Finetuned),Cifar100,0.6181,0.3819,0.6352,0.601227959697733,False,True,cross_arch_same_kind
XceptionNet,Finetuned,XceptionNet (Finetuned),BIM,VGG16,Original,VGG16 (Original),Cifar100,0.4821,0.5179,0.6352,0.8153337531486147,False,False,cross_arch_cross_kind
XceptionNet,Finetuned,XceptionNet (Finetuned),BIM,RegNetX_400MF,Finetuned,RegNetX_400MF (Finetuned),Cifar100,0.3342,0.6658,0.6352,1.0481738035264483,False,True,cross_arch_same_kind
XceptionNet,Finetuned,XceptionNet (Finetuned),BIM,RegNetX_400MF,Original,RegNetX_400MF (Original),Cifar100,0.2846,0.7154,0.6352,1.1262594458438289,False,False,cross_arch_cross_kind
XceptionNet,Finetuned,XceptionNet (Finetuned),BIM,InceptionNet,Finetuned,InceptionNet (Finetuned),Cifar100,0.5185,0.48150000000000004,0.6352,0.7580289672544082,False,True,cross_arch_same_kind
XceptionNet,Finetuned,XceptionNet (Finetuned),BIM,InceptionNet,Original,InceptionNet (Original),Cifar100,0.4901,0.5099,0.6352,0.8027392947103275,False,False,cross_arch_cross_kind
XceptionNet,Finetuned,XceptionNet (Finetuned),BIM,MobileNet,Original,MobileNet (Original),Cifar100,0.3538,0.6462,0.6352,1.017317380352645,False,False,cross_arch_cross_kind
XceptionNet,Finetuned,XceptionNet (Finetuned),BIM,XceptionNet,Finetuned,XceptionNet (Finetuned),Cifar100,0.3648,0.6352,0.6352,1.0,True,True,self_same_kind
XceptionNet,Finetuned,XceptionNet (Finetuned),BIM,XceptionNet,Original,XceptionNet (Original),Cifar100,0.4956,0.5044,0.6352,0.794080604534005,True,False,same_arch_cross_kind
XceptionNet,Finetuned,XceptionNet (Finetuned),BIM,ConvNeXt,Finetuned,ConvNeXt (Finetuned),Cifar100,0.0108,0.9892,0.6352,1.5573047858942066,False,True,cross_arch_same_kind
XceptionNet,Finetuned,XceptionNet (Finetuned),BIM,ConvNeXt,Original,ConvNeXt (Original),Cifar100,0.3595,0.6405000000000001,0.6352,1.0083438287153654,False,False,cross_arch_cross_kind
XceptionNet,Finetuned,XceptionNet (Finetuned),APGD,VGG16,Finetuned,VGG16 (Finetuned),Cifar100,0.328,0.6719999999999999,0.9407,0.7143616455830764,False,True,cross_arch_same_kind
XceptionNet,Finetuned,XceptionNet (Finetuned),APGD,VGG16,Original,VGG16 (Original),Cifar100,0.2203,0.7797000000000001,0.9407,0.8288508557457214,False,False,cross_arch_cross_kind
XceptionNet,Finetuned,XceptionNet (Finetuned),APGD,RegNetX_400MF,Finetuned,RegNetX_400MF (Finetuned),Cifar100,0.1355,0.8645,0.9407,0.918996491974062,False,True,cross_arch_same_kind
XceptionNet,Finetuned,XceptionNet (Finetuned),APGD,RegNetX_400MF,Original,RegNetX_400MF (Original),Cifar100,0.1181,0.8819,0.9407,0.9374933560114809,False,False,cross_arch_cross_kind
XceptionNet,Finetuned,XceptionNet (Finetuned),APGD,InceptionNet,Finetuned,InceptionNet (Finetuned),Cifar100,0.2263,0.7737,0.9407,0.822472626767301,False,True,cross_arch_same_kind
XceptionNet,Finetuned,XceptionNet (Finetuned),APGD,InceptionNet,Original,InceptionNet (Original),Cifar100,0.2129,0.7871,0.9407,0.8367173381524398,False,False,cross_arch_cross_kind
XceptionNet,Finetuned,XceptionNet (Finetuned),APGD,MobileNet,Original,MobileNet (Original),Cifar100,0.1501,0.8499,0.9407,0.9034761347932391,False,False,cross_arch_cross_kind
XceptionNet,Finetuned,XceptionNet (Finetuned),APGD,XceptionNet,Finetuned,XceptionNet (Finetuned),Cifar100,0.0593,0.9407,0.9407,1.0,True,True,self_same_kind
XceptionNet,Finetuned,XceptionNet (Finetuned),APGD,XceptionNet,Original,XceptionNet (Original),Cifar100,0.2167,0.7833,0.9407,0.8326777931327735,True,False,same_arch_cross_kind
XceptionNet,Finetuned,XceptionNet (Finetuned),APGD,ConvNeXt,Finetuned,ConvNeXt (Finetuned),Cifar100,0.011,0.989,0.9407,1.0513447432762837,False,True,cross_arch_same_kind
XceptionNet,Finetuned,XceptionNet (Finetuned),APGD,ConvNeXt,Original,ConvNeXt (Original),Cifar100,0.1654,0.8346,0.9407,0.8872116508982673,False,False,cross_arch_cross_kind
XceptionNet,Finetuned,XceptionNet (Finetuned),CW,VGG16,Finetuned,VGG16 (Finetuned),Cifar100,0.2215,0.7785,0.9948,0.7825693606755126,False,True,cross_arch_same_kind
XceptionNet,Finetuned,XceptionNet (Finetuned),CW,VGG16,Original,VGG16 (Original),Cifar100,0.1378,0.8622,0.9948,0.8667068757539204,False,False,cross_arch_cross_kind
XceptionNet,Finetuned,XceptionNet (Finetuned),CW,RegNetX_400MF,Finetuned,RegNetX_400MF (Finetuned),Cifar100,0.084,0.916,0.9948,0.9207880981101729,False,True,cross_arch_same_kind
XceptionNet,Finetuned,XceptionNet (Finetuned),CW,RegNetX_400MF,Original,RegNetX_400MF (Original),Cifar100,0.0648,0.9352,0.9948,0.9400884599919582,False,False,cross_arch_cross_kind
XceptionNet,Finetuned,XceptionNet (Finetuned),CW,InceptionNet,Finetuned,InceptionNet (Finetuned),Cifar100,0.1764,0.8236,0.9948,0.8279051065540812,False,True,cross_arch_same_kind
XceptionNet,Finetuned,XceptionNet (Finetuned),CW,InceptionNet,Original,InceptionNet (Original),Cifar100,0.1574,0.8426,0.9948,0.8470044229995979,False,False,cross_arch_cross_kind
XceptionNet,Finetuned,XceptionNet (Finetuned),CW,MobileNet,Original,MobileNet (Original),Cifar100,0.0996,0.9004,0.9948,0.9051065540812223,False,False,cross_arch_cross_kind
XceptionNet,Finetuned,XceptionNet (Finetuned),CW,XceptionNet,Finetuned,XceptionNet (Finetuned),Cifar100,0.0052,0.9948,0.9948,1.0,True,True,self_same_kind
XceptionNet,Finetuned,XceptionNet (Finetuned),CW,XceptionNet,Original,XceptionNet (Original),Cifar100,0.1853,0.8147,0.9948,0.8189585846401286,True,False,same_arch_cross_kind
XceptionNet,Finetuned,XceptionNet (Finetuned),CW,ConvNeXt,Finetuned,ConvNeXt (Finetuned),Cifar100,0.0106,0.9894,0.9948,0.9945717732207479,False,True,cross_arch_same_kind
XceptionNet,Finetuned,XceptionNet (Finetuned),CW,ConvNeXt,Original,ConvNeXt (Original),Cifar100,0.1154,0.8846,0.9948,0.8892239646160033,False,False,cross_arch_cross_kind
XceptionNet,Original,XceptionNet (Original),PGD,VGG16,Finetuned,VGG16 (Finetuned),Cifar100,0.2058,0.7942,0.9273,0.8564650059311981,False,False,cross_arch_cross_kind
XceptionNet,Original,XceptionNet (Original),PGD,VGG16,Original,VGG16 (Original),Cifar100,0.1332,0.8668,0.9273,0.9347568208778173,False,True,cross_arch_same_kind
XceptionNet,Original,XceptionNet (Original),PGD,RegNetX_400MF,Finetuned,RegNetX_400MF (Finetuned),Cifar100,0.0804,0.9196,0.9273,0.9916963226571767,False,False,cross_arch_cross_kind
XceptionNet,Original,XceptionNet (Original),PGD,RegNetX_400MF,Original,RegNetX_400MF (Original),Cifar100,0.0608,0.9392,0.9273,1.0128329558934541,False,True,cross_arch_same_kind
XceptionNet,Original,XceptionNet (Original),PGD,InceptionNet,Finetuned,InceptionNet (Finetuned),Cifar100,0.167,0.833,0.9273,0.898306912541788,False,False,cross_arch_cross_kind
XceptionNet,Original,XceptionNet (Original),PGD,InceptionNet,Original,InceptionNet (Original),Cifar100,0.1482,0.8518,0.9273,0.9185808260541356,False,True,cross_arch_same_kind
XceptionNet,Original,XceptionNet (Original),PGD,MobileNet,Original,MobileNet (Original),Cifar100,0.0955,0.9045,0.9273,0.9754124878680038,False,True,cross_arch_same_kind
XceptionNet,Original,XceptionNet (Original),PGD,XceptionNet,Finetuned,XceptionNet (Finetuned),Cifar100,0.1668,0.8331999999999999,0.9273,0.8985225924727703,True,False,same_arch_cross_kind
XceptionNet,Original,XceptionNet (Original),PGD,XceptionNet,Original,XceptionNet (Original),Cifar100,0.0727,0.9273,0.9273,1.0,True,True,self_same_kind
XceptionNet,Original,XceptionNet (Original),PGD,ConvNeXt,Finetuned,ConvNeXt (Finetuned),Cifar100,0.011,0.989,0.9273,1.0665372587080773,False,False,cross_arch_cross_kind
XceptionNet,Original,XceptionNet (Original),PGD,ConvNeXt,Original,ConvNeXt (Original),Cifar100,0.113,0.887,0.9273,0.956540493907042,False,True,cross_arch_same_kind
XceptionNet,Original,XceptionNet (Original),FGSM,VGG16,Finetuned,VGG16 (Finetuned),Cifar100,0.206,0.794,0.8498,0.934337491174394,False,False,cross_arch_cross_kind
XceptionNet,Original,XceptionNet (Original),FGSM,VGG16,Original,VGG16 (Original),Cifar100,0.1347,0.8653,0.8498,1.0182395857848905,False,True,cross_arch_same_kind
XceptionNet,Original,XceptionNet (Original),FGSM,RegNetX_400MF,Finetuned,RegNetX_400MF (Finetuned),Cifar100,0.0802,0.9198,0.8498,1.0823723228995057,False,False,cross_arch_cross_kind
XceptionNet,Original,XceptionNet (Original),FGSM,RegNetX_400MF,Original,RegNetX_400MF (Original),Cifar100,0.0625,0.9375,0.8498,1.1032007531183807,False,True,cross_arch_same_kind
XceptionNet,Original,XceptionNet (Original),FGSM,InceptionNet,Finetuned,InceptionNet (Finetuned),Cifar100,0.1709,0.8291,0.8498,0.9756413273711461,False,False,cross_arch_cross_kind
XceptionNet,Original,XceptionNet (Original),FGSM,InceptionNet,Original,InceptionNet (Original),Cifar100,0.1525,0.8475,0.8498,0.9972934808190163,False,True,cross_arch_same_kind
XceptionNet,Original,XceptionNet (Original),FGSM,MobileNet,Original,MobileNet (Original),Cifar100,0.0978,0.9022,0.8498,1.06166156742763,False,True,cross_arch_same_kind
XceptionNet,Original,XceptionNet (Original),FGSM,XceptionNet,Finetuned,XceptionNet (Finetuned),Cifar100,0.1793,0.8207,0.8498,0.9657566486232054,True,False,same_arch_cross_kind
XceptionNet,Original,XceptionNet (Original),FGSM,XceptionNet,Original,XceptionNet (Original),Cifar100,0.1502,0.8498,0.8498,1.0,True,True,self_same_kind
XceptionNet,Original,XceptionNet (Original),FGSM,ConvNeXt,Finetuned,ConvNeXt (Finetuned),Cifar100,0.0111,0.9889,0.8498,1.1636855730760178,False,False,cross_arch_cross_kind
XceptionNet,Original,XceptionNet (Original),FGSM,ConvNeXt,Original,ConvNeXt (Original),Cifar100,0.1136,0.8864,0.8498,1.0430689574017415,False,True,cross_arch_same_kind
XceptionNet,Original,XceptionNet (Original),BIM,VGG16,Finetuned,VGG16 (Finetuned),Cifar100,0.6165,0.38349999999999995,0.6878,0.5575748764175632,False,False,cross_arch_cross_kind
XceptionNet,Original,XceptionNet (Original),BIM,VGG16,Original,VGG16 (Original),Cifar100,0.4815,0.5185,0.6878,0.7538528642047106,False,True,cross_arch_same_kind
XceptionNet,Original,XceptionNet (Original),BIM,RegNetX_400MF,Finetuned,RegNetX_400MF (Finetuned),Cifar100,0.3334,0.6666000000000001,0.6878,0.9691770863623148,False,False,cross_arch_cross_kind
XceptionNet,Original,XceptionNet (Original),BIM,RegNetX_400MF,Original,RegNetX_400MF (Original),Cifar100,0.2825,0.7175,0.6878,1.0431811573131726,False,True,cross_arch_same_kind
XceptionNet,Original,XceptionNet (Original),BIM,InceptionNet,Finetuned,InceptionNet (Finetuned),Cifar100,0.519,0.481,0.6878,0.699331200930503,False,False,cross_arch_cross_kind
XceptionNet,Original,XceptionNet (Original),BIM,InceptionNet,Original,InceptionNet (Original),Cifar100,0.4916,0.5084,0.6878,0.7391683628961907,False,True,cross_arch_same_kind
XceptionNet,Original,XceptionNet (Original),BIM,MobileNet,Original,MobileNet (Original),Cifar100,0.3523,0.6476999999999999,0.6878,0.9416981680721139,False,True,cross_arch_same_kind
XceptionNet,Original,XceptionNet (Original),BIM,XceptionNet,Finetuned,XceptionNet (Finetuned),Cifar100,0.5122,0.4878,0.6878,0.7092177958708927,True,False,same_arch_cross_kind
XceptionNet,Original,XceptionNet (Original),BIM,XceptionNet,Original,XceptionNet (Original),Cifar100,0.3122,0.6878,0.6878,1.0,True,True,self_same_kind
XceptionNet,Original,XceptionNet (Original),BIM,ConvNeXt,Finetuned,ConvNeXt (Finetuned),Cifar100,0.0109,0.9891,0.6878,1.4380633905205003,False,False,cross_arch_cross_kind
XceptionNet,Original,XceptionNet (Original),BIM,ConvNeXt,Original,ConvNeXt (Original),Cifar100,0.3607,0.6393,0.6878,0.9294853154986915,False,True,cross_arch_same_kind
XceptionNet,Original,XceptionNet (Original),APGD,VGG16,Finetuned,VGG16 (Finetuned),Cifar100,0.3294,0.6706,0.957,0.7007314524555904,False,False,cross_arch_cross_kind
XceptionNet,Original,XceptionNet (Original),APGD,VGG16,Original,VGG16 (Original),Cifar100,0.2216,0.7784,0.957,0.8133751306165099,False,True,cross_arch_same_kind
XceptionNet,Original,XceptionNet (Original),APGD,RegNetX_400MF,Finetuned,RegNetX_400MF (Finetuned),Cifar100,0.1263,0.8737,0.957,0.9129571577847441,False,False,cross_arch_cross_kind
XceptionNet,Original,XceptionNet (Original),APGD,RegNetX_400MF,Original,RegNetX_400MF (Original),Cifar100,0.1105,0.8895,0.957,0.9294670846394985,False,True,cross_arch_same_kind
XceptionNet,Original,XceptionNet (Original),APGD,InceptionNet,Finetuned,InceptionNet (Finetuned),Cifar100,0.2304,0.7696000000000001,0.957,0.8041797283176595,False,False,cross_arch_cross_kind
XceptionNet,Original,XceptionNet (Original),APGD,InceptionNet,Original,InceptionNet (Original),Cifar100,0.2097,0.7903,0.957,0.8258098223615465,False,True,cross_arch_same_kind
XceptionNet,Original,XceptionNet (Original),APGD,MobileNet,Original,MobileNet (Original),Cifar100,0.142,0.858,0.957,0.896551724137931,False,True,cross_arch_same_kind
XceptionNet,Original,XceptionNet (Original),APGD,XceptionNet,Finetuned,XceptionNet (Finetuned),Cifar100,0.2293,0.7706999999999999,0.957,0.8053291536050157,True,False,same_arch_cross_kind
XceptionNet,Original,XceptionNet (Original),APGD,XceptionNet,Original,XceptionNet (Original),Cifar100,0.043,0.957,0.957,1.0,True,True,self_same_kind
XceptionNet,Original,XceptionNet (Original),APGD,ConvNeXt,Finetuned,ConvNeXt (Finetuned),Cifar100,0.0112,0.9888,0.957,1.033228840125392,False,False,cross_arch_cross_kind
XceptionNet,Original,XceptionNet (Original),APGD,ConvNeXt,Original,ConvNeXt (Original),Cifar100,0.1675,0.8325,0.957,0.8699059561128527,False,True,cross_arch_same_kind
XceptionNet,Original,XceptionNet (Original),CW,VGG16,Finetuned,VGG16 (Finetuned),Cifar100,0.2293,0.7706999999999999,0.9823,0.7845871933217957,False,False,cross_arch_cross_kind
XceptionNet,Original,XceptionNet (Original),CW,VGG16,Original,VGG16 (Original),Cifar100,0.1473,0.8527,0.9823,0.8680647460042757,False,True,cross_arch_same_kind
XceptionNet,Original,XceptionNet (Original),CW,RegNetX_400MF,Finetuned,RegNetX_400MF (Finetuned),Cifar100,0.0928,0.9072,0.9823,0.9235467779700703,False,False,cross_arch_cross_kind
XceptionNet,Original,XceptionNet (Original),CW,RegNetX_400MF,Original,RegNetX_400MF (Original),Cifar100,0.0724,0.9276,0.9823,0.9443143642471751,False,True,cross_arch_same_kind
XceptionNet,Original,XceptionNet (Original),CW,InceptionNet,Finetuned,InceptionNet (Finetuned),Cifar100,0.1848,0.8152,0.9823,0.8298890359360684,False,False,cross_arch_cross_kind
XceptionNet,Original,XceptionNet (Original),CW,InceptionNet,Original,InceptionNet (Original),Cifar100,0.166,0.834,0.9823,0.8490277919169297,False,True,cross_arch_same_kind
XceptionNet,Original,XceptionNet (Original),CW,MobileNet,Original,MobileNet (Original),Cifar100,0.109,0.891,0.9823,0.9070548712206048,False,True,cross_arch_same_kind
XceptionNet,Original,XceptionNet (Original),CW,XceptionNet,Finetuned,XceptionNet (Finetuned),Cifar100,0.1997,0.8003,0.9823,0.8147205538023008,True,False,same_arch_cross_kind
XceptionNet,Original,XceptionNet (Original),CW,XceptionNet,Original,XceptionNet (Original),Cifar100,0.0177,0.9823,0.9823,1.0,True,True,self_same_kind
XceptionNet,Original,XceptionNet (Original),CW,ConvNeXt,Finetuned,ConvNeXt (Finetuned),Cifar100,0.0111,0.9889,0.9823,1.0067189249720045,False,False,cross_arch_cross_kind
XceptionNet,Original,XceptionNet (Original),CW,ConvNeXt,Original,ConvNeXt (Original),Cifar100,0.1231,0.8769,0.9823,0.8927008042349588,False,True,cross_arch_same_kind
ConvNeXt,Finetuned,ConvNeXt (Finetuned),PGD,VGG16,Finetuned,VGG16 (Finetuned),Cifar10,0.5104,0.48960000000000004,0.9191,0.5326950277445327,False,True,cross_arch_same_kind
ConvNeXt,Finetuned,ConvNeXt (Finetuned),PGD,VGG16,Original,VGG16 (Original),Cifar10,0.5274,0.4726,0.9191,0.5141986726145142,False,False,cross_arch_cross_kind
ConvNeXt,Finetuned,ConvNeXt (Finetuned),PGD,RegNetX_400MF,Finetuned,RegNetX_400MF (Finetuned),Cifar10,0.3472,0.6528,0.9191,0.7102600369927103,False,True,cross_arch_same_kind
ConvNeXt,Finetuned,ConvNeXt (Finetuned),PGD,RegNetX_400MF,Original,RegNetX_400MF (Original),Cifar10,0.2865,0.7135,0.9191,0.7763029050157763,False,False,cross_arch_cross_kind
ConvNeXt,Finetuned,ConvNeXt (Finetuned),PGD,InceptionNet,Finetuned,InceptionNet (Finetuned),Cifar10,0.4701,0.5299,0.9191,0.5765422696115766,False,True,cross_arch_same_kind
ConvNeXt,Finetuned,ConvNeXt (Finetuned),PGD,InceptionNet,Original,InceptionNet (Original),Cifar10,0.4683,0.5317000000000001,0.9191,0.5785007072135786,False,False,cross_arch_cross_kind
ConvNeXt,Finetuned,ConvNeXt (Finetuned),PGD,MobileNet,Original,MobileNet (Original),Cifar10,0.3506,0.6494,0.9191,0.7065607659667065,False,False,cross_arch_cross_kind
ConvNeXt,Finetuned,ConvNeXt (Finetuned),PGD,XceptionNet,Finetuned,XceptionNet (Finetuned),Cifar10,0.5148,0.48519999999999996,0.9191,0.5279077358285279,False,True,cross_arch_same_kind
ConvNeXt,Finetuned,ConvNeXt (Finetuned),PGD,XceptionNet,Original,XceptionNet (Original),Cifar10,0.4975,0.5025,0.9191,0.5467304972255467,False,False,cross_arch_cross_kind
ConvNeXt,Finetuned,ConvNeXt (Finetuned),PGD,ConvNeXt,Finetuned,ConvNeXt (Finetuned),Cifar10,0.0974,0.9026,0.9191,0.982047655314982,True,True,self_same_kind
ConvNeXt,Finetuned,ConvNeXt (Finetuned),PGD,ConvNeXt,Original,ConvNeXt (Original),Cifar10,0.356,0.644,0.9191,0.7006854531607006,True,False,same_arch_cross_kind
ConvNeXt,Finetuned,ConvNeXt (Finetuned),FGSM,VGG16,Finetuned,VGG16 (Finetuned),Cifar10,0.5084,0.49160000000000004,0.9206,0.5339995655007604,False,True,cross_arch_same_kind
ConvNeXt,Finetuned,ConvNeXt (Finetuned),FGSM,VGG16,Original,VGG16 (Original),Cifar10,0.5206,0.47940000000000005,0.9206,0.5207473386921574,False,False,cross_arch_cross_kind
ConvNeXt,Finetuned,ConvNeXt (Finetuned),FGSM,RegNetX_400MF,Finetuned,RegNetX_400MF (Finetuned),Cifar10,0.3492,0.6508,0.9206,0.7069302628720401,False,True,cross_arch_same_kind
ConvNeXt,Finetuned,ConvNeXt (Finetuned),FGSM,RegNetX_400MF,Original,RegNetX_400MF (Original),Cifar10,0.2859,0.7141,0.9206,0.7756897675429067,False,False,cross_arch_cross_kind
ConvNeXt,Finetuned,ConvNeXt (Finetuned),FGSM,InceptionNet,Finetuned,InceptionNet (Finetuned),Cifar10,0.4706,0.5294,0.9206,0.5750597436454487,False,True,cross_arch_same_kind
ConvNeXt,Finetuned,ConvNeXt (Finetuned),FGSM,InceptionNet,Original,InceptionNet (Original),Cifar10,0.4707,0.5293,0.9206,0.5749511188355421,False,False,cross_arch_cross_kind
ConvNeXt,Finetuned,ConvNeXt (Finetuned),FGSM,MobileNet,Original,MobileNet (Original),Cifar10,0.3508,0.6492,0.9206,0.7051922659135347,False,False,cross_arch_cross_kind
ConvNeXt,Finetuned,ConvNeXt (Finetuned),FGSM,XceptionNet,Finetuned,XceptionNet (Finetuned),Cifar10,0.5151,0.4849,0.9206,0.5267217032370194,False,True,cross_arch_same_kind
ConvNeXt,Finetuned,ConvNeXt (Finetuned),FGSM,XceptionNet,Original,XceptionNet (Original),Cifar10,0.5007,0.49929999999999997,0.9206,0.5423636758635673,False,False,cross_arch_cross_kind
ConvNeXt,Finetuned,ConvNeXt (Finetuned),FGSM,ConvNeXt,Finetuned,ConvNeXt (Finetuned),Cifar10,0.0991,0.9009,0.9206,0.9786009124484033,True,True,self_same_kind
ConvNeXt,Finetuned,ConvNeXt (Finetuned),FGSM,ConvNeXt,Original,ConvNeXt (Original),Cifar10,0.3573,0.6427,0.9206,0.6981316532696068,True,False,same_arch_cross_kind
ConvNeXt,Finetuned,ConvNeXt (Finetuned),BIM,VGG16,Finetuned,VGG16 (Finetuned),Cifar10,0.8985,0.10150000000000003,0.9465,0.10723718964606449,False,True,cross_arch_same_kind
ConvNeXt,Finetuned,ConvNeXt (Finetuned),BIM,VGG16,Original,VGG16 (Original),Cifar10,0.8993,0.10070000000000001,0.9465,0.10639197041732701,False,False,cross_arch_cross_kind
ConvNeXt,Finetuned,ConvNeXt (Finetuned),BIM,RegNetX_400MF,Finetuned,RegNetX_400MF (Finetuned),Cifar10,0.7578,0.24219999999999997,0.9465,0.2558901215002641,False,True,cross_arch_same_kind
ConvNeXt,Finetuned,ConvNeXt (Finetuned),BIM,RegNetX_400MF,Original,RegNetX_400MF (Original),Cifar10,0.6773,0.3227,0.9465,0.3409403063919704,False,False,cross_arch_cross_kind
ConvNeXt,Finetuned,ConvNeXt (Finetuned),BIM,InceptionNet,Finetuned,InceptionNet (Finetuned),Cifar10,0.8455,0.15449999999999997,0.9465,0.16323296354992073,False,True,cross_arch_same_kind
ConvNeXt,Finetuned,ConvNeXt (Finetuned),BIM,InceptionNet,Original,InceptionNet (Original),Cifar10,0.8334,0.16659999999999997,0.9465,0.1760169043845747,False,False,cross_arch_cross_kind
ConvNeXt,Finetuned,ConvNeXt (Finetuned),BIM,MobileNet,Original,MobileNet (Original),Cifar10,0.7563,0.24370000000000003,0.9465,0.25747490755414687,False,False,cross_arch_cross_kind
ConvNeXt,Finetuned,ConvNeXt (Finetuned),BIM,XceptionNet,Finetuned,XceptionNet (Finetuned),Cifar10,0.8699,0.1301,0.9465,0.1374537770734284,False,True,cross_arch_same_kind
ConvNeXt,Finetuned,ConvNeXt (Finetuned),BIM,XceptionNet,Original,XceptionNet (Original),Cifar10,0.8594,0.14059999999999995,0.9465,0.14854727945060744,False,False,cross_arch_cross_kind
ConvNeXt,Finetuned,ConvNeXt (Finetuned),BIM,ConvNeXt,Finetuned,ConvNeXt (Finetuned),Cifar10,0.0902,0.9097999999999999,0.9465,0.9612255678816692,True,True,self_same_kind
ConvNeXt,Finetuned,ConvNeXt (Finetuned),BIM,ConvNeXt,Original,ConvNeXt (Original),Cifar10,0.7268,0.2732,0.9465,0.28864236661384046,True,False,same_arch_cross_kind
ConvNeXt,Finetuned,ConvNeXt (Finetuned),APGD,VGG16,Finetuned,VGG16 (Finetuned),Cifar10,0.8787,0.12129999999999996,0.9941,0.12201991751332861,False,True,cross_arch_same_kind
ConvNeXt,Finetuned,ConvNeXt (Finetuned),APGD,VGG16,Original,VGG16 (Original),Cifar10,0.8879,0.11209999999999998,0.9941,0.11276531536062769,False,False,cross_arch_cross_kind
ConvNeXt,Finetuned,ConvNeXt (Finetuned),APGD,RegNetX_400MF,Finetuned,RegNetX_400MF (Finetuned),Cifar10,0.7594,0.24060000000000004,0.9941,0.24202796499346146,False,True,cross_arch_same_kind
ConvNeXt,Finetuned,ConvNeXt (Finetuned),APGD,RegNetX_400MF,Original,RegNetX_400MF (Original),Cifar10,0.6928,0.30720000000000003,0.9941,0.30902323709888346,False,False,cross_arch_cross_kind
ConvNeXt,Finetuned,ConvNeXt (Finetuned),APGD,InceptionNet,Finetuned,InceptionNet (Finetuned),Cifar10,0.8367,0.1633,0.9941,0.16426918821044162,False,True,cross_arch_same_kind
ConvNeXt,Finetuned,ConvNeXt (Finetuned),APGD,InceptionNet,Original,InceptionNet (Original),Cifar10,0.8302,0.16979999999999995,0.9941,0.1708077658183281,False,False,cross_arch_cross_kind
ConvNeXt,Finetuned,ConvNeXt (Finetuned),APGD,MobileNet,Original,MobileNet (Original),Cifar10,0.7575,0.24250000000000005,0.9941,0.24393924152499755,False,False,cross_arch_cross_kind
ConvNeXt,Finetuned,ConvNeXt (Finetuned),APGD,XceptionNet,Finetuned,XceptionNet (Finetuned),Cifar10,0.8651,0.13490000000000002,0.9941,0.13570063373906047,False,True,cross_arch_same_kind
ConvNeXt,Finetuned,ConvNeXt (Finetuned),APGD,XceptionNet,Original,XceptionNet (Original),Cifar10,0.8492,0.15080000000000005,0.9941,0.15169500050296755,False,False,cross_arch_cross_kind
ConvNeXt,Finetuned,ConvNeXt (Finetuned),APGD,ConvNeXt,Finetuned,ConvNeXt (Finetuned),Cifar10,0.0917,0.9083,0.9941,0.9136907755758978,True,True,self_same_kind
ConvNeXt,Finetuned,ConvNeXt (Finetuned),APGD,ConvNeXt,Original,ConvNeXt (Original),Cifar10,0.7316,0.26839999999999997,0.9941,0.2699929584548838,True,False,same_arch_cross_kind
ConvNeXt,Finetuned,ConvNeXt (Finetuned),CW,VGG16,Finetuned,VGG16 (Finetuned),Cifar10,0.5198,0.48019999999999996,0.9904,0.4848546042003231,False,True,cross_arch_same_kind
ConvNeXt,Finetuned,ConvNeXt (Finetuned),CW,VGG16,Original,VGG16 (Original),Cifar10,0.5318,0.46819999999999995,0.9904,0.47273828756058156,False,False,cross_arch_cross_kind
ConvNeXt,Finetuned,ConvNeXt (Finetuned),CW,RegNetX_400MF,Finetuned,RegNetX_400MF (Finetuned),Cifar10,0.3507,0.6493,0.9904,0.6555936995153474,False,True,cross_arch_same_kind
ConvNeXt,Finetuned,ConvNeXt (Finetuned),CW,RegNetX_400MF,Original,RegNetX_400MF (Original),Cifar10,0.2899,0.7101,0.9904,0.7169830371567043,False,False,cross_arch_cross_kind
ConvNeXt,Finetuned,ConvNeXt (Finetuned),CW,InceptionNet,Finetuned,InceptionNet (Finetuned),Cifar10,0.4761,0.5239,0.9904,0.5289781906300485,False,True,cross_arch_same_kind
ConvNeXt,Finetuned,ConvNeXt (Finetuned),CW,InceptionNet,Original,InceptionNet (Original),Cifar10,0.4754,0.5246,0.9904,0.5296849757673667,False,False,cross_arch_cross_kind
ConvNeXt,Finetuned,ConvNeXt (Finetuned),CW,MobileNet,Original,MobileNet (Original),Cifar10,0.3552,0.6448,0.9904,0.6510500807754444,False,False,cross_arch_cross_kind
ConvNeXt,Finetuned,ConvNeXt (Finetuned),CW,XceptionNet,Finetuned,XceptionNet (Finetuned),Cifar10,0.5195,0.48050000000000004,0.9904,0.4851575121163167,False,True,cross_arch_same_kind
ConvNeXt,Finetuned,ConvNeXt (Finetuned),CW,XceptionNet,Original,XceptionNet (Original),Cifar10,0.505,0.495,0.9904,0.4997980613893377,False,False,cross_arch_cross_kind
ConvNeXt,Finetuned,ConvNeXt (Finetuned),CW,ConvNeXt,Finetuned,ConvNeXt (Finetuned),Cifar10,0.0998,0.9002,0.9904,0.9089256865912763,True,True,self_same_kind
ConvNeXt,Finetuned,ConvNeXt (Finetuned),CW,ConvNeXt,Original,ConvNeXt (Original),Cifar10,0.3613,0.6387,0.9904,0.6448909531502424,True,False,same_arch_cross_kind
ConvNeXt,Finetuned,ConvNeXt (Finetuned),DeepFool,VGG16,Finetuned,VGG16 (Finetuned),Cifar10,0.8791,0.12090000000000001,0.993,0.12175226586102719,False,True,cross_arch_same_kind
ConvNeXt,Finetuned,ConvNeXt (Finetuned),DeepFool,VGG16,Original,VGG16 (Original),Cifar10,0.8838,0.11619999999999997,0.993,0.11701913393756291,False,False,cross_arch_cross_kind
ConvNeXt,Finetuned,ConvNeXt (Finetuned),DeepFool,RegNetX_400MF,Finetuned,RegNetX_400MF (Finetuned),Cifar10,0.7498,0.2502,0.993,0.25196374622356493,False,True,cross_arch_same_kind
ConvNeXt,Finetuned,ConvNeXt (Finetuned),DeepFool,RegNetX_400MF,Original,RegNetX_400MF (Original),Cifar10,0.6795,0.3205,0.993,0.32275931520644513,False,False,cross_arch_cross_kind
ConvNeXt,Finetuned,ConvNeXt (Finetuned),DeepFool,InceptionNet,Finetuned,InceptionNet (Finetuned),Cifar10,0.829,0.17100000000000004,0.993,0.1722054380664653,False,True,cross_arch_same_kind
ConvNeXt,Finetuned,ConvNeXt (Finetuned),DeepFool,InceptionNet,Original,InceptionNet (Original),Cifar10,0.8171,0.18289999999999995,0.993,0.18418932527693851,False,False,cross_arch_cross_kind
ConvNeXt,Finetuned,ConvNeXt (Finetuned),DeepFool,MobileNet,Original,MobileNet (Original),Cifar10,0.7451,0.2549,0.993,0.25669687814702924,False,False,cross_arch_cross_kind
ConvNeXt,Finetuned,ConvNeXt (Finetuned),DeepFool,XceptionNet,Finetuned,XceptionNet (Finetuned),Cifar10,0.8545,0.14549999999999996,0.993,0.14652567975830813,False,True,cross_arch_same_kind
ConvNeXt,Finetuned,ConvNeXt (Finetuned),DeepFool,XceptionNet,Original,XceptionNet (Original),Cifar10,0.8368,0.1632,0.993,0.16435045317220545,False,False,cross_arch_cross_kind
ConvNeXt,Finetuned,ConvNeXt (Finetuned),DeepFool,ConvNeXt,Finetuned,ConvNeXt (Finetuned),Cifar10,0.0946,0.9054,0.993,0.9117824773413897,True,True,self_same_kind
ConvNeXt,Finetuned,ConvNeXt (Finetuned),DeepFool,ConvNeXt,Original,ConvNeXt (Original),Cifar10,0.7187,0.2813,0.993,0.2832829808660624,True,False,same_arch_cross_kind
ConvNeXt,Original,ConvNeXt (Original),PGD,VGG16,Finetuned,VGG16 (Finetuned),Cifar10,0.503,0.497,0.8160000000000001,0.6090686274509803,False,False,cross_arch_cross_kind
ConvNeXt,Original,ConvNeXt (Original),PGD,VGG16,Original,VGG16 (Original),Cifar10,0.5129,0.4871,0.8160000000000001,0.5969362745098038,False,True,cross_arch_same_kind
ConvNeXt,Original,ConvNeXt (Original),PGD,RegNetX_400MF,Finetuned,RegNetX_400MF (Finetuned),Cifar10,0.3315,0.6685,0.8160000000000001,0.8192401960784312,False,False,cross_arch_cross_kind
ConvNeXt,Original,ConvNeXt (Original),PGD,RegNetX_400MF,Original,RegNetX_400MF (Original),Cifar10,0.2743,0.7257,0.8160000000000001,0.8893382352941176,False,True,cross_arch_same_kind
ConvNeXt,Original,ConvNeXt (Original),PGD,InceptionNet,Finetuned,InceptionNet (Finetuned),Cifar10,0.4536,0.5464,0.8160000000000001,0.6696078431372549,False,False,cross_arch_cross_kind
ConvNeXt,Original,ConvNeXt (Original),PGD,InceptionNet,Original,InceptionNet (Original),Cifar10,0.4542,0.5458000000000001,0.8160000000000001,0.6688725490196079,False,True,cross_arch_same_kind
ConvNeXt,Original,ConvNeXt (Original),PGD,MobileNet,Original,MobileNet (Original),Cifar10,0.3382,0.6617999999999999,0.8160000000000001,0.8110294117647058,False,True,cross_arch_same_kind
ConvNeXt,Original,ConvNeXt (Original),PGD,XceptionNet,Finetuned,XceptionNet (Finetuned),Cifar10,0.5001,0.4999,0.8160000000000001,0.6126225490196078,False,False,cross_arch_cross_kind
ConvNeXt,Original,ConvNeXt (Original),PGD,XceptionNet,Original,XceptionNet (Original),Cifar10,0.4881,0.5119,0.8160000000000001,0.627328431372549,False,True,cross_arch_same_kind
ConvNeXt,Original,ConvNeXt (Original),PGD,ConvNeXt,Finetuned,ConvNeXt (Finetuned),Cifar10,0.0978,0.9022,0.8160000000000001,1.1056372549019606,True,False,same_arch_cross_kind
ConvNeXt,Original,ConvNeXt (Original),PGD,ConvNeXt,Original,ConvNeXt (Original),Cifar10,0.184,0.8160000000000001,0.8160000000000001,1.0,True,True,self_same_kind
ConvNeXt,Original,ConvNeXt (Original),FGSM,VGG16,Finetuned,VGG16 (Finetuned),Cifar10,0.4995,0.5005,0.7058,0.7091243978464153,False,False,cross_arch_cross_kind
ConvNeXt,Original,ConvNeXt (Original),FGSM,VGG16,Original,VGG16 (Original),Cifar10,0.5119,0.4881,0.7058,0.6915556814961745,False,True,cross_arch_same_kind
ConvNeXt,Original,ConvNeXt (Original),FGSM,RegNetX_400MF,Finetuned,RegNetX_400MF (Finetuned),Cifar10,0.3378,0.6622,0.7058,0.9382261263814112,False,False,cross_arch_cross_kind
ConvNeXt,Original,ConvNeXt (Original),FGSM,RegNetX_400MF,Original,RegNetX_400MF (Original),Cifar10,0.2776,0.7223999999999999,0.7058,1.023519410597903,False,True,cross_arch_same_kind
ConvNeXt,Original,ConvNeXt (Original),FGSM,InceptionNet,Finetuned,InceptionNet (Finetuned),Cifar10,0.4574,0.5426,0.7058,0.7687730235194106,False,False,cross_arch_cross_kind
ConvNeXt,Original,ConvNeXt (Original),FGSM,InceptionNet,Original,InceptionNet (Original),Cifar10,0.4574,0.5426,0.7058,0.7687730235194106,False,True,cross_arch_same_kind
ConvNeXt,Original,ConvNeXt (Original),FGSM,MobileNet,Original,MobileNet (Original),Cifar10,0.34,0.6599999999999999,0.7058,0.9351090960612071,False,True,cross_arch_same_kind
ConvNeXt,Original,ConvNeXt (Original),FGSM,XceptionNet,Finetuned,XceptionNet (Finetuned),Cifar10,0.4996,0.5004,0.7058,0.7089827146500425,False,False,cross_arch_cross_kind
ConvNeXt,Original,ConvNeXt (Original),FGSM,XceptionNet,Original,XceptionNet (Original),Cifar10,0.4878,0.5122,0.7058,0.7257013318220459,False,True,cross_arch_same_kind
ConvNeXt,Original,ConvNeXt (Original),FGSM,ConvNeXt,Finetuned,ConvNeXt (Finetuned),Cifar10,0.0974,0.9026,0.7058,1.2788325304618873,True,False,same_arch_cross_kind
ConvNeXt,Original,ConvNeXt (Original),FGSM,ConvNeXt,Original,ConvNeXt (Original),Cifar10,0.2942,0.7058,0.7058,1.0,True,True,self_same_kind
ConvNeXt,Original,ConvNeXt (Original),BIM,VGG16,Finetuned,VGG16 (Finetuned),Cifar10,0.8938,0.10619999999999996,0.4539999999999999,0.23392070484581495,False,False,cross_arch_cross_kind
ConvNeXt,Original,ConvNeXt (Original),BIM,VGG16,Original,VGG16 (Original),Cifar10,0.8969,0.10309999999999997,0.4539999999999999,0.22709251101321584,False,True,cross_arch_same_kind
ConvNeXt,Original,ConvNeXt (Original),BIM,RegNetX_400MF,Finetuned,RegNetX_400MF (Finetuned),Cifar10,0.7446,0.25539999999999996,0.4539999999999999,0.5625550660792952,False,False,cross_arch_cross_kind
ConvNeXt,Original,ConvNeXt (Original),BIM,RegNetX_400MF,Original,RegNetX_400MF (Original),Cifar10,0.6655,0.3345,0.4539999999999999,0.7367841409691632,False,True,cross_arch_same_kind
ConvNeXt,Original,ConvNeXt (Original),BIM,InceptionNet,Finetuned,InceptionNet (Finetuned),Cifar10,0.8378,0.1622,0.4539999999999999,0.35726872246696045,False,False,cross_arch_cross_kind
ConvNeXt,Original,ConvNeXt (Original),BIM,InceptionNet,Original,InceptionNet (Original),Cifar10,0.8234,0.17659999999999998,0.4539999999999999,0.3889867841409692,False,True,cross_arch_same_kind
ConvNeXt,Original,ConvNeXt (Original),BIM,MobileNet,Original,MobileNet (Original),Cifar10,0.744,0.256,0.4539999999999999,0.563876651982379,False,True,cross_arch_same_kind
ConvNeXt,Original,ConvNeXt (Original),BIM,XceptionNet,Finetuned,XceptionNet (Finetuned),Cifar10,0.8635,0.13649999999999995,0.4539999999999999,0.3006607929515418,False,False,cross_arch_cross_kind
ConvNeXt,Original,ConvNeXt (Original),BIM,XceptionNet,Original,XceptionNet (Original),Cifar10,0.8499,0.1501,0.4539999999999999,0.3306167400881058,False,True,cross_arch_same_kind
ConvNeXt,Original,ConvNeXt (Original),BIM,ConvNeXt,Finetuned,ConvNeXt (Finetuned),Cifar10,0.0916,0.9084,0.4539999999999999,2.000881057268723,True,False,same_arch_cross_kind
ConvNeXt,Original,ConvNeXt (Original),BIM,ConvNeXt,Original,ConvNeXt (Original),Cifar10,0.546,0.45399999999999996,0.4539999999999999,1.0000000000000002,True,True,self_same_kind
ConvNeXt,Original,ConvNeXt (Original),APGD,VGG16,Finetuned,VGG16 (Finetuned),Cifar10,0.6268,0.3732,0.8749,0.4265630357755172,False,False,cross_arch_cross_kind
ConvNeXt,Original,ConvNeXt (Original),APGD,VGG16,Original,VGG16 (Original),Cifar10,0.635,0.365,0.8749,0.4171905360612641,False,True,cross_arch_same_kind
ConvNeXt,Original,ConvNeXt (Original),APGD,RegNetX_400MF,Finetuned,RegNetX_400MF (Finetuned),Cifar10,0.412,0.5880000000000001,0.8749,0.6720768087781461,False,False,cross_arch_cross_kind
ConvNeXt,Original,ConvNeXt (Original),APGD,RegNetX_400MF,Original,RegNetX_400MF (Original),Cifar10,0.3417,0.6583,0.8749,0.7524288490113156,False,True,cross_arch_same_kind
ConvNeXt,Original,ConvNeXt (Original),APGD,InceptionNet,Finetuned,InceptionNet (Finetuned),Cifar10,0.5424,0.4576,0.8749,0.5230312035661219,False,False,cross_arch_cross_kind
ConvNeXt,Original,ConvNeXt (Original),APGD,InceptionNet,Original,InceptionNet (Original),Cifar10,0.5396,0.46040000000000003,0.8749,0.5262315693222083,False,True,cross_arch_same_kind
ConvNeXt,Original,ConvNeXt (Original),APGD,MobileNet,Original,MobileNet (Original),Cifar10,0.4076,0.5924,0.8749,0.6771059549662819,False,True,cross_arch_same_kind
ConvNeXt,Original,ConvNeXt (Original),APGD,XceptionNet,Finetuned,XceptionNet (Finetuned),Cifar10,0.594,0.406,0.8749,0.46405303463252945,False,False,cross_arch_cross_kind
ConvNeXt,Original,ConvNeXt (Original),APGD,XceptionNet,Original,XceptionNet (Original),Cifar10,0.5738,0.4262,0.8749,0.48714138758715286,False,True,cross_arch_same_kind
ConvNeXt,Original,ConvNeXt (Original),APGD,ConvNeXt,Finetuned,ConvNeXt (Finetuned),Cifar10,0.0978,0.9022,0.8749,1.0312035661218424,True,False,same_arch_cross_kind
ConvNeXt,Original,ConvNeXt (Original),APGD,ConvNeXt,Original,ConvNeXt (Original),Cifar10,0.1252,0.8748,0.8749,0.9998857012229969,True,True,self_same_kind
ConvNeXt,Original,ConvNeXt (Original),CW,VGG16,Finetuned,VGG16 (Finetuned),Cifar10,0.5088,0.49119999999999997,0.9968,0.49277688603531294,False,False,cross_arch_cross_kind
ConvNeXt,Original,ConvNeXt (Original),CW,VGG16,Original,VGG16 (Original),Cifar10,0.5202,0.4798,0.9968,0.4813402889245586,False,True,cross_arch_same_kind
ConvNeXt,Original,ConvNeXt (Original),CW,RegNetX_400MF,Finetuned,RegNetX_400MF (Finetuned),Cifar10,0.3389,0.6611,0.9968,0.6632223113964687,False,False,cross_arch_cross_kind
ConvNeXt,Original,ConvNeXt (Original),CW,RegNetX_400MF,Original,RegNetX_400MF (Original),Cifar10,0.2768,0.7232000000000001,0.9968,0.7255216693418941,False,True,cross_arch_same_kind
ConvNeXt,Original,ConvNeXt (Original),CW,InceptionNet,Finetuned,InceptionNet (Finetuned),Cifar10,0.4643,0.5357000000000001,0.9968,0.5374197431781702,False,False,cross_arch_cross_kind
ConvNeXt,Original,ConvNeXt (Original),CW,InceptionNet,Original,InceptionNet (Original),Cifar10,0.464,0.536,0.9968,0.5377207062600321,False,True,cross_arch_same_kind
ConvNeXt,Original,ConvNeXt (Original),CW,MobileNet,Original,MobileNet (Original),Cifar10,0.3445,0.6555,0.9968,0.6576043338683788,False,True,cross_arch_same_kind
ConvNeXt,Original,ConvNeXt (Original),CW,XceptionNet,Finetuned,XceptionNet (Finetuned),Cifar10,0.5093,0.4907,0.9968,0.4922752808988764,False,False,cross_arch_cross_kind
ConvNeXt,Original,ConvNeXt (Original),CW,XceptionNet,Original,XceptionNet (Original),Cifar10,0.497,0.503,0.9968,0.5046147672552167,False,True,cross_arch_same_kind
ConvNeXt,Original,ConvNeXt (Original),CW,ConvNeXt,Finetuned,ConvNeXt (Finetuned),Cifar10,0.0996,0.9004,0.9968,0.903290529695024,True,False,same_arch_cross_kind
ConvNeXt,Original,ConvNeXt (Original),CW,ConvNeXt,Original,ConvNeXt (Original),Cifar10,0.0032,0.9968,0.9968,1.0,True,True,self_same_kind
ConvNeXt,Original,ConvNeXt (Original),DeepFool,VGG16,Finetuned,VGG16 (Finetuned),Cifar10,0.6085,0.39149999999999996,0.8544,0.4582162921348314,False,False,cross_arch_cross_kind
ConvNeXt,Original,ConvNeXt (Original),DeepFool,VGG16,Original,VGG16 (Original),Cifar10,0.6168,0.3832,0.8544,0.44850187265917596,False,True,cross_arch_same_kind
ConvNeXt,Original,ConvNeXt (Original),DeepFool,RegNetX_400MF,Finetuned,RegNetX_400MF (Finetuned),Cifar10,0.3903,0.6097,0.8544,0.7136001872659176,False,False,cross_arch_cross_kind
ConvNeXt,Original,ConvNeXt (Original),DeepFool,RegNetX_400MF,Original,RegNetX_400MF (Original),Cifar10,0.3119,0.6880999999999999,0.8544,0.8053604868913856,False,True,cross_arch_same_kind
ConvNeXt,Original,ConvNeXt (Original),DeepFool,InceptionNet,Finetuned,InceptionNet (Finetuned),Cifar10,0.5325,0.4675,0.8544,0.5471676029962547,False,False,cross_arch_cross_kind
ConvNeXt,Original,ConvNeXt (Original),DeepFool,InceptionNet,Original,InceptionNet (Original),Cifar10,0.5264,0.4736,0.8544,0.5543071161048689,False,True,cross_arch_same_kind
ConvNeXt,Original,ConvNeXt (Original),DeepFool,MobileNet,Original,MobileNet (Original),Cifar10,0.3849,0.6151,0.8544,0.7199204119850187,False,True,cross_arch_same_kind
ConvNeXt,Original,ConvNeXt (Original),DeepFool,XceptionNet,Finetuned,XceptionNet (Finetuned),Cifar10,0.583,0.41700000000000004,0.8544,0.488061797752809,False,False,cross_arch_cross_kind
ConvNeXt,Original,ConvNeXt (Original),DeepFool,XceptionNet,Original,XceptionNet (Original),Cifar10,0.5594,0.4406,0.8544,0.5156835205992509,False,True,cross_arch_same_kind
ConvNeXt,Original,ConvNeXt (Original),DeepFool,ConvNeXt,Finetuned,ConvNeXt (Finetuned),Cifar10,0.0993,0.9007000000000001,0.8544,1.054190074906367,True,False,same_arch_cross_kind
ConvNeXt,Original,ConvNeXt (Original),DeepFool,ConvNeXt,Original,ConvNeXt (Original),Cifar10,0.1456,0.8544,0.8544,1.0,True,True,self_same_kind
ConvNeXt,Finetuned,ConvNeXt (Finetuned),PGD,VGG16,Finetuned,VGG16 (Finetuned),Cifar100,0.2227,0.7773,0.9967,0.7798735828233169,False,True,cross_arch_same_kind
ConvNeXt,Finetuned,ConvNeXt (Finetuned),PGD,VGG16,Original,VGG16 (Original),Cifar100,0.1432,0.8568,0.9967,0.8596368014447677,False,False,cross_arch_cross_kind
ConvNeXt,Finetuned,ConvNeXt (Finetuned),PGD,RegNetX_400MF,Finetuned,RegNetX_400MF (Finetuned),Cifar100,0.0859,0.9141,0.9967,0.9171265175077756,False,True,cross_arch_same_kind
ConvNeXt,Finetuned,ConvNeXt (Finetuned),PGD,RegNetX_400MF,Original,RegNetX_400MF (Original),Cifar100,0.0647,0.9353,0.9967,0.9383967091401625,False,False,cross_arch_cross_kind
ConvNeXt,Finetuned,ConvNeXt (Finetuned),PGD,InceptionNet,Finetuned,InceptionNet (Finetuned),Cifar100,0.1772,0.8228,0.9967,0.8255242299588642,False,True,cross_arch_same_kind
ConvNeXt,Finetuned,ConvNeXt (Finetuned),PGD,InceptionNet,Original,InceptionNet (Original),Cifar100,0.1609,0.8391,0.9967,0.8418781980535768,False,False,cross_arch_cross_kind
ConvNeXt,Finetuned,ConvNeXt (Finetuned),PGD,MobileNet,Original,MobileNet (Original),Cifar100,0.1037,0.8963,0.9967,0.8992675830239791,False,False,cross_arch_cross_kind
ConvNeXt,Finetuned,ConvNeXt (Finetuned),PGD,XceptionNet,Finetuned,XceptionNet (Finetuned),Cifar100,0.2027,0.7973,0.9967,0.7999398013444367,False,True,cross_arch_same_kind
ConvNeXt,Finetuned,ConvNeXt (Finetuned),PGD,XceptionNet,Original,XceptionNet (Original),Cifar100,0.1971,0.8029,0.9967,0.8055583425303501,False,False,cross_arch_cross_kind
ConvNeXt,Finetuned,ConvNeXt (Finetuned),PGD,ConvNeXt,Finetuned,ConvNeXt (Finetuned),Cifar100,0.0102,0.9898,0.9967,0.9930771546102137,True,True,self_same_kind
ConvNeXt,Finetuned,ConvNeXt (Finetuned),PGD,ConvNeXt,Original,ConvNeXt (Original),Cifar100,0.114,0.886,0.9967,0.8889334804856025,True,False,same_arch_cross_kind
ConvNeXt,Finetuned,ConvNeXt (Finetuned),FGSM,VGG16,Finetuned,VGG16 (Finetuned),Cifar100,0.2228,0.7772,0.9949,0.7811840385968439,False,True,cross_arch_same_kind
ConvNeXt,Finetuned,ConvNeXt (Finetuned),FGSM,VGG16,Original,VGG16 (Original),Cifar100,0.1425,0.8575,0.9949,0.8618956679063223,False,False,cross_arch_cross_kind
ConvNeXt,Finetuned,ConvNeXt (Finetuned),FGSM,RegNetX_400MF,Finetuned,RegNetX_400MF (Finetuned),Cifar100,0.0846,0.9154,0.9949,0.9200924716051865,False,True,cross_arch_same_kind
ConvNeXt,Finetuned,ConvNeXt (Finetuned),FGSM,RegNetX_400MF,Original,RegNetX_400MF (Original),Cifar100,0.0644,0.9356,0.9949,0.9403960197004724,False,False,cross_arch_cross_kind
ConvNeXt,Finetuned,ConvNeXt (Finetuned),FGSM,InceptionNet,Finetuned,InceptionNet (Finetuned),Cifar100,0.1767,0.8233,0.9949,0.8275203538044025,False,True,cross_arch_same_kind
ConvNeXt,Finetuned,ConvNeXt (Finetuned),FGSM,InceptionNet,Original,InceptionNet (Original),Cifar100,0.1604,0.8396,0.9949,0.8439039099406975,False,False,cross_arch_cross_kind
ConvNeXt,Finetuned,ConvNeXt (Finetuned),FGSM,MobileNet,Original,MobileNet (Original),Cifar100,0.1023,0.8976999999999999,0.9949,0.902301738868228,False,False,cross_arch_cross_kind
ConvNeXt,Finetuned,ConvNeXt (Finetuned),FGSM,XceptionNet,Finetuned,XceptionNet (Finetuned),Cifar100,0.2015,0.7985,0.9949,0.802593225449794,False,True,cross_arch_same_kind
ConvNeXt,Finetuned,ConvNeXt (Finetuned),FGSM,XceptionNet,Original,XceptionNet (Original),Cifar100,0.1958,0.8042,0.9949,0.8083224444667806,False,False,cross_arch_cross_kind
ConvNeXt,Finetuned,ConvNeXt (Finetuned),FGSM,ConvNeXt,Finetuned,ConvNeXt (Finetuned),Cifar100,0.0105,0.9895,0.9949,0.9945723188260127,True,True,self_same_kind
ConvNeXt,Finetuned,ConvNeXt (Finetuned),FGSM,ConvNeXt,Original,ConvNeXt (Original),Cifar100,0.1126,0.8874,0.9949,0.8919489395919188,True,False,same_arch_cross_kind
ConvNeXt,Finetuned,ConvNeXt (Finetuned),BIM,VGG16,Finetuned,VGG16 (Finetuned),Cifar100,0.6357,0.36429999999999996,0.9973,0.36528627293692967,False,True,cross_arch_same_kind
ConvNeXt,Finetuned,ConvNeXt (Finetuned),BIM,VGG16,Original,VGG16 (Original),Cifar100,0.5012,0.4988,0.9973,0.5001504060964604,False,False,cross_arch_cross_kind
ConvNeXt,Finetuned,ConvNeXt (Finetuned),BIM,RegNetX_400MF,Finetuned,RegNetX_400MF (Finetuned),Cifar100,0.3455,0.6545000000000001,0.9973,0.6562719342224006,False,True,cross_arch_same_kind
ConvNeXt,Finetuned,ConvNeXt (Finetuned),BIM,RegNetX_400MF,Original,RegNetX_400MF (Original),Cifar100,0.2881,0.7119,0.9973,0.7138273338012634,False,False,cross_arch_cross_kind
ConvNeXt,Finetuned,ConvNeXt (Finetuned),BIM,InceptionNet,Finetuned,InceptionNet (Finetuned),Cifar100,0.5362,0.4638,0.9973,0.46505565025569034,False,True,cross_arch_same_kind
ConvNeXt,Finetuned,ConvNeXt (Finetuned),BIM,InceptionNet,Original,InceptionNet (Original),Cifar100,0.507,0.493,0.9973,0.49433470369999,False,False,cross_arch_cross_kind
ConvNeXt,Finetuned,ConvNeXt (Finetuned),BIM,MobileNet,Original,MobileNet (Original),Cifar100,0.3657,0.6343,0.9973,0.6360172465657274,False,False,cross_arch_cross_kind
ConvNeXt,Finetuned,ConvNeXt (Finetuned),BIM,XceptionNet,Finetuned,XceptionNet (Finetuned),Cifar100,0.5603,0.4397,0.9973,0.4408904040910458,False,True,cross_arch_same_kind
ConvNeXt,Finetuned,ConvNeXt (Finetuned),BIM,XceptionNet,Original,XceptionNet (Original),Cifar100,0.5492,0.4508,0.9973,0.4520204552291186,False,False,cross_arch_cross_kind
ConvNeXt,Finetuned,ConvNeXt (Finetuned),BIM,ConvNeXt,Finetuned,ConvNeXt (Finetuned),Cifar100,0.0113,0.9887,0.9973,0.991376717136268,True,True,self_same_kind
ConvNeXt,Finetuned,ConvNeXt (Finetuned),BIM,ConvNeXt,Original,ConvNeXt (Original),Cifar100,0.3637,0.6363,0.9973,0.6380226611852,True,False,same_arch_cross_kind
ConvNeXt,Finetuned,ConvNeXt (Finetuned),APGD,VGG16,Finetuned,VGG16 (Finetuned),Cifar100,0.674,0.32599999999999996,0.9998,0.3260652130426085,False,True,cross_arch_same_kind
ConvNeXt,Finetuned,ConvNeXt (Finetuned),APGD,VGG16,Original,VGG16 (Original),Cifar100,0.5446,0.4554,0.9998,0.45549109821964395,False,False,cross_arch_cross_kind
ConvNeXt,Finetuned,ConvNeXt (Finetuned),APGD,RegNetX_400MF,Finetuned,RegNetX_400MF (Finetuned),Cifar100,0.3952,0.6048,0.9998,0.6049209841968394,False,True,cross_arch_same_kind
ConvNeXt,Finetuned,ConvNeXt (Finetuned),APGD,RegNetX_400MF,Original,RegNetX_400MF (Original),Cifar100,0.3486,0.6514,0.9998,0.6515303060612122,False,False,cross_arch_cross_kind
ConvNeXt,Finetuned,ConvNeXt (Finetuned),APGD,InceptionNet,Finetuned,InceptionNet (Finetuned),Cifar100,0.5698,0.4302,0.9998,0.4302860572114423,False,True,cross_arch_same_kind
ConvNeXt,Finetuned,ConvNeXt (Finetuned),APGD,InceptionNet,Original,InceptionNet (Original),Cifar100,0.5438,0.45620000000000005,0.9998,0.45629125825165034,False,False,cross_arch_cross_kind
ConvNeXt,Finetuned,ConvNeXt (Finetuned),APGD,MobileNet,Original,MobileNet (Original),Cifar100,0.4211,0.5789,0.9998,0.5790158031606321,False,False,cross_arch_cross_kind
ConvNeXt,Finetuned,ConvNeXt (Finetuned),APGD,XceptionNet,Finetuned,XceptionNet (Finetuned),Cifar100,0.5975,0.40249999999999997,0.9998,0.4025805161032206,False,True,cross_arch_same_kind
ConvNeXt,Finetuned,ConvNeXt (Finetuned),APGD,XceptionNet,Original,XceptionNet (Original),Cifar100,0.5876,0.4124,0.9998,0.41248249649929986,False,False,cross_arch_cross_kind
ConvNeXt,Finetuned,ConvNeXt (Finetuned),APGD,ConvNeXt,Finetuned,ConvNeXt (Finetuned),Cifar100,0.0123,0.9877,0.9998,0.9878975795159032,True,True,self_same_kind
ConvNeXt,Finetuned,ConvNeXt (Finetuned),APGD,ConvNeXt,Original,ConvNeXt (Original),Cifar100,0.4082,0.5918,0.9998,0.5919183836767353,True,False,same_arch_cross_kind
ConvNeXt,Finetuned,ConvNeXt (Finetuned),CW,VGG16,Finetuned,VGG16 (Finetuned),Cifar100,0.2268,0.7732,0.9997,0.7734320296088827,False,True,cross_arch_same_kind
ConvNeXt,Finetuned,ConvNeXt (Finetuned),CW,VGG16,Original,VGG16 (Original),Cifar100,0.1429,0.8571,0.9997,0.8573572071621486,False,False,cross_arch_cross_kind
ConvNeXt,Finetuned,ConvNeXt (Finetuned),CW,RegNetX_400MF,Finetuned,RegNetX_400MF (Finetuned),Cifar100,0.0866,0.9134,0.9997,0.9136741022306691,False,True,cross_arch_same_kind
ConvNeXt,Finetuned,ConvNeXt (Finetuned),CW,RegNetX_400MF,Original,RegNetX_400MF (Original),Cifar100,0.0651,0.9349,0.9997,0.9351805541662498,False,False,cross_arch_cross_kind
ConvNeXt,Finetuned,ConvNeXt (Finetuned),CW,InceptionNet,Finetuned,InceptionNet (Finetuned),Cifar100,0.1794,0.8206,0.9997,0.8208462538761628,False,True,cross_arch_same_kind
ConvNeXt,Finetuned,ConvNeXt (Finetuned),CW,InceptionNet,Original,InceptionNet (Original),Cifar100,0.1617,0.8383,0.9997,0.8385515654696409,False,False,cross_arch_cross_kind
ConvNeXt,Finetuned,ConvNeXt (Finetuned),CW,MobileNet,Original,MobileNet (Original),Cifar100,0.1045,0.8955,0.9997,0.8957687306191857,False,False,cross_arch_cross_kind
ConvNeXt,Finetuned,ConvNeXt (Finetuned),CW,XceptionNet,Finetuned,XceptionNet (Finetuned),Cifar100,0.2033,0.7967,0.9997,0.7969390817245173,False,True,cross_arch_same_kind
ConvNeXt,Finetuned,ConvNeXt (Finetuned),CW,XceptionNet,Original,XceptionNet (Original),Cifar100,0.1991,0.8009,0.9997,0.8011403421026307,False,False,cross_arch_cross_kind
ConvNeXt,Finetuned,ConvNeXt (Finetuned),CW,ConvNeXt,Finetuned,ConvNeXt (Finetuned),Cifar100,0.011,0.989,0.9997,0.9892967890367109,True,True,self_same_kind
ConvNeXt,Finetuned,ConvNeXt (Finetuned),CW,ConvNeXt,Original,ConvNeXt (Original),Cifar100,0.1156,0.8844,0.9997,0.8846653996198859,True,False,same_arch_cross_kind
ConvNeXt,Finetuned,ConvNeXt (Finetuned),DeepFool,VGG16,Finetuned,VGG16 (Finetuned),Cifar100,0.6759,0.32410000000000005,,,False,True,cross_arch_same_kind
ConvNeXt,Finetuned,ConvNeXt (Finetuned),DeepFool,VGG16,Original,VGG16 (Original),Cifar100,0.5455,0.4545,,,False,False,cross_arch_cross_kind
ConvNeXt,Finetuned,ConvNeXt (Finetuned),DeepFool,RegNetX_400MF,Finetuned,RegNetX_400MF (Finetuned),Cifar100,0.3952,0.6048,,,False,True,cross_arch_same_kind
ConvNeXt,Finetuned,ConvNeXt (Finetuned),DeepFool,RegNetX_400MF,Original,RegNetX_400MF (Original),Cifar100,0.3506,0.6494,,,False,False,cross_arch_cross_kind
ConvNeXt,Finetuned,ConvNeXt (Finetuned),DeepFool,InceptionNet,Finetuned,InceptionNet (Finetuned),Cifar100,0.5708,0.4292,,,False,True,cross_arch_same_kind
ConvNeXt,Finetuned,ConvNeXt (Finetuned),DeepFool,InceptionNet,Original,InceptionNet (Original),Cifar100,0.5457,0.45430000000000004,,,False,False,cross_arch_cross_kind
ConvNeXt,Finetuned,ConvNeXt (Finetuned),DeepFool,MobileNet,Original,MobileNet (Original),Cifar100,0.423,0.577,,,False,False,cross_arch_cross_kind
ConvNeXt,Finetuned,ConvNeXt (Finetuned),DeepFool,XceptionNet,Finetuned,XceptionNet (Finetuned),Cifar100,0.5974,0.40259999999999996,,,False,True,cross_arch_same_kind
ConvNeXt,Finetuned,ConvNeXt (Finetuned),DeepFool,XceptionNet,Original,XceptionNet (Original),Cifar100,0.5882,0.41180000000000005,,,False,False,cross_arch_cross_kind
ConvNeXt,Finetuned,ConvNeXt (Finetuned),DeepFool,ConvNeXt,Finetuned,ConvNeXt (Finetuned),Cifar100,0.0124,0.9876,,,True,True,self_same_kind
ConvNeXt,Finetuned,ConvNeXt (Finetuned),DeepFool,ConvNeXt,Original,ConvNeXt (Original),Cifar100,0.4096,0.5904,,,True,False,same_arch_cross_kind
ConvNeXt,Original,ConvNeXt (Original),PGD,VGG16,Finetuned,VGG16 (Finetuned),Cifar100,0.2219,0.7781,0.9518,0.8175036772431183,False,False,cross_arch_cross_kind
ConvNeXt,Original,ConvNeXt (Original),PGD,VGG16,Original,VGG16 (Original),Cifar100,0.1421,0.8579,0.9518,0.9013448203404076,False,True,cross_arch_same_kind
ConvNeXt,Original,ConvNeXt (Original),PGD,RegNetX_400MF,Finetuned,RegNetX_400MF (Finetuned),Cifar100,0.0833,0.9167,0.9518,0.963122504727884,False,False,cross_arch_cross_kind
ConvNeXt,Original,ConvNeXt (Original),PGD,RegNetX_400MF,Original,RegNetX_400MF (Original),Cifar100,0.0628,0.9372,0.9518,0.9846606429922253,False,True,cross_arch_same_kind
ConvNeXt,Original,ConvNeXt (Original),PGD,InceptionNet,Finetuned,InceptionNet (Finetuned),Cifar100,0.174,0.8260000000000001,0.9518,0.8678293759193109,False,False,cross_arch_cross_kind
ConvNeXt,Original,ConvNeXt (Original),PGD,InceptionNet,Original,InceptionNet (Original),Cifar100,0.1561,0.8439,0.9518,0.886635847867199,False,True,cross_arch_same_kind
ConvNeXt,Original,ConvNeXt (Original),PGD,MobileNet,Original,MobileNet (Original),Cifar100,0.1024,0.8976,0.9518,0.9430552637108636,False,True,cross_arch_same_kind
ConvNeXt,Original,ConvNeXt (Original),PGD,XceptionNet,Finetuned,XceptionNet (Finetuned),Cifar100,0.1988,0.8012,0.9518,0.8417734818239127,False,False,cross_arch_cross_kind
ConvNeXt,Original,ConvNeXt (Original),PGD,XceptionNet,Original,XceptionNet (Original),Cifar100,0.1928,0.8072,0.9518,0.8480773271695735,False,True,cross_arch_same_kind
ConvNeXt,Original,ConvNeXt (Original),PGD,ConvNeXt,Finetuned,ConvNeXt (Finetuned),Cifar100,0.0114,0.9886,0.9518,1.03866358478672,True,False,same_arch_cross_kind
ConvNeXt,Original,ConvNeXt (Original),PGD,ConvNeXt,Original,ConvNeXt (Original),Cifar100,0.0482,0.9518,0.9518,1.0,True,True,self_same_kind
ConvNeXt,Original,ConvNeXt (Original),FGSM,VGG16,Finetuned,VGG16 (Finetuned),Cifar100,0.218,0.782,0.9121,0.8573621313452472,False,False,cross_arch_cross_kind
ConvNeXt,Original,ConvNeXt (Original),FGSM,VGG16,Original,VGG16 (Original),Cifar100,0.1406,0.8593999999999999,0.9121,0.9422212476702115,False,True,cross_arch_same_kind
ConvNeXt,Original,ConvNeXt (Original),FGSM,RegNetX_400MF,Finetuned,RegNetX_400MF (Finetuned),Cifar100,0.0817,0.9183,0.9121,1.0067975002740928,False,False,cross_arch_cross_kind
ConvNeXt,Original,ConvNeXt (Original),FGSM,RegNetX_400MF,Original,RegNetX_400MF (Original),Cifar100,0.063,0.937,0.9121,1.027299638197566,False,True,cross_arch_same_kind
ConvNeXt,Original,ConvNeXt (Original),FGSM,InceptionNet,Finetuned,InceptionNet (Finetuned),Cifar100,0.1738,0.8262,0.9121,0.9058217300734569,False,False,cross_arch_cross_kind
ConvNeXt,Original,ConvNeXt (Original),FGSM,InceptionNet,Original,InceptionNet (Original),Cifar100,0.1558,0.8442000000000001,0.9121,0.9255564082885649,False,True,cross_arch_same_kind
ConvNeXt,Original,ConvNeXt (Original),FGSM,MobileNet,Original,MobileNet (Original),Cifar100,0.1012,0.8988,0.9121,0.9854182655410592,False,True,cross_arch_same_kind
ConvNeXt,Original,ConvNeXt (Original),FGSM,XceptionNet,Finetuned,XceptionNet (Finetuned),Cifar100,0.1963,0.8037,0.9121,0.8811533823045719,False,False,cross_arch_cross_kind
ConvNeXt,Original,ConvNeXt (Original),FGSM,XceptionNet,Original,XceptionNet (Original),Cifar100,0.1929,0.8071,0.9121,0.8848810437452034,False,True,cross_arch_same_kind
ConvNeXt,Original,ConvNeXt (Original),FGSM,ConvNeXt,Finetuned,ConvNeXt (Finetuned),Cifar100,0.0107,0.9893,0.9121,1.0846398421225742,True,False,same_arch_cross_kind
ConvNeXt,Original,ConvNeXt (Original),FGSM,ConvNeXt,Original,ConvNeXt (Original),Cifar100,0.0879,0.9121,0.9121,1.0,True,True,self_same_kind
ConvNeXt,Original,ConvNeXt (Original),BIM,VGG16,Finetuned,VGG16 (Finetuned),Cifar100,0.6335,0.36650000000000005,0.7839,0.4675341242505422,False,False,cross_arch_cross_kind
ConvNeXt,Original,ConvNeXt (Original),BIM,VGG16,Original,VGG16 (Original),Cifar100,0.4968,0.5032,0.7839,0.6419186120678657,False,True,cross_arch_same_kind
ConvNeXt,Original,ConvNeXt (Original),BIM,RegNetX_400MF,Finetuned,RegNetX_400MF (Finetuned),Cifar100,0.3385,0.6615,0.7839,0.843857634902411,False,False,cross_arch_cross_kind
ConvNeXt,Original,ConvNeXt (Original),BIM,RegNetX_400MF,Original,RegNetX_400MF (Original),Cifar100,0.2827,0.7173,0.7839,0.9150401836969001,False,True,cross_arch_same_kind
ConvNeXt,Original,ConvNeXt (Original),BIM,InceptionNet,Finetuned,InceptionNet (Finetuned),Cifar100,0.5294,0.4706,0.7839,0.6003316749585407,False,False,cross_arch_cross_kind
ConvNeXt,Original,ConvNeXt (Original),BIM,InceptionNet,Original,InceptionNet (Original),Cifar100,0.5024,0.49760000000000004,0.7839,0.6347748437300677,False,True,cross_arch_same_kind
ConvNeXt,Original,ConvNeXt (Original),BIM,MobileNet,Original,MobileNet (Original),Cifar100,0.3597,0.6403,0.7839,0.8168133690521749,False,True,cross_arch_same_kind
ConvNeXt,Original,ConvNeXt (Original),BIM,XceptionNet,Finetuned,XceptionNet (Finetuned),Cifar100,0.5541,0.44589999999999996,0.7839,0.5688225538971807,False,False,cross_arch_cross_kind
ConvNeXt,Original,ConvNeXt (Original),BIM,XceptionNet,Original,XceptionNet (Original),Cifar100,0.5421,0.4579,0.7839,0.5841306289067483,False,True,cross_arch_same_kind
ConvNeXt,Original,ConvNeXt (Original),BIM,ConvNeXt,Finetuned,ConvNeXt (Finetuned),Cifar100,0.0107,0.9893,0.7839,1.2620232172470978,True,False,same_arch_cross_kind
ConvNeXt,Original,ConvNeXt (Original),BIM,ConvNeXt,Original,ConvNeXt (Original),Cifar100,0.2161,0.7839,0.7839,1.0,True,True,self_same_kind
ConvNeXt,Original,ConvNeXt (Original),APGD,VGG16,Finetuned,VGG16 (Finetuned),Cifar100,0.4533,0.5467,0.9714,0.5627959645871937,False,False,cross_arch_cross_kind
ConvNeXt,Original,ConvNeXt (Original),APGD,VGG16,Original,VGG16 (Original),Cifar100,0.3252,0.6748000000000001,0.9714,0.6946674902203006,False,True,cross_arch_same_kind
ConvNeXt,Original,ConvNeXt (Original),APGD,RegNetX_400MF,Finetuned,RegNetX_400MF (Finetuned),Cifar100,0.1778,0.8222,0.9714,0.8464072472719786,False,False,cross_arch_cross_kind
ConvNeXt,Original,ConvNeXt (Original),APGD,RegNetX_400MF,Original,RegNetX_400MF (Original),Cifar100,0.1411,0.8589,0.9714,0.8841877702285361,False,True,cross_arch_same_kind
ConvNeXt,Original,ConvNeXt (Original),APGD,InceptionNet,Finetuned,InceptionNet (Finetuned),Cifar100,0.3432,0.6568,0.9714,0.6761375334568664,False,False,cross_arch_cross_kind
ConvNeXt,Original,ConvNeXt (Original),APGD,InceptionNet,Original,InceptionNet (Original),Cifar100,0.3188,0.6812,0.9714,0.7012559192917439,False,True,cross_arch_same_kind
ConvNeXt,Original,ConvNeXt (Original),APGD,MobileNet,Original,MobileNet (Original),Cifar100,0.2063,0.7937,0.9714,0.8170681490632077,False,True,cross_arch_same_kind
ConvNeXt,Original,ConvNeXt (Original),APGD,XceptionNet,Finetuned,XceptionNet (Finetuned),Cifar100,0.3788,0.6212,0.9714,0.6394893967469631,False,False,cross_arch_cross_kind
ConvNeXt,Original,ConvNeXt (Original),APGD,XceptionNet,Original,XceptionNet (Original),Cifar100,0.3713,0.6287,0.9714,0.6472102120650608,False,True,cross_arch_same_kind
ConvNeXt,Original,ConvNeXt (Original),APGD,ConvNeXt,Finetuned,ConvNeXt (Finetuned),Cifar100,0.0112,0.9888,0.9714,1.0179122915379863,True,False,same_arch_cross_kind
ConvNeXt,Original,ConvNeXt (Original),APGD,ConvNeXt,Original,ConvNeXt (Original),Cifar100,0.0286,0.9714,0.9714,1.0,True,True,self_same_kind
ConvNeXt,Original,ConvNeXt (Original),CW,VGG16,Finetuned,VGG16 (Finetuned),Cifar100,0.2263,0.7737,0.9975,0.7756390977443609,False,False,cross_arch_cross_kind
ConvNeXt,Original,ConvNeXt (Original),CW,VGG16,Original,VGG16 (Original),Cifar100,0.1433,0.8567,0.9975,0.8588471177944862,False,True,cross_arch_same_kind
ConvNeXt,Original,ConvNeXt (Original),CW,RegNetX_400MF,Finetuned,RegNetX_400MF (Finetuned),Cifar100,0.0862,0.9138,0.9975,0.9160902255639096,False,False,cross_arch_cross_kind
ConvNeXt,Original,ConvNeXt (Original),CW,RegNetX_400MF,Original,RegNetX_400MF (Original),Cifar100,0.0653,0.9347,0.9975,0.9370426065162907,False,True,cross_arch_same_kind
ConvNeXt,Original,ConvNeXt (Original),CW,InceptionNet,Finetuned,InceptionNet (Finetuned),Cifar100,0.1795,0.8205,0.9975,0.8225563909774436,False,False,cross_arch_cross_kind
ConvNeXt,Original,ConvNeXt (Original),CW,InceptionNet,Original,InceptionNet (Original),Cifar100,0.1609,0.8391,0.9975,0.841203007518797,False,True,cross_arch_same_kind
ConvNeXt,Original,ConvNeXt (Original),CW,MobileNet,Original,MobileNet (Original),Cifar100,0.1035,0.8965,0.9975,0.8987468671679197,False,True,cross_arch_same_kind
ConvNeXt,Original,ConvNeXt (Original),CW,XceptionNet,Finetuned,XceptionNet (Finetuned),Cifar100,0.2031,0.7968999999999999,0.9975,0.7988972431077693,False,False,cross_arch_cross_kind
ConvNeXt,Original,ConvNeXt (Original),CW,XceptionNet,Original,XceptionNet (Original),Cifar100,0.1993,0.8007,0.9975,0.8027067669172931,False,True,cross_arch_same_kind
ConvNeXt,Original,ConvNeXt (Original),CW,ConvNeXt,Finetuned,ConvNeXt (Finetuned),Cifar100,0.0109,0.9891,0.9975,0.991578947368421,True,False,same_arch_cross_kind
ConvNeXt,Original,ConvNeXt (Original),CW,ConvNeXt,Original,ConvNeXt (Original),Cifar100,0.0025,0.9975,0.9975,1.0,True,True,self_same_kind
