source_model,source_kind,source_label,target_model,target_kind,target_label,dataset,gradient_similarity,same_architecture,same_kind,pair_type
VGG16,Control_Continuted,VGG16 (Control Continued),VGG16,Control_Continuted,VGG16 (Control Continued),Cifar100_epochs100_pretrain300,0.7858926355838776,True,True,self_same_kind
VGG16,Control_Continuted,VGG16 (Control Continued),VGG16,Dynamic_Region_All_Combined,VGG16 (Pruned Finetuned),Cifar100_epochs100_pretrain300,0.09625875577330589,True,False,same_arch_cross_kind
VGG16,Control_Continuted,VGG16 (Control Continued),VGG16,Dynamic_Region_All_Combined_quant,VGG16 (Pruned Finetuned Quantized),Cifar100_epochs100_pretrain300,0.0617748461663723,True,False,same_arch_cross_kind
VGG16,Control_Continuted,VGG16 (Control Continued),RegNetX_400MF,Control_Continuted,RegNetX_400MF (Control Continued),Cifar100_epochs100_pretrain300,0.006452169502153993,False,True,cross_arch_same_kind
VGG16,Control_Continuted,VGG16 (Control Continued),RegNetX_400MF,Dynamic_Region_All_Combined,RegNetX_400MF (Pruned Finetuned),Cifar100_epochs100_pretrain300,0.01008686306886375,False,False,cross_arch_cross_kind
VGG16,Control_Continuted,VGG16 (Control Continued),RegNetX_400MF,Dynamic_Region_All_Combined_quant,RegNetX_400MF (Pruned Finetuned Quantized),Cifar100_epochs100_pretrain300,0.00820848811417818,False,False,cross_arch_cross_kind
VGG16,Control_Continuted,VGG16 (Control Continued),InceptionNet,Control_Continuted,InceptionNet (Control Continued),Cifar100_epochs100_pretrain300,0.028365640435367823,False,True,cross_arch_same_kind
VGG16,Control_Continuted,VGG16 (Control Continued),InceptionNet,Dynamic_Region_All_Combined,InceptionNet (Pruned Finetuned),Cifar100_epochs100_pretrain300,0.02681909129023552,False,False,cross_arch_cross_kind
VGG16,Control_Continuted,VGG16 (Control Continued),InceptionNet,Dynamic_Region_All_Combined_quant,InceptionNet (Pruned Finetuned Quantized),Cifar100_epochs100_pretrain300,0.02811722457408905,False,False,cross_arch_cross_kind
VGG16,Control_Continuted,VGG16 (Control Continued),MobileNet,Control_Continuted,MobileNet (Control Continued),Cifar100_epochs100_pretrain300,0.01715234573930502,False,True,cross_arch_same_kind
VGG16,Control_Continuted,VGG16 (Control Continued),XceptionNet,Control_Continuted,XceptionNet (Control Continued),Cifar100_epochs100_pretrain300,0.034887139685451984,False,True,cross_arch_same_kind
VGG16,Control_Continuted,VGG16 (Control Continued),XceptionNet,Dynamic_Region_All_Combined,XceptionNet (Pruned Finetuned),Cifar100_epochs100_pretrain300,0.030410514678806067,False,False,cross_arch_cross_kind
VGG16,Control_Continuted,VGG16 (Control Continued),XceptionNet,Dynamic_Region_All_Combined_quant,XceptionNet (Pruned Finetuned Quantized),Cifar100_epochs100_pretrain300,0.02932179719209671,False,False,cross_arch_cross_kind
VGG16,Control_Continuted,VGG16 (Control Continued),ConvNeXt,Control_Continuted,ConvNeXt (Control Continued),Cifar100_epochs100_pretrain300,0.005687794764526188,False,True,cross_arch_same_kind
VGG16,Dynamic_Region_All_Combined,VGG16 (Pruned Finetuned),VGG16,Control_Continuted,VGG16 (Control Continued),Cifar100_epochs100_pretrain300,0.09625875763595104,True,False,same_arch_cross_kind
VGG16,Dynamic_Region_All_Combined,VGG16 (Pruned Finetuned),VGG16,Dynamic_Region_All_Combined,VGG16 (Pruned Finetuned),Cifar100_epochs100_pretrain300,0.6954115033149719,True,True,self_same_kind
VGG16,Dynamic_Region_All_Combined,VGG16 (Pruned Finetuned),VGG16,Dynamic_Region_All_Combined_quant,VGG16 (Pruned Finetuned Quantized),Cifar100_epochs100_pretrain300,0.06991229299455881,True,False,same_arch_cross_kind
VGG16,Dynamic_Region_All_Combined,VGG16 (Pruned Finetuned),RegNetX_400MF,Control_Continuted,RegNetX_400MF (Control Continued),Cifar100_epochs100_pretrain300,0.004009795316960663,False,False,cross_arch_cross_kind
VGG16,Dynamic_Region_All_Combined,VGG16 (Pruned Finetuned),RegNetX_400MF,Dynamic_Region_All_Combined,RegNetX_400MF (Pruned Finetuned),Cifar100_epochs100_pretrain300,0.006715372437611222,False,True,cross_arch_same_kind
VGG16,Dynamic_Region_All_Combined,VGG16 (Pruned Finetuned),RegNetX_400MF,Dynamic_Region_All_Combined_quant,RegNetX_400MF (Pruned Finetuned Quantized),Cifar100_epochs100_pretrain300,0.005414911080151796,False,False,cross_arch_cross_kind
VGG16,Dynamic_Region_All_Combined,VGG16 (Pruned Finetuned),InceptionNet,Control_Continuted,InceptionNet (Control Continued),Cifar100_epochs100_pretrain300,0.01909662038087845,False,False,cross_arch_cross_kind
VGG16,Dynamic_Region_All_Combined,VGG16 (Pruned Finetuned),InceptionNet,Dynamic_Region_All_Combined,InceptionNet (Pruned Finetuned),Cifar100_epochs100_pretrain300,0.019166700076311827,False,True,cross_arch_same_kind
VGG16,Dynamic_Region_All_Combined,VGG16 (Pruned Finetuned),InceptionNet,Dynamic_Region_All_Combined_quant,InceptionNet (Pruned Finetuned Quantized),Cifar100_epochs100_pretrain300,0.01964507671073079,False,False,cross_arch_cross_kind
VGG16,Dynamic_Region_All_Combined,VGG16 (Pruned Finetuned),MobileNet,Control_Continuted,MobileNet (Control Continued),Cifar100_epochs100_pretrain300,0.010239416733384132,False,False,cross_arch_cross_kind
VGG16,Dynamic_Region_All_Combined,VGG16 (Pruned Finetuned),XceptionNet,Control_Continuted,XceptionNet (Control Continued),Cifar100_epochs100_pretrain300,0.02507776627317071,False,False,cross_arch_cross_kind
VGG16,Dynamic_Region_All_Combined,VGG16 (Pruned Finetuned),XceptionNet,Dynamic_Region_All_Combined,XceptionNet (Pruned Finetuned),Cifar100_epochs100_pretrain300,0.02445706306025386,False,True,cross_arch_same_kind
VGG16,Dynamic_Region_All_Combined,VGG16 (Pruned Finetuned),XceptionNet,Dynamic_Region_All_Combined_quant,XceptionNet (Pruned Finetuned Quantized),Cifar100_epochs100_pretrain300,0.021227655466645956,False,False,cross_arch_cross_kind
VGG16,Dynamic_Region_All_Combined,VGG16 (Pruned Finetuned),ConvNeXt,Control_Continuted,ConvNeXt (Control Continued),Cifar100_epochs100_pretrain300,0.003937621659133583,False,False,cross_arch_cross_kind
VGG16,Dynamic_Region_All_Combined_quant,VGG16 (Pruned Finetuned Quantized),VGG16,Control_Continuted,VGG16 (Control Continued),Cifar100_epochs100_pretrain300,0.06177484430372715,True,False,same_arch_cross_kind
VGG16,Dynamic_Region_All_Combined_quant,VGG16 (Pruned Finetuned Quantized),VGG16,Dynamic_Region_All_Combined,VGG16 (Pruned Finetuned),Cifar100_epochs100_pretrain300,0.06991229299455881,True,False,same_arch_cross_kind
VGG16,Dynamic_Region_All_Combined_quant,VGG16 (Pruned Finetuned Quantized),VGG16,Dynamic_Region_All_Combined_quant,VGG16 (Pruned Finetuned Quantized),Cifar100_epochs100_pretrain300,0.6771125793457031,True,True,self_same_kind
VGG16,Dynamic_Region_All_Combined_quant,VGG16 (Pruned Finetuned Quantized),RegNetX_400MF,Control_Continuted,RegNetX_400MF (Control Continued),Cifar100_epochs100_pretrain300,0.004728736937977374,False,False,cross_arch_cross_kind
VGG16,Dynamic_Region_All_Combined_quant,VGG16 (Pruned Finetuned Quantized),RegNetX_400MF,Dynamic_Region_All_Combined,RegNetX_400MF (Pruned Finetuned),Cifar100_epochs100_pretrain300,0.007651557796634734,False,False,cross_arch_cross_kind
VGG16,Dynamic_Region_All_Combined_quant,VGG16 (Pruned Finetuned Quantized),RegNetX_400MF,Dynamic_Region_All_Combined_quant,RegNetX_400MF (Pruned Finetuned Quantized),Cifar100_epochs100_pretrain300,0.0050951598095707595,False,True,cross_arch_same_kind
VGG16,Dynamic_Region_All_Combined_quant,VGG16 (Pruned Finetuned Quantized),InceptionNet,Control_Continuted,InceptionNet (Control Continued),Cifar100_epochs100_pretrain300,0.025543981697410345,False,False,cross_arch_cross_kind
VGG16,Dynamic_Region_All_Combined_quant,VGG16 (Pruned Finetuned Quantized),InceptionNet,Dynamic_Region_All_Combined,InceptionNet (Pruned Finetuned),Cifar100_epochs100_pretrain300,0.025200041942298412,False,False,cross_arch_cross_kind
VGG16,Dynamic_Region_All_Combined_quant,VGG16 (Pruned Finetuned Quantized),InceptionNet,Dynamic_Region_All_Combined_quant,InceptionNet (Pruned Finetuned Quantized),Cifar100_epochs100_pretrain300,0.02734054997563362,False,True,cross_arch_same_kind
VGG16,Dynamic_Region_All_Combined_quant,VGG16 (Pruned Finetuned Quantized),MobileNet,Control_Continuted,MobileNet (Control Continued),Cifar100_epochs100_pretrain300,0.012056951876729727,False,False,cross_arch_cross_kind
VGG16,Dynamic_Region_All_Combined_quant,VGG16 (Pruned Finetuned Quantized),XceptionNet,Control_Continuted,XceptionNet (Control Continued),Cifar100_epochs100_pretrain300,0.03492636373266578,False,False,cross_arch_cross_kind
VGG16,Dynamic_Region_All_Combined_quant,VGG16 (Pruned Finetuned Quantized),XceptionNet,Dynamic_Region_All_Combined,XceptionNet (Pruned Finetuned),Cifar100_epochs100_pretrain300,0.03160291584208608,False,False,cross_arch_cross_kind
VGG16,Dynamic_Region_All_Combined_quant,VGG16 (Pruned Finetuned Quantized),XceptionNet,Dynamic_Region_All_Combined_quant,XceptionNet (Pruned Finetuned Quantized),Cifar100_epochs100_pretrain300,0.03239342523738742,False,True,cross_arch_same_kind
VGG16,Dynamic_Region_All_Combined_quant,VGG16 (Pruned Finetuned Quantized),ConvNeXt,Control_Continuted,ConvNeXt (Control Continued),Cifar100_epochs100_pretrain300,0.0062849672976881266,False,False,cross_arch_cross_kind
RegNetX_400MF,Control_Continuted,RegNetX_400MF (Control Continued),VGG16,Control_Continuted,VGG16 (Control Continued),Cifar100_epochs100_pretrain300,0.006452169851399958,False,True,cross_arch_same_kind
RegNetX_400MF,Control_Continuted,RegNetX_400MF (Control Continued),VGG16,Dynamic_Region_All_Combined,VGG16 (Pruned Finetuned),Cifar100_epochs100_pretrain300,0.004009795433375984,False,False,cross_arch_cross_kind
RegNetX_400MF,Control_Continuted,RegNetX_400MF (Control Continued),VGG16,Dynamic_Region_All_Combined_quant,VGG16 (Pruned Finetuned Quantized),Cifar100_epochs100_pretrain300,0.004728736937977374,False,False,cross_arch_cross_kind
RegNetX_400MF,Control_Continuted,RegNetX_400MF (Control Continued),RegNetX_400MF,Control_Continuted,RegNetX_400MF (Control Continued),Cifar100_epochs100_pretrain300,0.9296435415744781,True,True,self_same_kind
RegNetX_400MF,Control_Continuted,RegNetX_400MF (Control Continued),RegNetX_400MF,Dynamic_Region_All_Combined,RegNetX_400MF (Pruned Finetuned),Cifar100_epochs100_pretrain300,0.12802400439977646,True,False,same_arch_cross_kind
RegNetX_400MF,Control_Continuted,RegNetX_400MF (Control Continued),RegNetX_400MF,Dynamic_Region_All_Combined_quant,RegNetX_400MF (Pruned Finetuned Quantized),Cifar100_epochs100_pretrain300,0.10845569334924221,True,False,same_arch_cross_kind
RegNetX_400MF,Control_Continuted,RegNetX_400MF (Control Continued),InceptionNet,Control_Continuted,InceptionNet (Control Continued),Cifar100_epochs100_pretrain300,0.013561191502958536,False,True,cross_arch_same_kind
RegNetX_400MF,Control_Continuted,RegNetX_400MF (Control Continued),InceptionNet,Dynamic_Region_All_Combined,InceptionNet (Pruned Finetuned),Cifar100_epochs100_pretrain300,0.018047275952994823,False,False,cross_arch_cross_kind
RegNetX_400MF,Control_Continuted,RegNetX_400MF (Control Continued),InceptionNet,Dynamic_Region_All_Combined_quant,InceptionNet (Pruned Finetuned Quantized),Cifar100_epochs100_pretrain300,0.018749799579381943,False,False,cross_arch_cross_kind
RegNetX_400MF,Control_Continuted,RegNetX_400MF (Control Continued),MobileNet,Control_Continuted,MobileNet (Control Continued),Cifar100_epochs100_pretrain300,0.041690073907375336,False,True,cross_arch_same_kind
RegNetX_400MF,Control_Continuted,RegNetX_400MF (Control Continued),XceptionNet,Control_Continuted,XceptionNet (Control Continued),Cifar100_epochs100_pretrain300,0.030008376110345125,False,True,cross_arch_same_kind
RegNetX_400MF,Control_Continuted,RegNetX_400MF (Control Continued),XceptionNet,Dynamic_Region_All_Combined,XceptionNet (Pruned Finetuned),Cifar100_epochs100_pretrain300,0.024943933822214603,False,False,cross_arch_cross_kind
RegNetX_400MF,Control_Continuted,RegNetX_400MF (Control Continued),XceptionNet,Dynamic_Region_All_Combined_quant,XceptionNet (Pruned Finetuned Quantized),Cifar100_epochs100_pretrain300,0.024590509943664074,False,False,cross_arch_cross_kind
RegNetX_400MF,Control_Continuted,RegNetX_400MF (Control Continued),ConvNeXt,Control_Continuted,ConvNeXt (Control Continued),Cifar100_epochs100_pretrain300,0.03103828802704811,False,True,cross_arch_same_kind
RegNetX_400MF,Dynamic_Region_All_Combined,RegNetX_400MF (Pruned Finetuned),VGG16,Control_Continuted,VGG16 (Control Continued),Cifar100_epochs100_pretrain300,0.010086862836033106,False,False,cross_arch_cross_kind
RegNetX_400MF,Dynamic_Region_All_Combined,RegNetX_400MF (Pruned Finetuned),VGG16,Dynamic_Region_All_Combined,VGG16 (Pruned Finetuned),Cifar100_epochs100_pretrain300,0.0067153723211959004,False,True,cross_arch_same_kind
RegNetX_400MF,Dynamic_Region_All_Combined,RegNetX_400MF (Pruned Finetuned),VGG16,Dynamic_Region_All_Combined_quant,VGG16 (Pruned Finetuned Quantized),Cifar100_epochs100_pretrain300,0.007651557680219412,False,False,cross_arch_cross_kind
RegNetX_400MF,Dynamic_Region_All_Combined,RegNetX_400MF (Pruned Finetuned),RegNetX_400MF,Control_Continuted,RegNetX_400MF (Control Continued),Cifar100_epochs100_pretrain300,0.12802400439977646,True,False,same_arch_cross_kind
RegNetX_400MF,Dynamic_Region_All_Combined,RegNetX_400MF (Pruned Finetuned),RegNetX_400MF,Dynamic_Region_All_Combined,RegNetX_400MF (Pruned Finetuned),Cifar100_epochs100_pretrain300,0.9512083381414413,True,True,self_same_kind
RegNetX_400MF,Dynamic_Region_All_Combined,RegNetX_400MF (Pruned Finetuned),RegNetX_400MF,Dynamic_Region_All_Combined_quant,RegNetX_400MF (Pruned Finetuned Quantized),Cifar100_epochs100_pretrain300,0.09446918033063412,True,False,same_arch_cross_kind
RegNetX_400MF,Dynamic_Region_All_Combined,RegNetX_400MF (Pruned Finetuned),InceptionNet,Control_Continuted,InceptionNet (Control Continued),Cifar100_epochs100_pretrain300,0.018355462234467268,False,False,cross_arch_cross_kind
RegNetX_400MF,Dynamic_Region_All_Combined,RegNetX_400MF (Pruned Finetuned),InceptionNet,Dynamic_Region_All_Combined,InceptionNet (Pruned Finetuned),Cifar100_epochs100_pretrain300,0.02118768636137247,False,True,cross_arch_same_kind
RegNetX_400MF,Dynamic_Region_All_Combined,RegNetX_400MF (Pruned Finetuned),InceptionNet,Dynamic_Region_All_Combined_quant,InceptionNet (Pruned Finetuned Quantized),Cifar100_epochs100_pretrain300,0.022688080091029406,False,False,cross_arch_cross_kind
RegNetX_400MF,Dynamic_Region_All_Combined,RegNetX_400MF (Pruned Finetuned),MobileNet,Control_Continuted,MobileNet (Control Continued),Cifar100_epochs100_pretrain300,0.045946416445076466,False,False,cross_arch_cross_kind
RegNetX_400MF,Dynamic_Region_All_Combined,RegNetX_400MF (Pruned Finetuned),XceptionNet,Control_Continuted,XceptionNet (Control Continued),Cifar100_epochs100_pretrain300,0.041582418605685234,False,False,cross_arch_cross_kind
RegNetX_400MF,Dynamic_Region_All_Combined,RegNetX_400MF (Pruned Finetuned),XceptionNet,Dynamic_Region_All_Combined,XceptionNet (Pruned Finetuned),Cifar100_epochs100_pretrain300,0.035673180129379034,False,True,cross_arch_same_kind
RegNetX_400MF,Dynamic_Region_All_Combined,RegNetX_400MF (Pruned Finetuned),XceptionNet,Dynamic_Region_All_Combined_quant,XceptionNet (Pruned Finetuned Quantized),Cifar100_epochs100_pretrain300,0.034617056138813496,False,False,cross_arch_cross_kind
RegNetX_400MF,Dynamic_Region_All_Combined,RegNetX_400MF (Pruned Finetuned),ConvNeXt,Control_Continuted,ConvNeXt (Control Continued),Cifar100_epochs100_pretrain300,0.02376257488504052,False,False,cross_arch_cross_kind
RegNetX_400MF,Dynamic_Region_All_Combined_quant,RegNetX_400MF (Pruned Finetuned Quantized),VGG16,Control_Continuted,VGG16 (Control Continued),Cifar100_epochs100_pretrain300,0.00820848811417818,False,False,cross_arch_cross_kind
RegNetX_400MF,Dynamic_Region_All_Combined_quant,RegNetX_400MF (Pruned Finetuned Quantized),VGG16,Dynamic_Region_All_Combined,VGG16 (Pruned Finetuned),Cifar100_epochs100_pretrain300,0.0054149109637364745,False,False,cross_arch_cross_kind
RegNetX_400MF,Dynamic_Region_All_Combined_quant,RegNetX_400MF (Pruned Finetuned Quantized),VGG16,Dynamic_Region_All_Combined_quant,VGG16 (Pruned Finetuned Quantized),Cifar100_epochs100_pretrain300,0.005095159925986081,False,True,cross_arch_same_kind
RegNetX_400MF,Dynamic_Region_All_Combined_quant,RegNetX_400MF (Pruned Finetuned Quantized),RegNetX_400MF,Control_Continuted,RegNetX_400MF (Control Continued),Cifar100_epochs100_pretrain300,0.10845569521188736,True,False,same_arch_cross_kind
RegNetX_400MF,Dynamic_Region_All_Combined_quant,RegNetX_400MF (Pruned Finetuned Quantized),RegNetX_400MF,Dynamic_Region_All_Combined,RegNetX_400MF (Pruned Finetuned),Cifar100_epochs100_pretrain300,0.09446918033063412,True,False,same_arch_cross_kind
RegNetX_400MF,Dynamic_Region_All_Combined_quant,RegNetX_400MF (Pruned Finetuned Quantized),RegNetX_400MF,Dynamic_Region_All_Combined_quant,RegNetX_400MF (Pruned Finetuned Quantized),Cifar100_epochs100_pretrain300,0.9711436480283737,True,True,self_same_kind
RegNetX_400MF,Dynamic_Region_All_Combined_quant,RegNetX_400MF (Pruned Finetuned Quantized),InceptionNet,Control_Continuted,InceptionNet (Control Continued),Cifar100_epochs100_pretrain300,0.01975889364257455,False,False,cross_arch_cross_kind
RegNetX_400MF,Dynamic_Region_All_Combined_quant,RegNetX_400MF (Pruned Finetuned Quantized),InceptionNet,Dynamic_Region_All_Combined,InceptionNet (Pruned Finetuned),Cifar100_epochs100_pretrain300,0.021117645781487226,False,False,cross_arch_cross_kind
RegNetX_400MF,Dynamic_Region_All_Combined_quant,RegNetX_400MF (Pruned Finetuned Quantized),InceptionNet,Dynamic_Region_All_Combined_quant,InceptionNet (Pruned Finetuned Quantized),Cifar100_epochs100_pretrain300,0.023777908645570278,False,True,cross_arch_same_kind
RegNetX_400MF,Dynamic_Region_All_Combined_quant,RegNetX_400MF (Pruned Finetuned Quantized),MobileNet,Control_Continuted,MobileNet (Control Continued),Cifar100_epochs100_pretrain300,0.04687750246375799,False,False,cross_arch_cross_kind
RegNetX_400MF,Dynamic_Region_All_Combined_quant,RegNetX_400MF (Pruned Finetuned Quantized),XceptionNet,Control_Continuted,XceptionNet (Control Continued),Cifar100_epochs100_pretrain300,0.03666260465979576,False,False,cross_arch_cross_kind
RegNetX_400MF,Dynamic_Region_All_Combined_quant,RegNetX_400MF (Pruned Finetuned Quantized),XceptionNet,Dynamic_Region_All_Combined,XceptionNet (Pruned Finetuned),Cifar100_epochs100_pretrain300,0.03296552272513509,False,False,cross_arch_cross_kind
RegNetX_400MF,Dynamic_Region_All_Combined_quant,RegNetX_400MF (Pruned Finetuned Quantized),XceptionNet,Dynamic_Region_All_Combined_quant,XceptionNet (Pruned Finetuned Quantized),Cifar100_epochs100_pretrain300,0.03155886800959706,False,True,cross_arch_same_kind
RegNetX_400MF,Dynamic_Region_All_Combined_quant,RegNetX_400MF (Pruned Finetuned Quantized),ConvNeXt,Control_Continuted,ConvNeXt (Control Continued),Cifar100_epochs100_pretrain300,0.03628010954707861,False,False,cross_arch_cross_kind
InceptionNet,Control_Continuted,InceptionNet (Control Continued),VGG16,Control_Continuted,VGG16 (Control Continued),Cifar100_epochs100_pretrain300,0.028365639504045248,False,True,cross_arch_same_kind
InceptionNet,Control_Continuted,InceptionNet (Control Continued),VGG16,Dynamic_Region_All_Combined,VGG16 (Pruned Finetuned),Cifar100_epochs100_pretrain300,0.01909662038087845,False,False,cross_arch_cross_kind
InceptionNet,Control_Continuted,InceptionNet (Control Continued),VGG16,Dynamic_Region_All_Combined_quant,VGG16 (Pruned Finetuned Quantized),Cifar100_epochs100_pretrain300,0.025543981231749058,False,False,cross_arch_cross_kind
InceptionNet,Control_Continuted,InceptionNet (Control Continued),RegNetX_400MF,Control_Continuted,RegNetX_400MF (Control Continued),Cifar100_epochs100_pretrain300,0.01356119173578918,False,True,cross_arch_same_kind
InceptionNet,Control_Continuted,InceptionNet (Control Continued),RegNetX_400MF,Dynamic_Region_All_Combined,RegNetX_400MF (Pruned Finetuned),Cifar100_epochs100_pretrain300,0.018355462234467268,False,False,cross_arch_cross_kind
InceptionNet,Control_Continuted,InceptionNet (Control Continued),RegNetX_400MF,Dynamic_Region_All_Combined_quant,RegNetX_400MF (Pruned Finetuned Quantized),Cifar100_epochs100_pretrain300,0.019758892711251974,False,False,cross_arch_cross_kind
InceptionNet,Control_Continuted,InceptionNet (Control Continued),InceptionNet,Control_Continuted,InceptionNet (Control Continued),Cifar100_epochs100_pretrain300,0.8263287544250488,True,True,self_same_kind
InceptionNet,Control_Continuted,InceptionNet (Control Continued),InceptionNet,Dynamic_Region_All_Combined,InceptionNet (Pruned Finetuned),Cifar100_epochs100_pretrain300,0.09445603005588055,True,False,same_arch_cross_kind
InceptionNet,Control_Continuted,InceptionNet (Control Continued),InceptionNet,Dynamic_Region_All_Combined_quant,InceptionNet (Pruned Finetuned Quantized),Cifar100_epochs100_pretrain300,0.0986763034015894,True,False,same_arch_cross_kind
InceptionNet,Control_Continuted,InceptionNet (Control Continued),MobileNet,Control_Continuted,MobileNet (Control Continued),Cifar100_epochs100_pretrain300,0.029573799576610327,False,True,cross_arch_same_kind
InceptionNet,Control_Continuted,InceptionNet (Control Continued),XceptionNet,Control_Continuted,XceptionNet (Control Continued),Cifar100_epochs100_pretrain300,0.06174358259886503,False,True,cross_arch_same_kind
InceptionNet,Control_Continuted,InceptionNet (Control Continued),XceptionNet,Dynamic_Region_All_Combined,XceptionNet (Pruned Finetuned),Cifar100_epochs100_pretrain300,0.05714163091033697,False,False,cross_arch_cross_kind
InceptionNet,Control_Continuted,InceptionNet (Control Continued),XceptionNet,Dynamic_Region_All_Combined_quant,XceptionNet (Pruned Finetuned Quantized),Cifar100_epochs100_pretrain300,0.059649841859936714,False,False,cross_arch_cross_kind
InceptionNet,Control_Continuted,InceptionNet (Control Continued),ConvNeXt,Control_Continuted,ConvNeXt (Control Continued),Cifar100_epochs100_pretrain300,0.02060883166268468,False,True,cross_arch_same_kind
InceptionNet,Dynamic_Region_All_Combined,InceptionNet (Pruned Finetuned),VGG16,Control_Continuted,VGG16 (Control Continued),Cifar100_epochs100_pretrain300,0.026819090824574232,False,False,cross_arch_cross_kind
InceptionNet,Dynamic_Region_All_Combined,InceptionNet (Pruned Finetuned),VGG16,Dynamic_Region_All_Combined,VGG16 (Pruned Finetuned),Cifar100_epochs100_pretrain300,0.019166699144989252,False,True,cross_arch_same_kind
InceptionNet,Dynamic_Region_All_Combined,InceptionNet (Pruned Finetuned),VGG16,Dynamic_Region_All_Combined_quant,VGG16 (Pruned Finetuned Quantized),Cifar100_epochs100_pretrain300,0.025200041942298412,False,False,cross_arch_cross_kind
InceptionNet,Dynamic_Region_All_Combined,InceptionNet (Pruned Finetuned),RegNetX_400MF,Control_Continuted,RegNetX_400MF (Control Continued),Cifar100_epochs100_pretrain300,0.018047275487333536,False,False,cross_arch_cross_kind
InceptionNet,Dynamic_Region_All_Combined,InceptionNet (Pruned Finetuned),RegNetX_400MF,Dynamic_Region_All_Combined,RegNetX_400MF (Pruned Finetuned),Cifar100_epochs100_pretrain300,0.021187687292695045,False,True,cross_arch_same_kind
InceptionNet,Dynamic_Region_All_Combined,InceptionNet (Pruned Finetuned),RegNetX_400MF,Dynamic_Region_All_Combined_quant,RegNetX_400MF (Pruned Finetuned Quantized),Cifar100_epochs100_pretrain300,0.021117644850164652,False,False,cross_arch_cross_kind
InceptionNet,Dynamic_Region_All_Combined,InceptionNet (Pruned Finetuned),InceptionNet,Control_Continuted,InceptionNet (Control Continued),Cifar100_epochs100_pretrain300,0.09445603005588055,True,False,same_arch_cross_kind
InceptionNet,Dynamic_Region_All_Combined,InceptionNet (Pruned Finetuned),InceptionNet,Dynamic_Region_All_Combined,InceptionNet (Pruned Finetuned),Cifar100_epochs100_pretrain300,0.8102349489927292,True,True,self_same_kind
InceptionNet,Dynamic_Region_All_Combined,InceptionNet (Pruned Finetuned),InceptionNet,Dynamic_Region_All_Combined_quant,InceptionNet (Pruned Finetuned Quantized),Cifar100_epochs100_pretrain300,0.12262491509318352,True,False,same_arch_cross_kind
InceptionNet,Dynamic_Region_All_Combined,InceptionNet (Pruned Finetuned),MobileNet,Control_Continuted,MobileNet (Control Continued),Cifar100_epochs100_pretrain300,0.03538502985611558,False,False,cross_arch_cross_kind
InceptionNet,Dynamic_Region_All_Combined,InceptionNet (Pruned Finetuned),XceptionNet,Control_Continuted,XceptionNet (Control Continued),Cifar100_epochs100_pretrain300,0.07676640339195728,False,False,cross_arch_cross_kind
InceptionNet,Dynamic_Region_All_Combined,InceptionNet (Pruned Finetuned),XceptionNet,Dynamic_Region_All_Combined,XceptionNet (Pruned Finetuned),Cifar100_epochs100_pretrain300,0.07170800492167473,False,True,cross_arch_same_kind
InceptionNet,Dynamic_Region_All_Combined,InceptionNet (Pruned Finetuned),XceptionNet,Dynamic_Region_All_Combined_quant,XceptionNet (Pruned Finetuned Quantized),Cifar100_epochs100_pretrain300,0.06727301329374313,False,False,cross_arch_cross_kind
InceptionNet,Dynamic_Region_All_Combined,InceptionNet (Pruned Finetuned),ConvNeXt,Control_Continuted,ConvNeXt (Control Continued),Cifar100_epochs100_pretrain300,0.02489677118137479,False,False,cross_arch_cross_kind
InceptionNet,Dynamic_Region_All_Combined_quant,InceptionNet (Pruned Finetuned Quantized),VGG16,Control_Continuted,VGG16 (Control Continued),Cifar100_epochs100_pretrain300,0.02811722457408905,False,False,cross_arch_cross_kind
InceptionNet,Dynamic_Region_All_Combined_quant,InceptionNet (Pruned Finetuned Quantized),VGG16,Dynamic_Region_All_Combined,VGG16 (Pruned Finetuned),Cifar100_epochs100_pretrain300,0.01964507671073079,False,False,cross_arch_cross_kind
InceptionNet,Dynamic_Region_All_Combined_quant,InceptionNet (Pruned Finetuned Quantized),VGG16,Dynamic_Region_All_Combined_quant,VGG16 (Pruned Finetuned Quantized),Cifar100_epochs100_pretrain300,0.02734055044129491,False,True,cross_arch_same_kind
InceptionNet,Dynamic_Region_All_Combined_quant,InceptionNet (Pruned Finetuned Quantized),RegNetX_400MF,Control_Continuted,RegNetX_400MF (Control Continued),Cifar100_epochs100_pretrain300,0.018749799113720655,False,False,cross_arch_cross_kind
InceptionNet,Dynamic_Region_All_Combined_quant,InceptionNet (Pruned Finetuned Quantized),RegNetX_400MF,Dynamic_Region_All_Combined,RegNetX_400MF (Pruned Finetuned),Cifar100_epochs100_pretrain300,0.02268807962536812,False,False,cross_arch_cross_kind
InceptionNet,Dynamic_Region_All_Combined_quant,InceptionNet (Pruned Finetuned Quantized),RegNetX_400MF,Dynamic_Region_All_Combined_quant,RegNetX_400MF (Pruned Finetuned Quantized),Cifar100_epochs100_pretrain300,0.023777908645570278,False,True,cross_arch_same_kind
InceptionNet,Dynamic_Region_All_Combined_quant,InceptionNet (Pruned Finetuned Quantized),InceptionNet,Control_Continuted,InceptionNet (Control Continued),Cifar100_epochs100_pretrain300,0.09867630898952484,True,False,same_arch_cross_kind
InceptionNet,Dynamic_Region_All_Combined_quant,InceptionNet (Pruned Finetuned Quantized),InceptionNet,Dynamic_Region_All_Combined,InceptionNet (Pruned Finetuned),Cifar100_epochs100_pretrain300,0.12262491136789322,True,False,same_arch_cross_kind
InceptionNet,Dynamic_Region_All_Combined_quant,InceptionNet (Pruned Finetuned Quantized),InceptionNet,Dynamic_Region_All_Combined_quant,InceptionNet (Pruned Finetuned Quantized),Cifar100_epochs100_pretrain300,0.809055283665657,True,True,self_same_kind
InceptionNet,Dynamic_Region_All_Combined_quant,InceptionNet (Pruned Finetuned Quantized),MobileNet,Control_Continuted,MobileNet (Control Continued),Cifar100_epochs100_pretrain300,0.035921585746109486,False,False,cross_arch_cross_kind
InceptionNet,Dynamic_Region_All_Combined_quant,InceptionNet (Pruned Finetuned Quantized),XceptionNet,Control_Continuted,XceptionNet (Control Continued),Cifar100_epochs100_pretrain300,0.07545851729810238,False,False,cross_arch_cross_kind
InceptionNet,Dynamic_Region_All_Combined_quant,InceptionNet (Pruned Finetuned Quantized),XceptionNet,Dynamic_Region_All_Combined,XceptionNet (Pruned Finetuned),Cifar100_epochs100_pretrain300,0.0707854013890028,False,False,cross_arch_cross_kind
InceptionNet,Dynamic_Region_All_Combined_quant,InceptionNet (Pruned Finetuned Quantized),XceptionNet,Dynamic_Region_All_Combined_quant,XceptionNet (Pruned Finetuned Quantized),Cifar100_epochs100_pretrain300,0.07048945501446724,False,True,cross_arch_same_kind
InceptionNet,Dynamic_Region_All_Combined_quant,InceptionNet (Pruned Finetuned Quantized),ConvNeXt,Control_Continuted,ConvNeXt (Control Continued),Cifar100_epochs100_pretrain300,0.026520744897425175,False,False,cross_arch_cross_kind
MobileNet,Control_Continuted,MobileNet (Control Continued),VGG16,Control_Continuted,VGG16 (Control Continued),Cifar100_epochs100_pretrain300,0.017152345972135663,False,True,cross_arch_same_kind
MobileNet,Control_Continuted,MobileNet (Control Continued),VGG16,Dynamic_Region_All_Combined,VGG16 (Pruned Finetuned),Cifar100_epochs100_pretrain300,0.010239416733384132,False,False,cross_arch_cross_kind
MobileNet,Control_Continuted,MobileNet (Control Continued),VGG16,Dynamic_Region_All_Combined_quant,VGG16 (Pruned Finetuned Quantized),Cifar100_epochs100_pretrain300,0.01205695210956037,False,False,cross_arch_cross_kind
MobileNet,Control_Continuted,MobileNet (Control Continued),RegNetX_400MF,Control_Continuted,RegNetX_400MF (Control Continued),Cifar100_epochs100_pretrain300,0.041690072044730186,False,True,cross_arch_same_kind
MobileNet,Control_Continuted,MobileNet (Control Continued),RegNetX_400MF,Dynamic_Region_All_Combined,RegNetX_400MF (Pruned Finetuned),Cifar100_epochs100_pretrain300,0.045946416445076466,False,False,cross_arch_cross_kind
MobileNet,Control_Continuted,MobileNet (Control Continued),RegNetX_400MF,Dynamic_Region_All_Combined_quant,RegNetX_400MF (Pruned Finetuned Quantized),Cifar100_epochs100_pretrain300,0.046877503395080566,False,False,cross_arch_cross_kind
MobileNet,Control_Continuted,MobileNet (Control Continued),InceptionNet,Control_Continuted,InceptionNet (Control Continued),Cifar100_epochs100_pretrain300,0.029573798645287752,False,True,cross_arch_same_kind
MobileNet,Control_Continuted,MobileNet (Control Continued),InceptionNet,Dynamic_Region_All_Combined,InceptionNet (Pruned Finetuned),Cifar100_epochs100_pretrain300,0.03538502985611558,False,False,cross_arch_cross_kind
MobileNet,Control_Continuted,MobileNet (Control Continued),InceptionNet,Dynamic_Region_All_Combined_quant,InceptionNet (Pruned Finetuned Quantized),Cifar100_epochs100_pretrain300,0.03592158481478691,False,False,cross_arch_cross_kind
MobileNet,Control_Continuted,MobileNet (Control Continued),MobileNet,Control_Continuted,MobileNet (Control Continued),Cifar100_epochs100_pretrain300,0.941494032740593,True,True,self_same_kind
MobileNet,Control_Continuted,MobileNet (Control Continued),XceptionNet,Control_Continuted,XceptionNet (Control Continued),Cifar100_epochs100_pretrain300,0.055719283409416676,False,True,cross_arch_same_kind
MobileNet,Control_Continuted,MobileNet (Control Continued),XceptionNet,Dynamic_Region_All_Combined,XceptionNet (Pruned Finetuned),Cifar100_epochs100_pretrain300,0.04675338137894869,False,False,cross_arch_cross_kind
MobileNet,Control_Continuted,MobileNet (Control Continued),XceptionNet,Dynamic_Region_All_Combined_quant,XceptionNet (Pruned Finetuned Quantized),Cifar100_epochs100_pretrain300,0.04584957752376795,False,False,cross_arch_cross_kind
MobileNet,Control_Continuted,MobileNet (Control Continued),ConvNeXt,Control_Continuted,ConvNeXt (Control Continued),Cifar100_epochs100_pretrain300,0.020786298904567957,False,True,cross_arch_same_kind
XceptionNet,Control_Continuted,XceptionNet (Control Continued),VGG16,Control_Continuted,VGG16 (Control Continued),Cifar100_epochs100_pretrain300,0.034887139685451984,False,True,cross_arch_same_kind
XceptionNet,Control_Continuted,XceptionNet (Control Continued),VGG16,Dynamic_Region_All_Combined,VGG16 (Pruned Finetuned),Cifar100_epochs100_pretrain300,0.02507776627317071,False,False,cross_arch_cross_kind
XceptionNet,Control_Continuted,XceptionNet (Control Continued),VGG16,Dynamic_Region_All_Combined_quant,VGG16 (Pruned Finetuned Quantized),Cifar100_epochs100_pretrain300,0.03492636373266578,False,False,cross_arch_cross_kind
XceptionNet,Control_Continuted,XceptionNet (Control Continued),RegNetX_400MF,Control_Continuted,RegNetX_400MF (Control Continued),Cifar100_epochs100_pretrain300,0.030008375644683838,False,True,cross_arch_same_kind
XceptionNet,Control_Continuted,XceptionNet (Control Continued),RegNetX_400MF,Dynamic_Region_All_Combined,RegNetX_400MF (Pruned Finetuned),Cifar100_epochs100_pretrain300,0.04158241953700781,False,False,cross_arch_cross_kind
XceptionNet,Control_Continuted,XceptionNet (Control Continued),RegNetX_400MF,Dynamic_Region_All_Combined_quant,RegNetX_400MF (Pruned Finetuned Quantized),Cifar100_epochs100_pretrain300,0.036662603728473186,False,False,cross_arch_cross_kind
XceptionNet,Control_Continuted,XceptionNet (Control Continued),InceptionNet,Control_Continuted,InceptionNet (Control Continued),Cifar100_epochs100_pretrain300,0.06174358259886503,False,True,cross_arch_same_kind
XceptionNet,Control_Continuted,XceptionNet (Control Continued),InceptionNet,Dynamic_Region_All_Combined,InceptionNet (Pruned Finetuned),Cifar100_epochs100_pretrain300,0.07676640711724758,False,False,cross_arch_cross_kind
XceptionNet,Control_Continuted,XceptionNet (Control Continued),InceptionNet,Dynamic_Region_All_Combined_quant,InceptionNet (Pruned Finetuned Quantized),Cifar100_epochs100_pretrain300,0.07545851729810238,False,False,cross_arch_cross_kind
XceptionNet,Control_Continuted,XceptionNet (Control Continued),MobileNet,Control_Continuted,MobileNet (Control Continued),Cifar100_epochs100_pretrain300,0.055719283409416676,False,True,cross_arch_same_kind
XceptionNet,Control_Continuted,XceptionNet (Control Continued),XceptionNet,Control_Continuted,XceptionNet (Control Continued),Cifar100_epochs100_pretrain300,0.8690896481275558,True,True,self_same_kind
XceptionNet,Control_Continuted,XceptionNet (Control Continued),XceptionNet,Dynamic_Region_All_Combined,XceptionNet (Pruned Finetuned),Cifar100_epochs100_pretrain300,0.17782742902636528,True,False,same_arch_cross_kind
XceptionNet,Control_Continuted,XceptionNet (Control Continued),XceptionNet,Dynamic_Region_All_Combined_quant,XceptionNet (Pruned Finetuned Quantized),Cifar100_epochs100_pretrain300,0.17179951071739197,True,False,same_arch_cross_kind
XceptionNet,Control_Continuted,XceptionNet (Control Continued),ConvNeXt,Control_Continuted,ConvNeXt (Control Continued),Cifar100_epochs100_pretrain300,0.023845779709517956,False,True,cross_arch_same_kind
XceptionNet,Dynamic_Region_All_Combined,XceptionNet (Pruned Finetuned),VGG16,Control_Continuted,VGG16 (Control Continued),Cifar100_epochs100_pretrain300,0.030410513747483492,False,False,cross_arch_cross_kind
XceptionNet,Dynamic_Region_All_Combined,XceptionNet (Pruned Finetuned),VGG16,Dynamic_Region_All_Combined,VGG16 (Pruned Finetuned),Cifar100_epochs100_pretrain300,0.024457063991576433,False,True,cross_arch_same_kind
XceptionNet,Dynamic_Region_All_Combined,XceptionNet (Pruned Finetuned),VGG16,Dynamic_Region_All_Combined_quant,VGG16 (Pruned Finetuned Quantized),Cifar100_epochs100_pretrain300,0.03160291537642479,False,False,cross_arch_cross_kind
XceptionNet,Dynamic_Region_All_Combined,XceptionNet (Pruned Finetuned),RegNetX_400MF,Control_Continuted,RegNetX_400MF (Control Continued),Cifar100_epochs100_pretrain300,0.02494393428787589,False,False,cross_arch_cross_kind
XceptionNet,Dynamic_Region_All_Combined,XceptionNet (Pruned Finetuned),RegNetX_400MF,Dynamic_Region_All_Combined,RegNetX_400MF (Pruned Finetuned),Cifar100_epochs100_pretrain300,0.03567317966371775,False,True,cross_arch_same_kind
XceptionNet,Dynamic_Region_All_Combined,XceptionNet (Pruned Finetuned),RegNetX_400MF,Dynamic_Region_All_Combined_quant,RegNetX_400MF (Pruned Finetuned Quantized),Cifar100_epochs100_pretrain300,0.0329655222594738,False,False,cross_arch_cross_kind
XceptionNet,Dynamic_Region_All_Combined,XceptionNet (Pruned Finetuned),InceptionNet,Control_Continuted,InceptionNet (Control Continued),Cifar100_epochs100_pretrain300,0.057141631841659546,False,False,cross_arch_cross_kind
XceptionNet,Dynamic_Region_All_Combined,XceptionNet (Pruned Finetuned),InceptionNet,Dynamic_Region_All_Combined,InceptionNet (Pruned Finetuned),Cifar100_epochs100_pretrain300,0.07170800492167473,False,True,cross_arch_same_kind
XceptionNet,Dynamic_Region_All_Combined,XceptionNet (Pruned Finetuned),InceptionNet,Dynamic_Region_All_Combined_quant,InceptionNet (Pruned Finetuned Quantized),Cifar100_epochs100_pretrain300,0.07078539952635765,False,False,cross_arch_cross_kind
XceptionNet,Dynamic_Region_All_Combined,XceptionNet (Pruned Finetuned),MobileNet,Control_Continuted,MobileNet (Control Continued),Cifar100_epochs100_pretrain300,0.046753380447626114,False,False,cross_arch_cross_kind
XceptionNet,Dynamic_Region_All_Combined,XceptionNet (Pruned Finetuned),XceptionNet,Control_Continuted,XceptionNet (Control Continued),Cifar100_epochs100_pretrain300,0.17782743647694588,True,False,same_arch_cross_kind
XceptionNet,Dynamic_Region_All_Combined,XceptionNet (Pruned Finetuned),XceptionNet,Dynamic_Region_All_Combined,XceptionNet (Pruned Finetuned),Cifar100_epochs100_pretrain300,0.8424811363220215,True,True,self_same_kind
XceptionNet,Dynamic_Region_All_Combined,XceptionNet (Pruned Finetuned),XceptionNet,Dynamic_Region_All_Combined_quant,XceptionNet (Pruned Finetuned Quantized),Cifar100_epochs100_pretrain300,0.17465167865157127,True,False,same_arch_cross_kind
XceptionNet,Dynamic_Region_All_Combined,XceptionNet (Pruned Finetuned),ConvNeXt,Control_Continuted,ConvNeXt (Control Continued),Cifar100_epochs100_pretrain300,0.026393065229058266,False,False,cross_arch_cross_kind
XceptionNet,Dynamic_Region_All_Combined_quant,XceptionNet (Pruned Finetuned Quantized),VGG16,Control_Continuted,VGG16 (Control Continued),Cifar100_epochs100_pretrain300,0.029321797657757998,False,False,cross_arch_cross_kind
XceptionNet,Dynamic_Region_All_Combined_quant,XceptionNet (Pruned Finetuned Quantized),VGG16,Dynamic_Region_All_Combined,VGG16 (Pruned Finetuned),Cifar100_epochs100_pretrain300,0.021227655932307243,False,False,cross_arch_cross_kind
XceptionNet,Dynamic_Region_All_Combined_quant,XceptionNet (Pruned Finetuned Quantized),VGG16,Dynamic_Region_All_Combined_quant,VGG16 (Pruned Finetuned Quantized),Cifar100_epochs100_pretrain300,0.03239342616870999,False,True,cross_arch_same_kind
XceptionNet,Dynamic_Region_All_Combined_quant,XceptionNet (Pruned Finetuned Quantized),RegNetX_400MF,Control_Continuted,RegNetX_400MF (Control Continued),Cifar100_epochs100_pretrain300,0.02459051040932536,False,False,cross_arch_cross_kind
XceptionNet,Dynamic_Region_All_Combined_quant,XceptionNet (Pruned Finetuned Quantized),RegNetX_400MF,Dynamic_Region_All_Combined,RegNetX_400MF (Pruned Finetuned),Cifar100_epochs100_pretrain300,0.03461705520749092,False,False,cross_arch_cross_kind
XceptionNet,Dynamic_Region_All_Combined_quant,XceptionNet (Pruned Finetuned Quantized),RegNetX_400MF,Dynamic_Region_All_Combined_quant,RegNetX_400MF (Pruned Finetuned Quantized),Cifar100_epochs100_pretrain300,0.03155886847525835,False,True,cross_arch_same_kind
XceptionNet,Dynamic_Region_All_Combined_quant,XceptionNet (Pruned Finetuned Quantized),InceptionNet,Control_Continuted,InceptionNet (Control Continued),Cifar100_epochs100_pretrain300,0.05964984558522701,False,False,cross_arch_cross_kind
XceptionNet,Dynamic_Region_All_Combined_quant,XceptionNet (Pruned Finetuned Quantized),InceptionNet,Dynamic_Region_All_Combined,InceptionNet (Pruned Finetuned),Cifar100_epochs100_pretrain300,0.06727301515638828,False,False,cross_arch_cross_kind
XceptionNet,Dynamic_Region_All_Combined_quant,XceptionNet (Pruned Finetuned Quantized),InceptionNet,Dynamic_Region_All_Combined_quant,InceptionNet (Pruned Finetuned Quantized),Cifar100_epochs100_pretrain300,0.07048945687711239,False,True,cross_arch_same_kind
XceptionNet,Dynamic_Region_All_Combined_quant,XceptionNet (Pruned Finetuned Quantized),MobileNet,Control_Continuted,MobileNet (Control Continued),Cifar100_epochs100_pretrain300,0.04584957752376795,False,False,cross_arch_cross_kind
XceptionNet,Dynamic_Region_All_Combined_quant,XceptionNet (Pruned Finetuned Quantized),XceptionNet,Control_Continuted,XceptionNet (Control Continued),Cifar100_epochs100_pretrain300,0.17179951444268227,True,False,same_arch_cross_kind
XceptionNet,Dynamic_Region_All_Combined_quant,XceptionNet (Pruned Finetuned Quantized),XceptionNet,Dynamic_Region_All_Combined,XceptionNet (Pruned Finetuned),Cifar100_epochs100_pretrain300,0.17465168237686157,True,False,same_arch_cross_kind
XceptionNet,Dynamic_Region_All_Combined_quant,XceptionNet (Pruned Finetuned Quantized),XceptionNet,Dynamic_Region_All_Combined_quant,XceptionNet (Pruned Finetuned Quantized),Cifar100_epochs100_pretrain300,0.8400139063596725,True,True,self_same_kind
XceptionNet,Dynamic_Region_All_Combined_quant,XceptionNet (Pruned Finetuned Quantized),ConvNeXt,Control_Continuted,ConvNeXt (Control Continued),Cifar100_epochs100_pretrain300,0.023845661897212267,False,False,cross_arch_cross_kind
ConvNeXt,Control_Continuted,ConvNeXt (Control Continued),VGG16,Control_Continuted,VGG16 (Control Continued),Cifar100_epochs100_pretrain300,0.005687794997356832,False,True,cross_arch_same_kind
ConvNeXt,Control_Continuted,ConvNeXt (Control Continued),VGG16,Dynamic_Region_All_Combined,VGG16 (Pruned Finetuned),Cifar100_epochs100_pretrain300,0.003937621775548905,False,False,cross_arch_cross_kind
ConvNeXt,Control_Continuted,ConvNeXt (Control Continued),VGG16,Dynamic_Region_All_Combined_quant,VGG16 (Pruned Finetuned Quantized),Cifar100_epochs100_pretrain300,0.0062849672976881266,False,False,cross_arch_cross_kind
ConvNeXt,Control_Continuted,ConvNeXt (Control Continued),RegNetX_400MF,Control_Continuted,RegNetX_400MF (Control Continued),Cifar100_epochs100_pretrain300,0.03103828663006425,False,True,cross_arch_same_kind
ConvNeXt,Control_Continuted,ConvNeXt (Control Continued),RegNetX_400MF,Dynamic_Region_All_Combined,RegNetX_400MF (Pruned Finetuned),Cifar100_epochs100_pretrain300,0.02376257535070181,False,False,cross_arch_cross_kind
ConvNeXt,Control_Continuted,ConvNeXt (Control Continued),RegNetX_400MF,Dynamic_Region_All_Combined_quant,RegNetX_400MF (Pruned Finetuned Quantized),Cifar100_epochs100_pretrain300,0.036280108615756035,False,False,cross_arch_cross_kind
ConvNeXt,Control_Continuted,ConvNeXt (Control Continued),InceptionNet,Control_Continuted,InceptionNet (Control Continued),Cifar100_epochs100_pretrain300,0.020608830265700817,False,True,cross_arch_same_kind
ConvNeXt,Control_Continuted,ConvNeXt (Control Continued),InceptionNet,Dynamic_Region_All_Combined,InceptionNet (Pruned Finetuned),Cifar100_epochs100_pretrain300,0.02489677118137479,False,False,cross_arch_cross_kind
ConvNeXt,Control_Continuted,ConvNeXt (Control Continued),InceptionNet,Dynamic_Region_All_Combined_quant,InceptionNet (Pruned Finetuned Quantized),Cifar100_epochs100_pretrain300,0.026520744897425175,False,False,cross_arch_cross_kind
ConvNeXt,Control_Continuted,ConvNeXt (Control Continued),MobileNet,Control_Continuted,MobileNet (Control Continued),Cifar100_epochs100_pretrain300,0.020786298904567957,False,True,cross_arch_same_kind
ConvNeXt,Control_Continuted,ConvNeXt (Control Continued),XceptionNet,Control_Continuted,XceptionNet (Control Continued),Cifar100_epochs100_pretrain300,0.02384578064084053,False,True,cross_arch_same_kind
ConvNeXt,Control_Continuted,ConvNeXt (Control Continued),XceptionNet,Dynamic_Region_All_Combined,XceptionNet (Pruned Finetuned),Cifar100_epochs100_pretrain300,0.02639306476339698,False,False,cross_arch_cross_kind
ConvNeXt,Control_Continuted,ConvNeXt (Control Continued),XceptionNet,Dynamic_Region_All_Combined_quant,XceptionNet (Pruned Finetuned Quantized),Cifar100_epochs100_pretrain300,0.02384566282853484,False,False,cross_arch_cross_kind
ConvNeXt,Control_Continuted,ConvNeXt (Control Continued),ConvNeXt,Control_Continuted,ConvNeXt (Control Continued),Cifar100_epochs100_pretrain300,0.8964619338512421,True,True,self_same_kind
VGG16,Control_Continuted,VGG16 (Control Continued),VGG16,Control_Continuted,VGG16 (Control Continued),Cifar10_epochs100_pretrain300,0.2670046240091324,True,True,self_same_kind
VGG16,Control_Continuted,VGG16 (Control Continued),VGG16,Dynamic_Region_All_Combined,VGG16 (Pruned Finetuned),Cifar10_epochs100_pretrain300,0.049788881093263626,True,False,same_arch_cross_kind
VGG16,Control_Continuted,VGG16 (Control Continued),VGG16,Dynamic_Region_All_Combined_quant,VGG16 (Pruned Finetuned Quantized),Cifar10_epochs100_pretrain300,0.03663234785199165,True,False,same_arch_cross_kind
VGG16,Control_Continuted,VGG16 (Control Continued),RegNetX_400MF,Control_Continuted,RegNetX_400MF (Control Continued),Cifar10_epochs100_pretrain300,0.008615894243121147,False,True,cross_arch_same_kind
VGG16,Control_Continuted,VGG16 (Control Continued),RegNetX_400MF,Dynamic_Region_All_Combined,RegNetX_400MF (Pruned Finetuned),Cifar10_epochs100_pretrain300,0.012145028915256262,False,False,cross_arch_cross_kind
VGG16,Control_Continuted,VGG16 (Control Continued),RegNetX_400MF,Dynamic_Region_All_Combined_quant,RegNetX_400MF (Pruned Finetuned Quantized),Cifar10_epochs100_pretrain300,0.012631873600184917,False,False,cross_arch_cross_kind
VGG16,Control_Continuted,VGG16 (Control Continued),InceptionNet,Control_Continuted,InceptionNet (Control Continued),Cifar10_epochs100_pretrain300,0.017880519852042198,False,True,cross_arch_same_kind
VGG16,Control_Continuted,VGG16 (Control Continued),InceptionNet,Dynamic_Region_All_Combined,InceptionNet (Pruned Finetuned),Cifar10_epochs100_pretrain300,0.01963015692308545,False,False,cross_arch_cross_kind
VGG16,Control_Continuted,VGG16 (Control Continued),InceptionNet,Dynamic_Region_All_Combined_quant,InceptionNet (Pruned Finetuned Quantized),Cifar10_epochs100_pretrain300,0.01900652889162302,False,False,cross_arch_cross_kind
VGG16,Control_Continuted,VGG16 (Control Continued),XceptionNet,Control_Continuted,XceptionNet (Control Continued),Cifar10_epochs100_pretrain300,0.022756164893507957,False,True,cross_arch_same_kind
VGG16,Control_Continuted,VGG16 (Control Continued),XceptionNet,Dynamic_Region_All_Combined,XceptionNet (Pruned Finetuned),Cifar10_epochs100_pretrain300,0.023068906739354134,False,False,cross_arch_cross_kind
VGG16,Control_Continuted,VGG16 (Control Continued),XceptionNet,Dynamic_Region_All_Combined_quant,XceptionNet (Pruned Finetuned Quantized),Cifar10_epochs100_pretrain300,0.02160071348771453,False,False,cross_arch_cross_kind
VGG16,Control_Continuted,VGG16 (Control Continued),ConvNeXt,Control_Continuted,ConvNeXt (Control Continued),Cifar10_epochs100_pretrain300,0.005380182876251638,False,True,cross_arch_same_kind
VGG16,Dynamic_Region_All_Combined,VGG16 (Pruned Finetuned),VGG16,Control_Continuted,VGG16 (Control Continued),Cifar10_epochs100_pretrain300,0.0497888820245862,True,False,same_arch_cross_kind
VGG16,Dynamic_Region_All_Combined,VGG16 (Pruned Finetuned),VGG16,Dynamic_Region_All_Combined,VGG16 (Pruned Finetuned),Cifar10_epochs100_pretrain300,0.3571115657687187,True,True,self_same_kind
VGG16,Dynamic_Region_All_Combined,VGG16 (Pruned Finetuned),VGG16,Dynamic_Region_All_Combined_quant,VGG16 (Pruned Finetuned Quantized),Cifar10_epochs100_pretrain300,0.04818828497081995,True,False,same_arch_cross_kind
VGG16,Dynamic_Region_All_Combined,VGG16 (Pruned Finetuned),RegNetX_400MF,Control_Continuted,RegNetX_400MF (Control Continued),Cifar10_epochs100_pretrain300,0.007692104205489159,False,False,cross_arch_cross_kind
VGG16,Dynamic_Region_All_Combined,VGG16 (Pruned Finetuned),RegNetX_400MF,Dynamic_Region_All_Combined,RegNetX_400MF (Pruned Finetuned),Cifar10_epochs100_pretrain300,0.010519724804908037,False,True,cross_arch_same_kind
VGG16,Dynamic_Region_All_Combined,VGG16 (Pruned Finetuned),RegNetX_400MF,Dynamic_Region_All_Combined_quant,RegNetX_400MF (Pruned Finetuned Quantized),Cifar10_epochs100_pretrain300,0.011479638516902924,False,False,cross_arch_cross_kind
VGG16,Dynamic_Region_All_Combined,VGG16 (Pruned Finetuned),InceptionNet,Control_Continuted,InceptionNet (Control Continued),Cifar10_epochs100_pretrain300,0.016211670823395252,False,False,cross_arch_cross_kind
VGG16,Dynamic_Region_All_Combined,VGG16 (Pruned Finetuned),InceptionNet,Dynamic_Region_All_Combined,InceptionNet (Pruned Finetuned),Cifar10_epochs100_pretrain300,0.016469455789774656,False,True,cross_arch_same_kind
VGG16,Dynamic_Region_All_Combined,VGG16 (Pruned Finetuned),InceptionNet,Dynamic_Region_All_Combined_quant,InceptionNet (Pruned Finetuned Quantized),Cifar10_epochs100_pretrain300,0.014722286025062203,False,False,cross_arch_cross_kind
VGG16,Dynamic_Region_All_Combined,VGG16 (Pruned Finetuned),XceptionNet,Control_Continuted,XceptionNet (Control Continued),Cifar10_epochs100_pretrain300,0.018394473707303405,False,False,cross_arch_cross_kind
VGG16,Dynamic_Region_All_Combined,VGG16 (Pruned Finetuned),XceptionNet,Dynamic_Region_All_Combined,XceptionNet (Pruned Finetuned),Cifar10_epochs100_pretrain300,0.01699086860753596,False,True,cross_arch_same_kind
VGG16,Dynamic_Region_All_Combined,VGG16 (Pruned Finetuned),XceptionNet,Dynamic_Region_All_Combined_quant,XceptionNet (Pruned Finetuned Quantized),Cifar10_epochs100_pretrain300,0.016925872769206762,False,False,cross_arch_cross_kind
VGG16,Dynamic_Region_All_Combined,VGG16 (Pruned Finetuned),ConvNeXt,Control_Continuted,ConvNeXt (Control Continued),Cifar10_epochs100_pretrain300,0.004039185820147395,False,False,cross_arch_cross_kind
VGG16,Dynamic_Region_All_Combined_quant,VGG16 (Pruned Finetuned Quantized),VGG16,Control_Continuted,VGG16 (Control Continued),Cifar10_epochs100_pretrain300,0.03663234785199165,True,False,same_arch_cross_kind
VGG16,Dynamic_Region_All_Combined_quant,VGG16 (Pruned Finetuned Quantized),VGG16,Dynamic_Region_All_Combined,VGG16 (Pruned Finetuned),Cifar10_epochs100_pretrain300,0.0481882831081748,True,False,same_arch_cross_kind
VGG16,Dynamic_Region_All_Combined_quant,VGG16 (Pruned Finetuned Quantized),VGG16,Dynamic_Region_All_Combined_quant,VGG16 (Pruned Finetuned Quantized),Cifar10_epochs100_pretrain300,0.3270221948623657,True,True,self_same_kind
VGG16,Dynamic_Region_All_Combined_quant,VGG16 (Pruned Finetuned Quantized),RegNetX_400MF,Control_Continuted,RegNetX_400MF (Control Continued),Cifar10_epochs100_pretrain300,0.009976479224860668,False,False,cross_arch_cross_kind
VGG16,Dynamic_Region_All_Combined_quant,VGG16 (Pruned Finetuned Quantized),RegNetX_400MF,Dynamic_Region_All_Combined,RegNetX_400MF (Pruned Finetuned),Cifar10_epochs100_pretrain300,0.01268843561410904,False,False,cross_arch_cross_kind
VGG16,Dynamic_Region_All_Combined_quant,VGG16 (Pruned Finetuned Quantized),RegNetX_400MF,Dynamic_Region_All_Combined_quant,RegNetX_400MF (Pruned Finetuned Quantized),Cifar10_epochs100_pretrain300,0.012589080026373267,False,True,cross_arch_same_kind
VGG16,Dynamic_Region_All_Combined_quant,VGG16 (Pruned Finetuned Quantized),InceptionNet,Control_Continuted,InceptionNet (Control Continued),Cifar10_epochs100_pretrain300,0.0196580421179533,False,False,cross_arch_cross_kind
VGG16,Dynamic_Region_All_Combined_quant,VGG16 (Pruned Finetuned Quantized),InceptionNet,Dynamic_Region_All_Combined,InceptionNet (Pruned Finetuned),Cifar10_epochs100_pretrain300,0.01884136814624071,False,False,cross_arch_cross_kind
VGG16,Dynamic_Region_All_Combined_quant,VGG16 (Pruned Finetuned Quantized),InceptionNet,Dynamic_Region_All_Combined_quant,InceptionNet (Pruned Finetuned Quantized),Cifar10_epochs100_pretrain300,0.017616244964301586,False,True,cross_arch_same_kind
VGG16,Dynamic_Region_All_Combined_quant,VGG16 (Pruned Finetuned Quantized),XceptionNet,Control_Continuted,XceptionNet (Control Continued),Cifar10_epochs100_pretrain300,0.021869941614568233,False,False,cross_arch_cross_kind
VGG16,Dynamic_Region_All_Combined_quant,VGG16 (Pruned Finetuned Quantized),XceptionNet,Dynamic_Region_All_Combined,XceptionNet (Pruned Finetuned),Cifar10_epochs100_pretrain300,0.01975548453629017,False,False,cross_arch_cross_kind
VGG16,Dynamic_Region_All_Combined_quant,VGG16 (Pruned Finetuned Quantized),XceptionNet,Dynamic_Region_All_Combined_quant,XceptionNet (Pruned Finetuned Quantized),Cifar10_epochs100_pretrain300,0.02024155016988516,False,True,cross_arch_same_kind
VGG16,Dynamic_Region_All_Combined_quant,VGG16 (Pruned Finetuned Quantized),ConvNeXt,Control_Continuted,ConvNeXt (Control Continued),Cifar10_epochs100_pretrain300,0.005323557183146477,False,False,cross_arch_cross_kind
RegNetX_400MF,Control_Continuted,RegNetX_400MF (Control Continued),VGG16,Control_Continuted,VGG16 (Control Continued),Cifar10_epochs100_pretrain300,0.008615894243121147,False,True,cross_arch_same_kind
RegNetX_400MF,Control_Continuted,RegNetX_400MF (Control Continued),VGG16,Dynamic_Region_All_Combined,VGG16 (Pruned Finetuned),Cifar10_epochs100_pretrain300,0.007692103972658515,False,False,cross_arch_cross_kind
RegNetX_400MF,Control_Continuted,RegNetX_400MF (Control Continued),VGG16,Dynamic_Region_All_Combined_quant,VGG16 (Pruned Finetuned Quantized),Cifar10_epochs100_pretrain300,0.009976478992030025,False,False,cross_arch_cross_kind
RegNetX_400MF,Control_Continuted,RegNetX_400MF (Control Continued),RegNetX_400MF,Control_Continuted,RegNetX_400MF (Control Continued),Cifar10_epochs100_pretrain300,0.6784082502126694,True,True,self_same_kind
RegNetX_400MF,Control_Continuted,RegNetX_400MF (Control Continued),RegNetX_400MF,Dynamic_Region_All_Combined,RegNetX_400MF (Pruned Finetuned),Cifar10_epochs100_pretrain300,0.14280564337968826,True,False,same_arch_cross_kind
RegNetX_400MF,Control_Continuted,RegNetX_400MF (Control Continued),RegNetX_400MF,Dynamic_Region_All_Combined_quant,RegNetX_400MF (Pruned Finetuned Quantized),Cifar10_epochs100_pretrain300,0.10200513154268265,True,False,same_arch_cross_kind
RegNetX_400MF,Control_Continuted,RegNetX_400MF (Control Continued),InceptionNet,Control_Continuted,InceptionNet (Control Continued),Cifar10_epochs100_pretrain300,0.02618863945826888,False,True,cross_arch_same_kind
RegNetX_400MF,Control_Continuted,RegNetX_400MF (Control Continued),InceptionNet,Dynamic_Region_All_Combined,InceptionNet (Pruned Finetuned),Cifar10_epochs100_pretrain300,0.024135546758770943,False,False,cross_arch_cross_kind
RegNetX_400MF,Control_Continuted,RegNetX_400MF (Control Continued),InceptionNet,Dynamic_Region_All_Combined_quant,InceptionNet (Pruned Finetuned Quantized),Cifar10_epochs100_pretrain300,0.02326250495389104,False,False,cross_arch_cross_kind
RegNetX_400MF,Control_Continuted,RegNetX_400MF (Control Continued),XceptionNet,Control_Continuted,XceptionNet (Control Continued),Cifar10_epochs100_pretrain300,0.028351939283311367,False,True,cross_arch_same_kind
RegNetX_400MF,Control_Continuted,RegNetX_400MF (Control Continued),XceptionNet,Dynamic_Region_All_Combined,XceptionNet (Pruned Finetuned),Cifar10_epochs100_pretrain300,0.02692160289734602,False,False,cross_arch_cross_kind
RegNetX_400MF,Control_Continuted,RegNetX_400MF (Control Continued),XceptionNet,Dynamic_Region_All_Combined_quant,XceptionNet (Pruned Finetuned Quantized),Cifar10_epochs100_pretrain300,0.028020085766911507,False,False,cross_arch_cross_kind
RegNetX_400MF,Control_Continuted,RegNetX_400MF (Control Continued),ConvNeXt,Control_Continuted,ConvNeXt (Control Continued),Cifar10_epochs100_pretrain300,0.03239254234358668,False,True,cross_arch_same_kind
RegNetX_400MF,Dynamic_Region_All_Combined,RegNetX_400MF (Pruned Finetuned),VGG16,Control_Continuted,VGG16 (Control Continued),Cifar10_epochs100_pretrain300,0.012145028682425618,False,False,cross_arch_cross_kind
RegNetX_400MF,Dynamic_Region_All_Combined,RegNetX_400MF (Pruned Finetuned),VGG16,Dynamic_Region_All_Combined,VGG16 (Pruned Finetuned),Cifar10_epochs100_pretrain300,0.010519724804908037,False,True,cross_arch_same_kind
RegNetX_400MF,Dynamic_Region_All_Combined,RegNetX_400MF (Pruned Finetuned),VGG16,Dynamic_Region_All_Combined_quant,VGG16 (Pruned Finetuned Quantized),Cifar10_epochs100_pretrain300,0.012688435148447752,False,False,cross_arch_cross_kind
RegNetX_400MF,Dynamic_Region_All_Combined,RegNetX_400MF (Pruned Finetuned),RegNetX_400MF,Control_Continuted,RegNetX_400MF (Control Continued),Cifar10_epochs100_pretrain300,0.14280564337968826,True,False,same_arch_cross_kind
RegNetX_400MF,Dynamic_Region_All_Combined,RegNetX_400MF (Pruned Finetuned),RegNetX_400MF,Dynamic_Region_All_Combined,RegNetX_400MF (Pruned Finetuned),Cifar10_epochs100_pretrain300,0.6898652613162994,True,True,self_same_kind
RegNetX_400MF,Dynamic_Region_All_Combined,RegNetX_400MF (Pruned Finetuned),RegNetX_400MF,Dynamic_Region_All_Combined_quant,RegNetX_400MF (Pruned Finetuned Quantized),Cifar10_epochs100_pretrain300,0.10723755322396755,True,False,same_arch_cross_kind
RegNetX_400MF,Dynamic_Region_All_Combined,RegNetX_400MF (Pruned Finetuned),InceptionNet,Control_Continuted,InceptionNet (Control Continued),Cifar10_epochs100_pretrain300,0.032284500543028116,False,False,cross_arch_cross_kind
RegNetX_400MF,Dynamic_Region_All_Combined,RegNetX_400MF (Pruned Finetuned),InceptionNet,Dynamic_Region_All_Combined,InceptionNet (Pruned Finetuned),Cifar10_epochs100_pretrain300,0.030037048272788525,False,True,cross_arch_same_kind
RegNetX_400MF,Dynamic_Region_All_Combined,RegNetX_400MF (Pruned Finetuned),InceptionNet,Dynamic_Region_All_Combined_quant,InceptionNet (Pruned Finetuned Quantized),Cifar10_epochs100_pretrain300,0.031211841851472855,False,False,cross_arch_cross_kind
RegNetX_400MF,Dynamic_Region_All_Combined,RegNetX_400MF (Pruned Finetuned),XceptionNet,Control_Continuted,XceptionNet (Control Continued),Cifar10_epochs100_pretrain300,0.03356538340449333,False,False,cross_arch_cross_kind
RegNetX_400MF,Dynamic_Region_All_Combined,RegNetX_400MF (Pruned Finetuned),XceptionNet,Dynamic_Region_All_Combined,XceptionNet (Pruned Finetuned),Cifar10_epochs100_pretrain300,0.03356141597032547,False,True,cross_arch_same_kind
RegNetX_400MF,Dynamic_Region_All_Combined,RegNetX_400MF (Pruned Finetuned),XceptionNet,Dynamic_Region_All_Combined_quant,XceptionNet (Pruned Finetuned Quantized),Cifar10_epochs100_pretrain300,0.03394175786525011,False,False,cross_arch_cross_kind
RegNetX_400MF,Dynamic_Region_All_Combined,RegNetX_400MF (Pruned Finetuned),ConvNeXt,Control_Continuted,ConvNeXt (Control Continued),Cifar10_epochs100_pretrain300,0.027593973092734814,False,False,cross_arch_cross_kind
RegNetX_400MF,Dynamic_Region_All_Combined_quant,RegNetX_400MF (Pruned Finetuned Quantized),VGG16,Control_Continuted,VGG16 (Control Continued),Cifar10_epochs100_pretrain300,0.012631873833015561,False,False,cross_arch_cross_kind
RegNetX_400MF,Dynamic_Region_All_Combined_quant,RegNetX_400MF (Pruned Finetuned Quantized),VGG16,Dynamic_Region_All_Combined,VGG16 (Pruned Finetuned),Cifar10_epochs100_pretrain300,0.011479638749733567,False,False,cross_arch_cross_kind
RegNetX_400MF,Dynamic_Region_All_Combined_quant,RegNetX_400MF (Pruned Finetuned Quantized),VGG16,Dynamic_Region_All_Combined_quant,VGG16 (Pruned Finetuned Quantized),Cifar10_epochs100_pretrain300,0.01258907956071198,False,True,cross_arch_same_kind
RegNetX_400MF,Dynamic_Region_All_Combined_quant,RegNetX_400MF (Pruned Finetuned Quantized),RegNetX_400MF,Control_Continuted,RegNetX_400MF (Control Continued),Cifar10_epochs100_pretrain300,0.1020051334053278,True,False,same_arch_cross_kind
RegNetX_400MF,Dynamic_Region_All_Combined_quant,RegNetX_400MF (Pruned Finetuned Quantized),RegNetX_400MF,Dynamic_Region_All_Combined,RegNetX_400MF (Pruned Finetuned),Cifar10_epochs100_pretrain300,0.1072375550866127,True,False,same_arch_cross_kind
RegNetX_400MF,Dynamic_Region_All_Combined_quant,RegNetX_400MF (Pruned Finetuned Quantized),RegNetX_400MF,Dynamic_Region_All_Combined_quant,RegNetX_400MF (Pruned Finetuned Quantized),Cifar10_epochs100_pretrain300,0.7092618644237518,True,True,self_same_kind
RegNetX_400MF,Dynamic_Region_All_Combined_quant,RegNetX_400MF (Pruned Finetuned Quantized),InceptionNet,Control_Continuted,InceptionNet (Control Continued),Cifar10_epochs100_pretrain300,0.03035761509090662,False,False,cross_arch_cross_kind
RegNetX_400MF,Dynamic_Region_All_Combined_quant,RegNetX_400MF (Pruned Finetuned Quantized),InceptionNet,Dynamic_Region_All_Combined,InceptionNet (Pruned Finetuned),Cifar10_epochs100_pretrain300,0.03110514208674431,False,False,cross_arch_cross_kind
RegNetX_400MF,Dynamic_Region_All_Combined_quant,RegNetX_400MF (Pruned Finetuned Quantized),InceptionNet,Dynamic_Region_All_Combined_quant,InceptionNet (Pruned Finetuned Quantized),Cifar10_epochs100_pretrain300,0.030083018355071545,False,True,cross_arch_same_kind
RegNetX_400MF,Dynamic_Region_All_Combined_quant,RegNetX_400MF (Pruned Finetuned Quantized),XceptionNet,Control_Continuted,XceptionNet (Control Continued),Cifar10_epochs100_pretrain300,0.034766859374940395,False,False,cross_arch_cross_kind
RegNetX_400MF,Dynamic_Region_All_Combined_quant,RegNetX_400MF (Pruned Finetuned Quantized),XceptionNet,Dynamic_Region_All_Combined,XceptionNet (Pruned Finetuned),Cifar10_epochs100_pretrain300,0.03550284821540117,False,False,cross_arch_cross_kind
RegNetX_400MF,Dynamic_Region_All_Combined_quant,RegNetX_400MF (Pruned Finetuned Quantized),XceptionNet,Dynamic_Region_All_Combined_quant,XceptionNet (Pruned Finetuned Quantized),Cifar10_epochs100_pretrain300,0.0359952449798584,False,True,cross_arch_same_kind
RegNetX_400MF,Dynamic_Region_All_Combined_quant,RegNetX_400MF (Pruned Finetuned Quantized),ConvNeXt,Control_Continuted,ConvNeXt (Control Continued),Cifar10_epochs100_pretrain300,0.028512136545032263,False,False,cross_arch_cross_kind
InceptionNet,Control_Continuted,InceptionNet (Control Continued),VGG16,Control_Continuted,VGG16 (Control Continued),Cifar10_epochs100_pretrain300,0.01788051938638091,False,True,cross_arch_same_kind
InceptionNet,Control_Continuted,InceptionNet (Control Continued),VGG16,Dynamic_Region_All_Combined,VGG16 (Pruned Finetuned),Cifar10_epochs100_pretrain300,0.01621167128905654,False,False,cross_arch_cross_kind
InceptionNet,Control_Continuted,InceptionNet (Control Continued),VGG16,Dynamic_Region_All_Combined_quant,VGG16 (Pruned Finetuned Quantized),Cifar10_epochs100_pretrain300,0.019658042583614588,False,False,cross_arch_cross_kind
InceptionNet,Control_Continuted,InceptionNet (Control Continued),RegNetX_400MF,Control_Continuted,RegNetX_400MF (Control Continued),Cifar10_epochs100_pretrain300,0.02618864132091403,False,True,cross_arch_same_kind
InceptionNet,Control_Continuted,InceptionNet (Control Continued),RegNetX_400MF,Dynamic_Region_All_Combined,RegNetX_400MF (Pruned Finetuned),Cifar10_epochs100_pretrain300,0.03228450194001198,False,False,cross_arch_cross_kind
InceptionNet,Control_Continuted,InceptionNet (Control Continued),RegNetX_400MF,Dynamic_Region_All_Combined_quant,RegNetX_400MF (Pruned Finetuned Quantized),Cifar10_epochs100_pretrain300,0.030357615556567907,False,False,cross_arch_cross_kind
InceptionNet,Control_Continuted,InceptionNet (Control Continued),InceptionNet,Control_Continuted,InceptionNet (Control Continued),Cifar10_epochs100_pretrain300,0.5099851861596107,True,True,self_same_kind
InceptionNet,Control_Continuted,InceptionNet (Control Continued),InceptionNet,Dynamic_Region_All_Combined,InceptionNet (Pruned Finetuned),Cifar10_epochs100_pretrain300,0.0867147408425808,True,False,same_arch_cross_kind
InceptionNet,Control_Continuted,InceptionNet (Control Continued),InceptionNet,Dynamic_Region_All_Combined_quant,InceptionNet (Pruned Finetuned Quantized),Cifar10_epochs100_pretrain300,0.08691064640879631,True,False,same_arch_cross_kind
InceptionNet,Control_Continuted,InceptionNet (Control Continued),XceptionNet,Control_Continuted,XceptionNet (Control Continued),Cifar10_epochs100_pretrain300,0.040351479314267635,False,True,cross_arch_same_kind
InceptionNet,Control_Continuted,InceptionNet (Control Continued),XceptionNet,Dynamic_Region_All_Combined,XceptionNet (Pruned Finetuned),Cifar10_epochs100_pretrain300,0.04065057169646025,False,False,cross_arch_cross_kind
InceptionNet,Control_Continuted,InceptionNet (Control Continued),XceptionNet,Dynamic_Region_All_Combined_quant,XceptionNet (Pruned Finetuned Quantized),Cifar10_epochs100_pretrain300,0.03812336176633835,False,False,cross_arch_cross_kind
InceptionNet,Control_Continuted,InceptionNet (Control Continued),ConvNeXt,Control_Continuted,ConvNeXt (Control Continued),Cifar10_epochs100_pretrain300,0.02724616229534149,False,True,cross_arch_same_kind
InceptionNet,Dynamic_Region_All_Combined,InceptionNet (Pruned Finetuned),VGG16,Control_Continuted,VGG16 (Control Continued),Cifar10_epochs100_pretrain300,0.01963015692308545,False,False,cross_arch_cross_kind
InceptionNet,Dynamic_Region_All_Combined,InceptionNet (Pruned Finetuned),VGG16,Dynamic_Region_All_Combined,VGG16 (Pruned Finetuned),Cifar10_epochs100_pretrain300,0.01646945532411337,False,True,cross_arch_same_kind
InceptionNet,Dynamic_Region_All_Combined,InceptionNet (Pruned Finetuned),VGG16,Dynamic_Region_All_Combined_quant,VGG16 (Pruned Finetuned Quantized),Cifar10_epochs100_pretrain300,0.01884136814624071,False,False,cross_arch_cross_kind
InceptionNet,Dynamic_Region_All_Combined,InceptionNet (Pruned Finetuned),RegNetX_400MF,Control_Continuted,RegNetX_400MF (Control Continued),Cifar10_epochs100_pretrain300,0.02413554722443223,False,False,cross_arch_cross_kind
InceptionNet,Dynamic_Region_All_Combined,InceptionNet (Pruned Finetuned),RegNetX_400MF,Dynamic_Region_All_Combined,RegNetX_400MF (Pruned Finetuned),Cifar10_epochs100_pretrain300,0.030037048272788525,False,True,cross_arch_same_kind
InceptionNet,Dynamic_Region_All_Combined,InceptionNet (Pruned Finetuned),RegNetX_400MF,Dynamic_Region_All_Combined_quant,RegNetX_400MF (Pruned Finetuned Quantized),Cifar10_epochs100_pretrain300,0.03110514208674431,False,False,cross_arch_cross_kind
InceptionNet,Dynamic_Region_All_Combined,InceptionNet (Pruned Finetuned),InceptionNet,Control_Continuted,InceptionNet (Control Continued),Cifar10_epochs100_pretrain300,0.0867147371172905,True,False,same_arch_cross_kind
InceptionNet,Dynamic_Region_All_Combined,InceptionNet (Pruned Finetuned),InceptionNet,Dynamic_Region_All_Combined,InceptionNet (Pruned Finetuned),Cifar10_epochs100_pretrain300,0.4903814196586609,True,True,self_same_kind
InceptionNet,Dynamic_Region_All_Combined,InceptionNet (Pruned Finetuned),InceptionNet,Dynamic_Region_All_Combined_quant,InceptionNet (Pruned Finetuned Quantized),Cifar10_epochs100_pretrain300,0.08767623268067837,True,False,same_arch_cross_kind
InceptionNet,Dynamic_Region_All_Combined,InceptionNet (Pruned Finetuned),XceptionNet,Control_Continuted,XceptionNet (Control Continued),Cifar10_epochs100_pretrain300,0.03748828684911132,False,False,cross_arch_cross_kind
InceptionNet,Dynamic_Region_All_Combined,InceptionNet (Pruned Finetuned),XceptionNet,Dynamic_Region_All_Combined,XceptionNet (Pruned Finetuned),Cifar10_epochs100_pretrain300,0.03777964413166046,False,True,cross_arch_same_kind
InceptionNet,Dynamic_Region_All_Combined,InceptionNet (Pruned Finetuned),XceptionNet,Dynamic_Region_All_Combined_quant,XceptionNet (Pruned Finetuned Quantized),Cifar10_epochs100_pretrain300,0.035788754001259804,False,False,cross_arch_cross_kind
InceptionNet,Dynamic_Region_All_Combined,InceptionNet (Pruned Finetuned),ConvNeXt,Control_Continuted,ConvNeXt (Control Continued),Cifar10_epochs100_pretrain300,0.0258485097438097,False,False,cross_arch_cross_kind
InceptionNet,Dynamic_Region_All_Combined_quant,InceptionNet (Pruned Finetuned Quantized),VGG16,Control_Continuted,VGG16 (Control Continued),Cifar10_epochs100_pretrain300,0.019006529357284307,False,False,cross_arch_cross_kind
InceptionNet,Dynamic_Region_All_Combined_quant,InceptionNet (Pruned Finetuned Quantized),VGG16,Dynamic_Region_All_Combined,VGG16 (Pruned Finetuned),Cifar10_epochs100_pretrain300,0.01472228649072349,False,False,cross_arch_cross_kind
InceptionNet,Dynamic_Region_All_Combined_quant,InceptionNet (Pruned Finetuned Quantized),VGG16,Dynamic_Region_All_Combined_quant,VGG16 (Pruned Finetuned Quantized),Cifar10_epochs100_pretrain300,0.017616245429962873,False,True,cross_arch_same_kind
InceptionNet,Dynamic_Region_All_Combined_quant,InceptionNet (Pruned Finetuned Quantized),RegNetX_400MF,Control_Continuted,RegNetX_400MF (Control Continued),Cifar10_epochs100_pretrain300,0.02326250448822975,False,False,cross_arch_cross_kind
InceptionNet,Dynamic_Region_All_Combined_quant,InceptionNet (Pruned Finetuned Quantized),RegNetX_400MF,Dynamic_Region_All_Combined,RegNetX_400MF (Pruned Finetuned),Cifar10_epochs100_pretrain300,0.031211841385811567,False,False,cross_arch_cross_kind
InceptionNet,Dynamic_Region_All_Combined_quant,InceptionNet (Pruned Finetuned Quantized),RegNetX_400MF,Dynamic_Region_All_Combined_quant,RegNetX_400MF (Pruned Finetuned Quantized),Cifar10_epochs100_pretrain300,0.030083018355071545,False,True,cross_arch_same_kind
InceptionNet,Dynamic_Region_All_Combined_quant,InceptionNet (Pruned Finetuned Quantized),InceptionNet,Control_Continuted,InceptionNet (Control Continued),Cifar10_epochs100_pretrain300,0.08691064640879631,True,False,same_arch_cross_kind
InceptionNet,Dynamic_Region_All_Combined_quant,InceptionNet (Pruned Finetuned Quantized),InceptionNet,Dynamic_Region_All_Combined,InceptionNet (Pruned Finetuned),Cifar10_epochs100_pretrain300,0.08767623268067837,True,False,same_arch_cross_kind
InceptionNet,Dynamic_Region_All_Combined_quant,InceptionNet (Pruned Finetuned Quantized),InceptionNet,Dynamic_Region_All_Combined_quant,InceptionNet (Pruned Finetuned Quantized),Cifar10_epochs100_pretrain300,0.4794738218188286,True,True,self_same_kind
InceptionNet,Dynamic_Region_All_Combined_quant,InceptionNet (Pruned Finetuned Quantized),XceptionNet,Control_Continuted,XceptionNet (Control Continued),Cifar10_epochs100_pretrain300,0.03839118592441082,False,False,cross_arch_cross_kind
InceptionNet,Dynamic_Region_All_Combined_quant,InceptionNet (Pruned Finetuned Quantized),XceptionNet,Dynamic_Region_All_Combined,XceptionNet (Pruned Finetuned),Cifar10_epochs100_pretrain300,0.03711198642849922,False,False,cross_arch_cross_kind
InceptionNet,Dynamic_Region_All_Combined_quant,InceptionNet (Pruned Finetuned Quantized),XceptionNet,Dynamic_Region_All_Combined_quant,XceptionNet (Pruned Finetuned Quantized),Cifar10_epochs100_pretrain300,0.03788424748927355,False,True,cross_arch_same_kind
InceptionNet,Dynamic_Region_All_Combined_quant,InceptionNet (Pruned Finetuned Quantized),ConvNeXt,Control_Continuted,ConvNeXt (Control Continued),Cifar10_epochs100_pretrain300,0.025341443717479706,False,False,cross_arch_cross_kind
XceptionNet,Control_Continuted,XceptionNet (Control Continued),VGG16,Control_Continuted,VGG16 (Control Continued),Cifar10_epochs100_pretrain300,0.022756164893507957,False,True,cross_arch_same_kind
XceptionNet,Control_Continuted,XceptionNet (Control Continued),VGG16,Dynamic_Region_All_Combined,VGG16 (Pruned Finetuned),Cifar10_epochs100_pretrain300,0.018394473707303405,False,False,cross_arch_cross_kind
XceptionNet,Control_Continuted,XceptionNet (Control Continued),VGG16,Dynamic_Region_All_Combined_quant,VGG16 (Pruned Finetuned Quantized),Cifar10_epochs100_pretrain300,0.021869941148906946,False,False,cross_arch_cross_kind
XceptionNet,Control_Continuted,XceptionNet (Control Continued),RegNetX_400MF,Control_Continuted,RegNetX_400MF (Control Continued),Cifar10_epochs100_pretrain300,0.02835193881765008,False,True,cross_arch_same_kind
XceptionNet,Control_Continuted,XceptionNet (Control Continued),RegNetX_400MF,Dynamic_Region_All_Combined,RegNetX_400MF (Pruned Finetuned),Cifar10_epochs100_pretrain300,0.03356538061052561,False,False,cross_arch_cross_kind
XceptionNet,Control_Continuted,XceptionNet (Control Continued),RegNetX_400MF,Dynamic_Region_All_Combined_quant,RegNetX_400MF (Pruned Finetuned Quantized),Cifar10_epochs100_pretrain300,0.03476685844361782,False,False,cross_arch_cross_kind
XceptionNet,Control_Continuted,XceptionNet (Control Continued),InceptionNet,Control_Continuted,InceptionNet (Control Continued),Cifar10_epochs100_pretrain300,0.040351481176912785,False,True,cross_arch_same_kind
XceptionNet,Control_Continuted,XceptionNet (Control Continued),InceptionNet,Dynamic_Region_All_Combined,InceptionNet (Pruned Finetuned),Cifar10_epochs100_pretrain300,0.03748828684911132,False,False,cross_arch_cross_kind
XceptionNet,Control_Continuted,XceptionNet (Control Continued),InceptionNet,Dynamic_Region_All_Combined_quant,InceptionNet (Pruned Finetuned Quantized),Cifar10_epochs100_pretrain300,0.03839118592441082,False,False,cross_arch_cross_kind
XceptionNet,Control_Continuted,XceptionNet (Control Continued),XceptionNet,Control_Continuted,XceptionNet (Control Continued),Cifar10_epochs100_pretrain300,0.42294181883335114,True,True,self_same_kind
XceptionNet,Control_Continuted,XceptionNet (Control Continued),XceptionNet,Dynamic_Region_All_Combined,XceptionNet (Pruned Finetuned),Cifar10_epochs100_pretrain300,0.06922946404665709,True,False,same_arch_cross_kind
XceptionNet,Control_Continuted,XceptionNet (Control Continued),XceptionNet,Dynamic_Region_All_Combined_quant,XceptionNet (Pruned Finetuned Quantized),Cifar10_epochs100_pretrain300,0.07053050585091114,True,False,same_arch_cross_kind
XceptionNet,Control_Continuted,XceptionNet (Control Continued),ConvNeXt,Control_Continuted,ConvNeXt (Control Continued),Cifar10_epochs100_pretrain300,0.016372417798265815,False,True,cross_arch_same_kind
XceptionNet,Dynamic_Region_All_Combined,XceptionNet (Pruned Finetuned),VGG16,Control_Continuted,VGG16 (Control Continued),Cifar10_epochs100_pretrain300,0.023068906739354134,False,False,cross_arch_cross_kind
XceptionNet,Dynamic_Region_All_Combined,XceptionNet (Pruned Finetuned),VGG16,Dynamic_Region_All_Combined,VGG16 (Pruned Finetuned),Cifar10_epochs100_pretrain300,0.01699086860753596,False,True,cross_arch_same_kind
XceptionNet,Dynamic_Region_All_Combined,XceptionNet (Pruned Finetuned),VGG16,Dynamic_Region_All_Combined_quant,VGG16 (Pruned Finetuned Quantized),Cifar10_epochs100_pretrain300,0.01975548453629017,False,False,cross_arch_cross_kind
XceptionNet,Dynamic_Region_All_Combined,XceptionNet (Pruned Finetuned),RegNetX_400MF,Control_Continuted,RegNetX_400MF (Control Continued),Cifar10_epochs100_pretrain300,0.02692160289734602,False,False,cross_arch_cross_kind
XceptionNet,Dynamic_Region_All_Combined,XceptionNet (Pruned Finetuned),RegNetX_400MF,Dynamic_Region_All_Combined,RegNetX_400MF (Pruned Finetuned),Cifar10_epochs100_pretrain300,0.03356141597032547,False,True,cross_arch_same_kind
XceptionNet,Dynamic_Region_All_Combined,XceptionNet (Pruned Finetuned),RegNetX_400MF,Dynamic_Region_All_Combined_quant,RegNetX_400MF (Pruned Finetuned Quantized),Cifar10_epochs100_pretrain300,0.03550284914672375,False,False,cross_arch_cross_kind
XceptionNet,Dynamic_Region_All_Combined,XceptionNet (Pruned Finetuned),InceptionNet,Control_Continuted,InceptionNet (Control Continued),Cifar10_epochs100_pretrain300,0.04065057169646025,False,False,cross_arch_cross_kind
XceptionNet,Dynamic_Region_All_Combined,XceptionNet (Pruned Finetuned),InceptionNet,Dynamic_Region_All_Combined,InceptionNet (Pruned Finetuned),Cifar10_epochs100_pretrain300,0.03777964320033789,False,True,cross_arch_same_kind
XceptionNet,Dynamic_Region_All_Combined,XceptionNet (Pruned Finetuned),InceptionNet,Dynamic_Region_All_Combined_quant,InceptionNet (Pruned Finetuned Quantized),Cifar10_epochs100_pretrain300,0.03711198549717665,False,False,cross_arch_cross_kind
XceptionNet,Dynamic_Region_All_Combined,XceptionNet (Pruned Finetuned),XceptionNet,Control_Continuted,XceptionNet (Control Continued),Cifar10_epochs100_pretrain300,0.06922946218401194,True,False,same_arch_cross_kind
XceptionNet,Dynamic_Region_All_Combined,XceptionNet (Pruned Finetuned),XceptionNet,Dynamic_Region_All_Combined,XceptionNet (Pruned Finetuned),Cifar10_epochs100_pretrain300,0.3963165134191513,True,True,self_same_kind
XceptionNet,Dynamic_Region_All_Combined,XceptionNet (Pruned Finetuned),XceptionNet,Dynamic_Region_All_Combined_quant,XceptionNet (Pruned Finetuned Quantized),Cifar10_epochs100_pretrain300,0.07898297719657421,True,False,same_arch_cross_kind
XceptionNet,Dynamic_Region_All_Combined,XceptionNet (Pruned Finetuned),ConvNeXt,Control_Continuted,ConvNeXt (Control Continued),Cifar10_epochs100_pretrain300,0.01686127344146371,False,False,cross_arch_cross_kind
XceptionNet,Dynamic_Region_All_Combined_quant,XceptionNet (Pruned Finetuned Quantized),VGG16,Control_Continuted,VGG16 (Control Continued),Cifar10_epochs100_pretrain300,0.02160071348771453,False,False,cross_arch_cross_kind
XceptionNet,Dynamic_Region_All_Combined_quant,XceptionNet (Pruned Finetuned Quantized),VGG16,Dynamic_Region_All_Combined,VGG16 (Pruned Finetuned),Cifar10_epochs100_pretrain300,0.01692587253637612,False,False,cross_arch_cross_kind
XceptionNet,Dynamic_Region_All_Combined_quant,XceptionNet (Pruned Finetuned Quantized),VGG16,Dynamic_Region_All_Combined_quant,VGG16 (Pruned Finetuned Quantized),Cifar10_epochs100_pretrain300,0.02024155016988516,False,True,cross_arch_same_kind
XceptionNet,Dynamic_Region_All_Combined_quant,XceptionNet (Pruned Finetuned Quantized),RegNetX_400MF,Control_Continuted,RegNetX_400MF (Control Continued),Cifar10_epochs100_pretrain300,0.028020085766911507,False,False,cross_arch_cross_kind
XceptionNet,Dynamic_Region_All_Combined_quant,XceptionNet (Pruned Finetuned Quantized),RegNetX_400MF,Dynamic_Region_All_Combined,RegNetX_400MF (Pruned Finetuned),Cifar10_epochs100_pretrain300,0.033941758796572685,False,False,cross_arch_cross_kind
XceptionNet,Dynamic_Region_All_Combined_quant,XceptionNet (Pruned Finetuned Quantized),RegNetX_400MF,Dynamic_Region_All_Combined_quant,RegNetX_400MF (Pruned Finetuned Quantized),Cifar10_epochs100_pretrain300,0.0359952449798584,False,True,cross_arch_same_kind
XceptionNet,Dynamic_Region_All_Combined_quant,XceptionNet (Pruned Finetuned Quantized),InceptionNet,Control_Continuted,InceptionNet (Control Continued),Cifar10_epochs100_pretrain300,0.038123360835015774,False,False,cross_arch_cross_kind
XceptionNet,Dynamic_Region_All_Combined_quant,XceptionNet (Pruned Finetuned Quantized),InceptionNet,Dynamic_Region_All_Combined,InceptionNet (Pruned Finetuned),Cifar10_epochs100_pretrain300,0.035788754001259804,False,False,cross_arch_cross_kind
XceptionNet,Dynamic_Region_All_Combined_quant,XceptionNet (Pruned Finetuned Quantized),InceptionNet,Dynamic_Region_All_Combined_quant,InceptionNet (Pruned Finetuned Quantized),Cifar10_epochs100_pretrain300,0.03788424842059612,False,True,cross_arch_same_kind
XceptionNet,Dynamic_Region_All_Combined_quant,XceptionNet (Pruned Finetuned Quantized),XceptionNet,Control_Continuted,XceptionNet (Control Continued),Cifar10_epochs100_pretrain300,0.07053050771355629,True,False,same_arch_cross_kind
XceptionNet,Dynamic_Region_All_Combined_quant,XceptionNet (Pruned Finetuned Quantized),XceptionNet,Dynamic_Region_All_Combined,XceptionNet (Pruned Finetuned),Cifar10_epochs100_pretrain300,0.07898297719657421,True,False,same_arch_cross_kind
XceptionNet,Dynamic_Region_All_Combined_quant,XceptionNet (Pruned Finetuned Quantized),XceptionNet,Dynamic_Region_All_Combined_quant,XceptionNet (Pruned Finetuned Quantized),Cifar10_epochs100_pretrain300,0.40310465544462204,True,True,self_same_kind
XceptionNet,Dynamic_Region_All_Combined_quant,XceptionNet (Pruned Finetuned Quantized),ConvNeXt,Control_Continuted,ConvNeXt (Control Continued),Cifar10_epochs100_pretrain300,0.017448515631258488,False,False,cross_arch_cross_kind
ConvNeXt,Control_Continuted,ConvNeXt (Control Continued),VGG16,Control_Continuted,VGG16 (Control Continued),Cifar10_epochs100_pretrain300,0.005380182876251638,False,True,cross_arch_same_kind
ConvNeXt,Control_Continuted,ConvNeXt (Control Continued),VGG16,Dynamic_Region_All_Combined,VGG16 (Pruned Finetuned),Cifar10_epochs100_pretrain300,0.004039185936562717,False,False,cross_arch_cross_kind
ConvNeXt,Control_Continuted,ConvNeXt (Control Continued),VGG16,Dynamic_Region_All_Combined_quant,VGG16 (Pruned Finetuned Quantized),Cifar10_epochs100_pretrain300,0.005323557183146477,False,False,cross_arch_cross_kind
ConvNeXt,Control_Continuted,ConvNeXt (Control Continued),RegNetX_400MF,Control_Continuted,RegNetX_400MF (Control Continued),Cifar10_epochs100_pretrain300,0.03239254234358668,False,True,cross_arch_same_kind
ConvNeXt,Control_Continuted,ConvNeXt (Control Continued),RegNetX_400MF,Dynamic_Region_All_Combined,RegNetX_400MF (Pruned Finetuned),Cifar10_epochs100_pretrain300,0.0275939735583961,False,False,cross_arch_cross_kind
ConvNeXt,Control_Continuted,ConvNeXt (Control Continued),RegNetX_400MF,Dynamic_Region_All_Combined_quant,RegNetX_400MF (Pruned Finetuned Quantized),Cifar10_epochs100_pretrain300,0.028512136079370975,False,False,cross_arch_cross_kind
ConvNeXt,Control_Continuted,ConvNeXt (Control Continued),InceptionNet,Control_Continuted,InceptionNet (Control Continued),Cifar10_epochs100_pretrain300,0.02724616415798664,False,True,cross_arch_same_kind
ConvNeXt,Control_Continuted,ConvNeXt (Control Continued),InceptionNet,Dynamic_Region_All_Combined,InceptionNet (Pruned Finetuned),Cifar10_epochs100_pretrain300,0.025848509278148413,False,False,cross_arch_cross_kind
ConvNeXt,Control_Continuted,ConvNeXt (Control Continued),InceptionNet,Dynamic_Region_All_Combined_quant,InceptionNet (Pruned Finetuned Quantized),Cifar10_epochs100_pretrain300,0.025341444183140993,False,False,cross_arch_cross_kind
ConvNeXt,Control_Continuted,ConvNeXt (Control Continued),XceptionNet,Control_Continuted,XceptionNet (Control Continued),Cifar10_epochs100_pretrain300,0.016372417798265815,False,True,cross_arch_same_kind
ConvNeXt,Control_Continuted,ConvNeXt (Control Continued),XceptionNet,Dynamic_Region_All_Combined,XceptionNet (Pruned Finetuned),Cifar10_epochs100_pretrain300,0.01686127344146371,False,False,cross_arch_cross_kind
ConvNeXt,Control_Continuted,ConvNeXt (Control Continued),XceptionNet,Dynamic_Region_All_Combined_quant,XceptionNet (Pruned Finetuned Quantized),Cifar10_epochs100_pretrain300,0.017448516096919775,False,False,cross_arch_cross_kind
ConvNeXt,Control_Continuted,ConvNeXt (Control Continued),ConvNeXt,Control_Continuted,ConvNeXt (Control Continued),Cifar10_epochs100_pretrain300,0.5389128476381302,True,True,self_same_kind
VGG16,Control_Continuted,VGG16 (Control Continued),VGG16,Control_Continuted,VGG16 (Control Continued),tinyimagenet_epochs100_pretrain300,0.9982242733240128,True,True,self_same_kind
VGG16,Control_Continuted,VGG16 (Control Continued),RegNetX_400MF,Control_Continuted,RegNetX_400MF (Control Continued),tinyimagenet_epochs100_pretrain300,0.03533321153372526,False,True,cross_arch_same_kind
VGG16,Control_Continuted,VGG16 (Control Continued),RegNetX_400MF,Dynamic_Region_All_Combined,RegNetX_400MF (Pruned Finetuned),tinyimagenet_epochs100_pretrain300,0.042657747864723206,False,False,cross_arch_cross_kind
VGG16,Control_Continuted,VGG16 (Control Continued),RegNetX_400MF,Dynamic_Region_All_Combined_quant,RegNetX_400MF (Pruned Finetuned Quantized),tinyimagenet_epochs100_pretrain300,0.04368210583925247,False,False,cross_arch_cross_kind
VGG16,Control_Continuted,VGG16 (Control Continued),InceptionNet,Control_Continuted,InceptionNet (Control Continued),tinyimagenet_epochs100_pretrain300,0.08666406199336052,False,True,cross_arch_same_kind
VGG16,Control_Continuted,VGG16 (Control Continued),InceptionNet,Dynamic_Region_All_Combined,InceptionNet (Pruned Finetuned),tinyimagenet_epochs100_pretrain300,0.08013330027461052,False,False,cross_arch_cross_kind
VGG16,Control_Continuted,VGG16 (Control Continued),InceptionNet,Dynamic_Region_All_Combined_quant,InceptionNet (Pruned Finetuned Quantized),tinyimagenet_epochs100_pretrain300,0.07323809340596199,False,False,cross_arch_cross_kind
VGG16,Control_Continuted,VGG16 (Control Continued),XceptionNet,Control_Continuted,XceptionNet (Control Continued),tinyimagenet_epochs100_pretrain300,0.06860434450209141,False,True,cross_arch_same_kind
VGG16,Control_Continuted,VGG16 (Control Continued),XceptionNet,Dynamic_Region_All_Combined,XceptionNet (Pruned Finetuned),tinyimagenet_epochs100_pretrain300,0.06647713854908943,False,False,cross_arch_cross_kind
VGG16,Control_Continuted,VGG16 (Control Continued),XceptionNet,Dynamic_Region_All_Combined_quant,XceptionNet (Pruned Finetuned Quantized),tinyimagenet_epochs100_pretrain300,0.06875946186482906,False,False,cross_arch_cross_kind
VGG16,Control_Continuted,VGG16 (Control Continued),ConvNeXt,Control_Continuted,ConvNeXt (Control Continued),tinyimagenet_epochs100_pretrain300,0.039575361646711826,False,True,cross_arch_same_kind
RegNetX_400MF,Control_Continuted,RegNetX_400MF (Control Continued),VGG16,Control_Continuted,VGG16 (Control Continued),tinyimagenet_epochs100_pretrain300,0.03533321339637041,False,True,cross_arch_same_kind
RegNetX_400MF,Control_Continuted,RegNetX_400MF (Control Continued),RegNetX_400MF,Control_Continuted,RegNetX_400MF (Control Continued),tinyimagenet_epochs100_pretrain300,1.0,True,True,self_same_kind
RegNetX_400MF,Control_Continuted,RegNetX_400MF (Control Continued),RegNetX_400MF,Dynamic_Region_All_Combined,RegNetX_400MF (Pruned Finetuned),tinyimagenet_epochs100_pretrain300,0.05924220476299524,True,False,same_arch_cross_kind
RegNetX_400MF,Control_Continuted,RegNetX_400MF (Control Continued),RegNetX_400MF,Dynamic_Region_All_Combined_quant,RegNetX_400MF (Pruned Finetuned Quantized),tinyimagenet_epochs100_pretrain300,0.06764793954789639,True,False,same_arch_cross_kind
RegNetX_400MF,Control_Continuted,RegNetX_400MF (Control Continued),InceptionNet,Control_Continuted,InceptionNet (Control Continued),tinyimagenet_epochs100_pretrain300,0.029069337528198957,False,True,cross_arch_same_kind
RegNetX_400MF,Control_Continuted,RegNetX_400MF (Control Continued),InceptionNet,Dynamic_Region_All_Combined,InceptionNet (Pruned Finetuned),tinyimagenet_epochs100_pretrain300,0.028678322676569223,False,False,cross_arch_cross_kind
RegNetX_400MF,Control_Continuted,RegNetX_400MF (Control Continued),InceptionNet,Dynamic_Region_All_Combined_quant,InceptionNet (Pruned Finetuned Quantized),tinyimagenet_epochs100_pretrain300,0.02503892732784152,False,False,cross_arch_cross_kind
RegNetX_400MF,Control_Continuted,RegNetX_400MF (Control Continued),XceptionNet,Control_Continuted,XceptionNet (Control Continued),tinyimagenet_epochs100_pretrain300,0.035809144377708435,False,True,cross_arch_same_kind
RegNetX_400MF,Control_Continuted,RegNetX_400MF (Control Continued),XceptionNet,Dynamic_Region_All_Combined,XceptionNet (Pruned Finetuned),tinyimagenet_epochs100_pretrain300,0.035032279789447784,False,False,cross_arch_cross_kind
RegNetX_400MF,Control_Continuted,RegNetX_400MF (Control Continued),XceptionNet,Dynamic_Region_All_Combined_quant,XceptionNet (Pruned Finetuned Quantized),tinyimagenet_epochs100_pretrain300,0.03326073428615928,False,False,cross_arch_cross_kind
RegNetX_400MF,Control_Continuted,RegNetX_400MF (Control Continued),ConvNeXt,Control_Continuted,ConvNeXt (Control Continued),tinyimagenet_epochs100_pretrain300,0.028768254909664392,False,True,cross_arch_same_kind
RegNetX_400MF,Dynamic_Region_All_Combined,RegNetX_400MF (Pruned Finetuned),VGG16,Control_Continuted,VGG16 (Control Continued),tinyimagenet_epochs100_pretrain300,0.04265774693340063,False,False,cross_arch_cross_kind
RegNetX_400MF,Dynamic_Region_All_Combined,RegNetX_400MF (Pruned Finetuned),RegNetX_400MF,Control_Continuted,RegNetX_400MF (Control Continued),tinyimagenet_epochs100_pretrain300,0.05924220196902752,True,False,same_arch_cross_kind
RegNetX_400MF,Dynamic_Region_All_Combined,RegNetX_400MF (Pruned Finetuned),RegNetX_400MF,Dynamic_Region_All_Combined,RegNetX_400MF (Pruned Finetuned),tinyimagenet_epochs100_pretrain300,1.0,True,True,self_same_kind
RegNetX_400MF,Dynamic_Region_All_Combined,RegNetX_400MF (Pruned Finetuned),RegNetX_400MF,Dynamic_Region_All_Combined_quant,RegNetX_400MF (Pruned Finetuned Quantized),tinyimagenet_epochs100_pretrain300,0.0923813171684742,True,False,same_arch_cross_kind
RegNetX_400MF,Dynamic_Region_All_Combined,RegNetX_400MF (Pruned Finetuned),InceptionNet,Control_Continuted,InceptionNet (Control Continued),tinyimagenet_epochs100_pretrain300,0.03078506700694561,False,False,cross_arch_cross_kind
RegNetX_400MF,Dynamic_Region_All_Combined,RegNetX_400MF (Pruned Finetuned),InceptionNet,Dynamic_Region_All_Combined,InceptionNet (Pruned Finetuned),tinyimagenet_epochs100_pretrain300,0.03321866225451231,False,True,cross_arch_same_kind
RegNetX_400MF,Dynamic_Region_All_Combined,RegNetX_400MF (Pruned Finetuned),InceptionNet,Dynamic_Region_All_Combined_quant,InceptionNet (Pruned Finetuned Quantized),tinyimagenet_epochs100_pretrain300,0.029518004041165113,False,False,cross_arch_cross_kind
RegNetX_400MF,Dynamic_Region_All_Combined,RegNetX_400MF (Pruned Finetuned),XceptionNet,Control_Continuted,XceptionNet (Control Continued),tinyimagenet_epochs100_pretrain300,0.03981984965503216,False,False,cross_arch_cross_kind
RegNetX_400MF,Dynamic_Region_All_Combined,RegNetX_400MF (Pruned Finetuned),XceptionNet,Dynamic_Region_All_Combined,XceptionNet (Pruned Finetuned),tinyimagenet_epochs100_pretrain300,0.04136085603386164,False,True,cross_arch_same_kind
RegNetX_400MF,Dynamic_Region_All_Combined,RegNetX_400MF (Pruned Finetuned),XceptionNet,Dynamic_Region_All_Combined_quant,XceptionNet (Pruned Finetuned Quantized),tinyimagenet_epochs100_pretrain300,0.04171292204409838,False,False,cross_arch_cross_kind
RegNetX_400MF,Dynamic_Region_All_Combined,RegNetX_400MF (Pruned Finetuned),ConvNeXt,Control_Continuted,ConvNeXt (Control Continued),tinyimagenet_epochs100_pretrain300,0.026414827443659306,False,False,cross_arch_cross_kind
RegNetX_400MF,Dynamic_Region_All_Combined_quant,RegNetX_400MF (Pruned Finetuned Quantized),VGG16,Control_Continuted,VGG16 (Control Continued),tinyimagenet_epochs100_pretrain300,0.04368210583925247,False,False,cross_arch_cross_kind
RegNetX_400MF,Dynamic_Region_All_Combined_quant,RegNetX_400MF (Pruned Finetuned Quantized),RegNetX_400MF,Control_Continuted,RegNetX_400MF (Control Continued),tinyimagenet_epochs100_pretrain300,0.06764793954789639,True,False,same_arch_cross_kind
RegNetX_400MF,Dynamic_Region_All_Combined_quant,RegNetX_400MF (Pruned Finetuned Quantized),RegNetX_400MF,Dynamic_Region_All_Combined,RegNetX_400MF (Pruned Finetuned),tinyimagenet_epochs100_pretrain300,0.09238131903111935,True,False,same_arch_cross_kind
RegNetX_400MF,Dynamic_Region_All_Combined_quant,RegNetX_400MF (Pruned Finetuned Quantized),RegNetX_400MF,Dynamic_Region_All_Combined_quant,RegNetX_400MF (Pruned Finetuned Quantized),tinyimagenet_epochs100_pretrain300,1.0,True,True,self_same_kind
RegNetX_400MF,Dynamic_Region_All_Combined_quant,RegNetX_400MF (Pruned Finetuned Quantized),InceptionNet,Control_Continuted,InceptionNet (Control Continued),tinyimagenet_epochs100_pretrain300,0.029296109918504953,False,False,cross_arch_cross_kind
RegNetX_400MF,Dynamic_Region_All_Combined_quant,RegNetX_400MF (Pruned Finetuned Quantized),InceptionNet,Dynamic_Region_All_Combined,InceptionNet (Pruned Finetuned),tinyimagenet_epochs100_pretrain300,0.030911181587725878,False,False,cross_arch_cross_kind
RegNetX_400MF,Dynamic_Region_All_Combined_quant,RegNetX_400MF (Pruned Finetuned Quantized),InceptionNet,Dynamic_Region_All_Combined_quant,InceptionNet (Pruned Finetuned Quantized),tinyimagenet_epochs100_pretrain300,0.02764814253896475,False,True,cross_arch_same_kind
RegNetX_400MF,Dynamic_Region_All_Combined_quant,RegNetX_400MF (Pruned Finetuned Quantized),XceptionNet,Control_Continuted,XceptionNet (Control Continued),tinyimagenet_epochs100_pretrain300,0.041436356492340565,False,False,cross_arch_cross_kind
RegNetX_400MF,Dynamic_Region_All_Combined_quant,RegNetX_400MF (Pruned Finetuned Quantized),XceptionNet,Dynamic_Region_All_Combined,XceptionNet (Pruned Finetuned),tinyimagenet_epochs100_pretrain300,0.041154696606099606,False,False,cross_arch_cross_kind
RegNetX_400MF,Dynamic_Region_All_Combined_quant,RegNetX_400MF (Pruned Finetuned Quantized),XceptionNet,Dynamic_Region_All_Combined_quant,XceptionNet (Pruned Finetuned Quantized),tinyimagenet_epochs100_pretrain300,0.04130771476775408,False,True,cross_arch_same_kind
RegNetX_400MF,Dynamic_Region_All_Combined_quant,RegNetX_400MF (Pruned Finetuned Quantized),ConvNeXt,Control_Continuted,ConvNeXt (Control Continued),tinyimagenet_epochs100_pretrain300,0.028348380234092474,False,False,cross_arch_cross_kind
InceptionNet,Control_Continuted,InceptionNet (Control Continued),VGG16,Control_Continuted,VGG16 (Control Continued),tinyimagenet_epochs100_pretrain300,0.08666407130658627,False,True,cross_arch_same_kind
InceptionNet,Control_Continuted,InceptionNet (Control Continued),RegNetX_400MF,Control_Continuted,RegNetX_400MF (Control Continued),tinyimagenet_epochs100_pretrain300,0.02906933333724737,False,True,cross_arch_same_kind
InceptionNet,Control_Continuted,InceptionNet (Control Continued),RegNetX_400MF,Dynamic_Region_All_Combined,RegNetX_400MF (Pruned Finetuned),tinyimagenet_epochs100_pretrain300,0.030785062815994024,False,False,cross_arch_cross_kind
InceptionNet,Control_Continuted,InceptionNet (Control Continued),RegNetX_400MF,Dynamic_Region_All_Combined_quant,RegNetX_400MF (Pruned Finetuned Quantized),tinyimagenet_epochs100_pretrain300,0.029296109452843666,False,False,cross_arch_cross_kind
InceptionNet,Control_Continuted,InceptionNet (Control Continued),InceptionNet,Control_Continuted,InceptionNet (Control Continued),tinyimagenet_epochs100_pretrain300,0.9990234524011612,True,True,self_same_kind
InceptionNet,Control_Continuted,InceptionNet (Control Continued),InceptionNet,Dynamic_Region_All_Combined,InceptionNet (Pruned Finetuned),tinyimagenet_epochs100_pretrain300,0.101361820474267,True,False,same_arch_cross_kind
InceptionNet,Control_Continuted,InceptionNet (Control Continued),InceptionNet,Dynamic_Region_All_Combined_quant,InceptionNet (Pruned Finetuned Quantized),tinyimagenet_epochs100_pretrain300,0.09042958728969097,True,False,same_arch_cross_kind
InceptionNet,Control_Continuted,InceptionNet (Control Continued),XceptionNet,Control_Continuted,XceptionNet (Control Continued),tinyimagenet_epochs100_pretrain300,0.06068098545074463,False,True,cross_arch_same_kind
InceptionNet,Control_Continuted,InceptionNet (Control Continued),XceptionNet,Dynamic_Region_All_Combined,XceptionNet (Pruned Finetuned),tinyimagenet_epochs100_pretrain300,0.05641578231006861,False,False,cross_arch_cross_kind
InceptionNet,Control_Continuted,InceptionNet (Control Continued),XceptionNet,Dynamic_Region_All_Combined_quant,XceptionNet (Pruned Finetuned Quantized),tinyimagenet_epochs100_pretrain300,0.06071167439222336,False,False,cross_arch_cross_kind
InceptionNet,Control_Continuted,InceptionNet (Control Continued),ConvNeXt,Control_Continuted,ConvNeXt (Control Continued),tinyimagenet_epochs100_pretrain300,0.03410993469879031,False,True,cross_arch_same_kind
InceptionNet,Dynamic_Region_All_Combined,InceptionNet (Pruned Finetuned),VGG16,Control_Continuted,VGG16 (Control Continued),tinyimagenet_epochs100_pretrain300,0.08013330027461052,False,False,cross_arch_cross_kind
InceptionNet,Dynamic_Region_All_Combined,InceptionNet (Pruned Finetuned),RegNetX_400MF,Control_Continuted,RegNetX_400MF (Control Continued),tinyimagenet_epochs100_pretrain300,0.028678322210907936,False,False,cross_arch_cross_kind
InceptionNet,Dynamic_Region_All_Combined,InceptionNet (Pruned Finetuned),RegNetX_400MF,Dynamic_Region_All_Combined,RegNetX_400MF (Pruned Finetuned),tinyimagenet_epochs100_pretrain300,0.033218663185834885,False,True,cross_arch_same_kind
InceptionNet,Dynamic_Region_All_Combined,InceptionNet (Pruned Finetuned),RegNetX_400MF,Dynamic_Region_All_Combined_quant,RegNetX_400MF (Pruned Finetuned Quantized),tinyimagenet_epochs100_pretrain300,0.030911178328096867,False,False,cross_arch_cross_kind
InceptionNet,Dynamic_Region_All_Combined,InceptionNet (Pruned Finetuned),InceptionNet,Control_Continuted,InceptionNet (Control Continued),tinyimagenet_epochs100_pretrain300,0.10136181302368641,True,False,same_arch_cross_kind
InceptionNet,Dynamic_Region_All_Combined,InceptionNet (Pruned Finetuned),InceptionNet,Dynamic_Region_All_Combined,InceptionNet (Pruned Finetuned),tinyimagenet_epochs100_pretrain300,0.9970729649066925,True,True,self_same_kind
InceptionNet,Dynamic_Region_All_Combined,InceptionNet (Pruned Finetuned),InceptionNet,Dynamic_Region_All_Combined_quant,InceptionNet (Pruned Finetuned Quantized),tinyimagenet_epochs100_pretrain300,0.1095770038664341,True,False,same_arch_cross_kind
InceptionNet,Dynamic_Region_All_Combined,InceptionNet (Pruned Finetuned),XceptionNet,Control_Continuted,XceptionNet (Control Continued),tinyimagenet_epochs100_pretrain300,0.05880231596529484,False,False,cross_arch_cross_kind
InceptionNet,Dynamic_Region_All_Combined,InceptionNet (Pruned Finetuned),XceptionNet,Dynamic_Region_All_Combined,XceptionNet (Pruned Finetuned),tinyimagenet_epochs100_pretrain300,0.05594234634190798,False,True,cross_arch_same_kind
InceptionNet,Dynamic_Region_All_Combined,InceptionNet (Pruned Finetuned),XceptionNet,Dynamic_Region_All_Combined_quant,XceptionNet (Pruned Finetuned Quantized),tinyimagenet_epochs100_pretrain300,0.06122375279664993,False,False,cross_arch_cross_kind
InceptionNet,Dynamic_Region_All_Combined,InceptionNet (Pruned Finetuned),ConvNeXt,Control_Continuted,ConvNeXt (Control Continued),tinyimagenet_epochs100_pretrain300,0.03804986644536257,False,False,cross_arch_cross_kind
InceptionNet,Dynamic_Region_All_Combined_quant,InceptionNet (Pruned Finetuned Quantized),VGG16,Control_Continuted,VGG16 (Control Continued),tinyimagenet_epochs100_pretrain300,0.07323809713125229,False,False,cross_arch_cross_kind
InceptionNet,Dynamic_Region_All_Combined_quant,InceptionNet (Pruned Finetuned Quantized),RegNetX_400MF,Control_Continuted,RegNetX_400MF (Control Continued),tinyimagenet_epochs100_pretrain300,0.02503892546519637,False,False,cross_arch_cross_kind
InceptionNet,Dynamic_Region_All_Combined_quant,InceptionNet (Pruned Finetuned Quantized),RegNetX_400MF,Dynamic_Region_All_Combined,RegNetX_400MF (Pruned Finetuned),tinyimagenet_epochs100_pretrain300,0.029518002178519964,False,False,cross_arch_cross_kind
InceptionNet,Dynamic_Region_All_Combined_quant,InceptionNet (Pruned Finetuned Quantized),RegNetX_400MF,Dynamic_Region_All_Combined_quant,RegNetX_400MF (Pruned Finetuned Quantized),tinyimagenet_epochs100_pretrain300,0.027648144867271185,False,True,cross_arch_same_kind
InceptionNet,Dynamic_Region_All_Combined_quant,InceptionNet (Pruned Finetuned Quantized),InceptionNet,Control_Continuted,InceptionNet (Control Continued),tinyimagenet_epochs100_pretrain300,0.09042957797646523,True,False,same_arch_cross_kind
InceptionNet,Dynamic_Region_All_Combined_quant,InceptionNet (Pruned Finetuned Quantized),InceptionNet,Dynamic_Region_All_Combined,InceptionNet (Pruned Finetuned),tinyimagenet_epochs100_pretrain300,0.1095770113170147,True,False,same_arch_cross_kind
InceptionNet,Dynamic_Region_All_Combined_quant,InceptionNet (Pruned Finetuned Quantized),InceptionNet,Dynamic_Region_All_Combined_quant,InceptionNet (Pruned Finetuned Quantized),tinyimagenet_epochs100_pretrain300,0.9990034252405167,True,True,self_same_kind
InceptionNet,Dynamic_Region_All_Combined_quant,InceptionNet (Pruned Finetuned Quantized),XceptionNet,Control_Continuted,XceptionNet (Control Continued),tinyimagenet_epochs100_pretrain300,0.05477394629269838,False,False,cross_arch_cross_kind
InceptionNet,Dynamic_Region_All_Combined_quant,InceptionNet (Pruned Finetuned Quantized),XceptionNet,Dynamic_Region_All_Combined,XceptionNet (Pruned Finetuned),tinyimagenet_epochs100_pretrain300,0.05273311398923397,False,False,cross_arch_cross_kind
InceptionNet,Dynamic_Region_All_Combined_quant,InceptionNet (Pruned Finetuned Quantized),XceptionNet,Dynamic_Region_All_Combined_quant,XceptionNet (Pruned Finetuned Quantized),tinyimagenet_epochs100_pretrain300,0.055307259783148766,False,True,cross_arch_same_kind
InceptionNet,Dynamic_Region_All_Combined_quant,InceptionNet (Pruned Finetuned Quantized),ConvNeXt,Control_Continuted,ConvNeXt (Control Continued),tinyimagenet_epochs100_pretrain300,0.03480496630072594,False,False,cross_arch_cross_kind
XceptionNet,Control_Continuted,XceptionNet (Control Continued),VGG16,Control_Continuted,VGG16 (Control Continued),tinyimagenet_epochs100_pretrain300,0.06860434450209141,False,True,cross_arch_same_kind
XceptionNet,Control_Continuted,XceptionNet (Control Continued),RegNetX_400MF,Control_Continuted,RegNetX_400MF (Control Continued),tinyimagenet_epochs100_pretrain300,0.035809144377708435,False,True,cross_arch_same_kind
XceptionNet,Control_Continuted,XceptionNet (Control Continued),RegNetX_400MF,Dynamic_Region_All_Combined,RegNetX_400MF (Pruned Finetuned),tinyimagenet_epochs100_pretrain300,0.03981984965503216,False,False,cross_arch_cross_kind
XceptionNet,Control_Continuted,XceptionNet (Control Continued),RegNetX_400MF,Dynamic_Region_All_Combined_quant,RegNetX_400MF (Pruned Finetuned Quantized),tinyimagenet_epochs100_pretrain300,0.041436356492340565,False,False,cross_arch_cross_kind
XceptionNet,Control_Continuted,XceptionNet (Control Continued),InceptionNet,Control_Continuted,InceptionNet (Control Continued),tinyimagenet_epochs100_pretrain300,0.06068097893148661,False,True,cross_arch_same_kind
XceptionNet,Control_Continuted,XceptionNet (Control Continued),InceptionNet,Dynamic_Region_All_Combined,InceptionNet (Pruned Finetuned),tinyimagenet_epochs100_pretrain300,0.05880231503397226,False,False,cross_arch_cross_kind
XceptionNet,Control_Continuted,XceptionNet (Control Continued),InceptionNet,Dynamic_Region_All_Combined_quant,InceptionNet (Pruned Finetuned Quantized),tinyimagenet_epochs100_pretrain300,0.05477394908666611,False,False,cross_arch_cross_kind
XceptionNet,Control_Continuted,XceptionNet (Control Continued),XceptionNet,Control_Continuted,XceptionNet (Control Continued),tinyimagenet_epochs100_pretrain300,0.9977002143859863,True,True,self_same_kind
XceptionNet,Control_Continuted,XceptionNet (Control Continued),XceptionNet,Dynamic_Region_All_Combined,XceptionNet (Pruned Finetuned),tinyimagenet_epochs100_pretrain300,0.12045630626380444,True,False,same_arch_cross_kind
XceptionNet,Control_Continuted,XceptionNet (Control Continued),XceptionNet,Dynamic_Region_All_Combined_quant,XceptionNet (Pruned Finetuned Quantized),tinyimagenet_epochs100_pretrain300,0.12076950818300247,True,False,same_arch_cross_kind
XceptionNet,Control_Continuted,XceptionNet (Control Continued),ConvNeXt,Control_Continuted,ConvNeXt (Control Continued),tinyimagenet_epochs100_pretrain300,0.04356572404503822,False,True,cross_arch_same_kind
XceptionNet,Dynamic_Region_All_Combined,XceptionNet (Pruned Finetuned),VGG16,Control_Continuted,VGG16 (Control Continued),tinyimagenet_epochs100_pretrain300,0.06647713668644428,False,False,cross_arch_cross_kind
XceptionNet,Dynamic_Region_All_Combined,XceptionNet (Pruned Finetuned),RegNetX_400MF,Control_Continuted,RegNetX_400MF (Control Continued),tinyimagenet_epochs100_pretrain300,0.035032279789447784,False,False,cross_arch_cross_kind
XceptionNet,Dynamic_Region_All_Combined,XceptionNet (Pruned Finetuned),RegNetX_400MF,Dynamic_Region_All_Combined,RegNetX_400MF (Pruned Finetuned),tinyimagenet_epochs100_pretrain300,0.04136085510253906,False,True,cross_arch_same_kind
XceptionNet,Dynamic_Region_All_Combined,XceptionNet (Pruned Finetuned),RegNetX_400MF,Dynamic_Region_All_Combined_quant,RegNetX_400MF (Pruned Finetuned Quantized),tinyimagenet_epochs100_pretrain300,0.041154696606099606,False,False,cross_arch_cross_kind
XceptionNet,Dynamic_Region_All_Combined,XceptionNet (Pruned Finetuned),InceptionNet,Control_Continuted,InceptionNet (Control Continued),tinyimagenet_epochs100_pretrain300,0.05641578137874603,False,False,cross_arch_cross_kind
XceptionNet,Dynamic_Region_All_Combined,XceptionNet (Pruned Finetuned),InceptionNet,Dynamic_Region_All_Combined,InceptionNet (Pruned Finetuned),tinyimagenet_epochs100_pretrain300,0.0559423454105854,False,True,cross_arch_same_kind
XceptionNet,Dynamic_Region_All_Combined,XceptionNet (Pruned Finetuned),InceptionNet,Dynamic_Region_All_Combined_quant,InceptionNet (Pruned Finetuned Quantized),tinyimagenet_epochs100_pretrain300,0.05273311585187912,False,False,cross_arch_cross_kind
XceptionNet,Dynamic_Region_All_Combined,XceptionNet (Pruned Finetuned),XceptionNet,Control_Continuted,XceptionNet (Control Continued),tinyimagenet_epochs100_pretrain300,0.12045630440115929,True,False,same_arch_cross_kind
XceptionNet,Dynamic_Region_All_Combined,XceptionNet (Pruned Finetuned),XceptionNet,Dynamic_Region_All_Combined,XceptionNet (Pruned Finetuned),tinyimagenet_epochs100_pretrain300,0.998046875,True,True,self_same_kind
XceptionNet,Dynamic_Region_All_Combined,XceptionNet (Pruned Finetuned),XceptionNet,Dynamic_Region_All_Combined_quant,XceptionNet (Pruned Finetuned Quantized),tinyimagenet_epochs100_pretrain300,0.1377686709165573,True,False,same_arch_cross_kind
XceptionNet,Dynamic_Region_All_Combined,XceptionNet (Pruned Finetuned),ConvNeXt,Control_Continuted,ConvNeXt (Control Continued),tinyimagenet_epochs100_pretrain300,0.043266741558909416,False,False,cross_arch_cross_kind
XceptionNet,Dynamic_Region_All_Combined_quant,XceptionNet (Pruned Finetuned Quantized),VGG16,Control_Continuted,VGG16 (Control Continued),tinyimagenet_epochs100_pretrain300,0.06875946186482906,False,False,cross_arch_cross_kind
XceptionNet,Dynamic_Region_All_Combined_quant,XceptionNet (Pruned Finetuned Quantized),RegNetX_400MF,Control_Continuted,RegNetX_400MF (Control Continued),tinyimagenet_epochs100_pretrain300,0.03326073428615928,False,False,cross_arch_cross_kind
XceptionNet,Dynamic_Region_All_Combined_quant,XceptionNet (Pruned Finetuned Quantized),RegNetX_400MF,Dynamic_Region_All_Combined,RegNetX_400MF (Pruned Finetuned),tinyimagenet_epochs100_pretrain300,0.04171292204409838,False,False,cross_arch_cross_kind
XceptionNet,Dynamic_Region_All_Combined_quant,XceptionNet (Pruned Finetuned Quantized),RegNetX_400MF,Dynamic_Region_All_Combined_quant,RegNetX_400MF (Pruned Finetuned Quantized),tinyimagenet_epochs100_pretrain300,0.0413077138364315,False,True,cross_arch_same_kind
XceptionNet,Dynamic_Region_All_Combined_quant,XceptionNet (Pruned Finetuned Quantized),InceptionNet,Control_Continuted,InceptionNet (Control Continued),tinyimagenet_epochs100_pretrain300,0.06071167532354593,False,False,cross_arch_cross_kind
XceptionNet,Dynamic_Region_All_Combined_quant,XceptionNet (Pruned Finetuned Quantized),InceptionNet,Dynamic_Region_All_Combined,InceptionNet (Pruned Finetuned),tinyimagenet_epochs100_pretrain300,0.06122374814003706,False,False,cross_arch_cross_kind
XceptionNet,Dynamic_Region_All_Combined_quant,XceptionNet (Pruned Finetuned Quantized),InceptionNet,Dynamic_Region_All_Combined_quant,InceptionNet (Pruned Finetuned Quantized),tinyimagenet_epochs100_pretrain300,0.05530726071447134,False,True,cross_arch_same_kind
XceptionNet,Dynamic_Region_All_Combined_quant,XceptionNet (Pruned Finetuned Quantized),XceptionNet,Control_Continuted,XceptionNet (Control Continued),tinyimagenet_epochs100_pretrain300,0.12076950818300247,True,False,same_arch_cross_kind
XceptionNet,Dynamic_Region_All_Combined_quant,XceptionNet (Pruned Finetuned Quantized),XceptionNet,Dynamic_Region_All_Combined,XceptionNet (Pruned Finetuned),tinyimagenet_epochs100_pretrain300,0.1377686709165573,True,False,same_arch_cross_kind
XceptionNet,Dynamic_Region_All_Combined_quant,XceptionNet (Pruned Finetuned Quantized),XceptionNet,Dynamic_Region_All_Combined_quant,XceptionNet (Pruned Finetuned Quantized),tinyimagenet_epochs100_pretrain300,0.9980469197034836,True,True,self_same_kind
XceptionNet,Dynamic_Region_All_Combined_quant,XceptionNet (Pruned Finetuned Quantized),ConvNeXt,Control_Continuted,ConvNeXt (Control Continued),tinyimagenet_epochs100_pretrain300,0.04388281796127558,False,False,cross_arch_cross_kind
ConvNeXt,Control_Continuted,ConvNeXt (Control Continued),VGG16,Control_Continuted,VGG16 (Control Continued),tinyimagenet_epochs100_pretrain300,0.039575361646711826,False,True,cross_arch_same_kind
ConvNeXt,Control_Continuted,ConvNeXt (Control Continued),RegNetX_400MF,Control_Continuted,RegNetX_400MF (Control Continued),tinyimagenet_epochs100_pretrain300,0.028768254909664392,False,True,cross_arch_same_kind
ConvNeXt,Control_Continuted,ConvNeXt (Control Continued),RegNetX_400MF,Dynamic_Region_All_Combined,RegNetX_400MF (Pruned Finetuned),tinyimagenet_epochs100_pretrain300,0.026414827909320593,False,False,cross_arch_cross_kind
ConvNeXt,Control_Continuted,ConvNeXt (Control Continued),RegNetX_400MF,Dynamic_Region_All_Combined_quant,RegNetX_400MF (Pruned Finetuned Quantized),tinyimagenet_epochs100_pretrain300,0.028348380234092474,False,False,cross_arch_cross_kind
ConvNeXt,Control_Continuted,ConvNeXt (Control Continued),InceptionNet,Control_Continuted,InceptionNet (Control Continued),tinyimagenet_epochs100_pretrain300,0.03410993702709675,False,True,cross_arch_same_kind
ConvNeXt,Control_Continuted,ConvNeXt (Control Continued),InceptionNet,Dynamic_Region_All_Combined,InceptionNet (Pruned Finetuned),tinyimagenet_epochs100_pretrain300,0.03804986551403999,False,False,cross_arch_cross_kind
ConvNeXt,Control_Continuted,ConvNeXt (Control Continued),InceptionNet,Dynamic_Region_All_Combined_quant,InceptionNet (Pruned Finetuned Quantized),tinyimagenet_epochs100_pretrain300,0.03480496723204851,False,False,cross_arch_cross_kind
ConvNeXt,Control_Continuted,ConvNeXt (Control Continued),XceptionNet,Control_Continuted,XceptionNet (Control Continued),tinyimagenet_epochs100_pretrain300,0.04356572404503822,False,True,cross_arch_same_kind
ConvNeXt,Control_Continuted,ConvNeXt (Control Continued),XceptionNet,Dynamic_Region_All_Combined,XceptionNet (Pruned Finetuned),tinyimagenet_epochs100_pretrain300,0.043266741558909416,False,False,cross_arch_cross_kind
ConvNeXt,Control_Continuted,ConvNeXt (Control Continued),XceptionNet,Dynamic_Region_All_Combined_quant,XceptionNet (Pruned Finetuned Quantized),tinyimagenet_epochs100_pretrain300,0.043882817029953,False,False,cross_arch_cross_kind
ConvNeXt,Control_Continuted,ConvNeXt (Control Continued),ConvNeXt,Control_Continuted,ConvNeXt (Control Continued),tinyimagenet_epochs100_pretrain300,0.9960945099592209,True,True,self_same_kind
