source_model,source_kind,source_label,source_attack,target_model,target_kind,target_label,dataset,transfer_acc,transfer_success_rate,source_attack_success_rate,normalized_transfer_rate,same_architecture,same_kind,pair_type
VGG16,Finetuned,VGG16 (Finetuned),PGD,VGG16,Finetuned,VGG16 (Finetuned),Cifar10,0.1031,0.8969,0.8969,1.0,True,True,self_same_kind
VGG16,Finetuned,VGG16 (Finetuned),PGD,VGG16,Original,VGG16 (Original),Cifar10,0.4422,0.5578000000000001,0.8969,0.6219199464823281,True,False,same_arch_cross_kind
VGG16,Finetuned,VGG16 (Finetuned),PGD,RegNetX_400MF,Finetuned,RegNetX_400MF (Finetuned),Cifar10,0.3413,0.6587000000000001,0.8969,0.7344185527929535,False,True,cross_arch_same_kind
VGG16,Finetuned,VGG16 (Finetuned),PGD,RegNetX_400MF,Original,RegNetX_400MF (Original),Cifar10,0.2804,0.7196,0.8969,0.8023190991191883,False,False,cross_arch_cross_kind
VGG16,Finetuned,VGG16 (Finetuned),PGD,InceptionNet,Finetuned,InceptionNet (Finetuned),Cifar10,0.4598,0.5402,0.8969,0.6022968000891961,False,True,cross_arch_same_kind
VGG16,Finetuned,VGG16 (Finetuned),PGD,InceptionNet,Original,InceptionNet (Original),Cifar10,0.4574,0.5426,0.8969,0.6049726836882595,False,False,cross_arch_cross_kind
VGG16,Finetuned,VGG16 (Finetuned),PGD,MobileNet,Original,MobileNet (Original),Cifar10,0.3438,0.6562,0.8969,0.7316311740439291,False,False,cross_arch_cross_kind
VGG16,Finetuned,VGG16 (Finetuned),PGD,XceptionNet,Finetuned,XceptionNet (Finetuned),Cifar10,0.4998,0.5002,0.8969,0.5576987401048054,False,True,cross_arch_same_kind
VGG16,Finetuned,VGG16 (Finetuned),PGD,XceptionNet,Original,XceptionNet (Original),Cifar10,0.4844,0.5156000000000001,0.8969,0.5748689931987959,False,False,cross_arch_cross_kind
VGG16,Finetuned,VGG16 (Finetuned),PGD,ConvNeXt,Finetuned,ConvNeXt (Finetuned),Cifar10,0.0919,0.9081,0.8969,1.0124874567956295,False,True,cross_arch_same_kind
VGG16,Finetuned,VGG16 (Finetuned),PGD,ConvNeXt,Original,ConvNeXt (Original),Cifar10,0.3546,0.6454,0.8969,0.7195896978481435,False,False,cross_arch_cross_kind
VGG16,Finetuned,VGG16 (Finetuned),FGSM,VGG16,Finetuned,VGG16 (Finetuned),Cifar10,0.3939,0.6061000000000001,0.6061000000000001,1.0,True,True,self_same_kind
VGG16,Finetuned,VGG16 (Finetuned),FGSM,VGG16,Original,VGG16 (Original),Cifar10,0.4738,0.5262,0.6061000000000001,0.8681735687180332,True,False,same_arch_cross_kind
VGG16,Finetuned,VGG16 (Finetuned),FGSM,RegNetX_400MF,Finetuned,RegNetX_400MF (Finetuned),Cifar10,0.3421,0.6578999999999999,0.6061000000000001,1.085464444811087,False,True,cross_arch_same_kind
VGG16,Finetuned,VGG16 (Finetuned),FGSM,RegNetX_400MF,Original,RegNetX_400MF (Original),Cifar10,0.282,0.718,0.6061000000000001,1.184622999505032,False,False,cross_arch_cross_kind
VGG16,Finetuned,VGG16 (Finetuned),FGSM,InceptionNet,Finetuned,InceptionNet (Finetuned),Cifar10,0.4601,0.5399,0.6061000000000001,0.8907770994885332,False,True,cross_arch_same_kind
VGG16,Finetuned,VGG16 (Finetuned),FGSM,InceptionNet,Original,InceptionNet (Original),Cifar10,0.46,0.54,0.6061000000000001,0.8909420887642303,False,False,cross_arch_cross_kind
VGG16,Finetuned,VGG16 (Finetuned),FGSM,MobileNet,Original,MobileNet (Original),Cifar10,0.3439,0.6561,0.6061000000000001,1.0824946378485398,False,False,cross_arch_cross_kind
VGG16,Finetuned,VGG16 (Finetuned),FGSM,XceptionNet,Finetuned,XceptionNet (Finetuned),Cifar10,0.503,0.497,0.6061000000000001,0.8199967002144859,False,True,cross_arch_same_kind
VGG16,Finetuned,VGG16 (Finetuned),FGSM,XceptionNet,Original,XceptionNet (Original),Cifar10,0.4852,0.5147999999999999,0.6061000000000001,0.849364791288566,False,False,cross_arch_cross_kind
VGG16,Finetuned,VGG16 (Finetuned),FGSM,ConvNeXt,Finetuned,ConvNeXt (Finetuned),Cifar10,0.0918,0.9082,0.6061000000000001,1.4984326018808776,False,True,cross_arch_same_kind
VGG16,Finetuned,VGG16 (Finetuned),FGSM,ConvNeXt,Original,ConvNeXt (Original),Cifar10,0.3545,0.6455,0.6061000000000001,1.0650057746246493,False,False,cross_arch_cross_kind
VGG16,Finetuned,VGG16 (Finetuned),BIM,VGG16,Finetuned,VGG16 (Finetuned),Cifar10,0.5211,0.4789,0.4789,1.0,True,True,self_same_kind
VGG16,Finetuned,VGG16 (Finetuned),BIM,VGG16,Original,VGG16 (Original),Cifar10,0.8563,0.14370000000000005,0.4789,0.3000626435581542,True,False,same_arch_cross_kind
VGG16,Finetuned,VGG16 (Finetuned),BIM,RegNetX_400MF,Finetuned,RegNetX_400MF (Finetuned),Cifar10,0.7504,0.24960000000000004,0.4789,0.5211944038421383,False,True,cross_arch_same_kind
VGG16,Finetuned,VGG16 (Finetuned),BIM,RegNetX_400MF,Original,RegNetX_400MF (Original),Cifar10,0.6736,0.3264,0.4789,0.6815619127166423,False,False,cross_arch_cross_kind
VGG16,Finetuned,VGG16 (Finetuned),BIM,InceptionNet,Finetuned,InceptionNet (Finetuned),Cifar10,0.8394,0.16059999999999997,0.4789,0.3353518479849655,False,True,cross_arch_same_kind
VGG16,Finetuned,VGG16 (Finetuned),BIM,InceptionNet,Original,InceptionNet (Original),Cifar10,0.8269,0.17310000000000003,0.4789,0.3614533305491753,False,False,cross_arch_cross_kind
VGG16,Finetuned,VGG16 (Finetuned),BIM,MobileNet,Original,MobileNet (Original),Cifar10,0.7496,0.25039999999999996,0.4789,0.5228648987262475,False,False,cross_arch_cross_kind
VGG16,Finetuned,VGG16 (Finetuned),BIM,XceptionNet,Finetuned,XceptionNet (Finetuned),Cifar10,0.862,0.138,0.4789,0.2881603675088745,False,True,cross_arch_same_kind
VGG16,Finetuned,VGG16 (Finetuned),BIM,XceptionNet,Original,XceptionNet (Original),Cifar10,0.8497,0.1503,0.4789,0.3138442263520568,False,False,cross_arch_cross_kind
VGG16,Finetuned,VGG16 (Finetuned),BIM,ConvNeXt,Finetuned,ConvNeXt (Finetuned),Cifar10,0.1181,0.8819,0.4789,1.841511797870119,False,True,cross_arch_same_kind
VGG16,Finetuned,VGG16 (Finetuned),BIM,ConvNeXt,Original,ConvNeXt (Original),Cifar10,0.7248,0.2752,0.4789,0.5746502401336396,False,False,cross_arch_cross_kind
VGG16,Finetuned,VGG16 (Finetuned),APGD,VGG16,Finetuned,VGG16 (Finetuned),Cifar10,0.0502,0.9498,,,True,True,self_same_kind
VGG16,Finetuned,VGG16 (Finetuned),APGD,VGG16,Original,VGG16 (Original),Cifar10,0.4362,0.5638000000000001,,,True,False,same_arch_cross_kind
VGG16,Finetuned,VGG16 (Finetuned),APGD,RegNetX_400MF,Finetuned,RegNetX_400MF (Finetuned),Cifar10,0.3577,0.6423,,,False,True,cross_arch_same_kind
VGG16,Finetuned,VGG16 (Finetuned),APGD,RegNetX_400MF,Original,RegNetX_400MF (Original),Cifar10,0.3035,0.6965,,,False,False,cross_arch_cross_kind
VGG16,Finetuned,VGG16 (Finetuned),APGD,InceptionNet,Finetuned,InceptionNet (Finetuned),Cifar10,0.4722,0.5278,,,False,True,cross_arch_same_kind
VGG16,Finetuned,VGG16 (Finetuned),APGD,InceptionNet,Original,InceptionNet (Original),Cifar10,0.4745,0.5255000000000001,,,False,False,cross_arch_cross_kind
VGG16,Finetuned,VGG16 (Finetuned),APGD,MobileNet,Original,MobileNet (Original),Cifar10,0.363,0.637,,,False,False,cross_arch_cross_kind
VGG16,Finetuned,VGG16 (Finetuned),APGD,XceptionNet,Finetuned,XceptionNet (Finetuned),Cifar10,0.5137,0.48629999999999995,,,False,True,cross_arch_same_kind
VGG16,Finetuned,VGG16 (Finetuned),APGD,XceptionNet,Original,XceptionNet (Original),Cifar10,0.4912,0.5087999999999999,,,False,False,cross_arch_cross_kind
VGG16,Finetuned,VGG16 (Finetuned),APGD,ConvNeXt,Finetuned,ConvNeXt (Finetuned),Cifar10,0.091,0.909,,,False,True,cross_arch_same_kind
VGG16,Finetuned,VGG16 (Finetuned),APGD,ConvNeXt,Original,ConvNeXt (Original),Cifar10,0.3775,0.6225,,,False,False,cross_arch_cross_kind
VGG16,Finetuned,VGG16 (Finetuned),CW,VGG16,Finetuned,VGG16 (Finetuned),Cifar10,0.0119,0.9881,,,True,True,self_same_kind
VGG16,Finetuned,VGG16 (Finetuned),CW,VGG16,Original,VGG16 (Original),Cifar10,0.5096,0.49039999999999995,,,True,False,same_arch_cross_kind
VGG16,Finetuned,VGG16 (Finetuned),CW,RegNetX_400MF,Finetuned,RegNetX_400MF (Finetuned),Cifar10,0.3489,0.6511,,,False,True,cross_arch_same_kind
VGG16,Finetuned,VGG16 (Finetuned),CW,RegNetX_400MF,Original,RegNetX_400MF (Original),Cifar10,0.2895,0.7105,,,False,False,cross_arch_cross_kind
VGG16,Finetuned,VGG16 (Finetuned),CW,InceptionNet,Finetuned,InceptionNet (Finetuned),Cifar10,0.4725,0.5275000000000001,,,False,True,cross_arch_same_kind
VGG16,Finetuned,VGG16 (Finetuned),CW,InceptionNet,Original,InceptionNet (Original),Cifar10,0.4718,0.5282,,,False,False,cross_arch_cross_kind
VGG16,Finetuned,VGG16 (Finetuned),CW,MobileNet,Original,MobileNet (Original),Cifar10,0.3532,0.6468,,,False,False,cross_arch_cross_kind
VGG16,Finetuned,VGG16 (Finetuned),CW,XceptionNet,Finetuned,XceptionNet (Finetuned),Cifar10,0.5157,0.48429999999999995,,,False,True,cross_arch_same_kind
VGG16,Finetuned,VGG16 (Finetuned),CW,XceptionNet,Original,XceptionNet (Original),Cifar10,0.5001,0.4999,,,False,False,cross_arch_cross_kind
VGG16,Finetuned,VGG16 (Finetuned),CW,ConvNeXt,Finetuned,ConvNeXt (Finetuned),Cifar10,0.0902,0.9097999999999999,,,False,True,cross_arch_same_kind
VGG16,Finetuned,VGG16 (Finetuned),CW,ConvNeXt,Original,ConvNeXt (Original),Cifar10,0.3616,0.6384000000000001,,,False,False,cross_arch_cross_kind
VGG16,Original,VGG16 (Original),PGD,VGG16,Finetuned,VGG16 (Finetuned),Cifar10,0.388,0.612,0.8163,0.7497243660418963,True,False,same_arch_cross_kind
VGG16,Original,VGG16 (Original),PGD,VGG16,Original,VGG16 (Original),Cifar10,0.1837,0.8163,0.8163,1.0,True,True,self_same_kind
VGG16,Original,VGG16 (Original),PGD,RegNetX_400MF,Finetuned,RegNetX_400MF (Finetuned),Cifar10,0.3366,0.6634,0.8163,0.8126914124709053,False,False,cross_arch_cross_kind
VGG16,Original,VGG16 (Original),PGD,RegNetX_400MF,Original,RegNetX_400MF (Original),Cifar10,0.2803,0.7197,0.8163,0.8816611539875046,False,True,cross_arch_same_kind
VGG16,Original,VGG16 (Original),PGD,InceptionNet,Finetuned,InceptionNet (Finetuned),Cifar10,0.4536,0.5464,0.8163,0.6693617542570133,False,False,cross_arch_cross_kind
VGG16,Original,VGG16 (Original),PGD,InceptionNet,Original,InceptionNet (Original),Cifar10,0.4523,0.5477000000000001,0.8163,0.6709543060149455,False,True,cross_arch_same_kind
VGG16,Original,VGG16 (Original),PGD,MobileNet,Original,MobileNet (Original),Cifar10,0.3424,0.6576,0.8163,0.8055861815509003,False,True,cross_arch_same_kind
VGG16,Original,VGG16 (Original),PGD,XceptionNet,Finetuned,XceptionNet (Finetuned),Cifar10,0.4882,0.5118,0.8163,0.6269753766997428,False,False,cross_arch_cross_kind
VGG16,Original,VGG16 (Original),PGD,XceptionNet,Original,XceptionNet (Original),Cifar10,0.4747,0.5253,0.8163,0.643513414185961,False,True,cross_arch_same_kind
VGG16,Original,VGG16 (Original),PGD,ConvNeXt,Finetuned,ConvNeXt (Finetuned),Cifar10,0.0922,0.9077999999999999,0.8163,1.112091142962146,False,False,cross_arch_cross_kind
VGG16,Original,VGG16 (Original),PGD,ConvNeXt,Original,ConvNeXt (Original),Cifar10,0.3538,0.6462,0.8163,0.7916207276736493,False,True,cross_arch_same_kind
VGG16,Original,VGG16 (Original),FGSM,VGG16,Finetuned,VGG16 (Finetuned),Cifar10,0.4682,0.5318,0.5538000000000001,0.9602744673167208,True,False,same_arch_cross_kind
VGG16,Original,VGG16 (Original),FGSM,VGG16,Original,VGG16 (Original),Cifar10,0.4462,0.5538000000000001,0.5538000000000001,1.0,True,True,self_same_kind
VGG16,Original,VGG16 (Original),FGSM,RegNetX_400MF,Finetuned,RegNetX_400MF (Finetuned),Cifar10,0.3432,0.6568,0.5538000000000001,1.1859877211989887,False,False,cross_arch_cross_kind
VGG16,Original,VGG16 (Original),FGSM,RegNetX_400MF,Original,RegNetX_400MF (Original),Cifar10,0.2829,0.7171000000000001,0.5538000000000001,1.294871794871795,False,True,cross_arch_same_kind
VGG16,Original,VGG16 (Original),FGSM,InceptionNet,Finetuned,InceptionNet (Finetuned),Cifar10,0.4611,0.5388999999999999,0.5538000000000001,0.9730949801372334,False,False,cross_arch_cross_kind
VGG16,Original,VGG16 (Original),FGSM,InceptionNet,Original,InceptionNet (Original),Cifar10,0.4622,0.5378000000000001,0.5538000000000001,0.9711087035030697,False,True,cross_arch_same_kind
VGG16,Original,VGG16 (Original),FGSM,MobileNet,Original,MobileNet (Original),Cifar10,0.344,0.656,0.5538000000000001,1.1845431563741422,False,True,cross_arch_same_kind
VGG16,Original,VGG16 (Original),FGSM,XceptionNet,Finetuned,XceptionNet (Finetuned),Cifar10,0.5039,0.4961,0.5538000000000001,0.895810762007945,False,False,cross_arch_cross_kind
VGG16,Original,VGG16 (Original),FGSM,XceptionNet,Original,XceptionNet (Original),Cifar10,0.4868,0.5132,0.5538000000000001,0.9266883351390393,False,True,cross_arch_same_kind
VGG16,Original,VGG16 (Original),FGSM,ConvNeXt,Finetuned,ConvNeXt (Finetuned),Cifar10,0.0914,0.9086,0.5538000000000001,1.640664499819429,False,False,cross_arch_cross_kind
VGG16,Original,VGG16 (Original),FGSM,ConvNeXt,Original,ConvNeXt (Original),Cifar10,0.3559,0.6441,0.5538000000000001,1.1630552546045503,False,True,cross_arch_same_kind
VGG16,Original,VGG16 (Original),BIM,VGG16,Finetuned,VGG16 (Finetuned),Cifar10,0.827,0.17300000000000004,0.3481999999999999,0.49684089603676074,True,False,same_arch_cross_kind
VGG16,Original,VGG16 (Original),BIM,VGG16,Original,VGG16 (Original),Cifar10,0.6518,0.34819999999999995,0.3481999999999999,1.0000000000000002,True,True,self_same_kind
VGG16,Original,VGG16 (Original),BIM,RegNetX_400MF,Finetuned,RegNetX_400MF (Finetuned),Cifar10,0.7474,0.25260000000000005,0.3481999999999999,0.7254451464675478,False,False,cross_arch_cross_kind
VGG16,Original,VGG16 (Original),BIM,RegNetX_400MF,Original,RegNetX_400MF (Original),Cifar10,0.6736,0.3264,0.3481999999999999,0.9373923032739808,False,True,cross_arch_same_kind
VGG16,Original,VGG16 (Original),BIM,InceptionNet,Finetuned,InceptionNet (Finetuned),Cifar10,0.8347,0.1653,0.3481999999999999,0.474727168294084,False,False,cross_arch_cross_kind
VGG16,Original,VGG16 (Original),BIM,InceptionNet,Original,InceptionNet (Original),Cifar10,0.8228,0.17720000000000002,0.3481999999999999,0.5089029293509479,False,True,cross_arch_same_kind
VGG16,Original,VGG16 (Original),BIM,MobileNet,Original,MobileNet (Original),Cifar10,0.7483,0.25170000000000003,0.3481999999999999,0.722860425043079,False,True,cross_arch_same_kind
VGG16,Original,VGG16 (Original),BIM,XceptionNet,Finetuned,XceptionNet (Finetuned),Cifar10,0.8568,0.1432,0.3481999999999999,0.4112578977599082,False,False,cross_arch_cross_kind
VGG16,Original,VGG16 (Original),BIM,XceptionNet,Original,XceptionNet (Original),Cifar10,0.8417,0.1583,0.3481999999999999,0.45462377943710525,False,True,cross_arch_same_kind
VGG16,Original,VGG16 (Original),BIM,ConvNeXt,Finetuned,ConvNeXt (Finetuned),Cifar10,0.1183,0.8817,0.3481999999999999,2.532165422171167,False,False,cross_arch_cross_kind
VGG16,Original,VGG16 (Original),BIM,ConvNeXt,Original,ConvNeXt (Original),Cifar10,0.7241,0.27590000000000003,0.3481999999999999,0.7923607122343485,False,True,cross_arch_same_kind
VGG16,Finetuned,VGG16 (Finetuned),FGSM,VGG16,Finetuned,VGG16 (Finetuned),Cifar100,0.1752,0.8248,0.8245,1.0003638568829594,True,True,self_same_kind
VGG16,Finetuned,VGG16 (Finetuned),FGSM,VGG16,Original,VGG16 (Original),Cifar100,0.1301,0.8699,0.8245,1.055063674954518,True,False,same_arch_cross_kind
VGG16,Finetuned,VGG16 (Finetuned),FGSM,RegNetX_400MF,Finetuned,RegNetX_400MF (Finetuned),Cifar100,0.0835,0.9165,0.8245,1.1115827774408733,False,True,cross_arch_same_kind
VGG16,Finetuned,VGG16 (Finetuned),FGSM,RegNetX_400MF,Original,RegNetX_400MF (Original),Cifar100,0.0631,0.9369,0.8245,1.1363250454821103,False,False,cross_arch_cross_kind
VGG16,Finetuned,VGG16 (Finetuned),FGSM,InceptionNet,Finetuned,InceptionNet (Finetuned),Cifar100,0.1756,0.8244,0.8245,0.9998787143723469,False,True,cross_arch_same_kind
VGG16,Finetuned,VGG16 (Finetuned),FGSM,InceptionNet,Original,InceptionNet (Original),Cifar100,0.1582,0.8418,0.8245,1.0209824135839902,False,False,cross_arch_cross_kind
VGG16,Finetuned,VGG16 (Finetuned),FGSM,MobileNet,Original,MobileNet (Original),Cifar100,0.1003,0.8996999999999999,0.8245,1.0912067919951485,False,False,cross_arch_cross_kind
VGG16,Finetuned,VGG16 (Finetuned),FGSM,XceptionNet,Finetuned,XceptionNet (Finetuned),Cifar100,0.2005,0.7995,0.8245,0.9696785930867192,False,True,cross_arch_same_kind
VGG16,Finetuned,VGG16 (Finetuned),FGSM,XceptionNet,Original,XceptionNet (Original),Cifar100,0.1923,0.8077,0.8245,0.9796240145542753,False,False,cross_arch_cross_kind
VGG16,Finetuned,VGG16 (Finetuned),FGSM,ConvNeXt,Finetuned,ConvNeXt (Finetuned),Cifar100,0.0098,0.9902,0.8245,1.200970285021225,False,True,cross_arch_same_kind
VGG16,Finetuned,VGG16 (Finetuned),FGSM,ConvNeXt,Original,ConvNeXt (Original),Cifar100,0.1143,0.8857,0.8245,1.0742268041237113,False,False,cross_arch_cross_kind
VGG16,Finetuned,VGG16 (Finetuned),BIM,VGG16,Finetuned,VGG16 (Finetuned),Cifar100,0.2729,0.7271000000000001,0.7272000000000001,0.9998624862486248,True,True,self_same_kind
VGG16,Finetuned,VGG16 (Finetuned),BIM,VGG16,Original,VGG16 (Original),Cifar100,0.4487,0.5513,0.7272000000000001,0.758113311331133,True,False,same_arch_cross_kind
VGG16,Finetuned,VGG16 (Finetuned),BIM,RegNetX_400MF,Finetuned,RegNetX_400MF (Finetuned),Cifar100,0.3415,0.6585,0.7272000000000001,0.9055280528052804,False,True,cross_arch_same_kind
VGG16,Finetuned,VGG16 (Finetuned),BIM,RegNetX_400MF,Original,RegNetX_400MF (Original),Cifar100,0.2882,0.7118,0.7272000000000001,0.9788228822882287,False,False,cross_arch_cross_kind
VGG16,Finetuned,VGG16 (Finetuned),BIM,InceptionNet,Finetuned,InceptionNet (Finetuned),Cifar100,0.5298,0.47019999999999995,0.7272000000000001,0.6465896589658965,False,True,cross_arch_same_kind
VGG16,Finetuned,VGG16 (Finetuned),BIM,InceptionNet,Original,InceptionNet (Original),Cifar100,0.5012,0.4988,0.7272000000000001,0.6859185918591859,False,False,cross_arch_cross_kind
VGG16,Finetuned,VGG16 (Finetuned),BIM,MobileNet,Original,MobileNet (Original),Cifar100,0.3623,0.6376999999999999,0.7272000000000001,0.8769251925192517,False,False,cross_arch_cross_kind
VGG16,Finetuned,VGG16 (Finetuned),BIM,XceptionNet,Finetuned,XceptionNet (Finetuned),Cifar100,0.5512,0.4488,0.7272000000000001,0.6171617161716171,False,True,cross_arch_same_kind
VGG16,Finetuned,VGG16 (Finetuned),BIM,XceptionNet,Original,XceptionNet (Original),Cifar100,0.5407,0.45930000000000004,0.7272000000000001,0.6316006600660066,False,False,cross_arch_cross_kind
VGG16,Finetuned,VGG16 (Finetuned),BIM,ConvNeXt,Finetuned,ConvNeXt (Finetuned),Cifar100,0.008,0.992,0.7272000000000001,1.364136413641364,False,True,cross_arch_same_kind
VGG16,Finetuned,VGG16 (Finetuned),BIM,ConvNeXt,Original,ConvNeXt (Original),Cifar100,0.3636,0.6364000000000001,0.7272000000000001,0.8751375137513752,False,False,cross_arch_cross_kind
VGG16,Finetuned,VGG16 (Finetuned),APGD,VGG16,Finetuned,VGG16 (Finetuned),Cifar100,0.0238,0.9762,0.9762,1.0,True,True,self_same_kind
VGG16,Finetuned,VGG16 (Finetuned),APGD,VGG16,Original,VGG16 (Original),Cifar100,0.1518,0.8482000000000001,0.9762,0.8688793280065561,True,False,same_arch_cross_kind
VGG16,Finetuned,VGG16 (Finetuned),APGD,RegNetX_400MF,Finetuned,RegNetX_400MF (Finetuned),Cifar100,0.1207,0.8793,0.9762,0.9007375537799631,False,True,cross_arch_same_kind
VGG16,Finetuned,VGG16 (Finetuned),APGD,RegNetX_400MF,Original,RegNetX_400MF (Original),Cifar100,0.1036,0.8964,0.9762,0.9182544560540873,False,False,cross_arch_cross_kind
VGG16,Finetuned,VGG16 (Finetuned),APGD,InceptionNet,Finetuned,InceptionNet (Finetuned),Cifar100,0.2227,0.7773,0.9762,0.7962507682851875,False,True,cross_arch_same_kind
VGG16,Finetuned,VGG16 (Finetuned),APGD,InceptionNet,Original,InceptionNet (Original),Cifar100,0.2018,0.7982,0.9762,0.817660315509117,False,False,cross_arch_cross_kind
VGG16,Finetuned,VGG16 (Finetuned),APGD,MobileNet,Original,MobileNet (Original),Cifar100,0.1391,0.8609,0.9762,0.8818889571809055,False,False,cross_arch_cross_kind
VGG16,Finetuned,VGG16 (Finetuned),APGD,XceptionNet,Finetuned,XceptionNet (Finetuned),Cifar100,0.2473,0.7527,0.9762,0.7710510141364475,False,True,cross_arch_same_kind
VGG16,Finetuned,VGG16 (Finetuned),APGD,XceptionNet,Original,XceptionNet (Original),Cifar100,0.2387,0.7613,0.9762,0.779860684286007,False,False,cross_arch_cross_kind
VGG16,Finetuned,VGG16 (Finetuned),APGD,ConvNeXt,Finetuned,ConvNeXt (Finetuned),Cifar100,0.0095,0.9905,0.9762,1.0146486375742676,False,True,cross_arch_same_kind
VGG16,Finetuned,VGG16 (Finetuned),APGD,ConvNeXt,Original,ConvNeXt (Original),Cifar100,0.1552,0.8448,0.9762,0.8653964351567303,False,False,cross_arch_cross_kind
VGG16,Finetuned,VGG16 (Finetuned),CW,VGG16,Finetuned,VGG16 (Finetuned),Cifar100,0.002,0.998,0.998,1.0,True,True,self_same_kind
VGG16,Finetuned,VGG16 (Finetuned),CW,VGG16,Original,VGG16 (Original),Cifar100,0.1345,0.8654999999999999,0.998,0.8672344689378757,True,False,same_arch_cross_kind
VGG16,Finetuned,VGG16 (Finetuned),CW,RegNetX_400MF,Finetuned,RegNetX_400MF (Finetuned),Cifar100,0.0867,0.9133,0.998,0.9151302605210421,False,True,cross_arch_same_kind
VGG16,Finetuned,VGG16 (Finetuned),CW,RegNetX_400MF,Original,RegNetX_400MF (Original),Cifar100,0.0655,0.9345,0.998,0.9363727454909819,False,False,cross_arch_cross_kind
VGG16,Finetuned,VGG16 (Finetuned),CW,InceptionNet,Finetuned,InceptionNet (Finetuned),Cifar100,0.1794,0.8206,0.998,0.8222444889779559,False,True,cross_arch_same_kind
VGG16,Finetuned,VGG16 (Finetuned),CW,InceptionNet,Original,InceptionNet (Original),Cifar100,0.1607,0.8392999999999999,0.998,0.8409819639278556,False,False,cross_arch_cross_kind
VGG16,Finetuned,VGG16 (Finetuned),CW,MobileNet,Original,MobileNet (Original),Cifar100,0.1039,0.8961,0.998,0.8978957915831663,False,False,cross_arch_cross_kind
VGG16,Finetuned,VGG16 (Finetuned),CW,XceptionNet,Finetuned,XceptionNet (Finetuned),Cifar100,0.2025,0.7975,0.998,0.7990981963927856,False,True,cross_arch_same_kind
VGG16,Finetuned,VGG16 (Finetuned),CW,XceptionNet,Original,XceptionNet (Original),Cifar100,0.1988,0.8012,0.998,0.8028056112224449,False,False,cross_arch_cross_kind
VGG16,Finetuned,VGG16 (Finetuned),CW,ConvNeXt,Finetuned,ConvNeXt (Finetuned),Cifar100,0.01,0.99,0.998,0.9919839679358717,False,True,cross_arch_same_kind
VGG16,Finetuned,VGG16 (Finetuned),CW,ConvNeXt,Original,ConvNeXt (Original),Cifar100,0.1157,0.8843,0.998,0.8860721442885772,False,False,cross_arch_cross_kind
VGG16,Finetuned,VGG16 (Finetuned),DeepFool,VGG16,Finetuned,VGG16 (Finetuned),Cifar100,0.0977,0.9023,,,True,True,self_same_kind
VGG16,Finetuned,VGG16 (Finetuned),DeepFool,VGG16,Original,VGG16 (Original),Cifar100,0.1724,0.8276,,,True,False,same_arch_cross_kind
VGG16,Finetuned,VGG16 (Finetuned),DeepFool,RegNetX_400MF,Finetuned,RegNetX_400MF (Finetuned),Cifar100,0.114,0.886,,,False,True,cross_arch_same_kind
VGG16,Finetuned,VGG16 (Finetuned),DeepFool,RegNetX_400MF,Original,RegNetX_400MF (Original),Cifar100,0.0948,0.9052,,,False,False,cross_arch_cross_kind
VGG16,Finetuned,VGG16 (Finetuned),DeepFool,InceptionNet,Finetuned,InceptionNet (Finetuned),Cifar100,0.2226,0.7774,,,False,True,cross_arch_same_kind
VGG16,Finetuned,VGG16 (Finetuned),DeepFool,InceptionNet,Original,InceptionNet (Original),Cifar100,0.2009,0.7991,,,False,False,cross_arch_cross_kind
VGG16,Finetuned,VGG16 (Finetuned),DeepFool,MobileNet,Original,MobileNet (Original),Cifar100,0.1353,0.8647,,,False,False,cross_arch_cross_kind
VGG16,Finetuned,VGG16 (Finetuned),DeepFool,XceptionNet,Finetuned,XceptionNet (Finetuned),Cifar100,0.2516,0.7484,,,False,True,cross_arch_same_kind
VGG16,Finetuned,VGG16 (Finetuned),DeepFool,XceptionNet,Original,XceptionNet (Original),Cifar100,0.2434,0.7565999999999999,,,False,False,cross_arch_cross_kind
VGG16,Finetuned,VGG16 (Finetuned),DeepFool,ConvNeXt,Finetuned,ConvNeXt (Finetuned),Cifar100,0.0099,0.9901,,,False,True,cross_arch_same_kind
VGG16,Finetuned,VGG16 (Finetuned),DeepFool,ConvNeXt,Original,ConvNeXt (Original),Cifar100,0.148,0.852,,,False,False,cross_arch_cross_kind
VGG16,Original,VGG16 (Original),FGSM,VGG16,Finetuned,VGG16 (Finetuned),Cifar100,0.1835,0.8165,0.8968,0.9104594112399643,True,False,same_arch_cross_kind
VGG16,Original,VGG16 (Original),FGSM,VGG16,Original,VGG16 (Original),Cifar100,0.1032,0.8968,0.8968,1.0,True,True,self_same_kind
VGG16,Original,VGG16 (Original),FGSM,RegNetX_400MF,Finetuned,RegNetX_400MF (Finetuned),Cifar100,0.0824,0.9176,0.8968,1.023193577163247,False,False,cross_arch_cross_kind
VGG16,Original,VGG16 (Original),FGSM,RegNetX_400MF,Original,RegNetX_400MF (Original),Cifar100,0.0632,0.9368,0.8968,1.0446030330062444,False,True,cross_arch_same_kind
VGG16,Original,VGG16 (Original),FGSM,InceptionNet,Finetuned,InceptionNet (Finetuned),Cifar100,0.1724,0.8276,0.8968,0.9228367528991971,False,False,cross_arch_cross_kind
VGG16,Original,VGG16 (Original),FGSM,InceptionNet,Original,InceptionNet (Original),Cifar100,0.1547,0.8452999999999999,0.8968,0.9425735950044601,False,True,cross_arch_same_kind
VGG16,Original,VGG16 (Original),FGSM,MobileNet,Original,MobileNet (Original),Cifar100,0.0999,0.9001,0.8968,1.003679750223015,False,True,cross_arch_same_kind
VGG16,Original,VGG16 (Original),FGSM,XceptionNet,Finetuned,XceptionNet (Finetuned),Cifar100,0.1967,0.8033,0.8968,0.8957404103479036,False,False,cross_arch_cross_kind
VGG16,Original,VGG16 (Original),FGSM,XceptionNet,Original,XceptionNet (Original),Cifar100,0.19,0.81,0.8968,0.9032114183764496,False,True,cross_arch_same_kind
VGG16,Original,VGG16 (Original),FGSM,ConvNeXt,Finetuned,ConvNeXt (Finetuned),Cifar100,0.0103,0.9897,0.8968,1.1035905441570026,False,False,cross_arch_cross_kind
VGG16,Original,VGG16 (Original),FGSM,ConvNeXt,Original,ConvNeXt (Original),Cifar100,0.1144,0.8855999999999999,0.8968,0.9875111507582515,False,True,cross_arch_same_kind
VGG16,Original,VGG16 (Original),BIM,VGG16,Finetuned,VGG16 (Finetuned),Cifar100,0.5725,0.4275,0.7956,0.5373303167420814,True,False,same_arch_cross_kind
VGG16,Original,VGG16 (Original),BIM,VGG16,Original,VGG16 (Original),Cifar100,0.2045,0.7955,0.7956,0.9998743086978381,True,True,self_same_kind
VGG16,Original,VGG16 (Original),BIM,RegNetX_400MF,Finetuned,RegNetX_400MF (Finetuned),Cifar100,0.3418,0.6582,0.7956,0.8273001508295627,False,False,cross_arch_cross_kind
VGG16,Original,VGG16 (Original),BIM,RegNetX_400MF,Original,RegNetX_400MF (Original),Cifar100,0.2869,0.7131000000000001,0.7956,0.8963046757164406,False,True,cross_arch_same_kind
VGG16,Original,VGG16 (Original),BIM,InceptionNet,Finetuned,InceptionNet (Finetuned),Cifar100,0.5289,0.47109999999999996,0.7956,0.5921317244846657,False,False,cross_arch_cross_kind
VGG16,Original,VGG16 (Original),BIM,InceptionNet,Original,InceptionNet (Original),Cifar100,0.4997,0.5003,0.7956,0.6288335847159376,False,True,cross_arch_same_kind
VGG16,Original,VGG16 (Original),BIM,MobileNet,Original,MobileNet (Original),Cifar100,0.3613,0.6387,0.7956,0.802790346907994,False,True,cross_arch_same_kind
VGG16,Original,VGG16 (Original),BIM,XceptionNet,Finetuned,XceptionNet (Finetuned),Cifar100,0.551,0.44899999999999995,0.7956,0.5643539467068879,False,False,cross_arch_cross_kind
VGG16,Original,VGG16 (Original),BIM,XceptionNet,Original,XceptionNet (Original),Cifar100,0.5394,0.4606,0.7956,0.5789341377576672,False,True,cross_arch_same_kind
VGG16,Original,VGG16 (Original),BIM,ConvNeXt,Finetuned,ConvNeXt (Finetuned),Cifar100,0.0082,0.9918,0.7956,1.246606334841629,False,False,cross_arch_cross_kind
VGG16,Original,VGG16 (Original),BIM,ConvNeXt,Original,ConvNeXt (Original),Cifar100,0.3629,0.6371,0.7956,0.8007792860734038,False,True,cross_arch_same_kind
VGG16,Original,VGG16 (Original),APGD,VGG16,Finetuned,VGG16 (Finetuned),Cifar100,0.3167,0.6833,0.9832,0.6949755899104963,True,False,same_arch_cross_kind
VGG16,Original,VGG16 (Original),APGD,VGG16,Original,VGG16 (Original),Cifar100,0.0168,0.9832,0.9832,1.0,True,True,self_same_kind
VGG16,Original,VGG16 (Original),APGD,RegNetX_400MF,Finetuned,RegNetX_400MF (Finetuned),Cifar100,0.1521,0.8479,0.9832,0.8623881204231082,False,False,cross_arch_cross_kind
VGG16,Original,VGG16 (Original),APGD,RegNetX_400MF,Original,RegNetX_400MF (Original),Cifar100,0.1286,0.8714,0.9832,0.8862896663954435,False,True,cross_arch_same_kind
VGG16,Original,VGG16 (Original),APGD,InceptionNet,Finetuned,InceptionNet (Finetuned),Cifar100,0.2788,0.7212000000000001,0.9832,0.7335231895850286,False,False,cross_arch_cross_kind
VGG16,Original,VGG16 (Original),APGD,InceptionNet,Original,InceptionNet (Original),Cifar100,0.2486,0.7514000000000001,0.9832,0.764239218877136,False,True,cross_arch_same_kind
VGG16,Original,VGG16 (Original),APGD,MobileNet,Original,MobileNet (Original),Cifar100,0.17,0.83,0.9832,0.8441822620016274,False,True,cross_arch_same_kind
VGG16,Original,VGG16 (Original),APGD,XceptionNet,Finetuned,XceptionNet (Finetuned),Cifar100,0.3078,0.6921999999999999,0.9832,0.7040276647681041,False,False,cross_arch_cross_kind
VGG16,Original,VGG16 (Original),APGD,XceptionNet,Original,XceptionNet (Original),Cifar100,0.3002,0.6998,0.9832,0.7117575264442636,False,True,cross_arch_same_kind
VGG16,Original,VGG16 (Original),APGD,ConvNeXt,Finetuned,ConvNeXt (Finetuned),Cifar100,0.0101,0.9899,0.9832,1.0068144833197723,False,False,cross_arch_cross_kind
VGG16,Original,VGG16 (Original),APGD,ConvNeXt,Original,ConvNeXt (Original),Cifar100,0.1827,0.8173,0.9832,0.8312652563059398,False,True,cross_arch_same_kind
VGG16,Original,VGG16 (Original),CW,VGG16,Finetuned,VGG16 (Finetuned),Cifar100,0.2209,0.7791,0.9996,0.7794117647058824,True,False,same_arch_cross_kind
VGG16,Original,VGG16 (Original),CW,VGG16,Original,VGG16 (Original),Cifar100,0.0004,0.9996,0.9996,1.0,True,True,self_same_kind
VGG16,Original,VGG16 (Original),CW,RegNetX_400MF,Finetuned,RegNetX_400MF (Finetuned),Cifar100,0.0862,0.9138,0.9996,0.9141656662665065,False,False,cross_arch_cross_kind
VGG16,Original,VGG16 (Original),CW,RegNetX_400MF,Original,RegNetX_400MF (Original),Cifar100,0.0653,0.9347,0.9996,0.9350740296118447,False,True,cross_arch_same_kind
VGG16,Original,VGG16 (Original),CW,InceptionNet,Finetuned,InceptionNet (Finetuned),Cifar100,0.179,0.821,0.9996,0.8213285314125649,False,False,cross_arch_cross_kind
VGG16,Original,VGG16 (Original),CW,InceptionNet,Original,InceptionNet (Original),Cifar100,0.1606,0.8394,0.9996,0.8397358943577431,False,True,cross_arch_same_kind
VGG16,Original,VGG16 (Original),CW,MobileNet,Original,MobileNet (Original),Cifar100,0.104,0.896,0.9996,0.8963585434173669,False,True,cross_arch_same_kind
VGG16,Original,VGG16 (Original),CW,XceptionNet,Finetuned,XceptionNet (Finetuned),Cifar100,0.2023,0.7977,0.9996,0.7980192076830731,False,False,cross_arch_cross_kind
VGG16,Original,VGG16 (Original),CW,XceptionNet,Original,XceptionNet (Original),Cifar100,0.1979,0.8021,0.9996,0.802420968387355,False,True,cross_arch_same_kind
VGG16,Original,VGG16 (Original),CW,ConvNeXt,Finetuned,ConvNeXt (Finetuned),Cifar100,0.0101,0.9899,0.9996,0.9902961184473789,False,False,cross_arch_cross_kind
VGG16,Original,VGG16 (Original),CW,ConvNeXt,Original,ConvNeXt (Original),Cifar100,0.115,0.885,0.9996,0.8853541416566626,False,True,cross_arch_same_kind
RegNetX_400MF,Finetuned,RegNetX_400MF (Finetuned),PGD,VGG16,Finetuned,VGG16 (Finetuned),Cifar10,0.4926,0.5074000000000001,0.8492999999999999,0.5974331802661016,False,True,cross_arch_same_kind
RegNetX_400MF,Finetuned,RegNetX_400MF (Finetuned),PGD,VGG16,Original,VGG16 (Original),Cifar10,0.5026,0.49739999999999995,0.8492999999999999,0.5856587778170258,False,False,cross_arch_cross_kind
RegNetX_400MF,Finetuned,RegNetX_400MF (Finetuned),PGD,RegNetX_400MF,Finetuned,RegNetX_400MF (Finetuned),Cifar10,0.1507,0.8492999999999999,0.8492999999999999,1.0,True,True,self_same_kind
RegNetX_400MF,Finetuned,RegNetX_400MF (Finetuned),PGD,RegNetX_400MF,Original,RegNetX_400MF (Original),Cifar10,0.2384,0.7616,0.8492999999999999,0.8967384905216061,True,False,same_arch_cross_kind
RegNetX_400MF,Finetuned,RegNetX_400MF (Finetuned),PGD,InceptionNet,Finetuned,InceptionNet (Finetuned),Cifar10,0.4553,0.5447,0.8492999999999999,0.6413517014011539,False,True,cross_arch_same_kind
RegNetX_400MF,Finetuned,RegNetX_400MF (Finetuned),PGD,InceptionNet,Original,InceptionNet (Original),Cifar10,0.4532,0.5468,0.8492999999999999,0.6438243259154598,False,False,cross_arch_cross_kind
RegNetX_400MF,Finetuned,RegNetX_400MF (Finetuned),PGD,MobileNet,Original,MobileNet (Original),Cifar10,0.3209,0.6791,0.8492999999999999,0.7995996703167315,False,False,cross_arch_cross_kind
RegNetX_400MF,Finetuned,RegNetX_400MF (Finetuned),PGD,XceptionNet,Finetuned,XceptionNet (Finetuned),Cifar10,0.4919,0.5081,0.8492999999999999,0.5982573884375368,False,True,cross_arch_same_kind
RegNetX_400MF,Finetuned,RegNetX_400MF (Finetuned),PGD,XceptionNet,Original,XceptionNet (Original),Cifar10,0.4693,0.5307,0.8492999999999999,0.6248675379724479,False,False,cross_arch_cross_kind
RegNetX_400MF,Finetuned,RegNetX_400MF (Finetuned),PGD,ConvNeXt,Finetuned,ConvNeXt (Finetuned),Cifar10,0.0911,0.9089,0.8492999999999999,1.0701754385964914,False,True,cross_arch_same_kind
RegNetX_400MF,Finetuned,RegNetX_400MF (Finetuned),PGD,ConvNeXt,Original,ConvNeXt (Original),Cifar10,0.3469,0.6531,0.8492999999999999,0.7689862239491346,False,False,cross_arch_cross_kind
RegNetX_400MF,Finetuned,RegNetX_400MF (Finetuned),FGSM,VGG16,Finetuned,VGG16 (Finetuned),Cifar10,0.4889,0.5111,0.6942999999999999,0.7361371165202363,False,True,cross_arch_same_kind
RegNetX_400MF,Finetuned,RegNetX_400MF (Finetuned),FGSM,VGG16,Original,VGG16 (Original),Cifar10,0.503,0.497,0.6942999999999999,0.7158288924096213,False,False,cross_arch_cross_kind
RegNetX_400MF,Finetuned,RegNetX_400MF (Finetuned),FGSM,RegNetX_400MF,Finetuned,RegNetX_400MF (Finetuned),Cifar10,0.3057,0.6942999999999999,0.6942999999999999,1.0,True,True,self_same_kind
RegNetX_400MF,Finetuned,RegNetX_400MF (Finetuned),FGSM,RegNetX_400MF,Original,RegNetX_400MF (Original),Cifar10,0.2632,0.7368,0.6942999999999999,1.0612127322483078,True,False,same_arch_cross_kind
RegNetX_400MF,Finetuned,RegNetX_400MF (Finetuned),FGSM,InceptionNet,Finetuned,InceptionNet (Finetuned),Cifar10,0.4567,0.5433,0.6942999999999999,0.7825147630707188,False,True,cross_arch_same_kind
RegNetX_400MF,Finetuned,RegNetX_400MF (Finetuned),FGSM,InceptionNet,Original,InceptionNet (Original),Cifar10,0.455,0.5449999999999999,0.6942999999999999,0.784963272360651,False,False,cross_arch_cross_kind
RegNetX_400MF,Finetuned,RegNetX_400MF (Finetuned),FGSM,MobileNet,Original,MobileNet (Original),Cifar10,0.3332,0.6668000000000001,0.6942999999999999,0.9603917614863894,False,False,cross_arch_cross_kind
RegNetX_400MF,Finetuned,RegNetX_400MF (Finetuned),FGSM,XceptionNet,Finetuned,XceptionNet (Finetuned),Cifar10,0.4942,0.5058,0.6942999999999999,0.7285035287339768,False,True,cross_arch_same_kind
RegNetX_400MF,Finetuned,RegNetX_400MF (Finetuned),FGSM,XceptionNet,Original,XceptionNet (Original),Cifar10,0.4747,0.5253,0.6942999999999999,0.7565893705890826,False,False,cross_arch_cross_kind
RegNetX_400MF,Finetuned,RegNetX_400MF (Finetuned),FGSM,ConvNeXt,Finetuned,ConvNeXt (Finetuned),Cifar10,0.0908,0.9092,0.6942999999999999,1.30952038023909,False,True,cross_arch_same_kind
RegNetX_400MF,Finetuned,RegNetX_400MF (Finetuned),FGSM,ConvNeXt,Original,ConvNeXt (Original),Cifar10,0.349,0.651,0.6942999999999999,0.937635028085842,False,False,cross_arch_cross_kind
RegNetX_400MF,Finetuned,RegNetX_400MF (Finetuned),BIM,VGG16,Finetuned,VGG16 (Finetuned),Cifar10,0.8897,0.11029999999999995,0.4608,0.23936631944444434,False,True,cross_arch_same_kind
RegNetX_400MF,Finetuned,RegNetX_400MF (Finetuned),BIM,VGG16,Original,VGG16 (Original),Cifar10,0.8911,0.1089,0.4608,0.236328125,False,False,cross_arch_cross_kind
RegNetX_400MF,Finetuned,RegNetX_400MF (Finetuned),BIM,RegNetX_400MF,Finetuned,RegNetX_400MF (Finetuned),Cifar10,0.5392,0.4608,0.4608,1.0,True,True,self_same_kind
RegNetX_400MF,Finetuned,RegNetX_400MF (Finetuned),BIM,RegNetX_400MF,Original,RegNetX_400MF (Original),Cifar10,0.6364,0.36360000000000003,0.4608,0.7890625000000001,True,False,same_arch_cross_kind
RegNetX_400MF,Finetuned,RegNetX_400MF (Finetuned),BIM,InceptionNet,Finetuned,InceptionNet (Finetuned),Cifar10,0.8363,0.16369999999999996,0.4608,0.35525173611111105,False,True,cross_arch_same_kind
RegNetX_400MF,Finetuned,RegNetX_400MF (Finetuned),BIM,InceptionNet,Original,InceptionNet (Original),Cifar10,0.8239,0.17610000000000003,0.4608,0.3821614583333334,False,False,cross_arch_cross_kind
RegNetX_400MF,Finetuned,RegNetX_400MF (Finetuned),BIM,MobileNet,Original,MobileNet (Original),Cifar10,0.7326,0.26739999999999997,0.4608,0.5802951388888888,False,False,cross_arch_cross_kind
RegNetX_400MF,Finetuned,RegNetX_400MF (Finetuned),BIM,XceptionNet,Finetuned,XceptionNet (Finetuned),Cifar10,0.8584,0.14159999999999995,0.4608,0.3072916666666666,False,True,cross_arch_same_kind
RegNetX_400MF,Finetuned,RegNetX_400MF (Finetuned),BIM,XceptionNet,Original,XceptionNet (Original),Cifar10,0.8412,0.15880000000000005,0.4608,0.3446180555555557,False,False,cross_arch_cross_kind
RegNetX_400MF,Finetuned,RegNetX_400MF (Finetuned),BIM,ConvNeXt,Finetuned,ConvNeXt (Finetuned),Cifar10,0.1181,0.8819,0.4608,1.9138454861111112,False,True,cross_arch_same_kind
RegNetX_400MF,Finetuned,RegNetX_400MF (Finetuned),BIM,ConvNeXt,Original,ConvNeXt (Original),Cifar10,0.7173,0.28269999999999995,0.4608,0.6134982638888888,False,False,cross_arch_cross_kind
RegNetX_400MF,Finetuned,RegNetX_400MF (Finetuned),APGD,VGG16,Finetuned,VGG16 (Finetuned),Cifar10,0.5788,0.4212,0.9101,0.4628062850236238,False,True,cross_arch_same_kind
RegNetX_400MF,Finetuned,RegNetX_400MF (Finetuned),APGD,VGG16,Original,VGG16 (Original),Cifar10,0.5957,0.4043,0.9101,0.4442368970442808,False,False,cross_arch_cross_kind
RegNetX_400MF,Finetuned,RegNetX_400MF (Finetuned),APGD,RegNetX_400MF,Finetuned,RegNetX_400MF (Finetuned),Cifar10,0.0899,0.9101,0.9101,1.0,True,True,self_same_kind
RegNetX_400MF,Finetuned,RegNetX_400MF (Finetuned),APGD,RegNetX_400MF,Original,RegNetX_400MF (Original),Cifar10,0.2622,0.7378,0.9101,0.8106801450390066,True,False,same_arch_cross_kind
RegNetX_400MF,Finetuned,RegNetX_400MF (Finetuned),APGD,InceptionNet,Finetuned,InceptionNet (Finetuned),Cifar10,0.5131,0.4869,0.9101,0.5349961542687617,False,True,cross_arch_same_kind
RegNetX_400MF,Finetuned,RegNetX_400MF (Finetuned),APGD,InceptionNet,Original,InceptionNet (Original),Cifar10,0.509,0.491,0.9101,0.5395011537193715,False,False,cross_arch_cross_kind
RegNetX_400MF,Finetuned,RegNetX_400MF (Finetuned),APGD,MobileNet,Original,MobileNet (Original),Cifar10,0.3518,0.6482,0.9101,0.7122294253378749,False,False,cross_arch_cross_kind
RegNetX_400MF,Finetuned,RegNetX_400MF (Finetuned),APGD,XceptionNet,Finetuned,XceptionNet (Finetuned),Cifar10,0.5548,0.44520000000000004,0.9101,0.48917701351499837,False,True,cross_arch_same_kind
RegNetX_400MF,Finetuned,RegNetX_400MF (Finetuned),APGD,XceptionNet,Original,XceptionNet (Original),Cifar10,0.5218,0.47819999999999996,0.9101,0.5254367651906383,False,False,cross_arch_cross_kind
RegNetX_400MF,Finetuned,RegNetX_400MF (Finetuned),APGD,ConvNeXt,Finetuned,ConvNeXt (Finetuned),Cifar10,0.0903,0.9097,0.9101,0.9995604878584771,False,True,cross_arch_same_kind
RegNetX_400MF,Finetuned,RegNetX_400MF (Finetuned),APGD,ConvNeXt,Original,ConvNeXt (Original),Cifar10,0.3851,0.6149,0.9101,0.6756400395560928,False,False,cross_arch_cross_kind
RegNetX_400MF,Finetuned,RegNetX_400MF (Finetuned),CW,VGG16,Finetuned,VGG16 (Finetuned),Cifar10,0.5103,0.4897,0.9891,0.4950965524213932,False,True,cross_arch_same_kind
RegNetX_400MF,Finetuned,RegNetX_400MF (Finetuned),CW,VGG16,Original,VGG16 (Original),Cifar10,0.5213,0.4787,0.9891,0.4839753311090891,False,False,cross_arch_cross_kind
RegNetX_400MF,Finetuned,RegNetX_400MF (Finetuned),CW,RegNetX_400MF,Finetuned,RegNetX_400MF (Finetuned),Cifar10,0.0109,0.9891,0.9891,1.0,True,True,self_same_kind
RegNetX_400MF,Finetuned,RegNetX_400MF (Finetuned),CW,RegNetX_400MF,Original,RegNetX_400MF (Original),Cifar10,0.2623,0.7377,0.9891,0.745829542007886,True,False,same_arch_cross_kind
RegNetX_400MF,Finetuned,RegNetX_400MF (Finetuned),CW,InceptionNet,Finetuned,InceptionNet (Finetuned),Cifar10,0.4688,0.5312,0.9891,0.5370538873723587,False,True,cross_arch_same_kind
RegNetX_400MF,Finetuned,RegNetX_400MF (Finetuned),CW,InceptionNet,Original,InceptionNet (Original),Cifar10,0.4687,0.5313,0.9891,0.5371549893842887,False,False,cross_arch_cross_kind
RegNetX_400MF,Finetuned,RegNetX_400MF (Finetuned),CW,MobileNet,Original,MobileNet (Original),Cifar10,0.3405,0.6595,0.9891,0.6667677686785967,False,False,cross_arch_cross_kind
RegNetX_400MF,Finetuned,RegNetX_400MF (Finetuned),CW,XceptionNet,Finetuned,XceptionNet (Finetuned),Cifar10,0.5097,0.49029999999999996,0.9891,0.49570316449297336,False,True,cross_arch_same_kind
RegNetX_400MF,Finetuned,RegNetX_400MF (Finetuned),CW,XceptionNet,Original,XceptionNet (Original),Cifar10,0.494,0.506,0.9891,0.5115761803659893,False,False,cross_arch_cross_kind
RegNetX_400MF,Finetuned,RegNetX_400MF (Finetuned),CW,ConvNeXt,Finetuned,ConvNeXt (Finetuned),Cifar10,0.0914,0.9086,0.9891,0.9186128803963198,False,True,cross_arch_same_kind
RegNetX_400MF,Finetuned,RegNetX_400MF (Finetuned),CW,ConvNeXt,Original,ConvNeXt (Original),Cifar10,0.3569,0.6431,0.9891,0.6501870387220706,False,False,cross_arch_cross_kind
RegNetX_400MF,Finetuned,RegNetX_400MF (Finetuned),DeepFool,VGG16,Finetuned,VGG16 (Finetuned),Cifar10,0.5833,0.41669999999999996,,,False,True,cross_arch_same_kind
RegNetX_400MF,Finetuned,RegNetX_400MF (Finetuned),DeepFool,VGG16,Original,VGG16 (Original),Cifar10,0.5924,0.40759999999999996,,,False,False,cross_arch_cross_kind
RegNetX_400MF,Finetuned,RegNetX_400MF (Finetuned),DeepFool,RegNetX_400MF,Finetuned,RegNetX_400MF (Finetuned),Cifar10,0.1377,0.8623000000000001,,,True,True,self_same_kind
RegNetX_400MF,Finetuned,RegNetX_400MF (Finetuned),DeepFool,RegNetX_400MF,Original,RegNetX_400MF (Original),Cifar10,0.2683,0.7317,,,True,False,same_arch_cross_kind
RegNetX_400MF,Finetuned,RegNetX_400MF (Finetuned),DeepFool,InceptionNet,Finetuned,InceptionNet (Finetuned),Cifar10,0.5124,0.48760000000000003,,,False,True,cross_arch_same_kind
RegNetX_400MF,Finetuned,RegNetX_400MF (Finetuned),DeepFool,InceptionNet,Original,InceptionNet (Original),Cifar10,0.5095,0.49050000000000005,,,False,False,cross_arch_cross_kind
RegNetX_400MF,Finetuned,RegNetX_400MF (Finetuned),DeepFool,MobileNet,Original,MobileNet (Original),Cifar10,0.3574,0.6426000000000001,,,False,False,cross_arch_cross_kind
RegNetX_400MF,Finetuned,RegNetX_400MF (Finetuned),DeepFool,XceptionNet,Finetuned,XceptionNet (Finetuned),Cifar10,0.5601,0.43989999999999996,,,False,True,cross_arch_same_kind
RegNetX_400MF,Finetuned,RegNetX_400MF (Finetuned),DeepFool,XceptionNet,Original,XceptionNet (Original),Cifar10,0.53,0.47,,,False,False,cross_arch_cross_kind
RegNetX_400MF,Finetuned,RegNetX_400MF (Finetuned),DeepFool,ConvNeXt,Finetuned,ConvNeXt (Finetuned),Cifar10,0.0875,0.9125,,,False,True,cross_arch_same_kind
RegNetX_400MF,Finetuned,RegNetX_400MF (Finetuned),DeepFool,ConvNeXt,Original,ConvNeXt (Original),Cifar10,0.3791,0.6209,,,False,False,cross_arch_cross_kind
RegNetX_400MF,Original,RegNetX_400MF (Original),PGD,VGG16,Finetuned,VGG16 (Finetuned),Cifar10,0.5059,0.4941,0.9166,0.5390573859917085,False,False,cross_arch_cross_kind
RegNetX_400MF,Original,RegNetX_400MF (Original),PGD,VGG16,Original,VGG16 (Original),Cifar10,0.5186,0.48140000000000005,0.9166,0.5252018328605718,False,True,cross_arch_same_kind
RegNetX_400MF,Original,RegNetX_400MF (Original),PGD,RegNetX_400MF,Finetuned,RegNetX_400MF (Finetuned),Cifar10,0.3142,0.6858,0.9166,0.7481998690813877,True,False,same_arch_cross_kind
RegNetX_400MF,Original,RegNetX_400MF (Original),PGD,RegNetX_400MF,Original,RegNetX_400MF (Original),Cifar10,0.0834,0.9166,0.9166,1.0,True,True,self_same_kind
RegNetX_400MF,Original,RegNetX_400MF (Original),PGD,InceptionNet,Finetuned,InceptionNet (Finetuned),Cifar10,0.4632,0.5367999999999999,0.9166,0.5856425921885228,False,False,cross_arch_cross_kind
RegNetX_400MF,Original,RegNetX_400MF (Original),PGD,InceptionNet,Original,InceptionNet (Original),Cifar10,0.463,0.5369999999999999,0.9166,0.5858607898756273,False,True,cross_arch_same_kind
RegNetX_400MF,Original,RegNetX_400MF (Original),PGD,MobileNet,Original,MobileNet (Original),Cifar10,0.3278,0.6722,0.9166,0.7333624263582806,False,True,cross_arch_same_kind
RegNetX_400MF,Original,RegNetX_400MF (Original),PGD,XceptionNet,Finetuned,XceptionNet (Finetuned),Cifar10,0.5017,0.49829999999999997,0.9166,0.5436395374209033,False,False,cross_arch_cross_kind
RegNetX_400MF,Original,RegNetX_400MF (Original),PGD,XceptionNet,Original,XceptionNet (Original),Cifar10,0.4812,0.5187999999999999,0.9166,0.5660048003491163,False,True,cross_arch_same_kind
RegNetX_400MF,Original,RegNetX_400MF (Original),PGD,ConvNeXt,Finetuned,ConvNeXt (Finetuned),Cifar10,0.0911,0.9089,0.9166,0.9915993890464762,False,False,cross_arch_cross_kind
RegNetX_400MF,Original,RegNetX_400MF (Original),PGD,ConvNeXt,Original,ConvNeXt (Original),Cifar10,0.3516,0.6484,0.9166,0.7073969015928431,False,True,cross_arch_same_kind
RegNetX_400MF,Original,RegNetX_400MF (Original),FGSM,VGG16,Finetuned,VGG16 (Finetuned),Cifar10,0.5002,0.4998,0.7662,0.6523101018010964,False,False,cross_arch_cross_kind
RegNetX_400MF,Original,RegNetX_400MF (Original),FGSM,VGG16,Original,VGG16 (Original),Cifar10,0.5146,0.48540000000000005,0.7662,0.6335160532498043,False,True,cross_arch_same_kind
RegNetX_400MF,Original,RegNetX_400MF (Original),FGSM,RegNetX_400MF,Finetuned,RegNetX_400MF (Finetuned),Cifar10,0.3262,0.6738,0.7662,0.8794048551292091,True,False,same_arch_cross_kind
RegNetX_400MF,Original,RegNetX_400MF (Original),FGSM,RegNetX_400MF,Original,RegNetX_400MF (Original),Cifar10,0.2338,0.7662,0.7662,1.0,True,True,self_same_kind
RegNetX_400MF,Original,RegNetX_400MF (Original),FGSM,InceptionNet,Finetuned,InceptionNet (Finetuned),Cifar10,0.465,0.5349999999999999,0.7662,0.6982511093709214,False,False,cross_arch_cross_kind
RegNetX_400MF,Original,RegNetX_400MF (Original),FGSM,InceptionNet,Original,InceptionNet (Original),Cifar10,0.4605,0.5395,0.7662,0.7041242495432002,False,True,cross_arch_same_kind
RegNetX_400MF,Original,RegNetX_400MF (Original),FGSM,MobileNet,Original,MobileNet (Original),Cifar10,0.3333,0.6667000000000001,0.7662,0.8701383450796137,False,True,cross_arch_same_kind
RegNetX_400MF,Original,RegNetX_400MF (Original),FGSM,XceptionNet,Finetuned,XceptionNet (Finetuned),Cifar10,0.5033,0.49670000000000003,0.7662,0.6482641607935266,False,False,cross_arch_cross_kind
RegNetX_400MF,Original,RegNetX_400MF (Original),FGSM,XceptionNet,Original,XceptionNet (Original),Cifar10,0.4806,0.5194,0.7662,0.6778908901070216,False,True,cross_arch_same_kind
RegNetX_400MF,Original,RegNetX_400MF (Original),FGSM,ConvNeXt,Finetuned,ConvNeXt (Finetuned),Cifar10,0.0921,0.9079,0.7662,1.1849386583137562,False,False,cross_arch_cross_kind
RegNetX_400MF,Original,RegNetX_400MF (Original),FGSM,ConvNeXt,Original,ConvNeXt (Original),Cifar10,0.3518,0.6482,0.7662,0.8459932132602453,False,True,cross_arch_same_kind
RegNetX_400MF,Original,RegNetX_400MF (Original),BIM,VGG16,Finetuned,VGG16 (Finetuned),Cifar10,0.8942,0.1058,0.6173,0.17139154381986071,False,False,cross_arch_cross_kind
RegNetX_400MF,Original,RegNetX_400MF (Original),BIM,VGG16,Original,VGG16 (Original),Cifar10,0.897,0.10299999999999998,0.6173,0.1668556617527944,False,True,cross_arch_same_kind
RegNetX_400MF,Original,RegNetX_400MF (Original),BIM,RegNetX_400MF,Finetuned,RegNetX_400MF (Finetuned),Cifar10,0.7295,0.27049999999999996,0.6173,0.43819860683622225,True,False,same_arch_cross_kind
RegNetX_400MF,Original,RegNetX_400MF (Original),BIM,RegNetX_400MF,Original,RegNetX_400MF (Original),Cifar10,0.3827,0.6173,0.6173,1.0,True,True,self_same_kind
RegNetX_400MF,Original,RegNetX_400MF (Original),BIM,InceptionNet,Finetuned,InceptionNet (Finetuned),Cifar10,0.8433,0.15669999999999995,0.6173,0.25384739996760075,False,False,cross_arch_cross_kind
RegNetX_400MF,Original,RegNetX_400MF (Original),BIM,InceptionNet,Original,InceptionNet (Original),Cifar10,0.8294,0.17059999999999997,0.6173,0.2763648145148226,False,True,cross_arch_same_kind
RegNetX_400MF,Original,RegNetX_400MF (Original),BIM,MobileNet,Original,MobileNet (Original),Cifar10,0.7369,0.2631,0.6173,0.4262109185161186,False,True,cross_arch_same_kind
RegNetX_400MF,Original,RegNetX_400MF (Original),BIM,XceptionNet,Finetuned,XceptionNet (Finetuned),Cifar10,0.863,0.137,0.6173,0.22193422971002758,False,False,cross_arch_cross_kind
RegNetX_400MF,Original,RegNetX_400MF (Original),BIM,XceptionNet,Original,XceptionNet (Original),Cifar10,0.8468,0.1532,0.6173,0.24817754738376804,False,True,cross_arch_same_kind
RegNetX_400MF,Original,RegNetX_400MF (Original),BIM,ConvNeXt,Finetuned,ConvNeXt (Finetuned),Cifar10,0.1186,0.8814,0.6173,1.4278308763972136,False,False,cross_arch_cross_kind
RegNetX_400MF,Original,RegNetX_400MF (Original),BIM,ConvNeXt,Original,ConvNeXt (Original),Cifar10,0.7222,0.27780000000000005,0.6173,0.45002429936821653,False,True,cross_arch_same_kind
RegNetX_400MF,Original,RegNetX_400MF (Original),APGD,VGG16,Finetuned,VGG16 (Finetuned),Cifar10,0.6248,0.3752,0.9584,0.39148580968280466,False,False,cross_arch_cross_kind
RegNetX_400MF,Original,RegNetX_400MF (Original),APGD,VGG16,Original,VGG16 (Original),Cifar10,0.6351,0.3649,0.9584,0.38073873121869783,False,True,cross_arch_same_kind
RegNetX_400MF,Original,RegNetX_400MF (Original),APGD,RegNetX_400MF,Finetuned,RegNetX_400MF (Finetuned),Cifar10,0.3717,0.6283000000000001,0.9584,0.6555717863105176,True,False,same_arch_cross_kind
RegNetX_400MF,Original,RegNetX_400MF (Original),APGD,RegNetX_400MF,Original,RegNetX_400MF (Original),Cifar10,0.0416,0.9584,0.9584,1.0,True,True,self_same_kind
RegNetX_400MF,Original,RegNetX_400MF (Original),APGD,InceptionNet,Finetuned,InceptionNet (Finetuned),Cifar10,0.5537,0.44630000000000003,0.9584,0.4656719532554257,False,False,cross_arch_cross_kind
RegNetX_400MF,Original,RegNetX_400MF (Original),APGD,InceptionNet,Original,InceptionNet (Original),Cifar10,0.5494,0.4506,0.9584,0.4701585976627713,False,True,cross_arch_same_kind
RegNetX_400MF,Original,RegNetX_400MF (Original),APGD,MobileNet,Original,MobileNet (Original),Cifar10,0.3922,0.6078,0.9584,0.6341819699499165,False,True,cross_arch_same_kind
RegNetX_400MF,Original,RegNetX_400MF (Original),APGD,XceptionNet,Finetuned,XceptionNet (Finetuned),Cifar10,0.5976,0.4024,0.9584,0.41986644407345575,False,False,cross_arch_cross_kind
RegNetX_400MF,Original,RegNetX_400MF (Original),APGD,XceptionNet,Original,XceptionNet (Original),Cifar10,0.5699,0.43010000000000004,0.9584,0.4487687813021703,False,True,cross_arch_same_kind
RegNetX_400MF,Original,RegNetX_400MF (Original),APGD,ConvNeXt,Finetuned,ConvNeXt (Finetuned),Cifar10,0.0877,0.9123,0.9584,0.9518989983305509,False,False,cross_arch_cross_kind
RegNetX_400MF,Original,RegNetX_400MF (Original),APGD,ConvNeXt,Original,ConvNeXt (Original),Cifar10,0.41,0.5900000000000001,0.9584,0.6156093489148582,False,True,cross_arch_same_kind
RegNetX_400MF,Original,RegNetX_400MF (Original),CW,VGG16,Finetuned,VGG16 (Finetuned),Cifar10,0.5132,0.4868,0.9954,0.48904962829013465,False,False,cross_arch_cross_kind
RegNetX_400MF,Original,RegNetX_400MF (Original),CW,VGG16,Original,VGG16 (Original),Cifar10,0.5228,0.47719999999999996,0.9954,0.47940526421539076,False,True,cross_arch_same_kind
RegNetX_400MF,Original,RegNetX_400MF (Original),CW,RegNetX_400MF,Finetuned,RegNetX_400MF (Finetuned),Cifar10,0.3408,0.6592,0.9954,0.6622463331324091,True,False,same_arch_cross_kind
RegNetX_400MF,Original,RegNetX_400MF (Original),CW,RegNetX_400MF,Original,RegNetX_400MF (Original),Cifar10,0.0046,0.9954,0.9954,1.0,True,True,self_same_kind
RegNetX_400MF,Original,RegNetX_400MF (Original),CW,InceptionNet,Finetuned,InceptionNet (Finetuned),Cifar10,0.47,0.53,0.9954,0.5324492666264818,False,False,cross_arch_cross_kind
RegNetX_400MF,Original,RegNetX_400MF (Original),CW,InceptionNet,Original,InceptionNet (Original),Cifar10,0.4687,0.5313,0.9954,0.5337552742616034,False,True,cross_arch_same_kind
RegNetX_400MF,Original,RegNetX_400MF (Original),CW,MobileNet,Original,MobileNet (Original),Cifar10,0.3465,0.6535,0.9954,0.6565199919630299,False,True,cross_arch_same_kind
RegNetX_400MF,Original,RegNetX_400MF (Original),CW,XceptionNet,Finetuned,XceptionNet (Finetuned),Cifar10,0.513,0.487,0.9954,0.4892505525416918,False,False,cross_arch_cross_kind
RegNetX_400MF,Original,RegNetX_400MF (Original),CW,XceptionNet,Original,XceptionNet (Original),Cifar10,0.4985,0.5015000000000001,0.9954,0.5038175607795862,False,True,cross_arch_same_kind
RegNetX_400MF,Original,RegNetX_400MF (Original),CW,ConvNeXt,Finetuned,ConvNeXt (Finetuned),Cifar10,0.0923,0.9077,0.9954,0.911894715692184,False,False,cross_arch_cross_kind
RegNetX_400MF,Original,RegNetX_400MF (Original),CW,ConvNeXt,Original,ConvNeXt (Original),Cifar10,0.3565,0.6435,0.9954,0.6464737793851718,False,True,cross_arch_same_kind
RegNetX_400MF,Finetuned,RegNetX_400MF (Finetuned),PGD,VGG16,Finetuned,VGG16 (Finetuned),Cifar100,0.218,0.782,0.9705,0.8057702215352911,False,True,cross_arch_same_kind
RegNetX_400MF,Finetuned,RegNetX_400MF (Finetuned),PGD,VGG16,Original,VGG16 (Original),Cifar100,0.14,0.86,0.9705,0.8861411643482741,False,False,cross_arch_cross_kind
RegNetX_400MF,Finetuned,RegNetX_400MF (Finetuned),PGD,RegNetX_400MF,Finetuned,RegNetX_400MF (Finetuned),Cifar100,0.0295,0.9705,0.9705,1.0,True,True,self_same_kind
RegNetX_400MF,Finetuned,RegNetX_400MF (Finetuned),PGD,RegNetX_400MF,Original,RegNetX_400MF (Original),Cifar100,0.0539,0.9460999999999999,0.9705,0.9748583204533745,True,False,same_arch_cross_kind
RegNetX_400MF,Finetuned,RegNetX_400MF (Finetuned),PGD,InceptionNet,Finetuned,InceptionNet (Finetuned),Cifar100,0.1742,0.8258,0.9705,0.8509015971148892,False,True,cross_arch_same_kind
RegNetX_400MF,Finetuned,RegNetX_400MF (Finetuned),PGD,InceptionNet,Original,InceptionNet (Original),Cifar100,0.1582,0.8418,0.9705,0.867387944358578,False,False,cross_arch_cross_kind
RegNetX_400MF,Finetuned,RegNetX_400MF (Finetuned),PGD,MobileNet,Original,MobileNet (Original),Cifar100,0.0974,0.9026,0.9705,0.9300360638845955,False,False,cross_arch_cross_kind
RegNetX_400MF,Finetuned,RegNetX_400MF (Finetuned),PGD,XceptionNet,Finetuned,XceptionNet (Finetuned),Cifar100,0.1949,0.8051,0.9705,0.8295723853683669,False,True,cross_arch_same_kind
RegNetX_400MF,Finetuned,RegNetX_400MF (Finetuned),PGD,XceptionNet,Original,XceptionNet (Original),Cifar100,0.1898,0.8102,0.9705,0.8348274085522926,False,False,cross_arch_cross_kind
RegNetX_400MF,Finetuned,RegNetX_400MF (Finetuned),PGD,ConvNeXt,Finetuned,ConvNeXt (Finetuned),Cifar100,0.0098,0.9902,0.9705,1.0202988150437917,False,True,cross_arch_same_kind
RegNetX_400MF,Finetuned,RegNetX_400MF (Finetuned),PGD,ConvNeXt,Original,ConvNeXt (Original),Cifar100,0.1132,0.8868,0.9705,0.9137557959814528,False,False,cross_arch_cross_kind
RegNetX_400MF,Finetuned,RegNetX_400MF (Finetuned),FGSM,VGG16,Finetuned,VGG16 (Finetuned),Cifar100,0.2128,0.7872,0.9268,0.849374190763919,False,True,cross_arch_same_kind
RegNetX_400MF,Finetuned,RegNetX_400MF (Finetuned),FGSM,VGG16,Original,VGG16 (Original),Cifar100,0.1391,0.8609,0.9268,0.9288951230038843,False,False,cross_arch_cross_kind
RegNetX_400MF,Finetuned,RegNetX_400MF (Finetuned),FGSM,RegNetX_400MF,Finetuned,RegNetX_400MF (Finetuned),Cifar100,0.0732,0.9268,0.9268,1.0,True,True,self_same_kind
RegNetX_400MF,Finetuned,RegNetX_400MF (Finetuned),FGSM,RegNetX_400MF,Original,RegNetX_400MF (Original),Cifar100,0.0591,0.9409,0.9268,1.0152136383254209,True,False,same_arch_cross_kind
RegNetX_400MF,Finetuned,RegNetX_400MF (Finetuned),FGSM,InceptionNet,Finetuned,InceptionNet (Finetuned),Cifar100,0.176,0.8240000000000001,0.9268,0.8890807078118258,False,True,cross_arch_same_kind
RegNetX_400MF,Finetuned,RegNetX_400MF (Finetuned),FGSM,InceptionNet,Original,InceptionNet (Original),Cifar100,0.1582,0.8418,0.9268,0.9082865774708675,False,False,cross_arch_cross_kind
RegNetX_400MF,Finetuned,RegNetX_400MF (Finetuned),FGSM,MobileNet,Original,MobileNet (Original),Cifar100,0.0993,0.9007000000000001,0.9268,0.9718385843763488,False,False,cross_arch_cross_kind
RegNetX_400MF,Finetuned,RegNetX_400MF (Finetuned),FGSM,XceptionNet,Finetuned,XceptionNet (Finetuned),Cifar100,0.1959,0.8041,0.9268,0.8676089771255935,False,True,cross_arch_same_kind
RegNetX_400MF,Finetuned,RegNetX_400MF (Finetuned),FGSM,XceptionNet,Original,XceptionNet (Original),Cifar100,0.1887,0.8113,0.9268,0.8753776435045317,False,False,cross_arch_cross_kind
RegNetX_400MF,Finetuned,RegNetX_400MF (Finetuned),FGSM,ConvNeXt,Finetuned,ConvNeXt (Finetuned),Cifar100,0.0099,0.9901,0.9268,1.0682995252481657,False,True,cross_arch_same_kind
RegNetX_400MF,Finetuned,RegNetX_400MF (Finetuned),FGSM,ConvNeXt,Original,ConvNeXt (Original),Cifar100,0.1121,0.8879,0.9268,0.958027621924903,False,False,cross_arch_cross_kind
RegNetX_400MF,Finetuned,RegNetX_400MF (Finetuned),BIM,VGG16,Finetuned,VGG16 (Finetuned),Cifar100,0.6311,0.3689,0.8068,0.4572384729796728,False,True,cross_arch_same_kind
RegNetX_400MF,Finetuned,RegNetX_400MF (Finetuned),BIM,VGG16,Original,VGG16 (Original),Cifar100,0.4963,0.5037,0.8068,0.6243182944967774,False,False,cross_arch_cross_kind
RegNetX_400MF,Finetuned,RegNetX_400MF (Finetuned),BIM,RegNetX_400MF,Finetuned,RegNetX_400MF (Finetuned),Cifar100,0.1932,0.8068,0.8068,1.0,True,True,self_same_kind
RegNetX_400MF,Finetuned,RegNetX_400MF (Finetuned),BIM,RegNetX_400MF,Original,RegNetX_400MF (Original),Cifar100,0.2634,0.7365999999999999,0.8068,0.9129895884977689,True,False,same_arch_cross_kind
RegNetX_400MF,Finetuned,RegNetX_400MF (Finetuned),BIM,InceptionNet,Finetuned,InceptionNet (Finetuned),Cifar100,0.531,0.469,0.8068,0.5813088745661874,False,True,cross_arch_same_kind
RegNetX_400MF,Finetuned,RegNetX_400MF (Finetuned),BIM,InceptionNet,Original,InceptionNet (Original),Cifar100,0.5026,0.49739999999999995,0.8068,0.6165096678235003,False,False,cross_arch_cross_kind
RegNetX_400MF,Finetuned,RegNetX_400MF (Finetuned),BIM,MobileNet,Original,MobileNet (Original),Cifar100,0.3541,0.6458999999999999,0.8068,0.8005701536936043,False,False,cross_arch_cross_kind
RegNetX_400MF,Finetuned,RegNetX_400MF (Finetuned),BIM,XceptionNet,Finetuned,XceptionNet (Finetuned),Cifar100,0.5484,0.4516,0.8068,0.5597421913733267,False,True,cross_arch_same_kind
RegNetX_400MF,Finetuned,RegNetX_400MF (Finetuned),BIM,XceptionNet,Original,XceptionNet (Original),Cifar100,0.5364,0.4636,0.8068,0.5746157659890928,False,False,cross_arch_cross_kind
RegNetX_400MF,Finetuned,RegNetX_400MF (Finetuned),BIM,ConvNeXt,Finetuned,ConvNeXt (Finetuned),Cifar100,0.0085,0.9915,0.8068,1.228929102627665,False,True,cross_arch_same_kind
RegNetX_400MF,Finetuned,RegNetX_400MF (Finetuned),BIM,ConvNeXt,Original,ConvNeXt (Original),Cifar100,0.3593,0.6407,0.8068,0.7941249380267725,False,False,cross_arch_cross_kind
RegNetX_400MF,Finetuned,RegNetX_400MF (Finetuned),APGD,VGG16,Finetuned,VGG16 (Finetuned),Cifar100,0.4524,0.5476,0.9872,0.5547001620745543,False,True,cross_arch_same_kind
RegNetX_400MF,Finetuned,RegNetX_400MF (Finetuned),APGD,VGG16,Original,VGG16 (Original),Cifar100,0.319,0.681,0.9872,0.6898298217179903,False,False,cross_arch_cross_kind
RegNetX_400MF,Finetuned,RegNetX_400MF (Finetuned),APGD,RegNetX_400MF,Finetuned,RegNetX_400MF (Finetuned),Cifar100,0.0128,0.9872,0.9872,1.0,True,True,self_same_kind
RegNetX_400MF,Finetuned,RegNetX_400MF (Finetuned),APGD,RegNetX_400MF,Original,RegNetX_400MF (Original),Cifar100,0.1111,0.8889,0.9872,0.9004254457050244,True,False,same_arch_cross_kind
RegNetX_400MF,Finetuned,RegNetX_400MF (Finetuned),APGD,InceptionNet,Finetuned,InceptionNet (Finetuned),Cifar100,0.341,0.659,0.9872,0.6675445705024312,False,True,cross_arch_same_kind
RegNetX_400MF,Finetuned,RegNetX_400MF (Finetuned),APGD,InceptionNet,Original,InceptionNet (Original),Cifar100,0.3152,0.6848000000000001,0.9872,0.693679092382496,False,False,cross_arch_cross_kind
RegNetX_400MF,Finetuned,RegNetX_400MF (Finetuned),APGD,MobileNet,Original,MobileNet (Original),Cifar100,0.1862,0.8138,0.9872,0.8243517017828201,False,False,cross_arch_cross_kind
RegNetX_400MF,Finetuned,RegNetX_400MF (Finetuned),APGD,XceptionNet,Finetuned,XceptionNet (Finetuned),Cifar100,0.3729,0.6271,0.9872,0.6352309562398704,False,True,cross_arch_same_kind
RegNetX_400MF,Finetuned,RegNetX_400MF (Finetuned),APGD,XceptionNet,Original,XceptionNet (Original),Cifar100,0.3602,0.6397999999999999,0.9872,0.648095623987034,False,False,cross_arch_cross_kind
RegNetX_400MF,Finetuned,RegNetX_400MF (Finetuned),APGD,ConvNeXt,Finetuned,ConvNeXt (Finetuned),Cifar100,0.0101,0.9899,0.9872,1.0027350081037278,False,True,cross_arch_same_kind
RegNetX_400MF,Finetuned,RegNetX_400MF (Finetuned),APGD,ConvNeXt,Original,ConvNeXt (Original),Cifar100,0.2025,0.7975,0.9872,0.8078403565640194,False,False,cross_arch_cross_kind
RegNetX_400MF,Finetuned,RegNetX_400MF (Finetuned),CW,VGG16,Finetuned,VGG16 (Finetuned),Cifar100,0.2262,0.7738,0.9988,0.7747296756107329,False,True,cross_arch_same_kind
RegNetX_400MF,Finetuned,RegNetX_400MF (Finetuned),CW,VGG16,Original,VGG16 (Original),Cifar100,0.1415,0.8585,0.9988,0.8595314377252703,False,False,cross_arch_cross_kind
RegNetX_400MF,Finetuned,RegNetX_400MF (Finetuned),CW,RegNetX_400MF,Finetuned,RegNetX_400MF (Finetuned),Cifar100,0.0012,0.9988,0.9988,1.0,True,True,self_same_kind
RegNetX_400MF,Finetuned,RegNetX_400MF (Finetuned),CW,RegNetX_400MF,Original,RegNetX_400MF (Original),Cifar100,0.0617,0.9383,0.9988,0.9394273127753304,True,False,same_arch_cross_kind
RegNetX_400MF,Finetuned,RegNetX_400MF (Finetuned),CW,InceptionNet,Finetuned,InceptionNet (Finetuned),Cifar100,0.179,0.821,0.9988,0.8219863836603925,False,True,cross_arch_same_kind
RegNetX_400MF,Finetuned,RegNetX_400MF (Finetuned),CW,InceptionNet,Original,InceptionNet (Original),Cifar100,0.1607,0.8392999999999999,0.9988,0.8403083700440528,False,False,cross_arch_cross_kind
RegNetX_400MF,Finetuned,RegNetX_400MF (Finetuned),CW,MobileNet,Original,MobileNet (Original),Cifar100,0.1035,0.8965,0.9988,0.8975770925110131,False,False,cross_arch_cross_kind
RegNetX_400MF,Finetuned,RegNetX_400MF (Finetuned),CW,XceptionNet,Finetuned,XceptionNet (Finetuned),Cifar100,0.2027,0.7973,0.9988,0.7982579094913896,False,True,cross_arch_same_kind
RegNetX_400MF,Finetuned,RegNetX_400MF (Finetuned),CW,XceptionNet,Original,XceptionNet (Original),Cifar100,0.1983,0.8017,0.9988,0.802663195835002,False,False,cross_arch_cross_kind
RegNetX_400MF,Finetuned,RegNetX_400MF (Finetuned),CW,ConvNeXt,Finetuned,ConvNeXt (Finetuned),Cifar100,0.0101,0.9899,0.9988,0.9910893071686023,False,True,cross_arch_same_kind
RegNetX_400MF,Finetuned,RegNetX_400MF (Finetuned),CW,ConvNeXt,Original,ConvNeXt (Original),Cifar100,0.1151,0.8849,0.9988,0.8859631557869443,False,False,cross_arch_cross_kind
RegNetX_400MF,Original,RegNetX_400MF (Original),PGD,VGG16,Finetuned,VGG16 (Finetuned),Cifar100,0.219,0.781,0.9801,0.7968574635241302,False,False,cross_arch_cross_kind
RegNetX_400MF,Original,RegNetX_400MF (Original),PGD,VGG16,Original,VGG16 (Original),Cifar100,0.1421,0.8579,0.9801,0.8753188450158147,False,True,cross_arch_same_kind
RegNetX_400MF,Original,RegNetX_400MF (Original),PGD,RegNetX_400MF,Finetuned,RegNetX_400MF (Finetuned),Cifar100,0.0732,0.9268,0.9801,0.9456177941026426,True,False,same_arch_cross_kind
RegNetX_400MF,Original,RegNetX_400MF (Original),PGD,RegNetX_400MF,Original,RegNetX_400MF (Original),Cifar100,0.0199,0.9801,0.9801,1.0,True,True,self_same_kind
RegNetX_400MF,Original,RegNetX_400MF (Original),PGD,InceptionNet,Finetuned,InceptionNet (Finetuned),Cifar100,0.1766,0.8234,0.9801,0.8401183552698704,False,False,cross_arch_cross_kind
RegNetX_400MF,Original,RegNetX_400MF (Original),PGD,InceptionNet,Original,InceptionNet (Original),Cifar100,0.158,0.842,0.9801,0.8590960106111621,False,True,cross_arch_same_kind
RegNetX_400MF,Original,RegNetX_400MF (Original),PGD,MobileNet,Original,MobileNet (Original),Cifar100,0.0998,0.9002,0.9801,0.9184777063564943,False,True,cross_arch_same_kind
RegNetX_400MF,Original,RegNetX_400MF (Original),PGD,XceptionNet,Finetuned,XceptionNet (Finetuned),Cifar100,0.1973,0.8027,0.9801,0.8189980614223038,False,False,cross_arch_cross_kind
RegNetX_400MF,Original,RegNetX_400MF (Original),PGD,XceptionNet,Original,XceptionNet (Original),Cifar100,0.1907,0.8093,0.9801,0.8257320681563106,False,True,cross_arch_same_kind
RegNetX_400MF,Original,RegNetX_400MF (Original),PGD,ConvNeXt,Finetuned,ConvNeXt (Finetuned),Cifar100,0.0101,0.9899,0.9801,1.0099989796959494,False,False,cross_arch_cross_kind
RegNetX_400MF,Original,RegNetX_400MF (Original),PGD,ConvNeXt,Original,ConvNeXt (Original),Cifar100,0.112,0.888,0.9801,0.9060299969390879,False,True,cross_arch_same_kind
RegNetX_400MF,Original,RegNetX_400MF (Original),FGSM,VGG16,Finetuned,VGG16 (Finetuned),Cifar100,0.2153,0.7847,0.9486,0.8272190596668775,False,False,cross_arch_cross_kind
RegNetX_400MF,Original,RegNetX_400MF (Original),FGSM,VGG16,Original,VGG16 (Original),Cifar100,0.1417,0.8583000000000001,0.9486,0.9048070841239723,False,True,cross_arch_same_kind
RegNetX_400MF,Original,RegNetX_400MF (Original),FGSM,RegNetX_400MF,Finetuned,RegNetX_400MF (Finetuned),Cifar100,0.0762,0.9238,0.9486,0.9738562091503268,True,False,same_arch_cross_kind
RegNetX_400MF,Original,RegNetX_400MF (Original),FGSM,RegNetX_400MF,Original,RegNetX_400MF (Original),Cifar100,0.0514,0.9486,0.9486,1.0,True,True,self_same_kind
RegNetX_400MF,Original,RegNetX_400MF (Original),FGSM,InceptionNet,Finetuned,InceptionNet (Finetuned),Cifar100,0.1751,0.8249,0.9486,0.8695973012861058,False,False,cross_arch_cross_kind
RegNetX_400MF,Original,RegNetX_400MF (Original),FGSM,InceptionNet,Original,InceptionNet (Original),Cifar100,0.1596,0.8404,0.9486,0.8859371705671516,False,True,cross_arch_same_kind
RegNetX_400MF,Original,RegNetX_400MF (Original),FGSM,MobileNet,Original,MobileNet (Original),Cifar100,0.1012,0.8988,0.9486,0.9475015812776724,False,True,cross_arch_same_kind
RegNetX_400MF,Original,RegNetX_400MF (Original),FGSM,XceptionNet,Finetuned,XceptionNet (Finetuned),Cifar100,0.1966,0.8034,0.9486,0.846932321315623,False,False,cross_arch_cross_kind
RegNetX_400MF,Original,RegNetX_400MF (Original),FGSM,XceptionNet,Original,XceptionNet (Original),Cifar100,0.1921,0.8079000000000001,0.9486,0.8516761543327009,False,True,cross_arch_same_kind
RegNetX_400MF,Original,RegNetX_400MF (Original),FGSM,ConvNeXt,Finetuned,ConvNeXt (Finetuned),Cifar100,0.01,0.99,0.9486,1.0436432637571158,False,False,cross_arch_cross_kind
RegNetX_400MF,Original,RegNetX_400MF (Original),FGSM,ConvNeXt,Original,ConvNeXt (Original),Cifar100,0.1138,0.8862,0.9486,0.9342188488298545,False,True,cross_arch_same_kind
RegNetX_400MF,Original,RegNetX_400MF (Original),BIM,VGG16,Finetuned,VGG16 (Finetuned),Cifar100,0.6336,0.36639999999999995,0.8482000000000001,0.4319735911341664,False,False,cross_arch_cross_kind
RegNetX_400MF,Original,RegNetX_400MF (Original),BIM,VGG16,Original,VGG16 (Original),Cifar100,0.4973,0.5026999999999999,0.8482000000000001,0.5926668238622965,False,True,cross_arch_same_kind
RegNetX_400MF,Original,RegNetX_400MF (Original),BIM,RegNetX_400MF,Finetuned,RegNetX_400MF (Finetuned),Cifar100,0.3172,0.6828000000000001,0.8482000000000001,0.8049988210327753,True,False,same_arch_cross_kind
RegNetX_400MF,Original,RegNetX_400MF (Original),BIM,RegNetX_400MF,Original,RegNetX_400MF (Original),Cifar100,0.1518,0.8482000000000001,0.8482000000000001,1.0,True,True,self_same_kind
RegNetX_400MF,Original,RegNetX_400MF (Original),BIM,InceptionNet,Finetuned,InceptionNet (Finetuned),Cifar100,0.5305,0.46950000000000003,0.8482000000000001,0.5535251120018864,False,False,cross_arch_cross_kind
RegNetX_400MF,Original,RegNetX_400MF (Original),BIM,InceptionNet,Original,InceptionNet (Original),Cifar100,0.5041,0.4959,0.8482000000000001,0.5846498467342608,False,True,cross_arch_same_kind
RegNetX_400MF,Original,RegNetX_400MF (Original),BIM,MobileNet,Original,MobileNet (Original),Cifar100,0.3591,0.6409,0.8482000000000001,0.755600094317378,False,True,cross_arch_same_kind
RegNetX_400MF,Original,RegNetX_400MF (Original),BIM,XceptionNet,Finetuned,XceptionNet (Finetuned),Cifar100,0.5524,0.4476,0.8482000000000001,0.5277057297807121,False,False,cross_arch_cross_kind
RegNetX_400MF,Original,RegNetX_400MF (Original),BIM,XceptionNet,Original,XceptionNet (Original),Cifar100,0.5429,0.45709999999999995,0.8482000000000001,0.538905918415468,False,True,cross_arch_same_kind
RegNetX_400MF,Original,RegNetX_400MF (Original),BIM,ConvNeXt,Finetuned,ConvNeXt (Finetuned),Cifar100,0.0089,0.9911,0.8482000000000001,1.1684744164112237,False,False,cross_arch_cross_kind
RegNetX_400MF,Original,RegNetX_400MF (Original),BIM,ConvNeXt,Original,ConvNeXt (Original),Cifar100,0.3602,0.6397999999999999,0.8482000000000001,0.7543032303701955,False,True,cross_arch_same_kind
RegNetX_400MF,Original,RegNetX_400MF (Original),APGD,VGG16,Finetuned,VGG16 (Finetuned),Cifar100,0.4812,0.5187999999999999,0.9921,0.5229311561334542,False,False,cross_arch_cross_kind
RegNetX_400MF,Original,RegNetX_400MF (Original),APGD,VGG16,Original,VGG16 (Original),Cifar100,0.3468,0.6532,0.9921,0.6584013708295535,False,True,cross_arch_same_kind
RegNetX_400MF,Original,RegNetX_400MF (Original),APGD,RegNetX_400MF,Finetuned,RegNetX_400MF (Finetuned),Cifar100,0.161,0.839,0.9921,0.8456808789436548,True,False,same_arch_cross_kind
RegNetX_400MF,Original,RegNetX_400MF (Original),APGD,RegNetX_400MF,Original,RegNetX_400MF (Original),Cifar100,0.0079,0.9921,0.9921,1.0,True,True,self_same_kind
RegNetX_400MF,Original,RegNetX_400MF (Original),APGD,InceptionNet,Finetuned,InceptionNet (Finetuned),Cifar100,0.3692,0.6308,0.9921,0.635823001713537,False,False,cross_arch_cross_kind
RegNetX_400MF,Original,RegNetX_400MF (Original),APGD,InceptionNet,Original,InceptionNet (Original),Cifar100,0.3429,0.6571,0.9921,0.6623324261667171,False,True,cross_arch_same_kind
RegNetX_400MF,Original,RegNetX_400MF (Original),APGD,MobileNet,Original,MobileNet (Original),Cifar100,0.2071,0.7928999999999999,0.9921,0.7992137889325672,False,True,cross_arch_same_kind
RegNetX_400MF,Original,RegNetX_400MF (Original),APGD,XceptionNet,Finetuned,XceptionNet (Finetuned),Cifar100,0.4036,0.5964,0.9921,0.6011490777139402,False,False,cross_arch_cross_kind
RegNetX_400MF,Original,RegNetX_400MF (Original),APGD,XceptionNet,Original,XceptionNet (Original),Cifar100,0.3895,0.6105,0.9921,0.615361354702147,False,True,cross_arch_same_kind
RegNetX_400MF,Original,RegNetX_400MF (Original),APGD,ConvNeXt,Finetuned,ConvNeXt (Finetuned),Cifar100,0.0099,0.9901,0.9921,0.9979840741860699,False,False,cross_arch_cross_kind
RegNetX_400MF,Original,RegNetX_400MF (Original),APGD,ConvNeXt,Original,ConvNeXt (Original),Cifar100,0.214,0.786,0.9921,0.7922588448745087,False,True,cross_arch_same_kind
RegNetX_400MF,Original,RegNetX_400MF (Original),CW,VGG16,Finetuned,VGG16 (Finetuned),Cifar100,0.2256,0.7744,0.9994,0.7748649189513709,False,False,cross_arch_cross_kind
RegNetX_400MF,Original,RegNetX_400MF (Original),CW,VGG16,Original,VGG16 (Original),Cifar100,0.1427,0.8573,0.9994,0.8578146888132879,False,True,cross_arch_same_kind
RegNetX_400MF,Original,RegNetX_400MF (Original),CW,RegNetX_400MF,Finetuned,RegNetX_400MF (Finetuned),Cifar100,0.0836,0.9164,0.9994,0.9169501701020613,True,False,same_arch_cross_kind
RegNetX_400MF,Original,RegNetX_400MF (Original),CW,RegNetX_400MF,Original,RegNetX_400MF (Original),Cifar100,0.0006,0.9994,0.9994,1.0,True,True,self_same_kind
RegNetX_400MF,Original,RegNetX_400MF (Original),CW,InceptionNet,Finetuned,InceptionNet (Finetuned),Cifar100,0.179,0.821,0.9994,0.8214928957374424,False,False,cross_arch_cross_kind
RegNetX_400MF,Original,RegNetX_400MF (Original),CW,InceptionNet,Original,InceptionNet (Original),Cifar100,0.1618,0.8382000000000001,0.9994,0.8387032219331599,False,True,cross_arch_same_kind
RegNetX_400MF,Original,RegNetX_400MF (Original),CW,MobileNet,Original,MobileNet (Original),Cifar100,0.1036,0.8964,0.9994,0.8969381628977386,False,True,cross_arch_same_kind
RegNetX_400MF,Original,RegNetX_400MF (Original),CW,XceptionNet,Finetuned,XceptionNet (Finetuned),Cifar100,0.2032,0.7968,0.9994,0.7972783670202122,False,False,cross_arch_cross_kind
RegNetX_400MF,Original,RegNetX_400MF (Original),CW,XceptionNet,Original,XceptionNet (Original),Cifar100,0.1986,0.8014,0.9994,0.8018811286772064,False,True,cross_arch_same_kind
RegNetX_400MF,Original,RegNetX_400MF (Original),CW,ConvNeXt,Finetuned,ConvNeXt (Finetuned),Cifar100,0.0101,0.9899,0.9994,0.9904942965779469,False,False,cross_arch_cross_kind
RegNetX_400MF,Original,RegNetX_400MF (Original),CW,ConvNeXt,Original,ConvNeXt (Original),Cifar100,0.1152,0.8848,0.9994,0.8853311987192316,False,True,cross_arch_same_kind
InceptionNet,Finetuned,InceptionNet (Finetuned),PGD,VGG16,Finetuned,VGG16 (Finetuned),Cifar10,0.4826,0.5174000000000001,0.7478,0.6918962289382189,False,True,cross_arch_same_kind
InceptionNet,Finetuned,InceptionNet (Finetuned),PGD,VGG16,Original,VGG16 (Original),Cifar10,0.4906,0.5094000000000001,0.7478,0.681198181331907,False,False,cross_arch_cross_kind
InceptionNet,Finetuned,InceptionNet (Finetuned),PGD,RegNetX_400MF,Finetuned,RegNetX_400MF (Finetuned),Cifar10,0.3304,0.6696,0.7478,0.8954265846483016,False,True,cross_arch_same_kind
InceptionNet,Finetuned,InceptionNet (Finetuned),PGD,RegNetX_400MF,Original,RegNetX_400MF (Original),Cifar10,0.2739,0.7261,0.7478,0.970981545867879,False,False,cross_arch_cross_kind
InceptionNet,Finetuned,InceptionNet (Finetuned),PGD,InceptionNet,Finetuned,InceptionNet (Finetuned),Cifar10,0.2522,0.7478,0.7478,1.0,True,True,self_same_kind
InceptionNet,Finetuned,InceptionNet (Finetuned),PGD,InceptionNet,Original,InceptionNet (Original),Cifar10,0.4211,0.5789,0.7478,0.774137469911741,True,False,same_arch_cross_kind
InceptionNet,Finetuned,InceptionNet (Finetuned),PGD,MobileNet,Original,MobileNet (Original),Cifar10,0.3331,0.6669,0.7478,0.8918159935811715,False,False,cross_arch_cross_kind
InceptionNet,Finetuned,InceptionNet (Finetuned),PGD,XceptionNet,Finetuned,XceptionNet (Finetuned),Cifar10,0.4818,0.5182,0.7478,0.6929660336988499,False,True,cross_arch_same_kind
InceptionNet,Finetuned,InceptionNet (Finetuned),PGD,XceptionNet,Original,XceptionNet (Original),Cifar10,0.4674,0.5326,0.7478,0.7122225193902112,False,False,cross_arch_cross_kind
InceptionNet,Finetuned,InceptionNet (Finetuned),PGD,ConvNeXt,Finetuned,ConvNeXt (Finetuned),Cifar10,0.0912,0.9088,0.7478,1.215298208077026,False,True,cross_arch_same_kind
InceptionNet,Finetuned,InceptionNet (Finetuned),PGD,ConvNeXt,Original,ConvNeXt (Original),Cifar10,0.3464,0.6536,0.7478,0.874030489435678,False,False,cross_arch_cross_kind
InceptionNet,Finetuned,InceptionNet (Finetuned),FGSM,VGG16,Finetuned,VGG16 (Finetuned),Cifar10,0.4802,0.5198,0.5849,0.8886989228928023,False,True,cross_arch_same_kind
InceptionNet,Finetuned,InceptionNet (Finetuned),FGSM,VGG16,Original,VGG16 (Original),Cifar10,0.4921,0.5079,0.5849,0.8683535647119166,False,False,cross_arch_cross_kind
InceptionNet,Finetuned,InceptionNet (Finetuned),FGSM,RegNetX_400MF,Finetuned,RegNetX_400MF (Finetuned),Cifar10,0.3355,0.6645,0.5849,1.1360916395965122,False,True,cross_arch_same_kind
InceptionNet,Finetuned,InceptionNet (Finetuned),FGSM,RegNetX_400MF,Original,RegNetX_400MF (Original),Cifar10,0.2771,0.7229,0.5849,1.235937767139682,False,False,cross_arch_cross_kind
InceptionNet,Finetuned,InceptionNet (Finetuned),FGSM,InceptionNet,Finetuned,InceptionNet (Finetuned),Cifar10,0.4151,0.5849,0.5849,1.0,True,True,self_same_kind
InceptionNet,Finetuned,InceptionNet (Finetuned),FGSM,InceptionNet,Original,InceptionNet (Original),Cifar10,0.4373,0.5627,0.5849,0.9620447939818773,True,False,same_arch_cross_kind
InceptionNet,Finetuned,InceptionNet (Finetuned),FGSM,MobileNet,Original,MobileNet (Original),Cifar10,0.3358,0.6642,0.5849,1.1355787314070782,False,False,cross_arch_cross_kind
InceptionNet,Finetuned,InceptionNet (Finetuned),FGSM,XceptionNet,Finetuned,XceptionNet (Finetuned),Cifar10,0.4875,0.5125,0.5849,0.8762181569499059,False,True,cross_arch_same_kind
InceptionNet,Finetuned,InceptionNet (Finetuned),FGSM,XceptionNet,Original,XceptionNet (Original),Cifar10,0.4732,0.5267999999999999,0.5849,0.9006667806462643,False,False,cross_arch_cross_kind
InceptionNet,Finetuned,InceptionNet (Finetuned),FGSM,ConvNeXt,Finetuned,ConvNeXt (Finetuned),Cifar10,0.0908,0.9092,0.5849,1.5544537527782527,False,True,cross_arch_same_kind
InceptionNet,Finetuned,InceptionNet (Finetuned),FGSM,ConvNeXt,Original,ConvNeXt (Original),Cifar10,0.347,0.653,0.5849,1.1164301590015389,False,False,cross_arch_cross_kind
InceptionNet,Finetuned,InceptionNet (Finetuned),BIM,VGG16,Finetuned,VGG16 (Finetuned),Cifar10,0.8832,0.11680000000000001,0.3198999999999999,0.3651140981556738,False,True,cross_arch_same_kind
InceptionNet,Finetuned,InceptionNet (Finetuned),BIM,VGG16,Original,VGG16 (Original),Cifar10,0.8851,0.1149,0.3198999999999999,0.35917474210690853,False,False,cross_arch_cross_kind
InceptionNet,Finetuned,InceptionNet (Finetuned),BIM,RegNetX_400MF,Finetuned,RegNetX_400MF (Finetuned),Cifar10,0.7424,0.25760000000000005,0.3198999999999999,0.805251641137856,False,True,cross_arch_same_kind
InceptionNet,Finetuned,InceptionNet (Finetuned),BIM,RegNetX_400MF,Original,RegNetX_400MF (Original),Cifar10,0.6675,0.3325,0.3198999999999999,1.0393873085339171,False,False,cross_arch_cross_kind
InceptionNet,Finetuned,InceptionNet (Finetuned),BIM,InceptionNet,Finetuned,InceptionNet (Finetuned),Cifar10,0.6801,0.31989999999999996,0.3198999999999999,1.0000000000000002,True,True,self_same_kind
InceptionNet,Finetuned,InceptionNet (Finetuned),BIM,InceptionNet,Original,InceptionNet (Original),Cifar10,0.8046,0.19540000000000002,0.3198999999999999,0.6108158799624885,True,False,same_arch_cross_kind
InceptionNet,Finetuned,InceptionNet (Finetuned),BIM,MobileNet,Original,MobileNet (Original),Cifar10,0.7421,0.2579,0.3198999999999999,0.8061894341981872,False,False,cross_arch_cross_kind
InceptionNet,Finetuned,InceptionNet (Finetuned),BIM,XceptionNet,Finetuned,XceptionNet (Finetuned),Cifar10,0.8552,0.14480000000000004,0.3198999999999999,0.4526414504532669,False,True,cross_arch_same_kind
InceptionNet,Finetuned,InceptionNet (Finetuned),BIM,XceptionNet,Original,XceptionNet (Original),Cifar10,0.84,0.16000000000000003,0.3198999999999999,0.5001562988433887,False,False,cross_arch_cross_kind
InceptionNet,Finetuned,InceptionNet (Finetuned),BIM,ConvNeXt,Finetuned,ConvNeXt (Finetuned),Cifar10,0.1188,0.8812,0.3198999999999999,2.754610815879963,False,True,cross_arch_same_kind
InceptionNet,Finetuned,InceptionNet (Finetuned),BIM,ConvNeXt,Original,ConvNeXt (Original),Cifar10,0.7177,0.2823,0.3198999999999999,0.8824632697718039,False,False,cross_arch_cross_kind
InceptionNet,Finetuned,InceptionNet (Finetuned),APGD,VGG16,Finetuned,VGG16 (Finetuned),Cifar10,0.5486,0.4514,0.8204,0.5502194051682107,False,True,cross_arch_same_kind
InceptionNet,Finetuned,InceptionNet (Finetuned),APGD,VGG16,Original,VGG16 (Original),Cifar10,0.5549,0.44510000000000005,0.8204,0.5425402242808387,False,False,cross_arch_cross_kind
InceptionNet,Finetuned,InceptionNet (Finetuned),APGD,RegNetX_400MF,Finetuned,RegNetX_400MF (Finetuned),Cifar10,0.3797,0.6203000000000001,0.8204,0.7560945880058508,False,True,cross_arch_same_kind
InceptionNet,Finetuned,InceptionNet (Finetuned),APGD,RegNetX_400MF,Original,RegNetX_400MF (Original),Cifar10,0.3389,0.6611,0.8204,0.8058264261335933,False,False,cross_arch_cross_kind
InceptionNet,Finetuned,InceptionNet (Finetuned),APGD,InceptionNet,Finetuned,InceptionNet (Finetuned),Cifar10,0.1797,0.8203,0.8204,0.999878108239883,True,True,self_same_kind
InceptionNet,Finetuned,InceptionNet (Finetuned),APGD,InceptionNet,Original,InceptionNet (Original),Cifar10,0.4376,0.5624,0.8204,0.6855192588980985,True,False,same_arch_cross_kind
InceptionNet,Finetuned,InceptionNet (Finetuned),APGD,MobileNet,Original,MobileNet (Original),Cifar10,0.3791,0.6209,0.8204,0.7568259385665529,False,False,cross_arch_cross_kind
InceptionNet,Finetuned,InceptionNet (Finetuned),APGD,XceptionNet,Finetuned,XceptionNet (Finetuned),Cifar10,0.5134,0.48660000000000003,0.8204,0.5931253047294003,False,True,cross_arch_same_kind
InceptionNet,Finetuned,InceptionNet (Finetuned),APGD,XceptionNet,Original,XceptionNet (Original),Cifar10,0.498,0.502,0.8204,0.6118966357874207,False,False,cross_arch_cross_kind
InceptionNet,Finetuned,InceptionNet (Finetuned),APGD,ConvNeXt,Finetuned,ConvNeXt (Finetuned),Cifar10,0.0928,0.9072,0.8204,1.10580204778157,False,True,cross_arch_same_kind
InceptionNet,Finetuned,InceptionNet (Finetuned),APGD,ConvNeXt,Original,ConvNeXt (Original),Cifar10,0.3967,0.6033,0.8204,0.735372988785958,False,False,cross_arch_cross_kind
InceptionNet,Finetuned,InceptionNet (Finetuned),CW,VGG16,Finetuned,VGG16 (Finetuned),Cifar10,0.5012,0.4988,0.9821,0.5078912534365136,False,True,cross_arch_same_kind
InceptionNet,Finetuned,InceptionNet (Finetuned),CW,VGG16,Original,VGG16 (Original),Cifar10,0.5097,0.49029999999999996,0.9821,0.49923633031259546,False,False,cross_arch_cross_kind
InceptionNet,Finetuned,InceptionNet (Finetuned),CW,RegNetX_400MF,Finetuned,RegNetX_400MF (Finetuned),Cifar10,0.3383,0.6617,0.9821,0.6737603095407799,False,True,cross_arch_same_kind
InceptionNet,Finetuned,InceptionNet (Finetuned),CW,RegNetX_400MF,Original,RegNetX_400MF (Original),Cifar10,0.2832,0.7168,0.9821,0.729864575908767,False,False,cross_arch_cross_kind
InceptionNet,Finetuned,InceptionNet (Finetuned),CW,InceptionNet,Finetuned,InceptionNet (Finetuned),Cifar10,0.0179,0.9821,0.9821,1.0,True,True,self_same_kind
InceptionNet,Finetuned,InceptionNet (Finetuned),CW,InceptionNet,Original,InceptionNet (Original),Cifar10,0.4472,0.5528,0.9821,0.5628754709296405,True,False,same_arch_cross_kind
InceptionNet,Finetuned,InceptionNet (Finetuned),CW,MobileNet,Original,MobileNet (Original),Cifar10,0.341,0.659,0.9821,0.6710110986661236,False,False,cross_arch_cross_kind
InceptionNet,Finetuned,InceptionNet (Finetuned),CW,XceptionNet,Finetuned,XceptionNet (Finetuned),Cifar10,0.5007,0.49929999999999997,0.9821,0.5084003665614499,False,True,cross_arch_same_kind
InceptionNet,Finetuned,InceptionNet (Finetuned),CW,XceptionNet,Original,XceptionNet (Original),Cifar10,0.4871,0.5129,0.9821,0.522248243559719,False,False,cross_arch_cross_kind
InceptionNet,Finetuned,InceptionNet (Finetuned),CW,ConvNeXt,Finetuned,ConvNeXt (Finetuned),Cifar10,0.0921,0.9079,0.9821,0.9244476122594442,False,True,cross_arch_same_kind
InceptionNet,Finetuned,InceptionNet (Finetuned),CW,ConvNeXt,Original,ConvNeXt (Original),Cifar10,0.3551,0.6449,0.9821,0.6566541085429183,False,False,cross_arch_cross_kind
InceptionNet,Finetuned,InceptionNet (Finetuned),DeepFool,VGG16,Finetuned,VGG16 (Finetuned),Cifar10,0.511,0.489,0.8558,0.5713951857910726,False,True,cross_arch_same_kind
InceptionNet,Finetuned,InceptionNet (Finetuned),DeepFool,VGG16,Original,VGG16 (Original),Cifar10,0.5188,0.48119999999999996,0.8558,0.5622809067539144,False,False,cross_arch_cross_kind
InceptionNet,Finetuned,InceptionNet (Finetuned),DeepFool,RegNetX_400MF,Finetuned,RegNetX_400MF (Finetuned),Cifar10,0.3354,0.6646000000000001,0.8558,0.7765833138583782,False,True,cross_arch_same_kind
InceptionNet,Finetuned,InceptionNet (Finetuned),DeepFool,RegNetX_400MF,Original,RegNetX_400MF (Original),Cifar10,0.2832,0.7168,0.8558,0.8375788735685907,False,False,cross_arch_cross_kind
InceptionNet,Finetuned,InceptionNet (Finetuned),DeepFool,InceptionNet,Finetuned,InceptionNet (Finetuned),Cifar10,0.1442,0.8558,0.8558,1.0,True,True,self_same_kind
InceptionNet,Finetuned,InceptionNet (Finetuned),DeepFool,InceptionNet,Original,InceptionNet (Original),Cifar10,0.4313,0.5687,0.8558,0.6645244215938303,True,False,same_arch_cross_kind
InceptionNet,Finetuned,InceptionNet (Finetuned),DeepFool,MobileNet,Original,MobileNet (Original),Cifar10,0.3371,0.6629,0.8558,0.7745968684272027,False,False,cross_arch_cross_kind
InceptionNet,Finetuned,InceptionNet (Finetuned),DeepFool,XceptionNet,Finetuned,XceptionNet (Finetuned),Cifar10,0.5009,0.4991,0.8558,0.5831970086468801,False,True,cross_arch_same_kind
InceptionNet,Finetuned,InceptionNet (Finetuned),DeepFool,XceptionNet,Original,XceptionNet (Original),Cifar10,0.4825,0.5175000000000001,0.8558,0.6046973591960739,False,False,cross_arch_cross_kind
InceptionNet,Finetuned,InceptionNet (Finetuned),DeepFool,ConvNeXt,Finetuned,ConvNeXt (Finetuned),Cifar10,0.086,0.914,0.8558,1.0680065435849497,False,True,cross_arch_same_kind
InceptionNet,Finetuned,InceptionNet (Finetuned),DeepFool,ConvNeXt,Original,ConvNeXt (Original),Cifar10,0.3596,0.6404000000000001,0.8558,0.7483056788969387,False,False,cross_arch_cross_kind
InceptionNet,Original,InceptionNet (Original),PGD,VGG16,Finetuned,VGG16 (Finetuned),Cifar10,0.4877,0.5123,0.7727999999999999,0.6629140786749482,False,False,cross_arch_cross_kind
InceptionNet,Original,InceptionNet (Original),PGD,VGG16,Original,VGG16 (Original),Cifar10,0.4958,0.5042,0.7727999999999999,0.652432712215321,False,True,cross_arch_same_kind
InceptionNet,Original,InceptionNet (Original),PGD,RegNetX_400MF,Finetuned,RegNetX_400MF (Finetuned),Cifar10,0.3326,0.6674,0.7727999999999999,0.8636128364389235,False,False,cross_arch_cross_kind
InceptionNet,Original,InceptionNet (Original),PGD,RegNetX_400MF,Original,RegNetX_400MF (Original),Cifar10,0.2747,0.7253000000000001,0.7727999999999999,0.9385351966873707,False,True,cross_arch_same_kind
InceptionNet,Original,InceptionNet (Original),PGD,InceptionNet,Finetuned,InceptionNet (Finetuned),Cifar10,0.4284,0.5716,0.7727999999999999,0.739648033126294,True,False,same_arch_cross_kind
InceptionNet,Original,InceptionNet (Original),PGD,InceptionNet,Original,InceptionNet (Original),Cifar10,0.2272,0.7727999999999999,0.7727999999999999,1.0,True,True,self_same_kind
InceptionNet,Original,InceptionNet (Original),PGD,MobileNet,Original,MobileNet (Original),Cifar10,0.334,0.6659999999999999,0.7727999999999999,0.8618012422360248,False,True,cross_arch_same_kind
InceptionNet,Original,InceptionNet (Original),PGD,XceptionNet,Finetuned,XceptionNet (Finetuned),Cifar10,0.4852,0.5147999999999999,0.7727999999999999,0.6661490683229814,False,False,cross_arch_cross_kind
InceptionNet,Original,InceptionNet (Original),PGD,XceptionNet,Original,XceptionNet (Original),Cifar10,0.4716,0.5284,0.7727999999999999,0.6837474120082816,False,True,cross_arch_same_kind
InceptionNet,Original,InceptionNet (Original),PGD,ConvNeXt,Finetuned,ConvNeXt (Finetuned),Cifar10,0.0908,0.9092,0.7727999999999999,1.1765010351966876,False,False,cross_arch_cross_kind
InceptionNet,Original,InceptionNet (Original),PGD,ConvNeXt,Original,ConvNeXt (Original),Cifar10,0.3478,0.6522,0.7727999999999999,0.843944099378882,False,True,cross_arch_same_kind
InceptionNet,Original,InceptionNet (Original),FGSM,VGG16,Finetuned,VGG16 (Finetuned),Cifar10,0.4843,0.5157,0.5968,0.8641085790884719,False,False,cross_arch_cross_kind
InceptionNet,Original,InceptionNet (Original),FGSM,VGG16,Original,VGG16 (Original),Cifar10,0.4959,0.5041,0.5968,0.844671581769437,False,True,cross_arch_same_kind
InceptionNet,Original,InceptionNet (Original),FGSM,RegNetX_400MF,Finetuned,RegNetX_400MF (Finetuned),Cifar10,0.3354,0.6646000000000001,0.5968,1.1136058981233246,False,False,cross_arch_cross_kind
InceptionNet,Original,InceptionNet (Original),FGSM,RegNetX_400MF,Original,RegNetX_400MF (Original),Cifar10,0.2781,0.7219,0.5968,1.209617962466488,False,True,cross_arch_same_kind
InceptionNet,Original,InceptionNet (Original),FGSM,InceptionNet,Finetuned,InceptionNet (Finetuned),Cifar10,0.4393,0.5607,0.5968,0.9395107238605898,True,False,same_arch_cross_kind
InceptionNet,Original,InceptionNet (Original),FGSM,InceptionNet,Original,InceptionNet (Original),Cifar10,0.4032,0.5968,0.5968,1.0,True,True,self_same_kind
InceptionNet,Original,InceptionNet (Original),FGSM,MobileNet,Original,MobileNet (Original),Cifar10,0.3389,0.6611,0.5968,1.1077412868632708,False,True,cross_arch_same_kind
InceptionNet,Original,InceptionNet (Original),FGSM,XceptionNet,Finetuned,XceptionNet (Finetuned),Cifar10,0.488,0.512,0.5968,0.8579088471849866,False,False,cross_arch_cross_kind
InceptionNet,Original,InceptionNet (Original),FGSM,XceptionNet,Original,XceptionNet (Original),Cifar10,0.473,0.527,0.5968,0.8830428954423593,False,True,cross_arch_same_kind
InceptionNet,Original,InceptionNet (Original),FGSM,ConvNeXt,Finetuned,ConvNeXt (Finetuned),Cifar10,0.0915,0.9085,0.5968,1.5222855227882037,False,False,cross_arch_cross_kind
InceptionNet,Original,InceptionNet (Original),FGSM,ConvNeXt,Original,ConvNeXt (Original),Cifar10,0.3494,0.6506000000000001,0.5968,1.0901474530831101,False,True,cross_arch_same_kind
InceptionNet,Original,InceptionNet (Original),BIM,VGG16,Finetuned,VGG16 (Finetuned),Cifar10,0.8865,0.11350000000000005,0.3564,0.31846240179573526,False,False,cross_arch_cross_kind
InceptionNet,Original,InceptionNet (Original),BIM,VGG16,Original,VGG16 (Original),Cifar10,0.8877,0.11229999999999996,0.3564,0.31509539842873163,False,True,cross_arch_same_kind
InceptionNet,Original,InceptionNet (Original),BIM,RegNetX_400MF,Finetuned,RegNetX_400MF (Finetuned),Cifar10,0.744,0.256,0.3564,0.718294051627385,False,False,cross_arch_cross_kind
InceptionNet,Original,InceptionNet (Original),BIM,RegNetX_400MF,Original,RegNetX_400MF (Original),Cifar10,0.6696,0.3304,0.3564,0.9270482603815938,False,True,cross_arch_same_kind
InceptionNet,Original,InceptionNet (Original),BIM,InceptionNet,Finetuned,InceptionNet (Finetuned),Cifar10,0.8188,0.18120000000000003,0.3564,0.5084175084175085,True,False,same_arch_cross_kind
InceptionNet,Original,InceptionNet (Original),BIM,InceptionNet,Original,InceptionNet (Original),Cifar10,0.6436,0.35640000000000005,0.3564,1.0000000000000002,True,True,self_same_kind
InceptionNet,Original,InceptionNet (Original),BIM,MobileNet,Original,MobileNet (Original),Cifar10,0.7399,0.2601,0.3564,0.7297979797979798,False,True,cross_arch_same_kind
InceptionNet,Original,InceptionNet (Original),BIM,XceptionNet,Finetuned,XceptionNet (Finetuned),Cifar10,0.8554,0.14459999999999995,0.3564,0.4057239057239056,False,False,cross_arch_cross_kind
InceptionNet,Original,InceptionNet (Original),BIM,XceptionNet,Original,XceptionNet (Original),Cifar10,0.8417,0.1583,0.3564,0.4441638608305275,False,True,cross_arch_same_kind
InceptionNet,Original,InceptionNet (Original),BIM,ConvNeXt,Finetuned,ConvNeXt (Finetuned),Cifar10,0.119,0.881,0.3564,2.4719416386083055,False,False,cross_arch_cross_kind
InceptionNet,Original,InceptionNet (Original),BIM,ConvNeXt,Original,ConvNeXt (Original),Cifar10,0.7178,0.2822,0.3564,0.7918069584736251,False,True,cross_arch_same_kind
InceptionNet,Original,InceptionNet (Original),APGD,VGG16,Finetuned,VGG16 (Finetuned),Cifar10,0.559,0.44099999999999995,0.8445,0.5222024866785079,False,False,cross_arch_cross_kind
InceptionNet,Original,InceptionNet (Original),APGD,VGG16,Original,VGG16 (Original),Cifar10,0.5633,0.4367,0.8445,0.5171107164002368,False,True,cross_arch_same_kind
InceptionNet,Original,InceptionNet (Original),APGD,RegNetX_400MF,Finetuned,RegNetX_400MF (Finetuned),Cifar10,0.382,0.618,0.8445,0.7317939609236234,False,False,cross_arch_cross_kind
InceptionNet,Original,InceptionNet (Original),APGD,RegNetX_400MF,Original,RegNetX_400MF (Original),Cifar10,0.3329,0.6671,0.8445,0.789934872705743,False,True,cross_arch_same_kind
InceptionNet,Original,InceptionNet (Original),APGD,InceptionNet,Finetuned,InceptionNet (Finetuned),Cifar10,0.4514,0.5486,0.8445,0.6496151568975724,True,False,same_arch_cross_kind
InceptionNet,Original,InceptionNet (Original),APGD,InceptionNet,Original,InceptionNet (Original),Cifar10,0.1555,0.8445,0.8445,1.0,True,True,self_same_kind
InceptionNet,Original,InceptionNet (Original),APGD,MobileNet,Original,MobileNet (Original),Cifar10,0.3819,0.6181,0.8445,0.7319123741859088,False,True,cross_arch_same_kind
InceptionNet,Original,InceptionNet (Original),APGD,XceptionNet,Finetuned,XceptionNet (Finetuned),Cifar10,0.5175,0.48250000000000004,0.8445,0.5713439905269391,False,False,cross_arch_cross_kind
InceptionNet,Original,InceptionNet (Original),APGD,XceptionNet,Original,XceptionNet (Original),Cifar10,0.5013,0.49870000000000003,0.8445,0.5905269390171699,False,True,cross_arch_same_kind
InceptionNet,Original,InceptionNet (Original),APGD,ConvNeXt,Finetuned,ConvNeXt (Finetuned),Cifar10,0.0894,0.9106,0.8445,1.0782711663706335,False,False,cross_arch_cross_kind
InceptionNet,Original,InceptionNet (Original),APGD,ConvNeXt,Original,ConvNeXt (Original),Cifar10,0.3969,0.6031,0.8445,0.7141503848431023,False,True,cross_arch_same_kind
InceptionNet,Original,InceptionNet (Original),CW,VGG16,Finetuned,VGG16 (Finetuned),Cifar10,0.5014,0.49860000000000004,0.9929,0.5021653741565113,False,False,cross_arch_cross_kind
InceptionNet,Original,InceptionNet (Original),CW,VGG16,Original,VGG16 (Original),Cifar10,0.5124,0.48760000000000003,0.9929,0.49108671568133755,False,True,cross_arch_same_kind
InceptionNet,Original,InceptionNet (Original),CW,RegNetX_400MF,Finetuned,RegNetX_400MF (Finetuned),Cifar10,0.3356,0.6644,0.9929,0.6691509719004934,False,False,cross_arch_cross_kind
InceptionNet,Original,InceptionNet (Original),CW,RegNetX_400MF,Original,RegNetX_400MF (Original),Cifar10,0.2792,0.7208,0.9929,0.7259542753550207,False,True,cross_arch_same_kind
InceptionNet,Original,InceptionNet (Original),CW,InceptionNet,Finetuned,InceptionNet (Finetuned),Cifar10,0.4531,0.5468999999999999,0.9929,0.5508107563702286,True,False,same_arch_cross_kind
InceptionNet,Original,InceptionNet (Original),CW,InceptionNet,Original,InceptionNet (Original),Cifar10,0.0071,0.9929,0.9929,1.0,True,True,self_same_kind
InceptionNet,Original,InceptionNet (Original),CW,MobileNet,Original,MobileNet (Original),Cifar10,0.3406,0.6594,0.9929,0.6641152180481418,False,True,cross_arch_same_kind
InceptionNet,Original,InceptionNet (Original),CW,XceptionNet,Finetuned,XceptionNet (Finetuned),Cifar10,0.5024,0.49760000000000004,0.9929,0.5011582233860409,False,False,cross_arch_cross_kind
InceptionNet,Original,InceptionNet (Original),CW,XceptionNet,Original,XceptionNet (Original),Cifar10,0.4885,0.5115000000000001,0.9929,0.5151576190955787,False,True,cross_arch_same_kind
InceptionNet,Original,InceptionNet (Original),CW,ConvNeXt,Finetuned,ConvNeXt (Finetuned),Cifar10,0.0917,0.9083,0.9929,0.9147950448182093,False,False,cross_arch_cross_kind
InceptionNet,Original,InceptionNet (Original),CW,ConvNeXt,Original,ConvNeXt (Original),Cifar10,0.3518,0.6482,0.9929,0.652835129418874,False,True,cross_arch_same_kind
InceptionNet,Original,InceptionNet (Original),DeepFool,VGG16,Finetuned,VGG16 (Finetuned),Cifar10,0.533,0.46699999999999997,0.8496,0.5496704331450094,False,False,cross_arch_cross_kind
InceptionNet,Original,InceptionNet (Original),DeepFool,VGG16,Original,VGG16 (Original),Cifar10,0.5385,0.4615,0.8496,0.5431967984934086,False,True,cross_arch_same_kind
InceptionNet,Original,InceptionNet (Original),DeepFool,RegNetX_400MF,Finetuned,RegNetX_400MF (Finetuned),Cifar10,0.3472,0.6528,0.8496,0.768361581920904,False,False,cross_arch_cross_kind
InceptionNet,Original,InceptionNet (Original),DeepFool,RegNetX_400MF,Original,RegNetX_400MF (Original),Cifar10,0.2888,0.7112,0.8496,0.8370998116760829,False,True,cross_arch_same_kind
InceptionNet,Original,InceptionNet (Original),DeepFool,InceptionNet,Finetuned,InceptionNet (Finetuned),Cifar10,0.4514,0.5486,0.8496,0.6457156308851224,True,False,same_arch_cross_kind
InceptionNet,Original,InceptionNet (Original),DeepFool,InceptionNet,Original,InceptionNet (Original),Cifar10,0.1504,0.8496,0.8496,1.0,True,True,self_same_kind
InceptionNet,Original,InceptionNet (Original),DeepFool,MobileNet,Original,MobileNet (Original),Cifar10,0.3449,0.6551,0.8496,0.7710687382297552,False,True,cross_arch_same_kind
InceptionNet,Original,InceptionNet (Original),DeepFool,XceptionNet,Finetuned,XceptionNet (Finetuned),Cifar10,0.5117,0.48829999999999996,0.8496,0.5747410546139359,False,False,cross_arch_cross_kind
InceptionNet,Original,InceptionNet (Original),DeepFool,XceptionNet,Original,XceptionNet (Original),Cifar10,0.4921,0.5079,0.8496,0.5978107344632768,False,True,cross_arch_same_kind
InceptionNet,Original,InceptionNet (Original),DeepFool,ConvNeXt,Finetuned,ConvNeXt (Finetuned),Cifar10,0.0862,0.9138,0.8496,1.0755649717514124,False,False,cross_arch_cross_kind
InceptionNet,Original,InceptionNet (Original),DeepFool,ConvNeXt,Original,ConvNeXt (Original),Cifar10,0.3632,0.6368,0.8496,0.7495291902071564,False,True,cross_arch_same_kind
InceptionNet,Finetuned,InceptionNet (Finetuned),PGD,VGG16,Finetuned,VGG16 (Finetuned),Cifar100,0.2063,0.7937,0.9157,0.8667685923337337,False,True,cross_arch_same_kind
InceptionNet,Finetuned,InceptionNet (Finetuned),PGD,VGG16,Original,VGG16 (Original),Cifar100,0.1321,0.8679,0.9157,0.9477994976520695,False,False,cross_arch_cross_kind
InceptionNet,Finetuned,InceptionNet (Finetuned),PGD,RegNetX_400MF,Finetuned,RegNetX_400MF (Finetuned),Cifar100,0.0826,0.9174,0.9157,1.0018565032215792,False,True,cross_arch_same_kind
InceptionNet,Finetuned,InceptionNet (Finetuned),PGD,RegNetX_400MF,Original,RegNetX_400MF (Original),Cifar100,0.0627,0.9373,0.9157,1.0235885115212406,False,False,cross_arch_cross_kind
InceptionNet,Finetuned,InceptionNet (Finetuned),PGD,InceptionNet,Finetuned,InceptionNet (Finetuned),Cifar100,0.0843,0.9157,0.9157,1.0,True,True,self_same_kind
InceptionNet,Finetuned,InceptionNet (Finetuned),PGD,InceptionNet,Original,InceptionNet (Original),Cifar100,0.1373,0.8627,0.9157,0.9421207819154745,True,False,same_arch_cross_kind
InceptionNet,Finetuned,InceptionNet (Finetuned),PGD,MobileNet,Original,MobileNet (Original),Cifar100,0.0976,0.9024,0.9157,0.9854755924429398,False,False,cross_arch_cross_kind
InceptionNet,Finetuned,InceptionNet (Finetuned),PGD,XceptionNet,Finetuned,XceptionNet (Finetuned),Cifar100,0.1837,0.8163,0.9157,0.8914491645735504,False,True,cross_arch_same_kind
InceptionNet,Finetuned,InceptionNet (Finetuned),PGD,XceptionNet,Original,XceptionNet (Original),Cifar100,0.1796,0.8204,0.9157,0.8959266135197117,False,False,cross_arch_cross_kind
InceptionNet,Finetuned,InceptionNet (Finetuned),PGD,ConvNeXt,Finetuned,ConvNeXt (Finetuned),Cifar100,0.01,0.99,0.9157,1.0811401113901933,False,True,cross_arch_same_kind
InceptionNet,Finetuned,InceptionNet (Finetuned),PGD,ConvNeXt,Original,ConvNeXt (Original),Cifar100,0.1123,0.8877,0.9157,0.9694222998798734,False,False,cross_arch_cross_kind
InceptionNet,Finetuned,InceptionNet (Finetuned),FGSM,VGG16,Finetuned,VGG16 (Finetuned),Cifar100,0.2067,0.7933,0.8424,0.9417141500474834,False,True,cross_arch_same_kind
InceptionNet,Finetuned,InceptionNet (Finetuned),FGSM,VGG16,Original,VGG16 (Original),Cifar100,0.1362,0.8638,0.8424,1.025403608736942,False,False,cross_arch_cross_kind
InceptionNet,Finetuned,InceptionNet (Finetuned),FGSM,RegNetX_400MF,Finetuned,RegNetX_400MF (Finetuned),Cifar100,0.082,0.918,0.8424,1.0897435897435896,False,True,cross_arch_same_kind
InceptionNet,Finetuned,InceptionNet (Finetuned),FGSM,RegNetX_400MF,Original,RegNetX_400MF (Original),Cifar100,0.0637,0.9363,0.8424,1.1114672364672364,False,False,cross_arch_cross_kind
InceptionNet,Finetuned,InceptionNet (Finetuned),FGSM,InceptionNet,Finetuned,InceptionNet (Finetuned),Cifar100,0.1576,0.8424,0.8424,1.0,True,True,self_same_kind
InceptionNet,Finetuned,InceptionNet (Finetuned),FGSM,InceptionNet,Original,InceptionNet (Original),Cifar100,0.1469,0.8531,0.8424,1.012701804368471,True,False,same_arch_cross_kind
InceptionNet,Finetuned,InceptionNet (Finetuned),FGSM,MobileNet,Original,MobileNet (Original),Cifar100,0.101,0.899,0.8424,1.0671889838556505,False,False,cross_arch_cross_kind
InceptionNet,Finetuned,InceptionNet (Finetuned),FGSM,XceptionNet,Finetuned,XceptionNet (Finetuned),Cifar100,0.1878,0.8122,0.8424,0.9641500474833808,False,True,cross_arch_same_kind
InceptionNet,Finetuned,InceptionNet (Finetuned),FGSM,XceptionNet,Original,XceptionNet (Original),Cifar100,0.1849,0.8150999999999999,0.8424,0.9675925925925924,False,False,cross_arch_cross_kind
InceptionNet,Finetuned,InceptionNet (Finetuned),FGSM,ConvNeXt,Finetuned,ConvNeXt (Finetuned),Cifar100,0.0099,0.9901,0.8424,1.175332383665717,False,True,cross_arch_same_kind
InceptionNet,Finetuned,InceptionNet (Finetuned),FGSM,ConvNeXt,Original,ConvNeXt (Original),Cifar100,0.1138,0.8862,0.8424,1.0519943019943019,False,False,cross_arch_cross_kind
InceptionNet,Finetuned,InceptionNet (Finetuned),BIM,VGG16,Finetuned,VGG16 (Finetuned),Cifar100,0.6162,0.38380000000000003,0.6402,0.5995001562011871,False,True,cross_arch_same_kind
InceptionNet,Finetuned,InceptionNet (Finetuned),BIM,VGG16,Original,VGG16 (Original),Cifar100,0.4846,0.5154000000000001,0.6402,0.8050609184629804,False,False,cross_arch_cross_kind
InceptionNet,Finetuned,InceptionNet (Finetuned),BIM,RegNetX_400MF,Finetuned,RegNetX_400MF (Finetuned),Cifar100,0.338,0.6619999999999999,0.6402,1.0340518587941268,False,True,cross_arch_same_kind
InceptionNet,Finetuned,InceptionNet (Finetuned),BIM,RegNetX_400MF,Original,RegNetX_400MF (Original),Cifar100,0.2853,0.7147,0.6402,1.1163698844111216,False,False,cross_arch_cross_kind
InceptionNet,Finetuned,InceptionNet (Finetuned),BIM,InceptionNet,Finetuned,InceptionNet (Finetuned),Cifar100,0.3598,0.6402,0.6402,1.0,True,True,self_same_kind
InceptionNet,Finetuned,InceptionNet (Finetuned),BIM,InceptionNet,Original,InceptionNet (Original),Cifar100,0.473,0.527,0.6402,0.823180256169947,True,False,same_arch_cross_kind
InceptionNet,Finetuned,InceptionNet (Finetuned),BIM,MobileNet,Original,MobileNet (Original),Cifar100,0.3543,0.6456999999999999,0.6402,1.0085910652920962,False,False,cross_arch_cross_kind
InceptionNet,Finetuned,InceptionNet (Finetuned),BIM,XceptionNet,Finetuned,XceptionNet (Finetuned),Cifar100,0.5364,0.4636,0.6402,0.7241487035301468,False,True,cross_arch_same_kind
InceptionNet,Finetuned,InceptionNet (Finetuned),BIM,XceptionNet,Original,XceptionNet (Original),Cifar100,0.528,0.472,0.6402,0.7372696032489847,False,False,cross_arch_cross_kind
InceptionNet,Finetuned,InceptionNet (Finetuned),BIM,ConvNeXt,Finetuned,ConvNeXt (Finetuned),Cifar100,0.008,0.992,0.6402,1.5495157763199001,False,True,cross_arch_same_kind
InceptionNet,Finetuned,InceptionNet (Finetuned),BIM,ConvNeXt,Original,ConvNeXt (Original),Cifar100,0.3603,0.6396999999999999,0.6402,0.9992189940643548,False,False,cross_arch_cross_kind
InceptionNet,Finetuned,InceptionNet (Finetuned),APGD,VGG16,Finetuned,VGG16 (Finetuned),Cifar100,0.3464,0.6536,0.9418,0.6939902314716501,False,True,cross_arch_same_kind
InceptionNet,Finetuned,InceptionNet (Finetuned),APGD,VGG16,Original,VGG16 (Original),Cifar100,0.2344,0.7656000000000001,0.9418,0.8129114461669145,False,False,cross_arch_cross_kind
InceptionNet,Finetuned,InceptionNet (Finetuned),APGD,RegNetX_400MF,Finetuned,RegNetX_400MF (Finetuned),Cifar100,0.1419,0.8581,0.9418,0.9111276279464855,False,True,cross_arch_same_kind
InceptionNet,Finetuned,InceptionNet (Finetuned),APGD,RegNetX_400MF,Original,RegNetX_400MF (Original),Cifar100,0.1211,0.8789,0.9418,0.9332129963898917,False,False,cross_arch_cross_kind
InceptionNet,Finetuned,InceptionNet (Finetuned),APGD,InceptionNet,Finetuned,InceptionNet (Finetuned),Cifar100,0.0582,0.9418,0.9418,1.0,True,True,self_same_kind
InceptionNet,Finetuned,InceptionNet (Finetuned),APGD,InceptionNet,Original,InceptionNet (Original),Cifar100,0.2025,0.7975,0.9418,0.8467827564238692,True,False,same_arch_cross_kind
InceptionNet,Finetuned,InceptionNet (Finetuned),APGD,MobileNet,Original,MobileNet (Original),Cifar100,0.1567,0.8432999999999999,0.9418,0.895413038861754,False,False,cross_arch_cross_kind
InceptionNet,Finetuned,InceptionNet (Finetuned),APGD,XceptionNet,Finetuned,XceptionNet (Finetuned),Cifar100,0.264,0.736,0.9418,0.7814822679974517,False,True,cross_arch_same_kind
InceptionNet,Finetuned,InceptionNet (Finetuned),APGD,XceptionNet,Original,XceptionNet (Original),Cifar100,0.2593,0.7407,0.9418,0.7864727118284137,False,False,cross_arch_cross_kind
InceptionNet,Finetuned,InceptionNet (Finetuned),APGD,ConvNeXt,Finetuned,ConvNeXt (Finetuned),Cifar100,0.0091,0.9909,0.9418,1.0521342110851561,False,True,cross_arch_same_kind
InceptionNet,Finetuned,InceptionNet (Finetuned),APGD,ConvNeXt,Original,ConvNeXt (Original),Cifar100,0.172,0.8280000000000001,0.9418,0.8791675514971332,False,False,cross_arch_cross_kind
InceptionNet,Finetuned,InceptionNet (Finetuned),CW,VGG16,Finetuned,VGG16 (Finetuned),Cifar100,0.2263,0.7737,0.985,0.7854822335025381,False,True,cross_arch_same_kind
InceptionNet,Finetuned,InceptionNet (Finetuned),CW,VGG16,Original,VGG16 (Original),Cifar100,0.1438,0.8562,0.985,0.869238578680203,False,False,cross_arch_cross_kind
InceptionNet,Finetuned,InceptionNet (Finetuned),CW,RegNetX_400MF,Finetuned,RegNetX_400MF (Finetuned),Cifar100,0.0901,0.9099,0.985,0.923756345177665,False,True,cross_arch_same_kind
InceptionNet,Finetuned,InceptionNet (Finetuned),CW,RegNetX_400MF,Original,RegNetX_400MF (Original),Cifar100,0.0691,0.9309000000000001,0.985,0.9450761421319798,False,False,cross_arch_cross_kind
InceptionNet,Finetuned,InceptionNet (Finetuned),CW,InceptionNet,Finetuned,InceptionNet (Finetuned),Cifar100,0.0553,0.9447,0.985,0.9590862944162436,True,True,self_same_kind
InceptionNet,Finetuned,InceptionNet (Finetuned),CW,InceptionNet,Original,InceptionNet (Original),Cifar100,0.1576,0.8424,0.985,0.8552284263959391,True,False,same_arch_cross_kind
InceptionNet,Finetuned,InceptionNet (Finetuned),CW,MobileNet,Original,MobileNet (Original),Cifar100,0.1062,0.8938,0.985,0.9074111675126904,False,False,cross_arch_cross_kind
InceptionNet,Finetuned,InceptionNet (Finetuned),CW,XceptionNet,Finetuned,XceptionNet (Finetuned),Cifar100,0.2018,0.7982,0.985,0.8103553299492386,False,True,cross_arch_same_kind
InceptionNet,Finetuned,InceptionNet (Finetuned),CW,XceptionNet,Original,XceptionNet (Original),Cifar100,0.1967,0.8033,0.985,0.8155329949238579,False,False,cross_arch_cross_kind
InceptionNet,Finetuned,InceptionNet (Finetuned),CW,ConvNeXt,Finetuned,ConvNeXt (Finetuned),Cifar100,0.0101,0.9899,0.985,1.00497461928934,False,True,cross_arch_same_kind
InceptionNet,Finetuned,InceptionNet (Finetuned),CW,ConvNeXt,Original,ConvNeXt (Original),Cifar100,0.1186,0.8814,0.985,0.8948223350253807,False,False,cross_arch_cross_kind
InceptionNet,Finetuned,InceptionNet (Finetuned),DeepFool,VGG16,Finetuned,VGG16 (Finetuned),Cifar100,0.3386,0.6614,,,False,True,cross_arch_same_kind
InceptionNet,Finetuned,InceptionNet (Finetuned),DeepFool,VGG16,Original,VGG16 (Original),Cifar100,0.218,0.782,,,False,False,cross_arch_cross_kind
InceptionNet,Finetuned,InceptionNet (Finetuned),DeepFool,RegNetX_400MF,Finetuned,RegNetX_400MF (Finetuned),Cifar100,0.1199,0.8801,,,False,True,cross_arch_same_kind
InceptionNet,Finetuned,InceptionNet (Finetuned),DeepFool,RegNetX_400MF,Original,RegNetX_400MF (Original),Cifar100,0.0964,0.9036,,,False,False,cross_arch_cross_kind
InceptionNet,Finetuned,InceptionNet (Finetuned),DeepFool,InceptionNet,Finetuned,InceptionNet (Finetuned),Cifar100,0.0538,0.9462,,,True,True,self_same_kind
InceptionNet,Finetuned,InceptionNet (Finetuned),DeepFool,InceptionNet,Original,InceptionNet (Original),Cifar100,0.1992,0.8008,,,True,False,same_arch_cross_kind
InceptionNet,Finetuned,InceptionNet (Finetuned),DeepFool,MobileNet,Original,MobileNet (Original),Cifar100,0.1399,0.8601,,,False,False,cross_arch_cross_kind
InceptionNet,Finetuned,InceptionNet (Finetuned),DeepFool,XceptionNet,Finetuned,XceptionNet (Finetuned),Cifar100,0.2628,0.7372000000000001,,,False,True,cross_arch_same_kind
InceptionNet,Finetuned,InceptionNet (Finetuned),DeepFool,XceptionNet,Original,XceptionNet (Original),Cifar100,0.2597,0.7403,,,False,False,cross_arch_cross_kind
InceptionNet,Finetuned,InceptionNet (Finetuned),DeepFool,ConvNeXt,Finetuned,ConvNeXt (Finetuned),Cifar100,0.0093,0.9907,,,False,True,cross_arch_same_kind
InceptionNet,Finetuned,InceptionNet (Finetuned),DeepFool,ConvNeXt,Original,ConvNeXt (Original),Cifar100,0.1528,0.8472,,,False,False,cross_arch_cross_kind
InceptionNet,Original,InceptionNet (Original),PGD,VGG16,Finetuned,VGG16 (Finetuned),Cifar100,0.209,0.791,0.9398,0.8416684400936371,False,False,cross_arch_cross_kind
InceptionNet,Original,InceptionNet (Original),PGD,VGG16,Original,VGG16 (Original),Cifar100,0.1317,0.8683,0.9398,0.923919982975101,False,True,cross_arch_same_kind
InceptionNet,Original,InceptionNet (Original),PGD,RegNetX_400MF,Finetuned,RegNetX_400MF (Finetuned),Cifar100,0.0841,0.9159,0.9398,0.9745690572462227,False,False,cross_arch_cross_kind
InceptionNet,Original,InceptionNet (Original),PGD,RegNetX_400MF,Original,RegNetX_400MF (Original),Cifar100,0.0634,0.9366,0.9398,0.9965950202170675,False,True,cross_arch_same_kind
InceptionNet,Original,InceptionNet (Original),PGD,InceptionNet,Finetuned,InceptionNet (Finetuned),Cifar100,0.1615,0.8385,0.9398,0.8922111087465419,True,False,same_arch_cross_kind
InceptionNet,Original,InceptionNet (Original),PGD,InceptionNet,Original,InceptionNet (Original),Cifar100,0.0602,0.9398,0.9398,1.0,True,True,self_same_kind
InceptionNet,Original,InceptionNet (Original),PGD,MobileNet,Original,MobileNet (Original),Cifar100,0.0987,0.9013,0.9398,0.959033836986593,False,True,cross_arch_same_kind
InceptionNet,Original,InceptionNet (Original),PGD,XceptionNet,Finetuned,XceptionNet (Finetuned),Cifar100,0.1901,0.8099000000000001,0.9398,0.8617791019365824,False,False,cross_arch_cross_kind
InceptionNet,Original,InceptionNet (Original),PGD,XceptionNet,Original,XceptionNet (Original),Cifar100,0.185,0.815,0.9398,0.867205788465631,False,True,cross_arch_same_kind
InceptionNet,Original,InceptionNet (Original),PGD,ConvNeXt,Finetuned,ConvNeXt (Finetuned),Cifar100,0.0099,0.9901,0.9398,1.053522025962971,False,False,cross_arch_cross_kind
InceptionNet,Original,InceptionNet (Original),PGD,ConvNeXt,Original,ConvNeXt (Original),Cifar100,0.1128,0.8872,0.9398,0.9440306448180464,False,True,cross_arch_same_kind
InceptionNet,Original,InceptionNet (Original),FGSM,VGG16,Finetuned,VGG16 (Finetuned),Cifar100,0.208,0.792,0.8649,0.9157127991675339,False,False,cross_arch_cross_kind
InceptionNet,Original,InceptionNet (Original),FGSM,VGG16,Original,VGG16 (Original),Cifar100,0.1345,0.8654999999999999,0.8649,1.0006937218175511,False,True,cross_arch_same_kind
InceptionNet,Original,InceptionNet (Original),FGSM,RegNetX_400MF,Finetuned,RegNetX_400MF (Finetuned),Cifar100,0.0827,0.9173,0.8649,1.0605850387328015,False,False,cross_arch_cross_kind
InceptionNet,Original,InceptionNet (Original),FGSM,RegNetX_400MF,Original,RegNetX_400MF (Original),Cifar100,0.0637,0.9363,0.8649,1.0825528962885882,False,True,cross_arch_same_kind
InceptionNet,Original,InceptionNet (Original),FGSM,InceptionNet,Finetuned,InceptionNet (Finetuned),Cifar100,0.1669,0.8331,0.8649,0.9632327436697884,True,False,same_arch_cross_kind
InceptionNet,Original,InceptionNet (Original),FGSM,InceptionNet,Original,InceptionNet (Original),Cifar100,0.1351,0.8649,0.8649,1.0,True,True,self_same_kind
InceptionNet,Original,InceptionNet (Original),FGSM,MobileNet,Original,MobileNet (Original),Cifar100,0.1003,0.8996999999999999,0.8649,1.0402358654179673,False,True,cross_arch_same_kind
InceptionNet,Original,InceptionNet (Original),FGSM,XceptionNet,Finetuned,XceptionNet (Finetuned),Cifar100,0.192,0.808,0.8649,0.9342120476355649,False,False,cross_arch_cross_kind
InceptionNet,Original,InceptionNet (Original),FGSM,XceptionNet,Original,XceptionNet (Original),Cifar100,0.1881,0.8119000000000001,0.8649,0.9387212394496475,False,True,cross_arch_same_kind
InceptionNet,Original,InceptionNet (Original),FGSM,ConvNeXt,Finetuned,ConvNeXt (Finetuned),Cifar100,0.0098,0.9902,0.8649,1.1448722395652675,False,False,cross_arch_cross_kind
InceptionNet,Original,InceptionNet (Original),FGSM,ConvNeXt,Original,ConvNeXt (Original),Cifar100,0.1137,0.8863,0.8649,1.0247427448259914,False,True,cross_arch_same_kind
InceptionNet,Original,InceptionNet (Original),BIM,VGG16,Finetuned,VGG16 (Finetuned),Cifar100,0.6242,0.3758,0.7007,0.5363208220351078,False,False,cross_arch_cross_kind
InceptionNet,Original,InceptionNet (Original),BIM,VGG16,Original,VGG16 (Original),Cifar100,0.4858,0.5142,0.7007,0.7338375909804481,False,True,cross_arch_same_kind
InceptionNet,Original,InceptionNet (Original),BIM,RegNetX_400MF,Finetuned,RegNetX_400MF (Finetuned),Cifar100,0.3396,0.6604,0.7007,0.9424860853432282,False,False,cross_arch_cross_kind
InceptionNet,Original,InceptionNet (Original),BIM,RegNetX_400MF,Original,RegNetX_400MF (Original),Cifar100,0.2863,0.7137,0.7007,1.018552875695733,False,True,cross_arch_same_kind
InceptionNet,Original,InceptionNet (Original),BIM,InceptionNet,Finetuned,InceptionNet (Finetuned),Cifar100,0.512,0.488,0.7007,0.696446410732125,True,False,same_arch_cross_kind
InceptionNet,Original,InceptionNet (Original),BIM,InceptionNet,Original,InceptionNet (Original),Cifar100,0.2993,0.7007,0.7007,1.0,True,True,self_same_kind
InceptionNet,Original,InceptionNet (Original),BIM,MobileNet,Original,MobileNet (Original),Cifar100,0.3573,0.6427,0.7007,0.9172256315113458,False,True,cross_arch_same_kind
InceptionNet,Original,InceptionNet (Original),BIM,XceptionNet,Finetuned,XceptionNet (Finetuned),Cifar100,0.5443,0.4557,0.7007,0.6503496503496503,False,False,cross_arch_cross_kind
InceptionNet,Original,InceptionNet (Original),BIM,XceptionNet,Original,XceptionNet (Original),Cifar100,0.5347,0.46530000000000005,0.7007,0.664050235478807,False,True,cross_arch_same_kind
InceptionNet,Original,InceptionNet (Original),BIM,ConvNeXt,Finetuned,ConvNeXt (Finetuned),Cifar100,0.0081,0.9919,0.7007,1.4155844155844155,False,False,cross_arch_cross_kind
InceptionNet,Original,InceptionNet (Original),BIM,ConvNeXt,Original,ConvNeXt (Original),Cifar100,0.3606,0.6394,0.7007,0.9125160553731982,False,True,cross_arch_same_kind
InceptionNet,Original,InceptionNet (Original),APGD,VGG16,Finetuned,VGG16 (Finetuned),Cifar100,0.3572,0.6428,0.9611,0.6688169805431278,False,False,cross_arch_cross_kind
InceptionNet,Original,InceptionNet (Original),APGD,VGG16,Original,VGG16 (Original),Cifar100,0.235,0.765,0.9611,0.7959629591093539,False,True,cross_arch_same_kind
InceptionNet,Original,InceptionNet (Original),APGD,RegNetX_400MF,Finetuned,RegNetX_400MF (Finetuned),Cifar100,0.1429,0.8571,0.9611,0.8917906565393819,False,False,cross_arch_cross_kind
InceptionNet,Original,InceptionNet (Original),APGD,RegNetX_400MF,Original,RegNetX_400MF (Original),Cifar100,0.122,0.878,0.9611,0.9135365726771408,False,True,cross_arch_same_kind
InceptionNet,Original,InceptionNet (Original),APGD,InceptionNet,Finetuned,InceptionNet (Finetuned),Cifar100,0.2388,0.7612,0.9611,0.792009156175216,True,False,same_arch_cross_kind
InceptionNet,Original,InceptionNet (Original),APGD,InceptionNet,Original,InceptionNet (Original),Cifar100,0.0389,0.9611,0.9611,1.0,True,True,self_same_kind
InceptionNet,Original,InceptionNet (Original),APGD,MobileNet,Original,MobileNet (Original),Cifar100,0.1589,0.8411,0.9611,0.8751430652377484,False,True,cross_arch_same_kind
InceptionNet,Original,InceptionNet (Original),APGD,XceptionNet,Finetuned,XceptionNet (Finetuned),Cifar100,0.2868,0.7132000000000001,0.9611,0.7420663822703154,False,False,cross_arch_cross_kind
InceptionNet,Original,InceptionNet (Original),APGD,XceptionNet,Original,XceptionNet (Original),Cifar100,0.2749,0.7251000000000001,0.9611,0.7544480283009053,False,True,cross_arch_same_kind
InceptionNet,Original,InceptionNet (Original),APGD,ConvNeXt,Finetuned,ConvNeXt (Finetuned),Cifar100,0.0092,0.9908,0.9611,1.0309020913536573,False,False,cross_arch_cross_kind
InceptionNet,Original,InceptionNet (Original),APGD,ConvNeXt,Original,ConvNeXt (Original),Cifar100,0.1732,0.8268,0.9611,0.8602642805119135,False,True,cross_arch_same_kind
InceptionNet,Original,InceptionNet (Original),CW,VGG16,Finetuned,VGG16 (Finetuned),Cifar100,0.2232,0.7767999999999999,0.9965,0.7795283492222779,False,False,cross_arch_cross_kind
InceptionNet,Original,InceptionNet (Original),CW,VGG16,Original,VGG16 (Original),Cifar100,0.1399,0.8601,0.9965,0.8631209232313095,False,True,cross_arch_same_kind
InceptionNet,Original,InceptionNet (Original),CW,RegNetX_400MF,Finetuned,RegNetX_400MF (Finetuned),Cifar100,0.0859,0.9141,0.9965,0.9173105870546914,False,False,cross_arch_cross_kind
InceptionNet,Original,InceptionNet (Original),CW,RegNetX_400MF,Original,RegNetX_400MF (Original),Cifar100,0.0651,0.9349,0.9965,0.9381836427496236,False,True,cross_arch_same_kind
InceptionNet,Original,InceptionNet (Original),CW,InceptionNet,Finetuned,InceptionNet (Finetuned),Cifar100,0.1749,0.8251,0.9965,0.8279979929754139,True,False,same_arch_cross_kind
InceptionNet,Original,InceptionNet (Original),CW,InceptionNet,Original,InceptionNet (Original),Cifar100,0.0389,0.9611,0.9965,0.9644756648268941,True,True,self_same_kind
InceptionNet,Original,InceptionNet (Original),CW,MobileNet,Original,MobileNet (Original),Cifar100,0.1033,0.8967,0.9965,0.8998494731560461,False,True,cross_arch_same_kind
InceptionNet,Original,InceptionNet (Original),CW,XceptionNet,Finetuned,XceptionNet (Finetuned),Cifar100,0.2009,0.7991,0.9965,0.8019066733567486,False,False,cross_arch_cross_kind
InceptionNet,Original,InceptionNet (Original),CW,XceptionNet,Original,XceptionNet (Original),Cifar100,0.1959,0.8041,0.9965,0.8069242348218766,False,True,cross_arch_same_kind
InceptionNet,Original,InceptionNet (Original),CW,ConvNeXt,Finetuned,ConvNeXt (Finetuned),Cifar100,0.0101,0.9899,0.9965,0.993376818866031,False,False,cross_arch_cross_kind
InceptionNet,Original,InceptionNet (Original),CW,ConvNeXt,Original,ConvNeXt (Original),Cifar100,0.1153,0.8847,0.9965,0.8878073256397391,False,True,cross_arch_same_kind
MobileNet,Original,MobileNet (Original),PGD,VGG16,Finetuned,VGG16 (Finetuned),Cifar10,0.5034,0.49660000000000004,0.8903,0.5577895091542178,False,False,cross_arch_cross_kind
MobileNet,Original,MobileNet (Original),PGD,VGG16,Original,VGG16 (Original),Cifar10,0.5133,0.4867,0.8903,0.5466696619117152,False,True,cross_arch_same_kind
MobileNet,Original,MobileNet (Original),PGD,RegNetX_400MF,Finetuned,RegNetX_400MF (Finetuned),Cifar10,0.3284,0.6716,0.8903,0.7543524654610805,False,False,cross_arch_cross_kind
MobileNet,Original,MobileNet (Original),PGD,RegNetX_400MF,Original,RegNetX_400MF (Original),Cifar10,0.2617,0.7383,0.8903,0.8292710322363248,False,True,cross_arch_same_kind
MobileNet,Original,MobileNet (Original),PGD,InceptionNet,Finetuned,InceptionNet (Finetuned),Cifar10,0.4594,0.5406,0.8903,0.6072110524542289,False,False,cross_arch_cross_kind
MobileNet,Original,MobileNet (Original),PGD,InceptionNet,Original,InceptionNet (Original),Cifar10,0.4575,0.5425,0.8903,0.6093451645512749,False,True,cross_arch_same_kind
MobileNet,Original,MobileNet (Original),PGD,MobileNet,Original,MobileNet (Original),Cifar10,0.1097,0.8903,0.8903,1.0,True,True,self_same_kind
MobileNet,Original,MobileNet (Original),PGD,XceptionNet,Finetuned,XceptionNet (Finetuned),Cifar10,0.4973,0.5026999999999999,0.8903,0.5646411322026282,False,False,cross_arch_cross_kind
MobileNet,Original,MobileNet (Original),PGD,XceptionNet,Original,XceptionNet (Original),Cifar10,0.4794,0.5206,0.8903,0.5847467145905874,False,True,cross_arch_same_kind
MobileNet,Original,MobileNet (Original),PGD,ConvNeXt,Finetuned,ConvNeXt (Finetuned),Cifar10,0.0918,0.9082,0.8903,1.0201055823879592,False,False,cross_arch_cross_kind
MobileNet,Original,MobileNet (Original),PGD,ConvNeXt,Original,ConvNeXt (Original),Cifar10,0.3522,0.6477999999999999,0.8903,0.7276199034033471,False,True,cross_arch_same_kind
MobileNet,Original,MobileNet (Original),FGSM,VGG16,Finetuned,VGG16 (Finetuned),Cifar10,0.4977,0.5023,0.7011000000000001,0.7164455855084866,False,False,cross_arch_cross_kind
MobileNet,Original,MobileNet (Original),FGSM,VGG16,Original,VGG16 (Original),Cifar10,0.5098,0.49019999999999997,0.7011000000000001,0.6991869918699186,False,True,cross_arch_same_kind
MobileNet,Original,MobileNet (Original),FGSM,RegNetX_400MF,Finetuned,RegNetX_400MF (Finetuned),Cifar10,0.3338,0.6662,0.7011000000000001,0.9502210811581799,False,False,cross_arch_cross_kind
MobileNet,Original,MobileNet (Original),FGSM,RegNetX_400MF,Original,RegNetX_400MF (Original),Cifar10,0.2717,0.7283,0.7011000000000001,1.0387961774354584,False,True,cross_arch_same_kind
MobileNet,Original,MobileNet (Original),FGSM,InceptionNet,Finetuned,InceptionNet (Finetuned),Cifar10,0.4582,0.5418000000000001,0.7011000000000001,0.772785622593068,False,False,cross_arch_cross_kind
MobileNet,Original,MobileNet (Original),FGSM,InceptionNet,Original,InceptionNet (Original),Cifar10,0.459,0.5409999999999999,0.7011000000000001,0.7716445585508485,False,True,cross_arch_same_kind
MobileNet,Original,MobileNet (Original),FGSM,MobileNet,Original,MobileNet (Original),Cifar10,0.2989,0.7011000000000001,0.7011000000000001,1.0,True,True,self_same_kind
MobileNet,Original,MobileNet (Original),FGSM,XceptionNet,Finetuned,XceptionNet (Finetuned),Cifar10,0.4984,0.5016,0.7011000000000001,0.7154471544715447,False,False,cross_arch_cross_kind
MobileNet,Original,MobileNet (Original),FGSM,XceptionNet,Original,XceptionNet (Original),Cifar10,0.4788,0.5212,0.7011000000000001,0.7434032235059193,False,True,cross_arch_same_kind
MobileNet,Original,MobileNet (Original),FGSM,ConvNeXt,Finetuned,ConvNeXt (Finetuned),Cifar10,0.0909,0.9091,0.7011000000000001,1.296676650977036,False,False,cross_arch_cross_kind
MobileNet,Original,MobileNet (Original),FGSM,ConvNeXt,Original,ConvNeXt (Original),Cifar10,0.3528,0.6472,0.7011000000000001,0.9231208101554699,False,True,cross_arch_same_kind
MobileNet,Original,MobileNet (Original),BIM,VGG16,Finetuned,VGG16 (Finetuned),Cifar10,0.8948,0.10519999999999996,0.5366,0.19604919865821835,False,False,cross_arch_cross_kind
MobileNet,Original,MobileNet (Original),BIM,VGG16,Original,VGG16 (Original),Cifar10,0.8949,0.10509999999999997,0.5366,0.19586284010436075,False,True,cross_arch_same_kind
MobileNet,Original,MobileNet (Original),BIM,RegNetX_400MF,Finetuned,RegNetX_400MF (Finetuned),Cifar10,0.7413,0.25870000000000004,0.5366,0.4821095788296684,False,False,cross_arch_cross_kind
MobileNet,Original,MobileNet (Original),BIM,RegNetX_400MF,Original,RegNetX_400MF (Original),Cifar10,0.6586,0.34140000000000004,0.5366,0.6362281028699218,False,True,cross_arch_same_kind
MobileNet,Original,MobileNet (Original),BIM,InceptionNet,Finetuned,InceptionNet (Finetuned),Cifar10,0.8403,0.15969999999999995,0.5366,0.2976146105106224,False,False,cross_arch_cross_kind
MobileNet,Original,MobileNet (Original),BIM,InceptionNet,Original,InceptionNet (Original),Cifar10,0.8255,0.1745,0.5366,0.3251956764815505,False,True,cross_arch_same_kind
MobileNet,Original,MobileNet (Original),BIM,MobileNet,Original,MobileNet (Original),Cifar10,0.4634,0.5366,0.5366,1.0,True,True,self_same_kind
MobileNet,Original,MobileNet (Original),BIM,XceptionNet,Finetuned,XceptionNet (Finetuned),Cifar10,0.8619,0.1381,0.5366,0.2573611628773761,False,False,cross_arch_cross_kind
MobileNet,Original,MobileNet (Original),BIM,XceptionNet,Original,XceptionNet (Original),Cifar10,0.8459,0.15410000000000001,0.5366,0.28717853149459566,False,True,cross_arch_same_kind
MobileNet,Original,MobileNet (Original),BIM,ConvNeXt,Finetuned,ConvNeXt (Finetuned),Cifar10,0.1178,0.8822,0.5366,1.644055162131942,False,False,cross_arch_cross_kind
MobileNet,Original,MobileNet (Original),BIM,ConvNeXt,Original,ConvNeXt (Original),Cifar10,0.7213,0.27869999999999995,0.5366,0.5193812896011927,False,True,cross_arch_same_kind
MobileNet,Original,MobileNet (Original),APGD,VGG16,Finetuned,VGG16 (Finetuned),Cifar10,0.5902,0.40980000000000005,0.9443,0.4339722545801123,False,False,cross_arch_cross_kind
MobileNet,Original,MobileNet (Original),APGD,VGG16,Original,VGG16 (Original),Cifar10,0.601,0.399,0.9443,0.4225352112676056,False,True,cross_arch_same_kind
MobileNet,Original,MobileNet (Original),APGD,RegNetX_400MF,Finetuned,RegNetX_400MF (Finetuned),Cifar10,0.3609,0.6391,0.9443,0.6767976278724981,False,False,cross_arch_cross_kind
MobileNet,Original,MobileNet (Original),APGD,RegNetX_400MF,Original,RegNetX_400MF (Original),Cifar10,0.2892,0.7108,0.9443,0.7527268876416393,False,True,cross_arch_same_kind
MobileNet,Original,MobileNet (Original),APGD,InceptionNet,Finetuned,InceptionNet (Finetuned),Cifar10,0.5185,0.48150000000000004,0.9443,0.5099015143492535,False,False,cross_arch_cross_kind
MobileNet,Original,MobileNet (Original),APGD,InceptionNet,Original,InceptionNet (Original),Cifar10,0.5123,0.4877,0.9443,0.5164672243990257,False,True,cross_arch_same_kind
MobileNet,Original,MobileNet (Original),APGD,MobileNet,Original,MobileNet (Original),Cifar10,0.0559,0.9441,0.9443,0.9997882029016203,True,True,self_same_kind
MobileNet,Original,MobileNet (Original),APGD,XceptionNet,Finetuned,XceptionNet (Finetuned),Cifar10,0.5599,0.44010000000000005,0.9443,0.46605951498464476,False,False,cross_arch_cross_kind
MobileNet,Original,MobileNet (Original),APGD,XceptionNet,Original,XceptionNet (Original),Cifar10,0.5346,0.46540000000000004,0.9443,0.4928518479296834,False,True,cross_arch_same_kind
MobileNet,Original,MobileNet (Original),APGD,ConvNeXt,Finetuned,ConvNeXt (Finetuned),Cifar10,0.0868,0.9132,0.9443,0.9670655512019485,False,False,cross_arch_cross_kind
MobileNet,Original,MobileNet (Original),APGD,ConvNeXt,Original,ConvNeXt (Original),Cifar10,0.3905,0.6094999999999999,0.9443,0.6454516573122947,False,True,cross_arch_same_kind
MobileNet,Original,MobileNet (Original),CW,VGG16,Finetuned,VGG16 (Finetuned),Cifar10,0.5114,0.48860000000000003,0.9982,0.48948106591865365,False,False,cross_arch_cross_kind
MobileNet,Original,MobileNet (Original),CW,VGG16,Original,VGG16 (Original),Cifar10,0.5216,0.47840000000000005,0.9982,0.47926267281105994,False,True,cross_arch_same_kind
MobileNet,Original,MobileNet (Original),CW,RegNetX_400MF,Finetuned,RegNetX_400MF (Finetuned),Cifar10,0.3418,0.6582,0.9982,0.6593868964135444,False,False,cross_arch_cross_kind
MobileNet,Original,MobileNet (Original),CW,RegNetX_400MF,Original,RegNetX_400MF (Original),Cifar10,0.2766,0.7234,0.9982,0.7247044680424766,False,True,cross_arch_same_kind
MobileNet,Original,MobileNet (Original),CW,InceptionNet,Finetuned,InceptionNet (Finetuned),Cifar10,0.4682,0.5318,0.9982,0.5327589661390504,False,False,cross_arch_cross_kind
MobileNet,Original,MobileNet (Original),CW,InceptionNet,Original,InceptionNet (Original),Cifar10,0.4681,0.5319,0.9982,0.5328591464636346,False,True,cross_arch_same_kind
MobileNet,Original,MobileNet (Original),CW,MobileNet,Original,MobileNet (Original),Cifar10,0.0018,0.9982,0.9982,1.0,True,True,self_same_kind
MobileNet,Original,MobileNet (Original),CW,XceptionNet,Finetuned,XceptionNet (Finetuned),Cifar10,0.5117,0.48829999999999996,0.9982,0.4891805249449008,False,False,cross_arch_cross_kind
MobileNet,Original,MobileNet (Original),CW,XceptionNet,Original,XceptionNet (Original),Cifar10,0.4959,0.5041,0.9982,0.5050090162292126,False,True,cross_arch_same_kind
MobileNet,Original,MobileNet (Original),CW,ConvNeXt,Finetuned,ConvNeXt (Finetuned),Cifar10,0.0918,0.9082,0.9982,0.9098377078741735,False,False,cross_arch_cross_kind
MobileNet,Original,MobileNet (Original),CW,ConvNeXt,Original,ConvNeXt (Original),Cifar10,0.3553,0.6447,0.9982,0.6458625525946705,False,True,cross_arch_same_kind
MobileNet,Original,MobileNet (Original),DeepFool,VGG16,Finetuned,VGG16 (Finetuned),Cifar10,0.5937,0.4063,0.8481,0.47907086428487206,False,False,cross_arch_cross_kind
MobileNet,Original,MobileNet (Original),DeepFool,VGG16,Original,VGG16 (Original),Cifar10,0.6019,0.3981,0.8481,0.46940219313760173,False,True,cross_arch_same_kind
MobileNet,Original,MobileNet (Original),DeepFool,RegNetX_400MF,Finetuned,RegNetX_400MF (Finetuned),Cifar10,0.3708,0.6292,0.8481,0.74189364461738,False,False,cross_arch_cross_kind
MobileNet,Original,MobileNet (Original),DeepFool,RegNetX_400MF,Original,RegNetX_400MF (Original),Cifar10,0.2987,0.7013,0.8481,0.826907204339111,False,True,cross_arch_same_kind
MobileNet,Original,MobileNet (Original),DeepFool,InceptionNet,Finetuned,InceptionNet (Finetuned),Cifar10,0.5217,0.47829999999999995,0.8481,0.5639665133828557,False,False,cross_arch_cross_kind
MobileNet,Original,MobileNet (Original),DeepFool,InceptionNet,Original,InceptionNet (Original),Cifar10,0.5162,0.4838,0.8481,0.5704515976889518,False,True,cross_arch_same_kind
MobileNet,Original,MobileNet (Original),DeepFool,MobileNet,Original,MobileNet (Original),Cifar10,0.1519,0.8481,0.8481,1.0,True,True,self_same_kind
MobileNet,Original,MobileNet (Original),DeepFool,XceptionNet,Finetuned,XceptionNet (Finetuned),Cifar10,0.5662,0.43379999999999996,0.8481,0.5114962858153519,False,False,cross_arch_cross_kind
MobileNet,Original,MobileNet (Original),DeepFool,XceptionNet,Original,XceptionNet (Original),Cifar10,0.5452,0.4548,0.8481,0.5362575168022639,False,True,cross_arch_same_kind
MobileNet,Original,MobileNet (Original),DeepFool,ConvNeXt,Finetuned,ConvNeXt (Finetuned),Cifar10,0.0848,0.9152,0.8481,1.079118028534371,False,False,cross_arch_cross_kind
MobileNet,Original,MobileNet (Original),DeepFool,ConvNeXt,Original,ConvNeXt (Original),Cifar10,0.387,0.613,0.8481,0.7227921235703337,False,True,cross_arch_same_kind
MobileNet,Original,MobileNet (Original),PGD,VGG16,Finetuned,VGG16 (Finetuned),Cifar100,0.2161,0.7839,0.9707,0.8075615535180798,False,False,cross_arch_cross_kind
MobileNet,Original,MobileNet (Original),PGD,VGG16,Original,VGG16 (Original),Cifar100,0.1362,0.8638,0.9707,0.88987328731843,False,True,cross_arch_same_kind
MobileNet,Original,MobileNet (Original),PGD,RegNetX_400MF,Finetuned,RegNetX_400MF (Finetuned),Cifar100,0.0796,0.9204,0.9707,0.9481817245286907,False,False,cross_arch_cross_kind
MobileNet,Original,MobileNet (Original),PGD,RegNetX_400MF,Original,RegNetX_400MF (Original),Cifar100,0.0621,0.9379,0.9707,0.966209951581333,False,True,cross_arch_same_kind
MobileNet,Original,MobileNet (Original),PGD,InceptionNet,Finetuned,InceptionNet (Finetuned),Cifar100,0.1731,0.8269,0.9707,0.8518594828474296,False,False,cross_arch_cross_kind
MobileNet,Original,MobileNet (Original),PGD,InceptionNet,Original,InceptionNet (Original),Cifar100,0.1567,0.8432999999999999,0.9707,0.868754507056763,False,True,cross_arch_same_kind
MobileNet,Original,MobileNet (Original),PGD,MobileNet,Original,MobileNet (Original),Cifar100,0.0293,0.9707,0.9707,1.0,True,True,self_same_kind
MobileNet,Original,MobileNet (Original),PGD,XceptionNet,Finetuned,XceptionNet (Finetuned),Cifar100,0.194,0.806,0.9707,0.8303286288245596,False,False,cross_arch_cross_kind
MobileNet,Original,MobileNet (Original),PGD,XceptionNet,Original,XceptionNet (Original),Cifar100,0.1849,0.8150999999999999,0.9707,0.8397033068919336,False,True,cross_arch_same_kind
MobileNet,Original,MobileNet (Original),PGD,ConvNeXt,Finetuned,ConvNeXt (Finetuned),Cifar100,0.0101,0.9899,0.9707,1.0197795405377563,False,False,cross_arch_cross_kind
MobileNet,Original,MobileNet (Original),PGD,ConvNeXt,Original,ConvNeXt (Original),Cifar100,0.1133,0.8867,0.9707,0.9134645101473164,False,True,cross_arch_same_kind
MobileNet,Original,MobileNet (Original),FGSM,VGG16,Finetuned,VGG16 (Finetuned),Cifar100,0.2106,0.7894,0.9153,0.8624494701190867,False,False,cross_arch_cross_kind
MobileNet,Original,MobileNet (Original),FGSM,VGG16,Original,VGG16 (Original),Cifar100,0.1366,0.8634,0.9153,0.9432972795804654,False,True,cross_arch_same_kind
MobileNet,Original,MobileNet (Original),FGSM,RegNetX_400MF,Finetuned,RegNetX_400MF (Finetuned),Cifar100,0.0808,0.9192,0.9153,1.0042608980662078,False,False,cross_arch_cross_kind
MobileNet,Original,MobileNet (Original),FGSM,RegNetX_400MF,Original,RegNetX_400MF (Original),Cifar100,0.0615,0.9385,0.9153,1.025346880804108,False,True,cross_arch_same_kind
MobileNet,Original,MobileNet (Original),FGSM,InceptionNet,Finetuned,InceptionNet (Finetuned),Cifar100,0.1748,0.8251999999999999,0.9153,0.9015623292909428,False,False,cross_arch_cross_kind
MobileNet,Original,MobileNet (Original),FGSM,InceptionNet,Original,InceptionNet (Original),Cifar100,0.1559,0.8441,0.9153,0.9222112968425652,False,True,cross_arch_same_kind
MobileNet,Original,MobileNet (Original),FGSM,MobileNet,Original,MobileNet (Original),Cifar100,0.0847,0.9153,0.9153,1.0,True,True,self_same_kind
MobileNet,Original,MobileNet (Original),FGSM,XceptionNet,Finetuned,XceptionNet (Finetuned),Cifar100,0.1931,0.8069,0.9153,0.8815688845187369,False,False,cross_arch_cross_kind
MobileNet,Original,MobileNet (Original),FGSM,XceptionNet,Original,XceptionNet (Original),Cifar100,0.1873,0.8127,0.9153,0.887905604719764,False,True,cross_arch_same_kind
MobileNet,Original,MobileNet (Original),FGSM,ConvNeXt,Finetuned,ConvNeXt (Finetuned),Cifar100,0.0101,0.9899,0.9153,1.0815033322407954,False,False,cross_arch_cross_kind
MobileNet,Original,MobileNet (Original),FGSM,ConvNeXt,Original,ConvNeXt (Original),Cifar100,0.1149,0.8851,0.9153,0.9670053534360319,False,True,cross_arch_same_kind
MobileNet,Original,MobileNet (Original),BIM,VGG16,Finetuned,VGG16 (Finetuned),Cifar100,0.6309,0.3691,0.8160000000000001,0.45232843137254897,False,False,cross_arch_cross_kind
MobileNet,Original,MobileNet (Original),BIM,VGG16,Original,VGG16 (Original),Cifar100,0.4924,0.5076,0.8160000000000001,0.6220588235294118,False,True,cross_arch_same_kind
MobileNet,Original,MobileNet (Original),BIM,RegNetX_400MF,Finetuned,RegNetX_400MF (Finetuned),Cifar100,0.336,0.6639999999999999,0.8160000000000001,0.8137254901960783,False,False,cross_arch_cross_kind
MobileNet,Original,MobileNet (Original),BIM,RegNetX_400MF,Original,RegNetX_400MF (Original),Cifar100,0.2801,0.7199,0.8160000000000001,0.8822303921568626,False,True,cross_arch_same_kind
MobileNet,Original,MobileNet (Original),BIM,InceptionNet,Finetuned,InceptionNet (Finetuned),Cifar100,0.5278,0.47219999999999995,0.8160000000000001,0.5786764705882352,False,False,cross_arch_cross_kind
MobileNet,Original,MobileNet (Original),BIM,InceptionNet,Original,InceptionNet (Original),Cifar100,0.4996,0.5004,0.8160000000000001,0.613235294117647,False,True,cross_arch_same_kind
MobileNet,Original,MobileNet (Original),BIM,MobileNet,Original,MobileNet (Original),Cifar100,0.184,0.8160000000000001,0.8160000000000001,1.0,True,True,self_same_kind
MobileNet,Original,MobileNet (Original),BIM,XceptionNet,Finetuned,XceptionNet (Finetuned),Cifar100,0.5482,0.4518,0.8160000000000001,0.5536764705882352,False,False,cross_arch_cross_kind
MobileNet,Original,MobileNet (Original),BIM,XceptionNet,Original,XceptionNet (Original),Cifar100,0.5352,0.4648,0.8160000000000001,0.5696078431372549,False,True,cross_arch_same_kind
MobileNet,Original,MobileNet (Original),BIM,ConvNeXt,Finetuned,ConvNeXt (Finetuned),Cifar100,0.0081,0.9919,0.8160000000000001,1.215563725490196,False,False,cross_arch_cross_kind
MobileNet,Original,MobileNet (Original),BIM,ConvNeXt,Original,ConvNeXt (Original),Cifar100,0.3616,0.6384000000000001,0.8160000000000001,0.7823529411764706,False,True,cross_arch_same_kind
MobileNet,Original,MobileNet (Original),APGD,VGG16,Finetuned,VGG16 (Finetuned),Cifar100,0.433,0.567,0.986,0.575050709939148,False,False,cross_arch_cross_kind
MobileNet,Original,MobileNet (Original),APGD,VGG16,Original,VGG16 (Original),Cifar100,0.3011,0.6989000000000001,0.986,0.7088235294117647,False,True,cross_arch_same_kind
MobileNet,Original,MobileNet (Original),APGD,RegNetX_400MF,Finetuned,RegNetX_400MF (Finetuned),Cifar100,0.1476,0.8524,0.986,0.8645030425963489,False,False,cross_arch_cross_kind
MobileNet,Original,MobileNet (Original),APGD,RegNetX_400MF,Original,RegNetX_400MF (Original),Cifar100,0.12,0.88,0.986,0.8924949290060852,False,True,cross_arch_same_kind
MobileNet,Original,MobileNet (Original),APGD,InceptionNet,Finetuned,InceptionNet (Finetuned),Cifar100,0.3276,0.6724,0.986,0.681947261663286,False,False,cross_arch_cross_kind
MobileNet,Original,MobileNet (Original),APGD,InceptionNet,Original,InceptionNet (Original),Cifar100,0.2973,0.7027,0.986,0.7126774847870182,False,True,cross_arch_same_kind
MobileNet,Original,MobileNet (Original),APGD,MobileNet,Original,MobileNet (Original),Cifar100,0.014,0.986,0.986,1.0,True,True,self_same_kind
MobileNet,Original,MobileNet (Original),APGD,XceptionNet,Finetuned,XceptionNet (Finetuned),Cifar100,0.3602,0.6397999999999999,0.986,0.6488843813387424,False,False,cross_arch_cross_kind
MobileNet,Original,MobileNet (Original),APGD,XceptionNet,Original,XceptionNet (Original),Cifar100,0.3409,0.6591,0.986,0.6684584178498986,False,True,cross_arch_same_kind
MobileNet,Original,MobileNet (Original),APGD,ConvNeXt,Finetuned,ConvNeXt (Finetuned),Cifar100,0.0101,0.9899,0.986,1.0039553752535497,False,False,cross_arch_cross_kind
MobileNet,Original,MobileNet (Original),APGD,ConvNeXt,Original,ConvNeXt (Original),Cifar100,0.1959,0.8041,0.986,0.8155172413793104,False,True,cross_arch_same_kind
MobileNet,Original,MobileNet (Original),CW,VGG16,Finetuned,VGG16 (Finetuned),Cifar100,0.2256,0.7744,0.9991,0.7750975878290461,False,False,cross_arch_cross_kind
MobileNet,Original,MobileNet (Original),CW,VGG16,Original,VGG16 (Original),Cifar100,0.1419,0.8581,0.9991,0.8588729856871183,False,True,cross_arch_same_kind
MobileNet,Original,MobileNet (Original),CW,RegNetX_400MF,Finetuned,RegNetX_400MF (Finetuned),Cifar100,0.0853,0.9147,0.9991,0.9155239715744169,False,False,cross_arch_cross_kind
MobileNet,Original,MobileNet (Original),CW,RegNetX_400MF,Original,RegNetX_400MF (Original),Cifar100,0.0642,0.9358,0.9991,0.9366429786808127,False,True,cross_arch_same_kind
MobileNet,Original,MobileNet (Original),CW,InceptionNet,Finetuned,InceptionNet (Finetuned),Cifar100,0.1784,0.8216,0.9991,0.8223401060954859,False,False,cross_arch_cross_kind
MobileNet,Original,MobileNet (Original),CW,InceptionNet,Original,InceptionNet (Original),Cifar100,0.1614,0.8386,0.9991,0.8393554198778901,False,True,cross_arch_same_kind
MobileNet,Original,MobileNet (Original),CW,MobileNet,Original,MobileNet (Original),Cifar100,0.0009,0.9991,0.9991,1.0,True,True,self_same_kind
MobileNet,Original,MobileNet (Original),CW,XceptionNet,Finetuned,XceptionNet (Finetuned),Cifar100,0.203,0.7969999999999999,0.9991,0.7977179461515364,False,False,cross_arch_cross_kind
MobileNet,Original,MobileNet (Original),CW,XceptionNet,Original,XceptionNet (Original),Cifar100,0.1985,0.8015,0.9991,0.8022219997998198,False,True,cross_arch_same_kind
MobileNet,Original,MobileNet (Original),CW,ConvNeXt,Finetuned,ConvNeXt (Finetuned),Cifar100,0.0101,0.9899,0.9991,0.9907917125412872,False,False,cross_arch_cross_kind
MobileNet,Original,MobileNet (Original),CW,ConvNeXt,Original,ConvNeXt (Original),Cifar100,0.1146,0.8854,0.9991,0.886197577820038,False,True,cross_arch_same_kind
MobileNet,Original,MobileNet (Original),DeepFool,VGG16,Finetuned,VGG16 (Finetuned),Cifar100,0.4372,0.5628,0.9619,0.5850920054059673,False,False,cross_arch_cross_kind
MobileNet,Original,MobileNet (Original),DeepFool,VGG16,Original,VGG16 (Original),Cifar100,0.3036,0.6964,0.9619,0.7239837820979312,False,True,cross_arch_same_kind
MobileNet,Original,MobileNet (Original),DeepFool,RegNetX_400MF,Finetuned,RegNetX_400MF (Finetuned),Cifar100,0.1498,0.8502000000000001,0.9619,0.8838756627508058,False,False,cross_arch_cross_kind
MobileNet,Original,MobileNet (Original),DeepFool,RegNetX_400MF,Original,RegNetX_400MF (Original),Cifar100,0.1176,0.8824,0.9619,0.9173510759954258,False,True,cross_arch_same_kind
MobileNet,Original,MobileNet (Original),DeepFool,InceptionNet,Finetuned,InceptionNet (Finetuned),Cifar100,0.3296,0.6704,0.9619,0.696953945316561,False,False,cross_arch_cross_kind
MobileNet,Original,MobileNet (Original),DeepFool,InceptionNet,Original,InceptionNet (Original),Cifar100,0.2977,0.7022999999999999,0.9619,0.7301174758290881,False,True,cross_arch_same_kind
MobileNet,Original,MobileNet (Original),DeepFool,MobileNet,Original,MobileNet (Original),Cifar100,0.0401,0.9599,0.9619,0.9979207817860485,True,True,self_same_kind
MobileNet,Original,MobileNet (Original),DeepFool,XceptionNet,Finetuned,XceptionNet (Finetuned),Cifar100,0.3661,0.6339,0.9619,0.6590082129119451,False,False,cross_arch_cross_kind
MobileNet,Original,MobileNet (Original),DeepFool,XceptionNet,Original,XceptionNet (Original),Cifar100,0.3483,0.6517,0.9619,0.6775132550161139,False,True,cross_arch_same_kind
MobileNet,Original,MobileNet (Original),DeepFool,ConvNeXt,Finetuned,ConvNeXt (Finetuned),Cifar100,0.01,0.99,0.9619,1.0292130159060193,False,False,cross_arch_cross_kind
MobileNet,Original,MobileNet (Original),DeepFool,ConvNeXt,Original,ConvNeXt (Original),Cifar100,0.1953,0.8047,0.9619,0.8365734483834079,False,True,cross_arch_same_kind
XceptionNet,Finetuned,XceptionNet (Finetuned),PGD,VGG16,Finetuned,VGG16 (Finetuned),Cifar10,0.4783,0.5217,0.7625,0.6841967213114755,False,True,cross_arch_same_kind
XceptionNet,Finetuned,XceptionNet (Finetuned),PGD,VGG16,Original,VGG16 (Original),Cifar10,0.4823,0.5177,0.7625,0.6789508196721312,False,False,cross_arch_cross_kind
XceptionNet,Finetuned,XceptionNet (Finetuned),PGD,RegNetX_400MF,Finetuned,RegNetX_400MF (Finetuned),Cifar10,0.3267,0.6733,0.7625,0.8830163934426231,False,True,cross_arch_same_kind
XceptionNet,Finetuned,XceptionNet (Finetuned),PGD,RegNetX_400MF,Original,RegNetX_400MF (Original),Cifar10,0.2695,0.7304999999999999,0.7625,0.9580327868852458,False,False,cross_arch_cross_kind
XceptionNet,Finetuned,XceptionNet (Finetuned),PGD,InceptionNet,Finetuned,InceptionNet (Finetuned),Cifar10,0.4432,0.5568,0.7625,0.7302295081967213,False,True,cross_arch_same_kind
XceptionNet,Finetuned,XceptionNet (Finetuned),PGD,InceptionNet,Original,InceptionNet (Original),Cifar10,0.4415,0.5585,0.7625,0.7324590163934427,False,False,cross_arch_cross_kind
XceptionNet,Finetuned,XceptionNet (Finetuned),PGD,MobileNet,Original,MobileNet (Original),Cifar10,0.3288,0.6712,0.7625,0.8802622950819673,False,False,cross_arch_cross_kind
XceptionNet,Finetuned,XceptionNet (Finetuned),PGD,XceptionNet,Finetuned,XceptionNet (Finetuned),Cifar10,0.2375,0.7625,0.7625,1.0,True,True,self_same_kind
XceptionNet,Finetuned,XceptionNet (Finetuned),PGD,XceptionNet,Original,XceptionNet (Original),Cifar10,0.427,0.573,0.7625,0.7514754098360655,True,False,same_arch_cross_kind
XceptionNet,Finetuned,XceptionNet (Finetuned),PGD,ConvNeXt,Finetuned,ConvNeXt (Finetuned),Cifar10,0.0915,0.9085,0.7625,1.1914754098360656,False,True,cross_arch_same_kind
XceptionNet,Finetuned,XceptionNet (Finetuned),PGD,ConvNeXt,Original,ConvNeXt (Original),Cifar10,0.3494,0.6506000000000001,0.7625,0.8532459016393444,False,False,cross_arch_cross_kind
XceptionNet,Finetuned,XceptionNet (Finetuned),FGSM,VGG16,Finetuned,VGG16 (Finetuned),Cifar10,0.4805,0.5195000000000001,0.5568,0.9330100574712645,False,True,cross_arch_same_kind
XceptionNet,Finetuned,XceptionNet (Finetuned),FGSM,VGG16,Original,VGG16 (Original),Cifar10,0.4929,0.5071,0.5568,0.9107399425287357,False,False,cross_arch_cross_kind
XceptionNet,Finetuned,XceptionNet (Finetuned),FGSM,RegNetX_400MF,Finetuned,RegNetX_400MF (Finetuned),Cifar10,0.3344,0.6656,0.5568,1.1954022988505748,False,True,cross_arch_same_kind
XceptionNet,Finetuned,XceptionNet (Finetuned),FGSM,RegNetX_400MF,Original,RegNetX_400MF (Original),Cifar10,0.2754,0.7246,0.5568,1.3013649425287357,False,False,cross_arch_cross_kind
XceptionNet,Finetuned,XceptionNet (Finetuned),FGSM,InceptionNet,Finetuned,InceptionNet (Finetuned),Cifar10,0.4517,0.5483,0.5568,0.9847341954022989,False,True,cross_arch_same_kind
XceptionNet,Finetuned,XceptionNet (Finetuned),FGSM,InceptionNet,Original,InceptionNet (Original),Cifar10,0.4501,0.5499,0.5568,0.9876077586206898,False,False,cross_arch_cross_kind
XceptionNet,Finetuned,XceptionNet (Finetuned),FGSM,MobileNet,Original,MobileNet (Original),Cifar10,0.337,0.663,0.5568,1.1907327586206897,False,False,cross_arch_cross_kind
XceptionNet,Finetuned,XceptionNet (Finetuned),FGSM,XceptionNet,Finetuned,XceptionNet (Finetuned),Cifar10,0.4432,0.5568,0.5568,1.0,True,True,self_same_kind
XceptionNet,Finetuned,XceptionNet (Finetuned),FGSM,XceptionNet,Original,XceptionNet (Original),Cifar10,0.4548,0.5452,0.5568,0.9791666666666667,True,False,same_arch_cross_kind
XceptionNet,Finetuned,XceptionNet (Finetuned),FGSM,ConvNeXt,Finetuned,ConvNeXt (Finetuned),Cifar10,0.0922,0.9077999999999999,0.5568,1.6303879310344829,False,True,cross_arch_same_kind
XceptionNet,Finetuned,XceptionNet (Finetuned),FGSM,ConvNeXt,Original,ConvNeXt (Original),Cifar10,0.3522,0.6477999999999999,0.5568,1.163433908045977,False,False,cross_arch_cross_kind
XceptionNet,Finetuned,XceptionNet (Finetuned),BIM,VGG16,Finetuned,VGG16 (Finetuned),Cifar10,0.8836,0.11639999999999995,0.3219999999999999,0.3614906832298136,False,True,cross_arch_same_kind
XceptionNet,Finetuned,XceptionNet (Finetuned),BIM,VGG16,Original,VGG16 (Original),Cifar10,0.8813,0.11870000000000003,0.3219999999999999,0.368633540372671,False,False,cross_arch_cross_kind
XceptionNet,Finetuned,XceptionNet (Finetuned),BIM,RegNetX_400MF,Finetuned,RegNetX_400MF (Finetuned),Cifar10,0.7386,0.26139999999999997,0.3219999999999999,0.811801242236025,False,True,cross_arch_same_kind
XceptionNet,Finetuned,XceptionNet (Finetuned),BIM,RegNetX_400MF,Original,RegNetX_400MF (Original),Cifar10,0.6617,0.33830000000000005,0.3219999999999999,1.0506211180124227,False,False,cross_arch_cross_kind
XceptionNet,Finetuned,XceptionNet (Finetuned),BIM,InceptionNet,Finetuned,InceptionNet (Finetuned),Cifar10,0.8301,0.16990000000000005,0.3219999999999999,0.5276397515527954,False,True,cross_arch_same_kind
XceptionNet,Finetuned,XceptionNet (Finetuned),BIM,InceptionNet,Original,InceptionNet (Original),Cifar10,0.8182,0.18179999999999996,0.3219999999999999,0.5645962732919255,False,False,cross_arch_cross_kind
XceptionNet,Finetuned,XceptionNet (Finetuned),BIM,MobileNet,Original,MobileNet (Original),Cifar10,0.7374,0.26259999999999994,0.3219999999999999,0.8155279503105591,False,False,cross_arch_cross_kind
XceptionNet,Finetuned,XceptionNet (Finetuned),BIM,XceptionNet,Finetuned,XceptionNet (Finetuned),Cifar10,0.678,0.32199999999999995,0.3219999999999999,1.0000000000000002,True,True,self_same_kind
XceptionNet,Finetuned,XceptionNet (Finetuned),BIM,XceptionNet,Original,XceptionNet (Original),Cifar10,0.8158,0.18420000000000003,0.3219999999999999,0.5720496894409941,True,False,same_arch_cross_kind
XceptionNet,Finetuned,XceptionNet (Finetuned),BIM,ConvNeXt,Finetuned,ConvNeXt (Finetuned),Cifar10,0.1184,0.8815999999999999,0.3219999999999999,2.737888198757765,False,True,cross_arch_same_kind
XceptionNet,Finetuned,XceptionNet (Finetuned),BIM,ConvNeXt,Original,ConvNeXt (Original),Cifar10,0.7199,0.2801,0.3219999999999999,0.8698757763975159,False,False,cross_arch_cross_kind
XceptionNet,Finetuned,XceptionNet (Finetuned),APGD,VGG16,Finetuned,VGG16 (Finetuned),Cifar10,0.5226,0.47740000000000005,0.8398,0.5684686830197667,False,True,cross_arch_same_kind
XceptionNet,Finetuned,XceptionNet (Finetuned),APGD,VGG16,Original,VGG16 (Original),Cifar10,0.5267,0.47330000000000005,0.8398,0.5635865682305311,False,False,cross_arch_cross_kind
XceptionNet,Finetuned,XceptionNet (Finetuned),APGD,RegNetX_400MF,Finetuned,RegNetX_400MF (Finetuned),Cifar10,0.369,0.631,0.8398,0.7513693736603954,False,True,cross_arch_same_kind
XceptionNet,Finetuned,XceptionNet (Finetuned),APGD,RegNetX_400MF,Original,RegNetX_400MF (Original),Cifar10,0.3245,0.6755,0.8398,0.8043581805191712,False,False,cross_arch_cross_kind
XceptionNet,Finetuned,XceptionNet (Finetuned),APGD,InceptionNet,Finetuned,InceptionNet (Finetuned),Cifar10,0.4635,0.5365,0.8398,0.6388425815670398,False,True,cross_arch_same_kind
XceptionNet,Finetuned,XceptionNet (Finetuned),APGD,InceptionNet,Original,InceptionNet (Original),Cifar10,0.4577,0.5423,0.8398,0.645748987854251,False,False,cross_arch_cross_kind
XceptionNet,Finetuned,XceptionNet (Finetuned),APGD,MobileNet,Original,MobileNet (Original),Cifar10,0.3641,0.6359,0.8398,0.7572040962133841,False,False,cross_arch_cross_kind
XceptionNet,Finetuned,XceptionNet (Finetuned),APGD,XceptionNet,Finetuned,XceptionNet (Finetuned),Cifar10,0.1602,0.8398,0.8398,1.0,True,True,self_same_kind
XceptionNet,Finetuned,XceptionNet (Finetuned),APGD,XceptionNet,Original,XceptionNet (Original),Cifar10,0.4335,0.5665,0.8398,0.6745653727077876,True,False,same_arch_cross_kind
XceptionNet,Finetuned,XceptionNet (Finetuned),APGD,ConvNeXt,Finetuned,ConvNeXt (Finetuned),Cifar10,0.0911,0.9089,0.8398,1.082281495594189,False,True,cross_arch_same_kind
XceptionNet,Finetuned,XceptionNet (Finetuned),APGD,ConvNeXt,Original,ConvNeXt (Original),Cifar10,0.3945,0.6054999999999999,0.8398,0.7210050011907596,False,False,cross_arch_cross_kind
XceptionNet,Finetuned,XceptionNet (Finetuned),CW,VGG16,Finetuned,VGG16 (Finetuned),Cifar10,0.5058,0.4942,0.9707,0.509117131966622,False,True,cross_arch_same_kind
XceptionNet,Finetuned,XceptionNet (Finetuned),CW,VGG16,Original,VGG16 (Original),Cifar10,0.5168,0.48319999999999996,0.9707,0.49778510353353245,False,False,cross_arch_cross_kind
XceptionNet,Finetuned,XceptionNet (Finetuned),CW,RegNetX_400MF,Finetuned,RegNetX_400MF (Finetuned),Cifar10,0.3441,0.6558999999999999,0.9707,0.6756979499330379,False,True,cross_arch_same_kind
XceptionNet,Finetuned,XceptionNet (Finetuned),CW,RegNetX_400MF,Original,RegNetX_400MF (Original),Cifar10,0.2864,0.7136,0.9707,0.7351395899866076,False,False,cross_arch_cross_kind
XceptionNet,Finetuned,XceptionNet (Finetuned),CW,InceptionNet,Finetuned,InceptionNet (Finetuned),Cifar10,0.4676,0.5324,0.9707,0.5484701761615329,False,True,cross_arch_same_kind
XceptionNet,Finetuned,XceptionNet (Finetuned),CW,InceptionNet,Original,InceptionNet (Original),Cifar10,0.4666,0.5334,0.9707,0.549500360564541,False,False,cross_arch_cross_kind
XceptionNet,Finetuned,XceptionNet (Finetuned),CW,MobileNet,Original,MobileNet (Original),Cifar10,0.3471,0.6529,0.9707,0.6726073967240136,False,False,cross_arch_cross_kind
XceptionNet,Finetuned,XceptionNet (Finetuned),CW,XceptionNet,Finetuned,XceptionNet (Finetuned),Cifar10,0.0293,0.9707,0.9707,1.0,True,True,self_same_kind
XceptionNet,Finetuned,XceptionNet (Finetuned),CW,XceptionNet,Original,XceptionNet (Original),Cifar10,0.4725,0.5275000000000001,0.9707,0.5434222725867931,True,False,same_arch_cross_kind
XceptionNet,Finetuned,XceptionNet (Finetuned),CW,ConvNeXt,Finetuned,ConvNeXt (Finetuned),Cifar10,0.0913,0.9087,0.9707,0.9361285670134953,False,True,cross_arch_same_kind
XceptionNet,Finetuned,XceptionNet (Finetuned),CW,ConvNeXt,Original,ConvNeXt (Original),Cifar10,0.3638,0.6362,0.9707,0.6554033171937776,False,False,cross_arch_cross_kind
XceptionNet,Finetuned,XceptionNet (Finetuned),DeepFool,VGG16,Finetuned,VGG16 (Finetuned),Cifar10,0.5167,0.48329999999999995,0.7585,0.6371786420566908,False,True,cross_arch_same_kind
XceptionNet,Finetuned,XceptionNet (Finetuned),DeepFool,VGG16,Original,VGG16 (Original),Cifar10,0.5255,0.47450000000000003,0.7585,0.6255767963085037,False,False,cross_arch_cross_kind
XceptionNet,Finetuned,XceptionNet (Finetuned),DeepFool,RegNetX_400MF,Finetuned,RegNetX_400MF (Finetuned),Cifar10,0.3371,0.6629,0.7585,0.8739617666446936,False,True,cross_arch_same_kind
XceptionNet,Finetuned,XceptionNet (Finetuned),DeepFool,RegNetX_400MF,Original,RegNetX_400MF (Original),Cifar10,0.2804,0.7196,0.7585,0.9487145682267635,False,False,cross_arch_cross_kind
XceptionNet,Finetuned,XceptionNet (Finetuned),DeepFool,InceptionNet,Finetuned,InceptionNet (Finetuned),Cifar10,0.4624,0.5376000000000001,0.7585,0.7087673038892552,False,True,cross_arch_same_kind
XceptionNet,Finetuned,XceptionNet (Finetuned),DeepFool,InceptionNet,Original,InceptionNet (Original),Cifar10,0.4567,0.5433,0.7585,0.716282135794331,False,False,cross_arch_cross_kind
XceptionNet,Finetuned,XceptionNet (Finetuned),DeepFool,MobileNet,Original,MobileNet (Original),Cifar10,0.3335,0.6665,0.7585,0.8787079762689519,False,False,cross_arch_cross_kind
XceptionNet,Finetuned,XceptionNet (Finetuned),DeepFool,XceptionNet,Finetuned,XceptionNet (Finetuned),Cifar10,0.2415,0.7585,0.7585,1.0,True,True,self_same_kind
XceptionNet,Finetuned,XceptionNet (Finetuned),DeepFool,XceptionNet,Original,XceptionNet (Original),Cifar10,0.4548,0.5452,0.7585,0.7187870797626896,True,False,same_arch_cross_kind
XceptionNet,Finetuned,XceptionNet (Finetuned),DeepFool,ConvNeXt,Finetuned,ConvNeXt (Finetuned),Cifar10,0.0881,0.9119,0.7585,1.2022412656558998,False,True,cross_arch_same_kind
XceptionNet,Finetuned,XceptionNet (Finetuned),DeepFool,ConvNeXt,Original,ConvNeXt (Original),Cifar10,0.3606,0.6394,0.7585,0.8429795649307844,False,False,cross_arch_cross_kind
XceptionNet,Original,XceptionNet (Original),PGD,VGG16,Finetuned,VGG16 (Finetuned),Cifar10,0.4855,0.5145,0.8106,0.6347150259067357,False,False,cross_arch_cross_kind
XceptionNet,Original,XceptionNet (Original),PGD,VGG16,Original,VGG16 (Original),Cifar10,0.4889,0.5111,0.8106,0.6305206020231927,False,True,cross_arch_same_kind
XceptionNet,Original,XceptionNet (Original),PGD,RegNetX_400MF,Finetuned,RegNetX_400MF (Finetuned),Cifar10,0.3286,0.6714,0.8106,0.8282753515914137,False,False,cross_arch_cross_kind
XceptionNet,Original,XceptionNet (Original),PGD,RegNetX_400MF,Original,RegNetX_400MF (Original),Cifar10,0.2669,0.7331,0.8106,0.9043918085368863,False,True,cross_arch_same_kind
XceptionNet,Original,XceptionNet (Original),PGD,InceptionNet,Finetuned,InceptionNet (Finetuned),Cifar10,0.4499,0.5501,0.8106,0.6786331112755983,False,False,cross_arch_cross_kind
XceptionNet,Original,XceptionNet (Original),PGD,InceptionNet,Original,InceptionNet (Original),Cifar10,0.4489,0.5510999999999999,0.8106,0.6798667653589933,False,True,cross_arch_same_kind
XceptionNet,Original,XceptionNet (Original),PGD,MobileNet,Original,MobileNet (Original),Cifar10,0.3297,0.6703,0.8106,0.8269183320996792,False,True,cross_arch_same_kind
XceptionNet,Original,XceptionNet (Original),PGD,XceptionNet,Finetuned,XceptionNet (Finetuned),Cifar10,0.4564,0.5436000000000001,0.8106,0.6706143597335308,True,False,same_arch_cross_kind
XceptionNet,Original,XceptionNet (Original),PGD,XceptionNet,Original,XceptionNet (Original),Cifar10,0.1894,0.8106,0.8106,1.0,True,True,self_same_kind
XceptionNet,Original,XceptionNet (Original),PGD,ConvNeXt,Finetuned,ConvNeXt (Finetuned),Cifar10,0.0919,0.9081,0.8106,1.120281273131014,False,False,cross_arch_cross_kind
XceptionNet,Original,XceptionNet (Original),PGD,ConvNeXt,Original,ConvNeXt (Original),Cifar10,0.3498,0.6502,0.8106,0.8021218850234394,False,True,cross_arch_same_kind
XceptionNet,Original,XceptionNet (Original),FGSM,VGG16,Finetuned,VGG16 (Finetuned),Cifar10,0.4849,0.5151,0.596,0.864261744966443,False,False,cross_arch_cross_kind
XceptionNet,Original,XceptionNet (Original),FGSM,VGG16,Original,VGG16 (Original),Cifar10,0.4981,0.5019,0.596,0.8421140939597316,False,True,cross_arch_same_kind
XceptionNet,Original,XceptionNet (Original),FGSM,RegNetX_400MF,Finetuned,RegNetX_400MF (Finetuned),Cifar10,0.3351,0.6649,0.596,1.1156040268456378,False,False,cross_arch_cross_kind
XceptionNet,Original,XceptionNet (Original),FGSM,RegNetX_400MF,Original,RegNetX_400MF (Original),Cifar10,0.2749,0.7251000000000001,0.596,1.2166107382550337,False,True,cross_arch_same_kind
XceptionNet,Original,XceptionNet (Original),FGSM,InceptionNet,Finetuned,InceptionNet (Finetuned),Cifar10,0.4541,0.5459,0.596,0.9159395973154364,False,False,cross_arch_cross_kind
XceptionNet,Original,XceptionNet (Original),FGSM,InceptionNet,Original,InceptionNet (Original),Cifar10,0.4529,0.5470999999999999,0.596,0.9179530201342281,False,True,cross_arch_same_kind
XceptionNet,Original,XceptionNet (Original),FGSM,MobileNet,Original,MobileNet (Original),Cifar10,0.3345,0.6655,0.596,1.1166107382550337,False,True,cross_arch_same_kind
XceptionNet,Original,XceptionNet (Original),FGSM,XceptionNet,Finetuned,XceptionNet (Finetuned),Cifar10,0.4753,0.5246999999999999,0.596,0.8803691275167784,True,False,same_arch_cross_kind
XceptionNet,Original,XceptionNet (Original),FGSM,XceptionNet,Original,XceptionNet (Original),Cifar10,0.404,0.596,0.596,1.0,True,True,self_same_kind
XceptionNet,Original,XceptionNet (Original),FGSM,ConvNeXt,Finetuned,ConvNeXt (Finetuned),Cifar10,0.0913,0.9087,0.596,1.5246644295302014,False,False,cross_arch_cross_kind
XceptionNet,Original,XceptionNet (Original),FGSM,ConvNeXt,Original,ConvNeXt (Original),Cifar10,0.3516,0.6484,0.596,1.0879194630872484,False,True,cross_arch_same_kind
XceptionNet,Original,XceptionNet (Original),BIM,VGG16,Finetuned,VGG16 (Finetuned),Cifar10,0.885,0.11499999999999999,0.3892,0.2954779033915724,False,False,cross_arch_cross_kind
XceptionNet,Original,XceptionNet (Original),BIM,VGG16,Original,VGG16 (Original),Cifar10,0.8846,0.11539999999999995,0.3892,0.2965056526207604,False,True,cross_arch_same_kind
XceptionNet,Original,XceptionNet (Original),BIM,RegNetX_400MF,Finetuned,RegNetX_400MF (Finetuned),Cifar10,0.7386,0.26139999999999997,0.3892,0.671634121274409,False,False,cross_arch_cross_kind
XceptionNet,Original,XceptionNet (Original),BIM,RegNetX_400MF,Original,RegNetX_400MF (Original),Cifar10,0.6606,0.33940000000000003,0.3892,0.8720452209660844,False,True,cross_arch_same_kind
XceptionNet,Original,XceptionNet (Original),BIM,InceptionNet,Finetuned,InceptionNet (Finetuned),Cifar10,0.8338,0.16620000000000001,0.3892,0.4270298047276465,False,False,cross_arch_cross_kind
XceptionNet,Original,XceptionNet (Original),BIM,InceptionNet,Original,InceptionNet (Original),Cifar10,0.8212,0.17879999999999996,0.3892,0.4594039054470708,False,True,cross_arch_same_kind
XceptionNet,Original,XceptionNet (Original),BIM,MobileNet,Original,MobileNet (Original),Cifar10,0.7371,0.2629,0.3892,0.6754881808838644,False,True,cross_arch_same_kind
XceptionNet,Original,XceptionNet (Original),BIM,XceptionNet,Finetuned,XceptionNet (Finetuned),Cifar10,0.8416,0.15839999999999999,0.3892,0.40698869475847893,True,False,same_arch_cross_kind
XceptionNet,Original,XceptionNet (Original),BIM,XceptionNet,Original,XceptionNet (Original),Cifar10,0.6108,0.3892,0.3892,1.0,True,True,self_same_kind
XceptionNet,Original,XceptionNet (Original),BIM,ConvNeXt,Finetuned,ConvNeXt (Finetuned),Cifar10,0.1187,0.8813,0.3892,2.264388489208633,False,False,cross_arch_cross_kind
XceptionNet,Original,XceptionNet (Original),BIM,ConvNeXt,Original,ConvNeXt (Original),Cifar10,0.7203,0.27969999999999995,0.3892,0.7186536485097635,False,True,cross_arch_same_kind
XceptionNet,Original,XceptionNet (Original),APGD,VGG16,Finetuned,VGG16 (Finetuned),Cifar10,0.5314,0.4686,0.8838,0.5302104548540394,False,False,cross_arch_cross_kind
XceptionNet,Original,XceptionNet (Original),APGD,VGG16,Original,VGG16 (Original),Cifar10,0.5376,0.46240000000000003,0.8838,0.5231952930527268,False,True,cross_arch_same_kind
XceptionNet,Original,XceptionNet (Original),APGD,RegNetX_400MF,Finetuned,RegNetX_400MF (Finetuned),Cifar10,0.3584,0.6416,0.8838,0.7259560986648562,False,False,cross_arch_cross_kind
XceptionNet,Original,XceptionNet (Original),APGD,RegNetX_400MF,Original,RegNetX_400MF (Original),Cifar10,0.3136,0.6864,0.8838,0.7766463000678886,False,True,cross_arch_same_kind
XceptionNet,Original,XceptionNet (Original),APGD,InceptionNet,Finetuned,InceptionNet (Finetuned),Cifar10,0.4737,0.5263,0.8838,0.5954967187146413,False,False,cross_arch_cross_kind
XceptionNet,Original,XceptionNet (Original),APGD,InceptionNet,Original,InceptionNet (Original),Cifar10,0.4701,0.5299,0.8838,0.5995700384702422,False,True,cross_arch_same_kind
XceptionNet,Original,XceptionNet (Original),APGD,MobileNet,Original,MobileNet (Original),Cifar10,0.3604,0.6396,0.8838,0.7236931432450779,False,True,cross_arch_same_kind
XceptionNet,Original,XceptionNet (Original),APGD,XceptionNet,Finetuned,XceptionNet (Finetuned),Cifar10,0.4699,0.5301,0.8838,0.59979633401222,True,False,same_arch_cross_kind
XceptionNet,Original,XceptionNet (Original),APGD,XceptionNet,Original,XceptionNet (Original),Cifar10,0.1162,0.8838,0.8838,1.0,True,True,self_same_kind
XceptionNet,Original,XceptionNet (Original),APGD,ConvNeXt,Finetuned,ConvNeXt (Finetuned),Cifar10,0.0926,0.9074,0.8838,1.026702873953383,False,False,cross_arch_cross_kind
XceptionNet,Original,XceptionNet (Original),APGD,ConvNeXt,Original,ConvNeXt (Original),Cifar10,0.3904,0.6095999999999999,0.8838,0.6897488119484045,False,True,cross_arch_same_kind
XceptionNet,Original,XceptionNet (Original),CW,VGG16,Finetuned,VGG16 (Finetuned),Cifar10,0.505,0.495,0.9985,0.49574361542313466,False,False,cross_arch_cross_kind
XceptionNet,Original,XceptionNet (Original),CW,VGG16,Original,VGG16 (Original),Cifar10,0.5123,0.4877,0.9985,0.48843264897346017,False,True,cross_arch_same_kind
XceptionNet,Original,XceptionNet (Original),CW,RegNetX_400MF,Finetuned,RegNetX_400MF (Finetuned),Cifar10,0.3344,0.6656,0.9985,0.6665998998497746,False,False,cross_arch_cross_kind
XceptionNet,Original,XceptionNet (Original),CW,RegNetX_400MF,Original,RegNetX_400MF (Original),Cifar10,0.2742,0.7258,0.9985,0.7268903355032549,False,True,cross_arch_same_kind
XceptionNet,Original,XceptionNet (Original),CW,InceptionNet,Finetuned,InceptionNet (Finetuned),Cifar10,0.464,0.536,0.9985,0.5368052078117176,False,False,cross_arch_cross_kind
XceptionNet,Original,XceptionNet (Original),CW,InceptionNet,Original,InceptionNet (Original),Cifar10,0.4622,0.5378000000000001,0.9985,0.5386079118678018,False,True,cross_arch_same_kind
XceptionNet,Original,XceptionNet (Original),CW,MobileNet,Original,MobileNet (Original),Cifar10,0.3395,0.6605,0.9985,0.6614922383575362,False,True,cross_arch_same_kind
XceptionNet,Original,XceptionNet (Original),CW,XceptionNet,Finetuned,XceptionNet (Finetuned),Cifar10,0.4967,0.5033000000000001,0.9985,0.5040560841261893,True,False,same_arch_cross_kind
XceptionNet,Original,XceptionNet (Original),CW,XceptionNet,Original,XceptionNet (Original),Cifar10,0.0015,0.9985,0.9985,1.0,True,True,self_same_kind
XceptionNet,Original,XceptionNet (Original),CW,ConvNeXt,Finetuned,ConvNeXt (Finetuned),Cifar10,0.0918,0.9082,0.9985,0.9095643465197796,False,False,cross_arch_cross_kind
XceptionNet,Original,XceptionNet (Original),CW,ConvNeXt,Original,ConvNeXt (Original),Cifar10,0.3552,0.6448,0.9985,0.6457686529794692,False,True,cross_arch_same_kind
XceptionNet,Original,XceptionNet (Original),DeepFool,VGG16,Finetuned,VGG16 (Finetuned),Cifar10,0.5331,0.4669,0.7786,0.5996660673002826,False,False,cross_arch_cross_kind
XceptionNet,Original,XceptionNet (Original),DeepFool,VGG16,Original,VGG16 (Original),Cifar10,0.5411,0.4589,0.7786,0.5893912150012843,False,True,cross_arch_same_kind
XceptionNet,Original,XceptionNet (Original),DeepFool,RegNetX_400MF,Finetuned,RegNetX_400MF (Finetuned),Cifar10,0.3393,0.6607000000000001,0.7786,0.8485743642435142,False,False,cross_arch_cross_kind
XceptionNet,Original,XceptionNet (Original),DeepFool,RegNetX_400MF,Original,RegNetX_400MF (Original),Cifar10,0.2847,0.7153,0.7786,0.9187002311841769,False,True,cross_arch_same_kind
XceptionNet,Original,XceptionNet (Original),DeepFool,InceptionNet,Finetuned,InceptionNet (Finetuned),Cifar10,0.4764,0.5236000000000001,0.7786,0.6724890829694324,False,False,cross_arch_cross_kind
XceptionNet,Original,XceptionNet (Original),DeepFool,InceptionNet,Original,InceptionNet (Original),Cifar10,0.4742,0.5258,0.7786,0.6753146673516569,False,True,cross_arch_same_kind
XceptionNet,Original,XceptionNet (Original),DeepFool,MobileNet,Original,MobileNet (Original),Cifar10,0.343,0.657,0.7786,0.8438222450552274,False,True,cross_arch_same_kind
XceptionNet,Original,XceptionNet (Original),DeepFool,XceptionNet,Finetuned,XceptionNet (Finetuned),Cifar10,0.5,0.5,0.7786,0.6421782686873877,True,False,same_arch_cross_kind
XceptionNet,Original,XceptionNet (Original),DeepFool,XceptionNet,Original,XceptionNet (Original),Cifar10,0.2214,0.7786,0.7786,1.0,True,True,self_same_kind
XceptionNet,Original,XceptionNet (Original),DeepFool,ConvNeXt,Finetuned,ConvNeXt (Finetuned),Cifar10,0.088,0.912,0.7786,1.1713331620857952,False,False,cross_arch_cross_kind
XceptionNet,Original,XceptionNet (Original),DeepFool,ConvNeXt,Original,ConvNeXt (Original),Cifar10,0.3684,0.6315999999999999,0.7786,0.811199589005908,False,True,cross_arch_same_kind
XceptionNet,Finetuned,XceptionNet (Finetuned),PGD,VGG16,Finetuned,VGG16 (Finetuned),Cifar100,0.2047,0.7953,0.9135,0.8706075533661741,False,True,cross_arch_same_kind
XceptionNet,Finetuned,XceptionNet (Finetuned),PGD,VGG16,Original,VGG16 (Original),Cifar100,0.1321,0.8679,0.9135,0.9500821018062398,False,False,cross_arch_cross_kind
XceptionNet,Finetuned,XceptionNet (Finetuned),PGD,RegNetX_400MF,Finetuned,RegNetX_400MF (Finetuned),Cifar100,0.0804,0.9196,0.9135,1.0066776135741653,False,True,cross_arch_same_kind
XceptionNet,Finetuned,XceptionNet (Finetuned),PGD,RegNetX_400MF,Original,RegNetX_400MF (Original),Cifar100,0.062,0.938,0.9135,1.0268199233716475,False,False,cross_arch_cross_kind
XceptionNet,Finetuned,XceptionNet (Finetuned),PGD,InceptionNet,Finetuned,InceptionNet (Finetuned),Cifar100,0.1634,0.8366,0.9135,0.9158182813355228,False,True,cross_arch_same_kind
XceptionNet,Finetuned,XceptionNet (Finetuned),PGD,InceptionNet,Original,InceptionNet (Original),Cifar100,0.1477,0.8523000000000001,0.9135,0.9330049261083745,False,False,cross_arch_cross_kind
XceptionNet,Finetuned,XceptionNet (Finetuned),PGD,MobileNet,Original,MobileNet (Original),Cifar100,0.0952,0.9048,0.9135,0.9904761904761905,False,False,cross_arch_cross_kind
XceptionNet,Finetuned,XceptionNet (Finetuned),PGD,XceptionNet,Finetuned,XceptionNet (Finetuned),Cifar100,0.0865,0.9135,0.9135,1.0,True,True,self_same_kind
XceptionNet,Finetuned,XceptionNet (Finetuned),PGD,XceptionNet,Original,XceptionNet (Original),Cifar100,0.1587,0.8412999999999999,0.9135,0.9209633278598796,True,False,same_arch_cross_kind
XceptionNet,Finetuned,XceptionNet (Finetuned),PGD,ConvNeXt,Finetuned,ConvNeXt (Finetuned),Cifar100,0.0099,0.9901,0.9135,1.0838533114395184,False,True,cross_arch_same_kind
XceptionNet,Finetuned,XceptionNet (Finetuned),PGD,ConvNeXt,Original,ConvNeXt (Original),Cifar100,0.1127,0.8873,0.9135,0.9713191023535851,False,False,cross_arch_cross_kind
XceptionNet,Finetuned,XceptionNet (Finetuned),FGSM,VGG16,Finetuned,VGG16 (Finetuned),Cifar100,0.2112,0.7888,0.8322,0.9478490747416485,False,True,cross_arch_same_kind
XceptionNet,Finetuned,XceptionNet (Finetuned),FGSM,VGG16,Original,VGG16 (Original),Cifar100,0.1361,0.8639,0.8322,1.0380918048546022,False,False,cross_arch_cross_kind
XceptionNet,Finetuned,XceptionNet (Finetuned),FGSM,RegNetX_400MF,Finetuned,RegNetX_400MF (Finetuned),Cifar100,0.0826,0.9174,0.8322,1.1023792357606343,False,True,cross_arch_same_kind
XceptionNet,Finetuned,XceptionNet (Finetuned),FGSM,RegNetX_400MF,Original,RegNetX_400MF (Original),Cifar100,0.0632,0.9368,0.8322,1.125690939677962,False,False,cross_arch_cross_kind
XceptionNet,Finetuned,XceptionNet (Finetuned),FGSM,InceptionNet,Finetuned,InceptionNet (Finetuned),Cifar100,0.1688,0.8311999999999999,0.8322,0.9987983657774572,False,True,cross_arch_same_kind
XceptionNet,Finetuned,XceptionNet (Finetuned),FGSM,InceptionNet,Original,InceptionNet (Original),Cifar100,0.152,0.848,0.8322,1.018985820716174,False,False,cross_arch_cross_kind
XceptionNet,Finetuned,XceptionNet (Finetuned),FGSM,MobileNet,Original,MobileNet (Original),Cifar100,0.0992,0.9008,0.8322,1.0824321076664263,False,False,cross_arch_cross_kind
XceptionNet,Finetuned,XceptionNet (Finetuned),FGSM,XceptionNet,Finetuned,XceptionNet (Finetuned),Cifar100,0.1678,0.8322,0.8322,1.0,True,True,self_same_kind
XceptionNet,Finetuned,XceptionNet (Finetuned),FGSM,XceptionNet,Original,XceptionNet (Original),Cifar100,0.1789,0.8210999999999999,0.8322,0.9866618601297764,True,False,same_arch_cross_kind
XceptionNet,Finetuned,XceptionNet (Finetuned),FGSM,ConvNeXt,Finetuned,ConvNeXt (Finetuned),Cifar100,0.0098,0.9902,0.8322,1.1898582071617398,False,True,cross_arch_same_kind
XceptionNet,Finetuned,XceptionNet (Finetuned),FGSM,ConvNeXt,Original,ConvNeXt (Original),Cifar100,0.1144,0.8855999999999999,0.8322,1.0641672674837779,False,False,cross_arch_cross_kind
XceptionNet,Finetuned,XceptionNet (Finetuned),BIM,VGG16,Finetuned,VGG16 (Finetuned),Cifar100,0.6181,0.3819,0.6352,0.601227959697733,False,True,cross_arch_same_kind
XceptionNet,Finetuned,XceptionNet (Finetuned),BIM,VGG16,Original,VGG16 (Original),Cifar100,0.4821,0.5179,0.6352,0.8153337531486147,False,False,cross_arch_cross_kind
XceptionNet,Finetuned,XceptionNet (Finetuned),BIM,RegNetX_400MF,Finetuned,RegNetX_400MF (Finetuned),Cifar100,0.3342,0.6658,0.6352,1.0481738035264483,False,True,cross_arch_same_kind
XceptionNet,Finetuned,XceptionNet (Finetuned),BIM,RegNetX_400MF,Original,RegNetX_400MF (Original),Cifar100,0.2846,0.7154,0.6352,1.1262594458438289,False,False,cross_arch_cross_kind
XceptionNet,Finetuned,XceptionNet (Finetuned),BIM,InceptionNet,Finetuned,InceptionNet (Finetuned),Cifar100,0.5185,0.48150000000000004,0.6352,0.7580289672544082,False,True,cross_arch_same_kind
XceptionNet,Finetuned,XceptionNet (Finetuned),BIM,InceptionNet,Original,InceptionNet (Original),Cifar100,0.4901,0.5099,0.6352,0.8027392947103275,False,False,cross_arch_cross_kind
XceptionNet,Finetuned,XceptionNet (Finetuned),BIM,MobileNet,Original,MobileNet (Original),Cifar100,0.3538,0.6462,0.6352,1.017317380352645,False,False,cross_arch_cross_kind
XceptionNet,Finetuned,XceptionNet (Finetuned),BIM,XceptionNet,Finetuned,XceptionNet (Finetuned),Cifar100,0.3648,0.6352,0.6352,1.0,True,True,self_same_kind
XceptionNet,Finetuned,XceptionNet (Finetuned),BIM,XceptionNet,Original,XceptionNet (Original),Cifar100,0.4956,0.5044,0.6352,0.794080604534005,True,False,same_arch_cross_kind
XceptionNet,Finetuned,XceptionNet (Finetuned),BIM,ConvNeXt,Finetuned,ConvNeXt (Finetuned),Cifar100,0.0082,0.9918,0.6352,1.56139798488665,False,True,cross_arch_same_kind
XceptionNet,Finetuned,XceptionNet (Finetuned),BIM,ConvNeXt,Original,ConvNeXt (Original),Cifar100,0.3595,0.6405000000000001,0.6352,1.0083438287153654,False,False,cross_arch_cross_kind
XceptionNet,Finetuned,XceptionNet (Finetuned),APGD,VGG16,Finetuned,VGG16 (Finetuned),Cifar100,0.328,0.6719999999999999,0.9407,0.7143616455830764,False,True,cross_arch_same_kind
XceptionNet,Finetuned,XceptionNet (Finetuned),APGD,VGG16,Original,VGG16 (Original),Cifar100,0.2203,0.7797000000000001,0.9407,0.8288508557457214,False,False,cross_arch_cross_kind
XceptionNet,Finetuned,XceptionNet (Finetuned),APGD,RegNetX_400MF,Finetuned,RegNetX_400MF (Finetuned),Cifar100,0.1355,0.8645,0.9407,0.918996491974062,False,True,cross_arch_same_kind
XceptionNet,Finetuned,XceptionNet (Finetuned),APGD,RegNetX_400MF,Original,RegNetX_400MF (Original),Cifar100,0.1181,0.8819,0.9407,0.9374933560114809,False,False,cross_arch_cross_kind
XceptionNet,Finetuned,XceptionNet (Finetuned),APGD,InceptionNet,Finetuned,InceptionNet (Finetuned),Cifar100,0.2263,0.7737,0.9407,0.822472626767301,False,True,cross_arch_same_kind
XceptionNet,Finetuned,XceptionNet (Finetuned),APGD,InceptionNet,Original,InceptionNet (Original),Cifar100,0.2129,0.7871,0.9407,0.8367173381524398,False,False,cross_arch_cross_kind
XceptionNet,Finetuned,XceptionNet (Finetuned),APGD,MobileNet,Original,MobileNet (Original),Cifar100,0.1501,0.8499,0.9407,0.9034761347932391,False,False,cross_arch_cross_kind
XceptionNet,Finetuned,XceptionNet (Finetuned),APGD,XceptionNet,Finetuned,XceptionNet (Finetuned),Cifar100,0.0593,0.9407,0.9407,1.0,True,True,self_same_kind
XceptionNet,Finetuned,XceptionNet (Finetuned),APGD,XceptionNet,Original,XceptionNet (Original),Cifar100,0.2167,0.7833,0.9407,0.8326777931327735,True,False,same_arch_cross_kind
XceptionNet,Finetuned,XceptionNet (Finetuned),APGD,ConvNeXt,Finetuned,ConvNeXt (Finetuned),Cifar100,0.0091,0.9909,0.9407,1.0533645157861167,False,True,cross_arch_same_kind
XceptionNet,Finetuned,XceptionNet (Finetuned),APGD,ConvNeXt,Original,ConvNeXt (Original),Cifar100,0.1654,0.8346,0.9407,0.8872116508982673,False,False,cross_arch_cross_kind
XceptionNet,Finetuned,XceptionNet (Finetuned),CW,VGG16,Finetuned,VGG16 (Finetuned),Cifar100,0.2218,0.7782,0.9948,0.7822677925211098,False,True,cross_arch_same_kind
XceptionNet,Finetuned,XceptionNet (Finetuned),CW,VGG16,Original,VGG16 (Original),Cifar100,0.1379,0.8621,0.9948,0.866606353035786,False,False,cross_arch_cross_kind
XceptionNet,Finetuned,XceptionNet (Finetuned),CW,RegNetX_400MF,Finetuned,RegNetX_400MF (Finetuned),Cifar100,0.0843,0.9157,0.9948,0.92048652995577,False,True,cross_arch_same_kind
XceptionNet,Finetuned,XceptionNet (Finetuned),CW,RegNetX_400MF,Original,RegNetX_400MF (Original),Cifar100,0.0649,0.9351,0.9948,0.9399879372738239,False,False,cross_arch_cross_kind
XceptionNet,Finetuned,XceptionNet (Finetuned),CW,InceptionNet,Finetuned,InceptionNet (Finetuned),Cifar100,0.1765,0.8235,0.9948,0.8278045838359469,False,True,cross_arch_same_kind
XceptionNet,Finetuned,XceptionNet (Finetuned),CW,InceptionNet,Original,InceptionNet (Original),Cifar100,0.1575,0.8425,0.9948,0.8469039002814637,False,False,cross_arch_cross_kind
XceptionNet,Finetuned,XceptionNet (Finetuned),CW,MobileNet,Original,MobileNet (Original),Cifar100,0.0996,0.9004,0.9948,0.9051065540812223,False,False,cross_arch_cross_kind
XceptionNet,Finetuned,XceptionNet (Finetuned),CW,XceptionNet,Finetuned,XceptionNet (Finetuned),Cifar100,0.0052,0.9948,0.9948,1.0,True,True,self_same_kind
XceptionNet,Finetuned,XceptionNet (Finetuned),CW,XceptionNet,Original,XceptionNet (Original),Cifar100,0.1857,0.8143,0.9948,0.8185564937675914,True,False,same_arch_cross_kind
XceptionNet,Finetuned,XceptionNet (Finetuned),CW,ConvNeXt,Finetuned,ConvNeXt (Finetuned),Cifar100,0.01,0.99,0.9948,0.9951749095295537,False,True,cross_arch_same_kind
XceptionNet,Finetuned,XceptionNet (Finetuned),CW,ConvNeXt,Original,ConvNeXt (Original),Cifar100,0.1156,0.8844,0.9948,0.8890229191797345,False,False,cross_arch_cross_kind
XceptionNet,Original,XceptionNet (Original),PGD,VGG16,Finetuned,VGG16 (Finetuned),Cifar100,0.2052,0.7948,0.9277,0.8567424814056268,False,False,cross_arch_cross_kind
XceptionNet,Original,XceptionNet (Original),PGD,VGG16,Original,VGG16 (Original),Cifar100,0.1322,0.8678,0.9277,0.935431712838202,False,True,cross_arch_same_kind
XceptionNet,Original,XceptionNet (Original),PGD,RegNetX_400MF,Finetuned,RegNetX_400MF (Finetuned),Cifar100,0.0808,0.9192,0.9277,0.9908375552441523,False,False,cross_arch_cross_kind
XceptionNet,Original,XceptionNet (Original),PGD,RegNetX_400MF,Original,RegNetX_400MF (Original),Cifar100,0.0608,0.9392,0.9277,1.0123962487873235,False,True,cross_arch_same_kind
XceptionNet,Original,XceptionNet (Original),PGD,InceptionNet,Finetuned,InceptionNet (Finetuned),Cifar100,0.1665,0.8335,0.9277,0.8984585534116633,False,False,cross_arch_cross_kind
XceptionNet,Original,XceptionNet (Original),PGD,InceptionNet,Original,InceptionNet (Original),Cifar100,0.1482,0.8518,0.9277,0.9181847580036651,False,True,cross_arch_same_kind
XceptionNet,Original,XceptionNet (Original),PGD,MobileNet,Original,MobileNet (Original),Cifar100,0.0948,0.9052,0.9277,0.9757464697639323,False,True,cross_arch_same_kind
XceptionNet,Original,XceptionNet (Original),PGD,XceptionNet,Finetuned,XceptionNet (Finetuned),Cifar100,0.1678,0.8322,0.9277,0.8970572383313572,True,False,same_arch_cross_kind
XceptionNet,Original,XceptionNet (Original),PGD,XceptionNet,Original,XceptionNet (Original),Cifar100,0.0723,0.9277,0.9277,1.0,True,True,self_same_kind
XceptionNet,Original,XceptionNet (Original),PGD,ConvNeXt,Finetuned,ConvNeXt (Finetuned),Cifar100,0.0099,0.9901,0.9277,1.0672631238546944,False,False,cross_arch_cross_kind
XceptionNet,Original,XceptionNet (Original),PGD,ConvNeXt,Original,ConvNeXt (Original),Cifar100,0.1126,0.8874,0.9277,0.9565592325105099,False,True,cross_arch_same_kind
XceptionNet,Original,XceptionNet (Original),FGSM,VGG16,Finetuned,VGG16 (Finetuned),Cifar100,0.206,0.794,0.8498,0.934337491174394,False,False,cross_arch_cross_kind
XceptionNet,Original,XceptionNet (Original),FGSM,VGG16,Original,VGG16 (Original),Cifar100,0.1347,0.8653,0.8498,1.0182395857848905,False,True,cross_arch_same_kind
XceptionNet,Original,XceptionNet (Original),FGSM,RegNetX_400MF,Finetuned,RegNetX_400MF (Finetuned),Cifar100,0.0802,0.9198,0.8498,1.0823723228995057,False,False,cross_arch_cross_kind
XceptionNet,Original,XceptionNet (Original),FGSM,RegNetX_400MF,Original,RegNetX_400MF (Original),Cifar100,0.0625,0.9375,0.8498,1.1032007531183807,False,True,cross_arch_same_kind
XceptionNet,Original,XceptionNet (Original),FGSM,InceptionNet,Finetuned,InceptionNet (Finetuned),Cifar100,0.1709,0.8291,0.8498,0.9756413273711461,False,False,cross_arch_cross_kind
XceptionNet,Original,XceptionNet (Original),FGSM,InceptionNet,Original,InceptionNet (Original),Cifar100,0.1525,0.8475,0.8498,0.9972934808190163,False,True,cross_arch_same_kind
XceptionNet,Original,XceptionNet (Original),FGSM,MobileNet,Original,MobileNet (Original),Cifar100,0.0978,0.9022,0.8498,1.06166156742763,False,True,cross_arch_same_kind
XceptionNet,Original,XceptionNet (Original),FGSM,XceptionNet,Finetuned,XceptionNet (Finetuned),Cifar100,0.1793,0.8207,0.8498,0.9657566486232054,True,False,same_arch_cross_kind
XceptionNet,Original,XceptionNet (Original),FGSM,XceptionNet,Original,XceptionNet (Original),Cifar100,0.1502,0.8498,0.8498,1.0,True,True,self_same_kind
XceptionNet,Original,XceptionNet (Original),FGSM,ConvNeXt,Finetuned,ConvNeXt (Finetuned),Cifar100,0.0099,0.9901,0.8498,1.1650976700400093,False,False,cross_arch_cross_kind
XceptionNet,Original,XceptionNet (Original),FGSM,ConvNeXt,Original,ConvNeXt (Original),Cifar100,0.1136,0.8864,0.8498,1.0430689574017415,False,True,cross_arch_same_kind
XceptionNet,Original,XceptionNet (Original),BIM,VGG16,Finetuned,VGG16 (Finetuned),Cifar100,0.6165,0.38349999999999995,0.6878,0.5575748764175632,False,False,cross_arch_cross_kind
XceptionNet,Original,XceptionNet (Original),BIM,VGG16,Original,VGG16 (Original),Cifar100,0.4815,0.5185,0.6878,0.7538528642047106,False,True,cross_arch_same_kind
XceptionNet,Original,XceptionNet (Original),BIM,RegNetX_400MF,Finetuned,RegNetX_400MF (Finetuned),Cifar100,0.3334,0.6666000000000001,0.6878,0.9691770863623148,False,False,cross_arch_cross_kind
XceptionNet,Original,XceptionNet (Original),BIM,RegNetX_400MF,Original,RegNetX_400MF (Original),Cifar100,0.2825,0.7175,0.6878,1.0431811573131726,False,True,cross_arch_same_kind
XceptionNet,Original,XceptionNet (Original),BIM,InceptionNet,Finetuned,InceptionNet (Finetuned),Cifar100,0.519,0.481,0.6878,0.699331200930503,False,False,cross_arch_cross_kind
XceptionNet,Original,XceptionNet (Original),BIM,InceptionNet,Original,InceptionNet (Original),Cifar100,0.4916,0.5084,0.6878,0.7391683628961907,False,True,cross_arch_same_kind
XceptionNet,Original,XceptionNet (Original),BIM,MobileNet,Original,MobileNet (Original),Cifar100,0.3523,0.6476999999999999,0.6878,0.9416981680721139,False,True,cross_arch_same_kind
XceptionNet,Original,XceptionNet (Original),BIM,XceptionNet,Finetuned,XceptionNet (Finetuned),Cifar100,0.5122,0.4878,0.6878,0.7092177958708927,True,False,same_arch_cross_kind
XceptionNet,Original,XceptionNet (Original),BIM,XceptionNet,Original,XceptionNet (Original),Cifar100,0.3122,0.6878,0.6878,1.0,True,True,self_same_kind
XceptionNet,Original,XceptionNet (Original),BIM,ConvNeXt,Finetuned,ConvNeXt (Finetuned),Cifar100,0.008,0.992,0.6878,1.4422797324803722,False,False,cross_arch_cross_kind
XceptionNet,Original,XceptionNet (Original),BIM,ConvNeXt,Original,ConvNeXt (Original),Cifar100,0.3607,0.6393,0.6878,0.9294853154986915,False,True,cross_arch_same_kind
XceptionNet,Original,XceptionNet (Original),APGD,VGG16,Finetuned,VGG16 (Finetuned),Cifar100,0.3294,0.6706,0.957,0.7007314524555904,False,False,cross_arch_cross_kind
XceptionNet,Original,XceptionNet (Original),APGD,VGG16,Original,VGG16 (Original),Cifar100,0.2216,0.7784,0.957,0.8133751306165099,False,True,cross_arch_same_kind
XceptionNet,Original,XceptionNet (Original),APGD,RegNetX_400MF,Finetuned,RegNetX_400MF (Finetuned),Cifar100,0.1263,0.8737,0.957,0.9129571577847441,False,False,cross_arch_cross_kind
XceptionNet,Original,XceptionNet (Original),APGD,RegNetX_400MF,Original,RegNetX_400MF (Original),Cifar100,0.1105,0.8895,0.957,0.9294670846394985,False,True,cross_arch_same_kind
XceptionNet,Original,XceptionNet (Original),APGD,InceptionNet,Finetuned,InceptionNet (Finetuned),Cifar100,0.2304,0.7696000000000001,0.957,0.8041797283176595,False,False,cross_arch_cross_kind
XceptionNet,Original,XceptionNet (Original),APGD,InceptionNet,Original,InceptionNet (Original),Cifar100,0.2097,0.7903,0.957,0.8258098223615465,False,True,cross_arch_same_kind
XceptionNet,Original,XceptionNet (Original),APGD,MobileNet,Original,MobileNet (Original),Cifar100,0.142,0.858,0.957,0.896551724137931,False,True,cross_arch_same_kind
XceptionNet,Original,XceptionNet (Original),APGD,XceptionNet,Finetuned,XceptionNet (Finetuned),Cifar100,0.2293,0.7706999999999999,0.957,0.8053291536050157,True,False,same_arch_cross_kind
XceptionNet,Original,XceptionNet (Original),APGD,XceptionNet,Original,XceptionNet (Original),Cifar100,0.043,0.957,0.957,1.0,True,True,self_same_kind
XceptionNet,Original,XceptionNet (Original),APGD,ConvNeXt,Finetuned,ConvNeXt (Finetuned),Cifar100,0.0093,0.9907,0.957,1.03521421107628,False,False,cross_arch_cross_kind
XceptionNet,Original,XceptionNet (Original),APGD,ConvNeXt,Original,ConvNeXt (Original),Cifar100,0.1675,0.8325,0.957,0.8699059561128527,False,True,cross_arch_same_kind
XceptionNet,Original,XceptionNet (Original),CW,VGG16,Finetuned,VGG16 (Finetuned),Cifar100,0.2293,0.7706999999999999,0.9824,0.7845073289902279,False,False,cross_arch_cross_kind
XceptionNet,Original,XceptionNet (Original),CW,VGG16,Original,VGG16 (Original),Cifar100,0.1473,0.8527,0.9824,0.8679763843648208,False,True,cross_arch_same_kind
XceptionNet,Original,XceptionNet (Original),CW,RegNetX_400MF,Finetuned,RegNetX_400MF (Finetuned),Cifar100,0.0928,0.9072,0.9824,0.9234527687296417,False,False,cross_arch_cross_kind
XceptionNet,Original,XceptionNet (Original),CW,RegNetX_400MF,Original,RegNetX_400MF (Original),Cifar100,0.0723,0.9277,0.9824,0.9443200325732898,False,True,cross_arch_same_kind
XceptionNet,Original,XceptionNet (Original),CW,InceptionNet,Finetuned,InceptionNet (Finetuned),Cifar100,0.1848,0.8152,0.9824,0.8298045602605864,False,False,cross_arch_cross_kind
XceptionNet,Original,XceptionNet (Original),CW,InceptionNet,Original,InceptionNet (Original),Cifar100,0.166,0.834,0.9824,0.8489413680781758,False,True,cross_arch_same_kind
XceptionNet,Original,XceptionNet (Original),CW,MobileNet,Original,MobileNet (Original),Cifar100,0.1088,0.8912,0.9824,0.9071661237785016,False,True,cross_arch_same_kind
XceptionNet,Original,XceptionNet (Original),CW,XceptionNet,Finetuned,XceptionNet (Finetuned),Cifar100,0.1997,0.8003,0.9824,0.8146376221498371,True,False,same_arch_cross_kind
XceptionNet,Original,XceptionNet (Original),CW,XceptionNet,Original,XceptionNet (Original),Cifar100,0.0176,0.9824,0.9824,1.0,True,True,self_same_kind
XceptionNet,Original,XceptionNet (Original),CW,ConvNeXt,Finetuned,ConvNeXt (Finetuned),Cifar100,0.01,0.99,0.9824,1.0077361563517915,False,False,cross_arch_cross_kind
XceptionNet,Original,XceptionNet (Original),CW,ConvNeXt,Original,ConvNeXt (Original),Cifar100,0.1231,0.8769,0.9824,0.8926099348534202,False,True,cross_arch_same_kind
ConvNeXt,Finetuned,ConvNeXt (Finetuned),PGD,VGG16,Finetuned,VGG16 (Finetuned),Cifar10,0.5101,0.4899,0.9154,0.535175879396985,False,True,cross_arch_same_kind
ConvNeXt,Finetuned,ConvNeXt (Finetuned),PGD,VGG16,Original,VGG16 (Original),Cifar10,0.5248,0.47519999999999996,0.9154,0.5191173257592309,False,False,cross_arch_cross_kind
ConvNeXt,Finetuned,ConvNeXt (Finetuned),PGD,RegNetX_400MF,Finetuned,RegNetX_400MF (Finetuned),Cifar10,0.3473,0.6527000000000001,0.9154,0.7130216298885733,False,True,cross_arch_same_kind
ConvNeXt,Finetuned,ConvNeXt (Finetuned),PGD,RegNetX_400MF,Original,RegNetX_400MF (Original),Cifar10,0.2848,0.7152000000000001,0.9154,0.7812977933143982,False,False,cross_arch_cross_kind
ConvNeXt,Finetuned,ConvNeXt (Finetuned),PGD,InceptionNet,Finetuned,InceptionNet (Finetuned),Cifar10,0.4703,0.5297000000000001,0.9154,0.5786541402665503,False,True,cross_arch_same_kind
ConvNeXt,Finetuned,ConvNeXt (Finetuned),PGD,InceptionNet,Original,InceptionNet (Original),Cifar10,0.4697,0.5303,0.9154,0.579309591435438,False,False,cross_arch_cross_kind
ConvNeXt,Finetuned,ConvNeXt (Finetuned),PGD,MobileNet,Original,MobileNet (Original),Cifar10,0.3499,0.6501,0.9154,0.710181341490059,False,False,cross_arch_cross_kind
ConvNeXt,Finetuned,ConvNeXt (Finetuned),PGD,XceptionNet,Finetuned,XceptionNet (Finetuned),Cifar10,0.5161,0.4839,0.9154,0.5286213677081057,False,True,cross_arch_same_kind
ConvNeXt,Finetuned,ConvNeXt (Finetuned),PGD,XceptionNet,Original,XceptionNet (Original),Cifar10,0.4997,0.5003,0.9154,0.5465370329910422,False,False,cross_arch_cross_kind
ConvNeXt,Finetuned,ConvNeXt (Finetuned),PGD,ConvNeXt,Finetuned,ConvNeXt (Finetuned),Cifar10,0.0906,0.9094,0.9154,0.9934454883111208,True,True,self_same_kind
ConvNeXt,Finetuned,ConvNeXt (Finetuned),PGD,ConvNeXt,Original,ConvNeXt (Original),Cifar10,0.3579,0.6421,0.9154,0.7014419925715535,True,False,same_arch_cross_kind
ConvNeXt,Finetuned,ConvNeXt (Finetuned),FGSM,VGG16,Finetuned,VGG16 (Finetuned),Cifar10,0.509,0.491,0.9366,0.5242366004697844,False,True,cross_arch_same_kind
ConvNeXt,Finetuned,ConvNeXt (Finetuned),FGSM,VGG16,Original,VGG16 (Original),Cifar10,0.5244,0.4756,0.9366,0.5077941490497545,False,False,cross_arch_cross_kind
ConvNeXt,Finetuned,ConvNeXt (Finetuned),FGSM,RegNetX_400MF,Finetuned,RegNetX_400MF (Finetuned),Cifar10,0.346,0.654,0.9366,0.698270339525945,False,True,cross_arch_same_kind
ConvNeXt,Finetuned,ConvNeXt (Finetuned),FGSM,RegNetX_400MF,Original,RegNetX_400MF (Original),Cifar10,0.2841,0.7159,0.9366,0.7643604527012599,False,False,cross_arch_cross_kind
ConvNeXt,Finetuned,ConvNeXt (Finetuned),FGSM,InceptionNet,Finetuned,InceptionNet (Finetuned),Cifar10,0.4686,0.5314,0.9366,0.5673713431560965,False,True,cross_arch_same_kind
ConvNeXt,Finetuned,ConvNeXt (Finetuned),FGSM,InceptionNet,Original,InceptionNet (Original),Cifar10,0.4701,0.5299,0.9366,0.5657698056801196,False,False,cross_arch_cross_kind
ConvNeXt,Finetuned,ConvNeXt (Finetuned),FGSM,MobileNet,Original,MobileNet (Original),Cifar10,0.3518,0.6482,0.9366,0.6920777279521674,False,False,cross_arch_cross_kind
ConvNeXt,Finetuned,ConvNeXt (Finetuned),FGSM,XceptionNet,Finetuned,XceptionNet (Finetuned),Cifar10,0.5163,0.4837,0.9366,0.5164424514200299,False,True,cross_arch_same_kind
ConvNeXt,Finetuned,ConvNeXt (Finetuned),FGSM,XceptionNet,Original,XceptionNet (Original),Cifar10,0.5007,0.49929999999999997,0.9366,0.53309844117019,False,False,cross_arch_cross_kind
ConvNeXt,Finetuned,ConvNeXt (Finetuned),FGSM,ConvNeXt,Finetuned,ConvNeXt (Finetuned),Cifar10,0.0911,0.9089,0.9366,0.9704249412769592,True,True,self_same_kind
ConvNeXt,Finetuned,ConvNeXt (Finetuned),FGSM,ConvNeXt,Original,ConvNeXt (Original),Cifar10,0.3592,0.6408,0.9366,0.6841768097373478,True,False,same_arch_cross_kind
ConvNeXt,Finetuned,ConvNeXt (Finetuned),BIM,VGG16,Finetuned,VGG16 (Finetuned),Cifar10,0.8989,0.10109999999999997,0.9284,0.1088970271434726,False,True,cross_arch_same_kind
ConvNeXt,Finetuned,ConvNeXt (Finetuned),BIM,VGG16,Original,VGG16 (Original),Cifar10,0.9001,0.09989999999999999,0.9284,0.10760448082722963,False,False,cross_arch_cross_kind
ConvNeXt,Finetuned,ConvNeXt (Finetuned),BIM,RegNetX_400MF,Finetuned,RegNetX_400MF (Finetuned),Cifar10,0.7566,0.24339999999999995,0.9284,0.2621714778112882,False,True,cross_arch_same_kind
ConvNeXt,Finetuned,ConvNeXt (Finetuned),BIM,RegNetX_400MF,Original,RegNetX_400MF (Original),Cifar10,0.6788,0.32120000000000004,0.9284,0.3459715639810427,False,False,cross_arch_cross_kind
ConvNeXt,Finetuned,ConvNeXt (Finetuned),BIM,InceptionNet,Finetuned,InceptionNet (Finetuned),Cifar10,0.8469,0.1531,0.9284,0.1649073675140026,False,True,cross_arch_same_kind
ConvNeXt,Finetuned,ConvNeXt (Finetuned),BIM,InceptionNet,Original,InceptionNet (Original),Cifar10,0.8322,0.16779999999999995,0.9284,0.18074105988797926,False,False,cross_arch_cross_kind
ConvNeXt,Finetuned,ConvNeXt (Finetuned),BIM,MobileNet,Original,MobileNet (Original),Cifar10,0.7557,0.24429999999999996,0.9284,0.2631408875484704,False,False,cross_arch_cross_kind
ConvNeXt,Finetuned,ConvNeXt (Finetuned),BIM,XceptionNet,Finetuned,XceptionNet (Finetuned),Cifar10,0.8715,0.12849999999999995,0.9284,0.13841016803102105,False,True,cross_arch_same_kind
ConvNeXt,Finetuned,ConvNeXt (Finetuned),BIM,XceptionNet,Original,XceptionNet (Original),Cifar10,0.8565,0.14349999999999996,0.9284,0.15456699698405854,False,False,cross_arch_cross_kind
ConvNeXt,Finetuned,ConvNeXt (Finetuned),BIM,ConvNeXt,Finetuned,ConvNeXt (Finetuned),Cifar10,0.1179,0.8821,0.9284,0.9501292546316243,True,True,self_same_kind
ConvNeXt,Finetuned,ConvNeXt (Finetuned),BIM,ConvNeXt,Original,ConvNeXt (Original),Cifar10,0.7246,0.2754,0.9284,0.2966393795777682,True,False,same_arch_cross_kind
ConvNeXt,Finetuned,ConvNeXt (Finetuned),APGD,VGG16,Finetuned,VGG16 (Finetuned),Cifar10,0.892,0.10799999999999998,0.9924,0.10882708585247883,False,True,cross_arch_same_kind
ConvNeXt,Finetuned,ConvNeXt (Finetuned),APGD,VGG16,Original,VGG16 (Original),Cifar10,0.895,0.10499999999999998,0.9924,0.10580411124546553,False,False,cross_arch_cross_kind
ConvNeXt,Finetuned,ConvNeXt (Finetuned),APGD,RegNetX_400MF,Finetuned,RegNetX_400MF (Finetuned),Cifar10,0.7554,0.24460000000000004,0.9924,0.24647319629181788,False,True,cross_arch_same_kind
ConvNeXt,Finetuned,ConvNeXt (Finetuned),APGD,RegNetX_400MF,Original,RegNetX_400MF (Original),Cifar10,0.6857,0.3143,0.9924,0.3167069729947602,False,False,cross_arch_cross_kind
ConvNeXt,Finetuned,ConvNeXt (Finetuned),APGD,InceptionNet,Finetuned,InceptionNet (Finetuned),Cifar10,0.8412,0.15880000000000005,0.9924,0.16001612253123745,False,True,cross_arch_same_kind
ConvNeXt,Finetuned,ConvNeXt (Finetuned),APGD,InceptionNet,Original,InceptionNet (Original),Cifar10,0.8281,0.17190000000000005,0.9924,0.17321644498186223,False,False,cross_arch_cross_kind
ConvNeXt,Finetuned,ConvNeXt (Finetuned),APGD,MobileNet,Original,MobileNet (Original),Cifar10,0.7548,0.24519999999999997,0.9924,0.24707779121322046,False,False,cross_arch_cross_kind
ConvNeXt,Finetuned,ConvNeXt (Finetuned),APGD,XceptionNet,Finetuned,XceptionNet (Finetuned),Cifar10,0.8633,0.13670000000000004,0.9924,0.1377468762595728,False,True,cross_arch_same_kind
ConvNeXt,Finetuned,ConvNeXt (Finetuned),APGD,XceptionNet,Original,XceptionNet (Original),Cifar10,0.8463,0.15369999999999995,0.9924,0.15487706569931475,False,False,cross_arch_cross_kind
ConvNeXt,Finetuned,ConvNeXt (Finetuned),APGD,ConvNeXt,Finetuned,ConvNeXt (Finetuned),Cifar10,0.0987,0.9013,0.9924,0.9082023377670294,True,True,self_same_kind
ConvNeXt,Finetuned,ConvNeXt (Finetuned),APGD,ConvNeXt,Original,ConvNeXt (Original),Cifar10,0.7273,0.27270000000000005,0.9924,0.27478839177750913,True,False,same_arch_cross_kind
ConvNeXt,Finetuned,ConvNeXt (Finetuned),CW,VGG16,Finetuned,VGG16 (Finetuned),Cifar10,0.5163,0.4837,0.9987,0.4843296285170722,False,True,cross_arch_same_kind
ConvNeXt,Finetuned,ConvNeXt (Finetuned),CW,VGG16,Original,VGG16 (Original),Cifar10,0.5264,0.4736,0.9987,0.4742164814258536,False,False,cross_arch_cross_kind
ConvNeXt,Finetuned,ConvNeXt (Finetuned),CW,RegNetX_400MF,Finetuned,RegNetX_400MF (Finetuned),Cifar10,0.3496,0.6504,0.9987,0.6512466206067887,False,True,cross_arch_same_kind
ConvNeXt,Finetuned,ConvNeXt (Finetuned),CW,RegNetX_400MF,Original,RegNetX_400MF (Original),Cifar10,0.2879,0.7121,0.9987,0.7130269350155201,False,False,cross_arch_cross_kind
ConvNeXt,Finetuned,ConvNeXt (Finetuned),CW,InceptionNet,Finetuned,InceptionNet (Finetuned),Cifar10,0.4723,0.5277000000000001,0.9987,0.528386902973866,False,True,cross_arch_same_kind
ConvNeXt,Finetuned,ConvNeXt (Finetuned),CW,InceptionNet,Original,InceptionNet (Original),Cifar10,0.4711,0.5288999999999999,0.9987,0.5295884650045057,False,False,cross_arch_cross_kind
ConvNeXt,Finetuned,ConvNeXt (Finetuned),CW,MobileNet,Original,MobileNet (Original),Cifar10,0.353,0.647,0.9987,0.6478421948533093,False,False,cross_arch_cross_kind
ConvNeXt,Finetuned,ConvNeXt (Finetuned),CW,XceptionNet,Finetuned,XceptionNet (Finetuned),Cifar10,0.5167,0.48329999999999995,0.9987,0.48392910784019216,False,True,cross_arch_same_kind
ConvNeXt,Finetuned,ConvNeXt (Finetuned),CW,XceptionNet,Original,XceptionNet (Original),Cifar10,0.5028,0.4972,0.9987,0.49784720136177024,False,False,cross_arch_cross_kind
ConvNeXt,Finetuned,ConvNeXt (Finetuned),CW,ConvNeXt,Finetuned,ConvNeXt (Finetuned),Cifar10,0.0923,0.9077,0.9987,0.9088815460098126,True,True,self_same_kind
ConvNeXt,Finetuned,ConvNeXt (Finetuned),CW,ConvNeXt,Original,ConvNeXt (Original),Cifar10,0.3607,0.6393,0.9987,0.6401321718233703,True,False,same_arch_cross_kind
ConvNeXt,Finetuned,ConvNeXt (Finetuned),DeepFool,VGG16,Finetuned,VGG16 (Finetuned),Cifar10,0.8847,0.11529999999999996,0.9868,0.1168423186055938,False,True,cross_arch_same_kind
ConvNeXt,Finetuned,ConvNeXt (Finetuned),DeepFool,VGG16,Original,VGG16 (Original),Cifar10,0.888,0.11199999999999999,0.9868,0.11349817592217266,False,False,cross_arch_cross_kind
ConvNeXt,Finetuned,ConvNeXt (Finetuned),DeepFool,RegNetX_400MF,Finetuned,RegNetX_400MF (Finetuned),Cifar10,0.7538,0.24619999999999997,0.9868,0.24949331171463313,False,True,cross_arch_same_kind
ConvNeXt,Finetuned,ConvNeXt (Finetuned),DeepFool,RegNetX_400MF,Original,RegNetX_400MF (Original),Cifar10,0.6836,0.3164,0.9868,0.3206323469801378,False,False,cross_arch_cross_kind
ConvNeXt,Finetuned,ConvNeXt (Finetuned),DeepFool,InceptionNet,Finetuned,InceptionNet (Finetuned),Cifar10,0.8347,0.1653,0.9868,0.16751114714227808,False,True,cross_arch_same_kind
ConvNeXt,Finetuned,ConvNeXt (Finetuned),DeepFool,InceptionNet,Original,InceptionNet (Original),Cifar10,0.8226,0.1774,0.9868,0.17977300364815565,False,False,cross_arch_cross_kind
ConvNeXt,Finetuned,ConvNeXt (Finetuned),DeepFool,MobileNet,Original,MobileNet (Original),Cifar10,0.7476,0.25239999999999996,0.9868,0.255776246453182,False,False,cross_arch_cross_kind
ConvNeXt,Finetuned,ConvNeXt (Finetuned),DeepFool,XceptionNet,Finetuned,XceptionNet (Finetuned),Cifar10,0.8574,0.14259999999999995,0.9868,0.14450749898662338,False,True,cross_arch_same_kind
ConvNeXt,Finetuned,ConvNeXt (Finetuned),DeepFool,XceptionNet,Original,XceptionNet (Original),Cifar10,0.8441,0.15590000000000004,0.9868,0.15798540737738148,False,False,cross_arch_cross_kind
ConvNeXt,Finetuned,ConvNeXt (Finetuned),DeepFool,ConvNeXt,Finetuned,ConvNeXt (Finetuned),Cifar10,0.1005,0.8995,0.9868,0.9115322253749493,True,True,self_same_kind
ConvNeXt,Finetuned,ConvNeXt (Finetuned),DeepFool,ConvNeXt,Original,ConvNeXt (Original),Cifar10,0.722,0.278,0.9868,0.2817186866639643,True,False,same_arch_cross_kind
ConvNeXt,Original,ConvNeXt (Original),PGD,VGG16,Finetuned,VGG16 (Finetuned),Cifar10,0.5042,0.4958,0.8155,0.6079705702023299,False,False,cross_arch_cross_kind
ConvNeXt,Original,ConvNeXt (Original),PGD,VGG16,Original,VGG16 (Original),Cifar10,0.5137,0.48629999999999995,0.8155,0.5963212752912324,False,True,cross_arch_same_kind
ConvNeXt,Original,ConvNeXt (Original),PGD,RegNetX_400MF,Finetuned,RegNetX_400MF (Finetuned),Cifar10,0.3312,0.6688000000000001,0.8155,0.8201103617412631,False,False,cross_arch_cross_kind
ConvNeXt,Original,ConvNeXt (Original),PGD,RegNetX_400MF,Original,RegNetX_400MF (Original),Cifar10,0.2753,0.7247,0.8155,0.8886572654812999,False,True,cross_arch_same_kind
ConvNeXt,Original,ConvNeXt (Original),PGD,InceptionNet,Finetuned,InceptionNet (Finetuned),Cifar10,0.4547,0.5453,0.8155,0.6686695278969957,False,False,cross_arch_cross_kind
ConvNeXt,Original,ConvNeXt (Original),PGD,InceptionNet,Original,InceptionNet (Original),Cifar10,0.4529,0.5470999999999999,0.8155,0.6708767627222562,False,True,cross_arch_same_kind
ConvNeXt,Original,ConvNeXt (Original),PGD,MobileNet,Original,MobileNet (Original),Cifar10,0.338,0.6619999999999999,0.8155,0.8117719190680563,False,True,cross_arch_same_kind
ConvNeXt,Original,ConvNeXt (Original),PGD,XceptionNet,Finetuned,XceptionNet (Finetuned),Cifar10,0.4987,0.5013000000000001,0.8155,0.6147148988350706,False,False,cross_arch_cross_kind
ConvNeXt,Original,ConvNeXt (Original),PGD,XceptionNet,Original,XceptionNet (Original),Cifar10,0.4859,0.5141,0.8155,0.6304107909258124,False,True,cross_arch_same_kind
ConvNeXt,Original,ConvNeXt (Original),PGD,ConvNeXt,Finetuned,ConvNeXt (Finetuned),Cifar10,0.0919,0.9081,0.8155,1.1135499693439608,True,False,same_arch_cross_kind
ConvNeXt,Original,ConvNeXt (Original),PGD,ConvNeXt,Original,ConvNeXt (Original),Cifar10,0.1845,0.8155,0.8155,1.0,True,True,self_same_kind
ConvNeXt,Original,ConvNeXt (Original),FGSM,VGG16,Finetuned,VGG16 (Finetuned),Cifar10,0.4995,0.5005,0.7058,0.7091243978464153,False,False,cross_arch_cross_kind
ConvNeXt,Original,ConvNeXt (Original),FGSM,VGG16,Original,VGG16 (Original),Cifar10,0.5119,0.4881,0.7058,0.6915556814961745,False,True,cross_arch_same_kind
ConvNeXt,Original,ConvNeXt (Original),FGSM,RegNetX_400MF,Finetuned,RegNetX_400MF (Finetuned),Cifar10,0.3378,0.6622,0.7058,0.9382261263814112,False,False,cross_arch_cross_kind
ConvNeXt,Original,ConvNeXt (Original),FGSM,RegNetX_400MF,Original,RegNetX_400MF (Original),Cifar10,0.2776,0.7223999999999999,0.7058,1.023519410597903,False,True,cross_arch_same_kind
ConvNeXt,Original,ConvNeXt (Original),FGSM,InceptionNet,Finetuned,InceptionNet (Finetuned),Cifar10,0.4574,0.5426,0.7058,0.7687730235194106,False,False,cross_arch_cross_kind
ConvNeXt,Original,ConvNeXt (Original),FGSM,InceptionNet,Original,InceptionNet (Original),Cifar10,0.4574,0.5426,0.7058,0.7687730235194106,False,True,cross_arch_same_kind
ConvNeXt,Original,ConvNeXt (Original),FGSM,MobileNet,Original,MobileNet (Original),Cifar10,0.34,0.6599999999999999,0.7058,0.9351090960612071,False,True,cross_arch_same_kind
ConvNeXt,Original,ConvNeXt (Original),FGSM,XceptionNet,Finetuned,XceptionNet (Finetuned),Cifar10,0.4996,0.5004,0.7058,0.7089827146500425,False,False,cross_arch_cross_kind
ConvNeXt,Original,ConvNeXt (Original),FGSM,XceptionNet,Original,XceptionNet (Original),Cifar10,0.4878,0.5122,0.7058,0.7257013318220459,False,True,cross_arch_same_kind
ConvNeXt,Original,ConvNeXt (Original),FGSM,ConvNeXt,Finetuned,ConvNeXt (Finetuned),Cifar10,0.0914,0.9086,0.7058,1.287333522244262,True,False,same_arch_cross_kind
ConvNeXt,Original,ConvNeXt (Original),FGSM,ConvNeXt,Original,ConvNeXt (Original),Cifar10,0.2942,0.7058,0.7058,1.0,True,True,self_same_kind
ConvNeXt,Original,ConvNeXt (Original),BIM,VGG16,Finetuned,VGG16 (Finetuned),Cifar10,0.8938,0.10619999999999996,0.4539999999999999,0.23392070484581495,False,False,cross_arch_cross_kind
ConvNeXt,Original,ConvNeXt (Original),BIM,VGG16,Original,VGG16 (Original),Cifar10,0.8969,0.10309999999999997,0.4539999999999999,0.22709251101321584,False,True,cross_arch_same_kind
ConvNeXt,Original,ConvNeXt (Original),BIM,RegNetX_400MF,Finetuned,RegNetX_400MF (Finetuned),Cifar10,0.7446,0.25539999999999996,0.4539999999999999,0.5625550660792952,False,False,cross_arch_cross_kind
ConvNeXt,Original,ConvNeXt (Original),BIM,RegNetX_400MF,Original,RegNetX_400MF (Original),Cifar10,0.6655,0.3345,0.4539999999999999,0.7367841409691632,False,True,cross_arch_same_kind
ConvNeXt,Original,ConvNeXt (Original),BIM,InceptionNet,Finetuned,InceptionNet (Finetuned),Cifar10,0.8378,0.1622,0.4539999999999999,0.35726872246696045,False,False,cross_arch_cross_kind
ConvNeXt,Original,ConvNeXt (Original),BIM,InceptionNet,Original,InceptionNet (Original),Cifar10,0.8234,0.17659999999999998,0.4539999999999999,0.3889867841409692,False,True,cross_arch_same_kind
ConvNeXt,Original,ConvNeXt (Original),BIM,MobileNet,Original,MobileNet (Original),Cifar10,0.744,0.256,0.4539999999999999,0.563876651982379,False,True,cross_arch_same_kind
ConvNeXt,Original,ConvNeXt (Original),BIM,XceptionNet,Finetuned,XceptionNet (Finetuned),Cifar10,0.8635,0.13649999999999995,0.4539999999999999,0.3006607929515418,False,False,cross_arch_cross_kind
ConvNeXt,Original,ConvNeXt (Original),BIM,XceptionNet,Original,XceptionNet (Original),Cifar10,0.8499,0.1501,0.4539999999999999,0.3306167400881058,False,True,cross_arch_same_kind
ConvNeXt,Original,ConvNeXt (Original),BIM,ConvNeXt,Finetuned,ConvNeXt (Finetuned),Cifar10,0.1193,0.8807,0.4539999999999999,1.9398678414096922,True,False,same_arch_cross_kind
ConvNeXt,Original,ConvNeXt (Original),BIM,ConvNeXt,Original,ConvNeXt (Original),Cifar10,0.546,0.45399999999999996,0.4539999999999999,1.0000000000000002,True,True,self_same_kind
ConvNeXt,Original,ConvNeXt (Original),APGD,VGG16,Finetuned,VGG16 (Finetuned),Cifar10,0.6269,0.3731,0.8749,0.4264487369985141,False,False,cross_arch_cross_kind
ConvNeXt,Original,ConvNeXt (Original),APGD,VGG16,Original,VGG16 (Original),Cifar10,0.6351,0.3649,0.8749,0.4170762372842611,False,True,cross_arch_same_kind
ConvNeXt,Original,ConvNeXt (Original),APGD,RegNetX_400MF,Finetuned,RegNetX_400MF (Finetuned),Cifar10,0.4116,0.5884,0.8749,0.6725340038861585,False,False,cross_arch_cross_kind
ConvNeXt,Original,ConvNeXt (Original),APGD,RegNetX_400MF,Original,RegNetX_400MF (Original),Cifar10,0.3417,0.6583,0.8749,0.7524288490113156,False,True,cross_arch_same_kind
ConvNeXt,Original,ConvNeXt (Original),APGD,InceptionNet,Finetuned,InceptionNet (Finetuned),Cifar10,0.5424,0.4576,0.8749,0.5230312035661219,False,False,cross_arch_cross_kind
ConvNeXt,Original,ConvNeXt (Original),APGD,InceptionNet,Original,InceptionNet (Original),Cifar10,0.5398,0.46020000000000005,0.8749,0.5260029717682021,False,True,cross_arch_same_kind
ConvNeXt,Original,ConvNeXt (Original),APGD,MobileNet,Original,MobileNet (Original),Cifar10,0.4076,0.5924,0.8749,0.6771059549662819,False,True,cross_arch_same_kind
ConvNeXt,Original,ConvNeXt (Original),APGD,XceptionNet,Finetuned,XceptionNet (Finetuned),Cifar10,0.594,0.406,0.8749,0.46405303463252945,False,False,cross_arch_cross_kind
ConvNeXt,Original,ConvNeXt (Original),APGD,XceptionNet,Original,XceptionNet (Original),Cifar10,0.5743,0.42569999999999997,0.8749,0.4865698937021373,False,True,cross_arch_same_kind
ConvNeXt,Original,ConvNeXt (Original),APGD,ConvNeXt,Finetuned,ConvNeXt (Finetuned),Cifar10,0.0887,0.9113,0.8749,1.0416047548291234,True,False,same_arch_cross_kind
ConvNeXt,Original,ConvNeXt (Original),APGD,ConvNeXt,Original,ConvNeXt (Original),Cifar10,0.1251,0.8749,0.8749,1.0,True,True,self_same_kind
ConvNeXt,Original,ConvNeXt (Original),CW,VGG16,Finetuned,VGG16 (Finetuned),Cifar10,0.5088,0.49119999999999997,0.9968,0.49277688603531294,False,False,cross_arch_cross_kind
ConvNeXt,Original,ConvNeXt (Original),CW,VGG16,Original,VGG16 (Original),Cifar10,0.5202,0.4798,0.9968,0.4813402889245586,False,True,cross_arch_same_kind
ConvNeXt,Original,ConvNeXt (Original),CW,RegNetX_400MF,Finetuned,RegNetX_400MF (Finetuned),Cifar10,0.3389,0.6611,0.9968,0.6632223113964687,False,False,cross_arch_cross_kind
ConvNeXt,Original,ConvNeXt (Original),CW,RegNetX_400MF,Original,RegNetX_400MF (Original),Cifar10,0.2768,0.7232000000000001,0.9968,0.7255216693418941,False,True,cross_arch_same_kind
ConvNeXt,Original,ConvNeXt (Original),CW,InceptionNet,Finetuned,InceptionNet (Finetuned),Cifar10,0.4643,0.5357000000000001,0.9968,0.5374197431781702,False,False,cross_arch_cross_kind
ConvNeXt,Original,ConvNeXt (Original),CW,InceptionNet,Original,InceptionNet (Original),Cifar10,0.464,0.536,0.9968,0.5377207062600321,False,True,cross_arch_same_kind
ConvNeXt,Original,ConvNeXt (Original),CW,MobileNet,Original,MobileNet (Original),Cifar10,0.3445,0.6555,0.9968,0.6576043338683788,False,True,cross_arch_same_kind
ConvNeXt,Original,ConvNeXt (Original),CW,XceptionNet,Finetuned,XceptionNet (Finetuned),Cifar10,0.5093,0.4907,0.9968,0.4922752808988764,False,False,cross_arch_cross_kind
ConvNeXt,Original,ConvNeXt (Original),CW,XceptionNet,Original,XceptionNet (Original),Cifar10,0.497,0.503,0.9968,0.5046147672552167,False,True,cross_arch_same_kind
ConvNeXt,Original,ConvNeXt (Original),CW,ConvNeXt,Finetuned,ConvNeXt (Finetuned),Cifar10,0.092,0.908,0.9968,0.9109149277688604,True,False,same_arch_cross_kind
ConvNeXt,Original,ConvNeXt (Original),CW,ConvNeXt,Original,ConvNeXt (Original),Cifar10,0.0032,0.9968,0.9968,1.0,True,True,self_same_kind
ConvNeXt,Original,ConvNeXt (Original),DeepFool,VGG16,Finetuned,VGG16 (Finetuned),Cifar10,0.6085,0.39149999999999996,0.8544,0.4582162921348314,False,False,cross_arch_cross_kind
ConvNeXt,Original,ConvNeXt (Original),DeepFool,VGG16,Original,VGG16 (Original),Cifar10,0.6168,0.3832,0.8544,0.44850187265917596,False,True,cross_arch_same_kind
ConvNeXt,Original,ConvNeXt (Original),DeepFool,RegNetX_400MF,Finetuned,RegNetX_400MF (Finetuned),Cifar10,0.3903,0.6097,0.8544,0.7136001872659176,False,False,cross_arch_cross_kind
ConvNeXt,Original,ConvNeXt (Original),DeepFool,RegNetX_400MF,Original,RegNetX_400MF (Original),Cifar10,0.3119,0.6880999999999999,0.8544,0.8053604868913856,False,True,cross_arch_same_kind
ConvNeXt,Original,ConvNeXt (Original),DeepFool,InceptionNet,Finetuned,InceptionNet (Finetuned),Cifar10,0.5325,0.4675,0.8544,0.5471676029962547,False,False,cross_arch_cross_kind
ConvNeXt,Original,ConvNeXt (Original),DeepFool,InceptionNet,Original,InceptionNet (Original),Cifar10,0.5264,0.4736,0.8544,0.5543071161048689,False,True,cross_arch_same_kind
ConvNeXt,Original,ConvNeXt (Original),DeepFool,MobileNet,Original,MobileNet (Original),Cifar10,0.3849,0.6151,0.8544,0.7199204119850187,False,True,cross_arch_same_kind
ConvNeXt,Original,ConvNeXt (Original),DeepFool,XceptionNet,Finetuned,XceptionNet (Finetuned),Cifar10,0.583,0.41700000000000004,0.8544,0.488061797752809,False,False,cross_arch_cross_kind
ConvNeXt,Original,ConvNeXt (Original),DeepFool,XceptionNet,Original,XceptionNet (Original),Cifar10,0.5594,0.4406,0.8544,0.5156835205992509,False,True,cross_arch_same_kind
ConvNeXt,Original,ConvNeXt (Original),DeepFool,ConvNeXt,Finetuned,ConvNeXt (Finetuned),Cifar10,0.0865,0.9135,0.8544,1.0691713483146066,True,False,same_arch_cross_kind
ConvNeXt,Original,ConvNeXt (Original),DeepFool,ConvNeXt,Original,ConvNeXt (Original),Cifar10,0.1456,0.8544,0.8544,1.0,True,True,self_same_kind
ConvNeXt,Finetuned,ConvNeXt (Finetuned),PGD,VGG16,Finetuned,VGG16 (Finetuned),Cifar100,0.2221,0.7779,0.996,0.7810240963855422,False,True,cross_arch_same_kind
ConvNeXt,Finetuned,ConvNeXt (Finetuned),PGD,VGG16,Original,VGG16 (Original),Cifar100,0.1429,0.8571,0.996,0.8605421686746988,False,False,cross_arch_cross_kind
ConvNeXt,Finetuned,ConvNeXt (Finetuned),PGD,RegNetX_400MF,Finetuned,RegNetX_400MF (Finetuned),Cifar100,0.0853,0.9147,0.996,0.9183734939759036,False,True,cross_arch_same_kind
ConvNeXt,Finetuned,ConvNeXt (Finetuned),PGD,RegNetX_400MF,Original,RegNetX_400MF (Original),Cifar100,0.0642,0.9358,0.996,0.9395582329317269,False,False,cross_arch_cross_kind
ConvNeXt,Finetuned,ConvNeXt (Finetuned),PGD,InceptionNet,Finetuned,InceptionNet (Finetuned),Cifar100,0.1774,0.8226,0.996,0.8259036144578313,False,True,cross_arch_same_kind
ConvNeXt,Finetuned,ConvNeXt (Finetuned),PGD,InceptionNet,Original,InceptionNet (Original),Cifar100,0.1612,0.8388,0.996,0.8421686746987952,False,False,cross_arch_cross_kind
ConvNeXt,Finetuned,ConvNeXt (Finetuned),PGD,MobileNet,Original,MobileNet (Original),Cifar100,0.1023,0.8976999999999999,0.996,0.901305220883534,False,False,cross_arch_cross_kind
ConvNeXt,Finetuned,ConvNeXt (Finetuned),PGD,XceptionNet,Finetuned,XceptionNet (Finetuned),Cifar100,0.2016,0.7984,0.996,0.8016064257028113,False,True,cross_arch_same_kind
ConvNeXt,Finetuned,ConvNeXt (Finetuned),PGD,XceptionNet,Original,XceptionNet (Original),Cifar100,0.1989,0.8011,0.996,0.8043172690763053,False,False,cross_arch_cross_kind
ConvNeXt,Finetuned,ConvNeXt (Finetuned),PGD,ConvNeXt,Finetuned,ConvNeXt (Finetuned),Cifar100,0.0108,0.9892,0.996,0.9931726907630521,True,True,self_same_kind
ConvNeXt,Finetuned,ConvNeXt (Finetuned),PGD,ConvNeXt,Original,ConvNeXt (Original),Cifar100,0.1152,0.8848,0.996,0.8883534136546185,True,False,same_arch_cross_kind
ConvNeXt,Finetuned,ConvNeXt (Finetuned),FGSM,VGG16,Finetuned,VGG16 (Finetuned),Cifar100,0.223,0.777,0.9928,0.782634971796938,False,True,cross_arch_same_kind
ConvNeXt,Finetuned,ConvNeXt (Finetuned),FGSM,VGG16,Original,VGG16 (Original),Cifar100,0.1447,0.8553,0.9928,0.8615028203062046,False,False,cross_arch_cross_kind
ConvNeXt,Finetuned,ConvNeXt (Finetuned),FGSM,RegNetX_400MF,Finetuned,RegNetX_400MF (Finetuned),Cifar100,0.0849,0.9151,0.9928,0.9217365028203062,False,True,cross_arch_same_kind
ConvNeXt,Finetuned,ConvNeXt (Finetuned),FGSM,RegNetX_400MF,Original,RegNetX_400MF (Original),Cifar100,0.064,0.9359999999999999,0.9928,0.942788074133763,False,False,cross_arch_cross_kind
ConvNeXt,Finetuned,ConvNeXt (Finetuned),FGSM,InceptionNet,Finetuned,InceptionNet (Finetuned),Cifar100,0.1784,0.8216,0.9928,0.8275584206285254,False,True,cross_arch_same_kind
ConvNeXt,Finetuned,ConvNeXt (Finetuned),FGSM,InceptionNet,Original,InceptionNet (Original),Cifar100,0.1621,0.8379,0.9928,0.8439766317485898,False,False,cross_arch_cross_kind
ConvNeXt,Finetuned,ConvNeXt (Finetuned),FGSM,MobileNet,Original,MobileNet (Original),Cifar100,0.104,0.896,0.9928,0.9024979854955681,False,False,cross_arch_cross_kind
ConvNeXt,Finetuned,ConvNeXt (Finetuned),FGSM,XceptionNet,Finetuned,XceptionNet (Finetuned),Cifar100,0.2005,0.7995,0.9928,0.8052981466559226,False,True,cross_arch_same_kind
ConvNeXt,Finetuned,ConvNeXt (Finetuned),FGSM,XceptionNet,Original,XceptionNet (Original),Cifar100,0.1985,0.8015,0.9928,0.8073126510878323,False,False,cross_arch_cross_kind
ConvNeXt,Finetuned,ConvNeXt (Finetuned),FGSM,ConvNeXt,Finetuned,ConvNeXt (Finetuned),Cifar100,0.0099,0.9901,0.9928,0.9972804190169218,True,True,self_same_kind
ConvNeXt,Finetuned,ConvNeXt (Finetuned),FGSM,ConvNeXt,Original,ConvNeXt (Original),Cifar100,0.1154,0.8846,0.9928,0.8910153102336825,True,False,same_arch_cross_kind
ConvNeXt,Finetuned,ConvNeXt (Finetuned),BIM,VGG16,Finetuned,VGG16 (Finetuned),Cifar100,0.6371,0.3629,0.9983,0.3635179805669638,False,True,cross_arch_same_kind
ConvNeXt,Finetuned,ConvNeXt (Finetuned),BIM,VGG16,Original,VGG16 (Original),Cifar100,0.5004,0.49960000000000004,0.9983,0.5004507663027147,False,False,cross_arch_cross_kind
ConvNeXt,Finetuned,ConvNeXt (Finetuned),BIM,RegNetX_400MF,Finetuned,RegNetX_400MF (Finetuned),Cifar100,0.3445,0.6555,0.9983,0.6566162476209556,False,True,cross_arch_same_kind
ConvNeXt,Finetuned,ConvNeXt (Finetuned),BIM,RegNetX_400MF,Original,RegNetX_400MF (Original),Cifar100,0.2876,0.7123999999999999,0.9983,0.7136131423419814,False,False,cross_arch_cross_kind
ConvNeXt,Finetuned,ConvNeXt (Finetuned),BIM,InceptionNet,Finetuned,InceptionNet (Finetuned),Cifar100,0.5344,0.4656,0.9983,0.4663928678753882,False,True,cross_arch_same_kind
ConvNeXt,Finetuned,ConvNeXt (Finetuned),BIM,InceptionNet,Original,InceptionNet (Original),Cifar100,0.5085,0.49150000000000005,0.9983,0.49233697285385164,False,False,cross_arch_cross_kind
ConvNeXt,Finetuned,ConvNeXt (Finetuned),BIM,MobileNet,Original,MobileNet (Original),Cifar100,0.3637,0.6363,0.9983,0.6373835520384654,False,False,cross_arch_cross_kind
ConvNeXt,Finetuned,ConvNeXt (Finetuned),BIM,XceptionNet,Finetuned,XceptionNet (Finetuned),Cifar100,0.5599,0.44010000000000005,0.9983,0.4408494440548934,False,True,cross_arch_same_kind
ConvNeXt,Finetuned,ConvNeXt (Finetuned),BIM,XceptionNet,Original,XceptionNet (Original),Cifar100,0.5484,0.4516,0.9983,0.45236902734648904,False,False,cross_arch_cross_kind
ConvNeXt,Finetuned,ConvNeXt (Finetuned),BIM,ConvNeXt,Finetuned,ConvNeXt (Finetuned),Cifar100,0.0077,0.9923,0.9983,0.9939897826304718,True,True,self_same_kind
ConvNeXt,Finetuned,ConvNeXt (Finetuned),BIM,ConvNeXt,Original,ConvNeXt (Original),Cifar100,0.364,0.636,0.9983,0.637083041169989,True,False,same_arch_cross_kind
ConvNeXt,Finetuned,ConvNeXt (Finetuned),APGD,VGG16,Finetuned,VGG16 (Finetuned),Cifar100,0.674,0.32599999999999996,0.9999,0.32603260326032596,False,True,cross_arch_same_kind
ConvNeXt,Finetuned,ConvNeXt (Finetuned),APGD,VGG16,Original,VGG16 (Original),Cifar100,0.5451,0.45489999999999997,0.9999,0.45494549454945493,False,False,cross_arch_cross_kind
ConvNeXt,Finetuned,ConvNeXt (Finetuned),APGD,RegNetX_400MF,Finetuned,RegNetX_400MF (Finetuned),Cifar100,0.3968,0.6032,0.9999,0.6032603260326033,False,True,cross_arch_same_kind
ConvNeXt,Finetuned,ConvNeXt (Finetuned),APGD,RegNetX_400MF,Original,RegNetX_400MF (Original),Cifar100,0.3508,0.6492,0.9999,0.6492649264926492,False,False,cross_arch_cross_kind
ConvNeXt,Finetuned,ConvNeXt (Finetuned),APGD,InceptionNet,Finetuned,InceptionNet (Finetuned),Cifar100,0.5713,0.42869999999999997,0.9999,0.4287428742874287,False,True,cross_arch_same_kind
ConvNeXt,Finetuned,ConvNeXt (Finetuned),APGD,InceptionNet,Original,InceptionNet (Original),Cifar100,0.5456,0.4544,0.9999,0.45444544454445446,False,False,cross_arch_cross_kind
ConvNeXt,Finetuned,ConvNeXt (Finetuned),APGD,MobileNet,Original,MobileNet (Original),Cifar100,0.4225,0.5775,0.9999,0.5775577557755776,False,False,cross_arch_cross_kind
ConvNeXt,Finetuned,ConvNeXt (Finetuned),APGD,XceptionNet,Finetuned,XceptionNet (Finetuned),Cifar100,0.5987,0.4013,0.9999,0.40134013401340135,False,True,cross_arch_same_kind
ConvNeXt,Finetuned,ConvNeXt (Finetuned),APGD,XceptionNet,Original,XceptionNet (Original),Cifar100,0.5884,0.41159999999999997,0.9999,0.4116411641164116,False,False,cross_arch_cross_kind
ConvNeXt,Finetuned,ConvNeXt (Finetuned),APGD,ConvNeXt,Finetuned,ConvNeXt (Finetuned),Cifar100,0.0077,0.9923,0.9999,0.9923992399239924,True,True,self_same_kind
ConvNeXt,Finetuned,ConvNeXt (Finetuned),APGD,ConvNeXt,Original,ConvNeXt (Original),Cifar100,0.4079,0.5921000000000001,0.9999,0.5921592159215923,True,False,same_arch_cross_kind
ConvNeXt,Finetuned,ConvNeXt (Finetuned),DeepFool,VGG16,Finetuned,VGG16 (Finetuned),Cifar100,0.6729,0.32709999999999995,,,False,True,cross_arch_same_kind
ConvNeXt,Finetuned,ConvNeXt (Finetuned),DeepFool,VGG16,Original,VGG16 (Original),Cifar100,0.5445,0.4555,,,False,False,cross_arch_cross_kind
ConvNeXt,Finetuned,ConvNeXt (Finetuned),DeepFool,RegNetX_400MF,Finetuned,RegNetX_400MF (Finetuned),Cifar100,0.3961,0.6039,,,False,True,cross_arch_same_kind
ConvNeXt,Finetuned,ConvNeXt (Finetuned),DeepFool,RegNetX_400MF,Original,RegNetX_400MF (Original),Cifar100,0.3504,0.6496,,,False,False,cross_arch_cross_kind
ConvNeXt,Finetuned,ConvNeXt (Finetuned),DeepFool,InceptionNet,Finetuned,InceptionNet (Finetuned),Cifar100,0.5707,0.4293,,,False,True,cross_arch_same_kind
ConvNeXt,Finetuned,ConvNeXt (Finetuned),DeepFool,InceptionNet,Original,InceptionNet (Original),Cifar100,0.5448,0.45520000000000005,,,False,False,cross_arch_cross_kind
ConvNeXt,Finetuned,ConvNeXt (Finetuned),DeepFool,MobileNet,Original,MobileNet (Original),Cifar100,0.4224,0.5776,,,False,False,cross_arch_cross_kind
ConvNeXt,Finetuned,ConvNeXt (Finetuned),DeepFool,XceptionNet,Finetuned,XceptionNet (Finetuned),Cifar100,0.5971,0.40290000000000004,,,False,True,cross_arch_same_kind
ConvNeXt,Finetuned,ConvNeXt (Finetuned),DeepFool,XceptionNet,Original,XceptionNet (Original),Cifar100,0.5877,0.4123,,,False,False,cross_arch_cross_kind
ConvNeXt,Finetuned,ConvNeXt (Finetuned),DeepFool,ConvNeXt,Finetuned,ConvNeXt (Finetuned),Cifar100,0.0079,0.9921,,,True,True,self_same_kind
ConvNeXt,Finetuned,ConvNeXt (Finetuned),DeepFool,ConvNeXt,Original,ConvNeXt (Original),Cifar100,0.4095,0.5905,,,True,False,same_arch_cross_kind
ConvNeXt,Original,ConvNeXt (Original),PGD,VGG16,Finetuned,VGG16 (Finetuned),Cifar100,0.2213,0.7787,0.9527,0.8173611840033588,False,False,cross_arch_cross_kind
ConvNeXt,Original,ConvNeXt (Original),PGD,VGG16,Original,VGG16 (Original),Cifar100,0.1417,0.8583000000000001,0.9527,0.9009131940799833,False,True,cross_arch_same_kind
ConvNeXt,Original,ConvNeXt (Original),PGD,RegNetX_400MF,Finetuned,RegNetX_400MF (Finetuned),Cifar100,0.0839,0.9161,0.9527,0.9615828697386376,False,False,cross_arch_cross_kind
ConvNeXt,Original,ConvNeXt (Original),PGD,RegNetX_400MF,Original,RegNetX_400MF (Original),Cifar100,0.0628,0.9372,0.9527,0.9837304502991499,False,True,cross_arch_same_kind
ConvNeXt,Original,ConvNeXt (Original),PGD,InceptionNet,Finetuned,InceptionNet (Finetuned),Cifar100,0.174,0.8260000000000001,0.9527,0.867009551800147,False,False,cross_arch_cross_kind
ConvNeXt,Original,ConvNeXt (Original),PGD,InceptionNet,Original,InceptionNet (Original),Cifar100,0.1567,0.8432999999999999,0.9527,0.8851684685630313,False,True,cross_arch_same_kind
ConvNeXt,Original,ConvNeXt (Original),PGD,MobileNet,Original,MobileNet (Original),Cifar100,0.1029,0.8971,0.9527,0.9416395507504987,False,True,cross_arch_same_kind
ConvNeXt,Original,ConvNeXt (Original),PGD,XceptionNet,Finetuned,XceptionNet (Finetuned),Cifar100,0.1976,0.8024,0.9527,0.8422378503201428,False,False,cross_arch_cross_kind
ConvNeXt,Original,ConvNeXt (Original),PGD,XceptionNet,Original,XceptionNet (Original),Cifar100,0.1937,0.8063,0.9527,0.8463314789545503,False,True,cross_arch_same_kind
ConvNeXt,Original,ConvNeXt (Original),PGD,ConvNeXt,Finetuned,ConvNeXt (Finetuned),Cifar100,0.0097,0.9903,0.9527,1.0394667786291591,True,False,same_arch_cross_kind
ConvNeXt,Original,ConvNeXt (Original),PGD,ConvNeXt,Original,ConvNeXt (Original),Cifar100,0.0473,0.9527,0.9527,1.0,True,True,self_same_kind
ConvNeXt,Original,ConvNeXt (Original),FGSM,VGG16,Finetuned,VGG16 (Finetuned),Cifar100,0.218,0.782,0.9121,0.8573621313452472,False,False,cross_arch_cross_kind
ConvNeXt,Original,ConvNeXt (Original),FGSM,VGG16,Original,VGG16 (Original),Cifar100,0.1406,0.8593999999999999,0.9121,0.9422212476702115,False,True,cross_arch_same_kind
ConvNeXt,Original,ConvNeXt (Original),FGSM,RegNetX_400MF,Finetuned,RegNetX_400MF (Finetuned),Cifar100,0.0817,0.9183,0.9121,1.0067975002740928,False,False,cross_arch_cross_kind
ConvNeXt,Original,ConvNeXt (Original),FGSM,RegNetX_400MF,Original,RegNetX_400MF (Original),Cifar100,0.063,0.937,0.9121,1.027299638197566,False,True,cross_arch_same_kind
ConvNeXt,Original,ConvNeXt (Original),FGSM,InceptionNet,Finetuned,InceptionNet (Finetuned),Cifar100,0.1738,0.8262,0.9121,0.9058217300734569,False,False,cross_arch_cross_kind
ConvNeXt,Original,ConvNeXt (Original),FGSM,InceptionNet,Original,InceptionNet (Original),Cifar100,0.1558,0.8442000000000001,0.9121,0.9255564082885649,False,True,cross_arch_same_kind
ConvNeXt,Original,ConvNeXt (Original),FGSM,MobileNet,Original,MobileNet (Original),Cifar100,0.1012,0.8988,0.9121,0.9854182655410592,False,True,cross_arch_same_kind
ConvNeXt,Original,ConvNeXt (Original),FGSM,XceptionNet,Finetuned,XceptionNet (Finetuned),Cifar100,0.1963,0.8037,0.9121,0.8811533823045719,False,False,cross_arch_cross_kind
ConvNeXt,Original,ConvNeXt (Original),FGSM,XceptionNet,Original,XceptionNet (Original),Cifar100,0.1929,0.8071,0.9121,0.8848810437452034,False,True,cross_arch_same_kind
ConvNeXt,Original,ConvNeXt (Original),FGSM,ConvNeXt,Finetuned,ConvNeXt (Finetuned),Cifar100,0.0097,0.9903,0.9121,1.0857362131345247,True,False,same_arch_cross_kind
ConvNeXt,Original,ConvNeXt (Original),FGSM,ConvNeXt,Original,ConvNeXt (Original),Cifar100,0.0879,0.9121,0.9121,1.0,True,True,self_same_kind
ConvNeXt,Original,ConvNeXt (Original),BIM,VGG16,Finetuned,VGG16 (Finetuned),Cifar100,0.6335,0.36650000000000005,0.7839,0.4675341242505422,False,False,cross_arch_cross_kind
ConvNeXt,Original,ConvNeXt (Original),BIM,VGG16,Original,VGG16 (Original),Cifar100,0.4968,0.5032,0.7839,0.6419186120678657,False,True,cross_arch_same_kind
ConvNeXt,Original,ConvNeXt (Original),BIM,RegNetX_400MF,Finetuned,RegNetX_400MF (Finetuned),Cifar100,0.3385,0.6615,0.7839,0.843857634902411,False,False,cross_arch_cross_kind
ConvNeXt,Original,ConvNeXt (Original),BIM,RegNetX_400MF,Original,RegNetX_400MF (Original),Cifar100,0.2827,0.7173,0.7839,0.9150401836969001,False,True,cross_arch_same_kind
ConvNeXt,Original,ConvNeXt (Original),BIM,InceptionNet,Finetuned,InceptionNet (Finetuned),Cifar100,0.5294,0.4706,0.7839,0.6003316749585407,False,False,cross_arch_cross_kind
ConvNeXt,Original,ConvNeXt (Original),BIM,InceptionNet,Original,InceptionNet (Original),Cifar100,0.5024,0.49760000000000004,0.7839,0.6347748437300677,False,True,cross_arch_same_kind
ConvNeXt,Original,ConvNeXt (Original),BIM,MobileNet,Original,MobileNet (Original),Cifar100,0.3597,0.6403,0.7839,0.8168133690521749,False,True,cross_arch_same_kind
ConvNeXt,Original,ConvNeXt (Original),BIM,XceptionNet,Finetuned,XceptionNet (Finetuned),Cifar100,0.5541,0.44589999999999996,0.7839,0.5688225538971807,False,False,cross_arch_cross_kind
ConvNeXt,Original,ConvNeXt (Original),BIM,XceptionNet,Original,XceptionNet (Original),Cifar100,0.5421,0.4579,0.7839,0.5841306289067483,False,True,cross_arch_same_kind
ConvNeXt,Original,ConvNeXt (Original),BIM,ConvNeXt,Finetuned,ConvNeXt (Finetuned),Cifar100,0.0085,0.9915,0.7839,1.2648296976655184,True,False,same_arch_cross_kind
ConvNeXt,Original,ConvNeXt (Original),BIM,ConvNeXt,Original,ConvNeXt (Original),Cifar100,0.2161,0.7839,0.7839,1.0,True,True,self_same_kind
ConvNeXt,Original,ConvNeXt (Original),APGD,VGG16,Finetuned,VGG16 (Finetuned),Cifar100,0.4533,0.5467,0.9714,0.5627959645871937,False,False,cross_arch_cross_kind
ConvNeXt,Original,ConvNeXt (Original),APGD,VGG16,Original,VGG16 (Original),Cifar100,0.3252,0.6748000000000001,0.9714,0.6946674902203006,False,True,cross_arch_same_kind
ConvNeXt,Original,ConvNeXt (Original),APGD,RegNetX_400MF,Finetuned,RegNetX_400MF (Finetuned),Cifar100,0.1778,0.8222,0.9714,0.8464072472719786,False,False,cross_arch_cross_kind
ConvNeXt,Original,ConvNeXt (Original),APGD,RegNetX_400MF,Original,RegNetX_400MF (Original),Cifar100,0.1411,0.8589,0.9714,0.8841877702285361,False,True,cross_arch_same_kind
ConvNeXt,Original,ConvNeXt (Original),APGD,InceptionNet,Finetuned,InceptionNet (Finetuned),Cifar100,0.3432,0.6568,0.9714,0.6761375334568664,False,False,cross_arch_cross_kind
ConvNeXt,Original,ConvNeXt (Original),APGD,InceptionNet,Original,InceptionNet (Original),Cifar100,0.3188,0.6812,0.9714,0.7012559192917439,False,True,cross_arch_same_kind
ConvNeXt,Original,ConvNeXt (Original),APGD,MobileNet,Original,MobileNet (Original),Cifar100,0.2063,0.7937,0.9714,0.8170681490632077,False,True,cross_arch_same_kind
ConvNeXt,Original,ConvNeXt (Original),APGD,XceptionNet,Finetuned,XceptionNet (Finetuned),Cifar100,0.3788,0.6212,0.9714,0.6394893967469631,False,False,cross_arch_cross_kind
ConvNeXt,Original,ConvNeXt (Original),APGD,XceptionNet,Original,XceptionNet (Original),Cifar100,0.3713,0.6287,0.9714,0.6472102120650608,False,True,cross_arch_same_kind
ConvNeXt,Original,ConvNeXt (Original),APGD,ConvNeXt,Finetuned,ConvNeXt (Finetuned),Cifar100,0.0096,0.9904,0.9714,1.0195593988058471,True,False,same_arch_cross_kind
ConvNeXt,Original,ConvNeXt (Original),APGD,ConvNeXt,Original,ConvNeXt (Original),Cifar100,0.0286,0.9714,0.9714,1.0,True,True,self_same_kind
